u,v,key,length,flood_count,Degree,Mean Shortest Path Length,Closeness,bet,Eigenvector,Pagerank,district
129959876,129960045,0,16.433,0,5,27.363079777365492,0.036538813590350334,0.001964599721591902,1.725900638891316e-13,0.0002102976903352341,CARRAO
129959876,173947272,0,54.525999999999996,0,5,28.096103896103894,0.03558552014685878,0.009081139264803336,1.7237857775686462e-13,0.00020958859193230268,CARRAO
129959876,173946963,0,148.0,0,5,27.81743970315399,0.03594200192081955,0.002131088576287583,3.3996306151143263e-13,0.00020807363609216296,CARRAO
129960037,1666569390,0,49.322,0,4,30.084601113172543,0.03323342953698907,0.0005588153115395362,4.181118704511958e-11,0.00019223303361273292,CARRAO
129960037,7473933057,0,29.967,0,5,29.725417439703154,0.033635001872425414,0.04551517914497509,8.426345471893332e-11,0.00020744281432471317,CARRAO
129960037,129960039,0,53.486000000000004,0,6,29.473098330241186,0.03392295102606068,0.04120817806998186,5.4865215828194695e-11,0.0002346328712010255,CARRAO
129960039,180580943,0,152.732,0,5,29.491651205936922,0.03390161046804228,7.199940151473621e-05,2.948335773538924e-11,0.00019786595983943155,CARRAO
129960040,180580968,0,151.01500000000001,0,5,29.05009276437848,0.034416911482948016,0.006781219120104842,1.3236186329862327e-11,0.00019811299781898685,CARRAO
129960041,461992272,0,116.788,0,5,28.87569573283859,0.03462477512207659,0.005298906062021627,3.645876394705981e-12,0.0002145504718016139,CARRAO
129960041,129960043,0,150.001,0,5,28.44248608534323,0.03515214767946251,0.03440634306918299,3.642482611176942e-12,0.00020549693130858038,CARRAO
129960043,173946963,0,118.845,0,4,28.166419294990725,0.03549668350711712,0.0023310001466538784,9.13602977380747e-13,0.0001721846445872629,CARRAO
129960043,461992273,0,116.163,0,4,28.622448979591837,0.03493112947658402,0.032160930063592184,9.09561134748227e-13,0.0001745387972121103,CARRAO
129960045,135583649,0,401.711,0,4,26.82634508348794,0.0372698728854586,0.0004782259597356232,4.250300349752432e-14,0.00017827773790420073,CARRAO
135571292,2407119155,0,56.203,0,4,29.32708719851577,0.03409184364186167,0.0020723645524924833,1.1416754767008629e-14,0.0001731449285326942,CARRAO
135571292,173947272,0,174.232,0,4,29.000927643784788,0.0344752582925503,0.0020675229441476746,4.264485268900221e-14,0.00017345945321736085,CARRAO
135571292,173948294,0,185.12499999999997,0,5,28.95640074211503,0.034528271664263976,0.00028065710308455746,1.3896407946205058e-14,0.00020483725220751635,CARRAO
135571294,6941204632,0,86.779,0,4,26.49517625231911,0.037735716936607634,0.0023014819538419804,2.8979382896557906e-15,0.00018091115655953667,CARRAO
135571294,135571295,0,98.216,0,4,25.68979591836735,0.038918739347719326,0.001411875465711964,9.446228208003974e-15,0.0001788003300443657,CARRAO
135571294,6941204633,0,8.639,0,4,26.499072356215212,0.03773016873205909,0.003357889658496375,2.4654421148070857e-15,0.00018297820032723197,CARRAO
135571295,2061326895,0,392.722,0,5,25.47365491651206,0.03924896032861627,0.001293177970806976,1.2091353691693872e-14,0.00020990860018392358,CARRAO
135571789,461992289,0,179.305,0,4,26.267161410018552,0.038063285774826955,0.01095624732247345,3.726743038795589e-14,0.00017293830322493578,CARRAO
135571789,2357332920,0,101.726,0,5,26.339332096474955,0.03795899104734132,0.0019375804234095825,1.523204694126123e-14,0.00020929905087329614,CARRAO
135571789,2357332921,0,111.86800000000001,0,4,26.985157699443413,0.03705053282915091,0.00863008878416438,1.0681337450550395e-14,0.00017630649789893176,CARRAO
135583649,2413894501,0,518.612,0,4,26.289239332096475,0.03803131991051454,0.004114117645772628,1.1821505241666663e-14,0.00017987068071337103,CARRAO
135595332,2477092980,0,52.044,0,3,24.417810760667905,0.040946114336078775,0.0005575658642247469,2.9504788595602865e-13,0.00013677685846410638,CARRAO
135595332,135598076,0,340.27099999999996,0,3,25.044897959183672,0.039920884200545216,8.902312117874109e-05,5.875802250855641e-14,0.0001410774856778128,CARRAO
135596979,173951731,0,131.00300000000001,0,5,24.070686456400743,0.04153659984122213,0.0323580303775002,1.6101464981374025e-12,0.00019003183558997868,CARRAO
135596979,173949961,0,60.917,0,4,24.92133580705009,0.04011881541920403,0.03146592499474061,4.3333599763075143e-13,0.00016982754488394355,CARRAO
135596979,2477092980,0,138.105,0,4,24.2708719851577,0.04119400703256383,0.0008436892993115077,5.924267903278559e-13,0.0001681009039780159,CARRAO
135596982,173955538,0,76.787,0,4,24.02022263450835,0.04162386362758653,0.005190828869292349,1.6834890013618616e-12,0.00016306825236441422,CARRAO
135596982,173954554,0,42.647,0,4,24.534508348794063,0.040751355479768,0.00027378514285321604,2.0756524311221347e-12,0.00015436980847370678,CARRAO
135596982,462046832,0,54.497,0,5,23.911502782931354,0.04181311732346392,0.005144443137730795,1.885974441750855e-12,0.00018588284292887924,CARRAO
135596987,2407315876,0,9.564,0,4,24.180148423005566,0.04134856634261994,0.002394878140622484,1.4750257318310203e-11,0.00018068347748120963,CARRAO
135596987,173956325,0,94.145,0,4,23.801855287569573,0.04200573691266798,0.010704171326714699,2.0302107011722418e-11,0.00017190328833570354,CARRAO
135596987,461992375,0,117.98600000000002,0,4,23.633766233766234,0.042304491859388005,0.008993365590939384,1.1500958985801186e-11,0.00017273241216454328,CARRAO
135598076,2357332920,0,39.922999999999995,0,5,25.741558441558443,0.03884047943378956,0.0027061467029193807,1.9645020598076704e-14,0.00021280720642307367,CARRAO
155393945,8805172049,0,9.335,0,4,26.505936920222634,0.03772039729258681,0.047630649629827805,5.956468944600306e-16,0.0001687876596343772,CARRAO
155393945,1984335300,0,42.087,0,5,25.807235621521336,0.03874163377689593,0.020810013570559647,1.7230674841434048e-15,0.0001911499592527684,CARRAO
155399651,2477095786,0,43.834,1,4,23.440630797773654,0.04265305314812616,0.010035092289645003,4.091020663268844e-12,0.00016998241166229635,CARRAO
155399651,155403556,0,65.778,0,4,23.489981447124304,0.04256344235492967,0.0004910327947122141,1.2743243534213212e-11,0.0001663025023209088,CARRAO
155399651,2450912577,0,21.353,0,5,23.510575139146567,0.042526159625005916,0.009575920401459917,6.5806937257850215e-12,0.00019893654542567528,CARRAO
155399660,1266042951,0,229.207,0,4,24.220408163265308,0.04127983576921899,0.021173446558249,6.585191273154015e-14,0.00017610734043002157,CARRAO
155399660,7474565439,0,137.94,0,4,24.18627087198516,0.04133809947531527,0.0016580165867254657,1.0034401317765578e-13,0.0001700215219076412,CARRAO
155399660,1079950239,0,12.749,0,5,23.571799628942486,0.04241570380631553,0.02320660970123997,2.3650584357657434e-13,0.00019290757291930775,CARRAO
155399663,1266042940,0,6.512,0,4,24.401113172541745,0.040974133605024256,0.012021088796502672,3.232619302816862e-15,0.0001853757424827234,CARRAO
155399663,2476930122,0,134.71099999999998,0,4,23.76400742115028,0.04207263756167635,0.013757664383145518,1.2608794357355521e-14,0.00017724026483248947,CARRAO
155399663,1266042971,0,71.495,0,4,24.49647495361781,0.04081462631403557,0.024555856620298116,4.1379716783146004e-15,0.00018410056952411347,CARRAO
155399667,1984335300,0,105.687,0,5,25.024118738404454,0.03995403321470937,0.006213970039190477,2.185711403427276e-15,0.0001942982372947639,CARRAO
155399667,1266042835,0,93.337,0,4,25.05751391465677,0.039900784836369024,0.0034870512746627237,1.1585761638936913e-15,0.00017330028654269852,CARRAO
155399667,2477104854,0,170.267,0,4,24.463265306122448,0.04087003344532334,0.0030092938576701464,3.76790939103329e-15,0.000165823595014804,CARRAO
155400185,663863935,0,39.047,0,4,28.179035250463823,0.03548079138822135,0.04844919380192918,5.402694570159487e-17,0.0001756033799629647,CARRAO
155400185,8805172049,0,66.00200000000001,0,4,27.322448979591837,0.03659314990357715,0.04765345204332271,1.6893257333150845e-16,0.00017765470752077267,CARRAO
155400185,1266042853,0,199.174,0,4,27.50278293135436,0.03635321100917431,0.0006523676792343887,7.133046781894018e-17,0.0001798447322742532,CARRAO
155400188,663863933,0,56.92,0,5,29.588311688311688,0.03379085909920304,0.04684412254516791,3.960157775729473e-17,0.00020364674999280712,CARRAO
155400188,1266042926,0,61.804,0,5,28.933024118738405,0.034556169003969246,0.04400490970322347,4.1741833311966836e-17,0.00020391538101935128,CARRAO
155400188,1266042850,0,74.997,0,5,29.43896103896104,0.03396228793264262,0.0005456961147342481,5.819000081749595e-17,0.00020025163135330907,CARRAO
155402556,1079950239,0,15.245,9,6,23.07495361781076,0.043328991589882127,0.019896823764362984,4.4265993579842286e-13,0.00021476169911218164,CARRAO
155402556,1079949994,0,27.646,0,5,23.13821892393321,0.043210519985567096,0.032522332699395,5.888819143042947e-13,0.00018357097707142518,CARRAO
155402556,173909553,0,84.778,0,5,23.380705009276436,0.04276237482344353,0.04034902686014983,4.744686685440142e-13,0.00018984527436892562,CARRAO
155402556,2492723686,0,13.721,0,6,22.71818181818182,0.04400944051089824,0.05257533737810666,4.787806484883517e-13,0.00021046697322418034,CARRAO
155403116,155403117,0,13.595,5,6,22.699628942486086,0.04404541033583706,0.047707646820601704,2.0526949228715167e-12,0.00022293595615885801,CARRAO
155403116,2477097619,0,195.03799999999998,0,5,22.53209647495362,0.04437290033594625,0.0032980723683008347,9.466502491446548e-13,0.00018812208826915163,CARRAO
155403116,2477095823,0,318.919,0,5,22.489053803339516,0.04445782734952482,0.007160582561057757,1.3905021375803474e-12,0.0001905326580855143,CARRAO
155403117,3901559369,0,45.235,0,5,23.244155844155845,0.043013584917708285,0.04736998368377988,4.1120022999663045e-12,0.0001923999163673937,CARRAO
155403117,1079950149,0,113.24,0,5,23.396474953617812,0.042733551666441986,0.0013367524459102543,1.963260864607307e-12,0.00019586331200276697,CARRAO
155403117,173959898,0,113.66300000000001,0,5,23.394063079777364,0.04273795739686266,0.0013273815910493343,2.2469585323867636e-12,0.0001987748869465785,CARRAO
155403118,173910201,0,75.361,0,5,24.179591836734694,0.04134951813884967,0.03336805235059304,1.592508386177376e-11,0.00017490368257310062,CARRAO
155403118,173910246,0,67.487,0,5,24.039332096474954,0.0415907757848918,0.0334314618018186,1.9705748966856602e-11,0.0001750978148191188,CARRAO
155403118,173909951,0,46.15800000000001,0,7,23.824675324675326,0.04196550247245259,0.04723535573561133,2.562740335175531e-11,0.00023368630829395234,CARRAO
155403118,3901559369,0,110.35900000000001,0,5,23.59461966604824,0.042374680558285825,0.0470507498948512,1.2352033573262942e-11,0.00018282659639434385,CARRAO
155403556,6940426807,0,25.444,0,5,23.69925788497217,0.04218758562381105,0.0028567051043514972,4.8126975304104556e-11,0.00019554597849845236,CARRAO
155403556,155403557,0,23.84,0,4,23.867717996289425,0.041889822537641765,0.002026447363673975,1.3508608981647493e-11,0.0001653834434853018,CARRAO
155403557,155403805,0,50.944,0,4,23.874025974025972,0.04187875443927231,0.00020225428408152582,8.43375848945454e-12,0.0001656558152655974,CARRAO
155403557,2450912577,0,40.683,0,5,23.512801484230057,0.042522132971420455,0.0016936258351969622,7.34605786138099e-12,0.00019793544892351172,CARRAO
155403558,2450912577,0,13.166,5,6,22.798144712430428,0.043855080483716086,0.0025880739316717872,5.012870937665819e-12,0.000227679451509184,CARRAO
155403558,2477095823,0,200.886,0,5,22.48404452690167,0.04446773221992095,4.982171167722528e-05,2.173043215687488e-12,0.00019361043974103898,CARRAO
155403558,2477092989,0,598.686,0,5,22.572541743970316,0.04429339338845692,0.00012291437959240217,2.3202950039192836e-12,0.0001922836473533113,CARRAO
155403805,2450912577,0,30.012999999999998,0,5,23.308719851576996,0.04289443940334623,0.0094898647176538,8.146826919727076e-12,0.0001981606032029428,CARRAO
155403805,173956325,0,179.303,0,4,23.564192949907234,0.04242939587909709,0.009538436982016237,1.8853136294311514e-11,0.00016674234467089873,CARRAO
173888102,2357332877,0,23.152,0,5,26.835807050092765,0.037256731999032115,0.032096271165051836,2.6025636947472165e-11,0.00020230542674959292,CARRAO
173888102,180582669,0,137.85399999999998,0,5,27.179962894248607,0.03678498293515358,0.05177662818212756,2.7389494001706025e-11,0.00019813870062015038,CARRAO
173888102,2357332876,0,75.259,0,5,26.886456400742116,0.037186546874784364,0.02183877725337433,7.024737585266006e-11,0.00019442220801673104,CARRAO
173888102,2061326936,0,42.378,0,5,27.180148423005566,0.03678473184483382,0.04143073587292871,2.771127595056367e-11,0.00020118983996723853,CARRAO
173888103,461992607,0,80.533,0,5,28.173283858998143,0.03548803455951111,0.0010125208677224185,9.769952147687157e-10,0.00019715212613217136,CARRAO
173888103,2357332773,0,60.851000000000006,0,5,28.1582560296846,0.035506974231253256,0.021225454802727108,2.5880163708283764e-09,0.00019429944313178904,CARRAO
173888103,461988003,0,109.21,0,6,27.935807050092766,0.035789711371153055,0.02030648630269954,1.1593742190653005e-09,0.00022114480411595703,CARRAO
173888103,461987971,0,220.26999999999998,0,5,28.041929499072356,0.03565426805869821,0.00025129509118700777,1.1060166780074013e-09,0.0001922696952950095,CARRAO
173888105,461992654,0,112.96000000000001,0,5,29.98404452690167,0.03334488348781665,0.006493690056788942,7.181332575172286e-10,0.00019820256452246848,CARRAO
173888105,4285960839,0,56.967999999999996,0,6,30.365120593692023,0.032926412004790184,0.009703364027568431,9.66498005993565e-10,0.0002271711937168149,CARRAO
173888105,180581721,0,79.01599999999999,0,5,29.917068645640075,0.03341953328000099,0.014279308637070071,4.153867686463512e-10,0.0002021882771325356,CARRAO
173888105,7934375829,0,85.993,0,5,29.932096474953617,0.033402754534072175,0.010267489490195821,4.519945977934839e-10,0.00019921804633336952,CARRAO
173889242,2061326901,0,27.384,0,4,28.144897959183673,0.03552382647444644,0.0426164613746638,7.278902096089789e-15,0.00017055837583965073,CARRAO
173889242,173948294,0,20.237,0,5,28.786456400742114,0.03473211350936781,0.0029224572692922867,9.710769966405308e-15,0.00020367396070983398,CARRAO
173889242,173963331,0,38.423,0,4,28.4556586270872,0.0351358752347173,0.04595529696160964,1.87730067192871e-14,0.00017146657140905674,CARRAO
173889245,173963334,0,81.452,0,5,28.482931354359927,0.035102232238817636,0.07736359119895558,1.629353508969248e-11,0.00020886874062492418,CARRAO
173889245,173964953,0,41.829,0,4,28.320964749536177,0.03530298067474615,0.026475476238557602,3.07648645038983e-11,0.00016488743080208913,CARRAO
173889245,173965001,0,44.492000000000004,0,5,28.043228200371058,0.03565261688487824,0.05127263237152441,2.0464737911881362e-11,0.00019947786739178499,CARRAO
173889247,2061326939,0,30.089,0,4,26.55974025974026,0.03764398527490797,0.046114913856073976,3.423178441629526e-11,0.00016920057000597178,CARRAO
173889247,173906808,0,142.749,0,5,25.81113172541744,0.038735785857017584,0.04824522152778982,8.521173586575263e-11,0.0002000398445502486,CARRAO
173889247,7299779028,0,18.081,0,4,26.30204081632653,0.03801280966085435,0.0019888077633159456,5.651593707562007e-11,0.00016586335126435976,CARRAO
173889249,6940970002,0,7.528,0,4,26.101298701298703,0.03830516184979316,0.0489864561472886,4.860399277059882e-10,0.00017336569469517083,CARRAO
173889249,666983188,0,148.42,0,5,26.304823747680892,0.03800878807755514,0.04016239066750317,1.4122240631893212e-09,0.0001916581765838736,CARRAO
173889249,2411615271,0,145.376,0,4,26.382003710575137,0.03789759421655567,0.008762217837703354,9.465437887634351e-10,0.0001608337829860507,CARRAO
173890846,2357332896,0,30.086,0,4,28.967717996289426,0.03451478198493621,0.018455898648582165,1.2147045659915587e-13,0.00018094205249707178,CARRAO
173890846,2357332899,0,16.506,0,4,28.862152133580704,0.03464102283903399,0.01780806021586389,5.670239191739082e-14,0.00017706562250859866,CARRAO
173890846,9505856671,0,13.437,0,4,29.161595547309833,0.03428531438278164,0.00684478475224475,3.950217755344234e-14,0.00017761399750748137,CARRAO
173890847,180582882,0,95.636,0,5,28.394805194805194,0.03521117557890335,0.0010949843904985155,4.981462943089975e-14,0.00020981830841505778,CARRAO
173890847,461992301,0,88.138,0,5,28.616141001855286,0.03493882949410338,0.0004822866635086886,2.6459539197648102e-14,0.00020898349856240576,CARRAO
173890847,2357332899,0,75.31800000000001,0,5,28.42430426716141,0.03517463301285189,0.017972674899587385,4.8071772602833475e-14,0.00021011002654018659,CARRAO
173890847,8943369624,0,13.286000000000001,0,5,28.118552875695734,0.03555710977243186,0.019187918594134375,2.7025753708709018e-14,0.00021364499385352647,CARRAO
173901813,2357332852,0,136.52,0,5,30.58812615955473,0.032686358949475344,0.002886067116249047,1.2902625909953174e-08,0.00018843062802591186,CARRAO
173901814,2357332858,0,59.393,0,5,30.271243042671614,0.033028523798433455,0.004070074627926304,2.8869034017046167e-08,0.00019618201955405012,CARRAO
173901814,2357332845,0,53.724000000000004,0,5,29.93840445269017,0.033395716622874425,0.008211055390966903,2.092176860353128e-08,0.00019944246294150916,CARRAO
173901814,2357332787,0,72.495,0,5,29.551020408163264,0.033833500753390255,0.004880497392481545,5.4053386261893414e-08,0.0001934541659411925,CARRAO
173901814,2357332852,0,91.69900000000001,0,5,30.1278293135436,0.03318574533989371,0.0025683951364638548,2.185491919084855e-08,0.0001948154856252796,CARRAO
173902554,433729161,0,93.465,0,4,30.882931354359926,0.0323743384256784,0.0398130139621052,2.184479478915372e-05,0.00016957481701249382,CARRAO
173902554,2385867014,0,123.06099999999999,0,4,30.71725417439703,0.03254895328751072,0.03445054226794367,6.784821549822273e-05,0.00017206224583330982,CARRAO
173902554,433729482,0,105.168,0,4,30.368460111317255,0.03292279119778112,0.006306429140484889,2.1966846497792915e-05,0.0001674054268494153,CARRAO
173902555,433729325,0,121.52799999999999,0,5,29.445454545454545,0.03395479834416014,0.011262986638254235,2.0823560361810558e-06,0.0001947708878518497,CARRAO
173902556,4285960839,0,114.864,0,6,30.66178107606679,0.03260784064574295,0.03727960335045545,2.1883427932534185e-09,0.00022215441633685566,CARRAO
173902556,9627317820,0,173.88299999999998,0,5,30.669016697588127,0.032600147605047605,0.0018276290597081198,2.4575368206003525e-09,0.0001919600325945993,CARRAO
173903600,2357332817,0,71.448,0,2,28.295361781076068,0.03533492446496014,0.0005588153115395362,3.751340609521939e-09,0.00010534840398011792,CARRAO
173903600,433729613,0,81.658,0,4,28.094063079777367,0.03558810515958184,0.006673141927375562,1.3828122130888182e-08,0.00018560962862036135,CARRAO
173903600,7280055631,0,8.576,0,4,27.478664192949907,0.036385119168185806,0.007149493716139002,7.45760008930922e-09,0.00017883288102385505,CARRAO
173904039,2913647719,0,11.834,0,4,28.925231910946195,0.03456547813760768,0.024258956702121297,5.225855847641139e-08,0.00018388742596864424,CARRAO
173904039,433729775,0,121.05,0,4,28.51892393320965,0.03505793113318631,0.018565381469540582,3.68030733644154e-08,0.0001774321067437475,CARRAO
173904039,2913647720,0,40.306999999999995,0,4,28.77643784786642,0.03474420553818381,0.005872870922252985,4.911053197206131e-08,0.0001819385179299136,CARRAO
173904040,666983165,0,162.135,0,4,30.485714285714284,0.03279616353655716,0.0009733194582209027,3.8234629398655324e-08,0.00020070632493848924,CARRAO
173904040,2357332815,0,28.649,0,4,30.394619666048236,0.03289445573684435,0.010895024404048772,9.623453687026878e-08,0.00019146309378351837,CARRAO
173904040,2913647719,0,22.664,0,4,29.6,0.033777515920373063,0.011375436896585276,5.953371087726524e-08,0.00018947457297097042,CARRAO
173904042,666983169,0,34.708,0,4,29.977179962894247,0.03335251923231648,0.026889355661581574,1.2813394644439426e-06,0.00018068643510578517,CARRAO
173904042,173905689,0,96.211,0,4,30.726901669758814,0.03253873371251917,0.02416212453522512,4.7003375228451295e-07,0.00018458340637797374,CARRAO
173904042,2357332815,0,42.065,0,4,30.56679035250464,0.032709174228399744,0.010737125499642269,3.4399663172700204e-07,0.00018722517703314632,CARRAO
173905222,2407427919,0,25.485999999999997,0,4,28.82430426716141,0.0346865083707189,0.0013027050065822447,4.06177440991189e-07,0.00016918126670809568,CARRAO
173905222,9627043916,0,125.06400000000001,0,4,29.19443413729128,0.03424674945029805,0.008426428871853716,1.0085420791827288e-06,0.0001701871792811975,CARRAO
173905222,433729446,0,38.628,0,4,29.040630797773655,0.03442812513975046,0.009227793143376734,2.7503083973854446e-07,0.00017429997929126174,CARRAO
173905227,433729482,0,61.34,0,5,30.179591836734694,0.033128826812894974,0.006398575879950603,2.4007483649977824e-05,0.0001989740751702794,CARRAO
173905227,2385867059,0,163.623,0,5,30.39016697588126,0.03289927534904733,0.014904500837207792,5.826055323033916e-05,0.00019960778275984363,CARRAO
173905227,666983109,0,48.593,0,5,30.694063079777365,0.03257354585622669,0.017382623405178117,2.314820639627533e-05,0.0002025251008960399,CARRAO
173905227,6955104197,0,60.120999999999995,0,5,30.289239332096475,0.033008899968761295,0.00399073472343718,2.1903797862169413e-05,0.00020126741868574337,CARRAO
173905687,667546522,0,22.017,0,4,28.09165120593692,0.035591160658855855,0.03360966422509044,4.411841800465373e-07,0.00016611583527782005,CARRAO
173905687,2061326962,0,121.715,0,5,28.586827458256028,0.03497465651629317,0.03320281294321215,1.4547457653046855e-06,0.00020669179348867204,CARRAO
173905687,2407326357,0,54.053000000000004,0,4,28.79294990723562,0.03472428057785739,0.025533236782292083,6.599357674803672e-07,0.00016650646828299267,CARRAO
173905689,2407428424,0,13.388,0,4,31.553246753246754,0.031686579801495834,0.020785493167006907,2.977203910696213e-07,0.0001855769372378923,CARRAO
173905689,666983160,0,45.616,0,4,31.355658627087198,0.03188625323211464,0.003029597376535473,7.439921509573703e-07,0.00018483394675167648,CARRAO
173906299,433728978,0,116.681,0,6,26.069016697588125,0.038352596219539965,0.019924467786202698,3.19228312481842e-08,0.0002125591979941814,CARRAO
173906299,2357332820,0,55.628,0,5,26.67643784786642,0.037479309529439585,0.01649520344984898,3.446876077859831e-08,0.00019478916945116375,CARRAO
173906299,433729915,0,114.94800000000001,0,6,25.994063079777366,0.038463185542581435,0.0054318160201323445,4.390007193233412e-08,0.00021007276977647073,CARRAO
173906299,666983170,0,126.652,0,3,26.74916512059369,0.03737740848118298,0.0005588153115395362,1.9437517503892433e-08,0.00012069100811946823,CARRAO
173906301,173967745,0,7.887,0,6,25.569387755102042,0.039102010608116446,0.015963251255577415,3.2004462785523165e-09,0.00020899747526907306,CARRAO
173906301,2411615271,0,92.52099999999999,0,5,25.841187384044527,0.03869073260388846,0.009050215443762298,1.8552117882414719e-09,0.00018535904437405262,CARRAO
173906301,1079950285,0,115.93799999999999,0,6,25.271799628942485,0.03956245641082113,0.008849210606995563,3.0873077030770385e-09,0.0002076488483260363,CARRAO
173906301,2407326988,0,55.685,0,5,25.46883116883117,0.039256394006279276,0.01652003621523042,1.6751093159813954e-09,0.00019354373602730794,CARRAO
173906303,2477151300,0,31.27,0,4,24.624489795918368,0.04060244413302593,0.0605529023021223,1.1497874019908542e-11,0.00016177282989959755,CARRAO
173906303,6386141002,0,42.855999999999995,0,4,24.62152133580705,0.04060733931128024,0.013084368461388407,2.0385063595377166e-11,0.00016255874777341045,CARRAO
173906303,461992336,0,45.894,0,5,24.239517625231912,0.04124729240495672,0.04773154250049705,3.005816885456509e-11,0.00019262449779919338,CARRAO
173906808,2357332836,0,137.58100000000002,0,6,25.486641929499072,0.03922896056721481,0.01007054535720215,1.7442881751632197e-10,0.0002277758609848285,CARRAO
173906808,433729068,0,92.50800000000001,0,5,25.51873840445269,0.03917961990897591,0.04545504949295085,1.24545418219645e-10,0.00020427571637301494,CARRAO
173906808,2407326954,0,117.004,0,5,25.302968460111316,0.0395137223847547,0.014612130165547084,9.378343892623705e-11,0.00020061946424806276,CARRAO
173906809,173965512,0,78.97,0,4,26.802411873840445,0.03730315301284048,0.02952522095304405,5.403310447199069e-10,0.00016981085019999092,CARRAO
173906809,180582232,0,67.28,0,4,26.961410018552876,0.03708316703596152,0.027423025845910973,2.7612982957642694e-10,0.00017175441008325843,CARRAO
173906809,2357332808,0,48.195,0,5,26.39369202226345,0.03788081146054463,0.002272744665601825,2.4366407797909705e-10,0.00019752259630887405,CARRAO
173907534,461992381,0,61.607,0,5,24.294619666048238,0.04115374041604301,0.013495748989782801,1.2770805911123115e-10,0.00019561449746538753,CARRAO
173907534,461992577,0,36.457,0,5,24.458627087198515,0.040877783846107164,0.007551503389672475,1.464332703548342e-10,0.00019266335586134623,CARRAO
173907534,461992593,0,100.18400000000001,0,5,24.463265306122448,0.04087003344532334,0.01527761704158676,3.5276407880288696e-10,0.00019064033437690746,CARRAO
173907534,2407166150,0,157.029,0,6,24.477179962894247,0.04084679986659794,0.007032514211291849,1.4212350162448876e-10,0.0002316997605887127,CARRAO
173907535,173958633,0,110.851,0,6,24.287755102040816,0.041165371893882106,0.0029735284282843013,3.3685980977682186e-10,0.000211567339061974,CARRAO
173907535,461992525,0,45.073,0,5,24.75343228200371,0.04039094295500708,0.028423833145057243,3.266094038537461e-10,0.00018973510923425279,CARRAO
173907535,461992598,0,100.361,0,6,24.334137291280147,0.0410869084560197,0.0030374064222529066,7.372956648656166e-10,0.00021078869212983774,CARRAO
173907535,3901559360,0,128.64600000000002,0,5,24.784972170686455,0.04033954383154554,0.027977936634591794,2.94969435408459e-10,0.00018557706158712548,CARRAO
173907536,173958635,0,115.256,0,6,24.37588126159555,0.04101654666402813,0.002804384498044693,1.5420011303320306e-10,0.00021011001813103577,CARRAO
173907536,461992586,0,97.894,0,6,24.434879406307978,0.04091751199659843,0.0059796986676674746,2.78380500001046e-10,0.00021184395477995692,CARRAO
173907536,6940408285,0,75.643,0,5,24.932282003710576,0.04010120177103099,0.042866975561279066,1.1183453719082405e-10,0.0001936580202333365,CARRAO
173907536,461992510,0,56.416,0,5,24.881818181818183,0.04018253264038535,0.039561718870918194,1.3996800733915227e-10,0.0001902719615329489,CARRAO
173907538,8792665885,0,14.742,0,4,24.928571428571427,0.040107170766196555,0.026179357224952526,1.8311520869514855e-11,0.0001761322320130351,CARRAO
173907538,6940408285,0,21.979,0,4,25.257699443413728,0.03958454226929829,0.02601130656111336,3.129607968806145e-11,0.0001732535187483395,CARRAO
173907538,8792665893,0,11.619,0,4,25.222820037105752,0.039639281800060315,0.0003151730851556132,1.6710172883769174e-11,0.00017676860598231307,CARRAO
173908084,2411615279,0,24.599,0,5,25.930983302411875,0.038556751187682446,0.00898305765059237,5.077793805072711e-10,0.00017818998409763735,CARRAO
173908084,2407341494,0,42.061,0,6,25.757513914656773,0.03881641972729827,0.004919542621068712,5.577002232727319e-10,0.00020536729505549637,CARRAO
173908084,2407341491,0,36.445,0,6,26.295547309833022,0.0380221966655613,0.009106284392013471,4.937091799434323e-10,0.00020738731082959222,CARRAO
173908084,2411615286,0,8.337,0,5,25.912244897959184,0.03858463344956217,0.005044643533461996,4.6304721200887863e-10,0.00017955058548677676,CARRAO
173908353,173958635,0,124.47,0,6,24.587755102040816,0.040663105155137026,0.001987870677829854,1.0307225360155097e-10,0.0002065962967428526,CARRAO
173908353,173958614,0,86.275,0,6,24.7569573283859,0.04038519184652278,0.06724244322550448,6.713710646552139e-11,0.00020825830303650722,CARRAO
173908353,4582921955,0,79.449,0,5,24.988497217068645,0.040010988358279875,0.06609185842949783,5.855862207834708e-11,0.00018346677893728918,CARRAO
173908353,173958616,0,33.027,0,6,24.490723562152134,0.04082421120412106,0.0036160567099147237,6.325166158750695e-11,0.00021669366277208077,CARRAO
173908811,1079950045,0,125.712,0,6,24.199443413729128,0.041315597807336985,0.0011199733367943025,4.784972498615063e-12,0.00020804634321935225,CARRAO
173908811,2407231736,0,99.444,0,5,23.901669758812616,0.041830319025071803,0.03787121665400821,2.6360733296968147e-12,0.00018830984599977257,CARRAO
173908811,1079949716,0,84.379,0,6,24.45009276437848,0.040892052266553354,0.03751621743569368,5.187391624103398e-12,0.00020854577131111722,CARRAO
173908811,2407228623,0,74.589,0,5,24.205380333951762,0.04130546421700507,0.0004157535939961558,3.4793550675037123e-12,0.0001819639707032093,CARRAO
173909118,173909553,0,115.65899999999999,0,4,23.730797773654917,0.04213151537421135,0.0032018649250620547,4.2634038654437526e-13,0.00016729998331902198,CARRAO
173909118,2407231736,0,44.825,0,4,23.811317254174398,0.0419890449810274,0.0005275791286698025,7.502238550981502e-13,0.00016708324580901084,CARRAO
173909118,2477097613,0,160.182,0,4,23.382560296846012,0.04275898184588041,0.0032477821138805632,4.389299314835033e-13,0.00016972642603000927,CARRAO
173909553,2407231736,0,136.322,0,4,23.89090909090909,0.04184915975522629,0.037229625457863874,7.555591154019565e-13,0.0001638112880593488,CARRAO
173909951,173959137,0,137.109,0,6,23.986456400742114,0.041682458406490985,0.01834282366659373,2.8292794059779668e-11,0.00020707840806690776,CARRAO
173909951,173910201,0,88.792,0,6,24.3708719851577,0.04102497735214184,0.005758702673864108,2.2368581243161733e-11,0.00020246221263472972,CARRAO
173909951,173910572,0,138.981,0,6,24.092764378478662,0.041498536885877096,0.07188117256257427,2.0620753072103803e-11,0.00020847483362717125,CARRAO
173909951,173910246,0,82.01,0,6,24.368089053803338,0.04102966256547692,0.03635969776494179,2.614925112634306e-11,0.00020266356059278607,CARRAO
173910201,1079950064,0,53.068999999999996,0,5,24.38961038961039,0.040993458086109845,0.039028673410246184,1.0307911983286658e-11,0.00017522310593989438,CARRAO
173910246,173959434,0,64.831,0,5,24.29944341372913,0.04114557087666254,0.06971556800421563,3.1760020344065815e-11,0.00017659269060713657,CARRAO
173910572,1079950100,0,110.182,0,5,24.213729128014844,0.041291222263086916,0.0004110681665656957,8.488152924366015e-12,0.00017967712799704343,CARRAO
173910572,173910574,0,115.757,0,4,24.365677179962894,0.04103372394941027,0.07222570765962744,6.079527346183865e-12,0.00016701329109938785,CARRAO
173910574,6940408292,0,26.585,0,4,24.95194805194805,0.0400695957350306,0.0629112341087872,1.91674908293679e-12,0.00019168900882595932,CARRAO
173910574,173961132,0,43.870999999999995,0,4,24.515027829313542,0.04078373796694315,0.009530003212641408,3.470676266411901e-12,0.00017954254390357415,CARRAO
173910576,173961776,0,75.366,0,5,24.662708719851576,0.0405395239671411,0.08117518641363484,3.642085027544726e-12,0.0001952594552413085,CARRAO
173910576,6940408297,0,24.998,0,4,25.124675324675323,0.03979412503138338,0.01833579552544804,1.5285375010974767e-12,0.00017738672701389442,CARRAO
173910576,6940408293,0,29.104,0,4,25.473098330241186,0.03924981791697014,0.06292841400936555,1.2546677522760392e-12,0.00017967369821284988,CARRAO
173910749,1079949935,0,40.788,0,4,24.840445269016698,0.040249458510717755,0.0002942448426328916,7.296217865308109e-13,0.00016431727383485104,CARRAO
173910749,173910750,0,109.89399999999999,0,4,24.535250463821892,0.04075012287799161,0.03302929594737078,1.2538132176051539e-12,0.00016185397515435185,CARRAO
173910749,1079949662,0,105.918,0,5,24.21725417439703,0.04128521194199079,0.03291778277452583,1.5325438798197632e-12,0.00018831288703762062,CARRAO
173910750,173961776,0,38.086,0,5,24.660296846011132,0.04054348889173105,0.08731903122228277,3.60046637337931e-12,0.00018925767010164992,CARRAO
173910750,1266042809,0,105.149,0,4,25.01168831168831,0.039973889758406086,0.05410575415780926,1.2516877038628632e-12,0.00016255323907551501,CARRAO
173942551,2061326901,0,282.374,0,4,27.61187384044527,0.03620958421802349,0.04379625200165364,5.139072002447462e-15,0.00017547210136413605,CARRAO
173943318,2061326906,0,266.828,0,4,29.448237476808906,0.03395158953164573,0.04624376311041163,6.3136946299560985e-15,0.0001799274329513788,CARRAO
173945832,173946275,0,88.591,0,4,28.598144712430425,0.034960815860494085,0.002813286810162567,1.017599272696572e-15,0.00018546907415242786,CARRAO
173945832,173948512,0,86.196,0,4,29.148423005565864,0.034300808350836993,0.0010400087086477842,1.4727608463029386e-15,0.00018306154281202175,CARRAO
173945832,2407119155,0,82.4,0,4,29.053246753246754,0.03441317522047038,0.002072208371578135,3.340623459652814e-15,0.00017867967170645814,CARRAO
173945867,2407119156,0,89.247,0,4,29.379591836734694,0.0340309176791533,0.001175261380473731,3.856014510293969e-16,0.0002000451339670521,CARRAO
173945867,461992279,0,21.913,0,4,29.20408163265306,0.034235436122228576,0.0017439160896172334,4.46417543445713e-16,0.0001946843986056455,CARRAO
173945867,173946275,0,131.62,0,4,28.62003710575139,0.03493407320014002,0.0001938205147066977,4.1050268316624256e-16,0.00019102722365636591,CARRAO
173946275,2357332934,0,70.4,0,4,27.971799628942485,0.03574365913191128,0.0028659197782980685,4.770931020379749e-16,0.00018715374927472464,CARRAO
173946935,2357332927,0,43.138,0,4,28.73061224489796,0.03479962288031616,0.004411954649435539,3.706865740295216e-15,0.00018122858287275768,CARRAO
173946935,2357332919,0,72.063,0,4,28.931168831168833,0.034558385009522956,0.00887997824712225,3.876880558736515e-15,0.00018772751831108033,CARRAO
173946935,461992278,0,93.359,0,4,28.909276437847865,0.03458455535518319,0.005402610189149144,1.4760841496375653e-14,0.0001834307578518564,CARRAO
173946963,461992274,0,116.311,0,4,28.347680890538033,0.035269709543568464,0.0003301664529330854,2.9185170178161773e-13,0.00017446871568874261,CARRAO
173947235,173963331,0,29.52,0,4,28.985714285714284,0.034493352876793,0.029029658911815727,2.0060103674114604e-14,0.0001746940788699206,CARRAO
173947235,2061326906,0,34.01,0,4,29.822448979591837,0.033525565654491954,0.018440905280804696,1.0410290895734684e-14,0.00017653378994342338,CARRAO
173947235,9626748816,0,11.198,0,4,29.850092764378477,0.03349451806180544,0.01041070738865355,1.5182454751188112e-14,0.00017516701624942222,CARRAO
173947272,173947596,0,86.763,0,4,29.01113172541744,0.034463132314382555,0.007302238650372,4.410550457714239e-14,0.0001823821450164626,CARRAO
173947596,2407115307,0,49.012,0,2,29.869016697588126,0.03347329714150838,0.0005588153115395362,1.19489110818155e-14,0.00010361109977275344,CARRAO
173947596,2380802666,0,108.565,0,5,29.564935064935064,0.03381757710771548,0.007808577174690383,2.343700320461783e-14,0.00021923898648134525,CARRAO
173948294,2061326901,0,14.823999999999998,0,5,28.365677179962894,0.03524733306734863,0.0016214702527678772,7.658128020665149e-15,0.00020451453312447985,CARRAO
173948294,173948686,0,87.41199999999999,0,6,29.044155844155846,0.03442394664895112,0.003732255310190133,7.442588770129918e-15,0.00024226529016850438,CARRAO
173948512,2407119156,0,46.172,0,4,29.898515769944343,0.03344027104676922,0.0016678559843294318,9.21334193779312e-16,0.00019432985463301792,CARRAO
173948512,173948686,0,79.676,0,5,29.50964749536178,0.033880935765165945,0.002913711138088761,3.0920559537465915e-15,0.00021624947408168096,CARRAO
173948686,2357332937,0,55.884,0,3,30.031725417439702,0.03329194234915457,0.0005588153115395362,2.7291845730166276e-15,0.0001345203651086856,CARRAO
173948686,2407119155,0,103.345,0,5,29.42152133580705,0.033982419190072014,0.0002922144907463589,4.965352791950047e-15,0.00021143231312097308,CARRAO
173949589,461992277,0,72.335,0,5,29.344155844155843,0.03407201340372396,0.001761095990195587,6.426996239426788e-14,0.00021621216761244055,CARRAO
173949589,2357332916,0,101.753,0,5,29.775510204081634,0.03357841610069163,0.004133171717323166,2.278907936057544e-14,0.00022929364632301568,CARRAO
173949589,461992295,0,91.655,0,5,29.33209647495362,0.034086021505376346,0.00023692644706693026,2.4967509188968696e-14,0.0002137378855936316,CARRAO
173949589,9505856671,0,153.401,0,5,29.57847866419295,0.03380209248061821,0.005353413201129313,2.960138253897105e-14,0.00021464526791820267,CARRAO
173949820,461992285,0,64.093,0,4,27.029313543599258,0.03699000604030531,0.036088099154889454,5.411133081213197e-13,0.00018606174701059626,CARRAO
173949820,2357332905,0,36.985,0,4,27.976437847866418,0.03573773318390111,0.03464811112459473,1.4676924366435672e-13,0.00018024170829195776,CARRAO
173949820,2357332902,0,96.869,0,4,27.900185528756957,0.03583540583314492,0.0015099570799229278,1.4504556350381229e-13,0.0001796706290998956,CARRAO
173949960,2357332910,0,112.103,0,5,26.656029684601112,0.03750800412038197,0.0009461439791242343,8.872328636060338e-14,0.00021052420750157196,CARRAO
173949960,8943364013,0,45.793,0,5,26.94230055658627,0.037109469146599273,0.019927279042660975,4.804353758924575e-14,0.00021386260030729405,CARRAO
173949960,2357332909,0,83.271,0,5,26.260482374768088,0.0380729667099983,0.02006487442820215,8.502344902619387e-14,0.0002096710382404591,CARRAO
173949960,461992289,0,75.76299999999999,0,5,26.340445269016698,0.03795738686388449,0.0008819536233269315,6.662391153706229e-14,0.00020902226561842917,CARRAO
173949961,461992289,0,135.829,0,4,25.72430426716141,0.038866531077358026,0.01054221171853513,1.1888332092195033e-13,0.00017318127298746814,CARRAO
173949961,2357332909,0,28.843,0,4,25.748979591836736,0.03882928516359602,0.020617598684082087,1.3728453775475216e-13,0.00017377285889811603,CARRAO
173950299,2357332908,0,113.853,0,6,24.56122448979592,0.04070702874192696,0.03816733566761328,7.221423589016442e-12,0.00021878798881659156,CARRAO
173950299,173952909,0,61.738,0,6,24.61243042671614,0.04062233814007131,0.026584334335858623,8.155964679285324e-12,0.00020870239212449147,CARRAO
173950299,461992391,0,69.687,0,6,24.239888682745825,0.041246661002808965,0.01586298310856557,1.1228896054051407e-11,0.00021349592791653556,CARRAO
173950299,173952701,0,56.375,0,7,24.55139146567718,0.040723332225009824,0.00011838513307629079,9.885862950407962e-12,0.00023398712120052217,CARRAO
173950299,173952734,0,57.973,0,6,24.02226345083488,0.04162032746370096,0.019634127466428522,8.211199994446844e-12,0.0002056048652416574,CARRAO
173951729,2368045744,0,37.387,0,6,23.086085343228202,0.043308099072600734,0.0006209753154503063,1.6582895368429505e-12,0.00021071581359831355,CARRAO
173951729,173951731,0,14.906,0,6,23.416326530612245,0.04269732359326224,0.03032783467188186,2.0406616357828866e-12,0.00021247652667628734,CARRAO
173951729,2477092980,0,269.34200000000004,0,5,23.682931354359926,0.042216668886260196,0.00018554292624621828,1.022947774812455e-12,0.00019229656761802244,CARRAO
173951731,173952734,0,69.363,0,5,23.749721706864563,0.042097944707876665,0.01974813953390305,3.652669009352491e-12,0.00017810882181297578,CARRAO
173951731,462046832,0,47.251000000000005,0,6,23.59165120593692,0.042380012425388684,0.021798326396558022,2.4170422498364118e-12,0.00021222435363526564,CARRAO
173952293,2477151911,0,15.476,0,4,25.740816326530613,0.03884159921581629,0.024471362745635487,2.4899421118966426e-12,0.0001578196955822026,CARRAO
173952293,173952696,0,28.714999999999996,0,6,24.744897959183675,0.040404873477038424,0.0027500335398513566,5.765671658863621e-12,0.0002118298219583335,CARRAO
173952293,2477151304,0,5.381,0,4,25.532282003710574,0.03915883707918238,0.02689560289815552,2.3965723098967494e-12,0.000159196783909355,CARRAO
173952295,461992371,0,177.478,0,5,23.77643784786642,0.04205064180094417,0.06451614918463411,2.2517689889780553e-11,0.00019148583343771443,CARRAO
173952295,462046825,0,44.175,0,4,24.145454545454545,0.04140797885419228,0.03981410722850564,6.8761612592174815e-12,0.0001584568902379787,CARRAO
173952295,2407351919,0,47.601,0,4,24.6404452690167,0.04057615275728097,0.0247688873874697,6.872436790926011e-12,0.0001574547212929346,CARRAO
173952696,173954554,0,29.049,0,6,24.148979591836735,0.041401934497514656,0.09503530547659308,5.717658394165698e-12,0.0002083452584027917,CARRAO
173952696,173952701,0,74.893,0,7,24.371057513914657,0.041024665042630935,2.7019298182319666e-05,8.438292987763188e-12,0.00023303718883451065,CARRAO
173952696,462046825,0,42.097,0,6,24.099443413729126,0.041487035782472134,0.042351266182099764,6.5279969482141004e-12,0.00021252777482707317,CARRAO
173952696,462046826,0,16.72,0,7,24.743413729128015,0.04040729715746774,0.05540705353616236,7.144786404943071e-12,0.00023914545130624112,CARRAO
173952701,173952909,0,11.92,0,5,24.88756957328386,0.04017324666030534,0.0007104669793720934,6.391460408837806e-12,0.00017575083922731922,CARRAO
173952701,173952734,0,46.215999999999994,0,5,24.29424860853432,0.04115436897652468,0.0004813495780225966,6.446699623727281e-12,0.00017279038444096775,CARRAO
173952909,2477151304,0,34.98,0,4,25.546753246753248,0.039136655119574135,0.027480968965134328,3.3392875972285146e-12,0.00015555401457003322,CARRAO
173954554,462046832,0,45.442,0,5,23.91038961038961,0.041815063975728796,0.09450163529226369,2.4904161948839098e-12,0.0001812774911841042,CARRAO
173955538,2477092979,0,84.097,0,4,23.35343228200371,0.04281231380337636,0.007565559671963855,2.4924547178909508e-12,0.00016853921229554626,CARRAO
173955538,462046825,0,79.845,0,4,23.841187384044527,0.04193643777625599,0.002435328997438789,3.098282706234919e-12,0.0001624711421748372,CARRAO
173955962,461992541,0,108.458,0,6,24.007050092764377,0.041646702421984885,0.066348151309944,1.1473763092914873e-10,0.00021577657283028382,CARRAO
173955962,173955964,0,128.156,0,7,23.991836734693877,0.041673110829286396,0.06519319344833559,1.7603868881977428e-10,0.00023709355016836552,CARRAO
173955962,173958633,0,196.91899999999998,0,6,23.96790352504638,0.04171472361770147,0.00048744063368219467,1.974076833086233e-10,0.00020763689108614633,CARRAO
173955962,173958623,0,105.696,0,6,23.959554730983303,0.04172925926499512,0.0007968350250069071,1.3737172812539236e-10,0.0002136211399968082,CARRAO
173955964,3813888216,0,32.323,0,6,24.281632653061223,0.04117575146319473,0.0030406862214542286,1.410321123325622e-10,0.0002151013068912201,CARRAO
173955964,4582921950,0,77.866,0,6,24.499628942486087,0.04080937199457794,0.06619368838565316,1.2498299049128053e-10,0.00021228678330262579,CARRAO
173955964,173958623,0,127.15899999999999,0,7,24.40074211502783,0.040974756690997566,0.0010053365456623798,1.5038142161819513e-10,0.00024453871220856397,CARRAO
173955964,6940426807,0,126.885,0,7,23.953803339517624,0.041739278605231155,0.002029727162875297,1.3295905937341187e-10,0.0002467210352637154,CARRAO
173956325,173958623,0,77.46600000000001,0,5,23.848794063079776,0.041923061962736784,0.0012772475175434118,7.009309317042345e-11,0.00019476027058155777,CARRAO
173957290,173967744,0,8.263,0,6,24.98311688311688,0.04001960507652663,0.0115311492681909,4.818558565588847e-09,0.00019791677549536182,CARRAO
173957290,461992615,0,114.862,0,6,25.20760667903525,0.0396632049989328,0.011033088332332994,4.504695923817262e-09,0.00019620643099635155,CARRAO
173957290,461992483,0,100.459,0,5,25.09294990723562,0.03984443737939091,0.010629204487827337,2.6911937419370194e-09,0.00017522106090359045,CARRAO
173957290,461992494,0,115.43,0,6,24.814842300556585,0.04029098630300856,0.012186484384797913,3.3211706358735053e-09,0.00019995016357265426,CARRAO
173957292,666983171,0,105.41199999999999,0,5,25.905936920222633,0.03859402863220013,0.016841144175131283,9.038614526413303e-09,0.00018217162554431601,CARRAO
173957292,433729820,0,139.92300000000003,0,5,26.258812615955474,0.03807538771328647,0.007232269600743796,4.8020553372697524e-09,0.0001921704356332665,CARRAO
173957292,2410532538,0,61.149,0,4,26.534508348794063,0.03767978129085939,0.010374473416524659,7.734563476186757e-09,0.00015508422717816026,CARRAO
173958614,173959434,0,103.623,0,6,24.693506493506494,0.040488963019729825,0.06848673657012032,5.073103157119236e-11,0.000208444265025228,CARRAO
173958614,2407303484,0,120.39200000000001,0,5,24.44582560296846,0.04089919021273043,0.0014624780819609327,4.140866718586512e-11,0.00018376618166540722,CARRAO
173958614,173958641,0,87.394,0,6,24.582189239332095,0.04067231203489864,0.0002197465464885767,6.392491603366654e-11,0.00020576962583745262,CARRAO
173958616,6940426807,0,227.445,0,6,24.107235621521337,0.041473625883113485,0.0016589536722115578,6.363424375988869e-11,0.00022454929003487073,CARRAO
173958616,9880519926,0,54.222,0,3,24.841372912801486,0.04024795548750887,0.0005588153115395362,2.897501796134687e-11,0.00012275531155028606,CARRAO
173958616,2407303484,0,50.482,0,5,24.46660482374768,0.04086445497630332,0.001025015340870312,3.752320621512009e-11,0.00019191515656199242,CARRAO
173958623,6940426804,0,57.458,0,5,24.407977736549164,0.04096260993166564,0.001499492958661567,7.081140715513656e-11,0.00020543393268811498,CARRAO
173958633,3813888216,0,94.291,0,5,24.287755102040816,0.041165371893882106,0.0026436743371799133,1.6240109073460977e-10,0.00018506151594861481,CARRAO
173958633,3901559361,0,127.854,0,6,24.397402597402596,0.040980365317637754,0.0008288521124483842,1.9271466231772042e-10,0.00021017837504588204,CARRAO
173958635,3901559361,0,128.349,0,6,24.430797773654916,0.04092434805060677,0.0003585913793445431,1.4184145207967007e-10,0.00020774208603566716,CARRAO
173958635,173958641,0,164.117,0,6,24.45194805194805,0.04088894958875838,0.0009986207663453869,9.986005042697072e-11,0.00020410761954379797,CARRAO
173958641,173959137,0,111.378,0,5,24.301298701298702,0.04114242960972332,0.00028971559611678025,4.7097431666727634e-11,0.0001782693111952488,CARRAO
173958641,173959434,0,77.396,0,6,24.490166975881262,0.040825139013045256,0.0012900543525200025,5.6486308879181385e-11,0.00020695999679982077,CARRAO
173959137,8792665898,0,148.448,0,4,24.316883116883115,0.041116061891537214,0.01857881302817457,1.8674660357809695e-11,0.00016155617936644984,CARRAO
173959434,1079950191,0,85.209,0,5,24.35992578849722,0.04104341203351104,0.001613036483393049,2.7139375249455107e-11,0.00018864660470457515,CARRAO
173959898,3901559368,0,45.626,0,4,23.917068645640075,0.04180338678023163,0.0004935316893417927,2.8522374957895345e-12,0.00016945499438241761,CARRAO
173959898,7301922126,0,158.053,0,4,24.1873840445269,0.04133619697783232,0.0015629024098871265,1.769486714811399e-12,0.0001740226817279626,CARRAO
173960536,461992602,0,94.713,0,5,24.639332096474952,0.04057798593437043,0.0019263353975764784,1.4257666201962025e-10,0.0001894276074448574,CARRAO
173960536,6940408305,0,158.355,0,4,24.37643784786642,0.04101561013479058,0.02713034281242157,4.890848066220007e-11,0.00016288307267042565,CARRAO
173960536,8792665885,0,147.223,0,4,24.446938775510205,0.040897327899581844,0.02804899895062044,3.980918380523881e-11,0.0001696849386636275,CARRAO
173960890,173967741,0,8.09,0,6,24.505936920222634,0.04079886741314437,0.0247046970316724,1.3522919391870016e-10,0.00020663333103475046,CARRAO
173960890,6940408305,0,112.435,0,5,24.56196660482375,0.04070579882014367,0.05252004933442723,6.930702436263331e-11,0.00018658502668429536,CARRAO
173960890,2411615281,0,56.425,0,5,24.67513914656772,0.04051910164738081,0.027754910288901893,1.0572556756674693e-10,0.00017872072982100563,CARRAO
173960890,1079949848,0,96.24199999999999,0,6,24.61873840445269,0.040611929613022346,0.02010563764684715,7.757431977908694e-11,0.00021010209386775205,CARRAO
173960891,911473882,0,13.913,0,4,25.752504638218923,0.03882397014538277,0.03081340113459187,9.298618776895352e-11,0.00015865622338620894,CARRAO
173960891,666983076,0,62.497,0,4,25.91113172541744,0.038586291090569304,0.055638982193970135,3.454671337217487e-11,0.00016483127913711703,CARRAO
173960891,433729021,0,116.156,0,5,25.520037105751392,0.03917762607867513,0.027758346269017565,7.097532988342186e-11,0.00019270951314937843,CARRAO
173961132,6940408297,0,42.911,0,4,24.796103896103897,0.04032143418305886,0.018729371429606685,2.667725779642206e-12,0.00018029220096591405,CARRAO
173961132,1079949664,0,114.814,0,4,24.523376623376624,0.04076985345851522,0.028143488403801382,9.029205863575034e-12,0.00017168259188590039,CARRAO
173961776,1079950327,0,96.441,0,6,24.187940630797772,0.04133524579475812,0.026506868602341683,8.788568802368422e-12,0.0002092569077109281,CARRAO
173961776,1079950045,0,113.799,0,6,24.09536178107607,0.041494063476908385,0.002209803757119312,5.4934446549865855e-12,0.0002100972792180988,CARRAO
173963331,173963332,0,118.219,0,5,28.68051948051948,0.034860403136077835,0.07296053886163792,6.947791653974312e-14,0.000211750679945617,CARRAO
173963332,461992271,0,81.789,0,5,28.95974025974026,0.03452429000659863,0.005988444798871,1.751740969801412e-13,0.00021407927760384656,CARRAO
173963332,461992281,0,206.01799999999997,0,5,28.836178107606678,0.03467222554639799,0.005320771390030441,7.166093388662252e-14,0.00021618471427519776,CARRAO
173963332,11950401549,0,24.154999999999998,0,5,29.094063079777367,0.03436489666298934,0.0717952730596825,1.0866260204244988e-13,0.00022160399013662009,CARRAO
173963333,461992610,0,80.87,0,5,29.071614100185528,0.03439143309337826,0.07239891229364011,9.465446153610677e-13,0.00021792854279923754,CARRAO
173963333,461992307,0,197.898,0,5,29.21818181818182,0.034218914697179435,0.0036085600260259876,9.445214002236373e-13,0.00021773945270409974,CARRAO
173963333,2357332874,0,101.64,0,5,29.20760667903525,0.03423130427049654,0.08087922358094411,2.5853817183383666e-12,0.00021898989316632522,CARRAO
173963333,4964981001,0,191.04,0,5,29.402411873840446,0.03400450532878173,0.006795900126053616,1.3613090179795449e-12,0.00021649119178777771,CARRAO
173963334,2357332884,0,96.323,0,5,29.098144712430425,0.03436007625654333,0.015379290816827745,9.281901786329102e-12,0.0002220486252894751,CARRAO
173963334,461987997,0,39.297,0,5,28.740074211502783,0.034788165955496456,0.011752769985651659,2.262110701702312e-11,0.00021983416355226705,CARRAO
173963334,2357332874,0,95.165,0,5,28.875324675324677,0.0346252200619386,0.08160234121437845,9.319446057546519e-12,0.00021902821338127233,CARRAO
173964808,2357332876,0,50.114000000000004,0,5,27.137105751391466,0.03684307679686058,0.021487057834261126,2.0939282121743076e-10,0.00018962335058657335,CARRAO
173964808,461988003,0,112.52799999999999,0,6,27.662894248608534,0.03614280061434042,0.021363362550096982,5.585004795344079e-10,0.00022019561103582,CARRAO
173964808,2407407602,0,90.186,0,5,27.855287569573285,0.03589316637804715,0.02707708512062867,2.1022657148009059e-10,0.0001951898633776462,CARRAO
173964808,461992609,0,73.783,0,5,27.730983302411875,0.03605405767043554,0.027518140022749313,2.410789093101289e-10,0.00019154208689829748,CARRAO
173964953,461992609,0,65.96,0,4,28.040630797773655,0.03565591938546636,0.02715455085414561,1.0417444086735431e-10,0.00016206559069606143,CARRAO
173964953,173965001,0,20.734,0,5,28.068831168831167,0.03562009637057062,0.0007993339196364858,3.3632076030227184e-11,0.00019854434476077073,CARRAO
173965001,2357332901,0,118.42,0,5,27.78404452690167,0.03598520259622319,0.0,1.6099412737170064e-11,0.00020120547403071692,CARRAO
173965001,180582669,0,43.113,0,5,27.924675324675324,0.03580397836746083,0.052027298549657174,1.9330352003560026e-11,0.00019823954170569493,CARRAO
173965512,2357332792,0,150.346,0,5,26.8734693877551,0.03720451783939026,0.0021462381249794035,1.9895683636865594e-09,0.00020589770367425715,CARRAO
173965512,2357332806,0,46.158,0,4,27.380890538033395,0.03651504577085437,0.02749486906651136,5.565648249977686e-10,0.0001729990991880674,CARRAO
173966878,173967739,0,7.351,0,5,26.056586270871986,0.03837089252020364,0.009002424083971606,3.435139506941942e-12,0.00017867785737712863,CARRAO
173966878,1079950267,0,42.309,0,6,25.929313543599257,0.03855923411014675,0.008998207199284193,4.8520986050045456e-12,0.00020710018686866867,CARRAO
173966878,1079949604,0,33.832,0,6,26.20834879406308,0.03814870135845905,0.011908326176342934,4.888636036795089e-12,0.00020795989305414576,CARRAO
173966878,2411615272,0,25.788,0,5,26.273840445269016,0.038053609761608855,0.01177853983651919,3.121022324854531e-12,0.00017978774079539689,CARRAO
173967739,666983215,0,25.709,0,5,26.347680890538033,0.037946962975481294,0.043038149843405205,2.8847283869644836e-12,0.00017841658058736723,CARRAO
173967739,2411615270,0,33.911,0,5,26.281447124304268,0.038042595847716666,0.034155047977995984,3.745059729781305e-12,0.0001839157568530275,CARRAO
173967741,666983198,0,117.31700000000001,0,6,24.658627087198514,0.04054623429388308,0.025710345939163475,2.0443986855922248e-10,0.00020173561335005378,CARRAO
173967741,2411615280,0,96.565,0,5,24.813543599257883,0.04029309506897454,0.03407055410333335,1.1138028121511896e-10,0.00017675196772387518,CARRAO
173967741,2356795821,0,56.647000000000006,0,6,24.85491651205937,0.04022602412516422,0.03510743919369416,1.9888563900215033e-10,0.0002032549028465148,CARRAO
173967744,433729795,0,115.94,0,6,25.410018552875695,0.039347254672897194,0.035003422704737955,4.45517120728499e-09,0.00020293690376181083,CARRAO
173967744,433729818,0,118.00500000000001,0,6,25.060853432282002,0.03989546780378744,0.008777211205480825,6.352974677045193e-09,0.00019928253205141094,CARRAO
173967744,433729797,0,114.737,0,6,25.26604823747681,0.03957146213945838,0.03772393805177741,6.016085844796757e-09,0.00019599373334201203,CARRAO
173967745,433729693,0,118.339,0,6,25.894248608534323,0.03861144945188794,0.01436973738647795,3.536525308960695e-09,0.00020949892143735601,CARRAO
173967745,433729801,0,115.42399999999999,0,6,25.320593692022264,0.03948621755887396,0.03787418409138083,5.043099656672563e-09,0.00020070924033113274,CARRAO
173967745,666983188,0,92.928,0,6,25.927643784786643,0.03856171735241503,0.03606201694219323,2.9626036045058505e-09,0.00021050260216320236,CARRAO
174023454,7473933057,0,7.183,0,4,30.28534322820037,0.03301314644874355,0.036691113665189665,1.2239266195204643e-10,0.00017299176885283217,CARRAO
174023454,7934375830,0,23.56,0,4,30.648051948051947,0.03262244768240785,0.03305381635092352,2.5044749587882306e-10,0.0001702702931455503,CARRAO
180580943,2357332871,0,81.53,0,4,29.717625231910947,0.033643821248860645,0.0006009841584136768,3.257724499573116e-11,0.00017201629679763905,CARRAO
180580943,180580968,0,63.233000000000004,0,4,29.487755102040815,0.03390608975770579,0.00033938112687965683,1.4840889726805635e-11,0.00016831077426500668,CARRAO
180580968,461992657,0,78.059,0,4,29.32857142857143,0.034090118357044806,0.007200877236959714,8.91280540720457e-12,0.00017454124341502642,CARRAO
180581721,461992658,0,69.85900000000001,0,4,30.217625231910947,0.03308712923566214,0.014068776764528066,1.1494968516252083e-10,0.00017779543586414945,CARRAO
180581721,2357332871,0,88.15,0,4,29.810575139146568,0.03353891921159579,0.0010314187583586073,1.0539719539874395e-10,0.0001745842787188665,CARRAO
180581783,2357332883,0,102.21,0,4,29.322077922077924,0.03409766776761196,0.008526228476122515,6.462348514771435e-11,0.00020346107053270798,CARRAO
180581783,461992607,0,153.852,0,4,28.764192949907237,0.034758996123556006,0.001389229233131407,2.695543226290875e-10,0.00018116624810638314,CARRAO
180581783,2357332878,0,38.4,0,4,29.233580705009278,0.03420088976892663,0.009480962405535927,6.720722048416448e-11,0.00020055425250581924,CARRAO
180582232,2357332835,0,94.975,0,4,27.214285714285715,0.03673858949449501,0.0010318873011016534,5.971473986145635e-10,0.00017368803300643685,CARRAO
180582232,8769858917,0,17.459,0,4,27.630426716141002,0.03618527073485174,0.028402748721620172,1.8566342803016652e-10,0.00017425789906741064,CARRAO
180582669,2357332901,0,65.026,0,4,27.625417439703153,0.036191832156936485,0.0011359037900578665,1.2097813901178773e-11,0.00016621194499156304,CARRAO
180582882,2357332898,0,76.742,0,4,28.684415584415586,0.03485566816938212,0.0006383113969430085,1.1443297920423917e-13,0.00017632606557041835,CARRAO
180582882,2357332902,0,22.365,0,4,28.630797773654916,0.03492094349403836,0.001712055183090105,6.660009238261697e-14,0.0001754051127510436,CARRAO
180583805,180583909,0,84.998,0,4,27.980705009276438,0.03573228304689158,0.0003186090652712839,6.849010557309406e-16,0.0001835656538485205,CARRAO
180583805,461992283,0,149.13799999999998,0,4,27.78552875695733,0.03598328036110147,0.0004235626397135892,9.780609417979303e-16,0.0001855563277900678,CARRAO
180583805,6941204633,0,50.900999999999996,1,4,27.198701298701298,0.03675964011159542,0.00033329007122005874,8.805691942407532e-16,0.00018459196333491963,CARRAO
180583909,2357332925,0,17.936,0,4,27.867346938775512,0.03587763390033621,0.003310098298705682,6.415334976988542e-16,0.00018065566288190816,CARRAO
180583909,6941204632,0,35.818,0,4,27.237291280148423,0.03670755880089095,0.0025897919217296225,1.3163302018289888e-15,0.00018142571408976427,CARRAO
181855997,2407378375,0,152.569,0,3,31.253988868274583,0.031989979757685846,0.0005588153115395362,4.237567858014257e-09,0.0001187738552013754,CARRAO
181856433,2357332841,0,74.253,0,5,29.40909090909091,0.03399678263886698,0.008722547885458792,2.7350687332323324e-09,0.00020245892414935722,CARRAO
181856433,461992654,1,242.921,0,4,29.86382189239332,0.03347911981412224,0.0,1.1204630799296054e-09,0.0001648223432580609,CARRAO
181856433,461992654,0,98.483,0,4,29.86382189239332,0.03347911981412224,0.0068557174162491566,1.120463080117921e-09,0.0001648223432580609,CARRAO
181856433,9627317820,0,25.965,0,5,30.077551020408162,0.033241219358738694,0.002585262675213511,1.7840265984957475e-09,0.0002004703513206031,CARRAO
181856434,2357332773,0,228.859,0,5,28.417068645640075,0.03518358926146454,0.005586435125337527,8.783557700939886e-09,0.00019869196823502102,CARRAO
181856434,461992639,0,16.889,0,5,28.955287569573283,0.03452959908758305,0.008461413396667818,9.836634029040973e-09,0.00020181128951915318,CARRAO
181856434,2357332791,0,132.816,0,5,28.49591836734694,0.035086234398703064,0.010549396040595169,2.594633764839341e-08,0.00019869304710819465,CARRAO
181856434,2357332841,0,55.073,0,5,28.823376623376625,0.03468762471195561,0.011959397335334949,8.809473802762914e-09,0.00020025170271747487,CARRAO
356233905,356233912,0,228.44,0,4,30.77829313543599,0.03248440278489406,0.004085848900275519,6.005708511269337e-17,0.0001681428616791627,CARRAO
356233912,1080109229,0,44.596,0,4,31.426159554730983,0.03181472013790905,0.0031203384877720496,2.076007191090886e-17,0.00017031148520393064,CARRAO
356233928,667546372,0,284.72999999999996,0,4,35.479035250463824,0.028180430053547523,0.02412745237223972,-2.824995427755205e-17,0.00017547909982933808,CARRAO
356233928,663895527,0,183.96699999999998,0,4,35.52300556586271,0.028145548365531757,0.03235115841726886,-1.9384094592507563e-17,0.00017472441118010054,CARRAO
356233965,663895593,0,81.757,0,4,33.420593692022265,0.029916119398013735,0.05665540758455127,2.4626178354468165e-17,0.00017802843361147547,CARRAO
356233974,6727156291,0,57.599,0,5,28.553617810760667,0.03501533423432789,0.006051073345524816,3.772600996933125e-14,0.00019153784891276526,CARRAO
356233974,678571713,0,109.888,0,6,28.443413729128014,0.035151001239319024,0.0012341415851831793,4.0301802011671355e-14,0.00022143161391570925,CARRAO
356233974,356233980,0,118.933,0,5,28.116326530612245,0.03555992530370116,0.004978735187606857,6.772893119437631e-14,0.00018880360697273423,CARRAO
356233974,10773608932,0,96.084,0,5,28.2569573283859,0.03538294868848692,0.0026741296154779034,6.794857116341987e-14,0.00019320303215026913,CARRAO
356233980,438679141,0,79.588,0,5,28.124489795918368,0.035549603868303525,0.006543199406637471,5.919556145377839e-14,0.00019359134928263465,CARRAO
356233980,2363530756,0,91.458,0,5,27.705380333951762,0.036087375780140894,0.0017593780001377516,1.7928938208422463e-13,0.0001883683670028916,CARRAO
356233984,433729004,0,115.975,0,6,25.85918367346939,0.03866380640115941,0.0071507431634537915,5.105375904349416e-09,0.00020654761104416108,CARRAO
356233984,666983184,0,116.424,0,6,25.870315398886827,0.03864716977072741,0.006970354207381079,4.628419191151463e-09,0.00020518335045329277,CARRAO
356233984,433729737,0,115.493,0,6,25.6139146567718,0.03903403617294055,0.0016692616125585698,8.04594147988421e-09,0.00020421156413487666,CARRAO
356233984,666983190,0,116.643,0,6,25.812987012987012,0.03873300175373027,0.0016956561870834948,4.451592668616695e-09,0.0002018013172507613,CARRAO
356233986,356233998,0,116.288,0,6,25.232282003710576,0.03962441728798106,0.009306664505122813,1.3647104793476855e-08,0.00020261348102386292,CARRAO
356233986,433729739,0,116.035,0,6,25.503153988868274,0.0392035617116003,0.00167863246741949,2.071267941403339e-08,0.00019721605541571583,CARRAO
356233986,433729737,0,115.36099999999999,0,6,25.592764378478662,0.03906629453767806,0.0018555854433765315,1.3872608417033249e-08,0.00020225792798520917,CARRAO
356233986,433728996,0,116.702,0,6,25.291836734693877,0.03953111360518768,0.009249658471385548,1.8713735075635324e-08,0.00019759364710374955,CARRAO
356233987,433729742,0,116.233,0,6,25.3126159554731,0.03949866236669476,0.0005075879716331729,2.9616318364110997e-08,0.00019578353026218935,CARRAO
356233987,433729761,0,114.78,0,6,25.18051948051948,0.0397058715177236,0.014914340234811758,2.261780000759884e-08,0.00020199001699290771,CARRAO
356233987,356233990,0,115.564,0,6,25.539146567717996,0.03914831173359679,0.00043543238920408804,2.393672200909147e-08,0.0002075481934400129,CARRAO
356233987,433728982,0,115.84700000000001,0,6,25.243228200371057,0.03960723499018822,0.014954947272542412,3.555705371372329e-08,0.00019608060781192734,CARRAO
356233990,2061326953,0,136.761,0,3,26.327458256029686,0.03797611077833762,0.0005588153115395362,1.0782839246077992e-08,0.00011930947149416915,CARRAO
356233990,356233996,0,114.562,0,6,26.164007421150277,0.03821335375538915,0.024053110257009753,1.285095616460365e-08,0.00022902125317316474,CARRAO
356233990,433728978,0,116.267,0,6,25.87365491651206,0.038642181573078825,0.023841641298981656,2.439592119839895e-08,0.00021117766136888235,CARRAO
356233996,3901559101,0,38.919,0,5,26.666233766233766,0.03749365133478512,0.012484321388460824,4.768894084525158e-09,0.00021317564509208713,CARRAO
356233996,6940318155,0,57.521,0,5,26.66883116883117,0.037489999652161814,0.0017417295568163522,4.317448435377459e-09,0.0002197627774271398,CARRAO
356233996,1079950108,0,59.885000000000005,0,5,26.151762523191096,0.03823124618680742,0.01567665927774761,4.716609225921251e-09,0.00020102776737723242,CARRAO
356233998,4550104339,0,58.425,0,5,25.69165120593692,0.03891592888401046,0.010093503951611404,6.4258967952639966e-09,0.0001884228652563069,CARRAO
356233998,433729818,0,115.723,0,6,25.178107606679035,0.03970967504236976,0.009404746119333776,8.456292190234253e-09,0.00020444967002581434,CARRAO
356233998,433729765,0,115.132,0,6,25.65213358070501,0.03897587965139406,0.00987453830969457,9.25470027262794e-09,0.00020797929507329052,CARRAO
356234000,2356795819,0,58.307,0,5,25.07847866419295,0.03986742914635319,0.0041120872938860955,2.4146613068096054e-10,0.00017366623549869856,CARRAO
356234000,477362747,0,115.825,0,6,24.87588126159555,0.04019212267211611,0.026667266401377766,1.8104492604865217e-10,0.00020795799459362972,CARRAO
356234000,666983194,0,115.867,0,6,25.118181818181817,0.03980441253591556,0.004763361706720043,1.6941324480654912e-10,0.00020615004833537652,CARRAO
356234000,666983198,0,116.448,0,6,24.774211502782933,0.040357065294721155,0.02574361247391974,2.2637955793723484e-10,0.00020166568812775865,CARRAO
356234003,6383169483,0,58.997,0,4,26.757884972170686,0.037365227942451035,0.01063014157331343,5.362841710625471e-13,0.00016061783614116715,CARRAO
356234003,2356792814,0,14.122,0,5,26.894248608534323,0.037175772626931565,0.015560304496557851,5.651016138619041e-13,0.00019110340397778523,CARRAO
356234003,911474460,0,53.53,0,4,26.9873840445269,0.03704747631683876,0.00486456693921798,1.0210176929998957e-12,0.00015669310138052305,CARRAO
356234005,1079949925,0,47.081,0,4,30.306493506493506,0.03299010725304863,0.026668984391435602,8.310058012056166e-15,0.0001555737703207994,CARRAO
356234005,356234008,0,73.975,0,5,30.117810760667904,0.033196784427264606,0.014879668071826354,5.465557064402267e-15,0.00018917216493245204,CARRAO
356234005,911474011,0,73.39,0,5,30.308534322820037,0.03298788587379027,0.011729030486670662,8.298631724791499e-15,0.00019491347014761597,CARRAO
356234008,663863875,0,46.546,0,6,30.39165120593692,0.03289766865473014,0.00537137400627941,6.990401547889293e-15,0.0002156373672822527,CARRAO
356234010,6940049592,0,37.7,0,2,30.108719851576993,0.03320680773449342,0.0005588153115395362,3.429813893816496e-17,0.00010314426754224747,CARRAO
356234010,663863877,0,45.852000000000004,0,4,29.584786641929497,0.03379488530182739,0.0005310151087854732,3.9436023477985335e-17,0.00018733638765570734,CARRAO
356234010,666983024,0,174.171,0,5,29.61168831168831,0.03376418327516963,0.0005863031524649019,2.0372351385243311e-16,0.00020953202031445933,CARRAO
356234049,356234073,0,60.023,0,4,35.479035250463824,0.028180430053547523,0.022135052447893752,-4.991905294336549e-17,0.00017103169648476573,CARRAO
356234050,356234055,0,66.20100000000001,0,4,35.352504638218925,0.028281290999737602,0.025339884810328433,5.1879074327227155e-17,0.00017453192887496616,CARRAO
356234055,356234061,0,67.757,0,4,35.52894248608534,0.028140845217518445,0.022418989350179632,6.513087872056198e-17,0.00016994449655732426,CARRAO
356234061,356234064,0,63.287000000000006,0,4,35.67736549165121,0.028023775227377912,0.022342460702148785,5.828412689847198e-17,0.0001666001504351128,CARRAO
356234064,356234069,0,64.97999999999999,0,4,35.792949907235624,0.02793327942609525,0.02231044361470731,3.116889461761862e-17,0.00016737216871556628,CARRAO
356234069,356234073,0,35.035,0,4,35.869944341372914,0.02787332095438582,0.022308100900992077,-2.558028240607614e-17,0.00016775597217465386,CARRAO
433728966,433729778,0,56.594,0,5,26.293320964749537,0.03802541613451782,0.002175756317791302,1.0077924744326389e-08,0.00018684858201075883,CARRAO
433728966,433729337,0,118.147,0,6,26.710760667903525,0.03743114932868425,0.0006826667766180304,1.5637633310327358e-08,0.00022025938961530515,CARRAO
433728966,2357332813,0,77.932,0,5,26.68961038961039,0.03746081177836324,0.03749763190688619,1.4375100008009777e-08,0.0001883283322517458,CARRAO
433728966,433728970,0,112.565,0,6,26.414842300556586,0.037850480418047984,0.038418786939714636,1.508900994243698e-08,0.00021671471683286112,CARRAO
433728970,2357332825,0,56.466,0,5,26.473098330241186,0.037767187609503115,0.011798999536298866,1.0516221376860472e-08,0.0001894993438451057,CARRAO
433728970,433728978,0,221.075,0,6,26.0595547309833,0.0383665216679363,0.05906059366552077,2.2916858717138473e-08,0.00021093053901745924,CARRAO
433728970,7280055631,0,115.883,0,5,26.65640074211503,0.03750748200837985,0.019116387735362686,1.2093780261567606e-08,0.00019140169829118833,CARRAO
433728978,433728982,0,115.691,0,6,25.603339517625233,0.03905015869335227,0.04450843697108357,3.60162528874454e-08,0.00019971007574079674,CARRAO
433728982,433729915,0,116.197,0,6,25.469573283859,0.039255250180287145,0.014907312093666069,4.799349355484445e-08,0.00019722364752308605,CARRAO
433728982,433728987,0,116.044,0,6,25.392022263450833,0.03937514156492259,0.044581373458084404,4.1575970805097125e-08,0.0001924406234521077,CARRAO
433728987,433728992,0,116.47000000000001,0,6,25.62152133580705,0.03902244750181028,0.03837443156003961,3.658688643988101e-08,0.00019163189111081106,CARRAO
433728987,433729742,0,115.926,0,6,25.487940630797773,0.0392269617120396,0.0020903253576425806,3.563523550676744e-08,0.00019214354590236973,CARRAO
433728987,433729936,0,115.877,0,6,25.70575139146568,0.03889458261760757,0.007689098775213652,4.411995911757317e-08,0.00019297151169397523,CARRAO
433728992,433728996,0,114.765,0,6,25.578849721706863,0.03908754623921085,0.04353480515103397,2.5999165774495315e-08,0.00019496738187296537,CARRAO
433728992,433729898,0,116.733,0,6,25.704452690166978,0.038896547741921514,0.007916498186505314,3.22715561333128e-08,0.00019636592920942012,CARRAO
433728992,433729739,0,115.46,0,6,25.490909090909092,0.03922239366502664,0.012967545137455605,2.7998110150894554e-08,0.00019458979018493165,CARRAO
433728996,433728997,0,115.569,0,6,25.676252319109462,0.03893926803714007,0.01801093922360281,1.573587988514198e-08,0.00020236494228621898,CARRAO
433728996,666983171,0,114.676,0,6,25.540445269016697,0.039146321088455144,0.03808393505935109,1.621736547130166e-08,0.00020268621222596926,CARRAO
433728997,4550104335,0,65.226,0,5,26.071428571428573,0.03834904821206191,0.01758971929760445,7.503808252962281e-09,0.00018691596327158281,CARRAO
433728997,433729951,0,115.97,0,6,25.85621521335807,0.03866824525526495,0.0009780048856513628,9.959137001525414e-09,0.00020917120675346533,CARRAO
433728997,433729737,0,116.243,0,6,25.618552875695734,0.03902696909127777,0.0018224750895346137,1.0894753253807512e-08,0.0002070292231676786,CARRAO
433729004,666983172,0,116.03200000000001,0,6,26.051205936920223,0.03837881722880583,0.007117320447783176,4.312077800905597e-09,0.00021567390938308435,CARRAO
433729004,433729009,0,115.504,0,6,26.020037105751392,0.03842479037134219,0.0165045743047099,3.5641485104234124e-09,0.00021068137673075052,CARRAO
433729004,4550104335,0,49.979,0,5,26.17513914656772,0.03819710243542854,0.017807435492206494,3.966561122619832e-09,0.00018872113167136328,CARRAO
433729009,666983174,0,115.858,0,5,26.207792207792206,0.03814951153900609,0.0009211550328284473,2.1612487843297116e-09,0.0001826104528608135,CARRAO
433729009,666983190,0,116.84700000000002,0,6,26.010018552875696,0.03843959085267558,0.0019361747951804444,2.9103652750837147e-09,0.00020593508293735075,CARRAO
433729009,2356795814,0,57.845,0,5,26.075881261595548,0.038342499768763916,0.015830028935638,1.7679347166437346e-09,0.00018207865476051847,CARRAO
433729015,2356795809,0,50.301,0,5,25.80964749536178,0.038738013427836164,0.018413573620793676,3.404136901444259e-10,0.00018726717267691708,CARRAO
433729015,2356795814,0,58.284,0,5,25.802597402597403,0.03874859788892404,0.015805352351170913,6.77449573231193e-10,0.00018502077427504766,CARRAO
433729015,666983189,0,117.054,0,6,25.725231910946196,0.03886512956245177,0.011162406129413693,4.78049087515087e-10,0.0002157109058507627,CARRAO
433729015,666983191,0,115.89500000000001,0,6,25.521892393320964,0.03917477810166978,0.013031891674167255,5.39222945391884e-10,0.0002183980850984736,CARRAO
433729021,433729027,0,115.50899999999999,0,6,25.732096474953618,0.038854761492761146,0.01628435921547828,7.535078385512148e-11,0.0002216977726161043,CARRAO
433729021,2356795809,0,65.06,0,5,25.612059369202225,0.0390368637223015,0.018269730998678554,1.2032884796507043e-10,0.00019020432706642524,CARRAO
433729021,6047502173,0,58.04,0,5,25.368645640074213,0.03941142485208832,0.025954144346461747,7.95131788357002e-11,0.00018982568116179002,CARRAO
433729027,433729039,0,57.937999999999995,0,5,25.857328385899816,0.0386665805655409,0.01600745045433809,3.83354134864434e-11,0.00019093578233436275,CARRAO
433729027,666983067,0,116.44200000000001,0,5,25.887012987012987,0.038622241652392655,0.016157071770284113,3.916526306784374e-11,0.00019462257363245136,CARRAO
433729027,666983192,0,116.122,0,6,25.539146567717996,0.03914831173359679,0.016587037827486,7.923472200816309e-11,0.00021886316060152526,CARRAO
433729039,433729043,0,57.02,0,5,26.34155844155844,0.03795578281601059,0.01598480422175753,1.3149546174982697e-11,0.00019029320804572484,CARRAO
433729039,666983088,0,116.086,0,4,26.530983302411872,0.037684787625347896,7.26241251721309e-05,1.0621195710235646e-11,0.00016644356888140792,CARRAO
433729043,3901559383,0,58.988,0,5,26.82282003710575,0.037274770880166,0.0036830583221703025,6.522240863570878e-12,0.00019255400397269376,CARRAO
433729043,666983193,0,115.991,0,6,26.379406307977735,0.03790132573759539,0.0031453274340678366,1.1997448813068736e-11,0.0002186787740287038,CARRAO
433729043,433729047,0,114.333,0,6,26.693692022263452,0.03745508378568102,0.015159075727596122,7.136497723082658e-12,0.0002212972951070897,CARRAO
433729047,2356795802,0,62.378,0,5,27.330241187384043,0.036582716719842506,0.010849731938887658,3.1963275784921116e-12,0.00019211930187187383,CARRAO
433729047,3901559384,0,59.477000000000004,0,5,27.339703153988868,0.03657005584924098,0.010873315256954307,2.9328129284872993e-12,0.00019243909117808904,CARRAO
433729047,2356792804,0,45.815999999999995,0,5,27.194990723562153,0.036764655719363354,0.015082390898650926,2.6953575249692995e-12,0.00019250123477637055,CARRAO
433729050,666983101,0,17.706,0,4,29.195176252319108,0.034245878928839235,0.001712055183090105,1.0360996092912047e-14,0.0001688271577743465,CARRAO
433729050,2356792744,0,67.111,0,4,28.75139146567718,0.03477447247854423,0.004183305790829088,1.909477087688109e-14,0.00017102142820567896,CARRAO
433729050,666983080,0,106.434,0,4,28.691836734693876,0.034846652742662416,0.0034892378074636047,2.3729319384581382e-14,0.00017042176946793596,CARRAO
433729068,3901556342,0,130.435,0,4,25.700185528756958,0.03890300597730357,0.001325663600991499,2.437993660880025e-10,0.0001802904293594404,CARRAO
433729068,2407326952,0,60.275000000000006,0,4,25.974582560296845,0.03849203231359328,0.04524451762040885,1.094677758239943e-10,0.00017881030386754002,CARRAO
433729153,2385867014,0,27.505,0,4,31.28330241187384,0.03196000403280808,0.04750929705937889,0.0002462023355613408,0.00017199153378951522,CARRAO
433729153,839181311,0,141.99499999999998,0,4,32.03543599257885,0.031209641456874635,0.03617149976315164,0.0009095098506081788,0.00017602909065115012,CARRAO
433729161,433729168,0,61.199,0,4,30.502411873840444,0.03277821030606783,0.039420999867090044,9.972195851443638e-06,0.00016660112028624494,CARRAO
433729168,433729172,0,60.04,0,4,30.614842300556585,0.03265783509278001,0.03918094980173614,4.3716358357830424e-06,0.0001663817288189935,CARRAO
433729168,433729659,0,112.28,0,5,30.026159554730985,0.03329811358061307,0.0011905671100799007,6.203752677082635e-06,0.00019599272637973525,CARRAO
433729325,2407385148,0,119.488,0,5,28.85417439703154,0.03465060055039736,0.011434004739466028,1.6193391203413714e-06,0.000189264648782166,CARRAO
433729325,433729659,0,178.046,0,5,29.337662337662337,0.03407955479668627,0.00016445850280914803,4.609225424314185e-06,0.0001910644594105704,CARRAO
433729337,433729773,0,72.524,0,6,27.42708719851577,0.036453541858325667,0.001275685708399925,2.346450949438207e-08,0.00022978446899770002,CARRAO
433729337,2357332814,0,78.86,0,5,27.526159554730985,0.03632233800196811,0.012073565583723826,1.308154970781824e-08,0.00019456795270123627,CARRAO
433729337,7280055631,0,112.047,0,5,27.243228200371057,0.036699559387364564,0.012406699474029535,1.2642403634567269e-08,0.00019478609266927155,CARRAO
433729406,2357332832,0,24.345,0,4,26.846196660482374,0.03724231346016959,0.0491562248011856,3.0063919506791395e-09,0.00016470931143807043,CARRAO
433729406,433729783,0,173.65099999999998,0,5,26.226159554730984,0.03812279373792967,0.0006273787329386017,4.1182660971598295e-09,0.0001928523438631538,CARRAO
433729406,2357332790,0,118.88999999999999,0,5,26.54656771799629,0.0376626644116126,0.048724072211182835,9.409974938026042e-09,0.0001942630736487978,CARRAO
433729439,433729773,0,110.344,0,5,28.048423005565862,0.03564601371865512,0.00032704283464611203,3.2381672014665713e-08,0.00020427463017960262,CARRAO
433729439,433729446,0,59.029,0,4,28.60630797773655,0.03495083923521934,0.025605704726549865,7.220842451954409e-08,0.0001736818044883666,CARRAO
433729439,7474062569,0,48.945,0,4,28.69090909090909,0.03484777941594889,0.026133596217048367,2.8667767947121587e-08,0.0001730846987400988,CARRAO
433729446,433729775,0,101.16300000000001,0,4,28.58200371057514,0.034980559143693565,0.017621111661388533,7.364216969441997e-08,0.00017454043570864293,CARRAO
433729482,433729659,0,155.16000000000003,0,5,29.755102040816325,0.033601446564409526,0.00035328122825668834,1.0942997627432066e-05,0.00019482306459618707,CARRAO
433729608,6940970000,0,73.25,0,5,26.480148423005566,0.03775713244773275,0.01832298869047145,5.542973452468615e-10,0.00022686183858389855,CARRAO
433729608,433729784,0,115.392,0,6,26.318923933209646,0.03798842512635786,0.004290602078986624,1.1921519777137123e-09,0.000246228838714302,CARRAO
433729608,433729611,0,117.415,0,5,26.537662337662336,0.03767530306631804,0.0137069055859822,1.0450047435454014e-09,0.00021601171620290701,CARRAO
433729608,2407432390,0,55.751000000000005,0,5,26.979406307977737,0.03705843115411329,0.0016755088491325165,5.320825500931745e-10,0.00024358693248888164,CARRAO
433729611,2357332828,0,25.001,0,4,26.73525046382189,0.037396861966787646,0.013999276257642908,1.0753911550597984e-09,0.00018470715184165721,CARRAO
433729611,433729783,0,114.72,0,5,26.413914656771798,0.037851809708437816,0.00039638716061692086,2.5756053602182805e-09,0.00020001953682639793,CARRAO
433729613,433729773,0,112.605,0,5,28.1265306122449,0.03554702444558779,0.0002261499639768721,2.5582801376843844e-08,0.0002076615877255057,CARRAO
433729613,2913647720,0,48.731,0,4,28.387755102040817,0.03521992026664924,0.006686885847838246,4.167129198083906e-08,0.00018010965826985038,CARRAO
433729659,7474012071,0,116.13300000000001,0,6,29.584415584415584,0.0337953091684435,0.001327537771963683,5.305055923543996e-06,0.0002264292855731072,CARRAO
433729693,1079950108,0,57.697,0,5,26.063450834879408,0.038360786435272846,0.015579827110851435,2.858855479207252e-09,0.00018863188867775834,CARRAO
433729693,433729945,0,58.202999999999996,0,5,26.205380333951762,0.0381530227190666,0.003959186178738749,3.427263717911954e-09,0.00018475763003661624,CARRAO
433729693,433729944,0,90.40200000000002,0,6,26.418367346938776,0.037845429965939814,0.0046342000905536945,2.5745563833244627e-09,0.0002200658177231036,CARRAO
433729732,7474012071,0,67.574,0,5,29.16103896103896,0.03428596877425594,0.003319000610823556,2.313907752210671e-06,0.00019373283903017737,CARRAO
433729732,2407385148,0,106.948,0,5,29.03469387755102,0.03443516489133977,0.003363355990498578,1.071468269121059e-06,0.00019093522106648612,CARRAO
433729732,2407427919,0,183.613,0,4,28.620964749536178,0.03493294094005847,0.00025863559416139517,7.210937472419078e-07,0.00016239059049378017,CARRAO
433729737,4550104337,0,60.312,0,5,26.001113172541743,0.038452756411171206,0.0018726091630405363,6.701242858570171e-09,0.00018792551293216313,CARRAO
433729739,433729742,0,115.628,0,6,25.550463821892393,0.03913097148500185,0.0011263767542825979,2.7046459228351927e-08,0.00019510144497649038,CARRAO
433729739,3901559130,0,62.03,0,5,25.669758812615957,0.03894911824226655,0.013938365701046928,1.6249124461540387e-08,0.0001726117881786604,CARRAO
433729742,433729764,0,115.358,0,6,25.433766233766235,0.03931051587301587,0.0016936258351969622,2.3254580115891005e-08,0.00019846480376007806,CARRAO
433729761,666983187,0,57.373,0,5,25.653617810760668,0.03897362464110853,0.01197439070311242,1.0447784221509662e-08,0.00018527766586291073,CARRAO
433729761,433729914,0,117.675,0,6,25.125231910946198,0.039793243492708144,0.013511679443046366,1.2523168882687439e-08,0.00020550962444064333,CARRAO
433729761,433729764,0,115.71799999999999,0,6,25.2987012987013,0.03952038721032561,0.011550671882484483,1.625606178827275e-08,0.00020467129049079642,CARRAO
433729764,3901559128,0,61.986,0,5,25.911502782931354,0.038585738527741775,0.015691340283696384,1.1788974444471687e-08,0.00017643145530596495,CARRAO
433729764,433729937,0,115.83,0,5,25.39239332096475,0.03937456617835093,0.005594400351969309,1.1607254584237768e-08,0.00017326369629988588,CARRAO
433729765,3901559130,0,53.608000000000004,0,5,25.659925788497215,0.03896404375772738,0.010616397652850747,8.59118571314286e-09,0.00017841403672255195,CARRAO
433729765,433729897,0,116.818,0,6,25.48051948051948,0.03923838648609291,0.013121851880832088,7.469293915105443e-09,0.00020840964419399728,CARRAO
433729765,3901559128,0,54.295,0,5,25.86178107606679,0.03865992323971448,0.01239561062911078,7.92291477327151e-09,0.00017901857957436943,CARRAO
433729767,433729947,0,115.586,0,6,25.793320964749537,0.03876253362680362,0.001891194691848028,3.971732219975021e-09,0.00021625630880349456,CARRAO
433729767,666983184,0,115.163,0,6,26.093320964749537,0.03831687321800587,0.010803970930983498,3.6051784707783697e-09,0.0002143485016022171,CARRAO
433729767,4550104339,0,58.311,0,5,26.15677179962894,0.038223924530978476,0.010202518229826775,3.376029526955087e-09,0.00019452704156324558,CARRAO
433729767,4550104337,0,56.04,0,5,26.01465677179963,0.038432737360842684,0.002049093596254532,3.425871945983116e-09,0.00019435943336247366,CARRAO
433729773,433729775,0,67.609,0,5,28.04879406307978,0.03564554215751771,0.0011863502253924867,3.38154171896301e-08,0.00020517081489913733,CARRAO
433729778,433729780,0,58.911,0,5,26.17513914656772,0.03819710243542854,0.0021179693794822945,6.5769192630384235e-09,0.00018947940841772102,CARRAO
433729778,2357332825,0,112.92,0,4,26.40779220779221,0.037860585367224496,0.00016367759823740467,5.5051361966018915e-09,0.00015863876982561984,CARRAO
433729780,433729783,0,117.479,0,6,25.992207792207793,0.03846593099116333,0.0017585970955660082,5.652992796619875e-09,0.0002232197647902214,CARRAO
433729780,666983185,0,114.004,0,5,26.218552875695732,0.03813385414455342,0.002054091385513689,5.1377638042031e-09,0.00019732246255681787,CARRAO
433729780,2357332790,0,154.48,0,6,26.33339517625232,0.0379675489829995,0.0022741502938309634,1.0944701637967199e-08,0.00022476140611189604,CARRAO
433729783,433729784,0,114.989,0,6,25.899257884972172,0.038603981460919645,0.001929302834949103,2.7227525941028358e-09,0.00022937624596107642,CARRAO
433729784,3901556342,0,56.738,0,5,25.858812615955472,0.03866436120218971,0.0011360599709722152,9.406075996974188e-10,0.00021064488538294262,CARRAO
433729784,2357332839,0,94.489,0,5,25.827272727272728,0.03871157755604882,0.0043438597707795195,9.697210677153117e-10,0.00019883014144085446,CARRAO
433729795,433729947,0,117.761,0,6,25.534322820037104,0.039155707331250456,0.0018772945904709964,3.733023790196477e-09,0.00021062808221725414,CARRAO
433729795,2411615285,0,8.351,0,5,25.662708719851576,0.03895981839476005,0.0016211578909391799,2.1860963917400687e-09,0.00018286229492063847,CARRAO
433729795,2411615283,0,104.357,0,5,25.653617810760668,0.03897362464110853,0.03535920282762422,2.172633217711299e-09,0.00017909029727734938,CARRAO
433729797,461992615,0,9.09,0,6,25.12838589981447,0.03978824884452385,0.010233442050867812,5.702223200531515e-09,0.0001942833888430017,CARRAO
433729797,433729799,0,119.161,0,6,25.26307977736549,0.03957611186181775,0.037370344461692025,6.473333707944618e-09,0.00019558896308840719,CARRAO
433729797,433729897,0,116.349,0,6,25.33951762523191,0.039456728657197244,0.016396653292894973,6.333997001601729e-09,0.00020159122043712227,CARRAO
433729799,433729937,0,118.446,0,5,25.277365491651206,0.039553745091562995,0.0019183701709446963,6.687489399104404e-09,0.00016989665793680375,CARRAO
433729799,433729801,0,113.555,0,6,25.057884972170687,0.03990019398498467,0.037638975634371734,6.399483338036003e-09,0.00019663263234150422,CARRAO
433729799,2407322403,0,8.539,0,6,25.35769944341373,0.03942843764175654,0.0021638865683008034,5.5914790607842555e-09,0.00019622139513331534,CARRAO
433729801,1079950285,0,9.153,0,6,24.912059369202225,0.040133754356698144,0.013012837602616718,4.929961090087715e-09,0.000199360613388096,CARRAO
433729801,433729914,0,117.048,0,6,24.994990723562154,0.0400005938110048,0.016151136895538865,7.58635563772305e-09,0.00020100880769480012,CARRAO
433729818,433729947,0,116.472,0,6,25.53320964749536,0.03915741440446434,0.0031576657263013815,5.630827281505133e-09,0.00020697371050685422,CARRAO
433729818,433729897,0,114.897,0,6,25.53395176252319,0.03915627633911704,0.0034294205172680646,6.670885861930917e-09,0.00020488001914652115,CARRAO
433729820,433729822,0,136.817,0,5,26.556586270871986,0.037648456057007125,0.007101389994519612,2.6237147539936053e-09,0.00019768673002709585,CARRAO
433729820,433729952,0,77.213,0,5,26.536920222634507,0.037676356670441995,0.021175633091049882,3.394910862763287e-09,0.0001946601025591905,CARRAO
433729820,433729906,0,104.334,0,5,26.52152133580705,0.03769823226140426,0.020954793278160865,4.455846407371595e-09,0.00019773407636208828,CARRAO
433729822,433729955,0,94.00800000000001,0,5,26.633209647495363,0.03754014196847157,0.005737774431341386,8.928193088838377e-10,0.00020240167378683397,CARRAO
433729822,1080831426,0,80.069,0,4,26.733580705009278,0.03739919774591586,0.003976522260231451,1.341756220578658e-09,0.00016932023706648757,CARRAO
433729829,438679847,0,61.314,0,5,27.06252319109462,0.03694461392912722,0.054850580938338056,1.0935313089704033e-13,0.00020072438811716747,CARRAO
433729829,6940137802,0,13.914,0,4,27.524860853432283,0.036324051793285204,0.0010715572533462152,2.8991931453880434e-14,0.00017430561595384493,CARRAO
433729829,7953399261,0,1.849,0,4,27.407977736549164,0.03647895809218231,0.05455586755296212,3.004526375337808e-14,0.00017423950015196249,CARRAO
433729839,3746296706,0,36.991,0,4,28.691280148423004,0.0348473287378917,0.019623038621509766,3.105077553205724e-14,0.00017862745967159232,CARRAO
433729839,6940137876,0,48.094,0,4,29.202968460111318,0.03423674112474905,0.006568813076590652,8.058589526109183e-15,0.00017622579074725315,CARRAO
433729839,666983055,0,114.02799999999999,0,4,29.06660482374768,0.034397360039318564,0.012902730058000907,7.680312839705331e-15,0.00017590609843792272,CARRAO
433729843,2356792783,0,14.973,0,6,29.567161410018553,0.03381503071526728,0.02716423407083523,6.824599085766217e-14,0.0002215473809587027,CARRAO
433729843,666983054,0,59.918,0,5,29.961966604823747,0.033369454162667574,0.006488848448444134,2.3218317870593112e-14,0.0001855941623750673,CARRAO
433729843,1079949617,0,93.581,0,5,29.914100185528756,0.0334228495940758,0.0032504371894244905,2.379874410581942e-14,0.00018303319726107058,CARRAO
433729843,1079949925,0,54.441,0,5,30.02894248608534,0.03329502767892448,0.028607189538502577,2.3516607577277896e-14,0.0001856915312802662,CARRAO
433729854,2410520785,0,98.889,0,4,30.25009276437848,0.033051616701830135,0.01760502502721062,1.429027982362543e-12,0.00018435319084891886,CARRAO
433729854,4958846349,0,26.589,0,4,30.09239332096475,0.03322482398056696,0.016317781931148894,2.7758649048701247e-12,0.000185170561139184,CARRAO
433729854,8537941180,0,23.311999999999998,0,4,30.73339517625232,0.03253185876500878,0.001277559879372109,1.4924125827321354e-12,0.000185170561139184,CARRAO
433729867,433729874,0,309.94,0,4,29.181818181818183,0.03426155508932545,0.01707026157648078,4.142011001817246e-11,0.00018310152078873272,CARRAO
433729878,433729886,0,169.494,0,4,29.446567717996288,0.033953514746372475,0.005714191113274737,1.0818907300710583e-11,0.0001845788313056224,CARRAO
433729878,433729881,0,107.239,0,4,29.667717996289426,0.03370041711223258,0.0005371061644450713,3.814549518372146e-12,0.0001844927239144977,CARRAO
433729878,2410520785,0,40.584,0,4,29.642115027829313,0.033729525383204714,0.006323452860148893,2.982057484504337e-12,0.0001841718546100554,CARRAO
433729881,433729891,0,89.606,0,4,29.84248608534323,0.03350305562290567,0.00046573148658772973,5.4847025809594055e-12,0.00018449272391449773,CARRAO
433729881,666983049,0,96.42699999999999,0,4,29.6734693877551,0.03369388520695261,0.0008766434722390768,2.3587094933492614e-12,0.00018253606333821782,CARRAO
433729886,433729891,0,63.639,0,4,29.46586270871985,0.033931281127810554,0.00013009870165244094,1.2489056139096477e-11,0.0001845788313056224,CARRAO
433729886,433729888,0,157.819,0,4,29.001669758812614,0.03447437611550739,0.0058139907175435365,4.210256340139798e-11,0.00018314395447745145,CARRAO
433729888,433729912,0,117.126,0,4,28.49369202226345,0.03508897584987726,0.0320124020140466,1.735166355752572e-10,0.00017823132742058456,CARRAO
433729888,433729893,0,63.81,0,4,28.89387755102041,0.034602987068024504,0.0261709234555777,4.207229614310505e-11,0.000182755556970011,CARRAO
433729891,433729893,0,131.089,0,4,29.39369202226345,0.03401459301151283,0.0005505377230790567,1.2458792807657252e-11,0.0001841904337981819,CARRAO
433729893,666982945,0,58.888000000000005,0,4,28.96178107606679,0.03452185722338953,0.025881520221289613,1.0647190403212466e-11,0.00018237020497283903,CARRAO
433729897,9921158020,0,56.507,0,3,25.90556586270872,0.03859458143248992,0.0005588153115395362,3.6083159361624646e-09,0.00011477042095556374,CARRAO
433729898,2410532537,0,56.315000000000005,0,5,26.30148423005566,0.03801361407963884,0.0017179900578353545,2.2127325112217533e-08,0.00017527706611923714,CARRAO
433729898,433729936,0,116.413,0,6,25.99369202226345,0.038463734600945,0.007241952817433414,3.980462889166936e-08,0.00019770554979258432,CARRAO
433729898,433729900,0,115.52000000000001,0,6,26.110760667903524,0.03829128089983444,0.013572277637813648,3.0597989292141485e-08,0.00020532030509620244,CARRAO
433729900,2410532538,0,55.583,0,5,26.724489795918366,0.03741191988614669,0.010335272007023144,1.925858837520696e-08,0.0001833016716444265,CARRAO
433729900,433729934,0,116.86,0,6,26.413543599257885,0.03785234145073717,0.002270558132800944,3.69970450335422e-08,0.00020911298419568742,CARRAO
433729900,433729903,0,83.15799999999999,0,5,26.45417439703154,0.03779420428086515,0.021433331599725186,2.315886873367386e-08,0.00018483909212103927,CARRAO
433729903,433729933,0,135.225,0,5,26.68534322820037,0.037466802007870184,0.03214499961032862,3.326496397202961e-08,0.00019200900939357507,CARRAO
433729903,433729906,0,147.19,0,4,26.680705009276437,0.03747331530015507,0.03638968450049673,1.1288634912019631e-08,0.0001617640002173836,CARRAO
433729906,1080831426,0,145.027,0,4,26.7430426716141,0.03738596552082972,0.015564209019416568,3.1738878752373572e-09,0.00016938485620235223,CARRAO
433729911,2410526888,0,34.279,0,5,27.655102040816328,0.036152984348689465,0.018694543085706932,7.678586939939308e-10,0.0002031737433794739,CARRAO
433729911,666982929,0,31.832,0,5,28.256400742115027,0.03538364565140313,0.003901399240429741,7.606482359426505e-10,0.0002032429739741443,CARRAO
433729911,663895332,0,252.002,0,6,28.085343228200372,0.03559915444576562,0.006319704518204526,2.249985079900798e-09,0.0002314756295505759,CARRAO
433729914,433729945,0,57.686,0,5,25.566975881261595,0.03910569931643034,0.004909547042550397,6.276152179567425e-09,0.0001800781495937212,CARRAO
433729914,433729937,0,114.571,0,5,25.22022263450835,0.03964336420547754,0.0037819208409530097,7.874361740316271e-09,0.0001740688687621923,CARRAO
433729915,433729916,0,116.112,0,6,26.060111317254176,0.03836570224399134,0.018608487401900815,6.473612686285584e-08,0.00020689368410092962,CARRAO
433729915,433729936,0,116.477,0,6,25.771799628942485,0.03879490317471744,0.0011940030901955714,5.053748181511632e-08,0.00019775453576495355,CARRAO
433729916,1079949795,0,58.497,0,5,26.519294990723562,0.037701397099462006,0.002111097419250953,5.868414577154481e-08,0.0001830471591141249,CARRAO
433729916,667546525,0,115.814,0,6,26.666975881261596,0.037492607924305144,0.0017567229245938243,8.35100539434468e-08,0.00022278128714360392,CARRAO
433729916,1079949718,0,58.43599999999999,0,5,26.715027829313545,0.037425170493215,0.018840416059708587,8.269815959772214e-08,0.0001856156925576021,CARRAO
433729918,667546522,0,117.825,0,5,27.50148423005566,0.03635492771515115,0.021080050371468498,2.3798869412440855e-07,0.0001939258043209279,CARRAO
433729918,433729920,0,82.296,0,6,27.541929499072356,0.03630154057567817,0.018539143075930006,4.163681912397906e-07,0.00022393763235928587,CARRAO
433729918,1079949718,0,55.619,0,5,27.0430426716141,0.036971227068783356,0.01873608720892368,1.7481004529374485e-07,0.00018998207360673998,CARRAO
433729918,1079949987,0,58.014,0,5,27.289795918367346,0.03663693470752998,0.021396004361195854,1.6734328093186489e-07,0.00018989114474484605,CARRAO
433729920,839181173,0,104.106,0,6,28.209461966604824,0.035442521818624256,0.011701855007573994,1.0348833591635516e-06,0.00022420668115361915,CARRAO
433729920,2407322401,0,57.793,0,5,28.389239332096476,0.035218078918820006,0.029009667754779096,3.9121607192343915e-07,0.00019531001093366787,CARRAO
433729920,433729931,0,120.004,0,5,28.06326530612245,0.035627160999861164,0.0017582847337373109,3.562999875502803e-07,0.00019948594488489023,CARRAO
433729924,8702084637,0,15.283,0,5,29.792207792207794,0.03355959646282227,0.0013701751615808695,4.0518987850325613e-07,0.00019869772601703955,CARRAO
433729924,667546282,0,38.226,0,5,30.23543599257885,0.03306763863065982,0.006818546358634173,6.845282035985753e-07,0.00019668484893570993,CARRAO
433729931,12851351058,0,32.496,0,4,27.81873840445269,0.03594032398978279,0.012970044032085183,9.061088576044879e-08,0.00017800779687786753,CARRAO
433729931,7959207761,0,107.212,0,4,28.65064935064935,0.03489674733045387,0.010923136968631533,8.862608646279107e-08,0.00017483898807322534,CARRAO
433729933,12851351058,0,17.444,0,5,27.010204081632654,0.037016176117045024,0.013601952011539896,4.5268014359378527e-08,0.00020540771083094134,CARRAO
433729933,1079949987,0,58.604,0,5,26.999072356215212,0.03703143789726851,0.021503456830267737,6.193220584120128e-08,0.0001912172322574762,CARRAO
433729933,433729934,0,114.599,0,6,26.46938775510204,0.037772481951356275,0.0018140413201597856,4.710314025423906e-08,0.0002166559287799829,CARRAO
433729934,1079949795,0,57.603,0,5,26.73692022263451,0.03739452647940491,0.002219799335637627,4.360503336353712e-08,0.00018018444681159964,CARRAO
433729934,433729936,0,116.503,0,6,26.12374768089054,0.038272244987820205,0.0017164282486918678,4.620368462436938e-08,0.00020149822889206927,CARRAO
433729944,2061326947,0,51.277,0,3,27.159925788497215,0.03681212088092246,0.0005588153115395362,1.1028148590966623e-09,0.00012341166788222476,CARRAO
433729944,666983188,0,118.44300000000001,0,6,26.545454545454547,0.03766424377970366,0.004391182587827166,2.0006346598554796e-09,0.00022106949844894998,CARRAO
433729944,1079949580,0,58.492,0,6,26.76326530612245,0.03735771625050258,0.0005088374189479622,1.682361490831966e-09,0.0002359498276589866,CARRAO
433729945,666983187,0,116.959,0,4,26.073840445269017,0.0383455008609771,0.0009840959413109608,4.200767508767383e-09,0.00015827043443484345,CARRAO
433729947,4550104342,0,74.908,0,5,26.06808905380334,0.038353961012618586,0.0034192687578354013,2.765329235266071e-09,0.0001906747372893559,CARRAO
433729948,2356795823,0,57.199,0,5,26.21929499072356,0.03813277479797908,0.009789419711374547,1.387660523805205e-09,0.00018262849863319512,CARRAO
433729948,4550104342,0,41.34,0,5,26.25621521335807,0.038079154330452725,0.003643232189011392,1.588109754461621e-09,0.00019199623797040938,CARRAO
433729948,666983184,0,115.593,0,6,26.01743970315399,0.0384286264386668,0.012867745533186805,2.652361363255273e-09,0.00021184353242001454,CARRAO
433729948,666983216,0,117.693,0,6,25.989795918367346,0.038469500660313384,0.006578808655108966,1.4386054725399358e-09,0.00021439305514212178,CARRAO
433729951,666983172,0,115.43499999999999,0,6,26.043970315398887,0.038389479758080026,0.025963359020408316,6.317027100698939e-09,0.00021547984605958665,CARRAO
433729951,666983171,0,115.344,0,6,26.03413729128015,0.038403979362047834,0.027111288740871032,1.044062260072259e-08,0.00020949247669321561,CARRAO
433729951,433729952,0,189.599,0,5,26.184230055658627,0.03818384077430509,0.0021596696836133893,5.617686621889506e-09,0.00018599574717082643,CARRAO
433729952,433729953,0,69.78999999999999,0,4,26.452319109461968,0.037796855054777034,0.023419328106582853,1.7639782032739542e-09,0.0001657350621752336,CARRAO
433729953,666982984,0,39.711,0,4,26.65064935064935,0.03751557637820491,0.008858425280942134,5.083317375606287e-10,0.0001708545353197794,CARRAO
433729953,666982991,0,33.473,0,4,26.58812615955473,0.03760379596678529,0.02719468934913322,4.881725780459648e-10,0.00017296754079738645,CARRAO
433729955,8702284450,0,61.907000000000004,0,5,27.076808905380332,0.03692512196458916,0.0066420619254201774,3.239731444122343e-10,0.0002070061717472114,CARRAO
433729955,666982978,0,174.802,0,5,26.780333951762522,0.03733390603134136,0.00830866846243482,3.6819027719432724e-10,0.00020608920356050137,CARRAO
433729955,666982984,0,114.42699999999999,0,5,26.759369202226345,0.03736315544986238,0.007579928316083932,4.0836896207830047e-10,0.00020478385823774457,CARRAO
438679141,438679144,0,113.182,0,5,28.285157699443413,0.035347671802541045,0.0013739235035252375,2.414432398651841e-14,0.0002098216876797256,CARRAO
438679141,678571720,0,55.552,0,5,28.273654916512058,0.03536205256077955,0.0023542711028918303,2.6657751631105654e-14,0.00019833143312818652,CARRAO
438679141,678571728,0,60.048,0,6,27.93747680890538,0.03578757230231832,0.006074500482677116,3.8086551141611824e-14,0.00023223891544478054,CARRAO
438679144,6047502180,0,40.598,0,4,28.73562152133581,0.034793556509668463,0.004460370732883626,6.519608446837179e-15,0.00019368741581343165,CARRAO
438679144,6047502178,0,29.275000000000002,0,4,28.197588126159555,0.03545744645853209,0.005687484176921115,6.556315796694412e-15,0.00019508667148961312,CARRAO
438679195,7280410497,0,56.062,0,5,27.079406307977738,0.0369215801805999,0.010873471437868655,3.3213647301199497e-12,0.00020525031223716668,CARRAO
438679195,2356795802,0,54.069,0,5,27.26512059369202,0.0366700916582176,0.0109503124477282,3.7178591651455344e-12,0.00019481035378972726,CARRAO
438679195,666983193,0,115.241,0,6,26.75083487940631,0.03737507542288833,0.0021534224470394422,9.542152152393237e-12,0.00022319486153137453,CARRAO
438679195,2356792809,0,88.653,0,5,27.1417439703154,0.036836780729216506,0.002142802144863733,3.3819525943614337e-12,0.00019495312684526852,CARRAO
438679730,438679871,0,15.697,0,4,28.205380333951762,0.03544765074624902,0.12093072579925973,4.551166340968934e-18,0.00019384487170921987,CARRAO
438679730,10671569917,0,122.606,0,4,28.076623376623377,0.03561021059517752,0.12192778475646164,1.061341928903644e-16,0.0001907612168743296,CARRAO
438679730,678571725,0,63.724000000000004,0,4,28.477922077922077,0.035108406733725964,0.005729965385623953,2.865160924635192e-17,0.00018970710262693498,CARRAO
438679734,1079203296,0,67.081,0,4,28.710018552875695,0.034824584644613465,0.0016755088491325165,-5.853913013969197e-18,0.00023216567984195627,CARRAO
438679734,1266042787,0,29.299,0,4,28.080890538033394,0.03560479928116494,0.11868640606006937,-1.3551934210732179e-17,0.00020438024804316076,CARRAO
438679734,438679739,0,33.216,0,4,27.848979591836734,0.03590129641719851,0.1181660112534596,-3.966835444997223e-18,0.0002041440369944764,CARRAO
438679739,1079204087,0,134.801,0,4,27.620222634508348,0.03619863910850188,0.03386252112542093,-2.4367706618062668e-17,0.0002006964715851717,CARRAO
438679739,1266042898,0,37.265,0,4,27.238033395176252,0.03670655868349533,0.1407972504662391,-7.627983574721647e-18,0.0001935484377969849,CARRAO
438679770,2376451510,0,17.282000000000004,0,4,30.585528756957327,0.032689134760032997,5.9036385623796725e-05,3.577396025326194e-18,0.0001726303618114204,CARRAO
438679770,438679775,0,51.538000000000004,0,5,30.417068645640075,0.032870178349232684,0.08480889156687096,-6.476239820023943e-18,0.00020305415348852472,CARRAO
438679770,2376451490,0,149.74200000000002,0,4,29.747495361781077,0.03361003873043988,0.08515030304563716,7.148562667596691e-18,0.0001692764150796509,CARRAO
438679775,2431347128,0,166.86599999999999,0,3,31.226159554730984,0.03201848980149606,0.0005588153115395362,-1.3483947555300706e-17,0.00012831688816517968,CARRAO
438679775,438679779,0,84.304,0,6,31.019109461966604,0.03223221067867674,0.08413575182602821,-1.8401018488431062e-17,0.00023284998591032558,CARRAO
438679775,1876029058,0,16.058999999999997,0,6,31.21669758812616,0.03202819479608696,0.0001218211131919615,-1.472146118593051e-17,0.00023624530594699113,CARRAO
438679779,438679898,0,7.32,0,5,30.84081632653061,0.032418547572067954,0.015751157573891925,-1.4582687498691817e-17,0.0001976011600621816,CARRAO
438679779,2431345878,0,70.679,0,5,31.27903525046382,0.03196436409362136,0.06086229669344701,-2.1304732878459535e-18,0.00020229187559859513,CARRAO
438679847,1266042840,0,36.624,0,6,26.695547309833024,0.03745248073167511,0.07876187892511922,2.68938555081455e-13,0.0002198452747440811,CARRAO
438679847,10671569912,0,31.063,0,5,26.98552875695733,0.037050023375409066,0.15575782025169804,1.0835220853002194e-13,0.00020499369936113416,CARRAO
438679847,2356792829,0,10.93,0,5,26.899257884972172,0.037168849621000505,0.04925274460625308,1.8412717689792106e-13,0.00019484208387431464,CARRAO
438679852,1079949903,0,60.549,0,5,26.346938775510203,0.037948031828744455,0.07257352255588193,2.95923207146646e-13,0.00018436296026239934,CARRAO
438679852,2061326965,0,36.655,0,6,26.46679035250464,0.037776188873934496,0.0006608014486092168,4.838628203331491e-13,0.00021116747313385204,CARRAO
438679852,1266042840,0,24.709,0,6,26.561410018552877,0.03764161882011092,0.07363289769790894,3.698639168352522e-13,0.0002104173110791777,CARRAO
438679852,2363551346,0,58.46000000000001,0,6,26.818923933209646,0.037280185951270806,0.001869485544753563,2.956202432308241e-13,0.00021064388861797626,CARRAO
438679867,2376451479,0,29.281,0,4,27.659554730983302,0.036147164369319515,0.14736497027642928,6.974926011277993e-15,0.00019176560501997278,CARRAO
438679867,1266042836,0,72.014,0,4,27.385714285714286,0.03650861397340271,0.14748850937967908,1.9020936533589716e-15,0.00019533046724836653,CARRAO
438679867,1266042782,0,81.15899999999999,0,4,27.63951762523191,0.03617336904354363,0.00040528947273479497,3.0136639585135993e-15,0.00020340662102530404,CARRAO
438679871,2476920068,0,76.543,0,4,28.071428571428573,0.03561680050229669,0.0018587090616635049,-4.12528002878478e-18,0.00019894830507066034,CARRAO
438679871,6940029370,0,74.03399999999999,0,4,28.413358070500927,0.03518818397889623,0.1195452449080727,-8.017664665030935e-18,0.00020403252522883085,CARRAO
438679885,1266042916,0,22.776,0,4,31.11168831168831,0.03213629749779357,0.0015315100461030442,-1.9429158477149753e-18,0.00017475018063037296,CARRAO
438679885,7950802718,0,79.366,0,4,30.81317254174397,0.032447631605883806,0.048005640005178964,8.843555896655603e-19,0.00017373315727242528,CARRAO
438679885,2376451510,0,23.266,0,4,31.526901669758814,0.031713058318130996,0.04922822420270034,-9.608961683013818e-18,0.00017590780340401784,CARRAO
461987971,2357332835,0,20.727,0,4,27.545454545454547,0.03629689499562201,0.003494704139465808,8.054320099671601e-10,0.0001660679744644859,CARRAO
461987971,461988003,0,117.458,0,5,27.900927643784787,0.035834452675116035,0.0028885660108786257,7.459022712238644e-10,0.00018944946355676302,CARRAO
461987997,2357332880,0,128.762,0,4,28.88126159554731,0.0346181023960943,0.0019972415326907737,6.34306859442877e-11,0.00018783466778253498,CARRAO
461987997,2357332878,0,67.002,0,4,29.160111317254174,0.034287059482226594,0.01021844868309034,3.0030145078912034e-11,0.0001967597396063419,CARRAO
461988003,461992608,0,75.693,0,6,27.959183673469386,0.03575978765759787,0.0038617292881851797,6.030485856699418e-10,0.0002249826348623157,CARRAO
461992270,4964981001,0,65.089,0,4,29.299628942486084,0.03412379293968656,0.008319757307353575,9.077797153847049e-13,0.00018121013982541387,CARRAO
461992270,461992271,0,152.099,0,4,29.126716141001854,0.03432637123948201,0.002780020275406301,4.269832810728641e-13,0.00017990584198907452,CARRAO
461992270,461992272,0,105.95,0,4,29.11335807050093,0.0343421211947413,0.0057309024711100455,1.0227955111005518e-12,0.00018607321436560207,CARRAO
461992271,461992273,0,105.862,0,4,28.95287569573284,0.034532475521607625,0.0029694677245112357,3.171395555225229e-13,0.0001773128697784881,CARRAO
461992272,2407107557,0,89.231,0,2,29.515769944341372,0.033873907850902,0.0005588153115395362,8.227621853049162e-13,0.00010359075319823114,CARRAO
461992273,461992274,0,116.667,0,4,28.658627087198514,0.034887033080857124,0.029471026175765063,2.878090985473135e-13,0.00017682286831359004,CARRAO
461992274,2380802667,0,44.124,0,4,28.97439703153989,0.034506825807443076,0.030026093145360234,1.1459355176928034e-13,0.00017539830320382755,CARRAO
461992275,7949811479,0,5.736,0,4,29.613729128014842,0.03376185643223195,0.0021599820454420867,1.072700350500224e-13,0.00019649409488074702,CARRAO
461992275,461992610,0,254.46400000000006,0,4,29.117254174397033,0.03433752596500618,0.00021599820454420865,2.4039715882473207e-13,0.0001861205467988136,CARRAO
461992275,461992309,0,121.651,0,4,29.017625231910944,0.03445542022313865,0.001588516079840308,7.113330462957272e-14,0.00018756694378333717,CARRAO
461992277,461992307,0,137.544,0,4,29.248237476808907,0.03418375114178423,0.0012808396785734311,2.296275965750055e-13,0.00018061719455582408,CARRAO
461992277,461992278,0,232.00099999999998,0,4,29.102226345083487,0.034355257202236374,0.00016789448292481873,5.765602055060575e-14,0.00018081443686294345,CARRAO
461992278,461992284,0,62.278,0,4,28.870500927643786,0.03463100532092641,0.005484917531010892,1.843602052156365e-14,0.00018372529485077173,CARRAO
461992279,2357332933,0,50.5,0,4,28.542857142857144,0.03502853502853503,0.001317073650702322,5.541428117925187e-16,0.00019205305817386433,CARRAO
461992279,2407119152,0,36.554,0,4,28.992393320964748,0.034485406574560534,0.0011618298218397456,1.32272177821074e-15,0.0002017076739454393,CARRAO
461992280,461992281,0,61.496,0,4,28.83191094619666,0.034677357082185785,0.00195194906752966,2.049694844332075e-14,0.00018592372673455494,CARRAO
461992280,2407119152,0,20.138,0,4,29.24508348794063,0.03418743775018873,0.001984278516799834,5.233882544862557e-15,0.00019932800949874622,CARRAO
461992280,461992282,0,113.745,0,4,28.622634508348796,0.034930903056859135,0.00044620887229414617,6.676306309214332e-15,0.0001888352584619412,CARRAO
461992281,461992309,0,98.607,0,4,29.187755102040818,0.03425458613544196,0.003147982509611764,3.287399355430603e-14,0.00018354492726776895,CARRAO
461992282,461992284,0,49.317,0,4,28.620222634508348,0.03493384674225187,0.003291668950812539,9.065449684147124e-15,0.0001861332143012656,CARRAO
461992282,461992283,0,46.295,0,4,28.240074211502783,0.03540410211938455,0.0024340795501239998,3.113270805424659e-15,0.00018692190825506333,CARRAO
461992283,2357332933,0,62.384,0,4,28.51372912801484,0.03506431820104237,0.0016169410062517658,9.09364602120052e-16,0.00018776004352029339,CARRAO
461992284,461992309,0,14.693,0,4,28.807977736549166,0.034706166478827884,0.0046081178778574665,2.3167651671151783e-14,0.0001851936530404491,CARRAO
461992285,9631423841,0,55.166,0,4,26.6139146567718,0.03756735843400791,0.03651103707094565,2.17092927548579e-12,0.00018572508969567808,CARRAO
461992285,2407166460,0,319.64700000000005,0,4,26.43450834879406,0.037822321416038515,0.00022802413494905615,6.075824937696181e-13,0.00019744387837177077,CARRAO
461992287,2407166460,0,66.225,0,2,26.670500927643786,0.03748765251749517,0.0005588153115395362,2.012388454327402e-13,0.00011145450297630138,CARRAO
461992288,2407166459,0,65.211,0,4,26.056771799628944,0.03837061931276078,0.035563799825420975,4.672097372033263e-13,0.00018401744651161682,CARRAO
461992288,2357332912,0,54.101,0,4,26.87272727272727,0.037205545276297255,0.0019408602226109045,2.1510514954984826e-13,0.00018142312522080898,CARRAO
461992288,2357332904,0,58.146,0,4,26.940074211502782,0.03711253589702976,0.03636079103134223,1.4607456179748807e-13,0.00018029380668688343,CARRAO
461992293,461992295,0,59.474,0,4,29.67643784786642,0.03369051489159519,0.0005394488781603013,1.1723509000946249e-14,0.00017509797060594583,CARRAO
461992293,461992301,0,90.984,0,4,29.464192949907236,0.03393320403999698,1.6711357835307538e-05,1.1955878076998368e-14,0.0001743311309105222,CARRAO
461992293,9505856671,0,69.893,0,4,29.480890538033396,0.033913984720141975,0.0009562957385568977,1.636152222780995e-14,0.00017591797714014749,CARRAO
461992295,461992301,0,146.87,0,4,29.16456400742115,0.034281824716756684,5.981729019554007e-05,1.3244012135521565e-14,0.0001735223827386267,CARRAO
461992307,7949811479,0,66.53399999999999,0,4,29.74768089053803,0.033609829113134586,0.0029343270187827853,2.3653134570409537e-13,0.00019277844833495185,CARRAO
461992329,13057865540,0,11.861,0,5,24.928942486085344,0.04010657378671847,0.005058855996667724,2.9674318113367647e-10,0.00019179891362446164,CARRAO
461992329,461992594,0,123.803,0,6,24.628756957328385,0.040595409381614926,0.01393461735910256,7.926722975030816e-10,0.00021723275500899164,CARRAO
461992329,461992518,0,104.804,0,5,24.9,0.040153191616186454,0.04087192056138918,3.296904204976121e-10,0.00019458795729669498,CARRAO
461992329,6940448674,0,25.469,0,5,24.556586270871986,0.040714717437292235,0.04868284044979479,2.9610571059843394e-10,0.0001906485287915026,CARRAO
461992332,461992336,0,103.12400000000001,0,6,23.93450834879406,0.04177292705047013,0.04779604521812305,6.459276244813359e-11,0.00022317045292400637,CARRAO
461992332,6940448674,0,42.063,0,5,24.262894248608536,0.041207551786629146,0.04857117109603549,1.1520701612305151e-10,0.0001915175500927877,CARRAO
461992332,461992577,0,94.112,0,5,24.44378478664193,0.040902604894043355,0.002762996555742296,8.882912358032874e-11,0.00019185631527146647,CARRAO
461992332,6940448665,0,124.49199999999999,0,5,24.481632653061226,0.040839370699324015,0.003195149145745062,5.833633492481264e-11,0.00019638801316434874,CARRAO
461992336,461992371,0,174.34400000000002,0,6,23.59220779220779,0.042379012598103206,0.0008981964384191931,3.977871067869882e-11,0.00022245309955360796,CARRAO
461992336,6386141002,0,43.683,0,5,24.147866419294992,0.04140384305108446,0.0007274906990360982,3.430046218294739e-11,0.00019290521482479928,CARRAO
461992371,461992541,0,90.018,0,6,23.556771799628944,0.042442762520575564,0.06599252736797208,5.101504308776318e-11,0.00022399495265336286,CARRAO
461992371,461992375,0,67.037,0,5,23.23543599257885,0.04302972716166689,0.0013306613902506564,2.3226651006583158e-11,0.0001967585071656009,CARRAO
461992375,2477092979,0,101.855,0,4,23.023005565862707,0.043426757135719696,0.009581855276205167,6.979286338557977e-12,0.0001694785505266493,CARRAO
461992381,6386141002,0,30.883,0,4,24.274211502782933,0.0411883397789633,0.013660363673506298,3.9811612120243765e-11,0.0001635695541663764,CARRAO
461992381,461992384,0,161.135,0,4,24.39313543599258,0.04098753413092585,0.0003629644449463058,4.350402284028492e-11,0.00016452538906866065,CARRAO
461992384,2407166150,0,52.372,0,5,24.603339517625233,0.04063734805296655,0.013413285467006705,5.7919463708186e-11,0.00020138490676364812,CARRAO
461992384,461992391,0,83.965,0,4,24.485714285714284,0.04083256300292473,0.01285415779363847,2.1409787392151585e-11,0.00016122540658102178,CARRAO
461992391,2477151300,0,163.882,0,4,24.742671614100185,0.04040850910672376,0.0032862026188103357,8.830191233750047e-12,0.00015948365380492462,CARRAO
461992466,461992480,0,168.579,0,5,24.79424860853432,0.04032445132855935,0.0007367053729826697,9.55834953358411e-10,0.00017989958888824347,CARRAO
461992466,461992586,0,38.39,0,5,24.626716141001854,0.040598773523783695,0.003398184334398331,4.560250198356618e-10,0.00017805793334119252,CARRAO
461992466,461992498,0,162.90800000000002,0,5,24.853803339517626,0.04022782580134665,0.0025327858879923585,6.357963409561628e-10,0.00018116705554254987,CARRAO
461992480,461992494,0,102.243,0,6,24.812244897959182,0.04029520405569098,0.0033243107619114107,2.0118370443051264e-09,0.00020615340785919115,CARRAO
461992480,2407343901,0,83.496,0,5,25.408719851576993,0.03934926580651756,0.0032179515592399674,9.380458429377102e-10,0.00018218479426544682,CARRAO
461992480,461992483,0,115.91699999999999,0,5,25.07365491651206,0.03987509896631076,0.0006956297925089699,1.3818601595030166e-09,0.0001811518489035798,CARRAO
461992483,2411615285,0,15.068,0,4,25.590538033395177,0.03906969325687109,0.01089283787124789,1.2439897592614358e-09,0.00015300238194831408,CARRAO
461992494,6940315262,0,21.608,0,5,24.731539888682747,0.04042669707358424,0.013293650886615624,1.7952379482069072e-09,0.00017388464708194572,CARRAO
461992494,461992588,0,117.134,0,6,24.961224489795917,0.04005470451386566,0.004132234631837073,3.0233439950669435e-09,0.00019896671628746358,CARRAO
461992498,461992598,0,54.859,0,6,24.654545454545456,0.040552946842453794,0.003020226521674553,8.8530070112915e-10,0.00021057735406733073,CARRAO
461992498,3901559359,0,147.888,0,5,25.04378478664193,0.03992265864608181,0.010340113615367953,4.690692674892138e-10,0.00018898860084057086,CARRAO
461992498,6940315262,0,108.80000000000001,0,5,25.018367346938774,0.039963218118043146,0.00990296323610603,8.413828657003757e-10,0.00018005020086893692,CARRAO
461992510,6940315253,0,15.727,0,4,25.405936920222633,0.03935357607092261,0.02895422353018532,9.890088900498186e-11,0.00016465657416896983,CARRAO
461992510,3901559359,0,32.525,0,4,25.29090909090909,0.039532563564606285,0.010501917042633173,1.508854452551497e-10,0.00016281676193948547,CARRAO
461992518,7288558927,0,13.712,0,4,25.24990723562152,0.039596758194523025,0.04146775074962934,3.3008815339438173e-10,0.00016349699793916767,CARRAO
461992518,461992521,0,65.007,0,4,25.096846011131724,0.039838251818558164,0.000919437042770612,1.5510831578766633e-10,0.00016874966563826133,CARRAO
461992521,461992532,0,121.167,0,4,24.8860853432282,0.04017564263135922,0.0017712477496282504,6.576614878225379e-11,0.00017248447007166818,CARRAO
461992521,461992525,0,98.11800000000001,0,4,25.17068645640074,0.03972138276700818,0.0014046911436519252,1.545653249931199e-10,0.00016786457716428464,CARRAO
461992525,7288558927,0,123.784,0,4,25.148237476808905,0.03975684069967318,0.02689450963175508,3.2954515713818324e-10,0.000162611909465191,CARRAO
461992532,461992536,0,68.10199999999999,0,4,24.68756957328386,0.04049869989328604,0.0015071458234646518,3.092036401156257e-11,0.00017022238406250604,CARRAO
461992532,6940448665,0,51.814,0,4,25.103896103896105,0.03982706377946937,0.00036718132963371985,3.2573949230435066e-11,0.00017006984961359255,CARRAO
461992536,6940448665,0,68.397,0,4,24.700927643784787,0.040476798509816884,0.0029098066152300445,2.980713033837368e-11,0.00016736695546945977,CARRAO
461992536,461992541,0,43.674,0,5,24.11187384044527,0.04146564791517586,0.004336363086890783,4.729989134352295e-11,0.00019680000109897924,CARRAO
461992541,2407315876,0,96.71300000000001,0,5,24.287198515769944,0.04116631527484951,0.002120312093197525,4.190715101947916e-11,0.00020573505767084468,CARRAO
461992577,13057865540,0,129.642,0,4,24.67384044526902,0.0405212343599615,0.0047632055258056945,1.194616615031866e-10,0.00015950733097705124,CARRAO
461992585,461992586,0,115.955,0,6,24.90204081632653,0.04014990091043197,0.005286880131616781,4.1591132674651666e-10,0.00020752523362216801,CARRAO
461992585,2407343901,0,69.189,0,5,25.275139146567717,0.03955722915886753,0.003335399606830166,4.757465464549594e-10,0.00018046648323265515,CARRAO
461992585,461992587,0,111.412,0,5,25.346753246753245,0.039445465125641385,0.0006811049674745437,3.272603554700011e-10,0.00017854960490173665,CARRAO
461992585,2407341494,0,73.309,0,6,25.338404452690167,0.039458462079165875,0.008538722949270409,5.208989775527751e-10,0.00020550150586915006,CARRAO
461992586,461992602,0,184.551,0,6,24.67773654916512,0.04051483689564178,0.002885910935334698,3.016376666744355e-10,0.00021024370903550662,CARRAO
461992587,461992602,0,74.219,0,5,25.071985157699444,0.03987775459160266,0.0012678766626824916,2.1298669749516717e-10,0.00018114113458049378,CARRAO
461992587,461992606,0,113.663,0,5,25.41873840445269,0.03933375666936726,0.0009344304105480841,2.313853964513265e-10,0.00018216201546409746,CARRAO
461992588,461992597,0,115.815,0,6,24.8430426716141,0.04024525032859362,0.012900387344285677,2.535245334467745e-09,0.00020294063440384294,CARRAO
461992588,461992589,0,117.674,0,6,25.087569573283858,0.03985298250284717,0.0024799967389425087,3.2845898667027714e-09,0.00019830095734983642,CARRAO
461992588,461992615,0,115.76,0,6,24.956029684601113,0.04006304223383614,0.011495540019719402,4.2068693147235185e-09,0.0001952229837111608,CARRAO
461992589,2509018902,0,60.746,0,6,25.284972170686455,0.03954184582422259,0.0025262262895897145,2.7635023933127507e-09,0.00020180731534274383,CARRAO
461992589,2407322403,0,116.24100000000001,0,6,25.19035250463822,0.03969037237803441,0.00037124203340678524,3.898089142402902e-09,0.0001979937945265855,CARRAO
461992589,461992596,0,114.984,0,5,25.087755102040816,0.03985268778240388,0.0003037718784081604,2.2102519953620208e-09,0.00017435280702072928,CARRAO
461992590,2509018902,0,55.382,0,6,24.979406307977737,0.04002554980354875,0.002253065870393893,2.286522007901874e-09,0.000204920032678062,CARRAO
461992590,461992591,0,114.697,0,6,24.809461966604825,0.04029972405644504,0.0023856634666759124,1.6181931942216256e-09,0.00021787913780764911,CARRAO
461992590,461992594,0,116.29899999999999,0,6,24.610760667903524,0.040625094231523086,0.012878209654448166,1.6762598712277838e-09,0.00020891757855845812,CARRAO
461992590,1079950285,0,114.858,0,6,24.716141001855288,0.040451884101486264,0.012794652865271627,2.9150325925883873e-09,0.0002037634154223123,CARRAO
461992591,461992593,0,116.201,0,5,24.722448979591835,0.04044156272982424,0.015388817852603013,7.636549000564443e-10,0.0001923432824194679,CARRAO
461992591,7959814454,0,211.85500000000002,0,5,25.07291280148423,0.03987627920055053,0.0024751551305977,6.335815828688912e-10,0.0002097340431651063,CARRAO
461992591,2407326988,0,59.486,0,5,25.195732838589983,0.03968189683737712,0.01609053870077158,9.068429077812209e-10,0.00020122003711480564,CARRAO
461992593,461992594,0,115.763,0,5,24.68330241187384,0.04050570116428523,0.0002539501667309351,8.217215768254339e-10,0.00018387971400283718,CARRAO
461992594,461992595,0,52.669,0,5,24.853988868274584,0.04022752551077537,0.001961944646047975,1.0772320921307943e-09,0.0001807438666354738,CARRAO
461992595,461992596,0,62.407,0,4,25.181447124304267,0.03970440881763527,0.0007896507029468684,1.1342438382470367e-09,0.00014851064282763146,CARRAO
461992595,2509018902,0,115.828,0,5,25.1708719851577,0.03972108998975463,0.0012759980702286224,1.6874942267923406e-09,0.00017691807690305595,CARRAO
461992596,461992597,0,115.48,0,5,24.98107606679035,0.04002287445784564,0.0010293884064720748,1.4609074610128071e-09,0.00017879423023015574,CARRAO
461992597,461992598,0,117.862,0,6,24.625231910946198,0.040601220522865966,0.003022100692646737,1.3510571271699913e-09,0.0002081098180866967,CARRAO
461992597,7288558927,0,117.539,0,5,25.193877551020407,0.03968481902868294,0.014710680322501094,1.0586304940132394e-09,0.00018598249636648511,CARRAO
461992598,6940315262,0,94.03500000000001,0,5,24.6126159554731,0.040622031930771435,0.0031892142709998125,9.887402040636512e-10,0.00017685939612762758,CARRAO
461992602,461992605,0,191.44799999999998,0,6,24.850092764378477,0.04023383255438921,0.00369742696629038,2.0566136450093223e-10,0.0002123386583615518,CARRAO
461992605,2411615275,0,21.277,0,5,25.080333951762523,0.03986448000118358,0.010939692145552491,1.7928348287513337e-10,0.00018137694865498388,CARRAO
461992605,2411615268,0,8.305,0,5,24.928385899814472,0.0401074692626001,0.0019093116779124735,1.8206010036035366e-10,0.00017892834847219657,CARRAO
461992605,2411615281,0,37.473,0,5,24.890723562152132,0.04016815617057118,0.01263003818154813,1.484117208766563e-10,0.0001793496780090117,CARRAO
461992606,2411615276,0,18.081,0,5,25.775510204081634,0.03878931836176492,0.011305155485128376,2.675278014940201e-10,0.00018200820936386253,CARRAO
461992606,2411615287,0,7.994,0,5,25.608534322820038,0.03904223719481272,0.0004832237489947806,2.7309188787060826e-10,0.00018190852732105636,CARRAO
461992606,2411615269,0,39.534,0,5,25.777365491651206,0.03878652655822657,0.010802721483668709,2.320519196060474e-10,0.00018347519867114312,CARRAO
461992607,461992608,0,106.94500000000001,0,5,28.557142857142857,0.03501101199950624,0.0007515425598457932,4.206695740242332e-10,0.00020075597833407185,CARRAO
461992608,2357332880,0,28.57,0,5,28.584972170686456,0.03497692652184354,0.0027447233887635016,2.517230196228154e-10,0.000211460123096075,CARRAO
461992608,461992609,0,114.446,0,5,28.346382189239332,0.035271325439991626,7.809045717433429e-06,2.856270150390781e-10,0.0001960528180373426,CARRAO
461992610,11950401549,0,127.239,0,4,29.340074211502785,0.03407675331819935,0.07219478383858641,2.391360793215727e-13,0.00018759989045752284,CARRAO
461992615,2407322403,0,118.291,0,6,25.337662337662337,0.03945961777842864,0.00952391215698181,4.820368566191805e-09,0.0001949158208879099,CARRAO
461992616,2357332897,0,75.226,0,4,27.921150278293137,0.03580849862121665,0.005078690972790005,1.728080210102821e-12,0.0001804057313983733,CARRAO
461992616,2357332901,0,59.551,0,4,27.535250463821892,0.0363103459892868,0.000871333321151222,5.825695256310256e-12,0.00017409503023447362,CARRAO
461992616,9631423841,0,138.041,0,4,27.063636363636363,0.03694309433548361,0.005001069058358717,3.130616354794591e-12,0.0001806940686119908,CARRAO
461992636,9627317820,0,22.502,0,4,30.598515769944342,0.03267526041982465,0.0007757506015698369,2.6893277368780567e-09,0.00016616129720125003,CARRAO
461992636,2357332852,0,175.482,0,4,30.381447124304266,0.03290871784850631,0.0006240989337372797,7.261582988307222e-09,0.00016488400289666076,CARRAO
461992636,2357332849,0,58.386,0,4,30.458812615955473,0.03282512958890926,0.0006089493850454589,3.756540579871379e-09,0.0001714149869587738,CARRAO
461992639,2357332845,0,93.31,0,4,29.828200371057513,0.03351910134723276,0.007872767530487686,7.423599098180895e-09,0.00016904152488269572,CARRAO
461992639,2357332849,0,58.854,0,4,29.85491651205937,0.033489106252874136,0.000490564251969168,4.851707279741533e-09,0.00017119868856230712,CARRAO
461992657,2357332872,0,144.24,0,4,29.649721706864565,0.03372087202462894,0.0007977721104929992,1.6663579814722984e-11,0.0001807872012114159,CARRAO
461992657,3901528249,0,54.760000000000005,0,4,29.517625231910944,0.03387177875549969,0.00827477720402116,5.832093031488575e-12,0.00018423161406100358,CARRAO
461992658,2357332872,0,89.052,0,4,29.760296846011133,0.0335955812677672,0.0010935787622693774,4.467972668558906e-11,0.00018199534879690491,CARRAO
461992658,2357332870,0,57.7,0,4,29.855102040816327,0.033488898141300905,0.013901038462517596,8.677964763100584e-11,0.00018789919218041714,CARRAO
461992659,2357332860,0,53.13,0,4,30.154359925788498,0.03315654763369675,0.003077857279069212,5.440483009970978e-12,0.0002133553474874502,CARRAO
461992659,3901528249,0,29.796,0,4,29.615213358070502,0.03376016438424818,0.009512823312063054,5.1759363687929564e-12,0.00019567735088074823,CARRAO
461992659,2357332883,0,72.491,0,4,29.678293135435993,0.033688408786867206,0.008104852369209808,1.5756671212452154e-11,0.00020842879784894542,CARRAO
461992660,7474093868,0,14.209,0,4,30.687198515769943,0.03258083238615753,0.003446288056017721,7.285046287030448e-11,0.00020827879501276715,CARRAO
461992660,2357332864,0,27.962,0,4,31.23692022263451,0.03200745989415978,0.0034164575013771255,2.9095700542913792e-11,0.00021391077224231305,CARRAO
461992660,2357332870,0,132.685,0,4,30.398330241187384,0.03289044047190367,0.00033938112687965683,7.813687538768543e-11,0.00019856187862929555,CARRAO
461992668,2357332870,0,45.192,0,4,29.764192949907237,0.03359118363886828,0.013852778559983858,2.5463565778109893e-10,0.00019215265439184368,CARRAO
461992668,2357332843,0,39.319,0,4,29.26734693877551,0.03416143162325437,0.01824208697683884,1.0305787300016898e-09,0.00018397290069558853,CARRAO
461992668,7474093868,0,94.685,0,4,30.046011131725418,0.03327611332032504,0.004185023780886923,2.493492350509292e-10,0.0002018695707753153,CARRAO
462046826,2407351919,0,24.845,0,5,25.081632653061224,0.03986241585916118,0.024490729179014722,4.913836856346573e-12,0.0001848407453639524,CARRAO
462046826,2407351924,0,28.055,0,6,25.171799628942487,0.0397196261682243,0.055323965289728876,5.3080351952477275e-12,0.00021752689137483053,CARRAO
462046826,2477151911,0,17.839,0,5,25.363636363636363,0.039419208543632504,0.024435753497163988,3.869052782489279e-12,0.0001868654567017218,CARRAO
462046832,2368045744,0,15.452,0,6,23.262152133580706,0.04298030833526076,0.0777134364470966,2.034653565194149e-12,0.00021046364055729187,CARRAO
477362747,2356795810,0,64.784,0,5,25.164935064935065,0.039730461003103824,0.00313908019749389,1.5779480307691238e-10,0.0001853784302926414,CARRAO
477362747,666983192,0,116.195,0,6,25.178107606679035,0.03970967504236976,0.001980217813026769,1.2340611430143789e-10,0.00021489746711113368,CARRAO
477362747,6047502173,0,58.253,0,5,25.15547309833024,0.039745405198100124,0.02589948102643971,1.088188538323981e-10,0.00018536753294631103,CARRAO
656463374,2407303486,0,16.217,0,4,24.040445269016697,0.04158884995909799,0.001877919314128391,4.439286208918163e-12,0.00017684063527831302,CARRAO
656463374,7301922126,0,51.156,0,4,24.27996289424861,0.04117858316331599,0.0013825134538144144,1.9941993423541214e-12,0.00017835209807234712,CARRAO
656463374,2477095786,0,133.858,0,4,23.554545454545455,0.042446774155436004,0.0030995664261636766,2.1596306012703266e-12,0.00017551509765130894,CARRAO
663863875,1079949617,0,54.44,0,5,30.382003710575137,0.0329081149738335,0.005530678538915052,1.0121623788217165e-14,0.00018020146099091106,CARRAO
663863875,1079949925,0,82.989,0,5,30.33209647495362,0.03296226068872714,0.0018101367973010689,9.844533942585643e-15,0.00018285979501010672,CARRAO
663863875,666983017,0,109.073,0,6,30.415398886827457,0.032871982871677884,0.0018813552942440618,6.9007771531489574e-15,0.00020847423017951385,CARRAO
663863877,666983027,0,109.676,0,4,29.452504638218922,0.03394667053020806,0.0008432207565684617,2.0960501852639918e-17,0.00018721829605943303,CARRAO
663863877,666983021,0,59.328,0,4,29.965491651205937,0.033365528684819894,0.0004309031426879766,2.498306933194241e-17,0.00018343754943637115,CARRAO
663863909,6925699589,0,51.515,0,4,30.84730983302412,0.03241172331250338,0.049626016991546396,1.156923565163165e-17,0.0001814039185117477,CARRAO
663863909,663863910,0,91.367,0,4,30.44378478664193,0.03284133291080613,0.047016077731865794,4.116656794612934e-18,0.0001810777420476287,CARRAO
663863910,1266042815,0,20.187,0,4,29.97569573283859,0.03335417066392687,0.04711775150710678,3.308085807046872e-17,0.00017586490582729397,CARRAO
663863933,1266042815,0,41.701,0,4,30.01298701298701,0.03331272794708537,0.0473328126261649,5.0275034196074915e-17,0.0001710641263154907,CARRAO
663863935,1266042926,0,23.495,0,4,28.898144712430426,0.0345978775174787,0.043731593103113295,2.7703075461839655e-17,0.00017176329179537724,CARRAO
663895593,663895594,0,71.906,0,4,33.34341372912802,0.02998536620650898,0.05740507597342488,3.218576585904055e-17,0.000182803587342675,CARRAO
663895594,2431348289,0,26.246000000000002,0,4,32.77198515769944,0.030508205909160386,0.058967041297825915,1.2594617169333374e-17,0.0001970357909627203,CARRAO
663895610,2431348289,0,33.594,0,4,32.12968460111317,0.031118091685481495,0.059678289181769754,-1.8815319502828917e-18,0.0001967825278144131,CARRAO
663895610,2431345878,0,34.147999999999996,0,4,31.449721706864565,0.03179088452871149,0.060510264912505114,6.361642149067179e-20,0.00018033456173835482,CARRAO
666982852,666982853,0,55.242999999999995,0,5,31.36382189239332,0.03187795399021597,0.007127940749958886,0.00015635333583645177,0.0002027408595920847,CARRAO
666982852,667546251,0,84.21200000000002,0,6,30.925974025974025,0.03232927992513093,0.0016976865389700276,0.00040809744973912626,0.0002289997314992321,CARRAO
666982852,2385867059,0,221.11900000000003,0,5,30.715398886827458,0.03255091932639107,0.001585236280638986,0.00016655251999395408,0.00019847723970799186,CARRAO
666982852,7474194975,0,99.685,0,5,31.367161410018554,0.03187456009085048,0.006481351764555398,0.0002273670581243533,0.00020287647925853558,CARRAO
666982853,3901533162,0,46.324,0,4,31.754359925788496,0.03148589590782678,0.0015288549705591169,4.493993572898418e-05,0.00017614820512727586,CARRAO
666982853,666983126,0,312.237,0,4,31.280890538033397,0.03196246826884297,0.005699353926411614,4.021751994297015e-05,0.00017497858559828056,CARRAO
666982854,667546521,0,132.29399999999998,0,5,30.334137291280147,0.03296004305784062,0.0059016082104931394,1.3859330583761463e-05,0.0002143759851142577,CARRAO
666982854,667546505,0,132.091,0,4,30.710946196660483,0.03255563878887466,0.003925294920325087,1.858612361464977e-05,0.00017672896733660878,CARRAO
666982909,666982925,0,43.816,0,4,27.132282003710575,0.03684962699069357,0.02162402849614491,6.157533545657467e-11,0.0001762195272212982,CARRAO
666982909,4958840372,0,152.778,0,4,27.84230055658627,0.03590990870926901,0.001020798456182898,4.565339279861432e-11,0.0001812036660680767,CARRAO
666982909,666982913,0,39.406000000000006,0,4,27.348423005565863,0.03655839574514273,0.020882169152988732,1.1291441209565049e-10,0.0001797779191033924,CARRAO
666982913,2410526888,0,175.341,0,4,27.361410018552874,0.03654104340986452,0.01891881887871162,2.649826864734612e-10,0.0001753995571484878,CARRAO
666982913,1079949855,0,31.479,0,4,27.18589981447124,0.03677694974476565,0.0331205056013504,2.6848353859897673e-10,0.00018074760639165288,CARRAO
666982914,1080831426,0,154.013,0,4,26.87068645640074,0.03720837102041662,0.017170529723492624,9.229230717082931e-10,0.00017568108706835775,CARRAO
666982914,1079949855,0,74.152,0,4,27.025974025974026,0.03699457678313997,0.020952294383531286,3.9849318185333744e-10,0.00018003577004393017,CARRAO
666982914,666982978,0,37.079,0,4,27.010575139146567,0.03701566760768475,0.0066048908678051944,3.2267967912157797e-10,0.00017529461906702948,CARRAO
666982925,666982980,0,194.60199999999998,0,5,26.834137291280147,0.03725905030559473,0.01784897961542324,4.948982299167094e-11,0.00020506118299901314,CARRAO
666982925,666982978,0,46.676,0,4,26.844155844155843,0.037245144792314604,0.004678399289314367,1.4133095592533162e-10,0.00017244806353265796,CARRAO
666982929,2410526884,0,143.697,0,4,28.37068645640074,0.03524110961430309,0.004086629804847262,2.1685890845400928e-10,0.00017582875271343252,CARRAO
666982929,2410526888,0,26.915,0,4,28.010018552875696,0.035694887861486085,0.0003695240433489499,3.5429860968108183e-10,0.00017129484675490554,CARRAO
666982945,666983049,0,120.67999999999999,0,4,29.011502782931355,0.034462691530453025,0.008738946881465402,2.9935703546565247e-12,0.00018098276482912134,CARRAO
666982945,666982952,0,80.059,0,4,28.687198515769943,0.034852286837748346,0.018580687199146753,2.8892650164530334e-12,0.0001774732591902765,CARRAO
666982952,666983048,0,96.686,0,4,28.791094619666048,0.03472651819775235,0.00238363311478938,1.1342088584905661e-12,0.0001712501819928572,CARRAO
666982952,911474367,0,87.577,0,4,28.451576994434138,0.03514091578961097,0.0165809467718264,1.6191835299134401e-12,0.00016750483087135773,CARRAO
666982954,666982980,0,98.733,0,5,27.154545454545456,0.03681941474279702,0.0055213076840541315,2.180441465043804e-11,0.00020087846744187263,CARRAO
666982954,7285084252,0,73.591,0,4,27.753803339517624,0.03602441290702105,0.005162716304709589,1.0436477827304974e-11,0.00017151028752308373,CARRAO
666982954,911473904,0,136.281,0,5,27.644897959183673,0.03616632887266284,0.0073911055906363925,7.692826273896469e-12,0.00019328314242415243,CARRAO
666982980,911474282,0,114.29499999999999,0,5,26.974211502782932,0.03706556802002875,0.018964423705701432,2.9798683796925375e-11,0.0002006685207049415,CARRAO
666982980,2410530336,0,92.55400000000002,0,5,27.337291280148424,0.03657328229768982,0.0054294733064171145,2.6304020351097683e-11,0.00020549948706118903,CARRAO
666982984,666982988,0,22.193,0,4,26.750278293135437,0.03737585307662431,0.0015187032111264533,2.2383803274225313e-10,0.00016920351281055353,CARRAO
666982988,666982991,0,53.577,0,4,26.88404452690167,0.03718988302681067,0.000136189757312039,2.0367887300566717e-10,0.00017131651828816054,CARRAO
666982988,911473930,0,119.71199999999999,0,5,26.774397031539888,0.037342184403453584,0.0015199526584412427,1.497141868434995e-10,0.00019823630449589886,CARRAO
666982991,666983173,0,40.896,0,4,26.651205936920224,0.03751479289940828,0.027518608565492358,2.9398249875106897e-10,0.00017162071237381566,CARRAO
666983008,911473930,0,143.851,0,6,26.341187384044527,0.03795631748357151,0.002756749319168349,2.1816926820178763e-10,0.00022219544478907914,CARRAO
666983008,666983173,0,188.98399999999998,0,5,26.21799628942486,0.03813466369458302,0.03245361309708159,3.091936289810635e-10,0.00019432075922887757,CARRAO
666983008,666983071,0,92.838,0,6,26.14248608534323,0.03824481221790104,0.013454517228394752,2.1867518296663992e-10,0.0002163765073950063,CARRAO
666983008,666983189,0,94.316,0,6,25.96456400742115,0.03850688465083709,0.025023462277858028,3.5652853380595455e-10,0.00021635368336328755,CARRAO
666983013,1080109485,0,19.826999999999998,0,6,31.67365491651206,0.031566122503968466,3.1236182869733717e-07,6.914512176575163e-17,0.00022464224795832398,CARRAO
666983014,666983015,0,45.725,0,5,30.170315398886828,0.03313901290140083,0.02088716694224789,1.6833678717542645e-15,0.0001805138318135591,CARRAO
666983014,666983016,0,112.164,0,4,29.877551020408163,0.03346373571783408,0.03968869395428366,1.779674121481786e-15,0.00015167959813171036,CARRAO
666983015,666983030,0,55.343,0,5,30.717625231910947,0.032548560108233475,0.02093792573941121,1.6486128589716479e-15,0.0001793254597789843,CARRAO
666983015,666983017,0,112.64000000000001,0,6,30.321150278293135,0.03297416034901579,0.0014876232091710683,3.6095127197748205e-15,0.0002071890509948872,CARRAO
666983015,666983029,0,113.227,0,6,30.215027829313545,0.033089973535389505,0.0012353910324979685,1.6702129878004803e-15,0.00020958549628371834,CARRAO
666983016,666983017,0,45.634,0,5,30.24786641929499,0.033054049412399714,0.00114137012206007,3.696358207922358e-15,0.00017927787884293258,CARRAO
666983017,666983018,0,110.866,0,6,30.339146567717997,0.03295460104691551,0.0008219801522170427,4.884533284341061e-15,0.0002049108815706037,CARRAO
666983018,911473799,0,54.798,0,5,30.411317254174396,0.03287639476076307,0.001186662587221184,3.5668144104127865e-15,0.00017584686394188243,CARRAO
666983018,666983019,0,109.599,0,6,30.161966604823746,0.03314818573809919,0.00290683917785742,6.618759968396039e-15,0.00020647391659709782,CARRAO
666983018,666983036,0,113.123,0,6,30.117625231910946,0.03319698892407013,0.003027254662820243,3.430616350678035e-15,0.00020575993060458966,CARRAO
666983019,911473967,0,54.846,0,6,30.35918367346939,0.032932850961891025,0.007166985978546053,6.465623318485502e-15,0.00020984723885055344,CARRAO
666983019,1079949617,0,56.263999999999996,0,5,30.315027829313543,0.032980819838676116,0.008507486766400675,9.91923514919384e-15,0.00017910746415175795,CARRAO
666983019,666983054,0,106.565,0,5,30.03821892393321,0.033284745469593466,0.0018262234314789817,9.34542749985009e-15,0.00018166842926575468,CARRAO
666983020,666983029,0,46.262,0,6,30.01243042671614,0.0333133457380059,0.02329547664150436,9.076053645788151e-16,0.00021352053374978046,CARRAO
666983021,666983022,0,57.951,0,4,30.196474953617813,0.033110304192087686,0.0008035508043238999,7.065745267546932e-17,0.00017551941938246548,CARRAO
666983021,666983037,0,110.129,0,4,30.12300556586271,0.03319105953942709,3.1236182869733717e-07,2.4706302189272643e-17,0.00018110588011639093,CARRAO
666983022,666983023,0,55.763,0,5,30.178293135435993,0.033130252488303896,0.0031011282353071634,2.729050349712576e-16,0.00019796535566383837,CARRAO
666983022,666983038,0,109.99100000000001,0,4,30.134879406307977,0.03317798149322465,0.0019036891649959213,1.215738216087779e-16,0.0001701731066995276,CARRAO
666983023,6940124323,0,59.219,0,5,30.584230055658626,0.03269052284211612,0.001709243926631829,3.1600208392820405e-16,0.00019967974822069812,CARRAO
666983023,666983029,0,110.803,0,6,30.213543599257886,0.03309159906908769,0.0008146396492426553,7.648466660418634e-16,0.00021775197918567373,CARRAO
666983023,666983024,0,45.158,0,6,29.980890538033396,0.03334839136865165,0.003713357419553944,3.9662858747230497e-16,0.00022682903751964265,CARRAO
666983027,666983032,0,110.654,0,4,29.23413729128015,0.03420023862107481,0.0028309352534839666,1.8926581704836203e-18,0.0001929383470921749,CARRAO
666983027,666983037,0,59.068,0,4,29.585899814471244,0.03379361376577119,0.0019677233398788757,2.8122107631646554e-17,0.00018488662673945286,CARRAO
666983028,1080109537,0,7.737,0,4,30.883673469387755,0.032373560490919905,0.0016755088491325165,-8.616300310526611e-19,0.0002402316946384484,CARRAO
666983028,3901559409,0,70.31200000000001,0,4,30.09165120593692,0.0332256433653526,0.023321715035114935,-4.596799134400747e-18,0.0002153551037391775,CARRAO
666983028,2414085837,0,63.714,0,4,30.414100185528756,0.03287338652612059,0.023203642263867345,-7.481275557301478e-18,0.0002215495886151353,CARRAO
666983029,666983031,0,54.542,0,5,30.579591836734693,0.03269548124059603,0.023523813138282113,8.77890402170373e-16,0.00018060547701712594,CARRAO
666983030,666983036,0,55.235,0,5,30.40463821892393,0.03288361677070557,0.021179693794822946,1.5553166557787306e-15,0.00017879003028282398,CARRAO
666983030,666983031,0,112.678,0,4,30.647866419294992,0.032622645164414744,6.747015499862483e-05,8.590881236723448e-16,0.0001496449779492344,CARRAO
666983031,666983035,0,55.596,0,5,30.261410018552876,0.03303925595767248,0.0236309532455253,8.359385946830523e-16,0.00018063241678916429,CARRAO
666983032,5150695429,0,42.175,0,4,29.61335807050093,0.03376227947072975,0.0016411490479758095,-1.2444513338373123e-17,0.00020703069887405422,CARRAO
666983032,2414104816,0,121.745,0,4,28.961410018552876,0.03452229952210734,0.004480205709005907,1.2913068753590512e-17,0.00019674010764028798,CARRAO
666983033,666983034,0,114.00200000000001,0,6,30.30148423005566,0.032995560998010105,0.0015168290401542694,3.9908373799707515e-16,0.00022697151042181367,CARRAO
666983033,666983039,0,109.058,0,5,30.6417439703154,0.032629163412227005,0.0049268831240430995,2.3452387838846693e-16,0.0002054527416661342,CARRAO
666983033,1079950065,0,55.139,0,6,30.304267161410017,0.032992530917105425,0.041716078403443727,4.776052776208809e-16,0.00022419839442538005,CARRAO
666983033,6940029339,0,66.446,0,5,30.249721706864563,0.033052022128724406,0.04298832813172798,2.0332206659512235e-16,0.00021439138122503505,CARRAO
666983034,1079203018,0,58.054,0,5,30.680890538033395,0.03258753099111084,0.002196996922142721,4.941953400535535e-16,0.00018889916009319965,CARRAO
666983034,1079950404,0,55.482000000000006,0,5,30.43747680890538,0.03284813907276695,0.003921858940209417,5.635452253539702e-16,0.00018594769307049555,CARRAO
666983034,666983091,0,109.74499999999999,0,5,30.20352504638219,0.033102575600287475,0.0040860050811898675,3.6180209417147556e-16,0.00019198673693133255,CARRAO
666983035,666983036,0,112.295,0,6,29.980890538033396,0.03334839136865165,0.004344328313522565,1.5330796668023686e-15,0.0002090437286432828,CARRAO
666983035,666983040,0,110.91600000000001,0,6,29.966419294990725,0.03336449581782948,0.0009628553369595418,7.206011703115564e-16,0.00021897565756649602,CARRAO
666983035,1079950065,0,55.496,0,6,30.334879406307977,0.032959236720589584,0.02066679567210192,8.097744361943993e-16,0.00021344189762795933,CARRAO
666983036,1079950404,0,55.313,0,5,30.45547309833024,0.03282872894520423,0.024648315721592526,1.3661204959882148e-15,0.00017907676411864175,CARRAO
666983037,666983038,0,57.394,0,4,29.826716141001857,0.03352076931689536,0.0023344361267695493,7.707802967113641e-17,0.00017575956743345306,CARRAO
666983038,666983040,0,56.646,0,5,29.93320964749536,0.033401512334201064,0.0008196374385018128,2.796347612650464e-16,0.00019948886487374323,CARRAO
666983039,6940029332,0,64.67,0,4,30.616883116883116,0.03265565823360097,0.003930761252327291,6.956436015492984e-17,0.00019554740280429563,CARRAO
666983039,1079950316,0,54.931000000000004,0,4,30.666790352504638,0.032602514307839364,0.002449229098815821,1.7994168761961516e-16,0.00016951658750195587,CARRAO
666983040,1079950316,0,55.378,0,5,30.334137291280147,0.03296004305784062,0.0022113655662627987,3.3246582028195306e-16,0.00019482743420142965,CARRAO
666983040,6940124323,0,50.394,0,5,30.250463821892392,0.03305121128488194,0.0020625251548885173,3.047426512392328e-16,0.00020081217538835358,CARRAO
666983048,911473814,0,71.088,0,5,28.662337662337663,0.034882516667745486,0.0038140941093088355,1.3059950819499237e-12,0.00019758804797288487,CARRAO
666983048,6338845949,0,34.611000000000004,0,4,29.021706864564006,0.034450574389331766,0.004257023182401659,6.212713826313367e-13,0.0001703058817916127,CARRAO
666983049,6338845948,0,47.431,0,4,29.418923933209648,0.033985419504565864,0.008751285173698947,1.0908871181159002e-12,0.0001763664911970085,CARRAO
666983050,911474124,0,60.441,0,5,28.27922077922078,0.035355092668525503,0.013990217764610687,2.4818454680965673e-12,0.00018924633016932754,CARRAO
666983050,666983083,0,78.205,0,4,27.92300556586271,0.035806119398026644,0.002838275756458354,3.086670504495167e-12,0.00015937520050877005,CARRAO
666983050,666983065,0,105.46799999999999,0,5,27.886270871985158,0.035853286939397364,0.011399332576480624,4.493788850819946e-12,0.00018598660740422017,CARRAO
666983051,666983053,0,132.115,0,5,30.150834879406307,0.03316042408914979,0.0024578190491049974,2.0227259590610658e-15,0.00018588176984939608,CARRAO
666983051,911473750,0,56.189,0,4,29.758627087198516,0.03359746631836857,0.011392304435334932,1.455155943051172e-15,0.00016138158457587026,CARRAO
666983051,911473847,0,56.534000000000006,0,4,30.068831168831167,0.03325085919134207,0.008865453422087824,2.5160699858047e-15,0.00015839650946859334,CARRAO
666983052,1079203018,0,54.588,0,5,30.699072356215215,0.03256823071530447,0.002572143478408223,1.0918480067980841e-15,0.00018457303070584864,CARRAO
666983052,911473799,0,55.438,0,5,30.523933209647495,0.03275509955994262,0.0011846322353346512,1.9941359515248985e-15,0.00018003257324472548,CARRAO
666983052,666983053,0,109.617,0,6,30.507606679035252,0.032772628864725484,0.0024582875918480436,2.0771411810682023e-15,0.00021192762522174096,CARRAO
666983052,911474431,0,54.242,0,5,30.213729128014844,0.03309139586864147,0.0011279385634260844,1.2677539795441161e-15,0.00018125648255403888,CARRAO
666983053,911473872,0,55.457,0,6,30.167532467532467,0.033142069949508926,0.00701018034053999,2.0634530401883026e-15,0.00021257044538588625,CARRAO
666983053,911473967,0,54.95,0,6,30.47773654916512,0.032804748135747984,0.007201814322445806,3.496505616031833e-15,0.0002109345925699028,CARRAO
666983054,911473847,0,56.226,0,4,29.997402597402598,0.033330034758729886,0.008334750675131048,6.872699027698477e-15,0.00015536767142361268,CARRAO
666983055,666983057,0,44.791,0,4,29.56048237476809,0.0338226710432998,0.0014676320521344387,2.2283667270725894e-15,0.0001692620963270737,CARRAO
666983055,911473750,0,57.17,0,4,29.4012987012987,0.0340057927848908,0.011983605377058991,2.2633831508823156e-15,0.00016829176399471324,CARRAO
666983057,6501393727,0,109.555,0,5,30.100927643784786,0.033215403959468454,0.0008611815617185585,1.3057417994095182e-15,0.00019094653023071426,CARRAO
666983057,6940137877,0,109.146,0,4,30.02894248608534,0.03329502767892448,0.00044152344486368607,1.4142057088705592e-15,0.00016575456060201715,CARRAO
666983060,4967229777,0,40.575,0,5,26.90426716141002,0.03716192919304343,0.018131979432223028,4.0253370709277393e-11,0.00019052158544336604,CARRAO
666983060,666983062,0,16.722,0,6,26.813543599257883,0.037287666493686214,0.01877591334208259,4.4292632943652325e-11,0.00021636826751211596,CARRAO
666983060,666983071,0,120.34900000000002,0,6,26.3734693877551,0.03790985768854685,0.013406101144946666,1.049752488378129e-10,0.0002160845331197778,CARRAO
666983060,4550104330,0,17.903000000000002,0,5,27.055658627087197,0.03695398751971474,0.01252227335064755,4.0493440032693133e-11,0.0001872556958671811,CARRAO
666983062,666983063,0,95.063,0,6,26.95194805194805,0.03709618574939252,0.0005242993294684805,2.066054747839131e-11,0.0002154632170142778,CARRAO
666983062,666983077,0,70.696,0,5,26.710389610389612,0.03743166931770034,0.03666471909066474,2.0100230398821776e-11,0.00018797909013174908,CARRAO
666983062,4550104330,0,25.049,0,5,27.167717996289426,0.03680156247865933,0.01843590749154554,2.4840858939313894e-11,0.00018670509567974268,CARRAO
666983063,666983065,0,77.979,0,6,27.440630797773654,0.03643554984618505,0.0019574153995318634,9.523103679061548e-12,0.00021492688035497433,CARRAO
666983063,666983064,0,70.636,0,6,27.226716141001855,0.036721816397732227,0.002777521380776722,1.0358479054852341e-11,0.00022119424343171863,CARRAO
666983063,666983083,0,105.139,0,5,27.43840445269017,0.0364385062173328,0.001030169311043818,8.115987117376879e-12,0.00018940226512623637,CARRAO
666983064,666983077,0,94.066,0,5,26.807977736549166,0.037295408145610574,0.016455221135775723,9.798170901924462e-12,0.00019345956655702524,CARRAO
666983064,666983068,0,57.169,0,5,27.049165120593692,0.03696285880860112,0.0019795930893693743,5.580604351018719e-12,0.00019943215110973398,CARRAO
666983064,666983084,0,105.43299999999999,0,5,27.302597402597403,0.0366197565931191,0.015635739878188257,5.0973296780691635e-12,0.00019948319343584704,CARRAO
666983065,911473953,0,61.576,0,6,27.803896103896104,0.035959509685512765,0.0017609398092812384,5.199744868972259e-12,0.0002130141853145751,CARRAO
666983065,666983066,0,94.196,0,5,27.97977736549165,0.03573346771787204,0.011476173586340168,5.207194165247383e-12,0.00018784203876030334,CARRAO
666983066,4967229782,0,28.371,0,4,27.946567717996288,0.0357759307451272,0.031271792118205216,6.90806848931861e-12,0.00016260258300894025,CARRAO
666983066,911474107,0,61.742,0,4,28.28256029684601,0.0353509180480573,0.01957446635714733,3.4218294844305834e-12,0.00015735609795255266,CARRAO
666983067,666983090,0,41.7,0,4,26.39257884972171,0.037882409177820264,0.046179885116443026,1.1706902479276136e-11,0.00017039678291961901,CARRAO
666983067,666983076,0,52.847,0,4,26.142115027829313,0.038245355059401305,0.059945514726220325,1.7602365195081582e-11,0.0001672342056315115,CARRAO
666983068,666983079,0,105.933,0,4,27.432282003710576,0.036446638712295414,0.0016136612070504438,2.064461634830273e-12,0.00017309306977619988,CARRAO
666983068,666983090,0,50.011,0,4,26.82838589981447,0.03726703779260745,0.0038206537077114795,4.346804045822113e-12,0.0001721183379989078,CARRAO
666983071,911473795,0,139.625,0,5,26.43821892393321,0.037817013094553056,0.0013667391814651988,1.0981043870426279e-10,0.0001869956560978164,CARRAO
666983071,911473882,0,125.542,0,5,26.065677179962893,0.03835750992924965,0.0015785205013219934,1.42121753201874e-10,0.00018564703705341564,CARRAO
666983076,666983077,0,98.35899999999998,0,4,26.37068645640074,0.03791385836299934,0.05038021462693612,1.4459830985634904e-11,0.0001633290014007204,CARRAO
666983078,6940137848,0,21.433,0,5,28.339888682745826,0.03527940714360532,0.05498973813302272,6.135361359109489e-13,0.00020030867925239118,CARRAO
666983078,3901559384,0,57.387,0,5,27.848979591836734,0.03590129641719851,0.010787884296805585,1.2946044574219662e-12,0.00019848330701831437,CARRAO
666983078,666983086,0,92.791,0,5,28.135621521335807,0.03553553883587975,0.0023116337132746438,6.361925305253057e-13,0.00020507739109246968,CARRAO
666983078,666983089,0,56.501000000000005,0,5,27.92448979591837,0.03580421624710158,0.045379614111320445,8.447092423257168e-13,0.00020422511546776959,CARRAO
666983079,666983085,0,31.851,0,4,27.932282003710576,0.035794228022981635,0.0019814672603415584,8.817558515386192e-13,0.00017601900699370536,CARRAO
666983079,666983089,0,59.913,0,4,28.067903525046383,0.03562127361421414,0.0005955178264114733,9.049214756040914e-13,0.00017385556068726164,CARRAO
666983080,666983081,0,43.743,0,5,28.998330241187386,0.034478346267778195,0.002025978820930929,2.389408783055068e-14,0.00019858265331865188,CARRAO
666983080,2356795783,0,18.381,0,4,28.56103896103896,0.03500623603388245,0.0056982606600111734,8.128640668859752e-14,0.0001697790154208705,CARRAO
666983081,1079204229,0,59.643,0,5,29.328200371057513,0.034090549661877925,0.0008747693012668928,9.35688318677018e-15,0.00019684299080231882,CARRAO
666983081,2414054355,0,50.43,0,5,29.583858998144713,0.03379594498830406,0.0009803475993665927,9.943834849308021e-15,0.00019553947908728972,CARRAO
666983081,6501393725,0,108.606,0,6,29.25269016697588,0.034178547871530775,0.0010742123288901425,1.120208654198635e-14,0.00022310587316686864,CARRAO
666983083,1079203548,0,45.898,0,4,27.87142857142857,0.035872379798571497,0.0024959271922060725,2.4227022903731495e-12,0.00016852187652629632,CARRAO
666983084,1079203548,0,25.778,0,4,27.770500927643784,0.03600275248358197,0.01641305228890158,1.726562063688234e-12,0.00017251262898768455,CARRAO
666983084,666983085,0,25.455,0,4,27.917625231910947,0.03581302001648103,0.004098968097080807,1.4592706995857983e-12,0.0001732832290277053,CARRAO
666983085,666983086,0,54.793,0,4,28.08404452690167,0.03560080067118971,0.005084625847535254,5.7448778869298e-13,0.0001747961084727436,CARRAO
666983086,2356792797,0,44.849,0,4,28.341929499072357,0.03527686678056859,0.0027617471084275067,2.8248140189572305e-13,0.00017668670959257956,CARRAO
666983087,666983089,0,33.335,0,4,27.576623376623377,0.03625586996595756,0.045703689508593937,1.3437937610568166e-12,0.0001725772787683133,CARRAO
666983087,3901559383,0,56.777,0,4,27.62374768089054,0.03619401982645139,0.003422392376122375,2.4062779698048338e-12,0.00016880907047733728,CARRAO
666983087,666983088,0,57.093,0,4,27.15213358070501,0.03682268534335497,0.04524342435400841,3.4690111691939117e-12,0.00017312421567080172,CARRAO
666983088,666983090,0,15.837,0,4,27.037291280148423,0.03697909161400114,0.04541100647510453,5.312482595374684e-12,0.00017342776581245797,CARRAO
666983091,1079204406,0,57.747,0,4,30.34805194805195,0.03294493079669389,0.0005153970173506063,3.1216595770713214e-16,0.0001599836101229533,CARRAO
666983091,1079203601,0,53.370000000000005,0,4,30.04786641929499,0.03327405870657825,0.0043168404725972,3.212901813264338e-16,0.0001612754172165045,CARRAO
666983092,1079204406,0,54.83,0,5,30.371057513914657,0.03291997556505803,0.0006903196414211151,6.938318486422291e-16,0.00018667793560426401,CARRAO
666983092,6501393727,0,109.594,0,6,30.0291280148423,0.03329482197248188,0.000592862750867546,1.1609462832832676e-15,0.0002143518531875551,CARRAO
666983092,911474431,0,56.087,0,5,30.07922077922078,0.033239374070944384,0.0009706643826769753,9.40152669598436e-16,0.00018159998626689493,CARRAO
666983092,1079203996,0,53.757,0,6,29.90278293135436,0.03343549908174914,0.001000026394574525,1.0091753092577405e-15,0.00021430807638648893,CARRAO
666983093,6940029343,0,2.3,0,4,29.517625231910944,0.03387177875549969,0.010791476457835604,3.442823388015214e-16,0.00016983789548742566,CARRAO
666983093,666983094,0,112.986,0,5,29.689424860853432,0.03367577768612601,0.007345032220903535,9.748865255921255e-16,0.0001926070703079203,CARRAO
666983093,1079203601,0,57.677,0,4,29.679220779220778,0.033687355833244774,0.003498608662324525,4.2162440723263057e-16,0.00016290611932387802,CARRAO
666983094,6501393726,0,109.74,0,6,29.648423005565864,0.03372234911298145,0.007732985612145628,1.716913434405897e-15,0.00022022531921314067,CARRAO
666983094,1079203996,0,57.02,0,6,29.702968460111318,0.03366042261350789,0.001219616760148753,1.2638972748477644e-15,0.00021730787224356302,CARRAO
666983094,1079204672,0,59.701,0,5,29.392764378478663,0.03401566652148939,0.0014304609945194557,1.7530936414730236e-15,0.00019130706181077413,CARRAO
666983096,666983099,0,113.277,0,5,29.394619666048236,0.03401351956929253,0.0006595520012944274,5.019553428169075e-15,0.0001974865452516861,CARRAO
666983096,6940029346,0,57.486000000000004,0,4,30.01614100185529,0.03330922756463746,0.003918266779179397,1.772780520221911e-15,0.0001845271997196747,CARRAO
666983096,678571715,0,110.02299999999998,0,4,29.745269016697588,0.03361255434206341,0.0035510854495456774,3.970891528045274e-15,0.00016846758750946607,CARRAO
666983097,666983099,0,110.09899999999999,0,6,28.93469387755102,0.034554174841944625,0.0015219830103277753,1.0371244527798451e-14,0.00021913082125455408,CARRAO
666983097,678571713,0,110.761,0,6,28.78274582560297,0.03473659105705206,0.0017646881512256064,1.9219511255354416e-14,0.00021887857099754928,CARRAO
666983097,6501393724,0,110.364,0,6,29.232096474953618,0.03420262628442317,0.0005652187290278316,1.2971694000664196e-14,0.00021980941569464544,CARRAO
666983097,678571715,0,112.166,0,5,29.43525046382189,0.03396656918112142,0.0004999351068300881,9.327953261586122e-15,0.00019175582935418393,CARRAO
666983099,1079204672,0,60.065,0,5,29.05899814471243,0.03440636412391143,0.0015208897439273348,4.623063742632062e-15,0.00019220657767093737,CARRAO
666983099,6501393725,0,110.201,0,6,29.065862708719852,0.034398238279130626,0.000950517044725997,7.726889688674045e-15,0.00022008117151933013,CARRAO
666983101,6501393724,0,109.994,0,5,29.287198515769944,0.03413827617225608,0.00037327238529331793,9.639134199135024e-15,0.00019467693979200088,CARRAO
666983101,2414054355,0,50.076,0,4,29.777922077922078,0.033575696404428576,0.0009202179473423553,6.265322873500963e-15,0.0001642163062976473,CARRAO
666983109,666983126,0,27.425,0,4,30.92356215213358,0.03233180143750225,0.024313932383972028,1.5304357266411836e-05,0.00017371597058643472,CARRAO
666983109,6955104197,0,36.575,0,4,30.61335807050093,0.032659418445389866,0.006748264947177272,1.1870529468923062e-05,0.00016885432287511596,CARRAO
666983110,666983125,0,152.484,0,4,32.05213358070501,0.03119338276578626,0.0017698421213991123,6.688860412388991e-06,0.0001829835194514299,CARRAO
666983110,3901533162,0,125.872,0,4,32.041372912801485,0.031203858647504676,0.001494807531231107,1.730187411729932e-05,0.00018138816754387183,CARRAO
666983110,666983121,0,116.05600000000001,0,4,31.688497217068647,0.03155133752144308,4.3262113274581196e-05,5.421037045600016e-06,0.000183092914129426,CARRAO
666983121,7936551183,0,5.126,0,4,31.110018552875697,0.03213802233977207,0.004258428810630798,4.633651730173398e-06,0.00018068155160011904,CARRAO
666983121,666983160,0,132.85300000000004,0,4,31.915769944341374,0.031326659923499936,0.004019940554420381,2.135467473920404e-06,0.0001838824282478101,CARRAO
666983125,666983154,0,43.04,0,4,32.062894248608536,0.031182913915715284,0.020416281485486656,3.627601780111401e-06,0.00018398103171014796,CARRAO
666983125,666983126,0,103.513,0,4,31.54638218923933,0.0316934748728203,0.018800746107464027,1.1603178610895577e-05,0.00018017375619843403,CARRAO
666983148,2407428424,0,34.154,0,4,32.20927643784787,0.03104119625823695,0.0007254603471495655,1.7261434701059477e-07,0.00018728488708911296,CARRAO
666983148,2407427916,0,36.163,0,4,32.35788497217069,0.03089863481815732,0.0003554677610575697,2.738309788825675e-07,0.000187316602015451,CARRAO
666983148,666983163,0,52.07900000000001,0,4,31.82838589981447,0.03141266649179563,0.0005230498821536911,1.0521665771540897e-07,0.00019078242492638034,CARRAO
666983154,666983160,0,13.718,0,4,31.82634508348794,0.03141468078160705,0.0013151994797301382,1.3183119288237372e-06,0.00018481533764497452,CARRAO
666983154,2407427916,0,26.215,0,4,32.39647495361781,0.030861829031537592,0.019727367472294678,9.73256800805728e-07,0.00018559004305752837,CARRAO
666983161,666983165,0,41.29,0,2,31.461966604823747,0.031778511616935956,0.0005588153115395362,1.4895639565261668e-08,0.00011302909363585632,CARRAO
666983163,666983165,0,90.959,0,4,31.34322820037106,0.03189889901740263,0.00014399880302947243,4.628567375318965e-08,0.00020095947688530312,CARRAO
666983163,2357332815,0,181.907,0,4,31.01539888682746,0.03223606682897358,0.00017913950875792287,1.042855812239663e-07,0.00019171624573033225,CARRAO
666983169,667546521,0,181.61899999999997,0,5,29.846938775510203,0.033498057498057496,0.007045008684439743,4.967513968312843e-06,0.00021588817368736589,CARRAO
666983169,2061326959,0,41.536,0,4,29.154545454545456,0.034293605187631644,0.022467561614542067,1.4889860236935661e-06,0.00017668775223880824,CARRAO
666983171,2410532537,0,58.333,0,5,26.11113172541744,0.03829073675384932,0.0018752642385844638,1.2091975254657481e-08,0.000179134758082669,CARRAO
666983172,666983174,0,114.409,0,5,26.262894248608536,0.03806947024873372,0.015895156376921397,2.909178067208952e-09,0.00018732543311501872,CARRAO
666983172,4550104331,0,34.717,0,5,26.418923933209648,0.037844632649334964,0.018627072930708307,2.6051463923360735e-09,0.00020140973995909592,CARRAO
666983173,4550104331,0,77.737,0,4,26.43766233766234,0.0378178092477842,0.01821131933671215,6.670599767291309e-10,0.00017529408488950164,CARRAO
666983174,2356795813,0,57.83,0,4,26.31873840445269,0.03798869291827038,0.016118182722611295,1.1116537293427143e-09,0.00015527191932780115,CARRAO
666983184,2356795822,0,58.277,0,5,26.09109461966605,0.03832014278501895,0.0042431230810246285,2.4019600990630776e-09,0.0001786255684582312,CARRAO
666983185,2357332825,0,59.69,0,4,26.416141001855287,0.03784861956834734,0.011720284355467136,4.065980735853974e-09,0.000166088796487175,CARRAO
666983185,2357332828,0,90.507,0,4,26.817996289424862,0.03728147548582142,0.01358508447279024,1.9119205439510576e-09,0.00018307331162477057,CARRAO
666983186,6940318155,0,34.66,0,4,27.423933209647494,0.03645773433007476,0.0009573890049573385,1.1907081774378063e-09,0.0001976838770737455,CARRAO
666983186,2061326950,0,44.086,0,2,27.889239332096476,0.03584947080619732,0.0005588153115395362,3.9837050271261277e-10,0.00010765138723840587,CARRAO
666983186,1079949580,0,60.311,0,5,27.33339517625232,0.03657849545568701,0.0004916575183696087,1.0697114028892077e-09,0.0002230944838252374,CARRAO
666983187,3901559101,0,18.134,0,4,26.505751391465676,0.03772066131899822,0.012703287030377658,3.684644130929853e-09,0.00017376114873198642,CARRAO
666983188,2411615271,0,7.153,0,5,26.350092764378477,0.03794348961817119,0.00033828786047921614,1.6173691043830054e-09,0.00018684052841454164,CARRAO
666983189,2356795813,0,52.563,0,5,26.049536178107605,0.03838127728674496,0.016250624137978967,5.189391785528729e-10,0.00018619338202750812,CARRAO
666983189,911473882,0,107.691,0,5,25.96716141001855,0.03850303294442103,0.029121805651281443,2.799751072226348e-10,0.00018561139442771192,CARRAO
666983190,1984335288,0,115.51,0,6,25.835250463821893,0.038699623703788814,0.002238072502616421,2.490137958324263e-09,0.0002013882692184064,CARRAO
666983190,2356795815,0,57.977000000000004,0,5,25.86400742115028,0.03865659543638411,0.0027191097188103202,2.0788275127863685e-09,0.0001745043723869732,CARRAO
666983191,2356795815,0,56.951,0,5,25.59109461966605,0.03906884352163322,0.004469585406830198,7.981703287669567e-10,0.00018342491533027087,CARRAO
666983191,2356795810,0,50.609,0,5,25.47922077922078,0.039240386505792486,0.0029452596827871922,3.574107303417908e-10,0.00018887887754885698,CARRAO
666983191,6047502172,0,68.763,0,5,25.575324675324676,0.03909293367476478,0.010074449880060867,4.0814614501681733e-10,0.00019506657629303058,CARRAO
666983192,6047502176,0,53.097,0,5,25.80074211502783,0.03875138423482375,0.0029544743567337635,6.155892850348241e-11,0.00019796841158785605,CARRAO
666983192,666983194,0,116.244,0,6,25.34359925788497,0.03945037407944247,0.016395560026494532,1.1177443838207387e-10,0.00021308952085288048,CARRAO
666983193,2356795807,0,58.107,0,5,26.389239332096476,0.03788720313840183,0.00245516397356107,1.480459066081489e-11,0.00019105938281884578,CARRAO
666983193,666983196,0,116.72800000000001,0,6,26.33951762523191,0.037958723674015635,0.002733634543844746,1.6920599475623703e-11,0.00021693719265798662,CARRAO
666983194,2356795808,0,57.716,0,5,25.618923933209647,0.03902640383529105,0.004656846323134251,8.003151907153601e-11,0.00018275065525665785,CARRAO
666983194,666983204,0,115.94500000000001,0,6,25.260296846011133,0.03958047196903484,0.016847859954448274,1.2058212507236715e-10,0.00021371948915016175,CARRAO
666983195,3901559380,0,33.579,0,5,26.192578849721706,0.038171669806910426,0.003227790956843934,1.5438815703768217e-11,0.0001920618465934002,CARRAO
666983195,2356795812,0,54.069,0,5,26.523747680890537,0.037695067954645604,0.006843066762186914,1.2409511733845846e-11,0.00018876256987572274,CARRAO
666983195,6940305288,0,89.356,0,5,26.065120593692022,0.03835832900328135,0.0066551811222254655,2.410609615461493e-11,0.00019791941694531677,CARRAO
666983195,666983196,0,115.295,0,6,26.159554730983302,0.038219858156028366,0.0036243342983752033,1.9259510579155603e-11,0.00021988678572497938,CARRAO
666983196,2356795808,0,57.603,0,5,26.13951762523191,0.03824915538142691,0.004791942814045849,2.7229066170610043e-11,0.0001859645711657267,CARRAO
666983196,2356795811,0,58.760999999999996,0,5,26.599628942486085,0.03758753452556984,0.0035648293700083606,1.3177559712740961e-11,0.00018528844946811955,CARRAO
666983197,2411615276,0,7.833,0,5,25.906679035250463,0.038592923079126595,0.0007707528123106794,4.1457864683970334e-10,0.00017975965443896877,CARRAO
666983197,2411615287,0,18.283,0,5,25.905194805194807,0.03859513424861598,0.03672422401903158,4.201427343242073e-10,0.00017965997239616257,CARRAO
666983197,666983199,0,117.774,0,6,25.98756957328386,0.03847279632762916,0.0012036863068851887,8.685517295351819e-10,0.00020652853157218916,CARRAO
666983197,2411615267,0,53.983999999999995,0,5,26.18961038961039,0.03817599637296156,0.037491384670312246,4.292762479817116e-10,0.00018082356308924704,CARRAO
666983198,2356795820,0,57.464,0,6,24.973469387755102,0.040035065041193994,0.003979645878518424,3.106022717237266e-10,0.0001997294939782879,CARRAO
666983198,666983204,0,116.15700000000001,0,6,25.023562152133582,0.03995492189179771,0.003911082457119359,1.7754842784895325e-10,0.0002092351289425439,CARRAO
666983199,2356795817,0,57.604,0,6,25.817810760667903,0.03872576495781773,0.009599816081355263,1.0807139835875326e-09,0.00020021255730859469,CARRAO
666983199,1984335288,0,115.817,0,6,25.803710575139146,0.038746926273709036,0.0012695946527403268,1.5261157812204168e-09,0.0002017757395031713,CARRAO
666983199,2356795823,0,58.692,0,5,26.204638218923932,0.03815410321219459,0.009544215675847137,1.0574775729453903e-09,0.00017665492941606873,CARRAO
666983200,2411615275,0,8.279,0,5,25.26233766233766,0.039577274463147384,0.00011448061021757408,2.9387533293035706e-10,0.00017851338141789682,CARRAO
666983200,2411615268,0,21.222,0,5,25.25974025974026,0.0395813441057657,0.037466551904930805,2.966519496515559e-10,0.0001760647812351095,CARRAO
666983200,666983201,0,117.311,0,6,25.379591836734694,0.03939442673762391,0.002079548874552522,5.402658096577814e-10,0.00020216676746310418,CARRAO
666983200,2356795818,0,58.785000000000004,0,6,25.658812615955473,0.03896573415955055,0.03539340644786658,4.6402025247464454e-10,0.00020590711065270523,CARRAO
666983201,2356795820,0,57.691,0,6,25.249536178107608,0.03959734009331717,0.009947318615781051,5.233036163250973e-10,0.00019885484232331577,CARRAO
666983201,2356795817,0,58.18,0,6,25.490538033395175,0.039222964612719624,0.00988281589815505,8.224990378249238e-10,0.00019830572442811997,CARRAO
666983201,666983202,0,115.924,0,6,25.230983302411875,0.03962645685503143,0.002035662037620546,6.652066847570413e-10,0.00020375122105349596,CARRAO
666983202,6047502172,0,47.814,0,5,25.526530612244898,0.03916765997034625,0.010294040245635095,4.668730536829259e-10,0.00018943434140256254,CARRAO
666983202,2356795819,0,57.524,0,5,25.340074211502785,0.03945586200332399,0.012469640382512049,4.675919064179195e-10,0.0001764304168589833,CARRAO
666983202,2356795816,0,57.454,0,6,25.55769944341373,0.039119893144400245,0.0045317454107409675,9.539585815652019e-10,0.00020502577660758898,CARRAO
666983203,2411615282,0,8.054,0,5,25.448051948051948,0.039288448219297924,0.0001475909640594918,2.291024938515478e-11,0.00018970982735693723,CARRAO
666983203,2411615277,0,71.515,0,5,25.86456400742115,0.03865576357506635,0.04811059357962127,1.8088771653495865e-11,0.00019066769152773755,CARRAO
666983203,6940305291,0,40.172,0,5,25.757884972170686,0.03881586055389491,0.01993836788757973,1.9216400887275877e-11,0.00020555629644965077,CARRAO
666983203,2411615280,0,19.84,0,5,25.20426716141002,0.03966846029841518,0.039243734529304304,3.970999997722692e-11,0.00018829123264349043,CARRAO
666983204,6940305288,0,28.992,0,5,25.53747680890538,0.03915087143199634,0.0068516567124760905,7.262625844993575e-11,0.00019526375557023668,CARRAO
666983204,3901559381,0,32.933,0,5,25.696660482374767,0.03890834265910978,0.019576652889948212,7.28088262731754e-11,0.00019290524993563143,CARRAO
666983205,2356795805,0,58.343,0,5,26.770500927643784,0.03734761908062068,0.013063908761608732,2.493322208257161e-12,0.00019053778449012635,CARRAO
666983205,666983209,0,115.69999999999999,0,6,26.469758812615954,0.037771952450375686,0.009883596802726794,3.9889919435581624e-12,0.00021294234911629727,CARRAO
666983205,911474460,0,56.852000000000004,0,5,26.822634508348795,0.037275028705023035,0.004877217593280222,2.5816382181792727e-12,0.00018605420655715948,CARRAO
666983205,2356795811,0,57.485,0,5,26.619851576994435,0.03755897993462549,0.007856680896309772,5.0349406082882e-12,0.00018610819097899012,CARRAO
666983207,2411615274,0,8.323,0,6,26.0974025974026,0.03831088046066897,0.020703810548802555,2.5130826652404832e-12,0.00020551377327510177,CARRAO
666983207,666983208,0,118.10100000000001,0,6,26.23562152133581,0.038109044622021075,0.01173277882861503,1.925481377648807e-12,0.0002103731180847767,CARRAO
666983207,2411615273,0,90.77799999999999,0,5,26.041187384044527,0.03839358230860204,0.04386153562385139,1.7341785684353856e-12,0.00017567397459447134,CARRAO
666983207,911473781,0,51.834,0,6,26.40612244897959,0.037862979434971085,0.03391655972178557,2.4420046652936468e-12,0.00020454664232568052,CARRAO
666983208,2411611583,0,64.271,0,5,26.751020408163264,0.03737481621216745,0.00306520662500697,1.0048453061566793e-12,0.00019329467276383232,CARRAO
666983208,911473898,0,56.767,0,6,26.56029684601113,0.03764319642358201,0.00209626023238783,2.1688312365010244e-12,0.0002115471457520756,CARRAO
666983208,6383169483,0,59.905,0,5,26.62152133580705,0.037556624154993376,0.010827866610878844,1.062649694747403e-12,0.00018926939682922987,CARRAO
666983209,911473898,0,56.951,0,6,26.71743970315399,0.037421791996222406,0.0026596047904434775,3.517726282404636e-12,0.00020756968218799113,CARRAO
666983209,2356795812,0,58.972,0,5,26.5278293135436,0.037689268105045984,0.002514044178270518,5.28161082902963e-12,0.00018136907134458062,CARRAO
666983209,666983215,0,119.03200000000001,0,6,26.41038961038961,0.03785686186354951,0.009564363013798115,3.725002633207321e-12,0.0002078768952941639,CARRAO
666983211,6047502178,0,87.627,0,4,28.045454545454547,0.03564978665696424,0.0058795867015699775,4.54083682229159e-15,0.0001967617193573973,CARRAO
666983211,2376451479,0,67.809,0,4,27.548979591836734,0.03629225060442188,0.006044982289865218,8.260402645341241e-15,0.00018814522342868925,CARRAO
666983211,678571729,0,69.42999999999999,0,4,27.81187384044527,0.03594919482875936,0.00042684243891491123,8.972175606641745e-15,0.00018184439451678373,CARRAO
666983214,3901559380,0,84.385,0,5,25.96456400742115,0.03850688465083709,0.003040998583282926,1.0659171876864749e-11,0.00018963979312958538,CARRAO
666983214,2411615278,0,7.608,0,5,25.886456400742116,0.03862307207155553,0.0013745482271826323,7.3736193180788e-12,0.00018434544709542604,CARRAO
666983214,2411615270,0,51.701,0,6,25.898144712430426,0.03860564076480576,0.03593551040157081,6.933585302071062e-12,0.00021875918876191795,CARRAO
666983214,2411615277,0,47.974,0,5,25.884415584415585,0.038626117247360536,0.03386486383913616,9.567810906872837e-12,0.00018648877146478217,CARRAO
666983215,2411615272,0,7.357,0,5,26.351576994434136,0.03794135248354279,0.00032298213087304664,2.570613384974521e-12,0.00017952646400563548,CARRAO
666983215,911473781,0,61.01,0,6,26.657328385899813,0.03750617679196565,0.033789272276591405,2.892642186457229e-12,0.00020602788309915217,CARRAO
666983216,2411615279,0,7.968,0,5,25.95361781076067,0.03852312531274573,0.0009110032733957838,7.620248324326426e-10,0.00018118262380656527,CARRAO
666983216,2411615286,0,24.225,0,5,25.95269016697588,0.03852450226972156,0.040804918949133594,7.172926578593481e-10,0.00018254322519570466,CARRAO
666983216,2411615283,0,12.31,0,5,25.870500927643786,0.03864689261485062,0.03502684984189025,1.0554343630241354e-09,0.0001813524051256232,CARRAO
667546250,7936551181,0,12.656,0,4,32.98293135435993,0.030313087108641116,0.03424578908923256,0.0005211271884836203,0.00017974008624579863,CARRAO
667546250,7474194980,0,24.656,0,4,32.676808905380334,0.030597065770348836,0.002403936633654707,0.000402880356696656,0.0001789702629047973,CARRAO
667546251,910202677,0,70.995,0,5,31.457513914656772,0.031783009743093726,0.003988235828807601,0.00044711528100763306,0.00019998349391778266,CARRAO
667546251,667546259,0,70.946,0,5,31.07847866419295,0.03217063750276098,0.004388058969540192,0.00039032126895974733,0.00019730324817038254,CARRAO
667546259,4964965080,0,84.72200000000001,0,4,31.62430426716141,0.03161538235898038,0.004569541192013345,0.00013476105894434662,0.00017232054812229815,CARRAO
667546277,839181173,0,218.007,0,6,28.624489795918368,0.03492863902103885,0.014549345437978919,2.4380797551546216e-06,0.00022344824533197352,CARRAO
667546282,8702084637,0,37.287000000000006,0,4,29.6417439703154,0.03372994761186463,0.0009790981520518033,6.170366496699707e-07,0.00016248659499939203,CARRAO
667546372,1079950377,0,81.497,0,4,34.8139146567718,0.02871881778019366,0.042003451285845275,2.8490159397761833e-17,0.00017843846521990066,CARRAO
667546505,7936551183,0,102.14999999999999,0,4,30.975324675324675,0.032277772120965276,0.004268268208234764,1.173119438176078e-05,0.00017863743119771332,CARRAO
667546521,667546523,0,35.464,0,3,30.64452690166976,0.03262620024943393,0.0005588153115395362,4.5524319519130695e-06,0.00013753345810362877,CARRAO
667546521,7936551183,0,120.30499999999999,0,5,30.48126159554731,0.032800954386648325,0.0008600882953181179,7.0044013508773654e-06,0.0002164168200284876,CARRAO
667546522,1079949584,0,57.884,0,4,27.73562152133581,0.03604802836215258,0.012763260501487546,1.50681204559364e-07,0.00016350292844122673,CARRAO
667546524,2357332823,0,22.135,0,2,28.820593692022264,0.03469097416684369,0.0005588153115395362,3.0294251386244497e-07,0.00010469953028667843,CARRAO
667546525,2357332822,0,52.574,0,5,27.33061224489796,0.036582220049961985,0.0012891172670339106,1.1608343944279604e-07,0.00020713932040954648,CARRAO
667546525,2357332820,0,60.261,0,5,27.26734693877551,0.03666709759068115,0.013000030767640128,6.333342761972807e-08,0.00020044457080027617,CARRAO
667546525,1079949584,0,57.88,0,5,27.417625231910947,0.036466122167261014,0.013060316600578712,8.831445007449613e-08,0.00019779576316144364,CARRAO
678571707,678571723,0,107.9,0,4,29.359369202226347,0.034054358060500355,0.004485047317350716,7.206319554830815e-18,0.00018813237030199147,CARRAO
678571707,678571708,0,102.954,0,4,29.421150278293137,0.0339828477739942,0.002425958142577869,2.5320631368508897e-18,0.0001871736085240861,CARRAO
678571707,678571717,0,116.91199999999999,0,4,29.615769944341373,0.03375952990997876,0.0019216499701460183,7.99444256902288e-18,0.00018705016375141317,CARRAO
678571708,5339469728,0,81.792,0,4,29.651205936920224,0.03371918408209235,0.002350678941861811,-4.440343597671023e-18,0.00019270578893888058,CARRAO
678571708,678571709,0,116.912,0,4,29.570686456400743,0.03381099971139247,1.4681005948774848e-05,1.3904954334458506e-17,0.0001846362918311845,CARRAO
678571709,678571710,0,160.58499999999998,0,5,29.22300556586271,0.03421326629082229,0.021560931406748047,5.578056803353552e-17,0.00021942831725369123,CARRAO
678571709,678571717,0,101.71699999999998,0,4,29.299072356215213,0.034124441179822954,0.021653702869871155,1.6304016515712196e-17,0.0001845128470585116,CARRAO
678571710,2414086075,0,45.611,0,5,29.461224489795917,0.03393662308874279,0.006812923845717621,4.635116185415108e-17,0.0002236068955626256,CARRAO
678571710,1079203250,0,45.301,0,5,29.38051948051948,0.034029843206344994,0.022437574878987124,4.9422219578246726e-17,0.00022930079865796636,CARRAO
678571710,6940029343,0,113.25,0,5,29.26808905380334,0.03416056543374219,0.00858198506254499,1.6615101253972392e-16,0.00021566880591241387,CARRAO
678571711,5339469728,0,77.639,0,5,29.453803339517624,0.033945173725717454,0.0022416646636464403,-2.0105665135750383e-18,0.00023223543313790007,CARRAO
678571711,3901559409,0,36.055,0,5,29.401669758812616,0.0340053636220224,0.02388115507031187,1.1824391092569351e-18,0.0002386950348313029,CARRAO
678571711,2414086075,0,71.863,0,5,29.211688311688313,0.03422652126693384,0.006054821687469183,5.307119729377679e-18,0.00022828063536748224,CARRAO
678571711,1079204182,0,164.199,0,5,28.729684601113174,0.03480074651443627,0.027305421617406424,-6.729492633549727e-18,0.00022758362842983606,CARRAO
678571713,678571714,0,113.00899999999999,0,5,29.04100185528757,0.03442768525084488,0.0009019447803635611,1.6238712829775672e-14,0.00019482618459344073,CARRAO
678571713,678571720,0,54.28,0,5,28.58144712430427,0.03498124034429486,0.002558868100688586,1.9830437504519112e-14,0.00019297496874321667,CARRAO
678571714,678571715,0,109.124,0,4,29.593320964749537,0.033785139303357824,0.004021658544478216,6.346270649371737e-15,0.00016643328421927988,CARRAO
678571714,678571719,0,56.698,0,4,29.3886827458256,0.034020390770493354,0.0034898625311209994,6.5350382607574486e-15,0.00017333185319165202,CARRAO
678571716,678571717,0,109.04499999999999,0,4,29.258256029684603,0.034172046010830556,0.019852312203773613,1.1872358688627255e-17,0.00018955954667352733,CARRAO
678571716,678571723,0,117.338,0,4,29.492764378478665,0.03390033088836607,9.183437763701713e-05,1.104832978743223e-17,0.00019064175322410567,CARRAO
678571716,6940029352,0,28.981,0,4,29.184415584415586,0.03425850582311957,0.019946957837868907,-2.7089672736940068e-18,0.00020040493485204802,CARRAO
678571719,6047502180,0,14.846,0,4,29.33339517625232,0.03408451238718083,0.004075853321757204,4.427482768850851e-15,0.00019085149689433595,CARRAO
678571719,678571720,0,112.968,0,4,29.055287569573284,0.03441075807110748,0.0005072756098044755,1.012802779448131e-14,0.00017158221847028267,CARRAO
678571721,6940029352,0,44.733000000000004,0,4,28.980705009276438,0.034499315007106,0.02034084610385625,1.2164763122635006e-17,0.00020067549273375897,CARRAO
678571721,678571724,0,116.918,0,4,28.98627087198516,0.03449269054507284,0.00028206273131369544,1.992128139370827e-17,0.00019120001529842224,CARRAO
678571721,678571722,0,34.258,0,4,28.491094619666047,0.03509217475108584,0.020314607710245673,3.7857132816458965e-17,0.00019139295302127417,CARRAO
678571722,678571725,0,116.906,0,4,28.567903525046383,0.034997824406907345,9.761307146791786e-05,3.296033604210205e-17,0.00018898891810146463,CARRAO
678571722,10671569917,0,107.073,0,4,28.039332096474954,0.03565757086520393,0.020487499982429647,1.092545537243182e-16,0.00019004303234885928,CARRAO
678571723,678571724,0,73.151,0,4,29.18627087198516,0.03425632810811498,0.004771170752437477,1.922970879261705e-18,0.0001891704620395299,CARRAO
678571724,678571725,0,32.602,0,4,28.901669758812616,0.03459365772242907,0.005317179229000422,1.7462922314436892e-17,0.00018879598037861272,CARRAO
678571726,678571728,0,138.441,0,5,27.846196660482374,0.03590488437014878,0.00019319579104930303,5.5002081952274537e-14,0.0001976947775422564,CARRAO
678571726,2356795801,0,59.321999999999996,0,4,27.698144712430427,0.036096802931148815,0.04806826855183278,4.728644803853878e-14,0.0001678714613452973,CARRAO
678571726,2363530756,0,69.253,0,5,27.63877551020408,0.036174340316701685,0.04844044767072565,1.7559808312756434e-13,0.00019223750898502226,CARRAO
678571728,678571729,0,132.335,0,5,27.58144712430427,0.036249529139536135,3.888904767281848e-05,2.493690960964041e-14,0.00020464535739861815,CARRAO
678571728,2356795799,0,49.919,0,5,28.132096474953617,0.03553999155851008,0.006231930844340574,2.620957597788347e-14,0.00020253246951840094,CARRAO
678571729,6940137802,0,46.584,0,4,27.627643784786642,0.03618891567559582,0.0006684543134123015,1.3175697711848087e-14,0.00017630770233205848,CARRAO
839181173,839181275,0,21.704,0,5,28.978849721706865,0.03450152372659991,0.0013675200860369422,1.1948785384592238e-06,0.00019583092030498389,CARRAO
839181173,2407326357,0,38.193,0,5,28.882374768089054,0.03461676815951078,0.024728748892482093,1.0752554494777719e-06,0.00019460993166979792,CARRAO
839181219,839181425,0,61.345,0,4,29.567161410018553,0.03381503071526728,0.0008583703052602826,4.055906811881724e-06,0.00017269290382051944,CARRAO
839181219,2061326962,0,109.61800000000001,0,5,28.726159554730984,0.03480501698593332,0.001065466197686617,4.16579535608538e-06,0.00020734602411516173,CARRAO
839181219,7936551171,0,262.113,0,5,29.21873840445269,0.03421826286280311,0.00047666415059213654,1.5139202960223238e-05,0.0002033554463411606,CARRAO
839181275,839181425,0,60.097,0,4,29.566975881261595,0.033815242899991216,0.0013692380760947774,1.458319892267583e-06,0.0001715868602852008,CARRAO
839181275,2407326357,0,37.417,0,4,29.64155844155844,0.03373015873015873,0.0004902518901404707,7.733984386424615e-07,0.00016603824209852496,CARRAO
839181311,7936551181,0,154.51200000000003,0,4,32.45658627087199,0.030804671289177493,0.030072635057836136,0.0009528020376556857,0.00018016556035787025,CARRAO
839181412,7936551171,0,63.332,0,6,29.56196660482375,0.03382097289426945,0.014402691559405519,1.6687828741135234e-05,0.0002362080081724916,CARRAO
839181412,8943818962,0,161.484,0,5,29.837662337662337,0.03350847194155138,0.0005321083751859139,5.831476911045446e-06,0.00021207675342664928,CARRAO
839181425,8943818962,0,77.12899999999999,0,4,30.083116883116883,0.03323506919604312,0.001006585992977169,2.250562575152624e-06,0.00018168467600705848,CARRAO
910202677,7474194980,0,35.634,0,4,32.38237476808905,0.030875267129213194,0.004132390812751422,0.00028185011099312343,0.00017494755918251434,CARRAO
911473750,911473872,0,144.129,0,5,29.823376623376625,0.03352452285564984,0.0004975923931148581,1.4915333068204283e-15,0.00018939333827223484,CARRAO
911473781,2411615284,0,7.37,0,5,26.46604823747681,0.037777248128312256,0.000569279432800897,2.105748666077496e-12,0.00017731607028950594,CARRAO
911473781,911473898,0,119.11600000000001,0,6,26.557884972170687,0.037646615018128216,0.0005588153115395362,2.6853670933887923e-12,0.00020572066999297942,CARRAO
911473795,911473930,0,82.345,0,5,26.72077922077922,0.037417115084186776,0.0011046676071881328,1.0930452197938214e-10,0.0001925625952758296,CARRAO
911473795,911474282,0,70.944,0,4,26.820408163265306,0.0372781228815318,0.0022308881805563822,4.8005722535557096e-11,0.00016100087436022998,CARRAO
911473799,911473967,0,109.931,0,5,30.658070500927643,0.03261178720339855,0.00018975981093363232,3.4057565324780852e-15,0.00017906865144582456,CARRAO
911473814,911474464,0,57.688,0,6,28.35769944341373,0.035257249031717786,0.0013601795830625546,2.5679486454939047e-12,0.00021921681954551505,CARRAO
911473814,911474367,0,94.383,0,5,28.52708719851577,0.0350478990121032,0.0029488518438172116,1.7909670025853218e-12,0.0001936094464751179,CARRAO
911473814,911474416,0,100.32,0,5,28.763450834879407,0.03475989292740349,0.00023973770352520628,1.2961098257868197e-12,0.000194989262766827,CARRAO
911473847,911473967,0,119.601,0,5,30.301298701298702,0.03299576302319316,0.0004947811366565821,3.987787679157841e-15,0.00018461474723728376,CARRAO
911473872,6501393727,0,55.182,0,6,30.294063079777366,0.033003643935450286,0.007270221562930523,1.4791838269660881e-15,0.00021462626553549628,CARRAO
911473872,911474431,0,109.402,0,5,30.180148423005566,0.033128215846709004,0.00038561067752686273,1.2605216034800162e-15,0.00018186778714263463,CARRAO
911473898,911474460,0,116.583,0,5,26.678849721706865,0.0374759212511909,0.00016914393023960807,2.110355114340438e-12,0.00018089994928626937,CARRAO
911473904,911474107,0,65.563,0,5,28.306122448979593,0.03532149177426755,0.019143094671716307,3.8864121867607544e-12,0.00018813506676512652,CARRAO
911473904,911474367,0,55.425,0,5,28.139888682745827,0.03553015019054024,0.01978468586786064,3.3730741939983635e-12,0.00019151800740600954,CARRAO
911473904,911474464,0,94.542,0,6,28.10686456400742,0.035571896287690766,0.000842127490168021,4.150057033747657e-12,0.00021702211739165825,CARRAO
911473930,8702284442,0,105.398,0,5,27.034508348794063,0.036982898240412856,0.0023645790432388425,9.45122100158795e-11,0.00019980887961446131,CARRAO
911473953,911474464,0,64.43,0,6,28.148794063079777,0.03551890958463506,0.0018557416242908802,3.678028144074794e-12,0.00021228070024310771,CARRAO
911473953,911474124,0,105.663,0,6,28.213358070500927,0.03543762740843033,0.00042371882062793785,3.187810788601438e-12,0.00021642031652863608,CARRAO
911473953,911474107,0,93.543,0,5,28.149721706864565,0.0355177390971943,0.00023583318066648957,3.4143889321296944e-12,0.0001835924712538446,CARRAO
911474124,1079203710,0,64.503,0,5,28.633024118738405,0.034918228235233134,0.001936330976094793,1.8596745060670007e-12,0.00018924465701863885,CARRAO
911474124,1079204047,0,57.952,0,5,28.642671614100184,0.03490646699139807,0.012309242583475965,1.4545410054343878e-12,0.00019706705958976716,CARRAO
911474282,4967229777,0,102.776,0,4,27.412987012987013,0.03647229215734048,0.01864206629848578,2.347870396332113e-11,0.0001635249458581517,CARRAO
911474416,6338845949,0,90.917,0,4,29.1113172541744,0.034344528710725894,0.001649895179179335,6.113809942978016e-13,0.00016789285108096335,CARRAO
911474416,1079203710,0,59.02199999999999,0,4,28.818181818181817,0.03469387755102041,0.0016934696542826135,1.0780532641456872e-12,0.00016009784258834067,CARRAO
911474464,1079203710,0,106.347,0,5,28.352690166975883,0.0352634781868984,0.00020975096797026192,2.349897753245626e-12,0.00018528580759965958,CARRAO
1079202598,1079203996,0,109.668,0,5,30.07365491651206,0.033245525827128204,0.0011143508238777504,9.802228436761487e-16,0.00018335108357484878,CARRAO
1079202598,6501393726,0,55.24,0,5,29.964007421150278,0.033367181405025204,0.008619780843817367,1.4384130825636264e-15,0.0001861453263997579,CARRAO
1079202598,6501393727,0,54.435,0,5,30.1417439703154,0.03317042544809927,0.007247419149435617,1.1327121082642205e-15,0.0001833917053700921,CARRAO
1079202624,6940029346,0,1.626,0,4,30.318923933209646,0.03297658167043,0.0036599435468466996,7.073827054029379e-16,0.00018842555894174726,CARRAO
1079202624,1079204672,0,113.089,0,4,29.615027829313544,0.03376037588097103,0.00016071016086477996,1.320775832640229e-15,0.00017074161348506632,CARRAO
1079202624,6940029343,0,58.174,0,4,29.6139146567718,0.03376164491695851,0.0035595192189205056,4.499384902472135e-16,0.000177303567008228,CARRAO
1079202630,2356792783,0,136.649,0,6,29.542671614100186,0.03384306214086099,0.004882996287111124,1.628226688284297e-13,0.00022960043431985997,CARRAO
1079202630,6338845948,0,95.814,0,5,29.585899814471244,0.03379361376577119,0.011108523713963403,3.6395515888132643e-13,0.00020311637435639515,CARRAO
1079202630,1079202773,0,38.422,0,5,29.82634508348794,0.033521186335249184,0.0010340738339025346,1.810688299669665e-13,0.0002020192813941106,CARRAO
1079202630,1079202856,0,41.385,0,5,29.476808905380334,0.0339186807653575,0.006336884418782879,1.567939409058268e-13,0.0002032790095074815,CARRAO
1079202677,1079204229,0,109.134,0,4,29.602411873840445,0.03377476387748579,0.0003649947968328385,3.857090344316164e-15,0.0001615359098138776,CARRAO
1079202677,6501393725,0,60.793,0,5,29.399628942486085,0.034007724151857835,0.005600179045800209,5.692885988694663e-15,0.0001886748407227845,CARRAO
1079202677,6501393726,0,59.995999999999995,0,5,29.65398886827458,0.03371601964525917,0.00582179976326097,2.5650730699204756e-15,0.00018968476635155364,CARRAO
1079202773,2356792781,0,114.016,0,4,30.108719851576993,0.03320680773449342,0.00013697066188378236,1.0385398751708781e-13,0.00016879126229028834,CARRAO
1079202773,1079203951,0,155.044,0,4,29.9708719851577,0.033359538946286744,0.0006775128064445243,2.4001006544764513e-13,0.00017384893112919807,CARRAO
1079202787,2414077325,0,15.588,0,2,29.2834879406308,0.03414260190828571,0.0005588153115395362,1.4840492470429e-19,0.00012118050298177686,CARRAO
1079202856,1079202971,0,75.30199999999999,0,4,29.87588126159555,0.03346560600132894,0.00020350373139631515,6.245045400521226e-14,0.0001746599630827015,CARRAO
1079202856,1079203567,0,149.257,0,4,29.26883116883117,0.03415969928815472,0.006424189549903785,1.1930367819299126e-13,0.00017464697588238736,CARRAO
1079202893,1079204047,0,77.281,0,4,29.208719851576994,0.03422999968240861,0.006166959583971528,3.649073374700218e-13,0.0001759613504096335,CARRAO
1079202893,2356792792,0,60.502,0,4,29.323191094619666,0.03409637334548123,0.006316268538088855,1.1487680160533268e-13,0.0001818738755066073,CARRAO
1079202893,2356792795,0,131.861,0,4,28.868645640074213,0.03463323093533502,0.0,1.4205603304892354e-13,0.00018205033106148845,CARRAO
1079202971,2356792785,0,48.451,0,4,29.866790352504637,0.03347579232460772,0.0002892470533737342,3.644878022870719e-14,0.00017433317837247186,CARRAO
1079202971,1079204264,0,144.608,0,4,29.94786641929499,0.033385165315111605,0.0003175157988708432,4.1794025142635997e-14,0.00017860431372490045,CARRAO
1079203018,1079204406,0,110.173,0,4,30.564935064935064,0.032711159671006705,0.00010026814701184523,4.564407363480727e-16,0.00015705585352702235,CARRAO
1079203048,1079203296,0,65.61099999999999,0,2,29.709461966604824,0.033653065557595514,0.0005588153115395362,-3.809844421555809e-18,0.00013562736662629362,CARRAO
1079203054,1079204571,0,80.022,0,4,28.155844155844157,0.03551001581444386,0.03257059260192874,-3.697594228950911e-18,0.00020200473002304612,CARRAO
1079203054,1079204087,0,109.21600000000001,0,4,27.93450834879406,0.03579137526815305,0.033269033650895986,-7.79933682062986e-18,0.0002039477931454009,CARRAO
1079203054,6940029382,0,48.286,0,4,28.55974025974026,0.03500782787763825,0.002232137627871171,-8.066395903825681e-19,0.00021501136834931942,CARRAO
1079203250,6940029340,0,60.755,0,4,29.76382189239332,0.03359160241106547,0.0219006248954564,1.6328684941827337e-17,0.00020083084198332577,CARRAO
1079203250,1079204194,0,49.507,0,2,30.08274582560297,0.03323547913608723,0.0005588153115395362,1.69572788017093e-17,0.00010952892939012856,CARRAO
1079203296,1079204616,0,22.884,0,2,29.709461966604824,0.033653065557595514,0.0005588153115395362,-3.766522061674366e-18,0.00013562736662629362,CARRAO
1079203548,2356792796,0,100.854,0,4,27.877365491651204,0.03586474021522837,0.013993029021068961,8.175459569825009e-13,0.00017793689098326415,CARRAO
1079203567,1079204264,0,58.485,0,4,29.640630797773653,0.03373121436127263,0.011264860809226418,9.865431510791029e-14,0.00017859132652458628,CARRAO
1079203567,1079204047,0,18.987,0,4,28.99925788497217,0.034477243355981214,0.017800563531975153,3.5906219747303163e-13,0.00017406149927397108,CARRAO
1079203601,1079203996,0,112.846,0,5,30.11465677179963,0.03320026121563844,0.0010762426807766753,7.184662212509777e-16,0.00018882470865393982,CARRAO
1079203670,2414072722,0,49.073,0,2,29.31038961038961,0.03411126513612224,0.0005588153115395362,-4.864269300668259e-18,0.00011387719623742607,CARRAO
1079203670,1079204568,0,82.351,0,4,28.870315398886827,0.03463122786949509,0.001117318261250375,1.1435930595977371e-17,0.00020301880310045003,CARRAO
1079203670,1079204571,0,148.08200000000002,0,4,28.739517625231912,0.03478883968342091,0.0,-6.623172387023472e-18,0.00020502488092142928,CARRAO
1079203917,2414073564,0,16.247,0,2,29.931539888682746,0.033403375668656365,0.0005588153115395362,-1.9339252751245625e-17,0.00012406612559019524,CARRAO
1079204087,2414077325,0,86.77799999999999,0,4,28.284601113172542,0.035348367376388946,0.0011160688139355856,-3.972118388356503e-18,0.00021427125078813482,CARRAO
1079204182,2414104816,0,108.111,0,4,28.61595547309833,0.03493905601659751,0.005536301051831604,4.341965256037411e-18,0.0001927188510297752,CARRAO
1079204182,1079204568,0,110.256,0,4,28.415584415584416,0.0351854270044398,0.032189823532746686,-4.012908308975076e-18,0.00019226015105142623,CARRAO
1079204229,6940137876,0,54.742,0,4,29.619294990723564,0.03375551212667869,0.0003176719797851919,4.217834097984625e-15,0.00016966066852085215,CARRAO
1079204264,2356792789,0,22.574,0,4,29.634508348794064,0.03373818318412321,0.011459306047590512,3.9597250094552426e-14,0.00018014042050659788,CARRAO
1079204568,1079204571,0,31.645,0,4,28.31113172541744,0.035315242108298325,0.03246720083662992,-1.70260568653854e-17,0.00019751692119974055,CARRAO
1079949580,1079950108,0,90.18,0,5,26.568460111317254,0.03763163040138544,0.0010976394660424428,1.9666605822424345e-09,0.00020386923760585822,CARRAO
1079949580,1079949916,0,48.422,0,3,27.334137291280147,0.03657750235863464,0.0005588153115395362,8.316173734099402e-10,0.00013392416934332696,CARRAO
1079949584,1079949718,0,117.094,0,4,27.30964749536178,0.03661030305912404,9.651980506747719e-05,8.750255573222058e-08,0.00015978948135428163,CARRAO
1079949604,2411615278,0,52.069,0,5,25.819294990723563,0.038723538795395425,0.011843354915973887,5.6385984884489775e-12,0.00017918263415360556,CARRAO
1079949604,2411615270,0,7.332,0,6,25.828200371057513,0.03871018719381671,0.0017482891552189962,5.1985628330139055e-12,0.00021336086944281004,CARRAO
1079949604,1079950267,0,60.475,0,6,25.678293135435993,0.038936173287285235,0.0016667627179289912,5.493522875686563e-12,0.0002067776019763292,CARRAO
1079949620,2411615273,0,7.996,0,5,25.558441558441558,0.039118757259001165,0.000758726881905832,2.025259090920106e-12,0.00017681645269553137,CARRAO
1079949620,1079949800,0,187.29299999999998,0,6,25.00055658627087,0.039991688496731057,0.0003443789161388142,4.202963072707701e-12,0.00020610278530379942,CARRAO
1079949620,2411615274,0,92.752,0,6,25.611502782931353,0.039037712066992164,0.0014759096405949181,2.8041743407333624e-12,0.00020671426265212532,CARRAO
1079949620,1079950081,0,60.45099999999999,0,5,25.7847866419295,0.03877536336163477,0.0016075701513908458,1.816170387557398e-12,0.00018024901937855727,CARRAO
1079949662,1079950289,0,104.59899999999999,1,6,23.920593692022262,0.041797226444947724,0.0008753940249242874,1.5447412516437228e-12,0.00021453829241654856,CARRAO
1079949662,1079950045,0,217.69400000000002,0,6,23.8873840445269,0.041855335409660355,0.0006361248641421272,3.762995914085463e-12,0.00020893176647390072,CARRAO
1079949662,1079949994,0,120.024,0,5,23.560853432282002,0.04243540982573843,0.03252045852842282,1.4046269616648559e-12,0.00018311416300906505,CARRAO
1079949664,1079949846,0,94.233,0,5,24.41038961038961,0.04095856261210592,0.002321785472707307,1.9272937280659507e-11,0.0001885745327702129,CARRAO
1079949664,6940408305,0,155.522,0,4,24.318552875695733,0.04111323878331057,0.02647360206758542,2.58218757554067e-11,0.00016299260926450917,CARRAO
1079949699,1266042904,0,19.964,0,5,25.90074211502783,0.03860176927760467,0.0063343855241533,7.918654883225104e-14,0.00020416674620750376,CARRAO
1079949699,1266042804,0,38.675,0,4,25.488682745825603,0.03922581960053573,0.004518782394850028,2.2443513766099354e-14,0.0001846256745516811,CARRAO
1079949699,1266042871,0,15.064,0,4,26.13543599257885,0.03825512884219493,0.0037800466699808256,2.0171691897906712e-14,0.00018133050051937584,CARRAO
1079949716,1079950064,0,110.841,0,6,24.530241187384046,0.04075844438729976,0.037606333823272865,7.065825469472199e-12,0.00020639177798111792,CARRAO
1079949716,2407228623,0,96.956,0,5,24.649350649350648,0.04056149330121933,0.0002083453397411239,4.474048504274556e-12,0.00017913973265123,CARRAO
1079949716,1079950100,0,91.208,0,6,24.575139146567718,0.04068398006945493,0.00020319136956761783,6.993888248363121e-12,0.00020499184598060517,CARRAO
1079949728,2411615272,0,10.482,0,4,26.274025974025975,0.03805334105368706,0.011776353303718309,1.9627802993315795e-12,0.00015169704691937017,CARRAO
1079949728,1079950267,0,64.394,0,5,25.88812615955473,0.03862058092118936,0.0003643700731754438,3.693848175881193e-12,0.00017995179450798954,CARRAO
1079949728,2411615284,0,50.129,0,4,26.512801484230057,0.03771063091306052,0.011882712506389751,1.7516431025357118e-12,0.00015119142229599462,CARRAO
1079949795,1079949987,0,115.219,0,4,26.78107606679035,0.037332871492899204,1.874170972184023e-06,5.8434098940009706e-08,0.00015414714851014037,CARRAO
1079949800,1079950067,0,94.229,0,6,24.988682745825603,0.040010691296245425,0.011907545271771191,3.853742083985982e-12,0.00021218110351700853,CARRAO
1079949800,1079950327,0,178.957,0,6,24.54230055658627,0.04073841687896404,0.0003956062560451775,8.773081736669719e-12,0.00020397449828259799,CARRAO
1079949800,1079949833,0,92.17399999999999,0,5,25.045454545454547,0.03991999703692729,0.012029991108620547,4.575914915932113e-12,0.00017512695295296472,CARRAO
1079949833,1079949875,0,106.018,0,5,25.239332096474953,0.03961334901499559,0.0056304781431838515,5.957573975577116e-12,0.0001749202302339676,CARRAO
1079949833,2411615274,0,113.16600000000001,0,5,25.652504638218925,0.03897531587435903,0.01065013273035006,3.1771188464510347e-12,0.00017570492325261392,CARRAO
1079949846,1079949873,0,94.18,0,5,24.708534322820036,0.040464337470622246,0.001160736555439305,1.7046209958053886e-11,0.00017961304797714067,CARRAO
1079949846,1079949848,0,191.49800000000002,0,6,24.56307977736549,0.04070395407681559,0.001618346634480904,3.925660562912408e-11,0.0002104783358858294,CARRAO
1079949846,1079950327,0,184.30199999999996,0,6,24.305751391465677,0.04113489252564729,0.00030705167760948244,1.8203935889962392e-11,0.00020696730016902713,CARRAO
1079949848,2411615280,0,8.062,0,5,24.71725417439703,0.04045006230015162,0.005210039121757235,5.372540793524158e-11,0.00018007606379210844,CARRAO
1079949848,2411615282,0,20.48,0,5,25.008534322820037,0.03997893112555269,0.015926080197962433,3.6925651640113755e-11,0.00018149465850555524,CARRAO
1079949855,1079949865,0,236.412,0,4,27.605009276437848,0.036218588489895225,0.024402486962407724,7.470294015939936e-10,0.00018235602628792103,CARRAO
1079949873,1079950082,0,114.094,0,5,25.394990723562152,0.03937053894315417,0.018554917348279222,1.0992457905126416e-11,0.00018215790075841681,CARRAO
1079949873,1079949875,0,106.02199999999999,0,5,25.007235621521335,0.039981007352232006,0.017923634092481905,8.997006571660962e-12,0.0001765394349293268,CARRAO
1079949875,1079950267,0,100.313,0,6,25.302226345083486,0.0395148813233709,0.010696362280997265,6.899482044763632e-12,0.00020525095120060675,CARRAO
1079949875,1079950327,0,92.225,0,6,24.549536178107605,0.04072640981847312,0.026131565865161833,1.0154732885156653e-11,0.00020374878758336621,CARRAO
1079949903,1079950085,0,9.549,0,4,25.79294990723562,0.038763091264817584,0.0733208482310403,2.498222542595334e-13,0.00015802228241722626,CARRAO
1079949903,1079950252,0,33.567,0,4,26.246011131725417,0.03809395897247395,0.0009575451858716871,2.7995241893922874e-13,0.0001573854587824731,CARRAO
1079949927,1079949994,0,37.248,0,4,23.576066790352506,0.04240802675585284,0.0002495771011291724,5.409149472628722e-13,0.00015252146764820672,CARRAO
1079949927,1079950239,0,26.16,0,5,23.47569573283859,0.042589343575639746,0.02870792622825747,3.946880426399289e-13,0.00018436010963868296,CARRAO
1079949927,1079950289,0,84.672,0,5,23.90686456400742,0.04182122957053501,0.028764776081080384,6.81030657605857e-13,0.00018459951835584216,CARRAO
1079949935,1266042809,0,30.307,0,4,25.31020408163265,0.03950242629487913,0.002417992915946087,7.27486337677755e-13,0.00016501653775601418,CARRAO
1079949935,7949762875,0,174.88400000000001,0,4,25.107792207792208,0.03982088361129379,0.00174079247133026,6.260659192974714e-13,0.00016203153450210903,CARRAO
1079949940,1266042904,0,120.356,0,5,25.524489795918367,0.0391707916294148,0.002005206759322556,1.1309725121996234e-13,0.00019874913166956286,CARRAO
1079949940,7474565435,0,32.094,0,4,25.333580705009275,0.039465975334680846,0.0004369941983475747,1.7131117462903512e-13,0.00016610584308364166,CARRAO
1079949940,7474565439,0,31.932,0,4,24.92300556586271,0.04011612759146909,0.0016181904535665552,9.766230904273752e-14,0.00016920566706921133,CARRAO
1079950001,1079950064,0,82.507,0,5,23.961410018552876,0.04172602824578791,0.0009041313131644425,5.2518125868608134e-12,0.00018293852212724788,CARRAO
1079950001,1079950149,0,73.969,0,4,23.633395176252318,0.042305156063555865,0.0007794989435142049,1.8883725251504255e-12,0.0001608254335050251,CARRAO
1079950001,2407228623,0,197.493,0,4,24.064192949907234,0.041547808119901934,0.0001477471449738405,2.6600468443924703e-12,0.00015453615034869073,CARRAO
1079950028,1266042953,0,84.429,0,5,25.067161410018553,0.03988542838533957,0.005065884137813414,4.3185957988674713e-13,0.00018364266186340325,CARRAO
1079950028,7949762875,0,8.887,0,5,24.812801484230057,0.040294300177208184,0.013221651485100887,6.762097840251394e-13,0.00018639362655676632,CARRAO
1079950028,1079950289,0,112.558,0,6,24.47439703153989,0.040851444468870575,0.029089320021096918,7.919707258445543e-13,0.00021503879672915885,CARRAO
1079950028,1266042931,0,171.096,0,6,25.03116883116883,0.039942780058998796,0.02077331105568771,5.679728415681609e-13,0.00021473100863455064,CARRAO
1079950045,1079950100,0,165.221,0,6,24.03191094619666,0.04160361918290461,0.0015222953721564726,6.591460117247611e-12,0.0002044924178888402,CARRAO
1079950064,1079950100,0,79.842,0,6,24.29294990723562,0.04115656908942332,0.0018004535806114515,7.877620647018117e-12,0.00020579045620748072,CARRAO
1079950065,1079950316,0,110.619,0,5,30.786456400742114,0.03247578929606663,5.9192566538145395e-05,4.2385504301838777e-16,0.00018961236388238,CARRAO
1079950065,1079950404,0,112.416,0,5,30.436363636363637,0.032849340453027086,0.02116969821630463,6.443465495752695e-16,0.0001833022048380909,CARRAO
1079950067,7949762875,0,129.839,0,5,24.99647495361781,0.039998218672762764,0.011568320325805882,1.4190310793890802e-12,0.00018879251380255214,CARRAO
1079950067,1266042809,0,111.59699999999998,0,5,25.192207792207792,0.039687449368859824,0.05231467143205873,1.5204485961079095e-12,0.000191952823324774,CARRAO
1079950067,1266042833,0,96.617,0,5,25.40500927643785,0.039355013035572144,0.05215880287953876,1.3752798085023408e-12,0.0001877534618481381,CARRAO
1079950081,1079950252,0,40.713,0,4,26.482931354359927,0.03775316477865815,0.0006315956176260157,5.749028400839739e-13,0.00015468603789974214,CARRAO
1079950081,2061326965,0,26.031,0,5,26.494990723562154,0.037735981177525066,0.0008332251780501469,6.980708568228456e-13,0.00018280871791145393,CARRAO
1079950082,2411615282,0,71.442,0,5,25.684972170686457,0.038926048453503996,0.015830653659295396,1.6055679207602637e-11,0.0001845620175308463,CARRAO
1079950082,2411615277,0,7.781,0,5,25.616512059369203,0.03903007829191804,0.014233235267337213,1.1234207822107239e-11,0.00018551988170164657,CARRAO
1079950082,2411615278,0,47.807,0,5,25.74842300556586,0.03883012451002998,0.01304547941371559,9.04001098458343e-12,0.00018337655733229047,CARRAO
1079950085,1266042931,0,87.477,0,5,25.44786641929499,0.0392887346534076,0.021089889769072463,3.8859536757577747e-13,0.00018723729158819384,CARRAO
1079950085,1266042833,0,92.368,0,4,25.651020408163266,0.03897757108036366,0.052024487293198904,4.5309659504460694e-13,0.00015691497296442135,CARRAO
1079950149,2477097613,0,186.897,0,4,23.56604823747681,0.04242605553412428,0.0009092852833379485,8.397594085030151e-13,0.00016655970259459526,CARRAO
1079950191,3901559368,0,27.661,0,4,24.225417439703154,0.041271300019146084,0.0010760864998623266,7.450370455259238e-12,0.00016753488649593653,CARRAO
1079950191,1079950407,0,177.173,0,4,24.57643784786642,0.040681830191670376,0.00039951077890389424,7.565631406740517e-12,0.00017124801690950403,CARRAO
1079950239,2492723688,0,14.282,0,6,23.0430426716141,0.04338899534629072,0.031750642801598235,3.3847547056488616e-13,0.00021116000783243336,CARRAO
1079950252,2061326965,0,20.133,0,5,26.6404452690167,0.03752994595799209,0.0005883335043514346,4.678945754403674e-13,0.00018529691699209702,CARRAO
1079950285,2509018905,0,53.255,0,5,25.241372912801484,0.03961014619517681,0.009126744091793147,2.942129581046641e-09,0.00017212303207872788,CARRAO
1079950289,7474565435,0,109.952,0,5,24.485899814471242,0.040832253616105596,0.0006486193372900206,5.918925253292393e-13,0.00019112838351371684,CARRAO
1079950407,2407303486,0,43.158,0,4,24.598886827458255,0.040644703894771775,0.0007129658740016721,5.392006346820875e-12,0.00017598311188657162,CARRAO
1079950407,7301922126,0,24.034,0,4,24.318181818181817,0.04111386610719054,0.0005389803354172553,2.9469220578762212e-12,0.00017749457468060572,CARRAO
1080109163,1080109200,0,565.0880000000001,0,4,32.05714285714286,0.031188508461235734,0.03207924744538783,2.340401875018722e-17,0.0001697002808797134,CARRAO
1080109200,1080109485,0,31.046,0,4,32.275324675324676,0.030977673541652297,0.002294141450867593,3.4257086544059337e-17,0.0001626592893869546,CARRAO
1080109229,2410520113,0,26.341,0,4,32.22152133580705,0.031029399910176537,3.1236182869733717e-07,3.2169449437172514e-17,0.00016714721231717586,CARRAO
1080109229,1080109485,0,13.788,0,4,32.0291280148423,0.031215788040802377,0.00270739615023417,2.970042803971753e-17,0.00016596960098089216,CARRAO
1080109537,2414079776,0,41.515,0,2,31.883116883116884,0.03135874308990399,0.0005588153115395362,-2.974557309481373e-18,0.0001388973160996021,CARRAO
1080109537,1080109590,0,55.483,0,2,31.883116883116884,0.03135874308990399,0.0005588153115395362,-3.739893379404006e-18,0.0001388973160996021,CARRAO
1266042780,1266042788,0,103.17599999999999,0,4,27.235064935064933,0.03671055948009837,0.0008981964384191931,4.516387310751871e-19,0.0001852985557723178,CARRAO
1266042780,1266042805,0,221.11200000000002,0,4,27.415584415584416,0.036468836705691274,0.001117786803993421,-1.6420119958487067e-18,0.00018499067137690478,CARRAO
1266042780,1266042948,0,108.83,0,4,27.68404452690167,0.036115187947753945,4.310593236023253e-05,-3.0185362224910264e-18,0.00018470485502168724,CARRAO
1266042782,1266042892,0,49.892,0,4,27.401669758812616,0.036487355699245064,0.0009353674960341762,6.514693342329766e-15,0.00020396401724605815,CARRAO
1266042782,1266042917,0,24.607,0,2,28.11113172541744,0.035566496610986084,0.0005588153115395362,1.6785446350799854e-15,0.00011431426706377389,CARRAO
1266042784,2476902450,0,16.299,0,4,26.905194805194807,0.03716064791510078,0.0074262462963648425,1.8911615524496782e-16,0.0001987848756272104,CARRAO
1266042784,2476899804,0,68.538,0,4,26.48200371057514,0.03775448724236013,0.001955228866730982,3.8288900639423407e-16,0.00019252294297620253,CARRAO
1266042784,1266042964,0,125.82,0,5,26.841929499072357,0.03724823400931724,0.005631259047755594,8.622826201153559e-17,0.0002274980215786613,CARRAO
1266042786,1266042896,0,50.797,0,4,28.06456400742115,0.03562551233572203,0.0016755088491325165,4.848888023158744e-16,0.00023845943716979863,CARRAO
1266042786,1266042829,0,30.142,0,4,27.628200371057513,0.03618818662870343,0.0038489224532085886,1.6668430087563948e-15,0.0002071548295268835,CARRAO
1266042786,1266042929,0,13.846,0,4,27.443228200371056,0.03643210135276739,0.0016205331672817852,7.997532458483452e-16,0.0002230359681693167,CARRAO
1266042787,1266042857,0,127.38800000000002,0,4,27.696103896103896,0.03609946276175292,4.638573156155457e-05,-1.7795095433390884e-17,0.00019205790398330602,CARRAO
1266042787,6940029370,0,22.122999999999998,0,4,28.33339517625232,0.03528749255158234,0.11897331039972787,-7.568126393660235e-18,0.00020505597888514245,CARRAO
1266042788,1266044536,0,85.946,0,4,26.867903525046383,0.037212224999654736,0.0021709147094464932,2.1520368292768218e-17,0.0001854805225266154,CARRAO
1266042788,1266042908,0,34.414,0,4,27.455102040816328,0.03641634512072332,0.0020167641469843573,6.027634079877341e-18,0.00018544836623947338,CARRAO
1266042791,1266042822,0,98.64,0,6,29.86938775510204,0.033472881313821465,0.0011146631857064477,8.404370538601987e-18,0.00023021479902530568,CARRAO
1266042791,10671569919,0,28.675,0,5,29.100742115027828,0.03435700942921079,0.05314180555444928,-4.57630449457291e-18,0.0002035124686832028,CARRAO
1266042791,2376451490,0,9.288,0,5,29.851020408163265,0.03349347719348403,4.982171167722528e-05,2.9883588751584344e-18,0.00020133488659256922,CARRAO
1266042791,7950802718,0,42.745,0,5,29.94582560296846,0.03338744052339413,0.0517780338103567,7.775479500839578e-18,0.00020262928360654131,CARRAO
1266042798,1266042873,0,196.064,0,4,24.99369202226345,0.04000267228836961,0.0025234150331314383,4.5912240169001574e-15,0.00018696201324011196,CARRAO
1266042798,1266042946,0,112.986,0,4,25.34100185528757,0.03945441766480218,0.005780568001872922,1.5468148346815652e-15,0.00019094509790839272,CARRAO
1266042798,1266042971,0,209.04599999999996,0,4,24.948051948051948,0.040075853350189636,0.003070360595180476,2.679904481026155e-15,0.0001870036772054791,CARRAO
1266042799,1266042870,0,77.527,0,5,30.17847866419295,0.033130048812875776,0.0029754025992564854,2.249545540937916e-17,0.0001941023968272046,CARRAO
1266042799,1266042822,0,120.432,0,5,30.28274582560297,0.03301597804244474,0.0016131926643073978,3.961566415187583e-18,0.0001951609177296603,CARRAO
1266042799,1266042916,0,57.385999999999996,0,4,30.65398886827458,0.032616129520351034,0.0045183138521069826,4.060669856770767e-18,0.0001676445285566865,CARRAO
1266042802,1266042911,0,71.056,0,4,27.12857142857143,0.03685466718642074,0.0002923706716607076,1.700373343298556e-17,0.00018533304496656615,CARRAO
1266042802,1266042967,0,72.747,0,4,26.352133580705008,0.03794055112012278,0.0005631883771412989,7.755473841609005e-17,0.00018464865458480087,CARRAO
1266042802,1266042810,0,120.114,0,4,26.872541743970316,0.03720580214439082,0.0007174951205177834,2.5144668031079143e-17,0.00018523317132179573,CARRAO
1266042803,1266042893,0,153.05200000000002,0,5,26.385899814471244,0.03789199831247363,0.001144181378518346,1.2791736568575435e-13,0.00018530457436145964,CARRAO
1266042803,1266042867,0,85.054,0,5,26.300556586270872,0.038014954853273136,8.043317088956432e-05,1.8717988756411337e-13,0.00018398618368763278,CARRAO
1266042803,1266042904,0,168.30100000000002,0,5,26.0152133580705,0.03843191510604613,0.0008816412614982342,1.200111836312716e-13,0.00019116517934605768,CARRAO
1266042804,1266042889,0,86.95499999999998,0,4,25.70482374768089,0.03889598625756952,0.0006128539079041756,8.134930146389543e-15,0.0002059340587968734,CARRAO
1266042804,1266042951,0,97.216,0,4,24.897773654916513,0.04015678209226596,0.004139887496640158,1.9950214440633363e-14,0.00018759360599800482,CARRAO
1266042805,1266042933,0,55.435,0,4,27.037847866419295,0.03697833038275214,0.006251922001377203,-4.366691869390701e-18,0.0001853922555583135,CARRAO
1266042805,1266042830,0,63.06400000000001,0,4,27.881076066790353,0.035859967127808944,0.00493734724530446,2.4238484349520805e-18,0.0001841244249672063,CARRAO
1266042810,1266042908,0,54.595,0,4,27.584601113172543,0.036245384413610346,0.0017540678490498968,5.159776095378042e-18,0.00018536457073827395,CARRAO
1266042810,1266042948,0,72.187,0,4,27.299072356215213,0.03662448519117587,0.0023866005521620045,7.175641197317916e-18,0.00018475479184407244,CARRAO
1266042811,1266042868,0,153.46499999999997,0,4,25.540816326530614,0.039145752369883415,0.0012606923406224529,2.205833014166859e-16,0.00018937020932907074,CARRAO
1266042811,1266042939,0,134.18200000000002,0,4,25.767717996289424,0.03880104832670929,0.009996515603800882,1.88057950902381e-16,0.00018661545030809726,CARRAO
1266042811,1266042940,0,35.092,0,4,25.02226345083488,0.03995699562541707,0.011150380199008846,7.907342743866087e-16,0.00018768545354443266,CARRAO
1266042815,1266042955,0,65.547,0,5,29.23766233766234,0.03419611526038924,0.0016459906563206182,7.756974126799274e-17,0.00020322373086804142,CARRAO
1266042816,1266042871,0,117.532,0,4,26.706679035250463,0.03743687000257036,0.002523102671302741,7.163208924271306e-15,0.00018522219130639943,CARRAO
1266042816,1266042912,0,27.398,0,4,27.204638218923932,0.036751617985037476,0.0037353789284771065,4.210212468277886e-15,0.00018756294538461985,CARRAO
1266042816,1266042851,0,51.579,0,4,26.91948051948052,0.03714092738600651,0.0037580251610576636,1.0681619404270524e-14,0.00018362285518126696,CARRAO
1266042817,1266042888,0,38.65,0,5,29.612987012987013,0.03376270251982909,0.0029362011897549694,8.143622569441245e-18,0.00020695008196047488,CARRAO
1266042817,1266042962,0,59.309,0,5,28.962337662337664,0.03452119379656261,0.0022697772282292005,4.466328473363783e-18,0.00021001235497413346,CARRAO
1266042817,1266042901,0,110.649,0,5,29.290723562152134,0.03413416773817592,0.000191321620077119,1.3142728893981297e-17,0.00020594738185888904,CARRAO
1266042817,1266042918,0,146.225,0,5,29.055287569573284,0.03441075807110748,0.0009823779512531253,1.7648633089307114e-17,0.00021251880191967303,CARRAO
1266042822,6925663455,0,96.106,0,5,30.283116883116882,0.03301557349931996,0.0007546661781327666,1.1378180832208413e-17,0.00019461056474495434,CARRAO
1266042822,1266042901,0,37.588,0,5,29.71948051948052,0.03364172097785102,0.0015705552746902113,1.1607137985849472e-17,0.00019870861031173702,CARRAO
1266042828,1266042889,0,72.806,0,2,26.7025974025974,0.03744259242532673,0.0005588153115395362,1.7846716125647974e-15,0.00011866229035643021,CARRAO
1266042829,1266042871,0,71.378,0,4,26.800371057513914,0.03730599360350008,0.0012700631954833729,5.58171002820203e-15,0.0001905958352503732,CARRAO
1266042829,1266042912,0,94.988,0,4,27.273469387755103,0.03665886642540339,0.0031351756746351733,2.6257741678586703e-15,0.0001929365893285936,CARRAO
1266042830,1266042882,0,50.964,0,4,28.44786641929499,0.035145499367394056,0.0020670544014046287,4.271376666983963e-19,0.00018426567495467467,CARRAO
1266042830,1266042962,0,68.063,0,4,28.706122448979592,0.034829311169422075,0.003912644266262846,2.1141502488609244e-18,0.00017987483427405834,CARRAO
1266042833,1266042931,0,37.456,0,5,25.260296846011133,0.03958047196903484,0.0004688551048747031,5.572358814701165e-13,0.00018576994842197956,CARRAO
1266042834,1266042884,0,23.604,0,2,26.26382189239332,0.038068125626933784,0.0005588153115395362,4.319867195541534e-17,0.00011315771878442427,CARRAO
1266042835,1266042941,0,36.061,0,4,25.87643784786642,0.038638025725224776,0.003026942300991546,3.2155680125240216e-16,0.00018029603178168404,CARRAO
1266042835,1266042967,0,189.136,0,4,25.728385899814473,0.038860365167729095,0.006581776092481592,2.8775706380616463e-16,0.00018181533339309267,CARRAO
1266042836,2476902450,0,78.564,0,4,27.148237476808905,0.036827969848765456,0.008191845138502017,4.688107898897376e-16,0.00020121370684333565,CARRAO
1266042836,10671569917,0,24.124000000000002,0,4,27.50296846011132,0.036352965778698204,0.14263112676252115,4.547816483254035e-16,0.00019274530997041926,CARRAO
1266042838,1266042898,0,70.89399999999999,0,4,27.42374768089054,0.03645798097609158,0.14160205071787776,-6.433219374564256e-18,0.0001884338192249041,CARRAO
1266042838,10671569919,0,75.071,0,4,28.22152133580705,0.03542737683579421,0.13896165617989917,-9.756915233482736e-18,0.0001803836831321868,CARRAO
1266042838,2476941438,0,112.336,0,4,28.312987012987012,0.03531292797840204,0.0023139764269898737,-5.759119786019975e-18,0.00019619828843827302,CARRAO
1266042840,2363551356,0,57.047000000000004,0,5,26.849721706864564,0.03723742399115534,0.0073801729266319855,2.500823522816744e-13,0.0001830055642980371,CARRAO
1266042840,1266042945,0,39.953,0,6,26.57569573283859,0.03762138464008712,0.0020506554053980187,5.041618096749688e-13,0.00021114972181186028,CARRAO
1266042844,1266042870,0,64.391,0,5,30.53320964749536,0.032745148079283484,0.00071202878851558,2.378454931704244e-17,0.000195246909353206,CARRAO
1266042844,6925663478,0,105.414,0,5,30.097773654916512,0.033218884649287725,0.0,3.3286671872526874e-17,0.00019606936776717668,CARRAO
1266042844,1266042957,0,117.644,0,4,30.74990723562152,0.03251438983480349,0.0004249682679427272,1.914636126299388e-17,0.00017185513581227614,CARRAO
1266042847,1266042926,0,160.275,0,4,28.289795918367346,0.035341876418200184,0.00017585970955660084,3.371395840821423e-17,0.0001736496034912079,CARRAO
1266042847,1266042853,0,77.454,0,4,27.66456400742115,0.036140619131927676,0.0021184379222253407,5.1058052940560453e-17,0.00017850518126956747,CARRAO
1266042847,1266042885,0,73.34,0,4,28.20482374768089,0.035448350260485186,0.0020943860614156457,5.428186702444529e-17,0.00017238824501492923,CARRAO
1266042849,1266042918,0,49.678,0,4,29.42374768089054,0.03397984791354024,0.0006209753154503063,7.010736261455945e-18,0.00019049827309576954,CARRAO
1266042849,1266042966,0,31.503999999999998,0,2,30.368089053803338,0.0329231934703453,0.0005588153115395362,4.621829426469536e-18,0.00010875557890911868,CARRAO
1266042849,1266042957,0,91.756,0,4,30.262894248608536,0.033037635562203814,0.0010142388577802537,-4.938626856970942e-18,0.00018985378015080854,CARRAO
1266042850,1266042885,0,63.205,0,4,28.91948051948052,0.034572352382663145,0.0006055134049297881,6.633398292403187e-17,0.00016642998194643337,CARRAO
1266042850,1266042955,0,98.15,0,5,29.305194805194805,0.03411731189262765,0.000351563238198853,8.560379255475473e-17,0.00019937951439199473,CARRAO
1266042851,1266042881,0,66.00399999999999,0,4,27.006493506493506,0.03702126197918456,0.0016317781931148893,9.898293512370666e-15,0.000186719868103055,CARRAO
1266042851,1266042949,0,162.442,0,4,26.948979591836736,0.0371002719355616,0.005384180841256001,3.93944164878725e-14,0.00017300340876893021,CARRAO
1266042853,1266042941,0,79.006,0,4,26.710204081632654,0.037431929317626136,0.00272145243252555,1.2250599564453086e-16,0.0001809586411408609,CARRAO
1266042855,1266042896,0,57.061,0,2,29.06400742115028,0.03440043407487792,0.0005588153115395362,1.0156005716369822e-16,0.00013792384848515044,CARRAO
1266042857,1266042883,0,68.923,0,4,27.116326530612245,0.03687130961910822,0.006327982106665005,-1.349708339964938e-17,0.00018559558243394763,CARRAO
1266042857,1266042964,0,98.747,0,5,27.260853432282005,0.036675831654597923,0.006614574084494812,-4.4980133731207836e-18,0.0002248173001671208,CARRAO
1266042860,1266042964,0,47.718,0,5,27.048237476808904,0.036964126483297895,0.0033558593066098418,8.880970652485143e-18,0.00023136570494430514,CARRAO
1266042860,1266042880,0,70.406,0,4,26.853246753246754,0.0372325358058298,0.0025783907149821697,4.1843145419986656e-17,0.00019465163342757128,CARRAO
1266042860,7474552685,0,86.664,0,2,27.48961038961039,0.03637063083371016,0.0005588153115395362,1.3079021658579226e-17,0.00010801828327701036,CARRAO
1266042863,6925699589,0,3.811,0,4,30.759183673469387,0.03250458405713183,0.0526521783879662,3.6308475052527866e-19,0.0001830241482418419,CARRAO
1266042863,1876029060,0,35.120999999999995,0,4,31.051020408163264,0.03219908583037075,0.0398133263239339,-1.1765015571653647e-17,0.00017971251296396458,CARRAO
1266042863,3901606442,0,6.411,0,4,31.27699443413729,0.03196644976065202,0.014798297815450697,2.152381682758191e-18,0.00019266532534756777,CARRAO
1266042865,1266042933,0,126.896,0,4,26.40482374768089,0.03786484169699695,0.002571987297493874,7.031584368484653e-18,0.00018814772075657319,CARRAO
1266042865,1266042880,0,118.79499999999999,0,4,26.583487940630796,0.03761035698084238,0.0030747336607822385,3.9277701990419165e-17,0.0001904108898277155,CARRAO
1266042865,1266042954,0,54.709,0,4,26.167717996289426,0.03820793511244718,0.0024912417647756126,4.204701802005798e-17,0.00019193938514248027,CARRAO
1266042866,2476899804,0,107.347,0,4,26.508719851576995,0.037716437339902854,0.004291851526301412,1.4877113724491627e-15,0.00020280839139648636,CARRAO
1266042866,1266042892,0,69.33,0,4,26.883858998144714,0.03719013967868382,0.0047938169850180335,6.2292267645263855e-15,0.0002037444806732792,CARRAO
1266042866,7474563201,0,11.545,0,2,27.243599257884973,0.03669905953978058,0.0005588153115395362,1.3511218220550787e-15,0.00011409473049099495,CARRAO
1266042867,1266042953,0,168.212,0,5,25.85918367346939,0.03866380640115941,0.000682822957532379,2.407494993666931e-13,0.00018365461900445606,CARRAO
1266042867,7954303485,0,102.398,0,5,26.214285714285715,0.03814006157330408,0.000970820563591324,1.9659013598573161e-13,0.00018219998502572312,CARRAO
1266042867,1266042931,0,84.16,0,6,25.560111317254176,0.03911620175801523,0.00038998374312862547,3.7685740768361905e-13,0.0002147350506200513,CARRAO
1266042868,1266042969,0,35.377,0,4,25.549721706864563,0.03913210807984722,0.00032376303544479,2.1973439295491256e-16,0.00019233622265534407,CARRAO
1266042868,1266042954,0,158.187,0,4,25.929684601113173,0.038558682321963925,0.0015825812050950588,9.740767797422812e-17,0.00019253596994488488,CARRAO
1266042870,6925663455,0,121.35199999999999,0,5,30.176994434137292,0.033131678286423945,0.0021429583257780815,2.056530001807874e-17,0.00019355204384249863,CARRAO
1266042870,6925663478,0,38.683,0,6,29.851762523191095,0.033492644545403696,0.004897364931231201,3.778843179482581e-17,0.00022615976633479245,CARRAO
1266042873,1266042971,0,79.048,0,4,25.022448979591836,0.039956699364578005,0.021809727603305476,4.974491045583437e-15,0.00018555909785454187,CARRAO
1266042873,1266042951,0,76.818,0,4,24.599443413729126,0.040643784268917196,0.024577409586478232,1.6812049631535472e-14,0.00018446673967579234,CARRAO
1266042875,1266044536,0,106.776,0,4,27.023191094619666,0.036998386598468984,0.00011307498198843605,3.2390059779071426e-17,0.00018551267881375738,CARRAO
1266042875,1266042905,0,44.899,0,4,27.09387755102041,0.03690185981538799,0.007310516238832479,2.226917074948872e-17,0.00018538127939727914,CARRAO
1266042875,1266042939,0,48.519,0,4,26.57922077922078,0.037616395136184054,0.007638496158964683,4.550102108123917e-17,0.0001857538509673223,CARRAO
1266042880,1266042960,0,106.93499999999999,0,4,26.150092764378478,0.03823368736209551,0.005227687565078635,1.8432374122511538e-16,0.00019181154425911695,CARRAO
1266042881,1266042912,0,77.59900000000002,0,4,27.266233766233768,0.03666859456333141,0.0022853953196640673,3.4222928116223064e-15,0.00019065995830640787,CARRAO
1266042881,3901606438,0,43.01,0,4,26.545454545454547,0.03766424377970366,0.0036582255567888643,2.6171444970487185e-15,0.00020002124939661882,CARRAO
1266042882,1266042901,0,59.371,0,4,28.991836734693877,0.034486068626572636,0.002074551085293365,4.377008357722059e-18,0.00017695224549697992,CARRAO
1266042882,2476941438,0,18.508,0,4,28.705936920222634,0.034829536274034574,0.001974439119195868,-2.765245677295939e-18,0.00019487050769790334,CARRAO
1266042883,1266042933,0,54.477,0,4,26.687198515769943,0.03746419732487973,0.004982795891379923,-8.884354954355663e-18,0.00018574979435755833,CARRAO
1266042883,1266042898,0,133.691,0,4,26.887755102040817,0.03718475073313783,0.0029385439034701993,-8.209841239721076e-18,0.0001873223272963109,CARRAO
1266042884,1266042969,0,159.235,0,4,25.552690166975882,0.03912756209658097,0.0003023662501790224,1.9099252004690748e-16,0.00020111981696020913,CARRAO
1266042884,1266042954,0,35.077,0,4,25.93673469387755,0.0385482013462185,0.0008149520110713527,6.296474818973358e-17,0.00020131956424974994,CARRAO
1266042885,1266042955,0,122.368,0,5,28.672727272727272,0.03486987692984613,0.0017603150856238437,7.634347425700681e-17,0.00020168575705184415,CARRAO
1266042888,6925663455,0,9.083,0,4,30.160853432282003,0.03314940916668205,0.0024940530212338888,1.3730652067553394e-17,0.0001658802169616586,CARRAO
1266042888,1266042957,0,56.012,0,4,30.48812615955473,0.03279356907704572,0.0009003829712200744,1.1494497500945245e-17,0.00017508866143696005,CARRAO
1266042889,1266042929,0,76.987,0,4,26.700185528756958,0.037445974679322376,0.0006275349138529504,1.9836587603815103e-15,0.0002239350401883853,CARRAO
1266042892,10671569912,0,87.391,0,4,27.12374768089054,0.03686122150249321,0.005974388516579619,2.5992503857536102e-14,0.0001881164089800593,CARRAO
1266042893,2363551346,0,13.987,0,6,26.786270871985156,0.03732563132887282,0.00041528505125310977,1.7851798166638222e-13,0.00021427228949683853,CARRAO
1266042893,7954303485,0,19.711,0,5,26.889981447124303,0.037181672036815994,0.0001839811171027316,1.3732594967939705e-13,0.00018351837569955,CARRAO
1266042893,1266042949,0,26.298,0,5,26.834508348794063,0.03725853510142563,0.0012614732451941963,1.0280178429638464e-13,0.00019120976469384854,CARRAO
1266042896,7474519580,0,15.397,0,2,29.06400742115028,0.03440043407487792,0.0005588153115395362,1.0070822131356805e-16,0.00013792384848515044,CARRAO
1266042904,1266042953,0,84.122,0,5,25.821335807050094,0.03872047823993907,0.004703856778353201,1.7357867048604737e-13,0.00019083361466288093,CARRAO
1266042905,1266042911,0,67.011,0,4,27.130055658627086,0.03685265094268657,0.0006837600430184711,1.6259743626694182e-17,0.00018536520125370814,CARRAO
1266042905,1266042967,0,82.94000000000001,0,4,26.528756957328387,0.037687950206308135,0.006340008037069853,7.505752837953924e-17,0.00018468081087194286,CARRAO
1266042908,1266042911,0,124.454,0,4,27.604267161410018,0.03621956219293352,0.00019959920853759844,4.190189733247375e-18,0.0001854644443830444,CARRAO
1266042916,7950802718,0,84.272,0,4,30.837847866419295,0.03242166819078789,0.0034625308711099824,7.315297080004972e-18,0.00017224741560496344,CARRAO
1266042918,1266042952,0,57.402,0,4,28.76474953617811,0.034758323551037786,0.0018035771988984249,1.6837940740248006e-17,0.00018142261534112648,CARRAO
1266042927,6925699589,0,68.115,0,4,30.169573283859,0.033139828059084706,0.0027606538420270658,3.112875410078335e-17,0.00017430882741390104,CARRAO
1266042927,2476946853,0,45.332,0,4,29.644712430426715,0.033726570078543044,0.000600359434756282,3.7172976620699534e-17,0.00016501557493637142,CARRAO
1266042927,6925663478,0,42.971,0,5,30.019109461966604,0.03330593375895379,0.0018316897634811852,4.004765947179394e-17,0.00019792666769698338,CARRAO
1266042929,2476911874,0,42.781,0,2,27.65269016697588,0.03615613762009554,0.0005588153115395362,5.0030516692164645e-16,0.00012250037948466848,CARRAO
1266042939,1266044536,0,134.672,0,4,26.469944341372912,0.03777168770545233,0.002058464451115452,5.106322636615516e-17,0.00018576992911089327,CARRAO
1266042940,1266042969,0,156.65500000000003,0,4,25.027272727272727,0.03994899812449498,0.0005367938026163739,7.826562435738563e-16,0.00019065146687070598,CARRAO
1266042941,8805172049,0,214.67899999999997,0,4,26.549165120593692,0.03765897973445143,3.1236182869733717e-07,2.1447682271078567e-16,0.0001787686163873804,CARRAO
1266042945,2356792829,0,52.385999999999996,0,5,26.65974025974026,0.03750278365438147,0.04256757674847267,4.1935145999811117e-13,0.00018652606760984498,CARRAO
1266042945,2061326965,0,27.661,0,6,26.81539888682746,0.03728508665721106,0.0008282273887909895,6.181575066598684e-13,0.0002118998838665346,CARRAO
1266042945,2411615273,0,96.64399999999999,0,5,26.15139146567718,0.03823178864326456,0.043722222248252375,9.342550580319026e-13,0.00017879015165309466,CARRAO
1266042946,1266042960,0,17.592,0,4,25.774025974025975,0.038791552093980795,0.008596353706665068,5.54106463009624e-16,0.0001933061808950675,CARRAO
1266042946,3901606438,0,57.637,0,4,25.944712430426716,0.038536348164356915,0.003166255676590558,9.404779836518653e-16,0.0002010342560157941,CARRAO
1266042948,1266042952,0,22.354,0,4,27.927643784786643,0.03580017272304524,0.002546217446626344,1.6511072756883328e-18,0.00018318854962543962,CARRAO
1266042949,2363551356,0,7.495,0,4,26.861410018552874,0.03722122072342748,0.006992688078132939,1.0012448493118462e-13,0.00015903702681126274,CARRAO
1266042952,1266042962,0,144.394,0,4,28.4834879406308,0.035101546317887526,0.0013305052093363077,9.451888173354285e-18,0.00017922477528750915,CARRAO
1266042955,2476946853,0,91.63,0,5,29.098330241187384,0.034359857179291,0.00291855274643357,7.853284541577926e-17,0.00019834068556780533,CARRAO
1266042960,2476899804,0,100.756,0,4,26.18961038961039,0.03817599637296156,0.0054318160201323445,4.563640389550533e-16,0.0001938918550140475,CARRAO
1266042964,2476920068,0,44.549,0,5,27.500371057513913,0.03635639930646913,0.0010674965495731498,1.053695916455864e-18,0.00023276616131968198,CARRAO
1666569390,1666569390,0,154.19699999999997,0,1,31.084230055658626,0.032164685097645994,0.0,7.368699207321135e-12,6.724000437917564e-05,CARRAO
1734769986,1984335300,0,14.347,0,6,25.068460111317254,0.039883362073431565,0.024932252623878406,3.622518965196829e-15,0.00021776003959940812,CARRAO
1734769986,8772931467,0,30.522000000000002,0,5,25.06122448979592,0.039894877109860824,0.010941878678353372,3.396169749278598e-15,0.0001834612842494108,CARRAO
1734769986,2477104854,0,275.691,0,5,24.410575139146566,0.04095825131295935,0.012255360168025675,5.204085457315367e-15,0.00019068239250112884,CARRAO
1876029058,1876029063,0,28.373,0,5,31.683116883116885,0.03155669547701028,0.008675225068411145,-4.216107523944961e-18,0.0002048448373569411,CARRAO
1876029058,1876029060,0,29.743,0,5,31.21595547309833,0.03202895622095166,0.0002492647393004751,8.003970055082307e-18,0.00020622568000435755,CARRAO
1876029058,2376451515,0,15.869,0,5,31.54879406307978,0.03169105193827625,0.008405032086587948,-1.553984912907744e-17,0.0002067572059378293,CARRAO
1876029060,1876029063,0,40.562999999999995,0,4,31.323747680890538,0.031918737228655195,0.04000667829589755,4.811803791407541e-18,0.0001728864301996268,CARRAO
1876029063,2376451510,0,22.312,0,4,31.491836734693877,0.03174836957482282,0.04897583584511289,-1.0553103019417115e-18,0.00017354510765170753,CARRAO
1984335288,2356795816,0,58.086,0,6,25.853617810760667,0.03867213008876865,0.00442007605698167,1.5566527119711202e-09,0.00020114346217678958,CARRAO
1984335288,2356795822,0,57.835,0,5,26.23599257884972,0.038108505643085454,0.0044458459078492,1.6058974759246608e-09,0.00017501092110145527,CARRAO
1984335300,1984335302,0,16.31,0,6,25.66790352504638,0.03895193350198771,0.008563555714651847,2.0601171959195004e-15,0.00022145542999431943,CARRAO
2061326895,2413894501,0,169.02100000000002,0,5,25.878293135435992,0.03863525565656276,0.00454548933120365,7.896952438481908e-15,0.00021180929892819896,CARRAO
2061326906,2380802666,0,13.08,0,5,30.058441558441558,0.033262352251334754,0.028244849817213667,1.7577548637549693e-14,0.00021272135767884116,CARRAO
2061326929,11950401549,0,79.895,0,2,29.74656771799629,0.03361108685618771,0.0005588153115395362,6.130097518907765e-14,0.00010490165340123372,CARRAO
2061326936,2357332877,0,38.181999999999995,0,4,26.99035250463822,0.03704340175146758,0.009393344912586324,1.4286668877862559e-11,0.00017017578803662218,CARRAO
2061326936,2061326939,0,35.148,0,4,27.089795918367347,0.03690741983645404,0.05102024401393696,1.9289126854758864e-11,0.00017022991340652082,CARRAO
2061326939,7301922134,0,20.013,0,4,26.946753246753246,0.03710333716599079,0.005138664443899894,3.321999309541157e-11,0.0001686659873912725,CARRAO
2061326942,2407432390,0,17.001,0,2,27.978849721706865,0.03573465246740846,0.0005588153115395362,1.1383481115952765e-10,0.00012224372842526026,CARRAO
2061326959,2913647721,0,88.97999999999999,0,4,28.959369202226345,0.03452473236765733,0.013546039244203072,5.975112652289076e-07,0.0001789775267652187,CARRAO
2061326959,2061326962,0,17.932,0,5,28.587198515769945,0.03497420255054028,0.03623412830980546,1.6023863279533904e-06,0.00021087534167421045,CARRAO
2061326962,2357332823,0,162.417,0,5,28.376808905380333,0.03523350615556616,0.0024728124168824695,1.3851645497783942e-06,0.00021893543629915757,CARRAO
2356792744,6727156291,0,100.54400000000001,0,4,28.880705009276436,0.03461876955295599,0.00015352583880474122,2.206332650830307e-14,0.00016498115838566136,CARRAO
2356792744,10773608932,0,58.739,0,4,28.46530612244898,0.03512396694214876,0.004150351617901519,5.2280179428856934e-14,0.00016658933992348349,CARRAO
2356792781,5339449646,0,139.618,0,4,29.95009276437848,0.03338268362334372,0.015464097053319071,8.25570162648307e-14,0.00017055517069488083,CARRAO
2356792781,2356792783,0,36.762,0,5,29.78330241187384,0.03356963097700147,0.01588500461748873,8.560336860396074e-14,0.00019742922174666638,CARRAO
2356792783,2356792785,0,26.988,0,5,29.469202226345082,0.03392743595716417,0.03771269302594431,6.826966158777603e-14,0.00019947915177597665,CARRAO
2356792785,2356792789,0,139.058,0,4,29.292022263450836,0.034132654353829395,0.037497788087800535,3.4251790388115e-14,0.00017586928515416929,CARRAO
2356792789,2356792792,0,97.024,0,4,29.040630797773655,0.03442812513975046,0.027278558500138456,4.997971293655536e-14,0.0001815231183529565,CARRAO
2356792792,2356792795,0,64.097,0,4,28.723376623376623,0.03480838915120237,0.033648553272763254,9.487967947810215e-14,0.0001830236071282117,CARRAO
2356792795,2356792796,0,26.413,0,4,28.312801484230057,0.03531315937774399,0.03394217339173875,2.313629780747301e-13,0.0001822301754072634,CARRAO
2356792796,2356792797,0,51.712,0,4,28.274397031539888,0.03536112441682688,0.020271501777885437,2.582455828098148e-13,0.00018059809214312082,CARRAO
2356792797,3746296702,0,38.513999999999996,0,4,28.551762523191094,0.03501760952343821,0.020753944622308475,1.339239521642634e-13,0.00017914267139127846,CARRAO
2356792800,3746296702,0,49.464,0,4,28.445454545454545,0.03514847933420732,0.03610777795009739,1.4820023360186098e-13,0.0001738648645264648,CARRAO
2356792800,2356795787,0,7.744,0,5,28.15621521335807,0.0355095478446515,0.013425779940154597,3.6187167663382414e-13,0.00020214277678321196,CARRAO
2356792800,6940137848,0,18.684,0,4,28.83209647495362,0.03467713394034941,0.022979366470862655,2.741031811172574e-13,0.00016692594859144295,CARRAO
2356792804,2356795787,0,114.00600000000001,0,5,27.587198515769945,0.036241971821513834,0.040847556338750785,8.752072974234922e-13,0.00019780886141978083,CARRAO
2356792804,2356795803,0,75.217,0,4,27.36196660482375,0.03654030010645439,0.05565256993351847,1.1530874387352923e-12,0.0001633295778698228,CARRAO
2356792809,2356795803,0,50.791,0,4,27.292578849721707,0.036633198964019384,0.05569692531319349,1.3181585029254842e-12,0.00016311625189814992,CARRAO
2356792809,2356795806,0,59.571,0,5,27.00055658627087,0.03702940226615269,0.05765980704472756,1.2903004356867035e-12,0.00019277725614354614,CARRAO
2356792814,2356795806,0,65.196,0,6,27.009461966604825,0.03701719317768115,0.012274258058661865,7.982447092811111e-13,0.00022280491496136487,CARRAO
2356792814,2363530756,0,16.274,0,6,27.131354359925787,0.03685088691037897,0.0014381138593225404,4.2792253616516325e-13,0.00022135742050830162,CARRAO
2356792814,6383169484,0,70.031,0,5,26.905194805194807,0.03716064791510078,0.005291721739961589,4.230410162304074e-13,0.0001942147358066634,CARRAO
2356792819,6383169484,0,66.578,0,4,27.239517625231912,0.03670455861218763,0.005315773600771284,2.1484763647991729e-13,0.0001702461667319247,CARRAO
2356792819,2411611583,0,21.855,0,4,27.198330241187385,0.03676014161078862,0.0032404416109061756,2.8226654585298573e-13,0.00017189998462409687,CARRAO
2356792819,2411611586,0,59.275000000000006,0,4,27.50630797773655,0.03634855219581948,0.007990527939906582,1.1948829285946737e-13,0.00017694174168210051,CARRAO
2356792829,2410526300,0,83.875,0,4,27.04935064935065,0.03696260528409558,0.007552284294244218,1.3875688938252961e-13,0.00016806163139140796,CARRAO
2356795783,2356795787,0,17.918,0,5,28.101669758812616,0.035578472020492774,0.004234064587992406,3.2417683156957477e-13,0.0002029903694638482,CARRAO
2356795783,3746296706,0,60.70399999999999,0,4,28.399628942486085,0.035205194873067926,0.0017446969941889768,8.945016136386073e-14,0.00017482263184214326,CARRAO
2356795787,6940137848,0,18.95,0,5,28.22987012987013,0.03541689942757247,0.03191916200818044,4.315943574870837e-13,0.00019957209005557608,CARRAO
2356795799,2356795801,0,109.696,0,4,28.01948051948052,0.03568283396788611,0.0001828878507022909,1.8489808945386505e-14,0.00017243416102996712,CARRAO
2356795799,7280403657,0,46.569,0,4,28.28274582560297,0.03535068615360395,0.006444493068769112,1.2251237125186145e-14,0.00017463219527458096,CARRAO
2356795801,7953399261,0,121.596,0,4,27.585528756957327,0.03624416555694551,0.047789173257891705,1.9163048644400377e-14,0.00017521374124808284,CARRAO
2356795802,2356795803,0,80.503,0,4,27.50296846011132,0.036352965778698204,0.00023677026615258158,1.6540571468020566e-12,0.00016299134535213423,CARRAO
2356795805,7280410497,0,1.514,0,4,27.087755102040816,0.0369102004753327,0.01110743044756296,1.3761351969472777e-12,0.00017130648256149036,CARRAO
2356795805,2356795806,0,98.534,0,5,27.12152133580705,0.03686424735780005,0.0025027991524374142,1.165844300242475e-12,0.00019347027628693634,CARRAO
2356795806,7285084235,0,10.46,0,5,27.269202226345083,0.03666460290785884,0.05021513140046958,6.571585036179269e-13,0.0001914846065275236,CARRAO
2356795807,6047502176,0,4.347,0,4,26.38051948051948,0.03789972642431659,0.002771742686945821,2.0430530454300785e-11,0.0001704642248565308,CARRAO
2356795807,2356795808,0,116.365,0,4,26.169758812615957,0.03820495551380667,0.00022599378306252345,2.511305615238276e-11,0.00015893455502117014,CARRAO
2356795809,6047502174,0,58.216,0,4,25.91929499072356,0.038574138362979134,0.00020256664591022315,1.165127792874721e-10,0.0001600643855882915,CARRAO
2356795810,6047502174,0,58.138,0,4,25.706493506493505,0.03889345977857648,0.0003981051506747562,1.2467305412307567e-10,0.00015973712452773195,CARRAO
2356795811,2356795812,0,115.41,0,4,26.587755102040816,0.03760432076366986,0.004310280874194556,6.327563678089835e-12,0.00015373093103751516,CARRAO
2356795813,2356795814,0,115.988,0,4,26.256586270871985,0.038078616196660614,7.871518083172897e-05,7.183396629171184e-10,0.00015474649161917792,CARRAO
2356795815,2356795816,0,116.035,0,5,25.649350649350648,0.03898010849909584,0.0017910827257505313,1.1453422705599581e-09,0.0001742766012807926,CARRAO
2356795816,2356795817,0,115.836,0,6,25.600371057513915,0.039054686707347123,0.0017600027237951463,1.1112509211348079e-09,0.00019958027998221296,CARRAO
2356795817,2356795818,0,117.42200000000001,0,6,25.771057513914656,0.038796020330295306,0.002003332588350372,7.462534673163047e-10,0.00020204606761772102,CARRAO
2356795818,2411615269,0,8.172,0,5,25.679777365491653,0.03893392286907394,0.0001427493557146831,3.574202565778553e-10,0.0001791616575425957,CARRAO
2356795818,2411615287,0,39.496,0,5,25.90909090909091,0.038589330469029716,0.03719682746585065,3.9846021159147254e-10,0.00017759498619250897,CARRAO
2356795819,2356795820,0,115.955,0,5,25.094248608534322,0.039842375312365994,0.008567772599339262,3.2568884256332797e-10,0.00017180895778554626,CARRAO
2356795820,2356795821,0,117.32,0,6,24.98126159554731,0.04002257721928867,0.014745352485486498,3.050480485803687e-10,0.00020124878347474887,CARRAO
2356795821,2411615281,0,7.561,0,5,24.832838589981446,0.04026178753670181,0.01705370639955982,1.6938201155413974e-10,0.00017549632582807,CARRAO
2356795821,2411615268,0,37.067,0,5,25.09443413729128,0.03984208074878566,0.03567406355095114,2.0303038585739918e-10,0.00017507499629125484,CARRAO
2356795822,2356795823,0,115.737,0,4,26.410946196660483,0.03785606406518914,0.00022396343117599076,1.1372592725691867e-09,0.00014892845965314996,CARRAO
2357332768,2357332800,0,79.591,0,6,27.40853432282004,0.036478217312430616,0.015746003603718417,7.586099415989896e-08,0.0002274405899510899,CARRAO
2357332768,2357332813,0,57.924,0,5,27.2860853432282,0.03664191688424717,0.03694256493729102,2.8943092037902874e-08,0.00019462815717858652,CARRAO
2357332768,7474062570,0,110.779,0,5,27.65844155844156,0.03614861918848396,0.02744926423952155,3.400162151379579e-08,0.00019983119134919263,CARRAO
2357332768,7474062431,0,86.53300000000002,0,5,27.18812615955473,0.036773938202860575,0.048480898527541956,2.817112143905188e-08,0.00020283252187385892,CARRAO
2357332771,2357332786,0,71.519,0,6,29.703710575139148,0.03365958164431647,0.011327489355880235,1.1477876703398304e-07,0.00023629637265277584,CARRAO
2357332771,7473983128,0,21.317,0,3,30.52764378478664,0.03275111824192921,0.0005588153115395362,3.5822848154816454e-08,0.00013169372020141419,CARRAO
2357332771,2357332858,0,57.83500000000001,0,5,30.282189239332098,0.03301658487572065,0.004010413518645112,4.364438381130912e-08,0.0002024034309269602,CARRAO
2357332771,7473983124,0,54.256,0,5,30.29313543599258,0.0330046545810877,0.013934148816359513,4.484156775320791e-08,0.00021199773687030093,CARRAO
2357332773,2357332843,0,60.023,0,4,28.69443413729128,0.03484349844500624,0.015678689629634143,2.658885878420043e-09,0.00017008265701197464,CARRAO
2357332778,2357332856,0,57.162,0,5,30.803153988868274,0.03245818501587072,0.04199236244092652,4.161197769628953e-08,0.0001990813103860342,CARRAO
2357332778,2357332782,0,120.712,0,5,30.425417439703153,0.03286115870799363,0.03750559713351797,1.070618647049509e-07,0.0002060353235369647,CARRAO
2357332778,7473983124,0,121.063,0,5,30.617996289424863,0.032654470978179855,0.013644589401157082,4.4455015591346554e-08,0.00021003965068804096,CARRAO
2357332782,7473983123,0,97.653,0,4,30.091280148423007,0.03322605307290125,0.0007367053729826697,1.1163963506786976e-07,0.0001788101825446339,CARRAO
2357332786,2357332788,0,58.974,0,6,28.92096474953618,0.03457057812219343,0.012055292416745031,2.8669700538752677e-07,0.0002279645024256012,CARRAO
2357332786,2357332787,0,115.668,0,5,29.274582560296846,0.03415298814880537,0.0006020774248141174,1.2129776770042198e-07,0.0001941395319732278,CARRAO
2357332786,7473983123,0,231.059,0,5,29.67513914656772,0.03369198932159626,0.00086571080823467,1.1896998524257545e-07,0.00020819156119706228,CARRAO
2357332787,2357332789,0,55.187999999999995,0,5,28.7708719851577,0.03475092697082057,0.005163965752024378,1.1376429366138051e-07,0.00019218585583715377,CARRAO
2357332788,2357332794,0,67.079,0,5,28.704638218923932,0.034831112087798446,0.013440304765189023,2.531176269711935e-07,0.00020616408100223056,CARRAO
2357332788,2407385148,0,212.05599999999998,0,6,28.535250463821892,0.03503787263092877,0.0030010162692096667,7.394381742858424e-07,0.00022345534264826968,CARRAO
2357332788,2357332789,0,116.26899999999999,0,6,28.42282003710575,0.03517646982029909,0.0038753170277335135,2.791635313476663e-07,0.0002258464407915461,CARRAO
2357332789,2357332791,0,166.898,0,5,28.287940630797774,0.03534419434387953,0.00012572563605067822,9.508147732106589e-08,0.00019539372918256736,CARRAO
2357332789,2357332809,0,65.758,0,5,28.242486085343227,0.035401078652275875,0.002434548092867046,9.59211071088339e-08,0.00019922677536476227,CARRAO
2357332790,2357332801,0,80.383,0,5,26.928571428571427,0.037128388852526784,0.0020462823397962558,2.1656178388243407e-08,0.00019535820878675573,CARRAO
2357332790,7474062431,0,31.072,0,5,27.09016697588126,0.036906914310760465,0.0483581403288639,1.3668203710555193e-08,0.00020159565043983212,CARRAO
2357332791,2357332810,0,63.04,0,4,28.117068645640074,0.035558986743736434,0.010798816960809992,2.4712634536240393e-08,0.0001684508198106215,CARRAO
2357332792,2357332812,0,63.778,0,5,27.181818181818183,0.03678247218619889,0.0023258461764803728,4.503747666254085e-09,0.00020680141054715882,CARRAO
2357332792,2357332832,0,90.508,0,5,27.043970315398887,0.03696995890702285,0.012674862103966199,2.43918710831946e-09,0.00020466546018197288,CARRAO
2357332792,2357332833,0,51.287,0,5,27.089981447124305,0.036907167071876176,0.014070182392757204,3.2493068190102206e-09,0.00020627702396540135,CARRAO
2357332793,2357332794,0,141.599,0,2,29.094805194805193,0.034364020124855725,0.0005588153115395362,5.754276644197887e-08,0.00010149046590420238,CARRAO
2357332794,2357332802,0,37.134,0,4,28.40352504638219,0.0352003657859499,0.013880422581823572,7.338947202455786e-08,0.0001820962320338771,CARRAO
2357332797,2407385148,0,99.429,0,5,28.461595547309834,0.03512854609929078,0.011632042138860139,6.859079819585459e-07,0.00019098797126796996,CARRAO
2357332797,2357332799,0,75.532,0,5,28.067532467532466,0.035621744533460245,0.011799155717213215,2.6360315095266415e-07,0.00019370582534726082,CARRAO
2357332797,2357332798,0,171.488,0,4,28.082931354359925,0.03560221184273983,0.00019460141927844107,1.981057254199287e-07,0.00016322863964341743,CARRAO
2357332798,2357332800,0,68.262,0,5,27.590723562152135,0.03623734147423914,0.014377390251281034,1.0266549742524522e-07,0.00019644885304135015,CARRAO
2357332798,2357332802,0,24.589,0,4,28.212801484230056,0.035438326527122914,0.014089080283393392,7.190776280078713e-08,0.00017271653127829653,CARRAO
2357332799,7474062573,0,77.81599999999999,0,5,28.30686456400742,0.03532056575825501,0.011700293198430507,1.435001191361136e-07,0.0001984021433912282,CARRAO
2357332799,2407427919,0,123.636,0,5,28.208534322820036,0.03544368735366078,0.0007238985380060789,3.0005078358855324e-07,0.00019680313545022767,CARRAO
2357332799,2357332800,0,145.781,0,6,27.57569573283859,0.03625708960997894,0.0008071429653539193,1.6816292294902247e-07,0.0002261050131847203,CARRAO
2357332800,2357332801,0,115.656,0,5,27.2317254174397,0.03671506141886782,0.002297889792811961,6.85034734010079e-08,0.00019423258733597382,CARRAO
2357332801,2357332804,0,7.724,0,4,27.523191094619666,0.036326255476912706,0.003713513600468293,2.035435603801175e-08,0.0001684123414486021,CARRAO
2357332802,2357332803,0,116.587,0,4,28.136549165120595,0.035534367252202353,0.0004032591208482623,3.385575051903432e-08,0.00017826483307677176,CARRAO
2357332803,2357332809,0,41.455,0,4,28.282931354359924,0.035350454262192924,0.0024206479914900144,3.034148122252344e-08,0.00017437349506887873,CARRAO
2357332803,2357332804,0,85.076,0,4,27.80204081632653,0.035961909337817725,0.00287513445224464,1.6464367775880332e-08,0.00017611040591761443,CARRAO
2357332804,2357332812,0,86.842,0,4,27.43766233766234,0.03643949178099791,0.002203087977802319,8.869936634193255e-09,0.00017341785068106794,CARRAO
2357332806,9627049240,0,8.781,0,4,27.276252319109464,0.03665512620817717,0.03982816351079702,3.9390128289181346e-10,0.00017506925953181835,CARRAO
2357332806,9627049252,0,6.375,0,4,26.997588126159556,0.03703347375220765,0.012374213843845011,2.3423943326189235e-10,0.00017194760634216445,CARRAO
2357332808,9627049252,0,95.33099999999999,0,5,26.55899814471243,0.03764503712810769,0.012290500873754126,1.8538559086543267e-10,0.0001977148022847481,CARRAO
2357332808,2357332875,0,94.595,0,6,26.43692022263451,0.03781887083757325,0.004609367325172256,1.6307561624245917e-10,0.00022576110504981132,CARRAO
2357332808,2357332836,0,91.579,0,6,25.810575139146568,0.03873662116605209,0.010055708170339028,2.1766789449774996e-10,0.000224359601851054,CARRAO
2357332809,2357332811,0,94.04100000000001,0,4,28.11038961038961,0.035567435567435565,0.0007613819574497593,2.592131791441261e-08,0.0001729752395167153,CARRAO
2357332810,2357332811,0,66.853,0,4,28.16048237476809,0.03550416707843331,0.0008326004543927522,1.1812218626857316e-08,0.0001743835534308795,CARRAO
2357332810,2357332833,0,73.568,0,4,27.64100185528757,0.03617142665368997,0.011825081748995093,7.3835099539992845e-09,0.0001725805543887408,CARRAO
2357332811,2357332812,0,125.06,0,4,27.553432282003712,0.03628638570360844,0.0003267304728174147,9.007004391488777e-09,0.0001739996934527708,CARRAO
2357332813,2357332814,0,118.597,0,4,27.44248608534323,0.036433086569989524,0.0003192337889286786,1.1819016406844046e-08,0.00016163704570429485,CARRAO
2357332814,7474062567,0,31.524,0,4,28.243599257884973,0.03539968338008185,0.012158215639300803,1.066329679012656e-08,0.00016850061278816968,CARRAO
2357332820,2357332821,0,53.079,0,4,27.489981447124304,0.03637013990591951,0.0032871397042964277,3.698755651832482e-08,0.0001820458932939988,CARRAO
2357332821,7284863036,0,67.813,0,2,28.381447124304266,0.03522774814349963,0.0005588153115395362,2.2333708152925627e-08,0.00010702287593439443,CARRAO
2357332821,2357332822,0,58.346999999999994,0,4,28.056586270871986,0.035635642254918165,0.00288450530710556,8.97375683366833e-08,0.00018826815067377286,CARRAO
2357332822,2357332823,0,44.386,0,4,28.025974025974026,0.03567456639745797,0.0032783935730929022,3.3378098365516805e-07,0.00018594480502605686,CARRAO
2357332828,5345862207,0,51.144,0,4,27.28330241187384,0.036645654406114635,0.0016755088491325165,5.694152174446743e-10,0.0002217237621263422,CARRAO
2357332830,5345862207,0,68.872,0,2,28.28274582560297,0.03535068615360395,0.0005588153115395362,1.2182183885761733e-10,0.0001328242141858134,CARRAO
2357332832,9627049240,0,93.926,0,4,26.834508348794063,0.03725853510142563,0.0426642527344545,1.0913331603549585e-09,0.00017194539722358842,CARRAO
2357332833,2357332835,0,202.881,0,4,27.27012987012987,0.03666335569373954,0.0037513093817406707,2.121087084159749e-09,0.0001720813910288317,CARRAO
2357332836,2357332839,0,201.80300000000003,0,5,25.6556586270872,0.038970524427988776,0.00022458815483338544,3.2279623206564077e-10,0.00019360136087556587,CARRAO
2357332836,7299779028,0,94.065,0,5,26.010204081632654,0.038439316666072254,0.00032532484458827664,1.4573300934199255e-10,0.00019457636593654028,CARRAO
2357332839,8699569461,0,69.607,0,4,26.18385899814471,0.03818438188633256,0.003981520049490608,3.2404803489277735e-10,0.0001675681193982698,CARRAO
2357332841,2357332843,0,206.18499999999997,0,4,29.046196660482376,0.034421527986254384,0.0040008864828698434,2.68480198041982e-09,0.00017148615052811142,CARRAO
2357332845,2357332849,0,141.20000000000002,0,4,30.276066790352505,0.03302326151432703,0.00042231319239879986,6.512609588232766e-09,0.00017088600164704484,CARRAO
2357332856,2357332858,0,199.788,0,4,30.40983302411874,0.032877999377703485,0.0001521202105756032,2.3333178283320373e-08,0.00016131426785484523,CARRAO
2357332860,2357332864,0,48.963,0,4,30.942671614100185,0.032311834081819875,0.0028545185715506158,7.63344377244204e-12,0.00022369977336819845,CARRAO
2357332860,2357332862,0,48.164,0,2,31.132467532467533,0.03211484827536888,0.0005588153115395362,2.3041151664558214e-12,0.00012039853774033582,CARRAO
2357332864,2357332865,0,49.599000000000004,0,2,31.73896103896104,0.0315011720142863,0.0005588153115395362,6.473046025097764e-12,0.00012052886528057599,CARRAO
2357332871,2357332872,0,73.941,0,4,30.137847866419296,0.033174713591844526,9.620744323877985e-05,3.512723775802083e-11,0.00017878419165162196,CARRAO
2357332873,2357332874,0,141.116,0,2,29.571057513914656,0.03381057545110046,0.0005588153115395362,2.0980972375112886e-12,0.00010152919321338385,CARRAO
2357332875,2357332876,0,90.644,0,5,27.043970315398887,0.03696995890702285,0.0004051332918204463,1.0807586349609211e-10,0.00019157991987449666,CARRAO
2357332875,7301922134,0,95.45400000000001,0,5,27.29424860853432,0.036630957883574865,0.006069034150674913,7.947062850876792e-11,0.00019669438752459772,CARRAO
2357332875,8769804116,0,41.916000000000004,0,5,27.183116883116885,0.036780714865851744,0.0020850152065547255,9.105378366366786e-11,0.00019750813005158958,CARRAO
2357332877,9631423841,0,93.198,0,4,26.772356215213357,0.03734503094183766,0.04120630389900967,8.038874226458315e-12,0.00017673003338408193,CARRAO
2357332878,7474118203,0,63.689,0,2,29.741558441558443,0.033616747865033964,0.0005588153115395362,1.713687063035235e-11,0.00011256517007494224,CARRAO
2357332880,2357332881,0,56.73,0,2,29.393506493506493,0.03401480770808743,0.0005588153115395362,5.554189758986373e-11,0.00010364009825113534,CARRAO
2357332883,3901528256,0,122.713,0,2,30.03191094619666,0.03329173668083424,0.0005588153115395362,1.4165981196633913e-11,0.00011547198810183103,CARRAO
2357332884,9631557080,0,104.194,0,4,30.077365491651207,0.033241424403363,0.014470474076232842,2.2144916606779763e-12,0.0001994973065230454,CARRAO
2357332884,4964981674,0,126.871,0,4,30.089239332096476,0.03322830664504473,0.0006470575281465339,2.2183943628637166e-12,0.00019748687230889366,CARRAO
2357332892,9631557080,0,73.864,0,2,30.70352504638219,0.032563507601575906,0.0005588153115395362,4.913461390702189e-13,0.00011314189610020538,CARRAO
2357332893,2357332894,0,51.377,0,3,30.328756957328388,0.032965890183028285,0.0005588153115395362,8.158016401423109e-14,0.00015024090141085627,CARRAO
2357332894,9631557079,0,49.902,0,5,30.076808905380332,0.033242039552413734,0.014704589266841496,2.1721054811098028e-13,0.00023823658268814075,CARRAO
2357332894,2357332896,0,58.574,0,5,29.567903525046383,0.03381418200299929,0.015256532618149691,1.640315910439059e-13,0.00023104021101396475,CARRAO
2357332894,2357332895,0,74.615,0,3,30.328756957328388,0.032965890183028285,0.0005588153115395362,8.157853494402908e-14,0.00015024090141085627,CARRAO
2357332896,2357332897,0,105.578,0,4,28.771985157699444,0.03474958247625434,0.003997450502754172,4.2893468404965493e-13,0.0001821262350010517,CARRAO
2357332897,2357332898,0,44.289,0,4,28.834322820037105,0.03467445646229177,0.0008450949275406458,4.201598395144781e-13,0.00017996658739073473,CARRAO
2357332898,2357332899,0,102.374,0,4,28.62560296846011,0.03492728074041428,0.00015743036166345793,1.126853560071663e-13,0.0001765492678828443,CARRAO
2357332902,2357332907,0,36.09,0,5,28.210389610389612,0.03544135636024044,0.0012891172670339106,6.853906663871313e-14,0.00021555725065360636,CARRAO
2357332904,2357332905,0,21.846,0,4,27.569016697588125,0.03626587346985471,0.03623116087243283,7.635622843478248e-14,0.00017764459871748498,CARRAO
2357332904,2357332907,0,119.84,0,5,27.70482374768089,0.0360881007707813,0.0,7.016000618577639e-14,0.00021621587647922832,CARRAO
2357332905,2357332907,0,97.069,0,5,28.29165120593692,0.03533955879652703,0.0014743478314514313,7.025665956150281e-14,0.00021614718982333498,CARRAO
2357332907,6941192650,0,25.779,0,3,28.478849721706865,0.03510726314486551,0.0005588153115395362,3.681755029228689e-14,0.00013763497652826898,CARRAO
2357332908,2407166459,0,18.117,0,4,25.262152133580706,0.03957756512415267,0.03669361255981925,1.7555020905247617e-12,0.0001762535534141735,CARRAO
2357332908,2357332913,0,54.132,0,4,25.40612244897959,0.03935328869058486,0.0011801029888185398,1.7380560285383054e-12,0.00017219361361242718,CARRAO
2357332909,2357332911,0,111.933,0,4,26.054545454545455,0.03837389805887463,0.0005486635521068727,1.4164558673198651e-13,0.00017560234005726532,CARRAO
2357332910,2357332912,0,47.477,0,4,26.8860853432282,0.03718706008998316,0.000986282474111842,1.5830199757636364e-13,0.0001776402689182058,CARRAO
2357332910,2357332911,0,83.33,0,4,26.54378478664193,0.03766661308021891,0.00039654334153126953,1.453470829224973e-13,0.0001764211336169079,CARRAO
2357332911,2357332913,0,47.151,0,4,26.277551020408165,0.03804823632409839,0.0010785853944919052,4.3601903965677933e-13,0.00017729677768420966,CARRAO
2357332912,2357332913,0,83.346,0,4,26.27699443413729,0.0380490422429801,0.0004276233434866546,4.489691596685854e-13,0.00017851591298550753,CARRAO
2357332914,2357332916,0,38.447,0,4,29.66103896103896,0.03370800572954783,0.003376943730046912,5.519963529547776e-15,0.00020815578046186914,CARRAO
2357332914,2357332915,0,49.432,0,2,30.025231910946196,0.0332991423416298,0.0005588153115395362,1.3512624579006618e-15,0.00011470142251835156,CARRAO
2357332914,2357332919,0,27.891000000000002,0,4,29.356400742115028,0.034057801568592755,0.002631960768603763,2.1552423137003014e-15,0.0002016744588287108,CARRAO
2357332916,2357332917,0,48.406,0,2,30.227272727272727,0.03307656897345404,0.0005588153115395362,4.998035445602942e-15,0.00011068198759623096,CARRAO
2357332918,7949811479,0,55.086,0,2,30.192022263450834,0.03311518726764372,0.0005588153115395362,6.057906511532378e-14,0.0001102994147909359,CARRAO
2357332919,2357332923,0,25.023,0,4,28.733580705009278,0.03479602773867789,0.0090736425809146,1.4245131658803967e-15,0.00018686630365817214,CARRAO
2357332920,6941256794,0,16.211,0,5,26.582189239332095,0.037612194475076424,0.002461879752878063,9.51044321696823e-15,0.00020950464093919346,CARRAO
2357332920,7301978964,0,14.113,0,5,26.51669758812616,0.03770509008221095,0.00044574032955110014,9.239902816324873e-15,0.00020976595546463964,CARRAO
2357332921,6941256794,0,9.841,0,4,27.12207792207792,0.036863490847401974,0.0022541591367943336,4.957065507687995e-15,0.0001764923654420487,CARRAO
2357332921,2357332930,0,55.264,0,4,27.61595547309833,0.03620423244877393,0.01056313996105785,3.138251790005489e-15,0.00018155779265742163,CARRAO
2357332923,2357332930,0,115.461,0,4,28.236363636363638,0.035408754615819285,0.00976786674519443,1.1457936302061993e-15,0.00018322992680518962,CARRAO
2357332923,2357332928,0,100.392,0,5,28.90983302411874,0.034583889516377454,0.001769998302313461,9.335609947084448e-16,0.0002172994040857952,CARRAO
2357332924,3939027705,0,18.324,0,3,29.54359925788497,0.03384199949761366,0.0005588153115395362,2.6585008216639275e-16,0.0001417951451996,CARRAO
2357332924,2357332928,0,95.966,0,6,29.18534322820037,0.034257416931008394,0.001461384815560492,7.227838515976113e-16,0.0002568672268078043,CARRAO
2357332924,2357332926,0,37.225,0,3,29.54359925788497,0.03384199949761366,0.0005588153115395362,2.677433607907235e-16,0.0001417951451996,CARRAO
2357332924,2357332925,0,137.141,0,5,28.653803339517626,0.03489290616663645,0.00021412403357202463,5.394576692500557e-16,0.00022094946803950018,CARRAO
2357332925,2357332927,0,110.369,0,4,28.420593692022262,0.03517922539118855,0.0035001704714680117,1.0849083683562752e-15,0.00017851035439477123,CARRAO
2357332927,2357332928,0,81.691,0,5,28.960296846011133,0.03452362648626486,0.00047885068339301786,1.2765460906915436e-15,0.0002150227747789217,CARRAO
2357332928,2357332929,0,116.719,0,5,28.918181818181818,0.03457390500997633,0.0002320848387221215,7.315963647330877e-16,0.00022295107349329894,CARRAO
2357332929,2357332930,0,101.209,0,4,28.429499072356215,0.03516820569713185,0.0008852334225282535,9.446102786481959e-16,0.00018890123951888186,CARRAO
2357332929,7950988421,0,55.516,0,2,29.236549165120593,0.034197417266871845,0.0005588153115395362,3.154386720399699e-16,0.00010556458006150517,CARRAO
2357332933,2357332934,0,133.392,0,4,27.97365491651206,0.035741288516892386,0.00021740383277334667,4.967576616772529e-16,0.00018783015683657158,CARRAO
2357332934,6941204633,0,58.587,0,4,27.305194805194805,0.03661627314421607,0.0030502132572294977,7.627699886661034e-16,0.00018555354511528505,CARRAO
2363530756,7285084235,0,67.857,0,5,27.50204081632653,0.03635419196416525,0.048933823179153096,2.8683599092216845e-13,0.00019009957211692366,CARRAO
2363551346,2363551356,0,29.317,0,5,26.996846011131726,0.037034491763622494,6.715779316992749e-06,1.758360649796533e-13,0.00018321744864048485,CARRAO
2363551346,7954303485,0,26.157,0,5,26.80760667903525,0.03729592437003869,0.0010539088100248156,1.7339876226740118e-13,0.00018084891071894866,CARRAO
2368045744,2477092989,0,150.095,0,5,22.75064935064935,0.04394663448208373,0.0018696417256679116,1.7212633981839882e-12,0.00018427920266349688,CARRAO
2376451479,10671569912,0,57.419,0,4,27.329684601113172,0.03658346174995078,0.14954166367970667,2.6376738727443623e-14,0.00018391228020350428,CARRAO
2376451490,10671569919,0,27.455,0,4,29.019666048237475,0.03445299713584288,0.08550623934943777,-4.635051135418069e-18,0.00017094228827514154,CARRAO
2376451515,3901606442,0,60.492000000000004,0,4,31.42207792207792,0.03181885277359549,0.01400146279044379,3.1647525144830286e-18,0.00018749187826809407,CARRAO
2380802666,2380802667,0,27.915999999999997,0,5,29.84322820037106,0.03350222249852351,0.02797262648350394,3.7249642331285476e-14,0.00021130369352640523,CARRAO
2380802666,9626748816,0,21.291,0,5,30.12987012987013,0.033183497536945813,0.007909313864445275,2.2349037533195662e-14,0.00021127585886622721,CARRAO
2380802667,9626748816,0,40.205,0,4,29.899628942486085,0.03343902605501399,0.002328032709281254,3.335798175805161e-14,0.00017413160989473417,CARRAO
2385867014,2385867059,0,86.953,0,4,30.979962894248608,0.03227293959828005,0.015947164621399505,9.496793109121994e-05,0.00016854919916842949,CARRAO
2407119151,2407119156,0,45.448,0,2,30.22356215213358,0.03308062981492281,0.0005588153115395362,2.1563105840344253e-16,0.00011149146296841178,CARRAO
2407119152,2407119154,0,48.197,0,2,29.63543599257885,0.033737127116787176,0.0005588153115395362,1.1313182966351459e-15,0.0001128045759911475,CARRAO
2407166150,2407326954,0,232.33400000000003,0,5,24.93265306122449,0.04010060496923065,0.017936909470201542,7.341388313152205e-11,0.00020317889719235764,CARRAO
2407166150,2407345465,0,46.809000000000005,0,3,25.126159554730982,0.039791774348371854,0.0005588153115395362,4.8193329221912266e-11,0.000129352050334144,CARRAO
2407166459,2407166460,0,79.035,0,4,25.888497217068647,0.03862002737585908,0.0008892941263013189,5.342687802605067e-13,0.00019542577518897556,CARRAO
2407303484,2407303486,0,63.988,0,4,24.225788497217067,0.041270667881786224,0.002029258620132251,1.564337508165031e-11,0.00016699654611067465,CARRAO
2407315876,8773862681,0,11.399,0,2,24.741372912801484,0.04041063019286721,0.0005588153115395362,9.985128372178807e-12,0.00010120632081860002,CARRAO
2407322401,8702084637,0,123.816,0,4,29.0291280148423,0.03444176727361041,0.0021531100852107453,2.735496496981901e-07,0.00016446121613422973,CARRAO
2407322401,7280403676,0,124.95300000000002,0,4,28.961595547309834,0.03452207837133175,0.02661385252867052,1.3872299899831722e-07,0.00016618710530217606,CARRAO
2407322403,2509018905,0,60.866,0,5,25.539332096474954,0.03914802734332435,0.010342300148168834,3.448205715802647e-09,0.00016955909482758777,CARRAO
2407326951,2407326954,0,72.119,0,4,25.202411873840447,0.03967138051103864,0.006523676792343887,7.454273385432929e-11,0.00017440716399514235,CARRAO
2407326951,7959814454,0,58.613,0,4,25.40705009276438,0.03935185185185185,0.002281803158634048,1.6552286076123143e-10,0.0001846165937908054,CARRAO
2407326951,2407326952,0,122.04299999999999,0,4,25.644897959183673,0.03898687656446689,0.004884714277168959,9.024752104966688e-11,0.0001818287112763812,CARRAO
2407326952,6940970002,0,49.631,0,4,25.909461966604823,0.03858877781915046,0.05007331913024098,1.625458516138673e-10,0.0001821433367442897,CARRAO
2407326987,2407326988,0,156.511,0,2,25.862152133580704,0.03865936856603801,0.0005588153115395362,4.550365824877922e-10,9.492999540201835e-05,CARRAO
2407341488,2407343903,0,42.579,0,5,26.092022263450836,0.03831878039762223,0.0096483883457177,6.087866819092437e-10,0.0001850880872486474,CARRAO
2407341488,2411615283,0,8.166,0,5,25.664378478664194,0.03895728361683209,0.0004697921903607951,8.981515380122078e-10,0.00018077320316493365,CARRAO
2407341488,2407341494,0,61.592,0,6,25.596846011131724,0.0390600650880283,0.0005686547091435023,6.54662847550217e-10,0.0002078914598045798,CARRAO
2407341488,2411615279,0,11.57,0,5,25.867346938775512,0.03865160480545096,0.009685403222418334,6.047420016405794e-10,0.00018060342184587574,CARRAO
2407341491,2407341494,0,62.050000000000004,0,6,25.825231910946197,0.03871463670455035,0.0033766313682182148,5.24384974132482e-10,0.00020537031504145285,CARRAO
2407341491,2411615267,0,8.109,0,5,26.128200371057513,0.038265722745702294,0.0018241930795924492,3.8158634963196894e-10,0.0001793279152737193,CARRAO
2407341491,2411615276,0,54.478,0,5,26.071243042671615,0.038349321112407846,0.010567513026659614,3.6688875657063074e-10,0.00017826400662344103,CARRAO
2407343901,2407343903,0,117.93899999999998,0,4,25.58144712430427,0.039083577499927476,0.0001527449342329979,4.973474112836856e-10,0.00015447448705486428,CARRAO
2407343903,2411615285,0,62.436,0,4,25.798886827458254,0.038754170981475086,0.009548744922363248,7.994517317207456e-10,0.00015619940594776242,CARRAO
2407351919,2407351924,0,22.387999999999998,0,5,25.1417439703154,0.039767108933394336,0.000495249679399628,4.687524443626678e-12,0.0001889677258745175,CARRAO
2407351924,2477151300,0,95.449,0,5,25.248237476808907,0.03959937687378755,0.057066475751116966,5.96734274503369e-12,0.00019199162312310381,CARRAO
2407351924,2477151307,0,8.773,0,5,25.729313543599257,0.03885896409746108,0.0016299040221427054,3.5359639085198872e-12,0.00019246048068753728,CARRAO
2407407602,8769804116,0,5.895,0,4,27.809276437847867,0.03595255250446989,0.0005246116912971777,8.485616477099087e-11,0.0001672152333317434,CARRAO
2407407602,8769858917,0,10.835,0,4,28.384972170686456,0.035223373312853364,0.026907941190389063,9.903167909190421e-11,0.0001702452205583077,CARRAO
2407427916,2407428424,0,18.61,0,4,32.14359925788497,0.03110462096113221,0.019712686466345903,3.0267410151968097e-07,0.00018612503540341025,CARRAO
2407432390,2407432391,0,67.573,0,2,27.978849721706865,0.03573465246740846,0.0005588153115395362,1.1383481178008331e-10,0.00012224372842526026,CARRAO
2410526300,2411611586,0,38.317,0,4,27.353061224489796,0.036552196590993874,0.007452797051804116,8.11692124803309e-14,0.00017736632807207516,CARRAO
2410526300,2411611585,0,39.37,0,4,27.607977736549167,0.036214694201213656,0.00019350815287800038,1.025949675602727e-13,0.0001767103184539411,CARRAO
2410526884,4958840375,0,17.337,0,4,28.59165120593692,0.03496875588057803,0.004050708194547069,5.5264278297650435e-11,0.0001811260585689786,CARRAO
2410526884,4958840372,0,31.396,0,4,28.257884972170686,0.03538178714463922,0.0003564048465436617,6.028195338852025e-11,0.0001813592100716991,CARRAO
2410530331,7472410059,0,5.566,0,4,27.831725417439703,0.03592355329204802,0.0023645790432388425,3.075369410348585e-11,0.00017852653779164008,CARRAO
2410530331,4550104320,0,17.647,0,4,27.993506493506494,0.035715942605295425,0.000514616112778863,1.9058878645884454e-11,0.00017755098290202323,CARRAO
2410530331,8702284442,0,17.691,0,4,27.721335807050092,0.03606660509443307,0.0019268039403195244,3.047791407799976e-11,0.00017478747673542285,CARRAO
2410530334,2410530336,0,25.054,0,4,27.59369202226345,0.03623344315202044,0.004475207919746749,2.986071334327999e-11,0.0001754886259165777,CARRAO
2410530334,7472410059,0,17.747,0,4,27.913172541743972,0.03581873288490681,8.230734186174834e-05,4.044870596154642e-11,0.00017831116316760959,CARRAO
2410530334,8702284450,0,26.243,0,4,27.689981447124303,0.03610744460599401,0.00448223606089244,8.438221695063658e-11,0.0001759403794742446,CARRAO
2410530336,4550104320,0,6.045,0,4,27.695361781076066,0.036100430070070605,0.0010429761460204088,1.8299700496263702e-11,0.00017507835511166954,CARRAO
2410532537,2410532538,0,115.267,0,4,26.621150278293136,0.03755714763603925,5.8880204709448054e-05,1.078792418488825e-08,0.00015223859220913719,CARRAO
2411609996,7280410497,0,53.084,0,2,27.594248608534322,0.036232712309978286,0.0005588153115395362,8.278831755032468e-13,9.914124114352227e-05,CARRAO
2411611583,2411611585,0,118.458,0,4,27.366604823747682,0.03653410708716934,0.0,2.6247912775365433e-13,0.00017332466442698536,CARRAO
2411611585,2411611586,0,21.536,0,4,27.910575139146566,0.03582206623326553,0.00036530715866153583,9.970590582624344e-14,0.00017836642148498898,CARRAO
2411615267,2411615286,0,36.805,0,4,26.362152133580704,0.03792613236494666,0.03575871360652811,3.509243753311348e-10,0.0001505905370651813,CARRAO
2411615269,2411615275,0,58.644000000000005,0,4,25.533024118738403,0.03915769893113796,0.010718696151749125,1.8727534198700157e-10,0.00015079889765885185,CARRAO
2411615270,3901559382,0,56.049,0,3,26.36252319109462,0.037925598547440424,0.0005588153115395362,2.7981506674298734e-12,0.00012023522014518949,CARRAO
2411615274,2411615284,0,50.459,0,5,26.31447124304267,0.037994853174463286,0.011959709697163645,2.1768299024745553e-12,0.00017824461594403285,CARRAO
2414052955,6501393724,0,55.54,0,5,29.49721706864564,0.03389521353544248,0.005950180474855576,9.04350911238873e-15,0.00019036849029770947,CARRAO
2414052955,6501393725,0,52.666,0,5,29.37996289424861,0.03403048788188787,0.005768854433296771,6.934365665865073e-15,0.0001885085966870735,CARRAO
2414052955,2414054355,0,108.644,0,4,29.58812615955473,0.03379107098068723,0.0001163547811897581,5.672016757258598e-15,0.00016016607537322632,CARRAO
2414073564,6940029382,0,39.07,0,4,29.557884972170687,0.033825643214471776,0.001117318261250375,-2.1447727813011612e-17,0.00022822044860047177,CARRAO
2414073564,2414077325,0,111.115,0,4,29.28274582560297,0.03414346718704462,1.2494473147893487e-06,6.930992779391259e-18,0.00022801899891925875,CARRAO
2414085836,2414085837,0,51.82,0,2,30.897031539888683,0.032359564055603925,0.0005588153115395362,-5.3487227848543484e-18,0.00012021521007628903,CARRAO
2414085837,6940029340,0,53.261,0,4,30.3569573283859,0.03293526622011441,0.023979236684522832,4.683232783086351e-19,0.0002115171226694862,CARRAO
2414086075,6047502181,0,51.64,0,2,29.869202226345084,0.03347308922637349,0.0005588153115395362,5.42143802988481e-18,0.00010418433134962507,CARRAO
2414104816,2414104818,0,61.413,0,4,29.2847866419295,0.034141087775982765,0.0007974597486643018,-1.356271965525857e-17,0.00020648364860337065,CARRAO
2414104818,2414110110,0,41.908,0,2,30.276066790352505,0.03302326151432703,0.0005588153115395362,1.481962433329875e-17,0.00011688334176199774,CARRAO
2414104818,2414110111,0,120.98500000000001,0,4,30.123933209647497,0.03319003744580213,0.00031985851258607326,-1.5259139109787637e-17,0.00021385654420606127,CARRAO
2414110111,6940029335,0,41.543,0,4,30.506493506493506,0.03277382472784772,0.002424552514348731,2.1409561016190975e-17,0.00021765572656129206,CARRAO
2414110111,5150695429,0,15.251,0,4,30.585343228200372,0.032689333050256286,0.0017507880498485748,3.778279087383085e-18,0.000214091730171916,CARRAO
2431348289,6925697060,0,73.03999999999999,0,2,32.96493506493506,0.0303296356954317,0.0005588153115395362,-1.3392037193386072e-18,0.00011154257042015136,CARRAO
2476902450,7474474977,0,43.218999999999994,0,2,27.598886827458255,0.036226623105984214,0.0005588153115395362,1.0644442964114976e-16,0.00011220322320921265,CARRAO
2476920068,2476920069,0,64.86099999999999,0,2,28.40964749536178,0.03519277989655713,0.0005588153115395362,-3.987092877971942e-18,0.00010935745355218721,CARRAO
2476930122,2477104854,0,339.56,0,4,23.782931354359924,0.042039160620953274,0.01557326751244879,1.2851394517925764e-14,0.0001682308862737717,CARRAO
2476930122,2477100506,0,269.24899999999997,0,4,23.27643784786642,0.042953929539295395,0.004428509826356498,5.131688076722738e-14,0.00016449143410803268,CARRAO
2476941436,2476941438,0,47.893,0,2,29.255102040816325,0.03417573009480927,0.0005588153115395362,-1.6790297698721738e-17,0.00011093481288425349,CARRAO
2476946853,6925663478,0,18.771,0,5,29.49795918367347,0.033894360793489064,0.002773304496089308,4.6294907403501696e-17,0.0001950477741555402,CARRAO
2477092979,2477092989,0,74.65500000000002,0,4,22.75899814471243,0.04393051332425757,0.0018379370000551319,2.3815479234568377e-12,0.0001639278880522252,CARRAO
2477095786,2477095823,0,135.952,0,4,22.85473098330241,0.04374649922475586,0.007150430801625094,1.7296183847979977e-12,0.00016667273695994745,CARRAO
2477097613,2477097619,0,113.466,0,4,22.84508348794063,0.043764973403175374,0.0023038246675572104,4.743204813737069e-13,0.00016251482763756313,CARRAO
2477097619,2492723686,0,470.5369999999999,0,5,22.49591836734694,0.044444261172919435,0.0009064740268796724,4.66033058242066e-13,0.00018207100764290024,CARRAO
2477100506,8812225714,0,88.041,0,5,23.47142857142857,0.042597086419362745,0.014570586042330339,6.996943347448253e-14,0.0001888716967411373,CARRAO
2477100506,2492723688,0,331.44000000000005,0,5,22.912987012987013,0.043635274208306006,0.016926575135280005,1.9575342622834027e-13,0.00018274787195933016,CARRAO
2477151304,2477151307,0,49.25,0,4,25.944897959183674,0.0385360725956966,0.0009111594543101325,2.0036225584088012e-12,0.00016211090283513004,CARRAO
2477151307,2477151911,0,30.847,0,4,26.148423005565864,0.03823612884915567,0.0003723352998072259,2.0969851455095935e-12,0.00016073381450797765,CARRAO
2492723686,2492723688,0,10.763,0,6,22.631354359925787,0.04417828713837174,0.013644120858414037,3.74599176660272e-13,0.00020686528194443208,CARRAO
2509018902,2509018905,0,115.28500000000001,0,5,25.289795918367346,0.03953430365631786,0.0013620537540347387,2.313618990795263e-09,0.00017321038830195136,CARRAO
2913647719,2913647721,0,66.288,0,4,29.147680890538034,0.03430168166715466,0.012753577284797929,1.510763196369775e-07,0.00018410660709555893,CARRAO
2913647720,2913647721,0,115.63899999999998,0,4,28.634322820037106,0.03491664452925054,0.0006559598402644081,1.479282931374325e-07,0.00018215769905682836,CARRAO
3746296702,3746296706,0,20.976,0,4,28.679777365491653,0.03486130518035502,0.018240681348609702,7.096810197046534e-14,0.00017854020598159125,CARRAO
3813888216,6940426819,0,76.069,0,2,24.932096474953617,0.04010150017859269,0.0005588153115395362,5.3476280450470015e-11,8.918025370485683e-05,CARRAO
3901528249,4964981001,0,120.259,0,4,29.446011131725417,0.03395415653313507,0.0033418030243184617,2.3399365029036328e-12,0.00018422059013896333,CARRAO
3901533162,4964965080,0,146.40200000000002,0,4,31.754359925788496,0.03148589590782678,6.059819476728341e-05,4.112383961624899e-05,0.00017861396481447925,CARRAO
3901556341,3901556342,0,18.255,0,2,26.292578849721707,0.03802648941199715,0.0005588153115395362,2.0873682451977238e-10,0.00010158469590366043,CARRAO
3901559101,5345864794,0,81.25399999999999,0,2,27.32987012987013,0.0365832134032096,0.0005588153115395362,1.4898296976110355e-09,0.00010119752288256562,CARRAO
3901559128,3901559130,0,102.969,0,4,25.989239332096474,0.03847032452420725,0.003410991169374922,7.85176434208821e-09,0.00014815971323638884,CARRAO
3901559359,6940315253,0,20.241,0,4,25.551948051948052,0.03912869849337448,0.00022646232580556945,1.482106279105962e-10,0.00016450791958038806,CARRAO
3901559360,6940315253,0,55.856,0,4,25.195361781076066,0.0396824812412097,0.02892704805108865,1.2211583305560133e-10,0.00016108109764915974,CARRAO
3901559360,3901559361,0,111.60799999999999,0,5,24.67847866419295,0.04051361856003368,0.0008572770388598418,1.5082427515919845e-10,0.00018424839341649074,CARRAO
3901559361,3901559362,0,90.914,0,5,24.92152133580705,0.04011851675389162,0.0004260615343431679,1.0416041282591873e-10,0.0001847871211045209,CARRAO
3901559362,4582921950,0,66.337,0,4,25.00630797773655,0.039982490503323836,0.00043777510291931804,5.779771496986328e-11,0.00015575880500968254,CARRAO
3901559362,4582921955,0,65.937,0,4,25.60408163265306,0.039049026853904906,0.00024785911107133704,4.784525559530962e-11,0.00015675112981509794,CARRAO
3901559368,3901559369,0,113.225,0,4,23.79795918367347,0.04201261391896843,0.000655022754778316,4.717288219712141e-12,0.00016344753889386708,CARRAO
3901559380,3901559381,0,118.56899999999999,0,4,26.101113172541744,0.038305434125884066,0.0001839811171027316,2.1168078356918823e-11,0.0001631010068414277,CARRAO
3901559381,6940305291,0,44.288,0,4,25.877551020408163,0.038636363636363635,0.019675046865987873,2.1204349765730814e-11,0.00017452166379239601,CARRAO
3901559383,3901559384,0,102.412,0,4,27.428571428571427,0.03645156926406926,0.00028284363588543883,2.318567085955834e-12,0.0001626605339177328,CARRAO
3901559408,5339469728,0,56.644999999999996,0,2,30.386456400742116,0.03290329277153307,0.0005588153115395362,-6.3486320170437536e-18,0.00010783698661968053,CARRAO
3901559409,3901559410,0,56.292,0,2,30.27847866419295,0.033020631001035534,0.0005588153115395362,-2.40075874874846e-18,0.0001140207252003312,CARRAO
3901606438,3901606439,0,38.679,0,2,26.78126159554731,0.0373326128672472,0.0005588153115395362,6.164997306634017e-16,0.0001129062692292826,CARRAO
4285960839,7934375830,0,61.352999999999994,0,5,30.677922077922076,0.032590684228987504,0.03325935043420637,8.108676126590661e-10,0.00019616125209071913,CARRAO
4550104320,8702284442,0,20.447,0,4,27.533580705009275,0.03631254801018827,0.0006167584307628923,2.8611922917137793e-11,0.00017416183130648422,CARRAO
4550104330,4967229782,0,25.144,0,4,27.496289424860855,0.036361796160723325,0.03064925499361142,1.5404297445569915e-11,0.00016101654709566005,CARRAO
4550104331,4550104332,0,51.654,0,2,26.980705009276438,0.03705664736704578,0.0005588153115395362,5.766851619556047e-10,9.93859794723433e-05,CARRAO
4550104335,5348100925,0,56.724,0,2,26.632653061224488,0.03754092650644375,0.0005588153115395362,2.021508220183581e-09,9.147460321753533e-05,CARRAO
4550104337,4550104338,0,56.17,0,2,26.5443413729128,0.037665823280260566,0.0005588153115395362,1.784776510836948e-09,9.283938039387639e-05,CARRAO
4550104339,4550104341,0,63.069,0,2,26.601484230055657,0.03758491302952951,0.0005588153115395362,1.7274661270570063e-09,9.29971424656285e-05,CARRAO
4550104342,4550104343,0,57.117,0,2,26.844897959183672,0.037244115167180396,0.0005588153115395362,7.672388324099997e-10,9.280977993882277e-05,CARRAO
4582921950,4582921955,0,98.755,0,4,25.179591836734694,0.03970733432558688,0.065737171573012,5.096513006110492e-11,0.00015560974144108357,CARRAO
4958840372,7472405321,0,5.691,0,4,28.508163265306123,0.03507116407109248,0.0009124089016249218,2.4273098618896378e-11,0.000182446181588133,CARRAO
4958840375,7285084252,0,34.177,0,4,28.421892393320963,0.035177617922372936,0.004184555238143877,1.7182266665173566e-11,0.00018022587524709987,CARRAO
4958840375,7472405321,0,26.302999999999997,0,4,28.87513914656772,0.034625442536157854,0.0001878856399614483,1.9255428239484288e-11,0.00018221303008541246,CARRAO
4964981673,4964981674,0,15.188,0,3,30.703153988868273,0.032563901142062965,0.0005411668682181366,5.455972386313487e-13,0.0001576691713682279,CARRAO
4964981673,4964981674,1,58.598,0,3,30.703153988868273,0.032563901142062965,0.0,5.455904032619851e-13,0.0001576691713682279,CARRAO
4964981673,9631557079,0,32.488,0,4,30.788497217068645,0.03247363663754143,0.0004702607331038411,3.316495200320732e-13,0.0002010030037588775,CARRAO
4967229777,4967229782,0,44.364,0,4,27.429870129870128,0.0364498434192104,0.0009239662892867234,1.5164236587587805e-11,0.00016409879728736728,CARRAO
5150695429,5150695430,0,53.891,0,2,30.604452690166976,0.032668921786151627,0.0005588153115395362,3.398226499588759e-18,0.00011711852772785248,CARRAO
5345862196,5345862207,0,67.227,0,2,28.28274582560297,0.03535068615360395,0.0005588153115395362,1.2182184072696044e-10,0.0001328242141858134,CARRAO
6047502171,6047502172,0,77.174,0,2,26.073840445269017,0.0383455008609771,0.0005588153115395362,1.5421110712340436e-10,9.324854774806599e-05,CARRAO
6047502173,6047502174,0,64.953,0,4,25.649721706864565,0.03897954459971646,0.0001252570933076322,7.56971061965407e-11,0.0001597082046403233,CARRAO
6047502176,6940286678,0,54.664,0,2,26.62003710575139,0.03755871816673868,0.0005588153115395362,1.4449596254461716e-11,9.767442697232231e-05,CARRAO
6047502177,6047502178,0,52.328,0,2,28.630055658627086,0.03492184867414915,0.0005588153115395362,1.941892723198493e-15,0.0001112897469871507,CARRAO
6047502179,6047502180,0,56.522,0,2,29.543970315398887,0.03384157445899951,0.0005588153115395362,1.93920083053334e-15,0.00010989049131096922,CARRAO
6338845948,6338845949,0,78.324,0,4,29.333024118738404,0.03408494355017235,0.002814848619306054,4.736275212314385e-13,0.00017191268535691917,CARRAO
6383169483,6383169484,0,52.167,0,4,26.841187384044527,0.03724926386220053,0.0002864357969154582,3.94223104282063e-13,0.00016351374898449062,CARRAO
6501393724,6727156291,0,54.745,0,5,29.116512059369203,0.0343384011520473,0.005835075140980607,1.611067983980146e-14,0.0001918610201852564,CARRAO
6501393726,6940137877,0,108.843,0,5,29.84081632653061,0.03350493030427376,0.0063624980887360605,1.7322511269460184e-15,0.00019425555952413316,CARRAO
6940029331,6940029332,0,48.473,0,2,31.148237476808905,0.0320985889486506,0.0005588153115395362,2.970899134947547e-17,0.00011555888711199203,CARRAO
6940029332,6940029335,0,9.377,0,4,30.664007421150277,0.032605473169610176,0.003177032159680616,1.8195339740699408e-17,0.0002190137815765072,CARRAO
6940029333,6940029335,0,58.92400000000001,0,2,31.1582560296846,0.03208826804332422,0.0005588153115395362,4.159419127375629e-18,0.00012068252411722856,CARRAO
6940029338,6940029339,0,56.602,0,2,30.73896103896104,0.03252596826469825,0.0005588153115395362,4.82443083020938e-17,0.00010627050471784949,CARRAO
6940029339,6940029340,0,50.711,0,4,30.09461966604824,0.03322236606867641,0.04344906182905656,4.9345187928589856e-17,0.00019757241731104672,CARRAO
6940029344,6940029346,0,53.550999999999995,0,2,30.673283858998143,0.032595612385002026,0.0005588153115395362,4.45536832271354e-16,0.00010734967847391658,CARRAO
6940029351,6940029352,0,54.671,0,2,29.589795918367347,0.03378916414298165,0.0005588153115395362,8.714473538584314e-18,0.00011281837537776117,CARRAO
6940029369,6940029370,0,11.128,0,2,29.150463821892394,0.034298406960240835,0.0005588153115395362,-9.86021068444594e-18,0.00011444167371035772,CARRAO
6940029382,6940029384,0,52.291,0,2,29.558627087198516,0.03382479396940767,0.0005588153115395362,2.2264625150218418e-17,0.00012138195266298989,CARRAO
6940124322,6940124323,0,54.418,0,2,31.0569573283859,0.0321929305782063,0.0005588153115395362,8.943978176579236e-17,9.56109566776538e-05,CARRAO
6940137802,7280403657,0,10.684000000000001,0,4,28.121150278293136,0.035553825549405234,7.668482894519627e-05,1.1869574712282093e-14,0.0001774778912945791,CARRAO
6940137876,6940137877,0,6.228,0,4,29.78423005565863,0.03356858543513334,0.006643155191820618,2.7228159908588718e-15,0.00017010039945236806,CARRAO
6940305286,6940305288,0,59.873999999999995,0,2,26.312244897959182,0.03799806801435592,0.0005588153115395362,1.7047853505411655e-11,9.457588121276181e-05,CARRAO
6940305290,6940305291,0,52.929,0,2,26.32931354359926,0.03797343480252264,0.0005588153115395362,7.123638458785392e-12,0.00010004863993741828,CARRAO
6940318154,6940318155,0,65.371,0,2,27.634508348794064,0.03617992614971467,0.0005588153115395362,9.70743256590224e-10,0.000107260119488053,CARRAO
6940408285,8792665893,0,21.261,0,4,25.16938775510204,0.03972343232863788,0.01692220206967824,3.0722867665951265e-11,0.00017285641574785646,CARRAO
6940408292,6940408293,0,10.771,0,4,25.5430426716141,0.03914234040544172,0.0633444799651904,8.399391009662979e-13,0.00019472563708725467,CARRAO
6940408292,6940408294,0,61.819,0,2,25.894063079777364,0.038611726099635306,0.0005588153115395362,4.85823568018934e-13,0.00011019777389856822,CARRAO
6940408293,6940408297,0,15.809000000000001,0,4,25.48886827458256,0.03922553408305128,0.0006340945122555945,1.108680178041121e-12,0.0001839963848311308,CARRAO
6940426802,6940426804,0,48.067,0,2,25.4012987012987,0.039360761943716085,0.0005588153115395362,1.7194765990541758e-11,0.00010270666310791335,CARRAO
6940426804,6940426805,0,44.696,0,4,24.95120593692022,0.04007078751106055,0.001491059189286739,2.6754583863595366e-11,0.00018872256161048866,CARRAO
6940426805,6940426807,0,38.665,0,5,24.26252319109462,0.04120818199197094,0.00179123890666488,5.02352711218436e-11,0.00020799347794565857,CARRAO
6940426805,8961863756,0,69.538,0,2,25.25974025974026,0.0395813441057657,0.0005588153115395362,1.3568490756471505e-11,0.00010324352815528867,CARRAO
6940448674,13057865540,0,17.407,0,4,24.81614100185529,0.04028887775775836,9.105347306527379e-05,1.4583955029779985e-10,0.00015917917953089323,CARRAO
6940969998,6940970000,0,57.081,0,2,26.92578849721707,0.037132226279887,0.0005588153115395362,1.393780433570019e-10,0.0001063706255418006,CARRAO
6940970000,6940970002,0,47.618,0,4,26.31447124304267,0.037994853174463286,0.018561945489424914,2.3655664532079357e-10,0.00018840939187433027,CARRAO
6940970008,7959814454,0,77.68900000000001,0,2,25.753061224489795,0.03882313106498858,0.0005588153115395362,1.4083210759239654e-10,0.00010289245292618423,CARRAO
6941204632,7301978964,0,537.277,0,4,26.839332096474955,0.03725183874357131,0.0,3.216484239940047e-15,0.0001773497468047429,CARRAO
6941256794,7301978964,0,20.471000000000004,0,4,27.23469387755102,0.03671105964099595,0.00011307498198843605,4.7635387269008325e-15,0.0001740423039688693,CARRAO
6955104197,7936562785,0,4.934,0,4,29.950278293135437,0.03338247683235046,0.010555330915340418,6.998970515033166e-06,0.0001669063369070045,CARRAO
7280403657,7953399261,0,13.933,0,4,27.884972170686456,0.03585495675316035,0.0068450971140734465,1.2923804459908847e-14,0.00017741177549269668,CARRAO
7280403676,7285561711,0,14.866,0,5,29.37291280148423,0.03403865588681152,0.026403945379785913,5.664732603351211e-08,0.00020410621672892762,CARRAO
7280403676,7285561721,0,29.814,0,4,29.645454545454545,0.033725725800899935,0.00039857369341780223,6.572401169743217e-08,0.0001681668354176343,CARRAO
7285084235,10773608932,0,46.849000000000004,0,4,27.784415584415584,0.03598472201818934,0.005688733624235905,1.875519379848534e-13,0.00016079079725017791,CARRAO
7285084252,7472405321,0,41.852,0,4,28.580148423005564,0.03498282991554526,0.0006920376314789505,1.2538809683205026e-11,0.0001804866475292727,CARRAO
7285561711,7285561720,0,17.497,0,5,29.867346938775512,0.03347516849395907,0.008608223456155566,3.3155213984069206e-08,0.00020734602530034883,CARRAO
7285561712,7285561719,0,11.713,0,4,29.534322820037104,0.033852628933978265,0.0020422216360231906,1.4627186994262769e-08,0.00017632623845236886,CARRAO
7285561719,7959207761,0,16.012,0,4,29.169573283859,0.03427593751590088,0.002097978222445665,2.6596000941295974e-08,0.0001776774248216916,CARRAO
7285561720,7959207761,0,17.661,0,4,29.41799628942486,0.03398649117385519,0.008600258229523785,2.9372082973506447e-08,0.0001758085128664347,CARRAO
7299779028,7301922134,0,7.616,0,4,26.758812615955474,0.03736393260764057,0.00200239550286428,5.5504138266630297e-11,0.00016532876864966048,CARRAO
7472410059,8702284450,0,22.958,0,4,27.641187384044528,0.03617118386962533,0.0022066801388323383,8.451601418903726e-11,0.00017650566355895326,CARRAO
7473933057,7934375829,0,29.31,0,4,29.898144712430426,0.033440686064622624,0.009839241423051773,1.6830936421736102e-10,0.0001698716138454219,CARRAO
7473983122,7473983123,0,54.415,0,2,30.46864564007421,0.03281453606615274,0.0005588153115395362,4.064204289748317e-08,0.00010103552002544691,CARRAO
7473983124,7473983127,0,80.57400000000001,0,2,31.027272727272727,0.032223730394589714,0.0005588153115395362,1.573739885626981e-08,9.938130448101695e-05,CARRAO
7474012071,7936562785,0,121.036,0,5,29.688682745825602,0.03367661946482359,0.00350626152712761,3.464714598936876e-06,0.00019728413137247994,CARRAO
7474012071,9627043916,0,115.55199999999999,0,5,29.630797773654916,0.03374240811470791,0.001324257972762361,2.5671597358773295e-06,0.00019797380967411074,CARRAO
7474062430,7474062431,0,57.832,0,2,27.655287569573282,0.036152741812131864,0.0005588153115395362,7.373654456622608e-09,9.631823552859234e-05,CARRAO
7474062567,7474062570,0,15.008,0,4,28.4569573283859,0.0351342717250282,0.000894448096474825,1.8272377069324675e-08,0.00017078335501947463,CARRAO
7474062567,7474062569,0,9.428999999999998,0,4,28.797031539888682,0.034719358828986704,0.011405892174883267,1.7332352519839177e-08,0.00017359349843449037,CARRAO
7474062569,7474062573,0,8.827,0,4,28.92504638218924,0.034565699844778267,0.033407566121923256,4.074317042798816e-08,0.00017138060133394667,CARRAO
7474062570,7474062573,0,11.641,0,4,28.232282003710576,0.035413873774413164,0.02676534801558873,4.168319498594799e-08,0.00016857045791893096,CARRAO
7474093865,7474093868,0,81.64099999999999,0,2,30.974953617810762,0.03227815878530143,0.0005588153115395362,5.67836332181559e-11,0.00011489688805103006,CARRAO
7474194975,7474194980,0,19.979,0,4,32.23858998144713,0.031012971467375666,0.001792175992150972,0.00022043392953221479,0.00017544752880674233,CARRAO
7474194975,7936551181,0,16.07,0,4,32.20760667903525,0.031042805546114896,0.00820761941085123,0.00033868076131917844,0.00017621735214774363,CARRAO
7474565435,7474565439,0,24.732999999999997,0,4,24.692578849721706,0.0404904840975859,0.0001769529759570415,1.693993032958698e-13,0.00016814458443207964,CARRAO
7934375829,7934375830,0,17.756,0,4,30.364378478664193,0.03292721673672891,0.0003598408266593324,2.9636420118273344e-10,0.00016715013813814006,CARRAO
7936562785,9627043916,0,130.16,0,4,29.70556586270872,0.033657479405170096,0.006867587165739655,2.474265232170571e-06,0.00016676302031887752,CARRAO
8699569461,9627049240,0,23.281,0,4,26.79777365491651,0.03730960952644697,0.0038703192384743563,3.5292312498337514e-10,0.00017375955188585334,CARRAO
8699569461,9627049252,0,27.777,0,4,26.868645640074213,0.03721119719379652,0.00019460141927844107,1.9326127661392787e-10,0.00017063789869619948,CARRAO
8769804116,8769858917,0,12.238,0,4,27.7987012987013,0.03596622951913772,0.00162818603208487,8.117583857595401e-11,0.0001705845319001702,CARRAO
8792665885,8792665898,0,13.669,0,4,24.453061224489797,0.04088708820806968,0.002015202337840871,1.608716257383693e-11,0.0001735329640853424,CARRAO
8792665893,8792665898,0,14.449,0,4,24.732838589981448,0.040424574300502586,0.01690033674166943,1.4485811886276034e-11,0.00017416933805462035,CARRAO
8943364013,8962014282,0,28.981,0,4,27.766419294990722,0.036008044848023196,0.019691758223823182,1.436825971697122e-14,0.0001906379706748246,CARRAO
8943364013,8943369624,0,278.97200000000004,0,4,27.575139146567718,0.03625782143578012,0.0,1.7763182910146234e-14,0.00018130983472545122,CARRAO
8943369624,8962014282,0,29.117,0,4,28.355287569573285,0.035260247979847545,0.019292872168576683,1.1219901790242436e-14,0.0001906012091029515,CARRAO
8943818962,8943818963,0,48.524,0,2,30.716326530612246,0.03254993627726337,0.0005588153115395362,1.4243577306167978e-06,0.00010233379752497875,CARRAO
8962014282,8962014285,0,31.147999999999996,0,2,28.57439703153989,0.03498987118221483,0.0005588153115395362,4.521601018636948e-15,0.00010857848735251912,CARRAO
9631557079,9631557080,0,6.636,0,4,30.287940630797774,0.033010315340700265,0.014306484116166739,5.73651207331725e-13,0.0002023090248772006,CARRAO
12851351057,12851351058,0,25.127,0,2,27.92226345083488,0.035807071049361795,0.0005588153115395362,2.3946945844997522e-08,0.00010064706454969573,CARRAO
