u,v,key,length,flood_count,Degree,Mean Shortest Path Length,Closeness,bet,Eigenvector,Pagerank,district
25783549,1964865146,0,97.541,0,6,28.623458282950423,0.034927930515892464,0.004126923412303244,9.852151056395647e-07,0.00027771002833738314,CASA VERDE
25783581,2387001370,0,273.74300000000005,0,4,29.710278113663847,0.03365024582424381,0.006607083232883686,3.458106962641709e-08,0.00023608406098435554,CASA VERDE
25783581,5760872387,0,374.85699999999997,0,4,30.11197097944377,0.03320135246922008,0.003015565604184177,1.0898486809942356e-08,0.00024184920601349138,CASA VERDE
25783581,2350007254,0,54.247,0,4,29.936638452237002,0.03339580573238117,0.0031696901705409093,1.8259296438993347e-08,0.00024204948917011713,CASA VERDE
25783748,1964865730,0,300.645,0,4,31.865296251511488,0.031374513330752946,3.956922305830525e-05,8.536265786221194e-10,0.00024541041740874217,CASA VERDE
25783748,1964865376,0,677.905,0,4,32.2906892382104,0.03096118991626848,0.00016389474488964707,5.4064668216073e-10,0.0002474719571759833,CASA VERDE
25783748,2348890963,0,550.601,0,4,31.834824667472795,0.0314045443150482,0.0005090263015648651,1.0353165768863432e-09,0.0002473197276465158,CASA VERDE
25785158,1964865376,0,249.898,0,4,32.323579201934706,0.030929686214068743,0.0008165426708883609,3.528338733401894e-10,0.0002549039119498413,CASA VERDE
60624766,2386988377,0,46.14,0,4,26.812817412333736,0.03728657629136564,0.005150349613626077,3.6984362795088013e-06,0.00021724490705879882,CASA VERDE
60624766,2386988374,0,88.233,0,4,26.694558645707374,0.0374517584388759,0.052019605817262005,3.442834561701764e-06,0.00022044273709979917,CASA VERDE
60624766,462043020,0,256.60299999999995,0,5,26.107134220072552,0.03829444295202542,0.057416896693307504,1.2819699370587784e-05,0.0002536748482958386,CASA VERDE
151249389,2140736680,0,294.01500000000004,0,4,31.76565900846433,0.031472923693005764,0.04392208184918216,1.66896462880499e-10,0.0002352909557683409,CASA VERDE
151250496,2390252516,0,37.207,0,4,31.28899637243047,0.03195238831349513,0.0016677694755685695,1.237698543633149e-09,0.0002286911077823361,CASA VERDE
151250496,4310276273,0,153.87,0,5,30.70229746070133,0.03256297556595302,0.026590029386254484,1.167226500858353e-09,0.00026628228613749245,CASA VERDE
151250496,5588633692,0,309.863,10,4,31.051753325272067,0.03219651243389746,0.027706516538103333,4.813959677115629e-10,0.00023170414605955633,CASA VERDE
151250888,151250971,0,45.655,0,4,30.85949214026602,0.03239710353907401,0.0062333739039996915,2.1363204667941815e-09,0.0002352981244032679,CASA VERDE
151250888,2390252477,0,126.012,0,4,30.474244256348246,0.03280665973605479,0.005448828567806627,8.151324808869944e-09,0.00023209750486516702,CASA VERDE
151250888,2390252516,0,155.637,0,4,31.022249093107618,0.03222713346897729,0.0013382702045460152,2.5602434823375235e-09,0.00023290620531201542,CASA VERDE
151250971,453567683,0,146.186,0,4,31.20677146311971,0.03203657780533168,0.0046418118209878585,5.444510864354319e-10,0.0002356689034980982,CASA VERDE
151250971,2140736680,0,188.89600000000002,0,4,31.351390568319225,0.03188879803761243,0.002906872368005499,5.623627688168717e-10,0.00023383906581596055,CASA VERDE
163182057,1964865137,0,9.817,0,5,29.499153567110035,0.03389107961206437,0.0155436212824776,4.872803045093501e-07,0.0002532102794029227,CASA VERDE
163224731,9433798803,0,62.263999999999996,0,4,27.07279322853688,0.0369285191074268,0.010997068702185663,1.5428400402866657e-06,0.0002370925017807441,CASA VERDE
163224731,4915887872,0,62.968999999999994,0,4,26.844014510278114,0.03724324324324324,0.009311468650794524,1.7714221726565114e-06,0.0002394112994932075,CASA VERDE
163224731,496282201,0,49.998,0,4,27.0043530834341,0.037022111173799735,0.020189585429341947,1.2066970936015153e-06,0.00023367524593491832,CASA VERDE
163224738,462042987,0,85.39399999999999,0,5,24.169044740024184,0.041365232792003125,0.043603085520082484,0.0004099420517460656,0.00024008860304612268,CASA VERDE
163224738,462043024,0,17.659,0,5,23.759613059250302,0.0420780489790933,0.04388715346092698,0.0010794672993945079,0.0002516202815279925,CASA VERDE
163224738,2283841563,0,13.353,0,4,24.302539298669892,0.04113801235931576,0.00018954146353854863,0.000533823419188217,0.0002052580303269087,CASA VERDE
163226159,462043012,0,86.719,0,5,26.312454655380893,0.037995625080421314,0.03851184548658054,4.771922158704619e-05,0.00024431982638535945,CASA VERDE
163226159,453648901,0,60.73400000000001,0,5,26.46989117291415,0.037769636282239866,0.004544110035658709,2.443616778066928e-05,0.00025492822917641723,CASA VERDE
163226159,462041114,0,156.73000000000002,0,5,26.286094316807738,0.03803372802296376,0.0345280551897845,2.4194530830368884e-05,0.0002500622013192512,CASA VERDE
163226159,2386985689,0,43.867000000000004,0,5,25.6776299879081,0.0389349859197378,0.0015419784269572905,4.355357093223012e-05,0.0002446789057140227,CASA VERDE
163226161,2387001394,0,51.997,0,5,25.410157194679563,0.039344823976168494,0.042101897588500116,0.00011994412368740189,0.0002364352830315948,CASA VERDE
163226161,462042994,0,63.42,0,6,25.958645707376057,0.03851349462916554,0.004304984916065618,0.00011351426934236347,0.0002778180258614717,CASA VERDE
163226161,462042993,0,28.986,0,6,25.251511487303507,0.0395920126418618,0.010532008204018915,0.00014720248436531614,0.0002722084141085164,CASA VERDE
163226161,462043012,0,87.2,0,5,26.03458282950423,0.03840115928028016,0.03871824050808837,9.188200308646335e-05,0.00023608820836280446,CASA VERDE
163226166,2122088882,0,76.002,0,4,25.990568319226117,0.03846619087940002,0.0003055623336169128,1.4393203460079116e-05,0.0002461948835987749,CASA VERDE
163234539,453649400,0,108.844,0,5,28.301088270858525,0.03532578508865627,0.0012767180797886516,6.402197215410706e-07,0.00026601011621387664,CASA VERDE
163234539,11772486139,0,93.28000000000002,0,4,28.83409915356711,0.034672772563721914,0.004691883985969047,2.1806967671663178e-07,0.00023184795176143475,CASA VERDE
163234539,2540005271,0,104.799,0,4,28.41354292623942,0.03518597327432122,0.004379238272915771,3.6935939186018015e-07,0.00023610026041043716,CASA VERDE
312670734,2140747266,0,22.787,0,4,29.824183796856108,0.03352172749608751,0.004044121149236791,9.321734860167727e-10,0.00023866791300072222,CASA VERDE
312670734,312671231,0,94.32300000000001,0,4,29.295042321644498,0.03412721343955091,0.007010103097366425,2.8542759254977875e-09,0.00023715407559050274,CASA VERDE
312670734,2140728077,0,28.723,0,4,29.830955259975816,0.03351411824792665,0.0033956255491145657,8.812190493628228e-10,0.00023725487556065382,CASA VERDE
312670735,462043547,0,167.425,0,4,29.710278113663847,0.03365024582424381,0.00489705773516026,2.1221943415898692e-09,0.00023730406420330004,CASA VERDE
312670735,2140742743,0,32.216,0,4,29.91850060459492,0.033416051667973456,0.013051248738731017,1.0596289458440246e-09,0.00023767278800981815,CASA VERDE
312670735,2140747266,0,28.737000000000002,0,4,30.10205562273277,0.03321228870750048,0.013281336443181161,8.474120874506362e-10,0.00023879561877417492,CASA VERDE
312670745,312670746,0,145.278,0,5,28.75235792019347,0.03477134518172107,0.006100010967025404,2.1354825543657197e-08,0.0002596900723094151,CASA VERDE
312670745,312999808,0,66.144,0,4,29.371946795646917,0.03403785826616057,0.004833063065769667,5.740157725330638e-09,0.00022940736235445874,CASA VERDE
312670745,7302060735,0,41.717,0,4,29.55937122128174,0.033822037503681644,0.0009599200408588868,6.082277328300972e-09,0.0002290325422596914,CASA VERDE
312670746,312672073,0,20.966,0,6,28.094074969770254,0.03558608578880768,0.006269035055644831,4.500188155598287e-08,0.0002888852180504306,CASA VERDE
312670746,11191377808,0,69.405,0,6,28.4273276904474,0.03516891115894068,0.01608635469998102,3.8803112078432375e-08,0.00029642547321499747,CASA VERDE
312670746,11191377799,0,75.148,0,5,28.72938331318017,0.03479915148658204,0.015890218365932757,2.2510038323701532e-08,0.0002552545994825423,CASA VERDE
312671227,312671228,0,81.02,0,5,28.52744860943168,0.035045481133595,0.01087347594374429,1.431090936298571e-07,0.00027527705130777735,CASA VERDE
312671227,462043575,0,125.35700000000001,0,5,28.19056831922612,0.03546427836112827,0.008615587684787662,2.6110325062162034e-07,0.00027439287843578715,CASA VERDE
312671227,3891203415,0,84.672,0,3,28.815235792019347,0.034695470453458215,0.0006988120195667366,1.2199807791992415e-07,0.00017570695328756082,CASA VERDE
312671227,462043567,0,44.574,0,5,28.055139056831923,0.035635473415626506,0.008295370083371377,2.706957165894795e-07,0.00026908669804007516,CASA VERDE
312671228,462043561,0,137.03,0,4,28.94993954050786,0.03453403281317873,0.005407793817968385,7.938721732504291e-08,0.00022491183328880753,CASA VERDE
312671228,8002375163,0,82.008,0,4,28.41160822249093,0.03518836928210279,0.006840101990893706,5.851247992409115e-08,0.00022940189230988658,CASA VERDE
312671230,312999989,0,180.195,0,5,28.58839177750907,0.03497077309602159,0.0003959364850463754,2.037763022063864e-08,0.00027320088883908255,CASA VERDE
312671230,312671231,0,60.06099999999999,0,4,28.71172914147521,0.03482054867211914,0.006953680316338841,1.0154977564765883e-08,0.00023228769040998105,CASA VERDE
312671230,8002375163,0,63.111000000000004,0,4,28.237243047158405,0.03540565771105078,0.006884312048755146,2.9124824727517493e-08,0.0002302270652641412,CASA VERDE
312671231,462043547,0,98.178,0,4,29.38621523579202,0.03402133122654553,0.00045724435534041626,3.821828138495089e-09,0.00023597592434893992,CASA VERDE
312671238,2140645115,0,27.072000000000003,0,6,27.586940749697703,0.03624026930359773,0.019500299333844805,2.1266399769507977e-08,0.0002881620760745319,CASA VERDE
312671238,312672122,0,107.145,0,5,27.31100362756953,0.03660642339127432,0.010354435209183187,3.024615108413194e-08,0.0002433312856153158,CASA VERDE
312671238,312672513,0,139.58299999999997,0,6,27.64087061668682,0.03616956122315062,0.019633173761892445,3.792626824846908e-08,0.0002803318733116797,CASA VERDE
312671238,2140652799,0,140.866,0,6,27.9223700120919,0.03580491776301544,0.010087953589697933,2.110817517057018e-08,0.000281194679945459,CASA VERDE
312671457,2140652800,0,57.196999999999996,0,5,29.15622732769045,0.034289695672729985,0.011215920701322957,5.693459899198025e-09,0.0002483689159597011,CASA VERDE
312671457,2140652799,0,50.792,0,6,28.503748488512695,0.03507462053400982,0.01208277979165583,9.749854673499866e-09,0.00028495114618508707,CASA VERDE
312671457,312672458,0,37.155,0,6,29.10205562273277,0.03435352385384379,0.01813906920974644,5.290791458615545e-09,0.0002898838922601264,CASA VERDE
312671457,4386592672,0,38.461,0,5,29.032648125755745,0.034435651811745106,0.004732918735807289,4.260650212184355e-09,0.00025200442569830853,CASA VERDE
312671460,2545344462,0,56.949,0,4,29.275695284159614,0.03414976663500062,0.012137248536976829,2.8540436414344762e-09,0.00022908582970730657,CASA VERDE
312671460,4680036132,0,163.763,0,4,29.56178960096735,0.0338192706032494,0.0003522149361115813,1.3951544255690968e-09,0.00023302071136477076,CASA VERDE
312671460,2140652800,0,87.99199999999999,0,4,29.203385731559855,0.03423432376031005,0.012064704961369936,3.3891395256785267e-09,0.00021863930881198105,CASA VERDE
312671781,8064692161,0,60.239,0,4,28.26360338573156,0.035372636262513905,0.0007273897917755126,7.336592769957024e-08,0.0002142953130867795,CASA VERDE
312671781,497223831,0,150.338,0,4,27.703022974607013,0.03608841399539074,3.908071413165951e-06,1.5627861413506676e-07,0.0002177210477692156,CASA VERDE
312671781,11191377820,0,128.248,0,4,27.79540507859734,0.035968468860389444,0.0008776062867190789,1.5512016782339718e-07,0.0002196768916519243,CASA VERDE
312671790,2283852106,0,71.783,0,5,26.910278113663846,0.03715153584844618,0.0012579104861127905,5.216694922840246e-07,0.0002683299639617172,CASA VERDE
312671790,8943932947,0,96.609,0,5,26.410640870616685,0.03785436964324958,0.04266148456397281,1.4215081774658175e-06,0.0002599206247835641,CASA VERDE
312671790,11191377820,0,97.246,0,5,27.103748488512696,0.03688634295197816,0.03885551151647582,4.931120393701255e-07,0.00026396271622540946,CASA VERDE
312671790,497223831,0,116.185,0,5,27.00241837968561,0.03702476378129058,0.003819895551906394,4.942704856812396e-07,0.0002618794259837806,CASA VERDE
312672073,497453460,0,75.88000000000001,0,5,27.51148730350665,0.036339662447257386,0.0030013988453114504,6.46519331143764e-08,0.0002456843745133787,CASA VERDE
312672073,312672513,0,110.857,0,6,27.816928657799274,0.03594063795936465,0.01420486256900494,5.130135181903549e-08,0.00028267129335466274,CASA VERDE
312672073,8064692161,0,66.765,0,5,28.237484885126964,0.03540535448176633,0.005393871313558981,5.0334568028464815e-08,0.00024720789140651603,CASA VERDE
312672122,312672123,0,162.787,0,4,27.028295042321645,0.03698931658345413,0.01069394891320198,3.882626159850627e-08,0.00021189815434131392,CASA VERDE
312672122,312672512,0,91.312,0,5,27.12962515114873,0.036851160178639875,0.000268924164118482,4.8198245990775895e-08,0.0002482575490451468,CASA VERDE
312672123,4680108379,0,15.856,0,4,27.40507859733978,0.03648076244264031,0.01189568087275051,8.567231109457514e-08,0.00021177198820550294,CASA VERDE
312672123,2386710957,0,33.205999999999996,0,4,26.962273276904472,0.03707989128972365,0.0005820583860984038,5.067484736947278e-08,0.0002221622552487006,CASA VERDE
312672149,453567909,0,71.549,0,5,30.69093107617896,0.032575035262042286,0.01681398874621986,1.337335067178253e-10,0.0002729278812982056,CASA VERDE
312672149,2386710953,0,121.396,0,5,29.993712212817414,0.033332258272592404,0.003852625649991659,3.6865585663043134e-10,0.00026927804503260576,CASA VERDE
312672149,312672463,0,26.399,0,6,30.408222490931077,0.032877888943676534,0.013161896010616278,1.4985352337826145e-10,0.00031547743930089236,CASA VERDE
312672149,2140774195,0,201.527,0,5,30.39782345828295,0.032889136401607066,0.002693149712597986,1.343222295850503e-10,0.0002694559724631683,CASA VERDE
312672450,497223909,0,30.946000000000005,0,6,25.35888754534462,0.0394243698681086,0.014833085048671367,2.2048541018077426e-06,0.0002895255003161797,CASA VERDE
312672512,312672513,0,100.479,0,6,27.426844014510277,0.03645181200952297,0.0493401343546101,5.5878363150835954e-08,0.0002854557622086392,CASA VERDE
312672512,497453460,0,196.316,0,5,27.29093107617896,0.036633347511697154,0.0007378927336983961,6.922894444309444e-08,0.00024836909809995846,CASA VERDE
312672512,8050262994,0,83.997,0,5,27.162756952841598,0.03680621093680443,0.05005213611519627,7.245878165697528e-08,0.00025434771762372307,CASA VERDE
312672513,4680034482,0,98.052,0,5,28.02660217654172,0.035671757701268444,0.054664637400585386,3.0012243025456754e-08,0.00024908906144076353,CASA VERDE
312672562,497224233,0,25.073,0,6,27.174123337363966,0.0367908156454412,0.048493304130269706,2.2359690028398987e-07,0.0002963341615030687,CASA VERDE
312672562,8050262994,0,89.673,0,6,27.12067714631197,0.03686331859038379,0.05077415230877868,1.8161765757710052e-07,0.00029754761082183105,CASA VERDE
312672562,312672709,0,89.669,0,6,27.087303506650546,0.036908737031944715,0.01823115314241916,1.9892688787213287e-07,0.00030643042000346203,CASA VERDE
312672562,2386710860,0,23.945,0,7,26.84546553808948,0.03724123020377277,0.017799555505727645,2.596175188891494e-07,0.0003325756721876409,CASA VERDE
312672562,4680108379,0,30.669999999999998,0,6,27.30399032648126,0.03661582611468353,0.0014772509941767295,2.0420317141336497e-07,0.00029090484207467435,CASA VERDE
312672591,496586000,0,96.38499999999999,0,6,26.065296251511487,0.03835591018741882,0.036259086571353696,4.290036191303638e-06,0.00031079789043495057,CASA VERDE
312672591,312673206,0,167.362,0,5,25.549697702539298,0.03912994093593821,0.04255498961796404,8.34156618693006e-06,0.0002675846743461794,CASA VERDE
312672591,8943932947,0,62.884,0,5,25.948246674727933,0.038528929317029524,0.04285908642480102,3.688007821848133e-06,0.0002589641146100199,CASA VERDE
312672591,312672714,0,78.125,0,5,25.64570737605804,0.03898345042199067,0.0517130664657918,3.682498300169706e-06,0.0002624905928183157,CASA VERDE
312672709,3891203416,0,79.687,0,4,27.185006045949216,0.03677608753669603,0.01866665885052384,1.371518410785639e-07,0.000244894550871857,CASA VERDE
312672709,497223803,0,146.723,0,4,27.274244256348247,0.03665576038092198,0.0006604640688250457,9.430041367398011e-08,0.0002447804106698457,CASA VERDE
312672711,497223801,0,61.005,0,3,26.8360338573156,0.037254318851550464,0.0006988120195667366,5.473335268917607e-07,0.0001782786774969388,CASA VERDE
312672711,2583166224,0,58.371,0,5,26.834824667472795,0.03725599754871037,0.0009946041746507345,7.584187683617712e-07,0.0002789653729620494,CASA VERDE
312672711,312672714,0,121.74499999999999,0,5,26.119951632406288,0.038275651352702625,0.01897441947431066,1.5015905326352812e-06,0.0002733378984983647,CASA VERDE
312672711,497223794,0,96.856,0,5,26.42902055622733,0.03782804436148018,0.018889907430000945,7.679056922256734e-07,0.0002821469842296914,CASA VERDE
312672714,495934525,0,126.20599999999999,0,4,25.596130592503023,0.03905895691609977,0.032835127504493675,2.550823394860004e-06,0.0002197060152581675,CASA VERDE
312672981,462042985,0,59.768,0,5,26.833615477629987,0.03725767639716286,0.037450071334516014,1.1047648925163535e-06,0.00028916900425205263,CASA VERDE
312672981,497223849,0,31.119,0,4,27.562515114873037,0.03627238508041519,0.0018382590909679342,3.5832927269641753e-07,0.000257401935940387,CASA VERDE
312672981,496586001,0,94.017,0,4,27.20459492140266,0.03674960663519748,0.039578748982374845,4.2673622244627405e-07,0.00024259494334633784,CASA VERDE
312673029,462043561,0,99.19800000000001,0,5,28.48174123337364,0.035101721971266514,0.0005004773953485646,1.647208569435984e-07,0.00026728817597270366,CASA VERDE
312673029,312673030,0,131.451,0,5,28.582345828295043,0.03497817037262666,0.001369534775851343,1.890487201860009e-07,0.000264859764986744,CASA VERDE
312673029,3791589121,0,95.213,0,5,28.473276904474,0.03511215675615992,0.006439524671044195,2.8244608538734936e-07,0.0002683979286369388,CASA VERDE
312673029,462043567,0,91.86699999999999,0,5,28.15042321644498,0.03551485369667188,0.0077465303042848835,2.875363797765395e-07,0.00026317568947069233,CASA VERDE
312673030,462043022,0,52.528,0,4,28.870858524788392,0.03462862599576147,0.0010798489823504167,2.1397188690677536e-07,0.00021400452518160855,CASA VERDE
312673030,462043023,0,115.888,0,4,28.954050785973397,0.03452912925454166,0.00012823359324450778,9.716508062452414e-08,0.00022063286834952966,CASA VERDE
312673206,7990897105,0,1.989,0,4,25.28827085852479,0.03953446115887421,0.0477788598250503,2.7128308821942416e-05,0.00022950629035461636,CASA VERDE
312673206,497224199,0,112.882,0,4,25.931076178960097,0.03855444159477734,0.00485626723978534,7.35769769401765e-06,0.00023513653992753413,CASA VERDE
312673899,577320162,0,160.98000000000002,0,5,24.553325272067713,0.04071783153415807,0.02177821645879391,0.0005174401407527059,0.00025362706002289543,CASA VERDE
312673899,2386985684,0,20.854,0,4,25.330350665054414,0.03946878490753382,0.022677072883822078,0.0005005367188202232,0.00021955401963834843,CASA VERDE
312673899,2386985714,0,54.63400000000001,0,4,24.62031438935913,0.04060704287608664,0.0013338736242062036,0.0006216829813939888,0.00021756188810972193,CASA VERDE
312674042,312674043,0,69.969,0,5,23.275937122128173,0.04295243438688361,0.026610791015636927,0.018589819261399923,0.000244507758584721,CASA VERDE
312674042,577320157,0,116.66300000000001,0,4,23.862636033857317,0.04189638397924437,0.022482157822090426,0.005405943752817537,0.00021307385833152699,CASA VERDE
312674042,494206601,0,76.326,0,5,24.036033857315598,0.04159414019660124,0.0038841344757603096,0.007937281339070163,0.0002462782199484537,CASA VERDE
312674043,2386972115,0,81.804,0,6,22.874002418379686,0.04370718091854859,0.04203423910215968,0.04373554353301303,0.00027673477125873987,CASA VERDE
312674043,2386985694,0,76.471,0,5,22.681257557436517,0.04407860364442833,0.019526678815883675,0.026819601724567637,0.00024221618115625586,CASA VERDE
312674043,494206600,0,127.733,0,5,23.33397823458283,0.04284559417946645,0.03463625991703653,0.01894274881801473,0.0002408691853858134,CASA VERDE
312674473,2386972108,0,130.35399999999998,0,4,24.03627569528416,0.041593721702384547,0.000999245009453869,0.01893627125515124,0.00022309700151985627,CASA VERDE
312674473,2386972109,0,110.03300000000002,0,4,24.553083434099154,0.04071823258837551,0.0006384811671259872,0.01144270220009354,0.00022814087516810354,CASA VERDE
312674473,4320402543,0,47.555,0,4,24.102781136638452,0.04147895449756685,0.00148750968163629,0.015598389200221727,0.00022435918222991802,CASA VERDE
312674477,496585859,0,60.515,0,4,23.781378476420798,0.04203953791083632,0.006076318284083085,0.021818154092184603,0.00021508550891286308,CASA VERDE
312674477,494238506,0,33.528999999999996,0,4,24.057073760580412,0.04155776267642446,0.03466850150619515,0.007193047880359985,0.0002286184550012112,CASA VERDE
312674477,2386972109,0,67.706,0,4,24.13155985489722,0.04142948769341778,0.029749705123799156,0.010597117901543768,0.00022729847953841724,CASA VERDE
312674734,7894068714,0,15.553,0,4,23.176541717049577,0.04313664110189388,0.07955709826674591,0.00929481096405865,0.0002134676182795768,CASA VERDE
312674734,462043024,0,74.60499999999999,0,5,23.399274486094317,0.04272603249410889,0.08587864803200516,0.0027612596634098855,0.00025771182189147647,CASA VERDE
312674734,7894068699,0,10.985,0,4,23.785973397823458,0.042031416806466375,0.010794093243164356,0.002634624788725125,0.00021660892385399165,CASA VERDE
312674869,312674871,0,73.437,0,6,24.794195888754533,0.04032226600600835,0.02044507559797767,0.0001929855171329307,0.0002893763779160603,CASA VERDE
312674869,462042994,0,74.59,0,6,25.34776299879081,0.03944167231164073,0.0013285000260131006,0.0001212688849969695,0.0002836950704907226,CASA VERDE
312674869,396152092,0,182.678,0,5,25.441837968561064,0.03929583087773997,0.018776817613482457,9.100121393541194e-05,0.00025214538256448156,CASA VERDE
312674869,2387001395,0,51.342,0,5,25.526481257557435,0.03916552978626649,0.00012017319595485299,0.00012569596351568577,0.00024449732590570036,CASA VERDE
312674871,2283841563,0,20.399,0,5,24.35671100362757,0.04104651740058581,0.059240744770939394,0.00038770331935153554,0.000250011968904624,CASA VERDE
312674871,2387001419,0,227.12699999999998,0,5,24.863361547763,0.040210096294134814,0.009666370386002657,0.00016425155718657967,0.0002607554550256553,CASA VERDE
312674871,2387001395,0,66.928,0,5,24.944135429262396,0.04007988831148685,0.0425107795601026,0.00017769818554610155,0.0002476735741343984,CASA VERDE
312675247,2387005235,0,76.241,0,5,21.97291414752116,0.04549957075876643,0.025951303964665176,0.06200546511615183,0.0002319945173455014,CASA VERDE
312675247,312675746,0,96.58300000000001,0,6,21.88875453446191,0.045674511103745444,0.003003352881018033,0.09719407726368508,0.00026548700599362174,CASA VERDE
312675247,312680858,0,92.897,0,5,21.764449818621525,0.04593537490555136,0.0014804263021999267,0.05267094555230082,0.00023716507451095184,CASA VERDE
312675247,2386972142,0,213.101,0,6,21.99081015719468,0.04546254343905336,0.027132030040367936,0.07361528990650229,0.00026909130847738654,CASA VERDE
312675642,2386972136,0,79.767,0,6,22.637001209189844,0.04416477928293663,0.105868433310349,0.10401283075219048,0.0002607216696097931,CASA VERDE
312675642,312675985,0,57.819,0,6,22.910278113663846,0.043637975805940844,0.000932563540966725,0.09873909621429273,0.00026671459351470465,CASA VERDE
312675642,312675643,0,95.254,0,6,22.51825876662636,0.04439766735042368,0.1062155189027308,0.11438866517033781,0.0002623677359861032,CASA VERDE
312675642,312675746,0,227.8,0,6,22.26819830713422,0.04489623041084286,0.0007058953990030999,0.11691950833716402,0.00026007569750761587,CASA VERDE
312675643,312680803,0,228.714,0,6,22.172188633615477,0.04509063938395759,0.0025580769943804376,0.1391365542397463,0.000259393076436621,CASA VERDE
312675643,3891203430,0,55.82,0,5,22.819105199516326,0.04381232976885658,0.10794361923074011,0.08233984441463443,0.00023285284531928842,CASA VERDE
312675643,312680801,0,125.654,0,6,22.61354292623942,0.04421059385928326,0.00382380362331956,0.0916640390771572,0.0002727807686656957,CASA VERDE
312675746,2387005357,0,76.11200000000001,0,5,22.28004836759371,0.0448723515109413,0.0010713000761341162,0.09081073544930789,0.00022583204582352434,CASA VERDE
312675746,312680803,0,95.632,0,6,22.043288996372432,0.04535430997597341,0.0030519595192192847,0.1416673974065724,0.0002571010379581337,CASA VERDE
312675984,312675985,0,101.703,0,3,23.419347037484886,0.04268941232354733,0.0006988120195667366,0.04740492269648261,0.00015109007869143503,CASA VERDE
312675985,312680801,0,118.719,0,6,22.933010882708587,0.04359471885940861,0.012808704056651405,0.07601447012111198,0.0002771276261942971,CASA VERDE
312675985,2386972136,0,99.05000000000001,0,6,22.801451027811368,0.04384625175003182,0.013016320350475846,0.087496175612176,0.00026780996647507405,CASA VERDE
312675989,11335005377,0,98.451,0,6,21.67690447400242,0.046120891625945515,0.0024786942938005044,0.08578760593908509,0.00026798265358472204,CASA VERDE
312675989,496154093,0,96.268,0,6,21.919467956469166,0.04561051226320377,0.0024237370395528584,0.1191082155658879,0.0002619694829760937,CASA VERDE
312675989,496585898,0,226.177,0,6,21.873760580411126,0.04570581991862728,0.001329477043866392,0.11074288863480158,0.0002620916009414871,CASA VERDE
312675989,2386985693,0,75.759,0,5,22.02998790810157,0.04538169363514611,0.0018106583366124496,0.07067750861023142,0.00023161677035663203,CASA VERDE
312675990,495668501,0,95.251,0,6,22.262394195888753,0.04490793547335832,0.01364527559353224,0.028940712093681882,0.0002920917267267079,CASA VERDE
312675990,312675991,0,64.899,0,5,22.162756952841598,0.045109828355684556,0.002017786121510245,0.01782541311174627,0.00025548412400723574,CASA VERDE
312675990,2386985693,0,150.713,0,5,22.401934703748488,0.0446282062354262,0.0015212167975748464,0.03344275199144526,0.00024466296677409533,CASA VERDE
312675990,312680729,0,94.875,0,5,22.2546553808948,0.04492355172076546,0.014001887109983634,0.025650670035009357,0.0002494694700547462,CASA VERDE
312675991,2384905256,0,141.64,0,4,22.14703748488513,0.04514184629496167,0.001724192256596153,0.004895406721902048,0.0002188603535712301,CASA VERDE
312675991,1924414859,0,56.157,0,4,22.491414752116082,0.04445065697511882,0.0006284667341297494,0.005682791438198254,0.00022283001802114193,CASA VERDE
312676018,312676103,0,227.651,0,6,22.565417170495767,0.04430488275389034,0.0003148440032231819,0.13001407832037298,0.0002684161970377446,CASA VERDE
312676018,312679135,0,163.66,0,5,23.008706166868198,0.0434512985989216,2.4425446332287196e-06,0.0576283623519452,0.00024772785076680997,CASA VERDE
312676018,4320402542,0,55.504,0,5,23.074002418379685,0.04332833740344405,0.10792920821740407,0.06425349391846456,0.0002440222360101848,CASA VERDE
312676018,3891203430,0,41.091,0,5,22.97920193470375,0.04350708805607299,0.10780463844110941,0.06805760257437955,0.00024083749488430182,CASA VERDE
312676103,312676105,0,225.328,0,6,22.046191051995162,0.04534833975055122,0.0005012101587385333,0.1864995645303174,0.0002523159215758322,CASA VERDE
312676103,312680859,0,96.194,0,6,22.20266021765417,0.045028755663994426,0.002235661102794247,0.17290322176354977,0.00025486095144804896,CASA VERDE
312676103,312680803,0,96.038,0,6,22.106408706166867,0.04522481128979324,0.002235172593867601,0.16991129541400538,0.00025435395924611095,CASA VERDE
312676105,312680804,0,96.52499999999999,0,6,22.037484885126965,0.04536625514403292,0.020300721210153857,0.18633720371051687,0.0002506495041967328,CASA VERDE
312676105,496150679,0,94.748,0,6,22.133736396614268,0.04516897391912415,0.020231597197033484,0.19525222202332496,0.00024976069150542786,CASA VERDE
312676105,312676106,0,225.633,0,6,21.987666263603387,0.04546904387421771,0.0007615854166407147,0.1773200323151653,0.00025377922879390167,CASA VERDE
312676106,496154093,0,95.17,0,6,21.96130592503023,0.045523620746613806,0.0037312311817201916,0.1461750423069737,0.00025895891984116504,CASA VERDE
312676106,496150680,0,94.364,0,6,22.057557436517534,0.04532497149372862,0.01977288731491313,0.15517247454029692,0.00025829113429510505,CASA VERDE
312676106,312676108,0,227.062,0,6,22.162031438935912,0.045111305106940204,0.016793227116837416,0.1115192686109756,0.0002725156007616277,CASA VERDE
312676108,1924414854,0,55.234,0,5,22.707617896009673,0.04402743460850302,0.014215121256464501,0.04979803262318668,0.00024779863636964917,CASA VERDE
312676108,1424838606,0,180.915,0,5,22.428778718258766,0.04457479270672719,0.018365493097246742,0.0435182816340423,0.00025282045548587374,CASA VERDE
312676108,1924414855,0,42.248000000000005,0,5,22.562756952841596,0.044310106434290494,0.013578105616118451,0.044954162250426706,0.00024899647072732986,CASA VERDE
312676123,497453471,0,189.459,0,5,24.408222490931077,0.04095989220038047,0.0027131785785904612,5.028664100795134e-05,0.00026327878393041877,CASA VERDE
312676123,2386790687,0,91.92,0,5,24.445707376058042,0.0408970845740629,0.05587198721279034,5.047523313370814e-05,0.00025733926971760446,CASA VERDE
312676123,2386665226,0,29.784000000000002,0,5,24.724062877871827,0.040436645343036565,0.0646221591068689,2.62235690126853e-05,0.0002592713219245503,CASA VERDE
312678864,4680745991,0,133.793,0,6,23.77025392986699,0.04205921253433716,0.02563352890788212,0.00021193301395793852,0.00029103918509007043,CASA VERDE
312678864,2386790601,0,128.7,0,5,23.868923821039903,0.04188534722081501,0.054200309665808605,9.146021121617047e-05,0.00025626924479104073,CASA VERDE
312678864,506044777,0,29.049,0,6,23.9049576783555,0.041822210082248325,0.026751481586510903,8.846197603134977e-05,0.00029707249350706806,CASA VERDE
312678864,2386790687,0,96.816,0,5,23.937122128174124,0.04176601333602748,0.052981479893827475,9.470356344587141e-05,0.0002517469694742169,CASA VERDE
312678886,2573724811,0,34.45,0,4,22.154050785973396,0.045127555754472914,0.030481980004841126,0.0009657038527367779,0.00022874794258422235,CASA VERDE
312678886,2384905271,0,30.412,0,5,21.958403869407498,0.045529637216678784,0.08044007815165809,0.0006424076294191521,0.00026461386496231805,CASA VERDE
312678886,4680745937,0,15.065000000000001,0,4,22.09963724304716,0.04523866844674006,0.055048605416928936,0.0003217726411446161,0.00023151786562444467,CASA VERDE
312679135,4320402543,0,53.344,0,4,23.550423216444983,0.042451812981998543,0.0015942488821083852,0.024644031375249828,0.0002166029555233142,CASA VERDE
312679135,2386972097,0,46.891,0,4,23.303748488512696,0.04290117371135625,0.0017268790556927045,0.0318378352747749,0.0002096143117512742,CASA VERDE
312679142,496585859,0,75.842,0,5,23.905683192261186,0.04182094081942337,0.005799333722674949,0.04132648733852646,0.00024279362815635578,CASA VERDE
312679142,2387005272,0,55.971,0,6,23.78403869407497,0.04203483583637528,0.03721094621492293,0.034922034102543326,0.00028585087219730286,CASA VERDE
312679142,496585926,0,78.553,0,6,23.485852478839178,0.042568527709702,0.0944160742885295,0.06979135876628723,0.0002752468478019659,CASA VERDE
312679142,496585864,0,87.259,0,5,24.07738814993954,0.04152269987946967,0.06286401547987087,0.040507555320167574,0.00024303601820358273,CASA VERDE
312679143,312679144,0,117.32500000000002,0,6,24.993712212817414,0.04000038703809423,0.03706195099229597,0.006160688705883455,0.0002979834051067969,CASA VERDE
312679143,2387005272,0,56.725,0,6,24.289480048367594,0.041160130230891004,0.03750405157091037,0.01452103407530553,0.0002933610761312601,CASA VERDE
312679143,4317621337,0,63.399,0,5,25.104474002418378,0.03982390397564711,0.0021960918797359415,0.006492791413188822,0.0002579978312508324,CASA VERDE
312679143,4319848321,0,39.037,0,5,25.098669891172914,0.03983311332299124,0.001909092885331567,0.005710131970545717,0.0002592905426251709,CASA VERDE
312679144,4319848316,0,94.974,0,5,25.769528415961307,0.0387961372786396,0.00811022520017264,0.0023433476466901172,0.0002625801862196763,CASA VERDE
312679144,4319848319,0,38.346,0,5,25.821281741233374,0.03871837858594562,0.006268790801181508,0.0025300753197302576,0.0002658138092774303,CASA VERDE
312679144,506225699,0,94.775,0,6,25.666989117291415,0.03895112735906834,0.03021159031394271,0.0024842915072561204,0.0003033686108917668,CASA VERDE
312679147,496150606,0,158.473,0,5,27.44280532043531,0.03643061087807113,0.00568551114276649,0.00011557948065872792,0.0002604769803913218,CASA VERDE
312679147,2387005336,0,65.057,0,5,27.005562273276905,0.03702045348712254,0.029782679476347745,0.00031307744254310767,0.0002590173464897507,CASA VERDE
312679147,496150642,0,106.65899999999999,0,5,27.53446191051995,0.03630934082824645,0.016163294855927726,0.00011112104174735924,0.0002670266807586522,CASA VERDE
312679147,5750510799,0,119.427,0,6,27.638935912938333,0.03617209306395303,0.020543021637770144,0.00011989289646779286,0.00031020170993664286,CASA VERDE
312679418,312681034,0,121.659,0,5,28.13204353083434,0.03553805684025927,0.07008417741569496,1.0328489513517859e-05,0.00027407804669108175,CASA VERDE
312679418,2387110652,0,27.28,0,4,28.432648125755744,0.03516233020609174,0.11778096774106879,2.8053841715973418e-06,0.00023521957980313465,CASA VERDE
312679422,2387005320,0,24.738,0,4,27.845949214026604,0.03590318126156171,0.10432376808429515,3.1488143768351196e-07,0.00024160934005157782,CASA VERDE
312679422,506407690,0,117.878,0,4,28.529625151148732,0.035042807493430535,0.08461121162182278,1.23874423772339e-07,0.0002449056626880752,CASA VERDE
312679424,2126300746,0,77.071,0,5,26.73881499395405,0.03738977072310406,2.7600754355484528e-05,2.676963185668749e-07,0.00025622580484445964,CASA VERDE
312679424,8158243951,0,42.89,0,5,27.271825876662636,0.03665901089838519,0.09233942284135845,2.1734448511822455e-07,0.0002525333006626084,CASA VERDE
312679424,506407751,0,64.893,0,6,27.001692865779926,0.03702575860710063,0.09245251265787693,4.5380810662334136e-07,0.00029668818042546214,CASA VERDE
312679427,312679428,0,43.644,0,4,26.536154776299878,0.03767532147967228,0.10111988228888905,5.798139393061593e-08,0.00022918600309877944,CASA VERDE
312679427,8158243953,0,45.049,0,4,27.078597339782345,0.03692060373314281,0.09659360282905291,3.287807881222526e-08,0.0002328218040897713,CASA VERDE
312679428,4577506356,0,19.469,0,4,26.76565900846433,0.03735227149517511,0.08900828047056111,5.556239424295933e-08,0.0002232652449786334,CASA VERDE
312679428,2385169062,0,127.19399999999999,0,5,25.99540507859734,0.038459033779572244,0.012278916125704096,2.1418948264716688e-07,0.0002686596969090981,CASA VERDE
312679430,4577506352,0,10.442,0,5,29.52091898428053,0.033866092128222565,0.028220427928934654,1.4007770311772577e-09,0.00027115523303000786,CASA VERDE
312679435,2385143533,0,18.331,0,4,30.012575574365176,0.03331130843983175,0.08010129721102927,3.1899356785006264e-11,0.0002458253045118161,CASA VERDE
312679435,312679436,0,51.98100000000001,0,4,30.106408706166867,0.033207486545104026,0.08789057204639565,8.258554513913197e-12,0.00025391892730729866,CASA VERDE
312679436,2386619223,0,50.159,0,4,30.6273276904474,0.03264268342756072,0.0038785166231038834,2.1420706895328416e-12,0.00027371151430396156,CASA VERDE
312679436,2386604618,0,76.376,0,4,29.957678355501812,0.03337235116044399,0.08470500533573876,2.3093993887339615e-12,0.0002537092712741469,CASA VERDE
312679448,2126300732,0,21.299,0,6,23.574607013301087,0.04240826417455709,0.022209814095485423,3.479988856311472e-05,0.0003055398170446466,CASA VERDE
312679448,4364594631,0,45.672,0,5,23.635550181378477,0.042298916435594934,0.055669988771622325,3.101258956176775e-05,0.0002644150635055688,CASA VERDE
312679448,7991467039,0,34.761,0,5,23.794195888754533,0.04201689213225056,0.049571443331376856,3.2799452590330816e-05,0.0002681951907268793,CASA VERDE
312679448,2573726234,0,47.114999999999995,0,5,23.163724304715842,0.04316051032553089,0.09948533142033239,8.416694575979624e-05,0.0002676733948244448,CASA VERDE
312679548,2384905311,0,22.487,0,5,26.305199516324063,0.038006104512190636,0.00048264681952599496,5.393364960929414e-07,0.00024359719006463427,CASA VERDE
312679548,2385169001,0,201.719,0,6,25.708585247883917,0.038888104980951035,0.013490906772712186,1.1424547651871987e-06,0.0002880906806921753,CASA VERDE
312679548,2390318756,0,20.282,0,5,26.265296251511487,0.0380638448718775,0.0034645053077716156,5.192245899409759e-07,0.00024238700296725827,CASA VERDE
312679548,2390318778,0,17.228,0,6,26.423458282950424,0.03783600735852683,0.010670011975796338,6.021634970065314e-07,0.00027901919952413943,CASA VERDE
312679551,4364594623,0,195.55800000000002,0,4,24.417412333736397,0.04094447635837807,0.030975129766290004,5.24206372548166e-06,0.00021517141424607346,CASA VERDE
312679551,2385169001,0,23.404,0,5,25.032648125755745,0.039938170225099025,0.007215276846557637,1.9413370241756996e-06,0.00025455671713418897,CASA VERDE
312679551,2385169088,0,38.388000000000005,0,4,25.0,0.039990326481257554,0.023698056540511683,1.6370559929995143e-06,0.00021260802383237518,CASA VERDE
312679583,4192089064,0,10.306,0,6,27.334461910519952,0.036575007962628726,0.009922349063565027,2.838750183427605e-07,0.00028171347127460105,CASA VERDE
312679583,8000069118,0,19.439999999999998,0,5,27.36614268440145,0.03653266642511864,0.08632026010169291,2.431253833663512e-07,0.00024154479827363245,CASA VERDE
312679583,2384905311,0,23.276,0,5,26.807738814993954,0.0372936400541272,0.011122615496333619,3.3422907570857496e-07,0.00024256770692659643,CASA VERDE
312679583,2390318778,0,25.918,0,6,26.998790810157196,0.03702973844500179,0.08526874463708795,3.970560766206485e-07,0.00027794416891996793,CASA VERDE
312679622,2385169001,0,50.421,0,5,25.25925030229746,0.03957988261989334,0.04301931735274082,1.4818340008086198e-06,0.0002575027329740757,CASA VERDE
312679622,2126300774,0,197.712,0,4,25.383555018137848,0.03938605767856632,0.011180992313067786,9.29972013013017e-07,0.00021906800190643903,CASA VERDE
312679622,7992159740,0,143.78899999999996,0,4,24.79347037484885,0.040323445928151305,0.05425770946468948,2.9476186128522745e-06,0.00022360559252000443,CASA VERDE
312680726,312680729,0,72.924,0,4,21.918984280532044,0.04561151872896784,0.0318197617004605,0.015599029709728172,0.00021628038520478957,CASA VERDE
312680726,495934550,0,80.17,0,4,21.898911729141474,0.04565332626557116,0.03224476446664229,0.009407792348866193,0.0002261526342056334,CASA VERDE
312680726,2386665175,0,25.249,0,4,21.820072551390567,0.04581827854498703,0.04904556347184272,0.005142559593653462,0.00022874205414932544,CASA VERDE
312680729,11335005377,0,223.185,0,5,21.714631197097944,0.04604076177748079,0.03012268168929318,0.04609468917046933,0.00024025539787680925,CASA VERDE
312680732,495934587,0,93.783,0,6,21.853929866989116,0.04574729433636545,0.02035128188406169,0.06239684449357946,0.00027486146056049376,CASA VERDE
312680732,2387005235,0,149.191,0,5,21.903990326481257,0.04564274121426915,0.026261995642011867,0.06391926512191541,0.00023054386221151306,CASA VERDE
312680732,11335005377,0,226.44299999999998,0,6,21.5813784764208,0.04632503725949417,0.02576054122881001,0.07431467883731757,0.00026969543660012056,CASA VERDE
312680732,496585898,0,96.39599999999999,0,6,21.753083434099153,0.04595937698028883,0.020249672027319376,0.09926996153303395,0.00026380438395688557,CASA VERDE
312680750,2384905306,0,31.941,0,6,21.736880290205562,0.045993636100665314,0.09192687705280611,0.00127267113841214,0.00030408497831105254,CASA VERDE
312680750,2386635832,0,77.035,0,5,22.03845223700121,0.04536426384575711,0.04199198308000482,0.0005411864888704141,0.0002629755012652561,CASA VERDE
312680750,2384905271,0,83.09400000000001,0,6,21.898186215235793,0.045654838816552364,0.05428115789316847,0.0008184155348551942,0.0003002528367550403,CASA VERDE
312680750,2384905296,0,38.679,0,5,21.926723095525997,0.0455954206050713,0.0783971338204256,0.0006233237038255204,0.0002572823670393334,CASA VERDE
312680801,2386972097,0,60.608000000000004,0,5,23.117533252720676,0.043246749170947056,0.001875141514929688,0.05159127015973202,0.0002444444459239453,CASA VERDE
312680801,2387005355,0,89.957,0,5,22.762756952841595,0.04392078534698908,0.015575374362709575,0.04362570036022953,0.0002485759078373667,CASA VERDE
312680803,312680804,0,224.694,0,6,21.896977025392985,0.04565735995758968,0.0036506272088236437,0.16974893459420515,0.00025268754186701163,CASA VERDE
312680804,496154093,0,225.901,0,6,21.83845223700121,0.0457797169497907,0.003609103950058756,0.15519221370232544,0.0002558291952439962,CASA VERDE
312680804,496585898,0,95.794,0,6,21.9956469165659,0.0454525463981001,0.020158809366963265,0.14682688677123906,0.00025595131320938966,CASA VERDE
312680858,495934587,0,227.153,0,5,21.722128174123338,0.04602487168924862,0.020461440647020306,0.037349100832767615,0.00024285275556005273,CASA VERDE
312680858,11191401769,0,121.937,0,4,22.040628778718258,0.04535978406372754,0.021879093552146255,0.02121808152239939,0.00020925089638134536,CASA VERDE
312680859,496585942,0,97.752,0,6,22.38621523579202,0.04465954389793339,0.0020363494607227835,0.1563590243737579,0.00025638886767248104,CASA VERDE
312680859,496150679,0,225.56699999999998,0,6,22.308101571946796,0.044815922986860934,0.015656222590069446,0.18165587925655727,0.00025230572137764466,CASA VERDE
312680859,496150677,0,226.946,0,6,22.680532043530835,0.04408001364838352,0.015699455630077595,0.1320816058819875,0.00026595992299525284,CASA VERDE
312680863,312681026,0,36.581,0,4,24.422249093107617,0.04093636741726576,0.06563410534841556,0.014255454348618506,0.00022218406899429335,CASA VERDE
312680863,496585874,0,96.16799999999999,0,5,23.6316807738815,0.04230584238157127,0.0023055178793045883,0.05215750325502837,0.000248911312431945,CASA VERDE
312680863,496585867,0,101.41199999999999,0,4,24.373397823458284,0.04101841562152723,0.06392774366764198,0.014579699071644237,0.00022298460123668253,CASA VERDE
312680872,506225694,0,155.72,0,4,26.874002418379686,0.037201684604585866,0.0004919284891322641,0.0001317371122022711,0.00023304675536875408,CASA VERDE
312680872,312680873,0,45.410000000000004,0,5,26.65707376058041,0.037504422691355115,0.024149927297658993,0.00011370380753210682,0.0002716976929992682,CASA VERDE
312680872,506225753,0,77.239,0,4,26.2043530834341,0.038152369526094784,0.02412232654330351,0.0003379236709107742,0.00023270361948404442,CASA VERDE
312680873,1373318914,0,296.684,0,5,26.96372430471584,0.03707789586976994,0.003776418257434923,4.588214095566327e-05,0.00027337804954955485,CASA VERDE
312680873,496150670,0,148.011,0,6,27.10205562273277,0.03688864697011609,0.003985500078039301,6.737676798657555e-05,0.0003172875487475125,CASA VERDE
312680873,1373318899,0,58.082,0,5,27.196372430471584,0.03676071742977316,0.022151193024287932,4.610346603886684e-05,0.00026794329598032595,CASA VERDE
312680982,4317620152,0,70.41,0,4,24.72019347037485,0.040442974818525115,0.022624313919744336,0.0038770637797828455,0.0002258460376486944,CASA VERDE
312680982,506225753,0,140.715,0,4,25.47980652962515,0.03923727446160271,0.023737625763569987,0.0012513679253119646,0.00023293553654892484,CASA VERDE
312680982,4319848321,0,182.24200000000002,0,4,25.47061668681983,0.039251431338479505,0.0017075829530901977,0.002335105027657469,0.00022570628630075334,CASA VERDE
312681000,2386985718,0,6.858,0,4,24.114389359129383,0.04145898729353244,0.036333095673740524,0.016748227796004815,0.00022095929376227046,CASA VERDE
312681000,2122093063,0,62.88099999999999,0,4,23.8906892382104,0.04184718791756084,0.021132407657768235,0.018430614897738104,0.00022235832254916953,CASA VERDE
312681000,496585875,0,96.992,0,5,23.558162031438936,0.0424378676357365,0.020181769286515615,0.06161116657997624,0.00024579526008431513,CASA VERDE
312681002,4324883248,0,154.46599999999998,0,4,23.496251511487305,0.04254968761900841,0.019821005444187734,0.013545942058714422,0.00023754964328928812,CASA VERDE
312681002,2122093063,0,161.678,0,4,23.74800483675937,0.04209861707977759,0.02052812211550745,0.016091184501697053,0.0002263794958773605,CASA VERDE
312681002,496154099,0,96.811,0,5,23.20266021765417,0.04308808354960758,0.0015109581101152858,0.0495320112023342,0.0002547232163263701,CASA VERDE
312681010,2384905285,0,19.851,0,4,23.139298669891172,0.043206070170671296,0.04138427797525752,0.0008314284723219134,0.00023819494362190664,CASA VERDE
312681010,2384905268,0,25.411,0,4,23.57218863361548,0.042412615034215305,0.0004203619313786626,0.0009900977974991153,0.0002389272190438011,CASA VERDE
312681010,2386905199,0,106.53,0,4,23.123821039903266,0.043234989593900666,0.041607038045807974,0.002695857293766449,0.00024204995741905673,CASA VERDE
312681026,2386985718,0,182.413,0,4,24.53180169286578,0.040753556324490584,0.012444520651837002,0.007400413012825937,0.00022615158177682402,CASA VERDE
312681026,2387005280,0,57.117,0,4,24.90036275695284,0.04015034526965997,0.053564026788852526,0.0047252750866072874,0.00022483754497705107,CASA VERDE
312681030,2387005350,0,30.842,0,4,26.60290205562273,0.037580793251093154,0.05694792812372759,0.0003119769758478666,0.00022345171776405164,CASA VERDE
312681030,2387005309,0,126.135,0,5,26.827085852478838,0.03726674479401424,0.0034261573570299247,0.00016845469586522686,0.00027508924320795265,CASA VERDE
312681030,2387005352,0,30.705,0,4,26.94510278113664,0.03710352007754582,0.05720195276558338,0.00011610438295239495,0.00022446451351323466,CASA VERDE
312681034,507904955,0,66.534,0,5,28.100846432889963,0.03557751060698641,0.007404085546706217,1.035164656909051e-05,0.0002775462045324865,CASA VERDE
312681034,496150621,0,118.207,0,6,27.78863361547763,0.035977233564826905,0.06656789016169891,2.8523644416817974e-05,0.0003144371245949696,CASA VERDE
312999457,4680745939,0,16.986,0,4,22.78621523579202,0.043875569140637435,0.019045497523137618,4.086936306248472e-05,0.00024145366050775012,CASA VERDE
312999457,4680745937,0,54.589,0,4,22.494800483675938,0.04444396662939709,0.05477577318139729,8.575238859232298e-05,0.00023945073031378852,CASA VERDE
312999457,2385168935,0,268.81100000000004,0,4,22.769044740024185,0.04390865639936272,0.03606514852747533,2.5529402436941182e-05,0.0002440829247788465,CASA VERDE
312999461,496748349,0,47.201,0,4,22.81596130592503,0.04381836682777919,0.03625127042852736,1.0145128095168167e-05,0.0002477918381640904,CASA VERDE
312999461,4680745939,0,62.142,0,4,22.63482466747279,0.04416902612319034,0.018687176225442963,2.859131253787635e-05,0.00024247301121057383,CASA VERDE
312999461,496748378,0,188.83599999999998,0,4,22.4590084643289,0.044514795193177414,0.017663994278583454,2.093495810216456e-05,0.00024166729688805365,CASA VERDE
312999497,3891180196,0,78.39,0,4,26.079081015719467,0.03833563619165963,0.02985644432427125,1.213978460258533e-08,0.0002573756251734613,CASA VERDE
312999497,2386604692,0,129.18099999999998,0,4,26.178234582829504,0.0381904348388408,0.024780348067495326,3.0184503493932384e-09,0.00026134411432268635,CASA VERDE
312999497,5476479690,0,167.60000000000002,0,4,26.621281741233375,0.037554846973537184,0.01827634021813389,3.005973154575392e-09,0.0002776891608646681,CASA VERDE
312999804,8001958711,0,4.497,0,4,29.516807738814993,0.033870809163307446,0.021692727396630904,8.680159151945943e-09,0.0002291953535113173,CASA VERDE
312999804,7302060735,0,45.914,0,4,30.027811366384523,0.03329440663633069,0.000539802363943547,3.752722808377084e-09,0.00023391807834155756,CASA VERDE
312999804,7302060738,0,39.848,0,4,30.226602176541718,0.03307543984574396,0.02088448937749552,3.1978934120808544e-09,0.0002350919018371397,CASA VERDE
312999808,7302060738,0,27.344,0,4,30.118984280532043,0.03319362142891555,0.02080290838674568,2.458065017425068e-09,0.00023542903093653732,CASA VERDE
312999808,2140742743,0,49.102000000000004,0,4,29.82466747279323,0.03352118386377458,0.0252136554854301,1.8600759853125813e-09,0.0002356828411685216,CASA VERDE
312999989,2583166227,0,19.384,0,5,28.305683192261185,0.03532005057926933,0.006900432843334455,2.9627074714212942e-08,0.0002717431590164366,CASA VERDE
312999989,313000757,0,63.152,0,5,28.773881499395404,0.03474533535047907,0.006144709533813489,1.6881338485014228e-08,0.00027303052384884154,CASA VERDE
312999989,3791512984,0,10.711,0,5,28.646191051995164,0.034900212744402796,0.00019002997246519437,2.694328931962474e-08,0.0002715410173290247,CASA VERDE
313000757,462043547,0,70.471,0,4,29.39516324062878,0.03401097499773754,0.0057780835843658585,6.011365642842388e-09,0.00023214400011751807,CASA VERDE
313000757,3791512973,0,111.924,0,4,29.26577992744861,0.034161336704844066,0.0017249250199861217,1.0430237786464636e-08,0.00022943940436633936,CASA VERDE
396152092,453649487,0,172.95000000000002,0,4,26.036033857315598,0.03839901912520086,0.021943820984926813,2.599207613643317e-05,0.00022238544280858038,CASA VERDE
396152092,462042995,0,33.472,0,4,26.16541717049577,0.038209142836016785,0.0038360163464857037,3.748723416703458e-05,0.00021584073517473722,CASA VERDE
453567683,453567686,0,109.524,0,4,31.421281741233372,0.03181786695605994,0.005287864876476854,1.436253116766763e-10,0.00023732651974017895,CASA VERDE
453567683,2390252484,0,212.55300000000003,0,4,31.793954050785974,0.03144491435178142,0.0010957255224664036,1.6966037929808004e-10,0.00023012078392275985,CASA VERDE
453567686,453567688,0,42.272,0,4,31.451027811366384,0.031787773933102656,0.005000621627609157,4.1037557759140115e-11,0.0002391530801070502,CASA VERDE
453567686,453567879,0,49.024,0,4,31.980411124546553,0.03126157941303247,0.0003832352529535861,3.9403518904343474e-11,0.00023980427609772938,CASA VERDE
453567688,11527985648,0,84.14500000000001,0,4,31.180169286577993,0.03206391064918948,0.00528664360416024,2.305123373714226e-11,0.00023689444640541654,CASA VERDE
453567688,453567879,0,50.917,0,4,31.87932285368803,0.031360708840017903,0.00019882313314481775,2.0944874469934777e-11,0.00023968616604056253,CASA VERDE
453567774,2140736680,0,119.137,0,4,32.02055622732769,0.03122238586156112,0.0421316966330255,2.633906556307816e-10,0.00022242608621032137,CASA VERDE
453567774,453567804,0,29.386,0,5,32.37243047158404,0.030883012102196326,0.002842633444151584,2.4696817324474705e-10,0.00025745295961305197,CASA VERDE
453567774,2445143976,0,46.523,0,5,31.77073760580411,0.03146789270164114,0.03986086288751276,4.808813742001588e-10,0.0002525140407111338,CASA VERDE
453567804,2390252484,0,66.16,0,5,32.590568319226115,0.030676303408972858,0.0017080714620168434,1.7114957585715554e-10,0.0002637186456989194,CASA VERDE
453567804,4310276274,0,23.843,0,6,32.40096735187424,0.030855812148263148,0.002582013931786079,3.0112678539289944e-10,0.00029652727699134115,CASA VERDE
453567804,10722440538,0,29.520000000000003,0,5,33.07617896009673,0.030225926738319808,0.003145264724208622,1.4970921653491005e-10,0.000263260093940619,CASA VERDE
453567848,4673755760,0,177.12399999999997,0,4,32.28149939540508,0.030970003895597974,0.016276140417982893,1.4254772895138958e-11,0.00024006084040789478,CASA VERDE
453567848,453567913,0,19.739,0,4,32.30665054413543,0.030945893343713508,0.00469896736540541,2.8387496552723278e-11,0.00024269070824447,CASA VERDE
453567848,453567909,0,25.346,0,4,31.648851269649334,0.03158908212855702,0.012060552635493448,4.031982991353709e-11,0.00023585165834874797,CASA VERDE
453567864,4310298926,0,145.45,0,4,32.93204353083434,0.030358218162057367,0.013202442251527873,2.260693350753081e-11,0.00023602482650687923,CASA VERDE
453567864,8061780638,0,16.069000000000003,0,4,33.23385731559855,0.030082519538356303,0.004489397035874386,3.450927508509561e-11,0.00023246865597980853,CASA VERDE
453567864,2390252476,0,22.59,0,4,32.416928657799275,0.030840619498075258,0.011903741270040165,7.697360084149334e-11,0.0002269587776983859,CASA VERDE
453567879,4680036120,0,32.729,0,4,32.43264812575574,0.030825671655146186,0.0007107804882695573,1.2377139844034466e-11,0.00024030189436725734,CASA VERDE
453567909,453567913,0,21.824,0,4,31.662636033857314,0.03157532938705366,0.004673564901219831,4.667845694343237e-11,0.00023875740594834523,CASA VERDE
453567913,453567924,0,37.911,0,4,31.744860943168078,0.031493543595017714,0.009587720448812693,5.579001304082976e-11,0.0002545713015175741,CASA VERDE
453567924,453567935,0,202.206,0,2,31.953325272067715,0.03128807889379158,0.0006988120195667366,4.429820632191705e-11,0.00014513895114971786,CASA VERDE
453567924,453567925,0,95.80199999999999,0,4,30.962273276904472,0.03228955939669918,0.010476806695307947,1.892728788165316e-10,0.0002535694341469525,CASA VERDE
453567925,2386710953,0,111.524,0,4,30.24014510278114,0.033060627144262375,0.0004889974355723896,4.150836682510437e-10,0.0002343098645918698,CASA VERDE
453567925,4680036132,0,73.93,0,4,30.224425634824666,0.0330778216966186,0.01086590405538128,5.319084595471508e-10,0.00024041251781855625,CASA VERDE
453567938,4680036132,0,41.117,0,4,29.860217654171706,0.03348127510690683,0.011404485147008214,9.430707674264826e-10,0.00023543657644267102,CASA VERDE
453567938,2545344462,0,152.26800000000003,0,4,29.190326481257557,0.03424963960829149,0.008733806845035932,2.4019599837817186e-09,0.00023150169478520683,CASA VERDE
453567938,2140757304,0,120.80499999999999,0,4,29.74558645707376,0.03361030260654645,0.003684578579225523,8.881582351945117e-10,0.00022973206592886798,CASA VERDE
453567947,8061780618,0,11.157,0,5,30.05925030229746,0.03325958405406493,0.0006514266536820994,9.160874363030222e-10,0.0002703465479073241,CASA VERDE
453567947,2140757304,0,108.20199999999998,0,5,30.228536880290207,0.033073322932917315,0.002183879156569798,9.920870335507775e-10,0.00027074556729912973,CASA VERDE
453567947,453567960,0,184.26999999999998,0,5,29.560580411124548,0.03382065399687482,0.0011037859197560583,2.1516873753886633e-09,0.0002690760945913628,CASA VERDE
453567947,2140757275,0,66.15,0,5,30.030471584038693,0.03329145728643216,0.002130387429102089,9.561314349606735e-10,0.0002711845283706389,CASA VERDE
453567960,2140728079,0,199.868,0,4,29.516565900846434,0.033871086676880977,0.04845984126879447,1.9933643954422352e-09,0.00022705282220920338,CASA VERDE
453567960,11191377799,0,43.048,0,4,28.971946795646918,0.03450780056594796,0.05001281114660129,7.045723442437425e-09,0.000219274578377227,CASA VERDE
453648901,453648905,0,68.744,0,4,27.20967351874244,0.03674274744027304,0.0005876762387548299,1.1519948786745612e-05,0.00022096745041141278,CASA VERDE
453648901,453649471,0,55.286,0,4,27.18621523579202,0.03677445180803274,0.0033025645985885516,8.196551191414145e-06,0.00021621187235978769,CASA VERDE
453648905,453649483,0,161.074,0,4,27.31825876662636,0.036596701516452584,0.00036589318605766217,8.46132602706329e-06,0.00022657865475602182,CASA VERDE
453648905,462042995,0,67.677,0,4,26.706650544135428,0.03743480150680962,0.0008746752331592044,2.2635699186203322e-05,0.0002200694616077938,CASA VERDE
453648993,2387001370,0,212.67700000000002,0,4,29.525755743651754,0.033860544356985475,0.005189186073294414,6.740195327661019e-08,0.0002311154519434608,CASA VERDE
453648993,453649302,0,33.263999999999996,0,4,29.008222490931075,0.03446464747517695,0.001010724969230044,1.4718338618829728e-07,0.00022199283332343148,CASA VERDE
453648993,11772486139,0,81.335,0,4,29.17896009673519,0.034262981227466745,0.006003286199549546,9.63643620496614e-08,0.00023228850910088922,CASA VERDE
453649007,453649438,0,124.34499999999998,0,5,28.316807738814994,0.0353061747373815,0.00012530253968463331,9.71003588559122e-07,0.00025145775371113464,CASA VERDE
453649007,8002898887,0,79.53,0,4,27.83192261185006,0.03592127557891993,0.001853891376620598,6.10741093858487e-07,0.00022260620993491624,CASA VERDE
453649007,1964865149,0,189.24500000000003,0,4,28.456106408706166,0.0351333435316914,0.0011401798347911662,4.559016574353273e-07,0.00021692038703152963,CASA VERDE
453649013,1964865149,0,26.845,1,5,28.873760580411126,0.03462514552779476,0.005556300531668691,6.766590678922903e-07,0.00025214674920754216,CASA VERDE
453649013,453649438,0,137.793,0,6,28.342200725513905,0.035274542429284524,0.000370045511934151,1.1917609990080308e-06,0.0002849577060548578,CASA VERDE
453649013,1964865146,0,171.25099999999998,0,7,28.36614268440145,0.035244769553429846,0.003485999700544028,1.216377327613687e-06,0.0003179749179443548,CASA VERDE
453649030,453649034,0,153.45,0,4,29.251027811366384,0.03417856522781576,0.008743821278032169,1.328039304056547e-07,0.00021610825465056714,CASA VERDE
453649030,453649296,0,34.94,0,5,28.714631197097944,0.034817029519518254,0.008901853915802067,2.893643407208134e-07,0.000251559072105379,CASA VERDE
453649030,2387001370,0,72.768,0,4,29.290205562273275,0.034132848945217356,0.010633862315224552,9.474690572638539e-08,0.00022435387282853395,CASA VERDE
453649034,453649292,0,36.864,0,5,28.77992744860943,0.034738036216965675,0.002302342571281391,2.647463637426594e-07,0.0002492564381215429,CASA VERDE
453649034,1964865071,0,196.13,0,4,29.316082224909312,0.034102720628268794,0.010529565659385686,8.582972819981232e-08,0.00022183222221001952,CASA VERDE
453649039,453649042,0,139.631,0,4,30.019347037484884,0.03330379440908725,0.0093112243963312,5.419440693829675e-08,0.00021969299451784957,CASA VERDE
453649039,453649287,0,46.202,0,5,29.456106408706166,0.033940608040984886,0.001527567413621241,1.1013259544035762e-07,0.0002590667334250997,CASA VERDE
453649039,1964865071,0,37.814,0,4,29.959854897218865,0.03336992670562784,0.01042526900354682,5.0125657260901336e-08,0.00022388530234907742,CASA VERDE
453649042,2390252477,0,79.914,0,4,29.948488512696493,0.03338259163254924,0.010365182405569393,3.2168233911895215e-08,0.000224706526905734,CASA VERDE
453649042,453649287,0,162.285,0,5,29.451511487303506,0.0339459033354683,0.0013272787536964862,1.0738349988709598e-07,0.00025924209155739277,CASA VERDE
453649287,453649292,0,255.298,0,6,28.832889963724305,0.034674226665771996,0.00011968468702820725,2.8223138574478045e-07,0.0002892914912497502,CASA VERDE
453649287,453649370,0,88.529,0,5,29.52914147521161,0.03385666199847669,0.0032165870274989006,1.1533183291429327e-07,0.0002568208081820992,CASA VERDE
453649292,453649296,0,153.805,0,6,28.642321644498185,0.03490492755581073,0.00022227156162381347,4.2130677405380264e-07,0.00028295618376412263,CASA VERDE
453649292,453649337,0,78.72,0,6,28.226360338573155,0.03541930840673087,0.002735405734752843,5.424369527736597e-07,0.0002776270096533503,CASA VERDE
453649296,453649302,0,285.451,0,5,28.571704957678357,0.034991197183098594,0.001142378124961072,3.2663646291696875e-07,0.0002499108226418884,CASA VERDE
453649296,453649323,0,78.24,0,6,28.13881499395405,0.03552950478711518,0.010716664578291006,6.253043117066135e-07,0.0002786173392153238,CASA VERDE
453649302,453649311,0,81.072,0,4,28.380652962515114,0.035226749833836085,0.00037761740029716,3.238334414172011e-07,0.0002095845785139253,CASA VERDE
453649311,453649400,0,97.63,0,5,28.10229746070133,0.03557567360567283,0.0011995336693786242,6.9516446210174e-07,0.00025336975015573254,CASA VERDE
453649311,453649323,0,283.884,0,5,28.06577992744861,0.03562196256850377,0.0008465859698770741,6.225012901918222e-07,0.00023980074799863555,CASA VERDE
453649323,453649325,0,115.802,0,6,27.60290205562273,0.036219313462650476,0.0112366823307054,1.0530154076503095e-06,0.0002707952535266487,CASA VERDE
453649323,453649337,0,153.681,0,6,28.17509068923821,0.03548376021424157,0.0003654046771310164,7.46434490407261e-07,0.0002732881651045515,CASA VERDE
453649325,462043004,0,143.719,0,6,27.26747279322854,0.03666486328280902,0.009274586226832771,1.5227633674699352e-06,0.00026994065257300256,CASA VERDE
453649325,453649342,0,153.533,0,6,27.673760580411123,0.036126574092684674,0.0006296880064463638,1.1339985057483077e-06,0.0002713679373018677,CASA VERDE
453649325,2520196464,0,121.19700000000002,0,5,27.6,0.036223121812733294,0.0071644719181864795,1.1744060980444735e-06,0.00023423794234039025,CASA VERDE
453649337,453649342,0,116.56599999999999,0,6,27.723821039903264,0.0360613409166245,0.003171155697320846,8.274175885194278e-07,0.0002738608488797705,CASA VERDE
453649337,453649395,0,132.43200000000002,0,5,28.45683192261185,0.03513244779848558,0.00024498722671284056,4.5868995312103707e-07,0.0002425592709883584,CASA VERDE
453649342,462043022,0,130.925,0,5,27.948246674727933,0.035771766782617724,0.0007022315820532568,6.331160422444807e-07,0.00024257946009892078,CASA VERDE
453649342,453649345,0,124.257,0,6,27.39081015719468,0.036499766027140855,0.003809148355520188,1.062697812081012e-06,0.0002784611612576201,CASA VERDE
453649345,462043004,0,89.232,0,6,27.313422007255138,0.036603182192472175,0.006917774910230379,1.4514626738053022e-06,0.00027703387652875495,CASA VERDE
453649345,453649348,0,93.96,0,5,26.959854897218865,0.03708321746696687,0.0028719439797503282,1.096026458687388e-06,0.0002447999120836251,CASA VERDE
453649345,3791589121,0,86.594,0,5,27.57218863361548,0.036259659155695505,0.005889463619641088,7.369510219593648e-07,0.0002552849349840763,CASA VERDE
453649348,453649353,0,172.982,0,5,26.63845223700121,0.037530640036314115,0.0031384255992355815,2.1284643650320363e-06,0.0002474351149850488,CASA VERDE
453649348,462043567,0,181.054,0,4,27.26553808948005,0.0366674649423911,0.000139225044094037,6.837745054499689e-07,0.00021030333077672956,CASA VERDE
453649353,462043573,0,150.333,0,5,26.741958887545344,0.037385375029391016,0.014499189197309002,2.0367144440567353e-06,0.0002550034605841799,CASA VERDE
453649353,453649358,0,206.396,0,6,26.08585247883918,0.03832568488388263,0.0016277117435836185,5.318218872856968e-06,0.0002938326003484263,CASA VERDE
453649353,462042983,0,157.11,0,6,26.557920193470373,0.037644444849158146,0.012192450045687798,2.6401869449753375e-06,0.0002848764891835373,CASA VERDE
453649358,462042939,0,82.75,0,5,26.37968561064087,0.0378987898789879,0.015078560784310854,4.97193127591835e-06,0.00025690008327487317,CASA VERDE
453649358,462042938,0,183.309,0,5,25.687545344619107,0.038919957069423264,0.02214728495287477,1.0799807117536672e-05,0.00025890796333238495,CASA VERDE
453649358,462042976,0,218.472,0,5,26.36807738814994,0.03791547435615232,0.00847685114962027,6.843923199206494e-06,0.00026249180823597284,CASA VERDE
453649370,3791488180,0,43.327,0,4,29.80725513905683,0.033540765742010335,0.00031679803892976493,7.369807506576574e-08,0.00021679841738810073,CASA VERDE
453649370,453649374,0,37.105,0,5,29.911003627569528,0.033424427159974776,0.003427622883809862,6.458403449926463e-08,0.00026743443138443467,CASA VERDE
453649374,4675638243,0,90.788,0,3,30.15453446191052,0.03315448836705724,0.0006988120195667366,3.564551296395958e-08,0.0001739547950955724,CASA VERDE
453649374,462043023,0,83.2,0,5,29.394679564691657,0.034011534632693526,0.004894370936063708,6.167110442698996e-08,0.0002714598796007751,CASA VERDE
453649374,3791488180,0,66.47,0,5,29.926723095525997,0.03340687046958714,0.0005708226807855518,7.094013212013005e-08,0.0002689895397438093,CASA VERDE
453649395,462043022,0,114.818,0,4,28.67690447400242,0.03486283405999376,0.0007994448584557599,2.6438840685578284e-07,0.00020956478994639224,CASA VERDE
453649395,3791488180,0,120.754,0,4,29.326481257557436,0.034090627963550904,0.00047800598472286037,1.568506282509463e-07,0.0002138346112293028,CASA VERDE
453649400,453649402,0,135.709,0,5,27.666505441354293,0.036136047761820264,0.014360696916604932,1.046114121034551e-06,0.0002576037519192351,CASA VERDE
453649400,462043015,0,113.20500000000001,0,5,27.70906892382104,0.03608053972437749,0.014550482634606805,1.2130649578578918e-06,0.0002524563351182574,CASA VERDE
453649402,2386988375,0,28.473,0,5,27.826118500604593,0.03592876821859709,0.014553169433703356,1.309599020236735e-06,0.00026457061046392604,CASA VERDE
453649402,2386988383,0,55.156000000000006,0,4,27.237243047158405,0.03670555644345,0.00022202730716049059,1.9291811529513395e-06,0.00021248616957052227,CASA VERDE
453649412,453649415,0,73.023,0,5,27.986940749697702,0.03572230959334981,0.0006665704304081175,2.507893226468796e-06,0.000249058006475292,CASA VERDE
453649412,453649466,0,145.287,0,5,27.428295042321643,0.03644988361430486,0.0006050183056507538,4.390303890889329e-06,0.0002517982783966077,CASA VERDE
453649412,2386985729,0,75.688,0,4,27.317049576783553,0.036598321470307026,0.0009596757863955638,2.409299722536223e-06,0.00021569799033648856,CASA VERDE
453649415,462041113,0,78.637,0,5,28.037243047158405,0.035658219331688716,0.00031728654785641064,1.8777228895105732e-06,0.00025206458416846195,CASA VERDE
453649415,453649438,0,91.637,0,6,28.434824667472792,0.03515963870792155,0.0008033529298689258,1.9726618489708584e-06,0.00028626947992625853,CASA VERDE
453649415,453649434,0,134.641,0,6,28.020556227327692,0.03567945453760842,0.001508515565482057,3.22397903521583e-06,0.00028997854598171777,CASA VERDE
453649419,453649452,0,90.713,0,4,27.45441354292624,0.036415207357034636,0.01925751039730187,1.009489614494078e-06,0.0002101788139902496,CASA VERDE
453649419,462041112,0,148.555,0,4,27.003143893591293,0.03702376900893801,0.019694481632186487,2.1038559359083054e-06,0.00022293505472119996,CASA VERDE
453649419,462041113,0,70.19,0,4,27.66142684401451,0.036142682287113134,0.00023839235620312302,1.1748594624877642e-06,0.00021718413448243798,CASA VERDE
453649430,453649434,0,56.059,0,5,27.601934703748487,0.03622058282369846,0.0021252580853723087,3.516120908039423e-06,0.0002556640283670833,CASA VERDE
453649430,453649471,0,106.705,0,4,27.707376058041113,0.036082744173867504,0.002654801761856295,3.898961524444295e-06,0.00021661616619934973,CASA VERDE
453649430,453649483,0,72.676,0,4,27.20894800483676,0.03674372716849319,7.449761131347594e-05,4.367622340202326e-06,0.0002229291981739075,CASA VERDE
453649434,453649466,0,71.162,0,6,27.550423216444983,0.03628830505350199,2.4425446332287194e-05,5.1063896996401985e-06,0.0002928446634247507,CASA VERDE
453649434,462041115,0,45.957,0,5,27.60290205562273,0.036219313462650476,0.0006081936136739511,2.8546517559609995e-06,0.00025531902197659226,CASA VERDE
453649438,453649452,0,161.108,0,5,27.850544135429264,0.0358972577760025,6.155212475736372e-05,1.140643203209982e-06,0.00024309383900322177,CASA VERDE
453649452,1964865146,0,119.77400000000002,0,6,27.940024183796854,0.035782294083024614,0.018825912760610356,1.1652595318088776e-06,0.000276828942895831,CASA VERDE
453649466,453649471,0,144.29700000000003,0,5,27.655380894800484,0.036150583708626643,2.515820972225581e-05,5.489230316046773e-06,0.0002551671685642303,CASA VERDE
453649466,462041114,0,74.913,0,5,26.873518742442563,0.03720235416929141,0.0010901076698099775,8.77487694119156e-06,0.00025104210082068485,CASA VERDE
453649483,453649487,0,35.941,0,4,26.698428053204353,0.03744633054946648,0.0005823026405617267,8.285804376031165e-06,0.00022817162316456964,CASA VERDE
453649487,462041112,0,95.14800000000001,0,4,26.530592503022973,0.037683220301903304,0.021030553546562598,7.017043271574789e-06,0.00022728324065278811,CASA VERDE
462041112,462041115,0,68.819,0,4,27.19516324062878,0.03676235193682638,0.0009586987685422724,2.437392083662788e-06,0.00022170877204601228,CASA VERDE
462041113,462041115,0,138.345,0,4,27.66989117291415,0.03613162609797666,0.0005959808905078075,1.5083956102487244e-06,0.0002159578518072503,CASA VERDE
462041114,462043017,0,105.961,0,4,26.735912938331317,0.037393829204092156,0.032923303365753234,9.363221374141857e-06,0.00021058265273412235,CASA VERDE
462042929,4328529213,0,56.749,0,4,27.44522370012092,0.03642740073665474,0.014570022991672633,1.1595570416465375e-06,0.00020885148768031112,CASA VERDE
462042929,462042930,0,72.425,0,5,27.727690447400242,0.036056308545711444,0.011569356909751152,1.143843495985039e-06,0.0002540705434614056,CASA VERDE
462042929,462042983,0,193.94799999999998,0,5,27.019588875453447,0.037001235164599106,0.0038118351546167395,1.541003730729554e-06,0.00024443528543695975,CASA VERDE
462042930,494238576,0,120.627,0,5,28.11825876662636,0.03555547910449045,0.0005278338952407263,1.156801274905832e-06,0.0002616492727242093,CASA VERDE
462042930,2283852107,0,130.356,0,5,28.118742442563484,0.035554867507805045,8.695458894294241e-05,1.1911658592281679e-06,0.0002603472501437402,CASA VERDE
462042930,462042932,0,147.944,0,5,27.369770253929868,0.03652782441196741,0.011237170839632046,1.2793520812233985e-06,0.0002543243784492354,CASA VERDE
462042931,462042939,0,156.17999999999998,0,4,27.00193470374849,0.0370254269925573,0.0037107138068010704,2.634166606836468e-06,0.00021651406619890067,CASA VERDE
462042931,462042940,0,107.096,0,5,27.561547762998792,0.03627365816420543,0.003528988486088854,5.7627954509237906e-06,0.00026782467255142655,CASA VERDE
462042931,2283852107,0,89.486,0,4,27.772188633615478,0.035998537069611106,0.0007872321352896162,1.9285933527743813e-06,0.00021876810586171972,CASA VERDE
462042932,462042983,0,170.672,0,5,27.219830713422006,0.036729036729036726,0.00025280336953917244,1.6765123159761822e-06,0.0002446891204247896,CASA VERDE
462042932,462042939,0,154.65,0,4,26.893591293833133,0.03717458747358482,0.011769645569675908,1.9092068563402122e-06,0.0002104965416689594,CASA VERDE
462042933,462042969,0,67.969,0,4,28.1180169286578,0.035555784910723504,0.003271055772819901,1.1648440294686006e-06,0.00023691094136732644,CASA VERDE
462042933,462042934,0,105.471,0,5,27.287545344619105,0.036637892833720334,0.002693149712597986,2.946475557553223e-06,0.0002577115238118487,CASA VERDE
462042933,4328529213,0,155.736,0,4,27.644256348246675,0.03616513135448653,0.0003514821727216127,1.3779351889421866e-06,0.0002171082629029309,CASA VERDE
462042934,462042998,0,113.424,0,5,27.38621523579202,0.03650589004079759,0.009455090275228372,3.0713857016660246e-06,0.0002580677476571221,CASA VERDE
462042934,462043007,0,154.705,0,6,27.160338573155986,0.03680948819318303,0.006265126984231665,3.920567167768644e-06,0.00028552599696798035,CASA VERDE
462042934,462042935,0,106.27,0,6,26.630713422007254,0.03754154634119763,0.007265837520465472,6.7655255787888775e-06,0.0002854733727005779,CASA VERDE
462042935,462043016,0,155.71200000000002,0,6,26.529625151148732,0.037684594348222425,0.006067280868940139,6.863730278271286e-06,0.0002777938969697136,CASA VERDE
462042935,462043020,0,206.15899999999996,0,6,25.95912938331318,0.03851277703766501,0.005367980340446756,1.4717415878188073e-05,0.00028479699539451695,CASA VERDE
462042935,2386988383,0,214.761,0,5,26.623941958887546,0.03755109455899718,0.0032585987951904345,5.908127778452529e-06,0.00024671101005434553,CASA VERDE
462042938,5745394201,0,7.85,0,4,25.794195888754533,0.03875903580569853,0.026463505574253237,8.987471845221102e-06,0.00022181442607501533,CASA VERDE
462042938,462044522,0,129.119,0,4,25.19806529625151,0.03967598902048103,0.004147440787222365,3.362428854210393e-05,0.00021651766596547138,CASA VERDE
462042940,462042953,0,93.33600000000001,0,5,27.528657799274487,0.03631699624882501,0.0013470633652256387,9.546576508399865e-06,0.0002718526650600324,CASA VERDE
462042940,462042970,0,119.121,0,5,27.84328899637243,0.03590661154153493,0.005046052957787211,5.5726864314936945e-06,0.00027400614231541415,CASA VERDE
462042940,462042941,0,80.83,0,5,27.524304715840387,0.03632273993304807,0.005077806038019185,1.2198455623264729e-05,0.0002719995091566934,CASA VERDE
462042941,462042952,0,64.057,0,4,27.370012091898428,0.03652750165672631,0.00010136560227899186,2.194673286764243e-05,0.00022831876018828754,CASA VERDE
462042941,4680526386,0,41.138999999999996,0,4,27.29552599758162,0.03662718066396733,0.005516975563073709,2.465453446787355e-05,0.0002296357319811367,CASA VERDE
462042942,4680526385,0,25.436,0,4,26.977750906892382,0.03705861787670435,0.0068027310580053065,6.855065638539646e-05,0.00023139983748501425,CASA VERDE
462042942,4680526386,0,27.012,0,4,27.024183796856107,0.036994943845362206,0.005015521149871852,6.915360666992307e-05,0.00023005656358046842,CASA VERDE
462042942,462042947,0,90.22999999999999,0,5,26.314631197097945,0.03799248237770078,0.012108670764768053,0.00025626783133069506,0.00027119515302630876,CASA VERDE
462042944,462044517,0,87.333,0,4,27.440386940749697,0.036433821585320714,0.001643832538162928,1.4642808021429337e-05,0.000234892365059853,CASA VERDE
462042944,462042945,0,42.787,0,4,27.096009673518743,0.036896877956480605,0.009265304557226501,1.9268846120486327e-05,0.00023337406857959334,CASA VERDE
462042944,462042976,0,79.314,0,4,27.182103990326482,0.03678001387925052,0.007973442700711831,8.806792222748349e-06,0.0002290728117274152,CASA VERDE
462042945,462042946,0,130.352,0,4,26.707376058041113,0.037433784579164214,0.00863073146151368,6.472126544250662e-05,0.000229870886193485,CASA VERDE
462042945,462042954,0,52.291,0,4,27.01547762998791,0.03700686605376469,0.0016963472477773457,1.842671184933883e-05,0.00023195973735969447,CASA VERDE
462042946,462042952,0,61.944,0,4,26.84328899637243,0.0372442498445904,0.0009467302998394517,6.526412570995185e-05,0.000228171652194857,CASA VERDE
462042946,462042947,0,77.27799999999999,0,5,26.271584038694076,0.038054734749109385,0.00986397224683086,0.0002550861519709519,0.00027058890605038955,CASA VERDE
462042947,506042621,0,13.089,0,5,25.766868198307133,0.03880014266138569,0.03901794073458553,0.0005753502434066724,0.000266858061323734,CASA VERDE
462042947,462042963,0,61.054,0,5,25.71632406287787,0.038876402381109114,0.01950078784277145,0.00044956385015238154,0.0002674353637515878,CASA VERDE
462042949,506042621,0,7.976,0,4,25.250302297460703,0.03959390862944162,0.042522992283268744,0.001104179886841497,0.00021986382853955128,CASA VERDE
462042949,4680418653,0,149.378,0,4,25.27472793228537,0.039555644860349626,0.042061107093125195,0.0009166241531640279,0.00022692105102826217,CASA VERDE
462042949,494227989,0,351.70099999999996,0,5,24.642321644498185,0.04057077804820602,0.0,0.003498672605029889,0.0002570896407894086,CASA VERDE
462042952,462042953,0,132.15800000000002,0,4,27.165175332527205,0.036802934263941316,0.0005520150871096905,1.9294853752778914e-05,0.000228178991967043,CASA VERDE
462042953,462042954,0,22.213,0,4,27.480290205562273,0.036380917179290866,0.0016511601720626142,9.984019804221539e-06,0.00022881442805784328,CASA VERDE
462042954,462042976,0,83.17099999999999,0,4,27.10665054413543,0.03688239387613083,0.0005388253460902555,7.96465795159777e-06,0.00022765848050751628,CASA VERDE
462042958,2386972049,0,81.554,0,4,28.0273276904474,0.03567083430405633,0.0047443986955834645,3.3509040008225123e-06,0.0002345349708912234,CASA VERDE
462042958,462043009,0,29.248,0,4,27.696251511487304,0.03609723726031225,0.00451186844650009,9.576869572677673e-06,0.00023254219495143677,CASA VERDE
462042958,4675668449,0,38.828,0,4,28.061668681983072,0.03562718145387168,0.0005478627612332018,5.559236271312597e-06,0.00023560213915234594,CASA VERDE
462042959,13473046718,0,33.794,0,4,27.762273276904473,0.036011394025976286,0.00622213819868684,6.141823674395422e-06,0.00023885010042047752,CASA VERDE
462042959,4680526385,0,166.70799999999997,0,4,27.318016928657798,0.03659702549575071,0.007187920346665475,2.071599058812327e-05,0.0002369217396678026,CASA VERDE
462042959,2386972146,0,19.352,0,4,27.805562273276905,0.03595532980795992,0.0006480070911955792,6.817815988277922e-06,0.00023895433000235375,CASA VERDE
462042963,462044521,0,14.514,0,4,25.880773881499394,0.03862937664109441,0.021207393778008357,0.00040831440926940136,0.00022242242086117705,CASA VERDE
462042963,506042620,0,32.751,0,4,25.3093107617896,0.03950159573451564,0.0019936049296412806,0.0009920227298796142,0.00021861770096369914,CASA VERDE
462042969,2386972074,0,54.506,0,2,28.740507859733977,0.03478568182965618,0.0006988120195667366,5.028215232607386e-07,0.0001386952569186126,CASA VERDE
462042969,462042970,0,110.82399999999998,0,4,28.164933494558646,0.03549655681681579,0.0037654268065853936,1.6168251984793451e-06,0.0002408061810842829,CASA VERDE
462042970,494238576,0,85.411,0,4,28.3540507859734,0.03525980007505715,0.000936471612379891,1.704119749019452e-06,0.0002258382092040868,CASA VERDE
462042983,462043004,0,140.028,0,6,26.87932285368803,0.03719432098321127,0.008570156354609608,1.9049184428607108e-06,0.0002759985817647387,CASA VERDE
462042984,4675638275,0,42.747,0,2,28.084885126964934,0.03559773014957247,0.0006988120195667366,2.531272001259395e-07,0.0001446406499325527,CASA VERDE
462042985,4675638275,0,33.747,0,5,27.08609431680774,0.03691038472870778,0.0009540579337391378,1.0733828891748541e-06,0.00029926681704598183,CASA VERDE
462042985,2386985668,0,49.525,0,5,26.997097944377266,0.03703206041224369,0.021494148517949407,1.5030829473914814e-06,0.0002812648217268854,CASA VERDE
462042985,5745394201,0,34.843,0,5,26.36058041112455,0.03792625755727012,0.016782235665987886,2.7501611149563414e-06,0.0002795361025277241,CASA VERDE
462042986,4680439017,0,7.829,0,5,25.84522370012092,0.03868251146252456,0.00017195514217930184,0.00013578223173456818,0.00023672797336359236,CASA VERDE
462042986,7302060707,0,61.994,0,5,25.84836759371221,0.038677806573543035,0.0020988786033334385,0.00014540464123012194,0.00023936386457174919,CASA VERDE
462042986,462042987,0,39.746,0,6,24.88802902055623,0.04017024253731343,0.0007376484792350732,0.00023022937740836542,0.00027511984913017806,CASA VERDE
462042986,4680439022,0,74.213,0,6,25.593954050785975,0.03906227853842447,0.001254979432552916,0.0001581990117122801,0.0002749460467640171,CASA VERDE
462042987,462042993,0,69.372,0,6,24.63796856106409,0.0405779461709103,0.043162694722711344,0.00022579353479636248,0.00027255029447706175,CASA VERDE
462042987,2387001394,0,35.123999999999995,0,5,24.796614268440145,0.040318333430861955,0.0004723881320664343,0.00019853517411844274,0.0002367635406707647,CASA VERDE
462042990,2386972105,0,8.098,0,4,26.64328899637243,0.037523826813107015,0.029967335850619836,3.33530920046271e-05,0.0002295922854095499,CASA VERDE
462042990,4680439015,0,120.71,0,5,26.79298669891173,0.037314173789816676,0.027849649653610534,5.959858865285108e-05,0.00025692762425995883,CASA VERDE
462042990,2386972058,0,32.81700000000001,0,4,27.07013301088271,0.036932148121677756,0.0020378149875027204,1.9412521976146245e-05,0.00022942754661068273,CASA VERDE
462042993,2386985689,0,172.49900000000002,0,5,25.080290205562275,0.03986230437675374,0.06577113210233969,0.00010944477300362769,0.0002344400661520584,CASA VERDE
462042993,4680439022,0,24.835,0,6,25.33397823458283,0.0394631333766085,0.03238936310892943,0.00015376316910028245,0.0002723764921109009,CASA VERDE
462042994,462043012,0,96.923,0,5,25.885126964933495,0.038622880366235346,0.00021103585631096136,7.99222086354851e-05,0.00023944631926703518,CASA VERDE
462042994,462042995,0,94.09900000000002,0,5,26.06384522370012,0.038358045539740565,0.004963983458110726,6.775490522859078e-05,0.0002491011061621333,CASA VERDE
462042996,4680439034,0,26.307,0,4,25.30689238210399,0.039505370589809255,0.009131208856862244,0.00030755753917875906,0.00021295281494260483,CASA VERDE
462042996,8005384916,0,7.307,0,5,26.027811366384523,0.038411149825783975,0.0076583544430253265,0.0002126633173322397,0.0002506658455753828,CASA VERDE
462042996,7302060707,0,41.087,0,4,25.719226118500604,0.03887201572182155,0.0013573220526851993,0.00014479384962287018,0.00020623590607648387,CASA VERDE
462042998,13449354124,0,29.499,0,4,28.088029020556228,0.03559374569499931,0.005294459746986572,1.6085367304832028e-06,0.0002289574349668859,CASA VERDE
462042998,2386972049,0,41.605000000000004,0,4,28.349939540507858,0.03526491337319901,0.0045492393793884894,1.7501705938020743e-06,0.00022862714699442476,CASA VERDE
462043004,462043006,0,138.706,0,5,27.189600967351875,0.03676987254178193,0.005447118786563367,1.7063092270308343e-06,0.00023280373161566227,CASA VERDE
462043006,462043007,0,116.651,0,5,27.40943168077388,0.03647496867776033,0.005061196734513229,2.5348642724139214e-06,0.00023734346063973303,CASA VERDE
462043006,2520196460,0,140.133,0,5,27.424183796856106,0.03645534793075777,0.00034952813701502974,2.025499400381457e-06,0.00023701752814941159,CASA VERDE
462043007,462043016,0,108.72399999999999,0,6,27.155985489721886,0.03681538872562116,0.013045875140537913,4.018771867243865e-06,0.0002778465212371161,CASA VERDE
462043007,4328529213,0,105.901,0,5,27.531076178960095,0.03631380609797876,0.014302808608797412,2.352026799154552e-06,0.000246559230124494,CASA VERDE
462043009,4675668449,0,26.972,0,4,27.858524788391776,0.03588697426103563,0.0003131342219799218,1.0227259793338323e-05,0.00023270407640773688,CASA VERDE
462043009,8005384911,0,81.49900000000001,0,4,27.083192261185005,0.036914339801230475,0.004749528039313245,3.38429958774398e-05,0.0002185219525425465,CASA VERDE
462043011,8005384913,0,14.673,0,5,24.449334945586457,0.040891016637322204,0.003980370734309521,0.0028813005635726953,0.0002671220698290056,CASA VERDE
462043011,3891203421,0,161.527,0,4,24.459492140266022,0.04087403598971722,0.002371222329938441,0.0025120177488393005,0.0002296927133628912,CASA VERDE
462043011,7894068714,0,9.766,0,4,23.471584038694076,0.04259440523414559,0.006561896157168954,0.009294418114639299,0.00021690354621328964,CASA VERDE
462043015,462043016,0,109.751,0,5,27.146795646916566,0.03682785161957025,0.01318851974711847,3.0517344895930167e-06,0.00024015482638075874,CASA VERDE
462043015,462043021,0,156.589,0,4,27.84957678355502,0.03589850466315844,0.001928388987934074,1.2775886577924653e-06,0.0002038922628229382,CASA VERDE
462043016,2520196460,0,106.693,0,6,27.058282950423216,0.036948322399585294,0.005448584313343305,3.50940699521388e-06,0.00027752260051080817,CASA VERDE
462043017,462043020,0,244.12800000000004,0,5,26.064570737605806,0.038356977833860655,0.00544907282226995,1.391252732376726e-05,0.00025198995036519907,CASA VERDE
462043017,2386985729,0,49.845,0,4,26.642321644498185,0.03752518925984424,0.03791537608714609,4.916533280707192e-06,0.0002177625143636297,CASA VERDE
462043020,2386985689,0,41.45,0,5,25.480532043530836,0.039236157248343805,0.0669308522941967,3.514890691775183e-05,0.0002436260991334077,CASA VERDE
462043021,2520196460,0,22.244,0,5,27.7857315598549,0.03598099117447386,0.00039227266809653235,1.7352611634125177e-06,0.00024244449569472582,CASA VERDE
462043021,2520196464,0,31.147000000000002,0,4,28.084401451027812,0.03559834322176201,0.002119151723789237,1.0677137206334281e-06,0.00020117229131296998,CASA VERDE
462043023,462043561,0,135.863,0,4,28.9726723095526,0.03450693644513447,0.0053066724701527155,7.283721737645065e-08,0.00022290157193723765,CASA VERDE
462043024,2283841563,0,16.267,0,5,23.867472793228536,0.041887893648927976,0.05965231354163843,0.0010760627797460132,0.00025307104263171825,CASA VERDE
462043024,2386972053,0,85.54199999999999,0,5,23.68174123337364,0.04221641272823823,0.03468120273828794,0.0011906552004295622,0.0002594303875005392,CASA VERDE
462043530,8002375163,0,193.486,0,4,27.94510278113664,0.035775791195382205,0.0004171866233554653,7.20769506845321e-08,0.00023218577208108964,CASA VERDE
462043530,462043531,0,93.506,0,4,27.45247883917775,0.0364177737059093,0.014893415901112116,2.4305869041941675e-07,0.00023259547901495093,CASA VERDE
462043530,2583166227,0,45.91,0,4,27.87496977025393,0.03586580255589391,0.014121327542548518,6.804237725952406e-08,0.00022919815237267582,CASA VERDE
462043531,2386985668,0,68.199,0,4,26.945828295042322,0.037102521068739285,0.03109823401580473,8.414070529098053e-07,0.0002309123851636195,CASA VERDE
462043531,462043579,0,37.143,0,4,27.44280532043531,0.03643061087807113,0.023967957722483453,3.63103569216062e-07,0.00023090890829679543,CASA VERDE
462043573,462043575,0,30.877,0,4,27.593954050785975,0.03623105844821693,0.00035368046289151856,5.824321185169453e-07,0.00022241215573889805,CASA VERDE
462043573,462043579,0,45.745999999999995,0,4,27.441112454655382,0.036432858313724455,0.014585899531788621,5.980473110761177e-07,0.00022435830129314958,CASA VERDE
462043575,462043579,0,32.027,0,4,28.18645707376058,0.035469451141560346,0.008846408152627775,3.262196237546188e-07,0.00022721986595370118,CASA VERDE
462044517,4680533599,0,42.199,0,4,27.35235792019347,0.03655107778819119,0.001735427961909005,3.267189988196832e-05,0.00023503097967714678,CASA VERDE
462044517,4680533594,0,15.027,0,4,27.10423216444982,0.03688568471394411,0.003261285594286986,2.0258239372966542e-05,0.00023482984694462428,CASA VERDE
462044519,4680533599,0,123.956,0,4,26.95429262394196,0.03709086993970715,0.0016711890380550897,0.00011085630793141512,0.0002292573963645921,CASA VERDE
462044519,462044521,0,49.174,0,4,26.39105199516324,0.03788246721709568,0.007615365657480501,0.00024986850112630705,0.00022428100927360887,CASA VERDE
462044519,494228093,0,137.269,0,5,26.328415961305925,0.037972590660249106,0.0055638724200317,0.0002957425164109158,0.0002666003029853963,CASA VERDE
462044521,2386974260,0,107.34099999999998,0,4,25.862636033857317,0.03865646799199566,0.013508737348534755,0.0005673894095284411,0.00021919081831465998,CASA VERDE
462044522,4320903744,0,253.83800000000002,0,5,25.460701330108826,0.03926671732522796,0.003690684940808595,6.822600623782278e-05,0.00026056344931321495,CASA VERDE
462044522,2516243781,0,146.727,0,4,24.751632406287786,0.04039160511197092,0.0007198179034125036,9.800032882424277e-05,0.00021251090935681967,CASA VERDE
462044526,494206604,0,192.947,0,4,25.42781136638452,0.039317507418397624,0.0014735871772268863,0.00019951410429680882,0.0002161319718978399,CASA VERDE
462044526,494228093,0,82.306,0,5,25.955743651753327,0.0385178007397952,0.0032344176033214703,0.0002879204058549806,0.0002630475344201949,CASA VERDE
462044526,4680533081,0,71.115,0,4,25.881015719467957,0.0386290156796053,0.004182613429940859,0.00011011573649117418,0.0002184959033761121,CASA VERDE
462044527,7990769536,0,64.486,0,5,24.216444981862153,0.041284266240575226,0.0305767507366104,0.00032230242986438156,0.0002566300212108175,CASA VERDE
462044527,577320162,0,195.10899999999998,0,6,24.337122128174123,0.04107955561738577,0.02805580042065504,0.0005554231420586549,0.0002892823348811924,CASA VERDE
462044527,2386985695,0,309.32000000000005,0,6,23.76178960096735,0.04207419469747087,0.0,0.0007208875854874965,0.00028780548566344335,CASA VERDE
462044527,2516243781,0,169.47,0,5,24.195646916565902,0.041319753320872774,0.003032663416616778,0.00032713922417894055,0.0002499922697625791,CASA VERDE
494206600,494206601,0,119.798,0,5,24.1453446191052,0.04140583527809217,7.449761131347594e-05,0.008290210895685012,0.00024263964674954601,CASA VERDE
494206600,494227989,0,126.12700000000001,0,5,24.140266021765417,0.04141454618312963,0.03432801078432307,0.0073583925679019824,0.00024601600323595843,CASA VERDE
494206601,494206602,0,93.15,0,6,24.71608222490931,0.040449702057709806,0.003736360525449972,0.005160442655346361,0.0002914706717913663,CASA VERDE
494206601,494227989,0,153.976,0,6,24.744619105199515,0.04040305319637604,0.00026257354807208733,0.006463579792385791,0.0002890330258467294,CASA VERDE
494206602,2520196401,0,92.19200000000001,0,5,25.355985489721885,0.03942888208532433,0.00010820472725203227,0.0018844400408430367,0.00025821712656821135,CASA VERDE
494206602,2386985675,0,62.2,0,5,25.348730350665054,0.039440167148458743,0.01401947343134288,0.0021052580241564768,0.000258708489685852,CASA VERDE
494206602,2386974260,0,144.721,0,5,25.3540507859734,0.039431890803994694,0.016916575620815465,0.0018674202163797091,0.000256354919868748,CASA VERDE
494206603,494206604,0,113.034,0,4,25.50205562273277,0.039203042171245414,0.005608815241283109,0.00028576827961427736,0.00021597781718002185,CASA VERDE
494206603,2520196401,0,32.37,0,4,25.840145102781136,0.038690114086233844,0.0009328077954300479,0.0005872842230582175,0.00021764740201280983,CASA VERDE
494206603,494228093,0,151.613,0,5,26.087545344619105,0.038323197864135274,0.005782724419168993,0.0003741745811724496,0.00026288925673237807,CASA VERDE
494206604,577320162,0,77.402,0,5,24.66070133010883,0.04054054054054054,0.007325924118442898,0.0004199316330848002,0.00025256037549942505,CASA VERDE
494227989,506042620,0,110.325,0,5,24.751390568319227,0.04039199976550363,0.03427476331131868,0.0035123018413222985,0.0002551799698178155,CASA VERDE
494228093,2386974260,0,102.687,0,5,25.77944377267231,0.03878121540741852,0.003102764447590442,0.000613263424813055,0.0002611666936101468,CASA VERDE
494238506,494238511,0,192.98800000000003,0,4,24.06819830713422,0.04153855428950383,0.016552147961537738,0.0025569062995671327,0.0002333488567522366,CASA VERDE
494238506,4317620152,0,40.683,0,4,24.385247883917774,0.04099848263961203,0.023746174669786287,0.004820628933051234,0.0002265421013481839,CASA VERDE
494238511,495668390,0,224.34599999999995,0,4,24.369286577992746,0.041025335675369916,0.02234146725121645,0.0007994006441949605,0.00023582521241531692,CASA VERDE
494238511,2387001342,0,80.35799999999999,0,4,23.92043530834341,0.04179514917451042,0.01478398990154347,0.0013320361530396016,0.0002331688901359552,CASA VERDE
494238532,9442485658,0,161.774,0,5,26.03821039903265,0.038395809339822416,0.03334879464086168,1.760299931756949e-05,0.00027390088837757397,CASA VERDE
494238532,507914874,0,57.718,0,5,26.36348246674728,0.03792208268738591,0.013637215196242586,7.853261463519725e-06,0.00027391126852991293,CASA VERDE
494238532,3111856960,0,105.706,0,5,26.504957678355503,0.03771966641727039,0.003994781747645571,7.5214220018225e-06,0.00028078865240311463,CASA VERDE
494238532,494238561,0,109.99500000000002,0,6,26.55259975816203,0.03765198779543695,0.019997845675633494,7.339002075971037e-06,0.0003185052827753579,CASA VERDE
494238561,507904862,0,60.825,0,5,27.203143893591292,0.03675156687558341,0.00953300744902837,2.522000479583888e-06,0.0002830359707838729,CASA VERDE
494238561,496282201,0,204.111,0,5,26.925997581620315,0.03712984668445019,0.0058374374189533165,2.592841072738837e-06,0.00027531923901742575,CASA VERDE
494238576,2283852107,0,109.93700000000001,0,4,28.258524788391778,0.03537899340174071,0.00016951259754607311,1.081082795958355e-06,0.00021956036280531231,CASA VERDE
495668361,495668370,0,123.331,0,6,25.087545344619105,0.0398507764828364,0.018006927545088765,0.0007893202382681114,0.00029848476641471957,CASA VERDE
495668361,1368218003,0,42.998,0,5,24.986940749697702,0.04001122714646587,0.01848444502088498,0.0009617038486312525,0.00025386378250164557,CASA VERDE
495668361,495668634,0,161.31400000000002,0,5,24.881257557436516,0.040181174915438746,0.0004379482527379094,0.0009316527646613004,0.00025041051406229594,CASA VERDE
495668361,495668605,0,208.551,0,5,24.887787182587665,0.04017063287695193,6.716997741378978e-05,0.0006336228878496611,0.00025917682866030114,CASA VERDE
495668370,495668380,0,153.448,0,5,25.127932285368804,0.03978672620880813,0.016154257440784782,0.0004667948055878569,0.0002637021257926891,CASA VERDE
495668370,495668429,0,209.859,0,6,24.82515114873035,0.04027198690722051,0.00034488730221189515,0.0009299567098159871,0.00029894611576692883,CASA VERDE
495668370,495934507,0,88.362,0,5,25.468440145102782,0.03925478577939836,0.0014645497620839401,0.0004428836096428495,0.0002706564551140058,CASA VERDE
495668380,495934415,0,142.935,0,4,25.032889963724305,0.039937784390064825,0.01631302284194465,0.00025216282646664567,0.00022760865992774395,CASA VERDE
495668380,495934514,0,113.19999999999999,0,4,25.75018137847642,0.03882528621204579,2.1982901699058475e-06,0.00016804170248070743,0.0002302211896946495,CASA VERDE
495668390,1368217953,0,20.146,0,4,24.980411124546553,0.04002168567390168,0.0366542902930101,0.00022208360185286925,0.0002362852764497897,CASA VERDE
495668390,495934415,0,146.32799999999997,0,4,24.833131801692865,0.040259044651117494,0.016755611929485693,0.00031135459143085304,0.0002334661951443572,CASA VERDE
495668400,495934507,0,153.25799999999998,0,4,26.119951632406288,0.038275651352702625,0.0007247029926789611,0.00011988321056284876,0.0002612252076649478,CASA VERDE
495668400,2387001347,0,91.102,0,4,26.069407496977025,0.03834986131339462,0.001115510133995556,4.5322506316327505e-05,0.00027278787478299385,CASA VERDE
495668400,4680200114,0,442.953,0,3,26.671825876662638,0.03748367909473379,0.0006988120195667366,3.0871737431283284e-05,0.00023641282938515658,CASA VERDE
495668429,495668478,0,169.03199999999998,0,5,24.682466747279324,0.04050479120534577,0.00048069278381941195,0.0014780170610689991,0.00025486489850349734,CASA VERDE
495668429,2387005300,0,192.113,0,5,24.72067714631197,0.04044218352572882,0.0003055623336169128,0.0008953275746918698,0.0002605655859086581,CASA VERDE
495668429,495668634,0,173.656,0,5,24.829746070133012,0.04026453428913715,9.428222284262856e-05,0.0010722892362091795,0.00025085115063829596,CASA VERDE
495668438,4324883248,0,74.139,0,5,23.694074969770252,0.04219443735646849,0.020430664584641624,0.005561314783761946,0.0002906683460973291,CASA VERDE
495668438,2384905292,0,96.33,0,5,23.814026602176543,0.04198190330147962,0.025992094460040093,0.0034639207607883517,0.0002816149988027595,CASA VERDE
495668438,2386985704,0,41.778,0,5,23.726723095525998,0.04213637753541943,0.015136204837655052,0.006847147513786135,0.000277238733197753,CASA VERDE
495668438,2387005230,0,84.79400000000001,0,5,24.137122128174124,0.041419940485136315,0.010207638276726142,0.003155580377082805,0.00028621454195835734,CASA VERDE
495668471,495668478,0,137.563,0,5,24.53639661426844,0.04074592442192829,0.0034229820490067273,0.002102806919052793,0.0002558271494068348,CASA VERDE
495668471,495668634,0,40.981,0,5,24.598065296251512,0.04064377218251354,0.000763050943420652,0.001697079094192971,0.0002518134015416335,CASA VERDE
495668471,1368218003,0,192.33100000000002,0,5,24.42708585247884,0.04092826168742451,0.0028790273591866914,0.0017271301781629244,0.0002552666699809831,CASA VERDE
495668471,2387005348,0,301.814,0,5,23.879081015719468,0.04186753088920397,0.0004709226052864971,0.003554566852270032,0.0002583496875332269,CASA VERDE
495668478,2387001377,0,213.254,0,4,24.015961305925032,0.041628904597909494,0.004273231835833644,0.0031761879588582636,0.00021820461748689284,CASA VERDE
495668501,2386985733,0,149.46099999999998,0,5,22.385006045949215,0.044661956310364945,0.004003086399398548,0.03741298821329276,0.0002452772731672972,CASA VERDE
495668501,1924414855,0,55.3,0,5,22.612817412333737,0.04421201232032854,0.013641367522119075,0.0266771890930049,0.0002518051146459782,CASA VERDE
495668501,1924414850,0,64.36099999999999,0,5,22.382829504232163,0.04466629930958478,0.004040945841213593,0.019094492563652178,0.00025814834012162144,CASA VERDE
495668504,496150681,0,187.453,0,5,22.796614268440145,0.043855554612577445,6.570445063385255e-05,0.044832326778953616,0.0002524816990753867,CASA VERDE
495668504,496150680,0,227.853,0,6,22.682466747279324,0.04407625383828045,0.0013988453114500876,0.11066523985292565,0.00027280662254876504,CASA VERDE
495668504,1924414858,0,55.446999999999996,0,5,22.960338573155987,0.043542831863999744,0.015061218717414929,0.04897187266239837,0.000249102015705935,CASA VERDE
495668504,1924414854,0,40.912,0,5,22.97968561064087,0.04350617231980299,0.014137204082664504,0.05048352622942265,0.0002477625873765949,CASA VERDE
495668506,496585948,0,201.645,0,5,22.7552599758162,0.04393525554504586,5.3491727467708956e-05,0.03525660574855647,0.00026190965004451133,CASA VERDE
495668506,496154100,0,227.75300000000001,0,6,22.507617896009673,0.044418657125358606,0.000656067488485234,0.08997172880035718,0.0002812618316154792,CASA VERDE
495668506,3891203436,0,55.954,0,5,23.175574365175333,0.04313844163162234,0.015032640945206153,0.03692791219757584,0.0002642729974831741,CASA VERDE
495668506,1924414858,0,40.622,0,5,23.045949214026603,0.04338107980481662,0.015017985677406781,0.04226274252658739,0.00025405619885124293,CASA VERDE
495668510,2384905254,0,142.557,0,3,23.937363966142684,0.04176559137612269,0.0006988120195667366,0.01813065078969392,0.00017046382019294536,CASA VERDE
495668510,496154099,0,228.758,0,6,23.25441354292624,0.042992189856172716,0.0011142888616789417,0.05474468102121231,0.0002976383432978566,CASA VERDE
495668510,2386985704,0,54.519,0,5,23.576541717049576,0.04240478412949153,0.015531408559311458,0.020044444607616743,0.00026944696174501296,CASA VERDE
495668510,3891203436,0,39.664,0,5,23.933010882708587,0.041773187959136246,0.01490562862427826,0.025511818249552738,0.0002715480688447231,CASA VERDE
495668595,1924414847,0,53.757999999999996,0,4,22.671100362756953,0.04409835191210198,0.06888684203648625,0.007662134646404575,0.0002267853731398133,CASA VERDE
495668595,1924414850,0,121.699,0,4,22.426360338573154,0.044579599495325285,0.003973775863799804,0.006482154278663428,0.00022570357503723826,CASA VERDE
495668595,2573724811,0,9.974,0,4,22.274486094316806,0.04488355681016232,0.07226536977316822,0.0029834420082921072,0.0002306968553225751,CASA VERDE
495668605,2386972053,0,62.638,0,4,24.205804111245467,0.0413024148025297,0.013111823845635088,0.0005731370910371151,0.00021988166557829984,CASA VERDE
495668605,2122088864,0,69.449,0,4,24.837726723095525,0.04025159682193488,0.012536848838973047,0.0002494641884217404,0.00022962469960392435,CASA VERDE
495934415,2387005300,0,121.617,0,4,24.892382103990325,0.040163217720781116,0.00030360829791032984,0.00044880402775899077,0.0002268483304124669,CASA VERDE
495934489,8699233445,0,39.148,0,2,27.02756952841596,0.036990309505274745,0.0006988120195667366,6.0709928811165355e-06,0.0001495456104708611,CASA VERDE
495934489,2387001347,0,92.43599999999999,0,4,26.1912938331318,0.03817139269258825,0.011093304960734875,2.4555313493773985e-05,0.00026630928204410427,CASA VERDE
495934489,2122088882,0,77.63499999999999,0,4,26.605562273276906,0.03757703565000818,0.010732785372870316,9.030150333206358e-06,0.0002617552515984344,CASA VERDE
495934507,495934514,0,146.904,0,4,25.956711003627568,0.03851636526259888,0.001788919689376714,0.0001441305065357006,0.0002365383174876919,CASA VERDE
495934514,1368218043,0,103.509,0,4,26.49721886336155,0.03773068287607469,0.0019403574566368947,6.653879897827896e-05,0.00023720958024458526,CASA VERDE
495934525,497223791,0,67.132,0,4,26.049334945586455,0.038379412146981824,0.0034303096829064136,1.9973136007402332e-06,0.0002252059535463703,CASA VERDE
495934525,497223890,0,71.959,0,5,25.3223700120919,0.03948122397524544,0.03281876245545104,6.930059815648488e-06,0.00026328051381519716,CASA VERDE
495934531,2386790665,0,34.627,0,4,24.303022974607014,0.041137193635377586,0.03824878342958181,0.00016215533129702108,0.0002130400498928093,CASA VERDE
495934531,2387005279,0,41.686,0,5,23.82224909310762,0.04196741282168418,0.008018141267499918,0.00041348434834606476,0.0002516568626846585,CASA VERDE
495934531,4680745991,0,53.708,0,5,24.044740024183795,0.04157907970832286,0.030643187950634223,0.00025801512949405085,0.0002496656827605625,CASA VERDE
495934550,495934586,0,243.825,0,5,21.78210399032648,0.045898144755687306,0.02347163265301138,0.024555971105939607,0.0002583512908912618,CASA VERDE
495934550,4680745976,0,38.609,0,4,22.185973397823457,0.0450626233117867,0.009526656832981975,0.0067474799672480835,0.00023845541343897183,CASA VERDE
495934552,496748378,0,32.854,0,4,22.153567110036274,0.04512854101850336,0.11207640475016312,6.066379881326358e-05,0.00023642109595575257,CASA VERDE
495934552,2386665152,0,164.927,0,4,22.32309552599758,0.04478582107338634,0.02797837175578169,5.950367719472378e-05,0.00023636986070427952,CASA VERDE
495934552,2384905296,0,87.434,0,4,22.08851269649335,0.04526145222037313,0.10463616954288511,0.00023874633602367668,0.00022408204630558403,CASA VERDE
495934559,2386619264,0,132.013,0,5,24.295284159613058,0.04115029713022964,0.07148815207087483,2.1345406151875713e-07,0.00026287280399737566,CASA VERDE
495934559,506044787,0,140.148,0,5,23.803869407496975,0.041999817127066214,0.08663388283259948,5.443375656605444e-07,0.00026300595646220823,CASA VERDE
495934559,496748305,0,84.17999999999999,0,5,23.999032648125755,0.04165826917650853,0.004070256376812338,2.3264429142629913e-07,0.000269410936812641,CASA VERDE
495934559,2386619239,0,200.49999999999997,0,6,24.02660217654172,0.041610468042274786,0.017729698729217307,2.571063389031219e-07,0.0002952835100574354,CASA VERDE
495934566,7991031852,0,3.328,0,4,25.81571946795647,0.038726720875332556,0.06375359023529277,6.3729817069556395e-09,0.00025348538415843555,CASA VERDE
495934566,2385168974,0,21.609,0,4,25.481257557436518,0.0392350400987045,0.06508331153362248,1.6950397598958554e-08,0.00024802437778919956,CASA VERDE
495934566,2385169027,0,85.779,0,4,25.685610640870618,0.03892288861689106,0.002700721600960995,7.668907025344916e-09,0.00026233060349118006,CASA VERDE
495934571,7991031852,0,150.932,0,5,26.076662636033856,0.03833919148265277,0.06269059481091163,8.03277667959859e-09,0.0002882129327381346,CASA VERDE
495934586,495934587,0,226.707,0,6,21.66360338573156,0.04614920907802052,0.02503925779861757,0.04173155340835307,0.0002851866873951379,CASA VERDE
495934586,496154103,0,51.1,0,5,21.995163240628777,0.04545354590434304,0.005102231484351472,0.0243103762760862,0.00025181082115397467,CASA VERDE
495934586,11335005377,0,90.75,0,6,21.777750906892383,0.045907319185794715,0.006804440839248567,0.05364938775209126,0.00028002066343476466,CASA VERDE
495934587,496585900,0,38.37,0,5,21.981378476420797,0.045482050322907155,0.026864815657492717,0.028602299267622644,0.00024990611878163203,CASA VERDE
496150604,496150606,0,120.516,0,5,27.86118500604595,0.03588354773188896,0.005648872973268059,3.967788178475107e-05,0.0002626329588418068,CASA VERDE
496150606,2387005338,0,22.406,0,4,27.942442563482466,0.03577919717505323,0.01180310843115114,5.563034519938291e-05,0.00022125741727527473,CASA VERDE
496150612,507905031,0,130.919,0,4,27.80217654171705,0.03595970842539274,0.008446807850631557,6.609206861913791e-06,0.00026280878630641116,CASA VERDE
496150612,507905025,0,36.123,0,2,28.167110036275695,0.0354938139107589,0.0006988120195667366,5.820815254238755e-06,0.00014603212717714326,CASA VERDE
496150612,496150615,0,52.61,0,4,27.473518742442565,0.03638988406996294,0.008643188439143147,2.5592244201007213e-05,0.000250717037621362,CASA VERDE
496150615,496150621,0,135.383,0,5,27.41596130592503,0.03646628148017466,0.010177106468810782,4.087176307580308e-05,0.0002758128898497625,CASA VERDE
496150615,496585890,0,46.756,0,4,26.985247883917776,0.03704832234012045,0.01863685980599845,8.827759213448193e-05,0.00023288582138533519,CASA VERDE
496150621,496150624,0,54.609,0,5,27.837243047158402,0.03591441007062993,0.010894970336516702,2.648107046039616e-05,0.0002738143905443094,CASA VERDE
496150621,2387005352,0,69.851,0,5,27.16541717049577,0.03680260662874236,0.05724909387700469,5.723296483995789e-05,0.0002696618468023869,CASA VERDE
496150624,4319848311,0,4.113,0,4,28.44135429262394,0.03515156668508992,0.010553746851254651,9.380370941886916e-06,0.0002443149221842477,CASA VERDE
496150624,507904961,0,118.049,0,4,28.52019347037485,0.03505439621473574,0.00029310535598744633,1.0487727971774422e-05,0.00022852814255616778,CASA VERDE
496150625,2387005338,0,30.203,0,4,28.013301088270858,0.035688695126688826,0.009664660604759397,3.5608770978225606e-05,0.00023249200305705913,CASA VERDE
496150625,4319848311,0,43.637,0,4,28.61837968561064,0.03493412880164277,0.009958742978600135,1.120371270610129e-05,0.0002473630245627627,CASA VERDE
496150625,507904968,0,120.681,0,4,28.541717049576782,0.03502796136248094,0.0002953036461573522,1.3270315466519515e-05,0.00023189353157418568,CASA VERDE
496150642,2387005289,0,34.992,0,4,28.062877871825876,0.03562564632885212,0.005479848884648632,3.092372204919004e-05,0.0002455816355852188,CASA VERDE
496150642,496150662,0,105.423,0,5,28.24619105199516,0.0353944416856453,0.01032414765573115,3.5261444978215726e-05,0.00027467012688466973,CASA VERDE
496150662,507904871,0,140.96300000000002,0,5,28.639903264812574,0.03490787495989056,0.008854224295454108,1.6503058913105888e-05,0.0002740724482180594,CASA VERDE
496150662,3674499998,0,120.445,0,5,28.91124546553809,0.034580252283601565,0.009431153337822731,2.177692239869e-05,0.00027827494226743857,CASA VERDE
496150670,4319848317,0,59.54,0,5,27.83579201934704,0.03591628222170094,0.004229266032435528,3.991668715783075e-05,0.0002910396169561699,CASA VERDE
496150670,506225695,0,89.553,0,5,27.39758162031439,0.03649074490903795,0.002409326026216809,8.755539156813969e-05,0.00027788706885887703,CASA VERDE
496150670,506225696,0,111.348,0,5,27.887061668681984,0.03585025105582198,0.002294770682918382,3.957490230858681e-05,0.000274706247091415,CASA VERDE
496150677,2386972108,0,5.983,0,5,23.461910519951633,0.04261196722156368,0.030783145758118226,0.05954601351704476,0.00024896524177261546,CASA VERDE
496150677,496585926,0,95.766,0,6,23.0677146311971,0.04334014782198459,0.09484791617968434,0.09173835208038864,0.0002736975219739763,CASA VERDE
496150677,4320402542,0,41.107,0,5,23.33155985489722,0.042850035241925453,0.10782686559727178,0.06848886105141633,0.00024184637805474014,CASA VERDE
496150679,496585896,0,97.164,0,6,22.317291414752116,0.04479746862876834,0.021319262322210233,0.17524146493348022,0.0002526850086025747,CASA VERDE
496150679,496150680,0,225.375,0,6,22.249576783555018,0.04493380578683072,0.017098300941527683,0.1731046642484566,0.0002542725970066313,CASA VERDE
496150680,496154100,0,98.113,0,6,22.24111245465538,0.04495090630334794,0.0019310757870306255,0.13964857125925342,0.00026193707072523454,CASA VERDE
496150681,1924414857,0,56.868,0,4,23.046674727932285,0.04337971415979349,0.05061245585405894,0.018534916615832116,0.00021943670002040185,CASA VERDE
496150681,1924414849,0,40.678,0,4,23.055864570737604,0.04336242342871528,0.05079173863013793,0.01936227612008687,0.00021797347761620626,CASA VERDE
496154093,2386985733,0,76.817,0,5,21.998548972188633,0.045446550283628685,0.0037370932888399406,0.09034573506671266,0.0002295037279845252,CASA VERDE
496154099,496154100,0,95.878,0,6,22.708343409915358,0.044026027966219024,0.00169927830133722,0.10185323651137429,0.00027398787072543376,CASA VERDE
496154099,496585875,0,224.835,0,6,23.1136638452237,0.04325398901386346,0.0010693460404275334,0.08778200766185348,0.0002779675645352452,CASA VERDE
496154100,496585896,0,225.102,0,6,22.349939540507858,0.044732029821353214,0.0006546019617052968,0.1417853719442772,0.000260349482321178,CASA VERDE
496154103,497255554,0,82.109,0,4,22.633131801692866,0.04417232978586998,0.0053201064656354735,0.007930502419493675,0.00021561594349886516,CASA VERDE
496154103,497255559,0,29.279,0,4,22.619588875453445,0.044198776889193006,0.0035052958031465352,0.006620514887842444,0.00021633320613258537,CASA VERDE
496282270,2386985695,0,77.349,0,5,23.44087061668682,0.04265021459227468,0.002761785216791713,0.0011060910191244013,0.0002497170669140164,CASA VERDE
496282270,577320313,0,69.271,0,4,22.948488512696493,0.04356531635965097,0.018482246730715073,0.0026332857210775757,0.00021768555852363965,CASA VERDE
496282270,2386985692,0,93.215,0,5,23.683917775090688,0.04221253305831538,0.015483290430036852,0.0010877742985940962,0.0002587454434307534,CASA VERDE
496585859,496585926,0,117.123,0,5,23.396614268440146,0.0427308904852964,0.0007095592159529429,0.061584003161254154,0.0002379314345319181,CASA VERDE
496585864,496585874,0,145.071,0,5,23.557678355501814,0.04243873895145312,0.0015644498375829948,0.05714516822986778,0.0002418577789653811,CASA VERDE
496585864,2387005253,0,41.385,0,4,24.388149939540508,0.040993604045812884,0.06191728518003142,0.020907626445029977,0.00021315337420754724,CASA VERDE
496585867,2387005253,0,63.751,0,4,24.983071342200727,0.04001742413242341,0.062266324808119805,0.008993722794737959,0.00022488503857347905,CASA VERDE
496585867,2387005319,0,20.34,0,4,25.0546553808948,0.039903089738516036,0.0031696901705409093,0.005249970888503183,0.0002296010820838079,CASA VERDE
496585874,496585875,0,226.41,0,6,23.175574365175333,0.04313844163162234,0.0010417452860720488,0.09016540070320722,0.000275540496841317,CASA VERDE
496585874,496585942,0,94.279,0,6,22.859733978234583,0.0437344617825972,0.0026711668108989274,0.11239586765913159,0.00026797947560773874,CASA VERDE
496585875,496585896,0,95.102,0,6,22.787424425634825,0.043873240931377754,0.020355189955474855,0.12771414309475637,0.00026432917613098946,CASA VERDE
496585890,2387005352,0,145.761,0,4,26.889721886336154,0.037179936864258155,0.0003072721148601729,0.00010463879389863704,0.00022698723251722395,CASA VERDE
496585890,2387005351,0,45.096999999999994,0,4,26.54752116082225,0.03765919070089457,0.019018141023245453,0.0003172594709296048,0.00022643882382660443,CASA VERDE
496585894,2387005298,0,57.288,0,5,25.481257557436518,0.0392350400987045,0.023292838385859035,0.0021434623285341734,0.0002673232878253317,CASA VERDE
496585894,2387005351,0,45.873,0,5,25.892382103990325,0.038612058095549434,0.020575995990318733,0.0010798970894518082,0.00026760177249453954,CASA VERDE
496585894,506225761,0,165.052,0,6,25.56590084643289,0.0391051411814785,0.003480870356814248,0.0015566239577105207,0.00031270650141501736,CASA VERDE
496585894,506225762,0,90.317,0,5,25.503748488512695,0.03920043998558668,0.0007652492335905578,0.0014744708783307223,0.0002740595716029797,CASA VERDE
496585896,496585942,0,225.726,0,6,22.408464328899637,0.04461520197714199,0.0010747196386206364,0.1499446100506808,0.0002567681548974112,CASA VERDE
496585898,2387005357,0,149.922,0,5,22.21112454655381,0.045011595875570264,0.0010923059599798834,0.09097281971289331,0.0002256828378286959,CASA VERDE
496585900,497255508,0,152.57,0,4,22.51148730350665,0.04441102218402535,0.023811634865956815,0.007961086709137808,0.0002219787444978579,CASA VERDE
496585900,497255554,0,145.011,0,4,22.664328899637244,0.04411152725759467,0.002909803421565373,0.008792779051100518,0.00021637588920193007,CASA VERDE
496585926,496585942,0,226.44799999999998,0,6,22.774365175332527,0.043898398674765325,0.000381525471710326,0.11601577057215909,0.0002641264666512045,CASA VERDE
496585948,2386905199,0,141.207,0,4,22.93881499395405,0.04358368827225573,0.050309336065075254,0.010213080166268089,0.00023435995166828423,CASA VERDE
496585948,1924414857,0,40.745,0,4,23.1322853688029,0.04321916948939907,0.05045637725199562,0.01566832572124593,0.00022357632047012658,CASA VERDE
496586000,497224199,0,101.618,0,5,26.282224909310763,0.03803932754860734,0.004379482527379094,3.3061676983921963e-06,0.000280356875035583,CASA VERDE
496586000,3891203418,0,46.5,0,5,26.601692865779928,0.037582501500027274,0.039900187856107744,2.047862298451414e-06,0.00028283771654524824,CASA VERDE
496586000,8943932947,0,129.183,0,5,26.614268440145104,0.03756474329850068,0.0003199733469529622,2.666894609295616e-06,0.00026415324976028536,CASA VERDE
496586001,3891203418,0,55.596999999999994,0,4,27.105683192261186,0.036883710140789776,0.039343287679731595,5.892341945584427e-07,0.00024379963266217436,CASA VERDE
496586001,2283852106,0,143.737,0,4,27.60918984280532,0.03621106478399495,0.0010007105362338064,3.0842782021395496e-07,0.00023442829047174704,CASA VERDE
496586053,497224199,0,83.482,0,2,26.753567110036276,0.03736915372516406,0.0006988120195667366,1.927627119184122e-06,0.00013426217401218607,CASA VERDE
496748195,496748212,0,140.495,0,4,25.138331318016927,0.03977026754018875,0.00957648474349984,3.673401184721626e-09,0.0002560088758345124,CASA VERDE
496748195,496748295,0,364.64000000000004,0,4,24.80411124546554,0.04030614732121094,0.001138470053547906,1.438521508902515e-08,0.000257854194493212,CASA VERDE
496748195,4324883239,0,29.165,0,4,25.472309552599757,0.03924882272520128,0.008905761987215233,4.0544881909111665e-09,0.00027587263684074694,CASA VERDE
496748212,949137606,0,34.958,0,4,25.694800483675937,0.038908967698215495,0.011639457940724816,9.281843642924266e-10,0.000247946352500297,CASA VERDE
496748212,949137470,0,12.749,0,4,25.35912938331318,0.03942399389662407,0.019364249597773966,9.538100725443777e-10,0.00025289601930233573,CASA VERDE
496748244,7991666001,0,78.52,0,4,24.516807738814993,0.04077848032591219,0.0015109581101152858,4.443731351642681e-07,0.0002727104003694362,CASA VERDE
496748244,2385168915,0,110.50800000000001,0,4,23.885852478839176,0.041855661752794426,0.022256710952443415,1.7953387924723321e-06,0.00026300484668412803,CASA VERDE
496748244,7991635848,0,84.752,0,4,24.571946795646916,0.0406869740662369,0.020401598303506203,4.4435960351107954e-07,0.0002733064639892135,CASA VERDE
496748295,2385169027,0,12.673,0,4,25.032164449818623,0.039938941917532944,0.002302098316818068,1.5003598798919392e-08,0.00026233085328883636,CASA VERDE
496748295,2386619228,0,259.607,0,4,24.31197097944377,0.0411220531184721,0.0009650493845886671,5.6849254292163835e-08,0.0002462970774598595,CASA VERDE
496748305,2386619228,0,92.176,0,4,24.30689238210399,0.04113064501686416,0.0033829243170217763,1.1241454973538255e-07,0.00023586703245361088,CASA VERDE
496748305,2386619254,0,72.643,0,4,24.019105199516325,0.04162345573354544,0.0006509381447554537,1.5970372471189505e-07,0.000245378314757018,CASA VERDE
496748315,2386619263,0,120.061,0,5,23.678839177750906,0.04222158673094207,0.009860796938807663,4.661672337431251e-07,0.00029387052360485804,CASA VERDE
496748315,2386619254,0,35.372,0,4,23.800967351874245,0.0420049381712509,0.0014823803379065098,4.3156260990266763e-07,0.00025020143060920815,CASA VERDE
496748315,496748392,0,226.934,0,4,23.185006045949216,0.04312089287576927,0.011213966665616373,1.6547065889710233e-06,0.00024361290642384105,CASA VERDE
496748326,1428737448,0,102.877,0,6,24.908343409915357,0.040137481067225915,0.03738314561156555,9.096855468477281e-08,0.00028513499876072504,CASA VERDE
496748326,2386619239,0,101.521,0,6,24.371946795646917,0.04102085772688484,0.017418274288480643,1.4825329513405091e-07,0.00028306378481373647,CASA VERDE
496748349,4286855764,0,51.842,0,4,23.193954050785972,0.04310425724921017,0.062393337129047696,3.0590964043644513e-06,0.00026118461856498994,CASA VERDE
496748349,496748392,0,111.59,0,4,23.13422007255139,0.04321555509094711,0.028773420033897636,3.5387034875632584e-06,0.0002479160848896511,CASA VERDE
496748378,496748384,0,84.092,0,4,22.517291414752115,0.04439957469202763,0.0943530566369922,1.641447024377215e-05,0.00023981770564502098,CASA VERDE
496748384,2386619206,0,50.047000000000004,0,4,23.146311970979443,0.04319297879009508,0.11113480379405344,4.490466664278651e-06,0.00023704851508870285,CASA VERDE
496748384,496748392,0,98.181,0,4,22.911970979443772,0.04363475158590262,0.037323791776978095,4.717602816770239e-06,0.00024200117028305075,CASA VERDE
496748424,4324883239,0,145.133,0,4,26.03821039903265,0.038395809339822416,0.00861363364908108,3.0813996366919486e-09,0.000295615991171573,CASA VERDE
496748424,2386619244,0,164.844,0,4,25.67521160822249,0.038938653253835935,0.009190074182523057,9.43905576384435e-09,0.00029822745239130213,CASA VERDE
496748424,4102377746,0,51.17100000000001,0,2,26.418379685610642,0.037843280849505674,0.0006988120195667366,2.263228968998337e-09,0.00016373109492613788,CASA VERDE
497223791,2583166232,0,90.214,0,4,26.76106408706167,0.037358684945371735,0.0019288774968607197,8.113305530592443e-07,0.0002302356030014104,CASA VERDE
497223791,2583166224,0,74.206,0,4,26.98452237001209,0.03704931843234959,0.001108426754559193,7.571656380902447e-07,0.0002295264198471841,CASA VERDE
497223792,2583166232,0,56.116,0,4,26.55477629987908,0.037648901679355945,0.0021257465942989546,1.1122305167581911e-06,0.00022723719601608193,CASA VERDE
497223792,497223795,0,69.907,0,5,25.73881499395405,0.03884243164521282,0.003341156803793565,3.652441517377266e-06,0.0002610135609276667,CASA VERDE
497223792,497223794,0,124.501,0,4,26.278597339782348,0.03804457860153503,0.0010759409109372508,1.0675525256462078e-06,0.00022963999894185612,CASA VERDE
497223794,3891203416,0,28.391,0,4,26.63627569528416,0.03753370679401857,0.01939258311551942,3.732514246348701e-07,0.00024568987220171265,CASA VERDE
497223795,13594883125,0,153.319,0,5,25.355018137847644,0.03943038638726477,0.0020050848894174558,5.462865370857325e-06,0.0002575240220583174,CASA VERDE
497223795,497223909,0,114.854,0,6,25.373397823458284,0.03940182426443256,0.016347706975736495,4.278810203154204e-06,0.0002940255491011472,CASA VERDE
497223795,497223890,0,212.279,0,6,25.17049576783555,0.03971944657955419,0.01508417863696728,8.284287768587421e-06,0.0003006011919231318,CASA VERDE
497223803,4317607674,0,27.258,0,2,27.762273276904473,0.036011394025976286,0.0006988120195667366,4.285024033355069e-08,0.00014119713102212134,CASA VERDE
497223803,497223805,0,15.658,0,4,27.04570737605804,0.036965502441118084,0.0016775396541014844,1.4275227687305703e-07,0.00024463098118360726,CASA VERDE
497223805,6222696384,0,17.098,0,4,26.265296251511487,0.0380638448718775,0.050280514038403154,4.651719109094224e-07,0.00022582513685866516,CASA VERDE
497223805,497224233,0,156.53,0,4,26.793954050785974,0.03731282662262056,0.04900721552110102,1.874002241430305e-07,0.0002243110886473782,CASA VERDE
497223809,13594883125,0,31.122,0,4,25.444498186215235,0.039291722505774,0.004158187983608572,4.6465294093757165e-06,0.00021881185594104915,CASA VERDE
497223809,2386665226,0,77.2,0,4,25.246674727932284,0.039599597681881316,0.06346805676766834,7.915844021381851e-06,0.00021722327746777868,CASA VERDE
497223809,2386710969,0,147.398,0,4,25.660217654171706,0.038961406154281134,0.06294706199740065,2.9672906453340725e-06,0.00021733291882254597,CASA VERDE
497223831,497453460,0,155.839,0,4,27.22708585247884,0.03671924962694521,0.003459620218505158,1.417955349167246e-07,0.00021080020337927647,CASA VERDE
497223837,497223849,0,73.024,0,2,28.56130592503023,0.03500393730789748,0.0006988120195667366,1.2387231067078162e-07,0.0001487271924058928,CASA VERDE
497223849,4675638275,0,40.666,0,4,27.831680773881498,0.03592158770984672,0.0012579104861127905,3.269472693623035e-07,0.00026663608723009077,CASA VERDE
497223890,9267837889,0,156.476,0,5,25.024425634824667,0.03995129305346167,0.032721304924585214,1.2180582694716746e-05,0.00026353338860570755,CASA VERDE
497223890,4297688536,0,171.234,0,5,25.153083434099152,0.03974694254288132,0.01605386885635908,1.3324918118441551e-05,0.000268277631789625,CASA VERDE
497223909,2386710969,0,25.783,0,5,25.596856106408705,0.03905784983418838,0.06107485153603084,2.3061813108523576e-06,0.00025364552790636065,CASA VERDE
497223909,6222696384,0,27.76,0,5,25.58645707376058,0.039073724007561435,0.062051380880395676,1.760263327031334e-06,0.00025564307184083304,CASA VERDE
497224062,8001958710,0,105.7,0,4,28.263361547762997,0.0353729389316243,0.029254845581107018,4.75413205291547e-08,0.00022544597215832675,CASA VERDE
497224062,11191377820,0,119.207,0,4,27.75477629987908,0.03602112123799732,0.037657199119413814,1.3538687033033006e-07,0.0002200738630882826,CASA VERDE
497224062,11191377808,0,75.025,0,5,28.350665054413543,0.03526401091870682,0.021081358474933753,5.320294536421076e-08,0.00026068119321012267,CASA VERDE
497224233,4680108378,0,17.307,0,4,26.76565900846433,0.03735227149517511,0.00037835016368712864,2.0519952293687919e-07,0.00021466215502245094,CASA VERDE
497255508,2387005229,0,32.054,0,4,22.91535671100363,0.043628304574956464,0.05590178625731573,0.0027148146113294075,0.00023092738506513095,CASA VERDE
497255508,577320313,0,104.493,0,4,22.607980652962514,0.044221471053870184,0.041600198920834934,0.003931797601986172,0.00022587451900412867,CASA VERDE
497255554,2387005234,0,111.563,0,5,22.953808948004838,0.04355521840824325,0.003951792962100745,0.004148824343034861,0.00026379652021024354,CASA VERDE
497255559,2387005231,0,110.27900000000001,0,5,23.150906892382103,0.04318440597937929,0.0013565892892952306,0.002422067841469531,0.0002646944222075781,CASA VERDE
497255559,497255561,0,119.76,0,4,23.228053204353085,0.043040979510244874,0.002316997839080763,0.001962539217104585,0.00021917355759326198,CASA VERDE
497255561,2387005237,0,110.1,0,5,23.49359129383313,0.042554505589525046,0.0005029199399817934,0.0008393069631158642,0.00026288768026004107,CASA VERDE
497255561,497255562,0,98.958,0,4,23.342684401451027,0.04282961397401629,0.00221978456267826,0.0009751136306864021,0.00022302393437012794,CASA VERDE
497255562,4680745976,0,23.547,0,4,22.807738814993954,0.043834163927473226,0.009015676495710527,0.0018161289350700045,0.00023815326588581462,CASA VERDE
497255562,2387005279,0,110.368,0,5,23.282950423216445,0.042939496234744225,0.009802908631000142,0.0007764709352682046,0.00026103932657659044,CASA VERDE
497255588,2386790665,0,64.966,0,4,24.41789600967352,0.04094366531970525,0.03472272599705283,0.00014398226034424642,0.00021820863255338373,CASA VERDE
497255588,497453471,0,24.543,0,4,24.32091898428053,0.0411069237423807,0.03635141475848974,0.00012242401590344565,0.000220193594006248,CASA VERDE
497255588,2387005237,0,145.73,0,5,23.91390568319226,0.041806561223251486,0.0019274119700807824,0.0004303667736541298,0.0002621882655256421,CASA VERDE
497453471,2387005297,0,56.329,0,4,24.713905683192262,0.04045326444340066,0.035711712319047136,5.2628726086167006e-05,0.00022651355639471702,CASA VERDE
506042620,506042621,0,58.686,0,4,25.355018137847644,0.03943038638726477,0.03225306911839527,0.0011178091231339052,0.0002180643619170818,CASA VERDE
506042626,1373318899,0,57.864000000000004,0,5,28.070616686819832,0.03561582466055552,0.021711779244770087,1.3676368718733405e-05,0.0002701657234094232,CASA VERDE
506042652,4320400726,0,60.563,0,4,29.210640870616686,0.034225820873280015,0.010957987988054004,1.7178896796262414e-06,0.0002635213791639414,CASA VERDE
506042652,1373318923,0,60.870999999999995,0,4,29.435066505441355,0.03396486846213254,0.01169075137802262,1.6353420584878206e-06,0.0002519514138238563,CASA VERDE
506044762,2386619265,0,90.364,0,6,24.507617896009673,0.0407937714009414,0.014103008457799302,2.2779513937555038e-07,0.00028489806642666116,CASA VERDE
506044764,2386619265,0,234.352,0,6,24.09310761789601,0.04149560853199498,0.033123347771214666,3.4909070677670584e-07,0.00028274118976445283,CASA VERDE
506044764,506044782,0,67.354,0,5,23.66602176541717,0.04224445375489224,0.025687509144276473,4.694146910138298e-07,0.0002504409481068003,CASA VERDE
506044764,1824757687,0,121.56,0,6,24.107376058041112,0.041471048513302036,0.03120350768949689,4.3975147820509814e-07,0.00029227629314403433,CASA VERDE
506044772,2386635694,0,56.995,0,6,24.239903264812575,0.041244313193391335,0.027027244875602426,1.909706274631333e-06,0.00031299462359712856,CASA VERDE
506044772,2386635674,0,91.317,0,5,24.119226118500606,0.041450673297704875,0.028521349427748432,1.0666870368908395e-06,0.0002583762498827134,CASA VERDE
506044772,506044813,0,234.92000000000002,0,5,23.935912938331317,0.04176812326345036,0.0007210391757291179,1.6054427940482376e-06,0.00026629519598409646,CASA VERDE
506044777,2386635824,0,124.856,0,5,24.077871825876663,0.041521865772081716,0.030420916389010406,3.060048121828212e-05,0.00026471618170258475,CASA VERDE
506044777,2386635831,0,83.43500000000002,0,5,24.15695284159613,0.04138593839161469,0.02867669526642178,3.047642670180716e-05,0.00026089745853430965,CASA VERDE
506044782,1824757639,0,75.8,0,4,23.43240628778718,0.04266562083948273,0.026576595390771725,1.12220972177068e-06,0.00022322473621627883,CASA VERDE
506044782,2386619268,0,237.71,0,4,23.668923821039904,0.042239274146580706,0.0010168313308131158,3.7222048169532186e-07,0.00020936850576106788,CASA VERDE
506044787,2386619206,0,82.577,0,4,23.407980652962515,0.04271014133399455,0.11004347485192685,1.467404825523196e-06,0.00022774087595163998,CASA VERDE
506044787,2386619205,0,201.723,0,5,23.86384522370012,0.04189426107400914,0.023177306024707318,8.407314574790664e-07,0.00027353697867295784,CASA VERDE
506044803,1824757639,0,98.073,0,4,23.499637243047157,0.04254355723415422,0.0028528921316111444,1.53820131194855e-06,0.00023187921637841868,CASA VERDE
506044803,1824757597,0,21.474,0,4,23.75018137847642,0.04209475902939709,0.008277295253085484,9.392532912801557e-07,0.0002247896259080976,CASA VERDE
506044803,2386635798,0,67.015,0,4,23.47714631197098,0.04258431364469808,0.008300987936027803,2.619689051699135e-06,0.00023272874225954433,CASA VERDE
506044809,506044813,0,75.289,0,4,24.232889963724304,0.041256249812879855,0.0027964693505835607,1.8131332526583271e-06,0.00023166980716561963,CASA VERDE
506044809,5983831969,0,68.114,0,4,24.599032648125757,0.04064217387457357,0.0031838569294136356,2.400227930269832e-06,0.00023763625187189788,CASA VERDE
506044809,5983831973,0,69.95,0,4,24.076420798065296,0.04152436819478485,0.00024352169993290332,3.261035809084243e-06,0.00023793103046315076,CASA VERDE
506044812,5983831969,0,126.392,0,4,24.428295042321643,0.04092623575650177,0.001537093337690833,4.814854230671405e-06,0.00023737748217598684,CASA VERDE
506044812,2386635824,0,47.593,0,4,24.263361547762997,0.04120443740095087,0.033109425266805256,1.0143314940009145e-05,0.00023091264326060247,CASA VERDE
506044812,2386635673,0,42.37,0,4,24.028536880290204,0.04160711769560579,0.03179289370949498,1.0703483940713097e-05,0.0002377464709150373,CASA VERDE
506044813,2386635798,0,38.69,0,4,23.548730350665053,0.0424548647482901,0.001827511894581728,2.763764999434415e-06,0.00023050300364502974,CASA VERDE
506225693,506225694,0,76.531,0,4,26.972188633615477,0.037066260199049586,0.0027686243417647536,0.0001664390442608626,0.00024093415725463634,CASA VERDE
506225693,4319848320,0,34.235,0,4,27.045223700120918,0.0369661635310108,0.004229021777972204,0.00030567907528480183,0.0002515474717586795,CASA VERDE
506225693,506225753,0,144.723,0,4,26.28899637243047,0.0380295294604664,0.0013683135035347286,0.0003726256029693663,0.0002405910213699267,CASA VERDE
506225694,506225695,0,30.069,0,4,27.594195888754534,0.036230740916022505,0.0030165426220374685,0.00011071904881094398,0.00023489666427688798,CASA VERDE
506225695,2387005290,0,106.47,0,4,27.049093107617896,0.03696087547385738,0.0011418896160344263,0.00022677956532412096,0.00023680071490896206,CASA VERDE
506225699,2387005328,0,74.941,0,5,26.45006045949214,0.037797953753737276,0.002197068897589233,0.0009343958748270224,0.00026240982813517465,CASA VERDE
506225699,2387005290,0,105.332,0,5,26.39588875453446,0.03787552566721944,0.002273276290145969,0.0008598716273775511,0.0002748291007494796,CASA VERDE
506225699,2387005336,0,85.426,0,5,26.369044740024183,0.03791408342198907,0.02926705830427316,0.000915020659130057,0.0002599218441584816,CASA VERDE
506225707,2385169176,0,37.189,0,4,24.725755743651753,0.040433876820453636,0.0012984567270243872,1.1670692295109469e-06,0.0002300684539567595,CASA VERDE
506225707,506225748,0,67.371,0,4,24.68681983071342,0.040497648902821315,0.0023331186336600727,8.183387781193282e-07,0.0002306833263415548,CASA VERDE
506225707,506225716,0,70.49799999999999,0,4,24.214026602176542,0.04128838951310861,0.003566847927903899,1.28000948710078e-06,0.000234662397059535,CASA VERDE
506225714,2385168921,0,27.596,0,4,24.01813784764208,0.041625132155263554,0.001254979432552916,7.826212750383011e-06,0.00022836017705977585,CASA VERDE
506225714,4386633612,0,16.774,0,4,23.450785973397824,0.04263218141880395,0.03678227963179129,2.1655732613715083e-05,0.00022857469524894785,CASA VERDE
506225714,2126300732,0,32.762,0,5,23.792019347037485,0.04202073592193535,0.0368636163680778,1.6659218380735158e-05,0.0002650173186249116,CASA VERDE
506225716,2385168921,0,196.573,0,4,24.046916565900847,0.041575316290202544,0.00022031752591723049,2.5467704053694114e-06,0.00023418449641516014,CASA VERDE
506225716,506225727,0,55.957,0,4,23.702055622732768,0.042180230185291,0.0038093926099835107,2.548988237830377e-06,0.0002382286533213128,CASA VERDE
506225727,506225735,0,155.18,0,4,23.630471584038695,0.0423080072048469,0.00026794714626519054,6.059218812716151e-06,0.00023948479267791762,CASA VERDE
506225727,506225737,0,124.369,0,4,23.414510278113664,0.04269823071917702,0.004106406037384123,4.215311234210978e-06,0.00024101270011657444,CASA VERDE
506225735,506225737,0,221.747,0,4,23.20241837968561,0.04308853265514582,0.07860939094905317,6.8695079467570635e-06,0.0002405428474267972,CASA VERDE
506225735,4386633612,0,65.95,0,4,23.239177750906894,0.04302037588194892,0.07893522640312588,1.988652084358695e-05,0.00023565515396093694,CASA VERDE
506225737,2385168935,0,59.173,0,4,22.992019347037484,0.04348283406260518,0.082769288713905,7.84189445508324e-06,0.00024427439551413576,CASA VERDE
506225748,2532882359,0,59.612,0,5,24.73252720677146,0.04042280652005984,0.00019002997246519437,1.5754586786268415e-06,0.0002723266812704784,CASA VERDE
506225748,2385169076,0,137.29,0,4,24.955259975816205,0.04006202151371257,0.0020778727194876714,5.046112885780322e-07,0.00023279064921129147,CASA VERDE
506225761,2387005350,0,54.033,0,5,25.952116082224908,0.03852318473236917,0.05572225922677342,0.0009590309976356855,0.00026873617982168635,CASA VERDE
506225761,2387005280,0,59.562,0,5,25.542442563482467,0.03914105550190308,0.053595779869084495,0.0019490425865521363,0.0002691899344364459,CASA VERDE
506225761,4319848314,0,101.36,0,5,25.999516324062878,0.03845295233843063,0.005408770835821676,0.0010055273379941604,0.0002808379925855494,CASA VERDE
506225762,2386985670,0,47.396,0,5,24.83845223700121,0.040250421100801306,0.005639347049198468,0.0025735878311244115,0.0002922686411126581,CASA VERDE
506225762,506225763,0,35.833,0,4,25.47496977025393,0.039244724176231024,0.005519173853243614,0.0008033792817861507,0.00024900167792354347,CASA VERDE
506225763,2387005278,0,26.239,0,5,26.066989117291413,0.03835341924350803,0.004906583659229851,0.00021266882794923402,0.0003234728590373569,CASA VERDE
506225763,506225764,0,36.038,0,2,26.28004836759371,0.03804247800640483,0.0006988120195667366,0.0001836634108396497,0.00014454455196322152,CASA VERDE
506225771,507904955,0,109.581,0,4,28.36807738814994,0.03524236585906464,0.007342289167485531,2.8798266549973464e-06,0.00023946521789446764,CASA VERDE
506225771,2387005358,0,13.703,0,4,28.292623941958887,0.03533635353449013,0.03449996592650237,1.178314903044047e-06,0.00024261078435580728,CASA VERDE
506225771,2387110652,0,42.842999999999996,0,4,28.733010882708584,0.03479475806112229,0.026960563407115282,1.397293348244781e-06,0.00023928454123122364,CASA VERDE
506225775,507905018,0,68.883,0,4,26.83675937122128,0.03725331170586645,0.036788874502301006,4.274482282981212e-06,0.00026426976353908935,CASA VERDE
506225775,507904993,0,226.03300000000002,0,2,27.3770253929867,0.03651814423518603,0.0006988120195667366,1.0926027281505396e-06,0.0001467157675871135,CASA VERDE
506225775,2387005315,0,109.094,0,4,26.900846432889963,0.03716456151391199,0.0369383582338546,1.76992760550544e-06,0.00025327016374553053,CASA VERDE
506225777,2387005362,0,142.447,0,5,26.306408706166867,0.03800435753881795,0.004986210614273108,8.37271093983468e-06,0.00027805317881358953,CASA VERDE
506225777,2386924515,0,54.705,0,5,26.704715840386942,0.037437513584003476,0.04596942276075447,4.1566935799082676e-06,0.00027653020930725874,CASA VERDE
506225777,2387005315,0,59.879000000000005,0,5,26.85683192261185,0.03722546892024529,0.04946421562197812,3.3574525290906957e-06,0.000280746688358223,CASA VERDE
506225777,506225795,0,153.238,0,5,26.796372430471585,0.037309459130167956,0.0015463750072971022,3.207584498459116e-06,0.0002695792045002527,CASA VERDE
506225795,506407751,0,41.699,0,5,27.06311970979444,0.03694171894268404,0.09184554031651959,9.69860388467974e-07,0.00025971703955728466,CASA VERDE
506225795,506407766,0,32.204,0,4,27.429262394195888,0.03644859813084112,0.09140441675575849,8.880263392119031e-07,0.0002257995978547912,CASA VERDE
506225796,2387005308,0,25.523,0,2,25.653446191051994,0.03897169037585905,0.0006988120195667366,0.0001858027011670298,0.0001454936017496847,CASA VERDE
506407690,2387005359,0,120.372,0,4,28.44788391777509,0.03514349836779108,0.08666490314944149,2.0820120181426983e-07,0.0002443917999224871,CASA VERDE
506407751,2126300769,0,70.378,0,5,27.215235792019346,0.03673523792597858,0.006374308729336989,4.265710557539774e-07,0.00026215362543264133,CASA VERDE
506407766,2387005320,0,30.228,0,4,27.8130592503023,0.03594563809159442,0.09217699362324873,4.6004153323359245e-07,0.00023592881372608545,CASA VERDE
507856165,2387005359,0,11.907,0,4,28.538089480048367,0.03503241388076776,0.0899777264354896,3.481424664549364e-07,0.00024237482880527805,CASA VERDE
507856165,2387110652,0,28.503,0,4,28.616686819830715,0.03493619538578552,0.09108932849807198,8.664693670242603e-07,0.00023995147202553551,CASA VERDE
507904862,3111856955,0,48.005,0,4,28.073518742442563,0.035612142930981014,0.008201576369455394,7.302734536748769e-07,0.000261598016456646,CASA VERDE
507904955,507905043,0,38.22,0,4,28.415477629987908,0.03518357759281009,0.0010634839333077844,3.004293089998474e-06,0.000252457952410375,CASA VERDE
507905018,507905033,0,63.953,0,4,27.096735187424425,0.036895890044178675,0.0351997549639224,4.505670540707282e-06,0.0002571920257768134,CASA VERDE
507905018,2387005346,0,280.311,0,4,26.71148730350665,0.03742802303262956,0.0036972798113183124,1.6278749946541126e-05,0.00026684831304659047,CASA VERDE
507905031,507905033,0,104.823,0,4,27.80024183796856,0.03596221097134506,0.008509581247705535,2.7399224925547385e-06,0.0002564146889541055,CASA VERDE
507905031,507905043,0,46.688,0,4,28.228536880290207,0.03541657742557293,0.0009550349515924293,2.4099464450549316e-06,0.0002631937373143252,CASA VERDE
507905033,2387005358,0,41.019,0,4,27.764691656590085,0.03600825733622514,0.04211411031166626,1.6327573855411104e-06,0.0002488244705114948,CASA VERDE
507905043,5891665741,0,67.563,0,2,28.90423216444982,0.0345886428099298,0.0006988120195667366,9.786915507104757e-07,0.00014641707818505734,CASA VERDE
507914874,9433798803,0,139.797,0,4,26.678355501813783,0.03747450482708607,0.01304905044856111,3.4432434069738076e-06,0.00023302931469169625,CASA VERDE
507914874,507914882,0,243.229,0,4,26.52527206771463,0.037690778796885545,0.00032314865497615956,7.538521484112322e-06,0.0002314069558372335,CASA VERDE
507914882,9442485658,0,218.627,0,4,26.193954050785972,0.03816751606470197,0.0002865104854777288,1.7288259338163267e-05,0.0002313986435376458,CASA VERDE
507914882,1368218053,0,186.596,0,4,26.924788391777508,0.037131514182549806,0.0002298434499868225,1.3119244603552195e-05,0.0002359947771708116,CASA VERDE
577320157,2386985714,0,52.916,0,4,24.3912938331318,0.0409883202125761,0.014129387939838173,0.0015703554454207208,0.00021937151509987147,CASA VERDE
577320157,2386985675,0,29.194,0,4,24.621039903264812,0.04060584629891561,0.03554635204737755,0.0018088759027262923,0.00021937365928582608,CASA VERDE
577320162,2386985695,0,103.032,0,6,24.088996372430472,0.04150269054694402,0.0027163538866136587,0.0007649667053241687,0.00028782131958448437,CASA VERDE
577320313,11191401769,0,189.10300000000004,0,4,22.38597339782346,0.04466002635957047,0.023676073638812623,0.008441990850102792,0.00021976316526138012,CASA VERDE
949137456,949137459,0,149.076,0,4,27.864812575574366,0.03587887624651756,0.00024083490083635174,5.728037314223393e-11,0.00023941153166665718,CASA VERDE
949137456,949137583,0,7.026,0,4,28.12575574365175,0.035546001719690454,0.021026156966222787,3.0113493858354194e-11,0.00024201854922939684,CASA VERDE
949137456,5680615777,0,53.812,0,4,27.400967351874243,0.03648623602199412,0.020804129659062295,6.966539055486643e-11,0.0002408225859325055,CASA VERDE
949137459,2386852692,0,49.768,0,4,27.555501813784765,0.036281616963016274,0.08109834393031323,1.7068085231217303e-10,0.0002380899952248414,CASA VERDE
949137465,5680608213,0,38.984,0,4,28.93349455864571,0.03455366098294885,0.0020949705319202724,5.3420836791326706e-12,0.000302115829554176,CASA VERDE
949137465,949137654,0,21.212,0,4,28.528657799274487,0.03504399572758252,0.01252512462473355,6.586163304260021e-12,0.0002726985136533138,CASA VERDE
949137465,2022036540,0,168.073,0,4,28.091414752116084,0.03558945574131786,0.012589607803050788,2.0609442933145843e-11,0.00026478847173656394,CASA VERDE
949137470,949137688,0,75.641,0,4,25.77484885126965,0.038788128993516545,0.023806261267763713,2.7078567168594706e-10,0.00025222115977799987,CASA VERDE
949137470,5680610226,0,187.476,0,4,25.582345828295043,0.03908000340319333,0.018280736798473703,4.042210431993212e-10,0.0002631195834814071,CASA VERDE
949137523,2384971996,0,227.77799999999996,0,4,29.23700120918984,0.034194962570825924,0.008111446472489254,3.1549975110893394e-13,0.0002591998200421363,CASA VERDE
949137563,5680608208,0,122.124,0,4,29.022249093107618,0.034447990533885524,0.017239968530254945,6.719042396292657e-13,0.00024785820399140097,CASA VERDE
949137563,5680620178,0,285.4170000000001,0,5,29.632889963724306,0.033738125550876505,0.005793471615555199,1.918015062694891e-13,0.0002916155656631328,CASA VERDE
949137567,949137572,0,82.391,0,4,28.292382103990327,0.03533665558300353,0.013256910996848875,4.212422108462735e-12,0.00023189551731913702,CASA VERDE
949137572,8953100684,0,163.67,0,4,28.123579201934703,0.03554875269797319,0.0003900743779266265,7.481051780725192e-12,0.00023595084313517066,CASA VERDE
949137572,949137580,0,154.135,0,5,27.780169286577994,0.03598819545403104,0.01286708087338557,8.252498416634465e-12,0.0002931131607681075,CASA VERDE
949137580,3891180211,0,37.19,0,5,27.1770253929867,0.03678688699644945,0.025361917944667085,1.9627249576967524e-11,0.0003010071355132989,CASA VERDE
949137580,949137654,0,34.05,0,5,28.086819830713424,0.03559527807196549,0.012555412178185586,7.870669370899233e-12,0.00031120820611213587,CASA VERDE
949137580,4324883236,0,50.009,0,3,28.089721886336154,0.0355916005888886,0.0006988120195667366,6.46232111518921e-12,0.00018998331620443196,CASA VERDE
949137583,8953100684,0,121.23400000000001,0,4,28.23627569528416,0.03540687068013053,0.002393693740564145,1.409447416873741e-11,0.00024020386391032954,CASA VERDE
949137583,2022036540,0,84.804,0,4,27.84981862152358,0.035898192933248814,0.023023914221740556,2.5551134480736418e-11,0.00024772963827022923,CASA VERDE
949137604,949137606,0,59.103,0,4,26.541717049576782,0.03766742596810934,0.000507316520321605,2.5674776575963794e-10,0.00024402129251939987,CASA VERDE
949137604,5680615777,0,187.89600000000002,0,4,26.91777509068924,0.03714118862584789,0.00013336293697428808,1.1493750053395002e-10,0.00024188375760971374,CASA VERDE
949137604,4102377738,0,22.737,0,4,27.217412333736398,0.036732300255899915,5.8132562270843524e-05,1.263689758570644e-10,0.0002442587014938213,CASA VERDE
949137606,4102377738,0,50.04,0,4,26.585247883917773,0.037605749113071955,0.010726923265750567,2.5086863546094924e-10,0.00024535608838825956,CASA VERDE
949137650,5680608208,0,5.936,0,4,28.420072551390568,0.03517788915646247,0.027187231549078907,1.4563039048947775e-12,0.0002556344950261827,CASA VERDE
949137650,2384971996,0,82.57,0,4,28.5093107617896,0.0350677773442139,0.008748462112835304,1.1517286586020857e-12,0.00026590452706558515,CASA VERDE
949137650,4283490660,0,39.812,0,4,27.780411124546553,0.03598788216449614,0.019552325534532577,4.334490376648466e-12,0.0002658220059157292,CASA VERDE
949137654,4324883229,0,101.706,0,2,29.082466747279323,0.03437666311868015,0.0006988120195667366,2.613253989854569e-12,0.00014738778964703224,CASA VERDE
949137681,4286867903,0,36.562,0,4,30.219105199516324,0.033083645443196,0.012795270061168646,2.0391155125651236e-13,0.000307032541078985,CASA VERDE
949137681,4324887453,0,32.529,0,4,29.914873035066506,0.03342010380119323,0.012549061562139191,7.531451082608557e-13,0.0002979557541757666,CASA VERDE
949137681,5680610236,0,60.766999999999996,0,2,30.826118500604593,0.032432177992562726,0.0006988120195667366,1.7296698124663473e-13,0.00016591143026386523,CASA VERDE
949137683,5680610230,0,54.029,0,4,28.005078597339782,0.03569917358226613,0.0040597534348894545,5.645984917116927e-12,0.0002556035271571529,CASA VERDE
949137683,4324887030,0,80.212,0,4,28.71825876662636,0.034812631578947366,0.013801598450058879,1.6476115800683507e-12,0.00027543803596915693,CASA VERDE
949137683,2384972030,0,55.616,0,4,28.64062877871826,0.03490699068640282,0.010008815143581323,2.689072040524592e-12,0.0002556039420203305,CASA VERDE
949137688,3891180228,0,258.92499999999995,0,4,26.47472793228537,0.037762736017100104,0.004951037971554614,7.142879488824751e-11,0.0002514225390563927,CASA VERDE
949137688,3891180211,0,115.41400000000002,0,4,26.46626360338573,0.037774813136204975,0.01848029269500849,6.855913387163785e-11,0.0002496369221018888,CASA VERDE
949137839,2386852692,0,97.526,0,4,27.160580411124545,0.03680916044128253,0.10215991779371783,6.574587238687953e-10,0.00023564988995601981,CASA VERDE
949137880,3891180212,0,85.775,0,3,29.16348246674728,0.03428116526108914,0.0006988120195667366,4.648729778471494e-12,0.0001775798799715787,CASA VERDE
966218315,2386604605,0,35.114999999999995,0,4,29.902781136638453,0.03343361801242236,0.07370256303535999,6.255297051763776e-13,0.0002440305879942076,CASA VERDE
966218315,2960008553,0,106.25,0,4,30.455622732769044,0.032826718757444376,0.06333909041103386,3.487979431191311e-13,0.00024146620949838695,CASA VERDE
1124412182,2126300700,0,150.985,0,4,27.635066505441355,0.03617715780906792,0.0008197179789115582,2.588321459849582e-07,0.00025467364900764794,CASA VERDE
1124412182,7991467051,0,53.498,0,4,26.856348246674727,0.03722613934138369,0.006732630027031642,7.687378441795412e-07,0.0002416207352794733,CASA VERDE
1124412182,2126300769,0,62.754,0,4,27.3813784764208,0.036512338591439826,0.006437814889800935,3.063202132164859e-07,0.0002334571173835114,CASA VERDE
1368217953,9442485658,0,122.00900000000001,0,4,25.726964933494557,0.03886032280200412,0.033842188656773874,5.737996750321521e-05,0.00023267967121395615,CASA VERDE
1368217953,1368218070,0,136.403,0,4,25.818863361547763,0.0387220052266277,0.0027639835069616188,6.045803073416151e-05,0.0002376106748056963,CASA VERDE
1368218003,2387001408,0,119.263,0,4,24.2720677146312,0.04118965774921536,0.021497568080435927,0.0012385354521732893,0.00021601271701766054,CASA VERDE
1368218043,1368218053,0,227.87300000000002,0,4,26.953083434099153,0.037092533938681574,0.0003216831281962223,2.4340681548906234e-05,0.00023833596259654533,CASA VERDE
1368218043,1368218070,0,113.78,0,4,26.326481257557436,0.037975381223589934,0.0019271677156174596,3.158775951446303e-05,0.00023867083255511967,CASA VERDE
1368218053,1368218070,0,120.297,0,4,26.569286577992745,0.037628340493701305,0.00046579326155671676,2.3409778896831827e-05,0.00023853050561912936,CASA VERDE
1373318899,1373318915,0,275.135,0,4,27.864570737605803,0.035879187641034545,0.00027698456140813675,1.4410841773194408e-05,0.0002303211118944731,CASA VERDE
1373318914,3111856958,0,38.346,0,4,27.284885126964934,0.0366414649495227,0.004615676593412311,1.2451971701454216e-05,0.00023932975460943276,CASA VERDE
1373318914,1373318915,0,49.459,0,4,27.639903264812574,0.03617082709924666,0.0012410569281435123,1.4189516689993245e-05,0.0002354644444730131,CASA VERDE
1373318915,4320400726,0,56.431,0,4,28.55211608222491,0.035015203747151946,0.001386388333820621,5.7531609265612866e-06,0.00024959597612414833,CASA VERDE
1424838606,1924414849,0,55.28,0,4,22.78379685610641,0.04388022630053815,0.050990317508819424,0.018733724581411496,0.0002182601996241501,CASA VERDE
1424838606,1924414847,0,42.338,0,4,22.6229746070133,0.04419216214482714,0.06861303278310131,0.015743187405489106,0.00022042093355779303,CASA VERDE
1428737441,2386619268,0,87.571,0,5,24.083434099153568,0.04151227594517246,0.0201580766035733,2.1564762581210416e-07,0.0002492981150478743,CASA VERDE
1428737441,12594498726,0,132.19299999999998,0,5,24.301088270858525,0.04114046872667562,0.02123646005914378,2.2388669282528984e-07,0.00026140751902444697,CASA VERDE
1428737446,4297309699,0,41.015,0,5,25.689963724304715,0.038916293256015366,0.004115931961453715,2.069653192068333e-08,0.0002791815911035224,CASA VERDE
1428737448,2386619225,0,99.561,0,5,25.172914147521162,0.03971563070419829,0.004714843905521397,7.247276342413819e-08,0.0002499106167888932,CASA VERDE
1671683007,8001958710,0,6.642,0,4,28.266989117291416,0.035368399438759794,0.0072147883376309915,5.221693736730811e-08,0.0002305582745369635,CASA VERDE
1671683007,2283852106,0,298.217,0,4,27.549214026602176,0.03628989781944591,0.00019980015099810923,1.686199400875134e-07,0.00022925825385591167,CASA VERDE
1671683007,3791512984,0,181.13299999999998,0,4,28.112212817412335,0.03556312583875297,0.006567758264288704,5.0511567862588363e-08,0.0002281279393316508,CASA VERDE
1824757587,5983836597,0,328.86800000000005,0,3,23.805804111245465,0.04199640379125735,0.0,9.079993250588801e-07,0.00019844989230632346,CASA VERDE
1824757587,5983836597,1,210.73199999999997,0,3,23.805804111245465,0.04199640379125735,0.0005884090021447985,9.079993250754728e-07,0.00019844989230632346,CASA VERDE
1824757587,12594498726,0,108.91600000000001,0,4,24.176783555018137,0.041351992077702536,0.0005749750066620405,4.1607023689076314e-07,0.00024142048415805995,CASA VERDE
1824757595,1824757639,0,64.579,0,4,23.08415961305925,0.043309272626318715,0.02729543627633094,3.82836285852516e-06,0.0002387240414806833,CASA VERDE
1824757595,2386665152,0,151.733,0,4,22.740024183796855,0.04396469211953632,0.027637148270519638,1.4819461332612372e-05,0.00024222415866606743,CASA VERDE
1824757595,5983836597,0,46.132,0,4,23.309794437726723,0.042890046272280206,0.0009990007549905463,3.6990920664303043e-06,0.0002516372478720035,CASA VERDE
1824757597,1824757687,0,123.798,0,5,24.170979443772673,0.04136192181856384,0.007784878255026574,4.935984882900886e-07,0.00025929925847538405,CASA VERDE
1824757597,2386635674,0,189.19199999999998,0,4,24.2142684401451,0.04128797714879252,0.0004052181546526445,5.445734818579052e-07,0.00021513934457425087,CASA VERDE
1924414847,1924414855,0,182.98,0,4,22.621765417170497,0.04419452432623128,0.00025402464185578683,0.017179068021873488,0.00021683575913327517,CASA VERDE
1924414848,1924414859,0,130.42000000000002,0,4,22.411850060459493,0.044608462011589134,0.00046701453387333115,0.00259707787359662,0.0002287570695588783,CASA VERDE
1924414848,2573724811,0,30.799999999999997,0,4,22.44740024183797,0.04453781512605042,0.04249832258247314,0.0013947677467436059,0.00023086765466721635,CASA VERDE
1924414848,2384905245,0,23.03,0,4,22.485368802902055,0.04446260903234133,0.04258503291695275,0.0011697994303581337,0.00022534641691668677,CASA VERDE
1924414849,1924414854,0,182.00400000000002,0,4,22.89794437726723,0.043661480941668517,5.666703549090629e-05,0.025013475570555884,0.00021355492620900006,CASA VERDE
1924414850,1924414859,0,38.779,0,4,22.702781136638453,0.04403681452128339,0.0005158654265379055,0.006119988981261324,0.00022456993575858215,CASA VERDE
1924414857,1924414858,0,195.481,0,4,23.057557436517534,0.043359239797363204,5.275896407774034e-05,0.022674462499276855,0.00021625034967739609,CASA VERDE
1964864848,2487472337,0,330.67099999999994,0,4,30.1322853688029,0.033178968996043244,0.001828977421361665,6.85421050186145e-09,0.00024482547498221583,CASA VERDE
1964865068,1964865730,0,312.88399999999996,0,4,30.875937122128175,0.032379848361426156,0.0008021316575523114,2.397256290237253e-09,0.00024363361962270676,CASA VERDE
1964865068,2487472337,0,624.66,0,4,30.158403869407497,0.03315023455354637,0.0006108804127705027,7.356730219475028e-09,0.00024147039478238723,CASA VERDE
1964865068,5760872387,0,265.831,0,4,30.569528415961305,0.03270440251572327,0.0015817919044789186,4.302408258247032e-09,0.00024297872229103718,CASA VERDE
1964865071,2487472337,0,572.572,0,4,29.736880290205562,0.0336201428083473,0.0018333740017014767,2.714444266074618e-08,0.00023433465790847216,CASA VERDE
1964865137,2501325970,0,26.816,0,5,29.36372430471584,0.034047389617769874,9.281669606269134e-06,6.444461588255856e-07,0.0002432616043668348,CASA VERDE
1964865137,1964865146,0,12.216,1,7,28.62515114873035,0.034925864909390446,0.016195047936159702,1.107756014263638e-06,0.0003170513063049046,CASA VERDE
1964865146,2501325970,0,26.741,0,6,28.518500604594923,0.0350564770530172,0.001130898165184897,9.868748123689368e-07,0.0002776467269601685,CASA VERDE
1964865149,1964865449,0,162.494,0,4,28.987666263603387,0.034489087632650337,0.005163783609108835,2.6369912877961344e-07,0.00022509243943399145,CASA VERDE
1964865186,8480345242,0,509.96999999999997,0,4,28.8546553808948,0.03464807147526694,0.0003612523512545276,1.2403674299597112e-07,0.00023115664760449636,CASA VERDE
1964865370,8002898887,0,130.782,0,4,27.775090689238212,0.035994775794514586,0.035962561652879727,4.379821944218578e-07,0.00023226915761824347,CASA VERDE
1964865370,1964865449,0,226.421,0,4,28.396614268440146,0.035206949412365865,0.0024000443566105398,1.7609373831701457e-07,0.00023432656463311701,CASA VERDE
1964865376,1964865730,0,379.049,0,4,31.869891172914148,0.03136998983169173,0.0003993560475328956,7.491455422216879e-10,0.0002468143543947547,CASA VERDE
1964865449,11772486772,0,35.829,0,4,28.439661426844015,0.03515365907583462,0.005689663468642979,1.5016087752406648e-07,0.0002346803847874429,CASA VERDE
1964865771,2348890841,0,257.42,0,4,27.897218863361548,0.03583719821420831,0.0709441973810548,2.522699132973511e-07,0.00023446626709561167,CASA VERDE
1964865771,2386988374,0,144.41500000000002,0,4,27.242321644498187,0.03669871368079043,0.06939562408358779,9.946020863544605e-07,0.00022946189892418257,CASA VERDE
1964865771,11772486772,0,281.731,0,4,27.81112454655381,0.03594813867946678,0.002134539754978578,2.7371633545911794e-07,0.0002355617790259345,CASA VERDE
1964865810,2348890963,0,75.1,0,4,31.830955259975816,0.031408361887540745,0.0008363272824175135,1.1842553612263255e-09,0.0002545719936398583,CASA VERDE
1964865810,2387001379,0,322.25800000000004,0,4,31.9596130592503,0.031281923225352434,0.0006147884841836686,1.6054513094266248e-09,0.000260897191233384,CASA VERDE
2022036540,4102377738,0,27.281,0,4,27.334461910519952,0.036575007962628726,0.01058696545826656,7.653450609136463e-11,0.0002489086188574455,CASA VERDE
2122088864,2387001419,0,47.874,0,4,25.24522370012092,0.03960187376064528,0.00032949927102255425,9.788665544293791e-05,0.00023246379860207995,CASA VERDE
2122088864,2387001347,0,289.396,0,4,25.51100362756953,0.0391892916729865,0.011696124976215723,7.541930223220183e-05,0.000249154270592058,CASA VERDE
2122088882,4915887872,0,368.471,0,4,26.282708585247885,0.038038627517735714,0.010801665131527366,4.936369426746037e-06,0.0002464136345892108,CASA VERDE
2122093063,2386985670,0,67.09700000000001,0,5,24.157678355501815,0.0413846954711088,0.006224824997783391,0.0075098025749784055,0.00028863684856133474,CASA VERDE
2126300700,2126300723,0,21.636,0,2,28.29093107617896,0.03533846798252738,0.0006988120195667366,9.42518895659292e-08,0.00014611310721513457,CASA VERDE
2126300700,2126300770,0,55.602,0,4,27.58839177750907,0.03623836322516173,0.0007659819969805263,2.625806591151295e-07,0.00025848349869352294,CASA VERDE
2126300705,2126300752,0,90.681,0,4,26.073518742442563,0.03834381434693083,0.0016665482032519553,1.7740768918701138e-06,0.0002429434770069706,CASA VERDE
2126300705,2386924530,0,59.836,0,4,25.185247883917775,0.03969618113903266,0.0024425446332287195,4.038463689994968e-06,0.00023735125114593617,CASA VERDE
2126300705,2386924541,0,70.673,0,4,25.61789600967352,0.03902577173605211,0.0010234262013228334,4.4450051324218235e-06,0.00024054045746515988,CASA VERDE
2126300720,2126300782,0,65.754,0,4,25.20193470374849,0.039669897322713754,0.00985127101473807,8.798065947953834e-07,0.0002379108821337931,CASA VERDE
2126300720,2126300780,0,45.227999999999994,0,4,25.673276904474,0.038941587618572145,0.011453091785209465,2.269961037501061e-07,0.0002459262576585045,CASA VERDE
2126300720,2385169185,0,96.685,0,4,25.67037484885127,0.038945989995006924,0.0037847229091879007,2.4608923176947026e-07,0.00024225965407483592,CASA VERDE
2126300721,2126300770,0,102.634,0,4,27.31825876662636,0.036596701516452584,0.0001956478251216204,5.064651809468982e-07,0.00024850391401111177,CASA VERDE
2126300721,2126300752,0,150.49599999999998,0,4,26.87061668681983,0.037206372063720634,0.00011675363346833279,7.378596027241707e-07,0.00024541457555974483,CASA VERDE
2126300721,2386924513,0,70.628,0,4,26.500362756952843,0.03772620666368556,0.0010029088264037122,1.2083075037320111e-06,0.0002438274085683424,CASA VERDE
2126300732,2126300771,0,64.065,0,5,23.935187424425635,0.04176938932223255,0.026660863180618118,1.327465169941559e-05,0.0002618074990385006,CASA VERDE
2126300732,4364594623,0,50.834999999999994,0,5,23.86795646916566,0.04188704480515533,0.031017630042908185,1.460431694170586e-05,0.00026074102801729767,CASA VERDE
2126300746,2126300769,0,69.317,0,4,26.827811366384523,0.03726573697637313,0.000547374252306556,2.404592676992323e-07,0.00022022410069078827,CASA VERDE
2126300746,2126300774,0,86.034,0,4,26.074002418379685,0.03834310306448022,0.00018490062873541407,3.296620429729185e-07,0.00021821452238767098,CASA VERDE
2126300752,2126300770,0,60.649,0,4,26.894074969770255,0.03717391890798241,0.0011392028169378747,5.930786157673501e-07,0.00024838319961376467,CASA VERDE
2126300757,2385169029,0,32.604,0,4,27.838935912938332,0.035912226141042794,0.007736515871288646,4.496038590323623e-09,0.00025148711798079056,CASA VERDE
2126300757,2385168963,0,126.25300000000001,0,4,27.236033857315597,0.036707186048783084,0.005005995225802261,1.5231320845051805e-08,0.0002603997514608013,CASA VERDE
2126300757,2385169050,0,89.73400000000001,0,4,27.83845223700121,0.03591285009382167,0.0031113133538067427,7.3240737944296056e-09,0.0002476873026155018,CASA VERDE
2126300771,2532882359,0,166.221,0,5,24.649334945586457,0.04055923473142016,0.0003119129496633075,3.932005051301626e-06,0.0002671561419297627,CASA VERDE
2126300771,2126300782,0,61.411,0,4,24.780411124546553,0.04034469634126109,0.026001376129646363,3.4415431030665177e-06,0.00022634251927056677,CASA VERDE
2126300774,2384905311,0,56.848,0,4,26.07230955259976,0.038345592668515616,0.011440879062043321,3.8560252795780206e-07,0.00021176571344919235,CASA VERDE
2126300780,2385168963,0,4.684,0,4,26.432648125755744,0.03782285290807784,0.006311291077799688,5.901960496906306e-08,0.0002590225708471685,CASA VERDE
2126300780,2154455547,0,67.514,0,4,26.233373639661426,0.03811016363217331,0.0060389473511946856,7.085435449701731e-08,0.0002449117368325957,CASA VERDE
2126300782,2385169071,0,14.991,0,4,25.501330108827087,0.039204157499431,0.016720927795693844,9.525676103519165e-07,0.00023457956603505659,CASA VERDE
2126307693,6331029617,0,3.19,0,4,31.657557436517532,0.03158039479313084,0.06476822327593598,2.984479773434721e-14,0.00023333232162971515,CASA VERDE
2140652799,2140652800,0,27.33,0,5,28.603869407496976,0.03495185031747508,0.0010971910492463407,8.806470044427246e-09,0.000246191556173868,CASA VERDE
2140728061,2140728085,0,33.657,0,4,30.516807738814993,0.032760902470143516,0.06288331158247339,2.429100260325233e-10,0.00023001812700613206,CASA VERDE
2140728061,2140757275,0,24.762999999999998,0,4,30.466747279322853,0.032814732497221784,0.06157459616798943,4.317639021994351e-10,0.00022841820021822547,CASA VERDE
2140728061,8061780618,0,67.27199999999999,0,4,30.39782345828295,0.032889136401607066,0.001676806890711516,3.9171990674166663e-10,0.0002276285124611617,CASA VERDE
2140728077,2140747266,0,21.240000000000002,0,4,30.208706166868197,0.03309503414376406,0.0088808480319563,5.73989008489671e-10,0.0002375682788899659,CASA VERDE
2140728077,2140728099,0,15.885,0,4,30.084885126964934,0.033231244121831816,0.011727145293057727,5.145715924500501e-10,0.0002309811845515055,CASA VERDE
2140728079,2140757275,0,13.047,0,4,30.030229746070134,0.03329172538755788,0.06424796126905827,7.978084507124875e-10,0.00022903290905325552,CASA VERDE
2140728079,2140742743,0,35.704,0,4,30.09310761789601,0.03322216418210311,0.018085333227815407,1.0323126327291983e-09,0.0002340658843790939,CASA VERDE
2140728085,2390252487,0,313.71299999999997,0,4,30.89576783555018,0.03235906507819716,0.061123213919768764,1.65938799047021e-10,0.00022699169582766733,CASA VERDE
2140728085,2140728099,0,40.843,1,4,30.284885126964934,0.033011786501421406,0.001735916470835651,3.5438482586422456e-10,0.0002278383426892854,CASA VERDE
2140728099,4310276273,0,337.43799999999993,0,5,30.25925030229746,0.033039753200875946,0.009463883435907997,1.0370791598912248e-09,0.0002660809439241398,CASA VERDE
2140757304,8061780618,0,112.068,0,4,30.200725513905684,0.033103779628443304,0.0014042189096431907,5.762804046700866e-10,0.00022545681107109943,CASA VERDE
2140774195,3490871113,0,26.774,0,4,30.77025392986699,0.032491059849884076,0.0012410569281435123,4.91878744238357e-11,0.00022601474106884138,CASA VERDE
2140774195,11527985648,0,248.67000000000002,0,4,30.75211608222491,0.03251022334067317,0.0013263017358431945,4.1655893919417696e-11,0.00023011270621817764,CASA VERDE
2154455542,2154455547,0,64.597,0,4,26.967835550181377,0.0370722433460076,0.0007369157158451046,3.45615268213521e-08,0.0002398816561579808,CASA VERDE
2154455542,2154455543,0,45.845,0,4,27.699153567110038,0.03609345533282112,0.003002131608701419,3.4127056902196e-08,0.00023671546043009233,CASA VERDE
2154455542,2385169050,0,60.063,0,4,27.75235792019347,0.036024260169402904,0.003184833947266927,1.4819530238765431e-08,0.00024128004132725414,CASA VERDE
2154455543,2154455550,0,58.243,0,4,26.907617896009672,0.03715520882953003,0.0003759076190538999,7.096311751607102e-08,0.00023139772737309355,CASA VERDE
2154455543,2385169007,0,87.484,0,4,27.03869407496977,0.0369750905594562,0.003189230527606739,6.845081452973118e-08,0.00023027780698009064,CASA VERDE
2154455547,2154455550,0,33.167,0,4,26.75018137847642,0.03737388348461288,0.005120062060174042,7.139758743184322e-08,0.00023456392310098204,CASA VERDE
2154455550,2385169062,0,70.249,0,5,26.07230955259976,0.038345592668515616,0.00457048951769758,2.1860105421338533e-07,0.0002711760395918508,CASA VERDE
2348890963,5760872387,0,277.219,0,4,30.846432889963726,0.032410819286554295,0.0013324080974262665,3.1489674045436693e-09,0.0002460072275336176,CASA VERDE
2384905245,2384905271,0,46.05800000000001,0,5,22.103506650544137,0.04523074903170748,0.0004909514712789725,0.0008707020443338969,0.00026186134721863856,CASA VERDE
2384905245,2384905256,0,35.156,0,4,22.177992744860944,0.04507883889821822,0.04235470095803928,0.0016089236782083165,0.0002200723138434776,CASA VERDE
2384905256,2384905306,0,33.83,1,5,22.090205562273276,0.04525798364406687,0.04420321873646678,0.0019648513748331147,0.00026488592044575105,CASA VERDE
2384905268,2384905285,0,32.657,0,4,23.532769044740025,0.042483660130718956,0.017732385528313858,0.0006220277759296596,0.00023704532395174834,CASA VERDE
2384905268,2384905292,0,32.622,0,4,23.9180169286578,0.04179937513270847,0.017837903456469337,0.0013280267240863386,0.00023565504939731022,CASA VERDE
2384905271,2384905296,0,82.535,0,5,22.051269649334944,0.045337895637296836,0.026609569743320315,0.0005772823063720724,0.0002587951393967159,CASA VERDE
2384905285,2573726234,0,131.541,0,4,23.055139056831923,0.04336378798527268,0.05896693551755445,0.0002915795814208816,0.0002314963995701924,CASA VERDE
2384905292,2386985709,0,51.181,0,4,23.905683192261186,0.04182094081942337,0.00876507141634126,0.002270757454938118,0.00023749807469656726,CASA VERDE
2384905306,2386665175,0,150.95600000000002,0,5,21.82055622732769,0.04581726293390079,0.04753240707155752,0.0019802274987729624,0.0002713533086518405,CASA VERDE
2384905306,9221707048,0,76.91199999999999,0,5,22.1770253929867,0.045080805216898216,0.08483934529056633,0.0011125654208561648,0.00027300375282565274,CASA VERDE
2384971996,4324887031,0,52.72,0,2,29.379201934703747,0.03402945268062198,0.0006988120195667366,2.6522845377497674e-13,0.00014852133484909678,CASA VERDE
2384972030,5680608208,0,167.6,0,4,28.468681983071342,0.03511782395215685,0.012383212781542962,1.8983008565561756e-12,0.00025045542585403044,CASA VERDE
2384972030,5680610230,0,24.859,0,4,27.863361547763,0.03588074469470121,0.002850938095904561,5.6843660526372005e-12,0.0002511395863338494,CASA VERDE
2384972080,6331029617,0,30.191,0,4,31.45175332527207,0.03178704066803534,0.01849030712800473,9.100328807493372e-15,0.00023937271103054142,CASA VERDE
2385143533,2386604630,0,76.463,0,4,29.823700120918986,0.033522271146033525,0.002889286046646252,3.326243721640837e-11,0.00024236079181643726,CASA VERDE
2385143533,2926898288,0,160.78099999999998,0,4,29.616444981862152,0.033756859158609875,0.08195518858764987,1.2561358051949452e-10,0.000240310175169126,CASA VERDE
2385168907,2385169191,0,11.539,0,4,26.094074969770254,0.03831360809646058,0.016188208811186662,2.2210051584745826e-07,0.00023749786998831165,CASA VERDE
2385168907,2385169185,0,145.49099999999999,0,4,26.254897218863363,0.038078921189344535,0.00021787498128400176,1.6425650859148306e-07,0.00024064886416621202,CASA VERDE
2385168907,2385169071,0,200.748,0,4,26.115356711003628,0.03828238584274033,0.015720950022850008,3.5016097871652826e-07,0.00023703775809509164,CASA VERDE
2385168913,2385168938,0,26.042,0,5,29.05659008464329,0.03440727763027574,0.008257510641556332,3.9048253971702195e-10,0.00029610475173985894,CASA VERDE
2385168913,2386604641,0,27.115,0,4,28.910036275695283,0.034581698635637384,0.007958298923985814,1.5874384303724118e-10,0.00024110174266668747,CASA VERDE
2385168913,2386604593,0,153.99599999999998,0,4,28.67980652962515,0.03485930635545699,0.00035465748074481004,3.607762851453368e-10,0.000241559854033719,CASA VERDE
2385168915,4286855764,0,21.641,0,4,23.55743651753325,0.04243917462272867,0.06203867964830289,2.275214688449405e-06,0.00026448010889879047,CASA VERDE
2385168915,2385168935,0,162.86999999999998,0,4,23.15888754534462,0.04316952444602243,0.0467781492888165,6.768083008822717e-06,0.00025246308917903837,CASA VERDE
2385168921,2385169176,0,181.257,0,4,24.417170495767834,0.04094488188976378,0.0004340401813247434,2.4338301477844708e-06,0.00022959055331238457,CASA VERDE
2385168938,2385169116,0,76.554,0,5,28.37775090689238,0.03523035230352303,0.010615298976012015,7.655046702077999e-10,0.0003121744563681024,CASA VERDE
2385168938,2385168960,0,176.24399999999997,0,5,28.680773881499395,0.034858130612589064,0.0021044964559898648,5.37814288549272e-10,0.0003064895867259279,CASA VERDE
2385168938,3891180210,0,84.84800000000001,0,5,28.821523579201934,0.034687901188987805,0.0013971355302068275,3.373573304572484e-10,0.00030592265111486876,CASA VERDE
2385168960,5680616454,0,9.611,0,2,29.112454655380894,0.03434125269978402,0.0006988120195667366,3.0919869806669313e-10,0.00014276991296011604,CASA VERDE
2385168960,2385169029,0,25.951999999999998,0,4,28.34752116082225,0.035267921888463276,0.0031157099341465543,1.1727101426017622e-09,0.0002545776471658179,CASA VERDE
2385168963,2385169177,0,111.888,0,2,27.37243047158404,0.03652427441798825,0.0006988120195667366,1.3421784034355484e-08,0.00014745212279406746,CASA VERDE
2385168965,5476479684,0,30.551000000000002,0,4,25.417654171704957,0.03933321915853171,0.01961485467714323,1.843009827119394e-08,0.00027810003617761915,CASA VERDE
2385168965,7991665996,0,96.82599999999998,0,4,25.247158403869406,0.03959883904709906,0.0004352614536413578,4.394683125283045e-08,0.0002642518487408315,CASA VERDE
2385168965,7991031839,0,66.033,0,4,24.903022974607012,0.04014605628605279,0.01950518442311126,4.9408061990842774e-08,0.000257789644785492,CASA VERDE
2385168971,3891180196,0,47.909,0,4,26.346070133010883,0.03794714570271982,0.01154444295449222,1.7559655689210674e-08,0.00025373511044441446,CASA VERDE
2385168971,3891180207,0,33.336,0,4,26.88657799274486,0.037184284377923295,0.01159133981145021,9.733062755154667e-09,0.0002664866918799535,CASA VERDE
2385168971,2385169039,0,158.94199999999998,0,4,26.22466747279323,0.03812281559217625,0.0004369712348846179,3.169461151809215e-08,0.00025102520503370734,CASA VERDE
2385168974,2386619264,0,131.24599999999998,0,4,24.99081015719468,0.040005032079506855,0.06747407422062676,6.066015490916594e-08,0.00023130050954184002,CASA VERDE
2385168974,4297309699,0,114.632,0,4,25.42902055622733,0.03931563780920408,0.004325990799911385,1.9069597471661934e-08,0.0002434844151775033,CASA VERDE
2385168986,2926898287,0,34.772,0,5,28.35453446191052,0.03525919860805486,0.0007181081221692435,8.828433496827422e-09,0.00026993911075811564,CASA VERDE
2385168986,2385169046,0,14.219999999999999,0,4,28.943893591293833,0.03454124645939691,0.049729231714683436,4.364675020483734e-09,0.00023054775014879546,CASA VERDE
2385168986,4577506352,0,26.689,0,4,28.809915356711002,0.034701877796338425,0.05003821361078687,2.8239733158304746e-09,0.00022468790647877125,CASA VERDE
2385168998,2385169039,0,53.429,0,4,25.94776299879081,0.03852964751057841,0.0029383811937741494,5.770962723467616e-08,0.00024520012328978506,CASA VERDE
2385168998,3891180196,0,131.581,0,4,25.737122128174125,0.038844986516072655,0.01932394761132569,4.357467140888181e-08,0.00024791002870049224,CASA VERDE
2385168998,2385169076,0,68.54199999999999,0,4,25.370737605804113,0.03940595569451329,0.017280759025629866,1.5365126296582368e-07,0.00024066138321720377,CASA VERDE
2385169001,2385169088,0,28.698,0,5,25.601934703748487,0.03905010201768307,0.036925657001761814,1.2363017536686036e-06,0.0002535352908118563,CASA VERDE
2385169007,2385169055,0,28.008000000000003,0,4,27.1453446191052,0.0368298202163106,0.05500024303319101,5.7499224698262935e-08,0.0002293554079777705,CASA VERDE
2385169007,2385169062,0,53.58,0,5,26.181136638452237,0.03818620160910409,0.0519372920631222,2.1608875122250337e-07,0.0002699986282898299,CASA VERDE
2385169022,2385169071,0,145.368,0,4,25.921886336154778,0.038568109938705256,0.0004374597438112636,5.9820807399069e-07,0.00023215027939034515,CASA VERDE
2385169022,2532882359,0,61.986,0,5,25.235066505441353,0.03961781364102466,0.000839258335977388,1.5364829151249454e-06,0.0002725698347680768,CASA VERDE
2385169022,2385169191,0,86.91499999999999,0,4,25.78621523579202,0.038771031455742504,0.00042158320369527696,4.7014761112304273e-07,0.00023261039128356516,CASA VERDE
2385169027,5680615768,0,100.52699999999999,0,2,25.969528415961307,0.038497355285703645,0.0006988120195667366,4.0983391720800804e-09,0.00014846439939093618,CASA VERDE
2385169029,2386604593,0,22.555,0,4,28.248609431680773,0.035391411547154306,0.004729499173320769,1.1445221463816415e-09,0.0002467911518700838,CASA VERDE
2385169039,2385169185,0,154.66699999999997,0,4,26.024425634824667,0.03841614704816422,0.003078583255721478,9.033606268348994e-08,0.0002443268513879975,CASA VERDE
2385169046,11398729822,0,8.802,0,4,28.491172914147523,0.03509010194294251,0.04975194737977246,6.5227323983285226e-09,0.00023468365588245578,CASA VERDE
2385169046,2385169050,0,232.87699999999998,0,4,28.4087061668682,0.035191963905678046,0.0004396580339811695,5.970768670484738e-09,0.00023920997269871958,CASA VERDE
2385169055,4577506343,0,33.855999999999995,0,4,28.030955259975816,0.03566621803499327,0.00548644375515835,1.7179975444371944e-08,0.0002295557344219911,CASA VERDE
2385169055,11398729822,0,31.593,0,4,28.003385731559856,0.03570133167521633,0.04960099812143893,1.6373095231490453e-08,0.00023273429607343553,CASA VERDE
2385169062,2385169088,0,57.986999999999995,0,5,25.468440145102782,0.03925478577939836,0.06027418540525846,6.366884219395183e-07,0.00026187491189429775,CASA VERDE
2385169076,2385169191,0,17.935000000000002,0,4,25.628536880290206,0.039009568384698136,0.01686015283978788,2.441217056660114e-07,0.00023663711713751582,CASA VERDE
2385169116,3891180207,0,11.723,0,4,27.728174123337364,0.03605567959810215,0.0110530029742866,2.3974637216589593e-09,0.0002733251052845137,CASA VERDE
2385169116,2385169118,0,143.36,0,2,28.60701330108827,0.03494800913010398,0.0006988120195667366,5.717461174224852e-10,0.00014817236662805736,CASA VERDE
2385169159,2386604641,0,44.467,0,4,28.930834340991535,0.03455683822484515,0.008713533724580133,6.468246924167883e-11,0.0002450957161706538,CASA VERDE
2385169159,2386604653,0,101.746,0,4,28.553808948004836,0.035013127805539085,0.008321505310946924,4.2392653308988725e-11,0.00024707487768021606,CASA VERDE
2385169159,3891180210,0,216.17,0,4,28.917049576783555,0.03457331147760345,0.0,9.444594892320088e-11,0.00025279927031169566,CASA VERDE
2385169176,2532882359,0,52.26,0,5,24.91124546553809,0.040132805219012115,0.0009589430230055952,1.9241891300190043e-06,0.0002716737082878013,CASA VERDE
2386604593,2386604682,0,34.432,0,4,28.787424425634825,0.03472898954938002,0.004075629975005441,3.0210924013649016e-10,0.00024258889552946662,CASA VERDE
2386604598,2386604692,0,227.544,0,4,26.31777509068924,0.037987943835918546,0.005822782151153944,7.578174515867068e-10,0.00025735785783749694,CASA VERDE
2386604598,2386604647,0,248.14900000000003,0,4,26.98839177750907,0.03704400655931611,0.005309847778175913,1.898756427814472e-10,0.0002521856798472761,CASA VERDE
2386604598,4286866134,0,31.696,0,4,27.046674727932285,0.03696418033226631,0.01035467946364651,1.8915581625796378e-10,0.0002604325814284448,CASA VERDE
2386604599,2386604630,0,56.292,0,4,29.673276904474,0.03369220613044931,0.002486510436626836,1.2066018788347259e-11,0.00024204676477367396,CASA VERDE
2386604599,2386604673,0,66.125,0,4,29.464570737605804,0.03393085787451985,0.002227600705504592,8.424934701481495e-12,0.00024271888944882476,CASA VERDE
2386604599,2386604664,0,117.358,0,4,29.639903264812574,0.03373014254126517,0.0002444987177861948,1.0630429406752828e-11,0.00024198142584568012,CASA VERDE
2386604604,2386604633,0,76.856,0,4,28.864570737605803,0.034636169410581875,0.019379637628963307,3.25835706883111e-12,0.00025430783663541476,CASA VERDE
2386604604,2386604618,0,38.265,0,4,29.435792019347037,0.03396403131855041,0.014963272677622458,1.3892179530674757e-12,0.0002485536687031891,CASA VERDE
2386604604,2386604605,0,34.231,0,4,29.474244256348246,0.0339197216843349,0.004814255472093806,1.131466937771285e-12,0.0002469220318636235,CASA VERDE
2386604605,2386604618,0,35.786,0,4,30.051511487303507,0.033268149006542576,0.06941907251206679,9.86180659167789e-13,0.00024685374382091,CASA VERDE
2386604613,2386604673,0,11.057,0,4,29.426360338573154,0.03397491740495406,0.0016816919799779733,1.4443079790830079e-11,0.00024263972319384894,CASA VERDE
2386604613,2386604691,0,195.23600000000002,0,4,29.612817412333737,0.033760994373167603,0.0001775729948357279,3.447121282448378e-11,0.00024189086611461411,CASA VERDE
2386604613,2386604695,0,70.307,0,4,29.449576783555017,0.03394813342749684,0.0016733873282249957,2.753647553154524e-11,0.000241854739866009,CASA VERDE
2386604615,2386604626,0,97.89699999999999,0,4,28.461185006045948,0.03512707435825537,0.0003531919539648728,1.344299884278872e-11,0.0002560011884097529,CASA VERDE
2386604615,2386604633,0,73.566,0,4,28.341717049576783,0.03527514441988856,0.007098523213089304,1.2410692013190541e-11,0.0002562697472928234,CASA VERDE
2386604615,2386604647,0,71.87700000000001,0,4,27.705925030229746,0.03608463391641353,0.0069395135574661145,4.886178328441598e-11,0.00025083623496445875,CASA VERDE
2386604626,2386604632,0,23.404,0,4,29.196856106408706,0.03424197997167209,0.004125946394449953,8.698536297227279e-12,0.0002535748924192482,CASA VERDE
2386604626,3891180203,0,43.162,0,4,29.27496977025393,0.03415061295971979,0.003604951624182267,4.397289306335813e-12,0.0002740147993741408,CASA VERDE
2386604630,2386604664,0,208.16,0,4,29.737363966142684,0.033619595979311016,0.0,1.4432802125910017e-11,0.0002419103284080275,CASA VERDE
2386604632,2386604653,0,41.919,0,4,28.48899637243047,0.035092782805045755,0.005520395125560229,2.0812887579570313e-11,0.00024698518329259055,CASA VERDE
2386604632,2386604673,0,62.163,0,4,29.088029020556228,0.03437008954181528,0.0022227156162381344,9.468234279419713e-12,0.00024550655138301665,CASA VERDE
2386604633,4324887453,0,167.022,0,4,29.051027811366385,0.03441386544128665,0.012645786329615048,3.094218803091488e-12,0.0002754070597285423,CASA VERDE
2386604641,2386604691,0,52.567,0,4,29.382587666263603,0.034025531494604806,0.002117441942545977,6.224882391442904e-11,0.00024207053000709967,CASA VERDE
2386604647,2386604653,0,84.893,0,4,27.751632406287786,0.03602520195550443,0.0063718661847037604,5.457995319663903e-11,0.00024770193618683424,CASA VERDE
2386604664,2386604695,0,40.03,0,4,29.56759371221282,0.03381263188889434,0.0004543133017805418,2.3885116920517077e-11,0.0002417974697553383,CASA VERDE
2386604682,2386604695,0,186.56599999999997,0,4,29.271342200725513,0.03415484521262093,0.0018841789300726342,7.953572999136815e-11,0.0002418463304345836,CASA VERDE
2386604682,2386604691,0,91.89999999999999,0,4,29.12261185006046,0.03432927538157479,0.0018961473987754549,8.647046942514215e-11,0.00024188245668318873,CASA VERDE
2386604692,5680610226,0,69.257,0,4,25.856348246674727,0.03866586853230573,0.018959764206511288,7.948556259593176e-10,0.0002653461008967691,CASA VERDE
2386619204,2386619244,0,64.928,0,2,25.925755743651752,0.03856235366547578,0.0006988120195667366,8.620848498516362e-09,0.000161228112573519,CASA VERDE
2386619205,2386619251,0,128.698,0,5,23.69600967351874,0.04219099231499342,0.00028919728457428036,1.5023721243253345e-06,0.0002792491956935088,CASA VERDE
2386619205,4297309701,0,56.857,0,3,24.243772672309554,0.04123773042853723,0.0006988120195667366,5.327545288923344e-07,0.0001769978865850148,CASA VERDE
2386619205,2386619247,0,51.357,0,5,23.94607013301088,0.04175040649585425,0.0230415005430998,6.041586384670716e-07,0.0002743640988436509,CASA VERDE
2386619206,2386619253,0,52.643,0,4,23.52938331318017,0.04248977326453841,0.0015322082484243757,2.2423245459630118e-06,0.00023510260049002982,CASA VERDE
2386619215,3891180203,0,43.802,0,4,29.87255139056832,0.03346745140581106,0.0036059286420355584,1.1772657739452523e-12,0.0002930398436290244,CASA VERDE
2386619215,2386619223,0,51.012,0,4,30.346311970979443,0.032944964217975485,0.003662595677526465,7.580195110099818e-13,0.00029299827699432926,CASA VERDE
2386619215,2386619262,0,49.406,0,2,30.61571946795647,0.032655060191475245,0.0006988120195667366,3.498197113569485e-13,0.00016211922118845412,CASA VERDE
2386619223,2386619237,0,48.989,0,2,31.0546553808948,0.03219350367180382,0.0006988120195667366,5.242500625084041e-13,0.0001576108109142299,CASA VERDE
2386619224,2386619254,0,55.747,0,2,24.474002418379687,0.0408498023715415,0.0006988120195667366,1.06878789192907e-07,0.00014194190586536647,CASA VERDE
2386619225,2386619264,0,151.639,0,4,24.911003627569528,0.04013319483141922,0.0038071943198136047,8.610522649517635e-08,0.00021439537067660905,CASA VERDE
2386619225,2386619239,0,102.976,0,5,24.662152357920192,0.040538155288395536,0.0011487287410074667,1.297575038764947e-07,0.0002479216208700675,CASA VERDE
2386619228,2386619263,0,119.267,0,5,24.02515114873035,0.04161298115638589,0.004131319992643056,1.7269355829441426e-07,0.00029135648241046357,CASA VERDE
2386619239,2386852746,0,59.266999999999996,0,5,24.450785973397824,0.04088858996676689,0.0012249361335642027,1.538965158875368e-07,0.00024991905650816526,CASA VERDE
2386619244,4287040461,0,47.521,0,4,25.149214026602177,0.039753057927532885,0.010106516928910472,3.82525162748634e-08,0.00028439598970893124,CASA VERDE
2386619247,2386852746,0,68.815,0,4,24.359613059250304,0.041041627369027174,0.0017727988947974045,2.045549236335376e-07,0.0002171663038782713,CASA VERDE
2386619247,12594498726,0,78.648,0,4,24.362515114873034,0.04103673850246677,0.021944553748316782,2.618653203247421e-07,0.0002252358143286103,CASA VERDE
2386619251,2386665230,0,177.46499999999997,0,4,23.2993954050786,0.04290918904331399,0.00013043188341441361,4.139682641286183e-06,0.00023474215084470063,CASA VERDE
2386619251,2386619253,0,160.079,0,4,23.874727932285367,0.04187516460363445,0.0005048739756883763,2.1939762757559906e-06,0.0002341029451285696,CASA VERDE
2386619253,2386665230,0,170.71,0,4,23.325272067714632,0.04286158631415241,0.0005390696005535783,4.252961694879994e-06,0.00023677470883324238,CASA VERDE
2386619263,4287040461,0,110.121,0,5,24.36130592503023,0.04103877538864733,0.011054224246603215,1.580698910451601e-07,0.0003101076778547876,CASA VERDE
2386619263,7991031839,0,162.284,0,5,24.34752116082225,0.04106201019100688,0.004872632288827972,1.6186063540368653e-07,0.00029832546243219795,CASA VERDE
2386619265,2386619268,0,70.412,0,5,24.098186215235792,0.041486863496778596,0.0192225820090467,2.518964974613825e-07,0.00024297848924651432,CASA VERDE
2386635654,2386635832,0,148.51,0,4,22.54558645707376,0.04434385257331646,0.007681802871504322,0.00013786821372186803,0.0002305959711767182,CASA VERDE
2386635654,2386635693,0,109.283,0,4,23.201451027811366,0.04309032917092289,9.672476747585728e-05,4.366838831114497e-05,0.00023702715818074558,CASA VERDE
2386635654,5983831971,0,52.603,0,4,22.92962515114873,0.043601155947433926,0.007281958315044781,3.621843865239312e-05,0.00023671351083414055,CASA VERDE
2386635673,2386635696,0,78.30199999999999,0,4,24.308827085852478,0.0411273714893998,0.00038250248956361746,1.2600032963451057e-05,0.00023988733804449603,CASA VERDE
2386635673,2386790614,0,87.758,0,4,23.711245465538088,0.042163882259347654,0.03170471784823542,3.1654760185494216e-05,0.00023931147880662906,CASA VERDE
2386635690,2386635825,0,9.713,0,2,26.65441354292624,0.037508165783552296,0.0006988120195667366,3.877156859440027e-07,0.00016988797125579424,CASA VERDE
2386635693,2386635696,0,23.83,0,4,24.01837968561064,0.04162471303717427,0.0031980236882863623,2.0061708989637083e-05,0.0002393795455387969,CASA VERDE
2386635693,5983831974,0,69.864,0,4,23.463845223700122,0.04260845366562568,0.003414188888327104,4.743042232461823e-05,0.00023716540973920693,CASA VERDE
2386635694,2386635827,0,131.494,0,3,24.87424425634825,0.040192504010500216,0.0006988120195667366,1.2972954651295446e-06,0.00017509487037012129,CASA VERDE
2386635694,2386635753,0,56.556000000000004,0,6,24.392261185006046,0.04098669469175705,0.02785160368931712,3.9697930234917275e-06,0.0003187072297671229,CASA VERDE
2386635696,2386635728,0,38.523,0,4,24.589842805320437,0.0406573628772903,0.0026579770698794926,7.284946823579192e-06,0.00024031687506271786,CASA VERDE
2386635728,5983831973,0,123.449,0,4,24.309552599758163,0.041126144050935134,1.4655267799372316e-06,4.2501345872599455e-06,0.0002398277751870196,CASA VERDE
2386635728,5983831969,0,26.284,0,4,24.90955259975816,0.04013553266473141,0.002361207896942203,3.38932670844977e-06,0.0002395329965957667,CASA VERDE
2386635746,2386635753,0,99.18,0,5,24.814510278113662,0.040289256198347105,0.0015700676902394208,4.265666123442071e-06,0.00028427770374455773,CASA VERDE
2386635746,2386635760,0,67.624,0,4,25.087787182587665,0.03985039233453508,0.0012222493344676512,4.679801743175149e-06,0.00024184077359901363,CASA VERDE
2386635746,2386635825,0,87.79599999999999,0,4,25.655139056831924,0.038969118811507865,0.0020949705319202724,1.7571741863958967e-06,0.0002819000276245411,CASA VERDE
2386635753,2386635831,0,55.842,0,5,24.421281741233372,0.04093798894852548,0.029313222397841183,9.45703041338564e-06,0.00026731148047993807,CASA VERDE
2386635760,2386635831,0,107.674,0,4,24.664812575574366,0.04053378305503535,0.001537581846617479,9.871166033123257e-06,0.00022579638979289794,CASA VERDE
2386635760,2386635824,0,82.49,0,4,24.603143893591294,0.0406353824680048,0.002687287605478237,9.995220549590741e-06,0.00022936523617995226,CASA VERDE
2386635790,2386635825,0,37.135,0,2,26.65441354292624,0.037508165783552296,0.0006988120195667366,3.877156859443246e-07,0.00016988797125579424,CASA VERDE
2386635798,5983831971,0,141.796,0,4,23.233373639661426,0.043031123139377535,0.0067380036252247455,9.251215754523065e-06,0.0002360169972380543,CASA VERDE
2386635832,5983831974,0,28.131999999999998,0,4,22.775574365175334,0.04389606804209096,0.0343465741235356,0.00014163024773534288,0.00023073422273517952,CASA VERDE
2386665144,2386665226,0,32.206,0,5,25.183796856106408,0.03969846833437365,0.0008397468449040337,9.95401346675513e-06,0.0002600430182863715,CASA VERDE
2386665152,2386665230,0,67.86,0,4,22.830229746070135,0.0437909812188172,0.0007337404078219073,1.495191287244948e-05,0.00023845976151100592,CASA VERDE
2386665161,2386665235,0,19.339,0,2,23.21160822249093,0.043071473223588244,0.0006988120195667366,0.0003717845522770799,0.00014072396017812013,CASA VERDE
2386665161,2386665175,0,57.635000000000005,0,4,22.290205562273275,0.044851904090267986,0.0014244920300989891,0.0014622094999784225,0.00024332120648197392,CASA VERDE
2386665161,9221707048,0,131.221,0,4,22.659250302297462,0.04412141393442623,0.0015427111903472592,0.0005945474220616268,0.000244857056382067,CASA VERDE
2386710860,4680108378,0,4.678,0,5,26.644981862152356,0.03752144276936203,0.011665593168300363,2.4122014154384753e-07,0.0002530035127368931,CASA VERDE
2386710860,4386585651,0,31.229,0,5,26.591777509068923,0.0375965150013187,0.018119040343753962,2.0642536158461122e-07,0.00025297796394024727,CASA VERDE
2386710860,4680108379,0,25.979000000000003,0,5,26.96130592503023,0.03708122168901646,0.011042011523437072,1.8024526308638414e-07,0.00024830079525116604,CASA VERDE
2386710953,4386592672,0,146.188,0,4,29.53857315598549,0.03384585154983544,0.004406839027271256,1.2064556867119544e-09,0.00022016122249414306,CASA VERDE
2386710969,4386559785,0,31.464000000000002,0,4,25.900120918984282,0.038600521022997845,0.0018900410371923831,1.5468544977736608e-06,0.00021359055253362226,CASA VERDE
2386790548,4386437973,0,80.658,0,4,24.274002418379684,0.04118637482191426,0.029542088829974715,4.0313917401527146e-05,0.00023410899753680464,CASA VERDE
2386790548,2386790595,0,101.752,0,4,24.17726723095526,0.041351164814499915,0.029303207964844945,5.9940390886441364e-05,0.0002252852352942278,CASA VERDE
2386790548,2386790692,0,51.159,0,4,24.537605804111244,0.04074391650158186,0.00012139446827146735,3.243929454608028e-05,0.00023191755799471242,CASA VERDE
2386790595,2386790601,0,87.514,0,4,24.208706166868197,0.04129746361247914,0.00048093703828273486,6.918572354717206e-05,0.00021884912930706862,CASA VERDE
2386790595,4680745991,0,82.429,0,5,23.831680773881498,0.04195080370189966,0.029613411133264992,0.00018965852628894062,0.0002552060467763029,CASA VERDE
2386790601,2386790692,0,55.19,0,4,24.258766626360337,0.041212242049646096,0.054354189977702014,4.168462720681131e-05,0.00022548145200755322,CASA VERDE
2386790614,4386437972,0,38.751999999999995,0,4,23.52914147521161,0.04249020998427431,0.0018411901445278087,9.478396511049829e-05,0.00023861407831293714,CASA VERDE
2386790614,5983831974,0,19.094,0,4,23.531318016928658,0.042486279829808224,0.03251100183166422,5.7030463925564896e-05,0.00023751223273493977,CASA VERDE
2386790665,2386790687,0,159.362,0,4,24.364449818621523,0.04103347990510884,0.0033294325895540672,8.158108502369772e-05,0.00021415016575637133,CASA VERDE
2386790692,4386437973,0,101.469,0,4,24.05392986698912,0.04156319435367926,0.05426870091553901,3.751914901981983e-05,0.0002341431073298592,CASA VERDE
2386852642,2386852746,0,157.233,0,4,24.49721886336155,0.040811088295687886,0.00040790495374919616,1.1170200012286359e-07,0.00020788345900560093,CASA VERDE
2386852692,5680615777,0,143.668,0,4,27.144619105199517,0.036830804593604945,0.02097388651107169,1.830658709033972e-10,0.0002395010494906897,CASA VERDE
2386905199,2386905201,0,21.990000000000002,0,4,23.54800483675937,0.042456172782450625,0.009650738100349993,0.0028792008101404766,0.0002530488343642507,CASA VERDE
2386905201,4624468714,0,31.321,0,2,24.500604594921402,0.0408054486230382,0.0006988120195667366,0.0009029761564926098,0.0001444031738563511,CASA VERDE
2386905201,2386985709,0,54.104,0,4,24.3726723095526,0.04101963663785833,0.008891595228342507,0.0021161720447249264,0.0002517691212882521,CASA VERDE
2386924513,7991467051,0,5.35,0,4,26.332527206771463,0.03796666207466593,0.050961251227684,1.4743286800932959e-06,0.00024075407952257907,CASA VERDE
2386924513,2386924541,0,131.107,0,4,25.63651753325272,0.038997424698368977,0.05055456754625142,3.965849179102502e-06,0.00024130367462918458,CASA VERDE
2386924515,2387005274,0,132.925,0,4,26.285126964933493,0.038035127749818286,0.00041694236889214237,5.84431225744729e-06,0.00023517718112802224,CASA VERDE
2386924515,7991467051,0,22.472,0,4,26.54752116082225,0.03765919070089457,0.04617899309028549,2.213269303829761e-06,0.000235562752327515,CASA VERDE
2386924530,7992159740,0,15.826,0,4,25.017654171704958,0.03996210656561751,0.00375150430217599,4.912699321363813e-06,0.00023111341506743327,CASA VERDE
2386924530,7991467039,0,62.204,0,4,24.468440145102782,0.040859088528025146,0.0008460974609504284,1.120948619208726e-05,0.00023088195694619842,CASA VERDE
2386924541,2387005368,0,27.745,0,4,25.00241837968561,0.03998645838371137,0.05061050181835235,1.4811914001232766e-05,0.0002393416872198807,CASA VERDE
2386972049,13449354124,0,26.93,0,4,28.405804111245466,0.035195559263736825,0.0007244587382156381,1.6513280876732693e-06,0.00023395997205886217,CASA VERDE
2386972053,2387001408,0,93.117,0,4,23.87569528415961,0.04187346798209185,0.0230703225697719,0.001096921141261396,0.00021966243223976563,CASA VERDE
2386972055,4680439011,0,81.586,0,2,28.440386940749697,0.03515276230644297,0.0006988120195667366,2.364611077730781e-05,0.00017026480998172573,CASA VERDE
2386972058,4675668449,0,150.16700000000003,0,4,27.804353083434098,0.035956893477485624,0.0010610413886745556,7.599331257098072e-06,0.0002354305978310436,CASA VERDE
2386972058,2386972146,0,107.952,0,4,27.72043530834341,0.03606574539363484,0.0004533362839272503,6.841397759639019e-06,0.00023705395719379987,CASA VERDE
2386972060,4320400726,0,25.536,0,4,28.871825876662637,0.03462746576203041,0.009425779739629629,1.5089310307979463e-06,0.00027200289935612465,CASA VERDE
2386972060,3111856955,0,43.205,0,4,28.803627569528416,0.034709453162388854,0.008786810063576995,5.11347050918662e-07,0.0002807166900594704,CASA VERDE
2386972097,3891203430,0,157.699,0,4,23.249093107617895,0.04300202839756592,2.9310535598744632e-06,0.04226707549720927,0.00020315720483020117,CASA VERDE
2386972105,4680418640,0,36.218,0,4,27.03651753325272,0.03697806719381731,0.0005102475738814795,3.809866611244501e-05,0.0002369201674906423,CASA VERDE
2386972105,4680418644,0,37.459,0,4,26.37678355501814,0.03790295962152052,0.029889174422356515,6.740354537421209e-05,0.00023655256656168858,CASA VERDE
2386972108,2386972109,0,152.909,0,4,24.138089480048368,0.04141828055023995,0.029204284907199184,0.01817062840726944,0.00022357804296589475,CASA VERDE
2386972115,2386972136,0,18.007,0,6,22.69286577992745,0.04405605584270262,0.09832097039367226,0.07577026162563594,0.00026673087046595606,CASA VERDE
2386972115,2386972142,0,13.352,0,6,22.350665054413543,0.044730577797013636,0.029593382267272518,0.06509815185342671,0.0002696892008475437,CASA VERDE
2386972115,7894068714,0,562.0720000000001,0,5,22.76372430471584,0.04391891891891892,0.08562779869817257,0.03672971118122383,0.00024259578819399045,CASA VERDE
2386972126,4680439007,0,23.679000000000002,0,4,26.442321644498186,0.03780901599612215,0.0020949705319202724,0.00027278432597395696,0.0002740954855627439,CASA VERDE
2386972126,3891203420,0,91.156,0,4,26.139056831922613,0.038247675440625434,0.001117708424165462,0.0005970575336463644,0.0002428875501740391,CASA VERDE
2386972126,3891203421,0,90.579,0,4,25.456106408706166,0.039273805113004816,0.0016746086005416099,0.0007812050797734262,0.0002448975306336668,CASA VERDE
2386972136,2386972142,0,21.740000000000002,0,6,22.501571946795647,0.04443059197798891,0.02068908580683722,0.08209780037786475,0.00026477537295175013,CASA VERDE
2386972142,2386985694,0,101.99799999999999,0,5,22.369286577992746,0.04469334140566721,0.02310183139554055,0.04818221004498123,0.0002354706245814331,CASA VERDE
2386972146,13473046718,0,43.21,0,4,28.162273276904475,0.03549990983332045,0.00034097923079872924,4.017767183173168e-06,0.00023890650975228223,CASA VERDE
2386985668,5745394201,0,68.078,0,4,26.46360338573156,0.03777861039779944,0.009981947152615807,2.545519951267475e-06,0.00022754864540909634,CASA VERDE
2386985669,2387005285,0,29.47,0,4,24.371221281741235,0.04102207888861325,0.03795421254681442,9.624174110128406e-05,0.00024347209561268682,CASA VERDE
2386985669,4297688537,0,53.304,0,4,24.75646916565901,0.04038371366051891,0.016547995635661252,3.963963495185964e-05,0.00023890043412731415,CASA VERDE
2386985669,7990769538,0,123.821,0,4,24.689480048367592,0.040493285402239176,0.023904207307556186,4.947101640005115e-05,0.00023670649608545656,CASA VERDE
2386985670,2386985712,0,46.243,0,3,25.013301088270858,0.039969061200812145,0.0006988120195667366,0.0022248725586494146,0.00018886280782339494,CASA VERDE
2386985670,2386985723,0,73.162,0,3,25.013301088270858,0.039969061200812145,0.0006988120195667366,0.0022248725586494064,0.00018886280782339494,CASA VERDE
2386985675,2386985684,0,52.603,0,4,25.140024183796857,0.03976758951074514,0.022448450706151868,0.0009253621379096974,0.00022071306652133213,CASA VERDE
2386985684,2520196401,0,57.965999999999994,0,4,25.84377267230955,0.038684683335828716,0.001211257883618122,0.0007045441545962588,0.00022024233332483545,CASA VERDE
2386985692,2386985726,0,67.346,0,3,24.290205562273275,0.04115890083632019,0.0006988120195667366,0.0005153144407519338,0.0001668457458503577,CASA VERDE
2386985692,2386985714,0,43.002,0,5,24.087787182587665,0.04150477395259179,0.015361895961765385,0.0008508928254351526,0.0002624161491240315,CASA VERDE
2386985692,2386985695,0,128.123,0,6,24.028778718258767,0.04160669894020672,0.0003475741013084468,0.0009121144282227053,0.0002958293475322831,CASA VERDE
2386985693,2386985733,0,95.943,0,4,22.346553808948006,0.044738807181585016,0.0002779615792614283,0.04191502811105615,0.0001977061136562323,CASA VERDE
2386985694,11191401769,0,32.366,0,4,22.37678355501814,0.04467836762925817,0.04289303779520289,0.018918945315926607,0.00020888942806146003,CASA VERDE
2386985704,2386985709,0,121.095,0,4,23.82031438935913,0.041970821446338465,0.0003182635657097021,0.005653984207935892,0.00023340960411749495,CASA VERDE
2386985718,2387005298,0,59.798,0,4,24.83917775090689,0.04024924544834972,0.023701231848534877,0.005211018883594425,0.0002241977379672346,CASA VERDE
2386985729,8002898887,0,22.16,1,4,27.18186215235792,0.03678034111230727,0.03800281918501568,1.5138058503575585e-06,0.0002254416689049733,CASA VERDE
2386988374,2386988375,0,22.691000000000003,0,5,27.26577992744861,0.036667139714752,0.01790873725083297,1.5334377241777427e-06,0.00027040555167937507,CASA VERDE
2386988375,2540005271,0,63.405,0,5,27.93446191051995,0.0357894190063112,0.0051618295734022525,9.470870717276803e-07,0.0002805345044070798,CASA VERDE
2386988375,2386988377,0,32.96,0,5,27.36324062877872,0.0365365409599901,0.007137603927220963,1.7890394419883811e-06,0.0002669934742825946,CASA VERDE
2386988377,2386988383,0,32.211999999999996,0,4,27.389842805320434,0.03650105512242069,0.003162851045567869,2.4086215747063944e-06,0.00021474377054698162,CASA VERDE
2387001342,2387005300,0,304.73499999999996,0,4,24.25659008464329,0.04121594002053818,0.0005864549664382155,0.0010239929442725875,0.00022694039185463852,CASA VERDE
2387001342,2387001377,0,89.873,0,4,23.669649334945586,0.04223797944295727,0.014903674588571676,0.0029886845449976457,0.0002275032144494998,CASA VERDE
2387001377,2387005355,0,301.32399999999996,0,4,23.208706166868197,0.043076858952984326,0.011652159172817606,0.011001545812859753,0.00021949152279929858,CASA VERDE
2387001394,2387001395,0,19.467,0,4,25.49334945586457,0.03921643029929327,0.04237326429725182,0.00011241140775513912,0.0001999474820958045,CASA VERDE
2387001408,2387005348,0,292.744,0,4,23.615235792019348,0.04233530297289271,0.0027117130518105243,0.0030659721262803956,0.00021887999159738916,CASA VERDE
2387005229,3674500577,0,99.971,0,4,23.54993954050786,0.042452684870454616,0.034755211840674774,0.0009726251380512795,0.0002491587197052051,CASA VERDE
2387005229,2387005234,0,223.467,0,5,23.264812575574364,0.04297297297297297,0.021430153848558814,0.0021531719610885765,0.00027271018841877853,CASA VERDE
2387005230,2387005308,0,83.593,0,4,24.746553808948004,0.04039989445600868,0.0009462417909128059,0.0007904724439851393,0.0002533643727824869,CASA VERDE
2387005230,4323525961,0,49.400999999999996,0,4,24.49818621523579,0.04080947680157947,0.009343710239953142,0.0007941952112369173,0.00024378743439955734,CASA VERDE
2387005231,2387005360,0,130.87,0,5,23.630713422007254,0.042307574222467836,0.0011621627364902247,0.0012198173912616862,0.0002707601239774715,CASA VERDE
2387005231,2387005286,0,61.69,0,5,23.728415961305924,0.042133371383144616,0.023533429032232066,0.0012575791429767825,0.00027078982138609685,CASA VERDE
2387005231,2387005234,0,110.678,0,6,23.44328899637243,0.04264581485072933,0.02341496561752047,0.0023387203809172134,0.00031003533512886927,CASA VERDE
2387005234,2387005238,0,109.892,0,5,23.464570737605804,0.04260713623152557,0.007825913004864817,0.001736622149878528,0.0002697482954246524,CASA VERDE
2387005235,2387005357,0,97.018,0,4,22.11584038694075,0.045205524390643965,0.00014484289675046306,0.05562212330177469,0.00019145136639288156,CASA VERDE
2387005237,2387005279,0,99.51,0,6,23.69334945586457,0.0421957293920712,0.022557143942330545,0.0006406642676976588,0.0002994640361630008,CASA VERDE
2387005237,2387005286,0,58.187,0,5,24.039419588875454,0.041588282043801494,0.023907626870042706,0.0006344633194544745,0.0002681303503672327,CASA VERDE
2387005238,2387005244,0,49.68300000000001,0,4,23.966626360338573,0.041714597081794515,0.006347440738371473,0.00046172291572669605,0.00023358421829550416,CASA VERDE
2387005238,2387005270,0,26.428,0,4,24.102781136638452,0.04147895449756685,0.00212452532198234,0.0005047632963252301,0.0002314862839159169,CASA VERDE
2387005244,2387005285,0,93.675,0,4,24.332527206771463,0.041087313024896883,0.00668231360758713,0.00017447892047443234,0.00024290327745241468,CASA VERDE
2387005244,4297688532,0,35.342,0,4,24.569286577992745,0.04069137941217001,0.001026357254882708,0.00013844241441055894,0.0002393197792778221,CASA VERDE
2387005247,2387005289,0,51.84,0,2,28.769286577992744,0.034750884743739545,0.0006988120195667366,8.514079115775927e-06,0.00014477505839382776,CASA VERDE
2387005253,4317621338,0,31.816,0,4,24.739540507859733,0.04041134724041526,0.0008661263269429039,0.009017061326179306,0.00021908724630614995,CASA VERDE
2387005256,2387005308,0,75.993,0,4,25.314389359129382,0.03949367088607595,0.00045089373929402157,0.0002374104775038203,0.00025821462090596726,CASA VERDE
2387005256,2387005354,0,65.189,0,4,25.670133010882708,0.03894635690464078,0.004838192409499447,9.5974966071203e-05,0.00025121922139059066,CASA VERDE
2387005256,4323525961,0,106.85199999999999,0,4,24.912212817412335,0.040131246845027765,0.004597113254199773,0.00024113324475559858,0.0002486376825230378,CASA VERDE
2387005258,4297688532,0,22.544,0,4,25.158162031438938,0.039738918955291316,0.0011802375667761171,7.90499285285887e-05,0.000240027962601077,CASA VERDE
2387005258,4297688533,0,20.099,0,4,25.01644498186215,0.039964038165946465,0.0008131231084018407,5.8904187767200047e-05,0.0002430009040347,CASA VERDE
2387005258,2387005270,0,62.988,0,4,24.57509068923821,0.04068176897793698,0.0009330520498933708,0.00018933877724422723,0.00023757849092187388,CASA VERDE
2387005270,2387005360,0,85.41199999999999,0,4,24.3770253929867,0.041012311630075696,0.002521927333808653,0.00040472750762248773,0.00023224646365166312,CASA VERDE
2387005272,4317620152,0,179.843,0,5,24.099879081015718,0.04148394930408517,0.0011758409864363055,0.013041281908892761,0.00025748598709358624,CASA VERDE
2387005272,4317621338,0,64.602,0,5,24.394437726723094,0.04098303774127351,0.0007554790550576429,0.014005181360300765,0.0002546582347682808,CASA VERDE
2387005274,2387005362,0,53.781,0,4,26.298669891172914,0.03801554094441124,0.00013898078963071414,1.0060329617373022e-05,0.00023656947565494903,CASA VERDE
2387005274,6338922860,0,105.42200000000001,0,4,25.71414752116082,0.0388796930253555,0.0007105362338062345,1.5901146813538952e-05,0.00024395690533489872,CASA VERDE
2387005275,2387005353,0,45.22,0,2,26.715114873035066,0.037422940787746564,0.0006988120195667366,8.26237356996417e-06,0.00014683921758159327,CASA VERDE
2387005275,2387005354,0,64.524,0,4,26.128415961305926,0.03826325191362538,0.00043208614561816047,2.6864564429773413e-05,0.0002586056647075467,CASA VERDE
2387005275,6338922860,0,74.786,0,4,25.844740024183796,0.03868323539319534,0.0012088153389848931,1.8843881304221975e-05,0.0002581215006290247,CASA VERDE
2387005276,2387005278,0,40.821,0,3,26.83143893591294,0.037260698705699966,0.0006988120195667366,6.156281249218352e-05,0.00020597557684845535,CASA VERDE
2387005277,2387005278,0,89.842,0,3,26.83143893591294,0.037260698705699966,0.0006988120195667366,6.156281249219703e-05,0.00020597557684845535,CASA VERDE
2387005278,2387005346,0,47.377,0,5,26.498911729141476,0.03772827247588366,0.004038259042117041,6.634125307458189e-05,0.00032853388947144067,CASA VERDE
2387005279,4680745991,0,28.471000000000004,0,6,23.652720677146313,0.04226820988916609,0.02454488676485208,0.0004501395525848067,0.00029221842224362555,CASA VERDE
2387005280,2387005298,0,170.827,0,4,25.215235792019346,0.03964897137102575,0.00042671254742505726,0.0025358809573757753,0.00022288370116746168,CASA VERDE
2387005283,2387005286,0,50.516,0,2,24.51390568319226,0.04078330784787649,0.0006988120195667366,0.00034201035243705655,0.0001279910449464815,CASA VERDE
2387005285,3674500577,0,111.27499999999999,0,4,24.04087061668682,0.04158577191199992,0.033299455239270456,0.00026883133158896617,0.00025575726334990933,CASA VERDE
2387005288,2387005290,0,73.898,0,2,27.272309552599758,0.036658360748774065,0.0006988120195667366,0.00019642580162524024,0.00013361373054951057,CASA VERDE
2387005289,4319848317,0,63.638,0,4,28.44546553808948,0.03514648620156093,0.004340646067710757,1.6177189080349106e-05,0.0002599633840476461,CASA VERDE
2387005297,9267837889,0,33.181,0,4,24.708343409915358,0.040462371169337076,0.0350385470181293,2.948602453328203e-05,0.00022624089432569553,CASA VERDE
2387005297,3891203427,0,94.11699999999999,0,4,24.41813784764208,0.04094325981241767,0.004955190297431103,8.895177002517777e-05,0.000237319076651307,CASA VERDE
2387005305,2387005309,0,50.171,0,3,27.46360338573156,0.036403022137686904,0.0006988120195667366,0.00010291987259665855,0.00017680038519538578,CASA VERDE
2387005309,4319848313,0,38.943,0,5,26.878113663845223,0.03719599427753934,0.006870633798809065,0.0002840227988103138,0.00027444626404828516,CASA VERDE
2387005309,2387005338,0,126.512,0,5,27.339056831922612,0.0365688607393385,0.004038503296580365,0.00011688763650640576,0.0002761897815598768,CASA VERDE
2387005315,2387005320,0,129.203,0,4,27.326723095526,0.036585365853658534,0.017642255631347716,1.066915148785416e-06,0.00023936631910259054,CASA VERDE
2387005319,2387005341,0,117.274,0,4,25.54486094316808,0.03913734994509032,0.0012525368879196873,0.001919938751955323,0.00023363538829496784,CASA VERDE
2387005319,4317621337,0,40.237,0,4,25.42055622732769,0.03932872880872196,0.002128433393395506,0.0035501106590542435,0.0002251491344086092,CASA VERDE
2387005328,4319848313,0,21.282,0,4,27.128657799274485,0.03685247421485688,0.002862173801217413,0.0004396386850846372,0.00022057825744562553,CASA VERDE
2387005328,2387005336,0,134.92200000000003,0,4,27.15622732769045,0.03681506086863595,0.0006077051047473054,0.00047036804212787734,0.00021543402601865056,CASA VERDE
2387005341,4319848314,0,56.198,0,4,26.06311970979444,0.038359113305063516,0.004878250141484399,0.0007759724245271827,0.0002403275405609836,CASA VERDE
2387005341,4319848316,0,8.299,0,4,26.021765417170496,0.038420074349442376,0.004657199852177199,0.0010452784468965625,0.00022960143777531002,CASA VERDE
2387005343,2387005346,0,87.698,0,2,27.15695284159613,0.036814077332715904,0.0006988120195667366,1.493459946734436e-05,0.00014929431709461474,CASA VERDE
2387005348,2387005355,0,240.41400000000002,0,4,23.14316807738815,0.04319884635882003,0.0035311867762587595,0.011071303631729066,0.00021593852230001887,CASA VERDE
2387005350,2387005351,0,156.437,0,4,26.278839177750907,0.038044228486237265,0.0024764960036305988,0.00048230412937696744,0.00022274319382076718,CASA VERDE
2387005354,2387005362,0,54.384,0,4,26.166384522370013,0.0382077302722786,0.005071211167509467,2.5536785128601185e-05,0.00024239305560178992,CASA VERDE
2387005358,2387005359,0,31.04,0,4,28.352599758162032,0.035261604599191386,0.009011035660907392,6.087025746420933e-07,0.0002442017501368282,CASA VERDE
2387005360,3891203427,0,36.849000000000004,0,4,24.148246674727933,0.041400859263116783,0.0036853113426154917,0.0003250818539277094,0.000236517124216521,CASA VERDE
2387005361,3891203428,0,43.97,0,2,25.446916565900846,0.03928798836756223,0.0006988120195667366,2.1511040322154186e-05,0.00014512967383391553,CASA VERDE
2387005368,4680745906,0,73.916,0,4,24.59371221281741,0.040650966124194894,0.004973997891106964,5.3268825817381226e-05,0.00024103363428157397,CASA VERDE
2387005368,7991467039,0,92.331,0,4,24.5540507859734,0.04071662841890654,0.049949304986137345,2.026161211709978e-05,0.0002329250284065266,CASA VERDE
2387110647,2387110675,0,60.721,0,2,29.860217654171706,0.03348127510690683,0.0006988120195667366,3.132741555667318e-06,0.00014144801832430978,CASA VERDE
2390252476,2390252487,0,24.892,0,4,31.81813784764208,0.0314210142283838,0.0025356055837547336,1.2377948106294164e-10,0.00022248693303943658,CASA VERDE
2390252476,4310276274,0,21.598,0,5,32.17533252720677,0.03107219361870044,0.009965337849109851,2.449315752137499e-10,0.0002572627060610188,CASA VERDE
2390252477,2390252495,0,207.336,0,4,30.39105199516324,0.032896464465611494,0.005102231484351472,8.229312787922371e-09,0.00022699296225887542,CASA VERDE
2390252484,4673755753,0,81.64800000000001,0,4,32.75163240628779,0.03052544525504327,6.839124973040414e-05,7.935554410079697e-11,0.00022743077462372344,CASA VERDE
2390252487,2390252506,0,3.782,0,4,31.544377267230956,0.031693704192094205,0.05828009196669053,1.969190348832806e-10,0.00021678633570877733,CASA VERDE
2390252495,4310276273,0,71.75999999999999,0,5,30.65876662636034,0.032609210090397085,0.005773198495099401,2.5677594204889995e-09,0.0002653393200565585,CASA VERDE
2390252495,2390252516,0,72.141,0,4,30.910036275695283,0.0323441277491335,0.0018817363854394054,2.6382314648088383e-09,0.00022780166270572382,CASA VERDE
2390252506,2445143976,0,21.489,0,5,31.59371221281741,0.03164421310471525,0.05574668467310571,4.81590362549435e-10,0.0002505617233675198,CASA VERDE
2390252506,4310276274,0,19.879,0,5,32.2,0.031048390125199967,0.002063705960614945,3.18071128208454e-10,0.0002511736581591072,CASA VERDE
2390318756,2390318778,0,23.020000000000003,0,5,26.96106408706167,0.03708155430375659,0.08475532175518327,3.7706134141346834e-07,0.0002398240650431357,CASA VERDE
2390318756,8158243954,0,9.878,0,4,26.806287787182587,0.03729565876366786,0.08787762655983954,2.1139686887487425e-07,0.00020791857367986376,CASA VERDE
2390318778,4192089065,0,8.925,0,6,26.889238210399032,0.03718060564634355,0.0099829241704691,3.561077226093187e-07,0.00028183707963043664,CASA VERDE
2445143976,4310276274,0,6.041,0,6,31.819588875453448,0.03141958137625975,0.011053491483213246,5.350399837884322e-10,0.0002913608257150198,CASA VERDE
2445143976,4310276273,0,12.748,0,6,30.907617896009672,0.03234665852914251,0.030444609071952726,1.1333044639685421e-09,0.0002978172677746741,CASA VERDE
2516243781,4320903744,0,213.628,0,5,24.960580411124546,0.04005348215323799,0.002003863617100841,0.00011316010354948554,0.0002575354536603525,CASA VERDE
2520196460,2520196464,0,45.914,0,5,27.657557436517532,0.03614773879892274,0.004948839681384708,1.7194649819616904e-06,0.00023939106883251785,CASA VERDE
2540005271,9453699385,0,83.836,0,2,28.702781136638453,0.034831403872402814,0.0006988120195667366,2.3796417252641275e-07,0.00013474760831355955,CASA VERDE
2545344462,4680034482,0,70.798,0,4,28.632648125755743,0.03491672015946485,0.021447251660991415,8.60265928788522e-09,0.00022241161369323574,CASA VERDE
2573726234,4386633612,0,21.706,0,4,23.22249093107618,0.04305128872689404,0.0431878529324336,7.543016912560938e-05,0.0002294875592721322,CASA VERDE
2583166224,2583166232,0,110.22,0,4,26.96372430471584,0.03707789586976994,5.691128995422916e-05,6.216685829047184e-07,0.00022997416805774012,CASA VERDE
2583166227,3791512984,0,20.894,0,4,28.224183796856106,0.03542203980909457,0.006864527437225993,3.165591041040627e-08,0.00022567222959036392,CASA VERDE
2926898287,4577506356,0,19.162,0,5,27.69987908101572,0.03609250997476842,0.004947374154604771,1.87529020980459e-08,0.0002681925135447655,CASA VERDE
2926898287,4577506343,0,10.311,0,5,28.592261185006045,0.03496604048076191,0.006102942020585278,1.1793371092733137e-08,0.0002709609526576641,CASA VERDE
2926898288,4577506355,0,62.980000000000004,0,4,29.480290205562273,0.03391276527674096,0.08188166799418968,4.314906622135369e-10,0.00023219919878524552,CASA VERDE
2960008546,2960008553,0,38.243,0,4,31.135187424425634,0.03211023426334431,0.0633972229733047,1.252117874542311e-13,0.00023831078816774083,CASA VERDE
3111856955,3111856957,0,51.411,0,2,28.94993954050786,0.03453403281317873,0.0006988120195667366,2.2443844406392236e-07,0.00015257376500183296,CASA VERDE
3111856958,3111856960,0,33.047,0,3,27.221765417170495,0.03672642632504753,0.004284711795609819,4.407074779787401e-06,0.00018844350999546862,CASA VERDE
3111856958,3111856960,1,89.334,0,3,27.221765417170495,0.03672642632504753,0.0,4.40707477978195e-06,0.00018844350999546862,CASA VERDE
3674500577,3674500580,0,98.17000000000002,0,4,24.304957678355503,0.04113391906548194,0.0020949705319202724,0.00024386150557260914,0.0002926718203765756,CASA VERDE
3674500580,3674500581,0,8.633,0,2,25.304232164449818,0.03950952376401327,0.0006988120195667366,5.380737529819999e-05,0.0001736995910441553,CASA VERDE
3674500580,4310226216,0,50.909000000000006,0,2,25.304232164449818,0.03950952376401327,0.0006988120195667366,5.3807375298179966e-05,0.0001736995910441553,CASA VERDE
3791512973,8001958711,0,44.963,0,4,29.277629987908103,0.034147509974145694,0.022305317590644667,1.2611069469381913e-08,0.00022751197668581728,CASA VERDE
3791512973,8001958710,0,63.12,0,4,28.88415961305925,0.034612679594092234,0.022263061568489808,2.2197558139759916e-08,0.00023046849673809624,CASA VERDE
3791589121,3791589122,0,40.466,0,2,28.530834340991536,0.035041322314049585,0.0006988120195667366,1.842687840545605e-07,0.00012556381626872777,CASA VERDE
3891180203,3891180204,0,48.667,0,2,30.115356711003628,0.03319761979329784,0.0006988120195667366,1.0076721435170532e-12,0.00015765237754892505,CASA VERDE
3891180205,4324887030,0,43.093,0,4,29.480290205562273,0.03391276527674096,0.013392227969529746,4.081797448413701e-13,0.00029793777107568634,CASA VERDE
3891180205,4286867903,0,57.593,0,4,29.950906892382104,0.033379896162200134,0.013082513310036344,1.3979287521152561e-13,0.0003070206648976435,CASA VERDE
3891180205,3891180206,0,76.012,0,2,30.303022974607014,0.032992027325762355,0.0006988120195667366,9.905277009008208e-14,0.00016589955408252376,CASA VERDE
3891180207,4286866139,0,175.62099999999998,0,2,27.839903264812577,0.03591097830052642,0.0006988120195667366,2.1927444829378967e-09,0.00015188449376481107,CASA VERDE
3891180210,7288878227,0,90.98599999999999,0,2,29.380894800483677,0.03402749197464812,0.0006988120195667366,7.80538729639789e-11,0.00014222886043839235,CASA VERDE
3891180211,4283490660,0,45.499,0,4,27.107134220072552,0.03688173577903076,0.01991577617595701,1.7435642686313933e-11,0.0002599977049779102,CASA VERDE
3891180228,5680610230,0,18.724,0,4,27.173881499395407,0.036791143070734396,0.007046741266864855,2.12131789155597e-11,0.0002522799715226865,CASA VERDE
3891180228,4286866108,0,17.228,0,4,26.99105199516324,0.03704035553006953,0.009683956707361904,3.459464657204121e-11,0.00025917063258138243,CASA VERDE
3891203416,3891203417,0,62.81,0,2,27.420072551390568,0.03646081388580198,0.0006988120195667366,9.226177755001122e-08,0.00014131127122413262,CASA VERDE
3891203418,3891203419,0,104.681,0,2,27.390084643288997,0.036500732840064276,0.0006988120195667366,4.7668819218150796e-07,0.00013661118795868553,CASA VERDE
3891203420,3891203421,0,20.711,0,4,25.44546553808948,0.03929022876531359,2.4425446332287194e-07,0.0009398609835227915,0.00023516548163302406,CASA VERDE
3891203420,8005384913,0,160.436,0,5,25.142442563482465,0.03976376437997768,0.0018143221535622928,0.001309143798256181,0.0002729319201273306,CASA VERDE
3891203427,3891203428,0,90.098,0,4,24.714631197097944,0.04045207691178629,0.0010747196386206364,8.48953008492692e-05,0.0002534206434541119,CASA VERDE
3891203428,4297688533,0,93.18299999999999,0,4,25.109794437726723,0.039815465813982605,0.0008881092286419623,3.4106365067020615e-05,0.00025457239600208014,CASA VERDE
3891203436,3891203437,0,176.787,0,2,24.094558645707377,0.04149310957432927,0.0006988120195667366,0.011286762660102015,0.00012768702553564578,CASA VERDE
4102377748,7991635848,0,70.13,0,2,25.32696493349456,0.03947406113036753,0.0006988120195667366,1.0148289951083486e-07,0.0001528915659568925,CASA VERDE
4283490659,5680620178,0,82.199,0,3,30.490205562273278,0.03278948579042966,0.0006988120195667366,6.28055214972587e-14,0.00018236578527316302,CASA VERDE
4283490660,4283490661,0,46.18,0,2,27.94776299879081,0.03577238586410993,0.0006988120195667366,3.935235654919243e-12,0.00014843881369924083,CASA VERDE
4283500910,7991031852,0,167.50400000000002,0,2,26.46795646916566,0.03777239709443099,0.0006988120195667366,2.60402109989049e-09,0.00013961918005819162,CASA VERDE
4286855763,4286855764,0,57.202,0,2,23.919226118500603,0.041797262046791905,0.0006988120195667366,9.642434845536284e-07,0.00014862191535533828,CASA VERDE
4286858658,4287040461,0,69.052,0,2,25.35912938331318,0.03942399389662407,0.0006988120195667366,3.548773192547412e-08,0.00014989963224376697,CASA VERDE
4286866108,4286866134,1,41.104,0,3,27.32744860943168,0.03658439455216418,0.0,4.9369939017656594e-11,0.0002051581324826434,CASA VERDE
4286866108,4286866134,0,38.297999999999995,0,3,27.32744860943168,0.03658439455216418,0.009995381148098566,4.936993839692936e-11,0.0002051581324826434,CASA VERDE
4286867903,5680610241,0,7.378,0,2,30.59105199516324,0.03268139200278274,0.0006988120195667366,6.215309993736782e-14,0.00016785286592347446,CASA VERDE
4297309699,4297309700,0,34.209,0,2,26.08125755743652,0.03833243699349072,0.0006988120195667366,7.188225539008936e-09,0.00013605799659690236,CASA VERDE
4297688532,4297688537,0,92.10900000000001,0,4,24.77291414752116,0.04035690577531337,0.0005424891630400986,5.0628346207906436e-05,0.00023868315326665797,CASA VERDE
4297688533,4297688536,0,85.969,0,4,25.103022974607015,0.03982620591323783,0.0006844010062306871,2.33699904847548e-05,0.00023779859772842598,CASA VERDE
4297688536,4297688537,0,41.703,0,4,24.876662636033856,0.04018859670441841,0.016071210923255006,2.295013116059556e-05,0.00023383749298402297,CASA VERDE
4310298926,4310298929,0,31.491,0,4,33.02345828295042,0.030274181264280275,0.011941356457391887,6.976788731073685e-12,0.000239729098637822,CASA VERDE
4310298926,4310298933,0,36.538,0,4,33.50302297460701,0.029840834446168838,0.0013585433250018137,6.604510513601455e-12,0.00023960550808128589,CASA VERDE
4310298929,4673755760,0,20.976,0,4,32.899153567110034,0.030388567900145547,0.013036837725394967,5.412589985845428e-12,0.00024040139384028916,CASA VERDE
4310298929,4310298933,0,29.808,0,4,33.45634824667473,0.029882465194951642,0.0007860108629730019,3.9722358772600296e-12,0.00024034247695312543,CASA VERDE
4310298933,8064877147,0,83.528,0,4,33.72309552599758,0.029646097027501882,0.001466748052253846,2.9810065487596278e-12,0.0002401498169415857,CASA VERDE
4317621337,4317621338,0,56.971,0,4,25.222007255139058,0.0396383266374541,0.00013971355302068274,0.005976938698184065,0.0002178708973242221,CASA VERDE
4319848311,4319848312,0,69.19,0,2,29.09528415961306,0.0343615190883475,0.0006988120195667366,3.7208307122374293e-06,0.00014153093243322819,CASA VERDE
4319848313,4319848316,0,93.885,0,4,26.526481257557435,0.037689060690874944,0.004639369276354629,0.0007433474415208088,0.00022322963391977195,CASA VERDE
4319848314,4319848315,0,56.295,0,2,26.736638452237003,0.037392814501248234,0.0006988120195667366,0.000322028376077485,0.00013559879327062612,CASA VERDE
4319848317,4319848318,0,50.254000000000005,0,2,28.684643288996373,0.034853428434125,0.0006988120195667366,1.0139670098691875e-05,0.0001419200807621732,CASA VERDE
4319848319,4319848320,0,87.804,0,4,26.45634824667473,0.03778897044708721,0.005324258791511963,0.0009288349543624556,0.0002436734384926804,CASA VERDE
4319848319,4319848321,0,117.71,0,4,25.665538089480048,0.03895332950144638,0.0004000888109228642,0.0020795185843925216,0.00022548773785575606,CASA VERDE
4319848320,4319848325,0,119.38300000000001,0,2,27.38210399032648,0.03651137116361228,0.0006988120195667366,0.00022315385978475272,0.00014232299442147963,CASA VERDE
4320402542,4320402543,0,152.02800000000002,0,4,23.48706166868198,0.0425663361443178,2.9310535598744632e-06,0.03126916294176922,0.00021313313452791383,CASA VERDE
4320903744,4680533081,0,63.909,0,5,25.66142684401451,0.03895957025728018,0.0029339846134343378,7.247502481303105e-05,0.0002626091131789044,CASA VERDE
4320903744,4680533593,0,69.106,0,5,25.71584038694075,0.03887713358724785,0.0026127899941647613,6.017473812292121e-05,0.00026441411132907793,CASA VERDE
4323525961,4680745906,0,122.374,0,4,24.579927448609432,0.04067376374977862,0.004780059847228604,0.000206397497985033,0.00024448664391365924,CASA VERDE
4324883239,4324883240,0,71.339,0,2,26.47013301088271,0.03776929120909241,0.0006988120195667366,1.2899010375107926e-09,0.0001586166513537898,CASA VERDE
4324883242,7991635851,0,66.045,0,2,25.721402660217652,0.03886872637695331,0.0006988120195667366,1.6750734998358517e-08,0.00014947013798651817,CASA VERDE
4324883245,4324883246,0,14.953,0,2,25.130592503022974,0.03978251455516528,0.0006988120195667366,0.0008281493270079525,0.00016966283238489956,CASA VERDE
4324883246,4324883248,0,29.156,0,4,24.131318016928656,0.04142990288926972,0.0020949705319202724,0.003753272494781267,0.00028175792641538716,CASA VERDE
4324883246,4324883247,0,14.575,0,2,25.130592503022974,0.03978251455516528,0.0006988120195667366,0.000828149327007955,0.00016966283238489956,CASA VERDE
4324887029,4324887032,0,34.086,0,2,30.397339782345828,0.032889659726476415,0.0006988120195667366,3.8385658929386145e-14,0.0001467904256387638,CASA VERDE
4324887030,4324887035,0,62.158,0,2,29.61596130592503,0.033757410462020875,0.0006988120195667366,3.7160988837662334e-13,0.00015876997210151727,CASA VERDE
4324887451,4324887453,0,57.400000000000006,0,2,29.996614268440144,0.033329033506401366,0.0006988120195667366,6.954633489573016e-13,0.00015877607902025612,CASA VERDE
4364594623,4364594631,0,26.173,0,4,24.16614268440145,0.04137020024617971,0.00038421227080687756,1.081701794035607e-05,0.00021867179928762917,CASA VERDE
4364594631,7992159740,0,15.177,0,4,24.303022974607014,0.041137193635377586,0.05531679681765745,8.982075851095534e-06,0.00022433070531959054,CASA VERDE
4386437972,9221707048,0,29.242,0,4,22.897218863361548,0.043662864385297845,0.08505160241919392,0.00034254847480253754,0.00023653779742272994,CASA VERDE
4386437972,4386437973,0,15.436000000000002,0,4,23.530834340991536,0.04248715313463515,0.08410804742737767,9.312261214182222e-05,0.00023720609710058146,CASA VERDE
4577506343,11398729822,0,24.186999999999998,0,4,28.69262394195889,0.03484373419641954,0.0005141556452946454,9.37600233440985e-09,0.00023051639750520925,CASA VERDE
4577506352,4577506355,0,25.012999999999998,0,4,29.22926239419589,0.03420401611742221,0.02142380323251242,1.0286749615250248e-09,0.0002252383143986509,CASA VERDE
4673755753,10722440538,0,15.104,0,4,33.581136638452236,0.029771421164066888,0.00018123681178557099,5.791518055446205e-11,0.00022699547223689625,CASA VERDE
4673755753,8061780638,0,16.58,0,4,33.668923821039904,0.02969379619453962,0.0005708226807855518,4.0279248265020843e-11,0.00023094080971495463,CASA VERDE
4673755760,8064877148,0,109.827,0,4,32.683434099153565,0.0305891406330931,0.0029283667607779115,4.739145551749585e-12,0.00024018836864339195,CASA VERDE
4680034482,11191377799,0,54.5,0,4,28.651511487303505,0.03489373195806675,0.06491306617268644,1.2322700638941507e-08,0.00021565015123001282,CASA VERDE
4680036120,8064877147,0,139.95999999999998,0,4,33.388149939540504,0.029943502824858758,0.00010454091030218919,3.902744169752467e-12,0.00024017358709492752,CASA VERDE
4680036120,8064877148,0,150.49699999999999,0,4,32.886094316807736,0.030400635368866925,0.000930853759723465,4.220531653981543e-12,0.00024015322190957004,CASA VERDE
4680108378,6222696384,0,172.301,0,4,26.1912938331318,0.03817139269258825,0.011406194928251474,4.829712096912254e-07,0.00021617620323373794,CASA VERDE
4680200114,4680200114,0,26.863000000000007,0,1,27.671342200725515,0.03612973143041924,0.0,5.580452875056804e-06,0.0001070554925063715,CASA VERDE
4680418640,4680418652,0,11.514,0,4,27.35477629987908,0.0365478463823467,0.00045480181070718754,4.1377736864962955e-05,0.00023778481827864745,CASA VERDE
4680418640,4680418644,0,15.363,0,4,26.66989117291415,0.03748639825897715,0.0005183079711711343,6.863203540748161e-05,0.0002380460814011553,CASA VERDE
4680418644,4680418653,0,7.351,0,4,25.913180169286576,0.03858106783884425,0.03087034460152449,0.00023280073777015423,0.00023574101606722855,CASA VERDE
4680418648,4680418653,0,11.870000000000001,0,4,26.05272067714631,0.03837442447645923,0.011211524120983144,0.0002352219866157375,0.00023498079925844743,CASA VERDE
4680418648,4680418652,0,15.374,0,4,26.817412333736396,0.03728018757327081,0.0005183079711711343,7.310386497231569e-05,0.00023665700054091262,CASA VERDE
4680418648,4680418655,0,39.361,0,4,26.723095525997582,0.03741176470588235,0.010119462415466584,7.874760489120059e-05,0.00023359942591967087,CASA VERDE
4680418652,4680418655,0,39.596000000000004,0,4,27.45006045949214,0.036420982150723306,0.00039789052075295836,4.907205750310055e-05,0.00023409837960594414,CASA VERDE
4680418655,4680439024,0,29.602,0,4,27.082466747279323,0.03691532870180201,0.010138025754679123,7.824332576399265e-05,0.0002208007016582731,CASA VERDE
4680439007,4680439011,0,70.128,0,3,27.441112454655382,0.036432858313724455,0.0,6.540656641411838e-05,0.00023416261797342728,CASA VERDE
4680439007,4680439011,1,48.116,0,3,27.441112454655382,0.036432858313724455,0.0013971355302068275,6.540656641411333e-05,0.00023416261797342728,CASA VERDE
4680439015,8005384911,0,11.387,0,5,27.14703748488513,0.036827523540573524,0.001041256777145403,7.140113401789824e-05,0.0002482104297462433,CASA VERDE
4680439015,4680439022,0,9.332,0,6,26.274002418379684,0.038051232016788936,0.027462750583707105,0.00011397830131944556,0.00028136992843860606,CASA VERDE
4680439015,4680439017,0,72.868,0,5,26.51390568319226,0.037706936653440964,0.0009296324874068506,9.156152134174568e-05,0.00024288074784005817,CASA VERDE
4680439017,4680439020,0,63.61000000000001,0,5,26.7683192261185,0.037348559451426094,0.0013719773204845717,0.00012576910828131875,0.00024213231973323063,CASA VERDE
4680439020,4680439024,0,22.627,0,5,27.089963724304717,0.03690511261683495,0.0013221494099667059,0.00012977359868038987,0.0002491520071487889,CASA VERDE
4680439020,7302060707,0,6.432,0,5,26.258766626360337,0.03807331000184196,0.0011848784015792517,0.00013539151777687252,0.00024476821094138743,CASA VERDE
4680439020,8005384916,0,39.516,0,6,26.659250302297462,0.037501360717007146,0.0016775396541014844,0.00020326098548625158,0.0002883088471037193,CASA VERDE
4680439022,8005384911,0,10.067,0,5,26.303748488512696,0.03800820109225309,0.004310847023185366,9.601826596172878e-05,0.00024177370871874068,CASA VERDE
4680439024,8005384916,0,39.857,0,5,26.920193470374848,0.03713785204150384,0.009152214740708011,0.00017525824091185033,0.00025085149733864603,CASA VERDE
4680439034,8005384918,0,6.624,0,5,25.52551390568319,0.039167014059953764,0.00023619406603321715,0.00044050269193463476,0.00025966064221999105,CASA VERDE
4680439034,7894068699,0,38.654,0,4,24.75912938331318,0.04037937467644732,0.009301209963334963,0.0009034854909967562,0.00021683744985194007,CASA VERDE
4680526385,4680526386,0,16.196,0,4,27.41813784764208,0.03646338666713709,0.0009159542374607698,3.3093058981275033e-05,0.00023360228476051036,CASA VERDE
4680533081,4680533593,0,41.497,0,4,26.53010882708585,0.0376839073125376,0.00113114241964822,4.9263981972891326e-05,0.00022086957808294285,CASA VERDE
4680533593,4680533594,0,53.078,0,4,26.6273276904474,0.03754631984305747,0.0033050071432217804,2.976878234818586e-05,0.0002280842078752287,CASA VERDE
4680533594,4680533599,0,79.194,0,4,27.19782345828295,0.036758756213154546,0.0,3.4987529922599355e-05,0.00023380069839372956,CASA VERDE
4680745906,6338922860,0,33.23,0,4,24.964933494558647,0.04004649811101424,0.002321150164957252,5.321853617507978e-05,0.00024658401870269027,CASA VERDE
4680745937,4680745939,0,105.193,0,4,22.471825876662635,0.044489404978422534,0.0,8.622113532283162e-05,0.00023921657742666328,CASA VERDE
4680745976,4680745979,0,71.548,0,2,23.039419588875454,0.04339337448041315,0.0006988120195667366,0.0015479794756039916,0.00013844758707881003,CASA VERDE
4915887872,9433798803,0,28.607,0,4,26.605562273276906,0.03757703565000818,0.001804551975029378,2.1138142539153994e-06,0.00023935743410245696,CASA VERDE
5476479681,5476479682,0,84.426,0,2,27.136396614268442,0.036841964548298266,0.0006988120195667366,2.8084887699231897e-10,0.0001678746622092306,CASA VERDE
5476479682,5476479686,0,22.016,0,4,26.47061668681983,0.0377686010817132,0.018712090180701895,1.1187682977984397e-09,0.000307158343741985,CASA VERDE
5476479682,5476479688,0,40.936,0,4,26.679322853688028,0.03747314605824926,0.018481513967325103,4.3492147973734463e-10,0.0003072140545388114,CASA VERDE
5476479683,5476479684,0,73.523,0,2,26.27279322853688,0.038052983302343565,0.0006988120195667366,4.138430814874877e-09,0.0001594705700112771,CASA VERDE
5476479684,5476479686,0,24.501,0,4,26.0403869407497,0.03839260009101294,0.018967091840410975,4.46419938348917e-09,0.0002987542515440315,CASA VERDE
5476479686,8699167958,0,8.393,0,2,26.792261185006048,0.037315184229054214,0.0006988120195667366,1.0091912668712152e-09,0.00016601543664110914,CASA VERDE
5476479687,5476479688,0,95.023,0,2,27.214026602176542,0.03673687016795521,0.0006988120195667366,2.2065458743178647e-10,0.00016607114743793553,CASA VERDE
5476479688,5476479690,0,45.853,0,4,26.739540507859733,0.037388756240503584,0.01836036375351696,7.857662463237829e-10,0.00029878584035005975,CASA VERDE
5476479690,5476479692,0,14.417,0,2,27.235066505441353,0.036708489837235944,0.0006988120195667366,6.854043472251939e-10,0.00015944644802047892,CASA VERDE
5680608212,5680608213,0,40.645,0,2,29.932769044740024,0.03340012280645057,0.0006988120195667366,1.178730569324759e-12,0.0001768051055478945,CASA VERDE
5680608213,5680608214,0,21.413,0,2,29.932769044740024,0.03340012280645057,0.0006988120195667366,1.1787346836618974e-12,0.0001768051055478945,CASA VERDE
5680610224,5680610226,0,36.345,0,2,26.22466747279323,0.03812281559217625,0.0006988120195667366,2.167481199399169e-10,0.00014897645452662678,CASA VERDE
5983831971,5983831973,0,4.37,0,4,23.562998790810155,0.042429156445968,0.0007137115418294318,9.576947094563953e-06,0.00023857679831649361,CASA VERDE
7302060735,7302060738,0,21.102,0,4,30.342442563482468,0.032949165510975084,0.0004237814938651828,2.80018462014537e-09,0.00023505421084177,CASA VERDE
7894068699,8005384913,0,11.101,0,5,24.76807738814994,0.04036478675206999,0.0010397912503654658,0.0016155055348497092,0.00026485316339075146,CASA VERDE
7990769536,7990769538,0,34.64,0,4,24.86577992744861,0.04020618556701031,0.003322593464581027,9.149317326275763e-05,0.00022773436694671932,CASA VERDE
7990769536,7990897105,0,40.309,0,4,24.89310761789601,0.04016204715688846,0.027570955310959138,8.807273609033077e-05,0.00022634685689572895,CASA VERDE
7990769538,7990897105,0,9.222,0,4,25.101571946795648,0.03982850811696132,0.020575018972465442,4.6305071846309804e-05,0.0002319196038211723,CASA VERDE
7991031839,7991635851,0,40.269,0,4,24.992261185006047,0.04000270942395712,0.019184722567231652,4.9093784902606925e-08,0.00026189856149731337,CASA VERDE
7991635848,7991635852,0,20.686,0,4,25.06650544135429,0.03988422575976845,0.01983590496645043,1.1705601946952032e-07,0.00027323848400202577,CASA VERDE
7991635851,7991635852,0,4.633,0,4,25.422974607013302,0.039324987633651685,0.01970938115444918,4.3573298614707445e-08,0.00026981705603165143,CASA VERDE
7991635852,7991665996,0,109.74000000000001,0,4,25.69286577992745,0.03891189759036145,0.000148750968163629,5.8152196673473964e-08,0.00026596930061962274,CASA VERDE
7991665996,7991666001,0,48.547000000000004,0,4,24.996372430471585,0.03999613003095975,0.0008534250948501145,1.17128806673036e-07,0.00027118612980324983,CASA VERDE
7991666001,8699171465,0,12.801,0,2,25.260701330108827,0.03957760906819335,0.0006988120195667366,1.0149850271834578e-07,0.0001522955023371151,CASA VERDE
8000069118,8158243951,0,6.901,0,4,27.860459492140265,0.03588448217494336,0.08661092291304713,1.3695023588815343e-07,0.00020647632145035305,CASA VERDE
8001958711,11191377808,0,177.62,0,5,28.73180169286578,0.03479622241300944,0.0006528921804620367,2.8458000206629154e-08,0.0002627367597745585,CASA VERDE
8005384913,8005384917,0,6.68,0,5,25.133494558645708,0.03977792104073051,0.0039662039754367944,0.0012086165535551189,0.0002629962177169388,CASA VERDE
8005384916,8005384918,0,29.273,0,6,26.249576783555018,0.038086639273276705,0.0032874208218625334,0.0003456084700881208,0.00029645168079801934,CASA VERDE
8005384917,8005384918,1,79.4,0,4,25.900846432889963,0.03859943977591036,0.0,0.00044013122349016595,0.00021217399186897133,CASA VERDE
8005384917,8005384918,2,27.614,0,4,25.900846432889963,0.03859943977591036,0.003650871463286967,0.0004401312234901522,0.00021217399186897133,CASA VERDE
8050262993,8050262994,0,156.899,0,2,27.653204353083435,0.0361534290661676,0.0006988120195667366,4.5927495969695316e-08,0.00012162577411000104,CASA VERDE
8061780638,10722440538,0,10.784,0,4,33.70761789600967,0.02965970971653238,0.0032866880584725647,5.10496818063203e-11,0.00022793445123378268,CASA VERDE
8064692161,11191377808,0,8.403,0,5,28.558403869407496,0.03500749434748368,0.005407793817968385,4.413579855345767e-08,0.00025441848044717745,CASA VERDE
8064877144,8064877145,0,83.387,0,3,34.2906892382104,0.029155382532159782,0.0006988120195667366,9.578992975944467e-13,0.00019220895253928952,CASA VERDE
8064877145,8064877146,0,29.052,0,3,34.2906892382104,0.029155382532159782,0.0006988120195667366,9.579149315667297e-13,0.00019220895253928952,CASA VERDE
8064877145,8064877147,0,17.133,0,5,33.845707376058044,0.02953869898250829,0.0007689130505404008,2.0117491594570813e-12,0.0002979871433874605,CASA VERDE
8064877145,8064877148,0,15.839,0,5,33.31100362756953,0.03001285020436907,0.001689996631730951,2.329530720180581e-12,0.00029796706462765306,CASA VERDE
8158243953,8158243954,0,17.026,0,4,27.199516324062877,0.03675646839157109,0.09988029088752547,8.274375853741472e-08,0.0002226534989277783,CASA VERDE
8480345242,11772486139,0,28.879,0,4,28.730834340991535,0.03479739398326628,0.004389252705912008,1.0044424108798155e-07,0.00023483608249601562,CASA VERDE
8480345242,11772486772,0,145.38799999999998,0,4,28.305925030229748,0.0353197488145585,0.0034498500399722434,1.1719885778267618e-07,0.00023596921049695295,CASA VERDE
8953100684,8953100686,0,126.715,0,4,28.214993954050787,0.03543357704274486,0.002323348455127158,1.4826698190332093e-11,0.00023480520496045685,CASA VERDE
9267837889,13594883125,0,209.00199999999998,0,4,25.23385731559855,0.039619712100592286,0.002061507670445039,9.359160296985525e-06,0.00021926010318087396,CASA VERDE
13449354124,13473046718,0,78.249,0,4,28.096977025392988,0.0355824102047667,0.00626048614942853,2.4257345468220993e-06,0.00023654627010086468,CASA VERDE
