u,v,key,length,flood_count,Degree,Mean Shortest Path Length,Closeness,bet,Eigenvector,Pagerank,district
26352788,1519484536,0,51.805,0,5,33.21598341043229,0.030101185702417026,0.010097350882943184,1.5806907718134783e-17,0.00016960220812059726,CIDADE DUTRA
29972324,29972325,0,178.01800000000003,0,5,28.381879087573775,0.03522812854782325,0.010322042653246351,-2.19842989653929e-18,0.00017744237035602174,CIDADE DUTRA
29972324,29972823,0,20.343,0,5,28.59562928696762,0.03496480091037899,0.034922699412861205,2.419878117504083e-18,0.0001778337437663343,CIDADE DUTRA
29972324,549850588,0,51.461999999999996,0,5,28.84941776997926,0.03465721536904848,0.034692148948402377,-2.4487369198706774e-18,0.00017911729114760403,CIDADE DUTRA
29972324,549840448,0,66.366,0,5,28.69931408518105,0.034838480179639385,0.012012601400162807,-3.764378145566944e-18,0.00017587555770413846,CIDADE DUTRA
29972325,549850583,0,77.845,0,4,28.505024724836495,0.03507593817502155,0.0025480979803670823,-4.939232858871026e-18,0.00015045712192283156,CIDADE DUTRA
29972325,6505068597,0,369.43100000000004,0,4,27.751156484287765,0.03602878624146414,0.012842257589205942,-1.9745585476390517e-18,0.00014579585481835187,CIDADE DUTRA
29972823,539184919,0,26.312,0,4,29.262242781942895,0.034168279320777345,0.043135720664406296,2.1279684145212815e-18,0.00014838585416047744,CIDADE DUTRA
29972823,539185097,0,230.59200000000004,0,4,28.438187908757378,0.035158375355482135,0.010639931058358995,2.390184280569665e-18,0.00014914388738553316,CIDADE DUTRA
30003675,165495756,0,17.355,0,5,31.38873823576328,0.031853478066430865,0.00013019320345910324,-3.640634133161561e-18,0.00016271129377674293,CIDADE DUTRA
30003675,538623778,0,73.041,0,5,31.959802201308023,0.031284313921220226,0.01655211292177309,1.5711003737971378e-18,0.00016111799726915263,CIDADE DUTRA
30003675,538623475,0,220.84300000000002,0,6,31.937470090923593,0.03130618931553922,0.00020776665385348559,-1.4441475596803019e-18,0.0001858952345133449,CIDADE DUTRA
30003675,6093482585,0,11.501,0,6,31.4223959164141,0.03181935863787966,0.016839622912745277,-2.689821390006476e-18,0.00018786752814551068,CIDADE DUTRA
30003686,30003692,0,50.873,0,4,33.56595948317116,0.029787335155043365,0.0022592860573603045,-2.0051952222774147e-18,0.00014839438259856163,CIDADE DUTRA
30003686,1982904735,0,18.23,0,4,33.45206572021056,0.029888751663002894,0.0006785235786943597,-1.311813550201689e-18,0.00015122729538570226,CIDADE DUTRA
30003686,7280270051,0,154.10199999999998,0,4,33.077364810974636,0.030227331912307944,0.0016058246703318224,-7.126985272150756e-19,0.00014945136629655972,CIDADE DUTRA
30003692,665551645,0,64.593,0,5,32.81751475514436,0.030466672823513972,0.00460894789678847,-1.9355220175213775e-18,0.0001694648658983836,CIDADE DUTRA
30003692,30003693,0,28.113,0,4,33.25634072419844,0.030064657239884114,0.0050957619833893,-2.2945046075956344e-18,0.0001468513132041272,CIDADE DUTRA
30003693,665551667,0,50.461000000000006,0,4,33.09570904450471,0.03021057755799438,0.0033117896129909383,-1.3478339598137008e-18,0.00014258648869840257,CIDADE DUTRA
30003693,30003694,0,33.355,0,4,33.62019460839049,0.029739283087799207,0.005679678500903378,-4.46662396649526e-18,0.00014979124686884452,CIDADE DUTRA
30003694,539147626,0,63.791000000000004,0,4,34.02584144201627,0.02938473943780824,0.004892552091656883,-6.440759643646585e-18,0.00015014005126735903,CIDADE DUTRA
30003694,30003696,0,41.745,0,4,34.03381719572499,0.0293778531857254,0.0027570580719189428,-7.290135329829236e-18,0.00014999141475141613,CIDADE DUTRA
30003696,30003698,0,29.594,0,4,33.42765991386186,0.029910573683657984,0.03100540290944922,-1.6036291562495368e-18,0.0001492263287526585,CIDADE DUTRA
30003696,5233765186,0,156.33499999999998,0,5,33.60440261604722,0.029753258712844028,0.028386024150188278,-1.2899361150395842e-18,0.0001774624610556928,CIDADE DUTRA
30003698,1982904735,0,16.751,0,4,33.243100973041955,0.030076631110215402,0.02850959919913821,2.000013064108247e-18,0.00015055015042632667,CIDADE DUTRA
30003698,538623773,0,60.773,0,4,33.158557983729466,0.030153316239398473,0.0031442743578735588,-2.584837610600253e-18,0.00014509368886359234,CIDADE DUTRA
165495756,7280270054,0,11.752,0,4,30.847025043866644,0.032412865859964834,0.0014891932588997092,-1.628712969555614e-18,0.0001386020104134869,CIDADE DUTRA
165495756,549807896,0,153.983,0,5,31.45748923273249,0.03178386162762985,0.0011599129484843938,-3.0040934294523215e-18,0.00017424222028751538,CIDADE DUTRA
534747876,5230325372,0,291.895,0,4,39.137342478864255,0.025546969252339496,0.0025582964479713786,-6.165470690794403e-19,0.00016337670754539013,CIDADE DUTRA
534747876,1519260335,0,123.334,0,4,39.21646195565481,0.0254954280693762,0.006667519432149324,-5.273864015373641e-18,0.00016031766580961067,CIDADE DUTRA
534747876,534753688,0,210.073,0,4,38.294464826926145,0.026109269040438542,0.009419912247610983,-6.1019948482306365e-18,0.00016060145960966163,CIDADE DUTRA
534748497,5230325391,0,6.757,0,4,45.020417929494336,0.022208600695170302,0.00046880402678898755,-1.3138676872910347e-18,0.00017329644889506484,CIDADE DUTRA
534748497,5230325394,0,68.604,0,4,44.02424629127452,0.022711132368073973,2.386875396750226e-06,1.423182969980663e-18,0.00017634698852799413,CIDADE DUTRA
534748497,5230325409,0,55.047,0,4,44.02360823097783,0.02271146153400197,0.0009313153820774518,4.195836152689299e-19,0.0001700206981850118,CIDADE DUTRA
534750860,534751317,0,39.238,0,4,42.030945924389854,0.023788198503180362,0.005107913349045483,4.0735743506925805e-18,0.00017061423612928502,CIDADE DUTRA
534750860,5230326622,0,73.836,0,4,43.02711756260967,0.0232374498122245,0.0032512497733824556,3.728879381578954e-18,0.0001776037767351603,CIDADE DUTRA
534750860,5230325409,0,84.668,0,4,43.02711756260967,0.0232374498122245,0.0013937182430297,1.6835902398348946e-18,0.00016931849051712654,CIDADE DUTRA
534751317,5230325412,0,106.26200000000001,0,4,42.03174349976073,0.023787747109075247,0.0013930672770124046,4.60043820804464e-18,0.00017017196594423266,CIDADE DUTRA
534751317,2575871648,0,34.141999999999996,0,4,41.03620992183761,0.024364835028143173,0.006963708970018784,2.838163914202833e-18,0.0001751854763342356,CIDADE DUTRA
534752220,534752683,0,67.438,0,5,38.948476631041636,0.02567084957897841,0.013971575134877448,7.744890277519706e-19,0.00017792422293683798,CIDADE DUTRA
534752220,534752677,0,67.417,0,4,39.55511245812729,0.025277149344076526,0.01369925435097549,3.979613948062629e-18,0.00015353159408297736,CIDADE DUTRA
534752220,5230378522,0,134.228,0,4,38.86999521454778,0.025722680936981893,3.0269919804241502e-05,-1.7488617298577156e-19,0.00015163245258713513,CIDADE DUTRA
534752635,534753688,0,18.41,0,4,37.41521773807625,0.026722829516192294,0.010487171032966982,-4.757895721365067e-18,0.00016119454225365824,CIDADE DUTRA
534752635,538133954,0,457.82199999999995,0,4,37.200350933163186,0.026877178839581663,0.01099633495282829,-1.7695893175715946e-18,0.00016386159127273057,CIDADE DUTRA
534752635,5230377900,0,584.357,0,4,36.727707768384114,0.027223057078081703,0.00045719513281388416,-4.2553154314556234e-18,0.0001614891782237207,CIDADE DUTRA
534752676,534753060,0,69.946,0,4,40.858669644281385,0.024470705816672718,0.005892761377231444,-1.0904981423565185e-18,0.0001590128074598533,CIDADE DUTRA
534752676,534752677,0,78.917,0,4,40.348380921997126,0.024780188500221394,0.006097381695334668,1.972776657959089e-18,0.00015779171678106366,CIDADE DUTRA
534752676,5230325416,0,93.22,0,4,40.85627691816877,0.024472138930534734,1.68166221134675e-05,2.32947538351991e-18,0.0001590666388339604,CIDADE DUTRA
534752677,1519267487,0,125.268,0,4,40.10878928058702,0.024928214061294453,0.007372190145871721,1.3030189059132132e-18,0.0001584422469817536,CIDADE DUTRA
534752683,5169445198,0,248.73499999999999,0,5,39.052161429255065,0.025602692612471306,0.0039289053973870875,4.451755607838214e-20,0.0001749509831209962,CIDADE DUTRA
534752683,1519260332,0,123.592,0,5,38.25570266390174,0.02613572396539143,0.010971164266826197,-2.1686040901909997e-18,0.00017600772657079078,CIDADE DUTRA
534753060,1519260335,0,60.843999999999994,0,4,40.050087733290795,0.02496475142786589,0.006578337087779838,-4.014074404618756e-18,0.0001595274342483226,CIDADE DUTRA
534753060,534753063,0,92.993,0,4,40.05279948955176,0.02496306120091919,0.0009987988592037537,-1.923575451405858e-18,0.0001594168441142053,CIDADE DUTRA
534753063,534753374,0,63.823,0,4,40.11213909714468,0.024926132273932946,0.0011500399638887451,1.0781043966156095e-18,0.0001594736028742155,CIDADE DUTRA
534753063,5230378541,0,124.607,0,4,39.22108789280587,0.025492421007251593,3.1463357502616613e-06,-4.191601806316988e-18,0.00015957036924156814,CIDADE DUTRA
534753066,5230378540,0,36.046,0,4,38.62131121390971,0.025888310197136097,0.0027944886179134347,4.023414765921223e-18,0.00015884355799710028,CIDADE DUTRA
534753066,5230378522,0,39.831,0,4,38.74142606476312,0.025808045456417014,0.0010673672796922148,1.503308255060071e-18,0.00015549629078242765,CIDADE DUTRA
534753066,534753193,0,65.174,0,4,39.523209443292394,0.025297552982391,0.0017120406254872076,2.5799273995986424e-18,0.00015851829289675534,CIDADE DUTRA
534753193,534753374,0,63.132000000000005,0,4,40.275801563247725,0.024824843854583764,0.0013853641791410742,2.6978625782864364e-18,0.0001593047902871365,CIDADE DUTRA
534753193,5230378544,0,90.838,0,4,39.61205933960759,0.025240810540897524,1.0849433621591936e-06,1.2341838187040043e-18,0.00015934626158743047,CIDADE DUTRA
534753374,5230377862,0,124.273,0,4,40.11229861221886,0.024926033149874335,3.037841414045742e-06,1.2001639676904138e-18,0.00015948742664098015,CIDADE DUTRA
534753688,5230378541,0,434.20800000000014,0,4,38.353485404370716,0.0260690905763648,0.0007017413666445665,-2.9865951481096223e-18,0.0001599647531757364,CIDADE DUTRA
534934049,665551748,0,142.735,0,5,36.70362099218376,0.027240922227775483,0.0012713366317781431,2.1252632139608237e-18,0.00017866515794878884,CIDADE DUTRA
534994325,538615346,0,68.685,0,4,36.01914180890094,0.0277585870932313,0.005209681036416016,-7.858026457584146e-18,0.0001497676356665798,CIDADE DUTRA
534994325,2508169641,0,141.534,0,5,36.58143244536609,0.02733191179484496,0.002174551980775672,-7.611867210479395e-18,0.00017528394106302404,CIDADE DUTRA
534994325,538608665,0,94.40100000000001,0,4,36.26527356835221,0.027570190061887774,0.0028206357529414715,-6.8240605761272804e-18,0.00014946344938877865,CIDADE DUTRA
534997896,1517889061,0,42.669000000000004,0,5,33.37597702982932,0.029956890371545735,0.02005094677040027,2.4023163815693854e-18,0.00016823063742989053,CIDADE DUTRA
534997902,538608735,0,216.549,0,4,37.54011804115489,0.026633919579840147,1.4538241052933194e-05,-1.909840240770501e-18,0.0001532951379200079,CIDADE DUTRA
534998558,538608704,0,107.014,0,4,38.09554952943053,0.02624559816766532,7.692248437708683e-05,1.3023399460044826e-18,0.00015628949472566651,CIDADE DUTRA
534998672,665551769,0,181.25599999999997,0,5,37.37517945445845,0.026751456434988583,0.0003956788441794579,-1.2014022889813071e-17,0.00017470789692174002,CIDADE DUTRA
534998675,538608022,0,169.79,0,4,37.319189663423195,0.026791591509442027,0.00467914373232017,-9.635211635566003e-18,0.00015100142672924442,CIDADE DUTRA
534998680,538608038,0,167.374,0,4,35.427021853565165,0.028222538407506798,0.01793324582180174,-1.9232373835564225e-18,0.00014582389693510855,CIDADE DUTRA
534999014,538608022,0,43.028,0,4,36.616366246610305,0.027305835816474115,0.0002818682854889585,-1.80870940975951e-18,0.00014894536494300425,CIDADE DUTRA
534999014,946763790,0,165.829,0,5,36.040038283617804,0.0277424923097351,0.00036182861128009107,-1.1292579896404934e-18,0.00017310377750513514,CIDADE DUTRA
534999014,538608038,0,53.197,0,4,36.05854203222204,0.02772825601302361,0.0007828951301340741,6.707842036873465e-18,0.00014861744059391663,CIDADE DUTRA
538133584,538133585,0,164.608,0,4,33.041154889137026,0.03026045815530934,2.5713157683172888e-05,5.469226629345219e-18,0.00014492854300388354,CIDADE DUTRA
538133584,1517889025,0,69.40299999999999,0,4,33.72659116286489,0.02964546520867229,0.003524763994982788,4.4728700809522485e-18,0.0001451039441854013,CIDADE DUTRA
538133585,538133593,0,124.82300000000001,0,4,32.94145796777796,0.03035204106338676,0.11297612875066278,6.828570995821836e-18,0.0001426971150152714,CIDADE DUTRA
538133585,4107799031,0,165.64199999999997,0,5,32.29909076407721,0.030955685168631442,0.11330421562337971,6.717295262448612e-18,0.00016855409335258558,CIDADE DUTRA
538133592,538133593,0,116.477,0,4,33.722762801084706,0.029648830697040794,0.00039318347444649177,7.805592111554411e-18,0.0001428327470604959,CIDADE DUTRA
538133593,1517708204,0,297.164,0,5,33.57616844791833,0.029778278199810916,0.11237322572431091,5.6259211370317845e-18,0.00016916677334940646,CIDADE DUTRA
538133778,538133811,0,11.8,0,6,32.95437868878609,0.030340140664404547,0.036001024620511225,5.140915458259828e-18,0.000196900195626223,CIDADE DUTRA
538133778,538621867,0,30.213,0,5,33.72547455734567,0.029646446730519097,0.03920844268206245,5.1531325807699684e-18,0.00016370499885098993,CIDADE DUTRA
538133778,538618079,0,55.351,0,5,33.669803796458766,0.02969546514051811,0.027782036180474253,5.8196258840398565e-18,0.0001673357798238273,CIDADE DUTRA
538133778,538608658,0,73.948,0,5,33.545382038602646,0.029805607334423858,0.01978730553339559,5.1736339835766974e-18,0.0001629838074244051,CIDADE DUTRA
538133800,5233765186,0,10.817,0,5,33.50821502631999,0.029838667447384833,0.0045226948994968146,-1.5404588743270826e-18,0.00017610985396177914,CIDADE DUTRA
538133800,538133806,0,203.42800000000003,0,4,32.82022651140533,0.030464155528554072,0.0012330381310939236,-1.063077363857597e-18,0.00014470336216192666,CIDADE DUTRA
538133800,539147626,0,77.12299999999999,0,4,33.691019301323976,0.029676765668129674,0.0038042454050749965,-3.988939086997373e-19,0.00014744154045761996,CIDADE DUTRA
538133806,13115655437,0,31.189,0,4,32.67092040197799,0.030603376722294375,0.03560794964040095,-5.944620628107161e-18,0.00014598509038419964,CIDADE DUTRA
538133806,539147948,0,70.097,0,5,32.18950390811932,0.031061071577236418,0.03613327921635843,-2.1881528423552037e-18,0.00016549433640407826,CIDADE DUTRA
538133811,539146754,0,73.098,0,5,32.15823895358111,0.03109126984126984,0.004583560222113945,6.067281494113677e-18,0.00016936156785114938,CIDADE DUTRA
538133811,539147354,0,76.133,0,5,33.054235125219336,0.030248483473846257,0.0002089600915518607,4.452501613610234e-19,0.0001811867965775629,CIDADE DUTRA
538133811,13115655437,0,197.637,0,5,33.03365768065082,0.03026732596770455,0.03457367313325459,-3.165826360015785e-18,0.00017560079614330112,CIDADE DUTRA
538133814,1517889060,0,32.394,0,5,32.70378050725794,0.030572627060774557,0.012259317520717808,1.8175954275706566e-17,0.00016371059933047372,CIDADE DUTRA
538133814,1519484536,0,24.79,0,6,32.559897910352525,0.030707727882891268,0.0033059309188352786,1.6578617505164314e-17,0.00019228682757879063,CIDADE DUTRA
538133814,539146754,0,64.525,0,5,32.0312649545382,0.031214517639090854,0.003631196938810605,1.1326975101894554e-17,0.00016375291004871624,CIDADE DUTRA
538133814,1517889061,0,22.214000000000002,0,6,32.70170681129367,0.030574565746535484,0.012118817355318192,8.64260273489037e-19,0.0001914735413907606,CIDADE DUTRA
538133823,6100344851,0,11.939,0,5,33.196203541234645,0.03011912141350363,0.014365301081005019,3.4866981130362415e-18,0.00016497855449768982,CIDADE DUTRA
538133823,539934649,0,58.717999999999996,0,6,33.24230339767108,0.030077352732298123,0.02447545429562168,7.495099866412647e-18,0.0001875972881679522,CIDADE DUTRA
538133823,539934562,0,114.953,0,5,33.27053756579997,0.030051828376635517,0.0059107714370432865,2.131948244769549e-18,0.00016324164781780337,CIDADE DUTRA
538133823,539928388,0,215.456,0,6,32.67315361301643,0.030601284980569063,0.015801874586840008,4.4542346325351824e-18,0.00018811237627078858,CIDADE DUTRA
538133830,4107799031,0,16.303,0,6,31.743340245653215,0.03149764571681265,0.09815742983861142,1.0284280414928343e-17,0.0001888702569516807,CIDADE DUTRA
538133830,4107799032,0,44.849999999999994,0,5,31.941776997926304,0.03130196810874787,0.0188830052410359,7.095510025875981e-18,0.00015707327155326694,CIDADE DUTRA
538133830,2513875620,0,45.186,0,6,31.221247407880046,0.03202436058571677,0.09635512192539257,7.898747856548548e-18,0.00018453361422677327,CIDADE DUTRA
538133830,11748447526,0,20.089,0,5,31.917052161429254,0.03132621646475551,0.016859260387600356,8.315169567787106e-18,0.0001596425819565597,CIDADE DUTRA
538133846,4442345994,0,23.288999999999998,0,4,35.71079917052161,0.027998266859039358,0.0019906540808896883,-2.770264060278333e-18,0.00014975897758036692,CIDADE DUTRA
538133846,538134965,0,57.342,0,4,35.77332907959802,0.027949327352260515,0.011191082286335866,1.7143167966956286e-18,0.00015123635402826567,CIDADE DUTRA
538133846,7285024192,0,15.713999999999999,0,5,35.34407401499442,0.028288772949650678,0.009613900120765045,-5.535455248399094e-18,0.00017636813047780048,CIDADE DUTRA
538133934,538133959,0,77.626,0,4,38.26288084223959,0.02613082086129987,0.006449011839010463,2.567047389984759e-18,0.0001660663571741472,CIDADE DUTRA
538133934,1517888980,0,73.961,0,4,37.83314723241347,0.02642763180085675,0.007929417056676682,-6.041030710917371e-18,0.00016151331811391464,CIDADE DUTRA
538133934,538133950,0,61.44500000000001,0,4,38.67299409794226,0.025853712862098407,0.001338603120232013,-1.1409484791393297e-18,0.00017419346073786383,CIDADE DUTRA
538133947,538133950,0,81.08,0,2,39.508534056468335,0.02530694972121173,0.0004657661853749418,3.807160043140179e-18,9.8626246164135e-05,CIDADE DUTRA
538133950,538133958,0,152.169,0,4,39.06587972563407,0.02559370202201679,0.00040858967018915233,4.278918213941843e-18,0.00017741811086809123,CIDADE DUTRA
538133953,1517736182,0,114.175,0,2,38.92295421917371,0.0256876823710698,0.0004657661853749418,4.622620380537653e-18,9.851473444556674e-05,CIDADE DUTRA
538133953,538133958,0,94.162,0,4,38.89663423193492,0.0257050643241758,5.6851032177141744e-05,2.6934273876325333e-18,0.00017730659914952298,CIDADE DUTRA
538133953,538133954,0,80.414,0,4,37.92502791513798,0.02636360577408392,0.0009868644822200025,-3.903505791683458e-18,0.0001739138411732673,CIDADE DUTRA
538133954,538134370,0,56.212999999999994,0,4,37.637581751475516,0.026564950201313837,0.011992421453626646,-1.7953699866285693e-18,0.00016251090457514945,CIDADE DUTRA
538133958,538133959,0,138.471,0,4,38.805870154729625,0.02576518657974136,1.193437698375113e-06,7.87963788194242e-18,0.00016929100730437454,CIDADE DUTRA
538133959,538134370,0,21.694,0,4,38.32987717339289,0.02608514711390403,0.006098141155688179,6.186594300732607e-18,0.00016279886135580707,CIDADE DUTRA
538134370,5245135736,0,59.283,0,4,37.5431488275642,0.02663176947458765,0.007183301506519805,7.238940704800551e-19,0.00015293075946622175,CIDADE DUTRA
538134374,1519146125,0,74.441,0,4,38.455734566916576,0.025999776007035038,0.0069021926813843575,-4.365786252989733e-18,0.00015210873132614643,CIDADE DUTRA
538134374,5245135736,0,64.757,0,4,37.73791673313128,0.026494321135857368,0.007059400974561225,-1.6993175281836788e-18,0.00014865038438546322,CIDADE DUTRA
538134374,538134395,0,71.783,0,4,38.166055192215666,0.026197113636458626,5.706802084957358e-05,-6.0483456291369205e-18,0.00014828866026908198,CIDADE DUTRA
538134379,3320712066,0,16.193,0,6,37.63869835699474,0.026564162114283536,0.00846895939067845,8.0835585439095265e-19,0.00020112955340418346,CIDADE DUTRA
538134379,538134406,0,158.01100000000002,0,5,37.802839368320306,0.0264488197615049,0.0006555227794165847,4.085935944023376e-18,0.0001729106560657817,CIDADE DUTRA
538134379,1519146148,0,174.739,0,5,38.444568511724356,0.02600732752718778,0.00816267987954091,3.072696275388688e-18,0.00018445440552809834,CIDADE DUTRA
538134379,4442346000,0,53.702,0,5,38.09570904450471,0.026245488271599768,0.0009560520907346814,2.457174793100216e-18,0.00017651523329641355,CIDADE DUTRA
538134390,1519146145,0,13.136,0,6,36.792630403573135,0.027175020485317773,0.0029171957121736395,1.1868772280492163e-18,0.00018702610431287574,CIDADE DUTRA
538134390,4442345997,0,56.478,0,6,36.480299888339445,0.027407682721528673,0.001409775404789656,4.424898614262014e-19,0.00019165562580350797,CIDADE DUTRA
538134390,5245135736,0,278.10400000000004,0,5,36.90429095549529,0.02709279758637234,2.4953697329661454e-06,1.672351815416619e-18,0.000167560962881573,CIDADE DUTRA
538134390,538134401,0,51.653000000000006,0,6,36.776200350933166,0.027187161136412924,0.0022551632725841,-7.184778389473035e-20,0.00018837028797659362,CIDADE DUTRA
538134395,1519146125,0,26.634,0,4,38.325410751316,0.026088187062456816,0.00040197151567998124,-9.809572586937833e-18,0.0001495466251539079,CIDADE DUTRA
538134395,538134401,0,205.48700000000002,0,5,37.479342797894404,0.02667710824913389,0.00046956348714249896,-3.574522170216631e-18,0.00016828696047121636,CIDADE DUTRA
538134401,1519146147,0,13.275,0,6,37.20290317434998,0.026875334976953585,0.00023923001135610217,-8.513995852905469e-18,0.0001891994921513691,CIDADE DUTRA
538134401,538134406,0,52.694,0,5,37.437071303238156,0.02670723029660024,0.001586187195476741,2.0217278915416625e-19,0.0001660508849726312,CIDADE DUTRA
538134402,1519146152,0,36.801,0,4,39.49274206412506,0.025317069230147832,0.007282031352476292,-4.944214893044431e-18,0.00015816399683450162,CIDADE DUTRA
538134402,1519146125,0,63.165,0,4,39.12250757696602,0.02555665643258759,0.007203155970047318,-7.529600879303254e-18,0.00015544065844343038,CIDADE DUTRA
538134402,5245128302,0,33.872,0,4,38.98053916095071,0.025649734622640353,0.00027839646673004907,-4.650437006643806e-18,0.000156077656130306,CIDADE DUTRA
538134406,5245128302,0,153.013,0,4,38.132237996490666,0.026220346285938983,0.0008298731777155672,2.0108401143817088e-18,0.0001480908392118244,CIDADE DUTRA
538134410,538134411,0,67.345,0,4,36.50470569468815,0.02738935887576033,0.00028327871185976545,-1.058900637579552e-18,0.0001436907481752696,CIDADE DUTRA
538134410,538134421,0,135.758,0,4,36.23384909873983,0.027594100814439797,0.0024626044434289374,3.4023772131649775e-18,0.00014769385139049457,CIDADE DUTRA
538134410,538134445,0,53.253,0,4,36.638538841920564,0.02728931110598336,0.002156650415300045,1.0036482122423317e-18,0.00014801702712389348,CIDADE DUTRA
538134411,5245135722,0,46.588,0,5,36.84383474238316,0.0271372535436889,0.00018129403581680124,-2.7458837863150184e-18,0.00017270891854076703,CIDADE DUTRA
538134411,1519146145,0,258.686,0,5,36.91497846546498,0.027084953763719645,8.299816720517831e-05,-3.220359174281293e-18,0.0001637116123541433,CIDADE DUTRA
538134421,11721798813,0,217.004,0,4,36.44233530068591,0.02743623526527968,0.007489255534648697,9.4893947031981e-19,0.00014789359868447603,CIDADE DUTRA
538134421,538134941,0,51.012,0,5,35.83569947360026,0.02790068282781522,0.01027766846973404,3.0605597450399185e-18,0.00017838269144093797,CIDADE DUTRA
538134445,5245135759,0,151.092,0,4,37.112617642367205,0.02694071581155253,0.0011417943943363353,1.3644179309830433e-19,0.00015080405714864832,CIDADE DUTRA
538134445,5245135722,0,53.267999999999994,0,5,36.98500558302759,0.027033671326107678,0.002675795814093219,-6.051432260328456e-19,0.00017730836150307638,CIDADE DUTRA
538134696,538134699,0,130.719,0,4,38.6739511883873,0.02585307304276811,0.000573175578228702,-3.485609088042895e-18,0.000160829605230278,CIDADE DUTRA
538134696,538134700,0,54.216,0,4,38.360504067634395,0.02606432082234845,0.001640000386239837,-7.12235241270547e-18,0.00015405688767003211,CIDADE DUTRA
538134696,3320712066,0,50.699,0,5,37.68049130642846,0.026534698732955435,0.0007763854699611189,-5.6785064857557645e-18,0.00017620753367475733,CIDADE DUTRA
538134697,1519146147,0,58.357,0,5,37.35157122348062,0.02676836481505998,0.0007391719126390586,-4.8177499977262614e-18,0.00017041992622251627,CIDADE DUTRA
538134697,538134701,0,56.668000000000006,0,4,38.05295900462594,0.02627497338128893,0.0012603787038203353,-4.865562654201938e-18,0.0001520799956723661,CIDADE DUTRA
538134697,538134699,0,87.268,0,4,38.34407401499442,0.026075489123425923,0.0004902859053597396,1.1227409544560418e-18,0.00015964432570119363,CIDADE DUTRA
538134699,13135484320,0,44.094,0,2,39.01802520338172,0.025625091985413156,0.0004657661853749418,3.5295904280106634e-19,9.205701858612263e-05,CIDADE DUTRA
538134700,538134701,0,223.959,0,4,38.38905726591163,0.026044934576021875,6.422864703982426e-05,-4.359555983902178e-18,0.00015496491049111165,CIDADE DUTRA
538134700,538134702,0,52.341,0,4,38.20306268942415,0.026171736361928225,0.002050217471472228,-3.462184994306517e-18,0.0001554600296479576,CIDADE DUTRA
538134701,538134703,0,53.471000000000004,0,4,37.91976391769022,0.026367265553026892,0.0015438744043525326,-4.8077319807151366e-18,0.00015222795390808702,CIDADE DUTRA
538134702,538134704,0,51.03,0,4,37.88913702344872,0.026388578982599872,0.002461085522721915,1.665738995363204e-18,0.00015530209059523288,CIDADE DUTRA
538134702,538134703,0,229.949,0,4,37.610304673791674,0.026584216575691644,6.336069235009691e-05,-1.370025412405912e-18,0.00015272307306493296,CIDADE DUTRA
538134703,5245135722,0,77.32300000000001,0,5,37.28712713351412,0.02681462911705946,0.0018293230029366163,-5.422815856625571e-18,0.00017844476059294213,CIDADE DUTRA
538134704,5245135774,0,55.344,0,4,37.51363853884192,0.026652719487356116,0.0006719054241851886,-4.805819802557978e-19,0.00015535265124805314,CIDADE DUTRA
538134704,538134813,0,183.01,0,4,37.37884830116446,0.026748830698849476,0.0027609638680227157,-1.094754234322606e-18,0.00015422238908712423,CIDADE DUTRA
538134803,538135002,0,91.544,0,4,37.21008135268783,0.026870150469413125,0.00042562328097505163,-1.5095589992283038e-18,0.00015742092961815353,CIDADE DUTRA
538134803,538134998,0,68.042,0,4,37.29255064603605,0.026810729424647222,0.0020967615417088574,6.091808374232626e-19,0.00015674703262776474,CIDADE DUTRA
538134803,538134999,0,111.67899999999999,0,4,37.02328920082948,0.02700571738783881,0.0019268594111947277,1.906387970426609e-18,0.00015423930808225288,CIDADE DUTRA
538134813,538134890,0,94.66699999999999,0,4,36.9743180730579,0.027041485469731483,0.001257774839751153,2.069841699014365e-18,0.0001546179146380172,CIDADE DUTRA
538134813,538134814,0,66.848,0,5,36.82277875259212,0.02715277115949437,0.0024680291602397334,-3.185209946241328e-20,0.00018360285186400492,CIDADE DUTRA
538134814,2575128586,0,52.655,0,5,36.163502951028875,0.027647777547428642,0.023510722657989726,-4.493957170483107e-19,0.0001734916761844933,CIDADE DUTRA
538134814,2575128556,0,94.917,0,5,36.66087095230499,0.027272687717283,0.009800944356401291,-4.492432958392012e-18,0.0001886862639125582,CIDADE DUTRA
538134814,538134972,0,174.334,0,5,36.44919444887542,0.027431072210065646,0.012280148433271264,-6.041645617876072e-18,0.00019044286522617906,CIDADE DUTRA
538134879,538134996,0,49.714999999999996,0,4,37.78385707449354,0.026462107427374856,0.0008283542570085443,-1.0141556056925749e-18,0.0001585305043690618,CIDADE DUTRA
538134879,5245075735,0,84.51100000000001,0,4,37.60839049290158,0.026585569651393113,0.0016539961556116907,1.0087194154517484e-18,0.0001586716694226115,CIDADE DUTRA
538134879,5245075778,0,69.292,0,4,37.93172754825331,0.026358949342708396,0.0007656445306757429,-3.7559007308642515e-18,0.00015865784565584687,CIDADE DUTRA
538134884,5245135774,0,50.007999999999996,0,4,37.62625618120912,0.026572946298737913,0.0009583304717952157,2.6534132808165506e-18,0.00015266192684012478,CIDADE DUTRA
538134884,5245135722,0,137.43900000000002,0,5,37.27612059339607,0.026822546686978997,0.0007577244441319809,1.7600231008566847e-18,0.0001783197828992196,CIDADE DUTRA
538134884,5245135759,0,128.808,0,4,37.40851810496092,0.02672761540888817,4.2529779796640385e-05,1.5543095264632077e-18,0.0001517680115244812,CIDADE DUTRA
538134890,538135002,0,43.628,0,4,36.88148029988834,0.027109554085030924,0.0020858036137510498,5.145069444947177e-18,0.00015728726054332155,CIDADE DUTRA
538134890,5245135774,0,247.221,0,4,37.102089647471686,0.02694836044076993,0.0004909368713770351,3.9691280656199e-18,0.00015574817679894613,CIDADE DUTRA
538134928,538134941,0,52.715,0,5,36.07066517785931,0.027718936703710746,0.0005437736131141878,7.202518541470901e-19,0.0001802829426672707,CIDADE DUTRA
538134928,5245075766,0,52.396,0,4,36.83234965704259,0.02714571549834995,0.000491045365713251,3.0418467224416764e-18,0.00015391349768453382,CIDADE DUTRA
538134928,538134965,0,235.485,0,4,36.29127452544265,0.027550437343413475,0.00042106651885398305,2.839970849009936e-18,0.00015249510264149765,CIDADE DUTRA
538134941,11721798824,0,12.391,0,5,35.372627213271656,0.02826593792136225,1.9637474855081405e-05,1.8398724187870357e-18,0.0001794050417444528,CIDADE DUTRA
538134941,4402746103,0,285.369,0,5,35.3566757058542,0.028278690373605354,0.01011709685213448,5.323594303038887e-18,0.0001793493278720035,CIDADE DUTRA
538134965,538134974,0,62.387,0,4,36.35316637422236,0.0275035322819858,0.010401894484701269,2.6168389970573663e-18,0.00015570283658720893,CIDADE DUTRA
538134972,1519146171,0,125.607,0,2,36.951985962673476,0.027057828121492582,0.0004657661853749418,-2.0393532450530015e-18,9.071610030665747e-05,CIDADE DUTRA
538134972,538135003,0,34.622,0,4,36.40357313766151,0.027465449096023907,0.012990569346813105,-3.549537874710836e-18,0.00016242053109649215,CIDADE DUTRA
538134974,5245075779,0,121.45700000000001,0,4,37.14021375019939,0.026920698185816383,0.0008968141831607894,1.0309013383647746e-19,0.00015785125772443438,CIDADE DUTRA
538134974,548638344,0,74.29100000000001,0,4,36.910671558462276,0.027088114160756807,0.009674439960373529,1.3777256571820188e-18,0.0001578143943463953,CIDADE DUTRA
538134996,538134998,0,52.28099999999999,0,4,38.04322858510129,0.026281693802333823,0.0007052131854034759,1.2716766207950755e-18,0.00015759282057116678,CIDADE DUTRA
538134996,538134997,0,134.989,0,4,37.93794863614612,0.02635462698616256,0.0002807833421267993,7.02992948753494e-19,0.00015752453101703634,CIDADE DUTRA
538134997,538134999,0,81.404,0,4,37.400701866326365,0.02673320111743757,0.009584064178305669,3.068979472766652e-18,0.00015441901705019346,CIDADE DUTRA
538134997,5245075735,0,90.90100000000001,0,4,37.517626415696284,0.026649886478626518,0.009143251690260389,7.7708286381519e-20,0.00015766569607058602,CIDADE DUTRA
538134998,5245135759,0,191.25299999999996,0,4,37.798691976391765,0.026451721809588116,0.0015075288017201995,3.366422270243684e-18,0.00015523592908020555,CIDADE DUTRA
538134999,5043742517,0,12.783,0,5,36.713191896634235,0.027233820686059396,0.011780315026324524,5.980245676203454e-18,0.00018139204198089543,CIDADE DUTRA
538135002,538135003,0,92.343,0,4,36.54267028234168,0.027360903765398147,0.0020161502499004293,-2.020940408711827e-18,0.00015828188290117141,CIDADE DUTRA
538135003,11746715429,0,70.567,0,4,36.21662147072898,0.027607226856704928,0.01534663235207801,2.469976292174744e-18,0.0001547786273739412,CIDADE DUTRA
538608022,538608035,0,22.161,0,4,37.11213909714468,0.026941063200605186,0.005185269810767434,-2.408883446417493e-18,0.00014991205603561393,CIDADE DUTRA
538608032,538608038,0,39.758,0,4,35.47950231296858,0.028180792281304372,0.018964267498861626,3.0346843050272136e-18,0.00015358026811291417,CIDADE DUTRA
538608032,538608692,0,53.287,0,4,35.38554793427979,0.0282556168632118,0.00011706538877697699,-3.0142684546869105e-19,0.00015726264035374995,CIDADE DUTRA
538608032,538608668,0,184.74900000000002,0,4,34.732333705535176,0.028787022876222233,0.0192435319202814,-1.84550983162578e-18,0.00015763661528471676,CIDADE DUTRA
538608034,538608692,0,44.402,0,4,35.93906524166534,0.02782043656958216,0.005682716342317424,3.1473543191391662e-18,0.00015652618248589105,CIDADE DUTRA
538608034,538608701,0,163.442,0,4,36.67809858031584,0.027259877791549786,0.00019040756005893848,-3.299709079438773e-18,0.00015512437040724614,CIDADE DUTRA
538608034,538608035,0,19.905,0,4,36.42765991386186,0.027447288332275086,0.0054982759707503616,1.099772140331734e-18,0.00015195516975746316,CIDADE DUTRA
538608035,665551769,0,102.624,0,5,36.78337852927102,0.027181855634337258,0.0005010268446451156,-6.411277422359403e-18,0.00017560610952420687,CIDADE DUTRA
538608111,5167565563,0,8.284,0,4,35.95102887222843,0.027811178602963036,0.03714455492422702,-1.5213588374540682e-18,0.00014759455659151045,CIDADE DUTRA
538608187,665551769,0,155.291,0,5,36.77827404689743,0.0271856282230887,0.00037463094295356954,-7.139813637924593e-18,0.00017538609340740337,CIDADE DUTRA
538608187,538608701,0,43.117,0,4,36.41745094911469,0.02745498267637899,0.0005828315741519188,-4.046566821222833e-18,0.00015165484568738447,CIDADE DUTRA
538608187,538613301,0,19.45,0,4,36.28425586217897,0.02755576657610368,0.0013787460246319032,-5.389689847891376e-18,0.00014932178646244853,CIDADE DUTRA
538608658,538621451,0,144.76899999999998,0,5,34.26447599298134,0.0291800897562429,0.0010312386657323135,5.585890093918979e-18,0.00016366920109943476,CIDADE DUTRA
538608658,1517889061,0,69.958,0,5,33.41457967777955,0.029922282266226202,0.020669581475503445,7.407321774902826e-18,0.0001634091386696085,CIDADE DUTRA
538608663,538621145,0,94.021,0,4,36.81017706173233,0.02716206670913448,0.0019730779984227093,-3.151564978546864e-18,0.0001478885417174723,CIDADE DUTRA
538608663,538622105,0,47.705,0,4,36.05551124581273,0.027730586819565372,0.0029878255250502033,2.231048516447494e-18,0.00014227310727527208,CIDADE DUTRA
538608663,665551748,0,103.11,0,5,36.77460520019142,0.027188340418148695,0.0022972590750358767,-4.1688355455514913e-19,0.00017571460356640293,CIDADE DUTRA
538608665,538621145,0,186.84199999999998,0,4,36.46897431807306,0.027416194275316677,0.0017714955217335313,-5.25206816875482e-18,0.00015083572872000658,CIDADE DUTRA
538608665,538608833,0,126.80900000000001,0,4,36.83522092837773,0.027143599514983543,0.0008860732438754134,-5.95883877494163e-18,0.00014956884250940376,CIDADE DUTRA
538608668,538608693,0,53.707,0,4,34.78337852927102,0.028744777741599673,0.006791311469771688,-1.3880135696880313e-18,0.00015864406844663575,CIDADE DUTRA
538608668,538611975,0,143.255,0,4,33.888020417929496,0.02950424582478206,0.026276894254150807,-2.805080253781512e-18,0.00015827211377334778,CIDADE DUTRA
538608692,538608693,0,172.06,0,4,35.41697240389217,0.028230546460147096,0.005798588293396026,1.2723812348883105e-18,0.000158270093515669,CIDADE DUTRA
538608693,538611298,0,30.19,0,4,35.41521773807625,0.028231945157599834,0.0008982246095315964,-1.6617996094308885e-18,0.0001580464814124783,CIDADE DUTRA
538608701,538611298,0,88.273,0,4,35.94608390492902,0.027815004481996575,0.0005899922003421695,-3.6799247444626816e-18,0.0001562120924739544,CIDADE DUTRA
538608702,665551745,0,184.838,0,5,37.061253788483015,0.026978053431007544,0.012575036039106133,-1.3825554297502419e-17,0.00017287244372485858,CIDADE DUTRA
538608703,538615346,0,12.21,0,4,36.31041633434359,0.027535913543908976,0.001446446490430637,-5.445270065562377e-18,0.00014912563520598732,CIDADE DUTRA
538608703,665551745,0,142.218,0,5,36.46514595629287,0.02741907261592301,0.013235115580643787,-4.380939330327993e-18,0.00017262277537941745,CIDADE DUTRA
538608703,538613301,0,54.813,0,4,35.99904290955495,0.027774085201038648,0.014138330929641315,-6.2196774128915756e-18,0.00014844721784105277,CIDADE DUTRA
538608704,538608705,0,186.856,0,4,37.68766948476631,0.026529644804117427,1.1283410966455613e-05,1.4777383987134845e-18,0.00015217197340306975,CIDADE DUTRA
538608704,538608718,0,92.25,0,4,37.991705216142925,0.026317336356384096,0.0004072877381545613,1.4403039716212439e-18,0.00015372684190698586,CIDADE DUTRA
538608705,7979651153,0,87.66300000000001,0,4,38.0312649545382,0.02628996132842319,0.001680468773648375,-2.5449824586319377e-18,0.00015246433209224668,CIDADE DUTRA
538608705,2508169641,0,91.398,0,5,37.277237198915294,0.026821743242144543,0.0019917390242518477,-8.291786374364737e-18,0.0001762344696435092,CIDADE DUTRA
538608718,538608833,0,94.215,0,4,37.44648269261445,0.026700517993456924,0.0014707492217430028,-3.3677934576605468e-18,0.00015037604575168033,CIDADE DUTRA
538608718,538608735,0,95.53299999999999,0,4,37.58286808103366,0.026603623831210448,0.0015617759698281592,2.7104404048661145e-19,0.0001514622126744356,CIDADE DUTRA
538608735,665551748,0,86.57,0,5,36.80618918487797,0.02716500966464128,0.0016855680074505232,5.503762361073786e-18,0.00017838617126929277,CIDADE DUTRA
538608833,2508169641,0,92.264,0,5,37.047535492104004,0.02698804310853344,0.0008670867350376275,-2.3078943788002374e-18,0.00017539523232413542,CIDADE DUTRA
538610072,538613629,0,50.061,0,4,35.3817195724996,0.028258674168650365,0.0005184944327758786,-2.0335261066352956e-18,0.00015576952316089296,CIDADE DUTRA
538610072,538610080,0,26.423000000000002,0,4,34.67570585420322,0.028834034096659338,3.450119891666236e-05,-1.3033798975798961e-18,0.00015665361649094567,CIDADE DUTRA
538610072,538610097,0,34.0,0,4,35.20481735524007,0.02840067240902768,0.0008742473612278782,1.9573629905936084e-18,0.00015377462032885653,CIDADE DUTRA
538610080,538610093,0,35.954,0,4,34.70441856755463,0.02881017824803964,0.00017359093794547096,-4.356771622888326e-18,0.00015659685773093546,CIDADE DUTRA
538610080,538611975,0,78.692,0,4,33.93443930451428,0.029463886995557853,0.000419764586819392,-5.087519528277379e-18,0.00015767949606711223,CIDADE DUTRA
538610093,538614457,0,94.069,0,4,34.71478704737598,0.02880157333419107,0.0013297065846623077,-2.459383017629855e-18,0.00015549652497329991,CIDADE DUTRA
538610093,538610097,0,22.05,0,4,35.20609347583347,0.028399642965560676,0.0012827285370808146,-2.8560479584117732e-18,0.00015371786156884634,CIDADE DUTRA
538610097,538612157,0,128.624,0,5,34.92135906843197,0.0286312019806141,0.0006012756113086251,5.415670149895962e-18,0.00018123714355451615,CIDADE DUTRA
538610643,538614457,0,80.665,0,4,33.94975275163503,0.029450596952511617,0.0016791668416137838,-1.3582969617666225e-18,0.0001551665837088065,CIDADE DUTRA
538610643,538613318,0,99.525,0,4,32.99074812569788,0.030306693292202362,0.023028465333509964,-2.568508042856165e-18,0.00015513988088969083,CIDADE DUTRA
538610643,538614461,0,184.002,0,4,33.7234008613814,0.029648269729249048,0.02110334183169469,1.2200651787771622e-18,0.00015322463722397975,CIDADE DUTRA
538611298,538613629,0,86.473,0,4,36.055670760886905,0.027730464135767786,9.287115180082697e-05,-2.0192928242152287e-18,0.00015651116844727793,CIDADE DUTRA
538611975,538613318,0,225.20700000000002,0,4,32.997766788961556,0.030300247023392294,0.026915708905790137,-1.0633687754135922e-17,0.00015655246049036105,CIDADE DUTRA
538612154,538612157,0,66.544,0,5,34.607273887382355,0.02889105013528276,0.007053976257750429,6.7828323789940744e-18,0.0001812150255276927,CIDADE DUTRA
538612154,538619350,0,33.733,0,4,34.93284415377253,0.028621788724805246,0.0013019320345910323,2.9019068015384e-18,0.00015413386797889103,CIDADE DUTRA
538612154,538616581,0,44.55,0,4,35.003349816557666,0.028564137151606845,0.00574477510263293,6.655702998970933e-19,0.00015317693167592915,CIDADE DUTRA
538612157,538614461,0,63.402,0,5,34.21869516669325,0.029219129486241183,0.021019475709799784,5.640444711503545e-18,0.00018106280146073123,CIDADE DUTRA
538612157,538614121,0,91.834,0,5,34.87940660392407,0.028665639191618,0.014488984624291167,3.0834421077359676e-18,0.00018043461059468797,CIDADE DUTRA
538613301,538614121,0,85.261,0,4,35.586696442813846,0.028095906191588263,0.014310728429888411,-1.5159499376067244e-18,0.00015024235095632542,CIDADE DUTRA
538613318,538623037,0,58.199000000000005,0,4,32.05232094432924,0.03119401202372895,0.050252406648489525,-5.654772120020994e-18,0.00015186216835016804,CIDADE DUTRA
538613629,538614121,0,146.707,0,4,35.80363694369118,0.027925668179975317,0.00011782484913048842,-2.801930295880531e-18,0.00015287448615458485,CIDADE DUTRA
538614457,538614461,0,125.898,0,4,34.47455734566917,0.029002271875477163,0.00010719240418132833,9.564849855425717e-19,0.0001532576191051547,CIDADE DUTRA
538615322,7285558184,0,16.9,0,4,35.09172116765034,0.028492204191099595,0.003584435879901544,-5.662931704618713e-19,0.00015315738005452486,CIDADE DUTRA
538615322,5233765186,0,26.253999999999998,0,5,34.14101132557027,0.02928561416623838,0.005637691192787818,2.3095198059026646e-18,0.0001786349035579166,CIDADE DUTRA
538615322,2585824132,0,21.198999999999998,0,4,35.0882118360185,0.028495053826011058,0.001749145688473052,6.403451778606291e-18,0.00015328656451021186,CIDADE DUTRA
538615346,538616581,0,126.82,0,4,35.59004625937151,0.028093261740634833,0.005306783467329264,-6.358097831994788e-18,0.00015324023470146417,CIDADE DUTRA
538616212,538621874,0,62.99,0,4,35.781623863455096,0.027942848226823885,0.00024281032445122754,-4.946063274960666e-18,0.0001504352968592666,CIDADE DUTRA
538616212,538618071,0,257.59799999999996,0,4,35.57792311373425,0.028102834494570433,0.0009334852688017702,-1.2739442439746894e-17,0.00015473173564816084,CIDADE DUTRA
538616212,538622107,0,158.458,0,4,35.78752592119955,0.027938239908714878,0.0008266183476290896,-2.8218409519128063e-18,0.00015036843000793216,CIDADE DUTRA
538616574,538618071,0,85.043,0,4,35.6013718296379,0.02808432466339584,0.0011091375991353436,-3.1353638897214776e-18,0.00015727016078049814,CIDADE DUTRA
538616574,538619956,0,85.176,0,4,35.65433083426384,0.02804260973438262,0.00026591961806521835,-2.9293946592380995e-18,0.00015809426965864915,CIDADE DUTRA
538616574,538619948,0,177.55599999999998,0,4,35.83059499122667,0.02790465760255006,0.0014304978230068968,-6.496664262998601e-18,0.0001570037871587821,CIDADE DUTRA
538616581,538618071,0,114.478,0,4,35.308023608230975,0.02831765651965701,0.0019242555471255458,-7.025751818959117e-18,0.0001556367663565002,CIDADE DUTRA
538618079,538619925,0,73.294,0,4,34.505981815281544,0.02897585961408667,0.0012971582837975318,3.2972845885635257e-18,0.00014603440381080637,CIDADE DUTRA
538618079,5233765186,0,371.93399999999986,0,5,33.92008294783857,0.02947635730913024,0.02618293815898782,4.8234925690739354e-18,0.00017362663520523015,CIDADE DUTRA
538619350,538619956,0,91.615,0,4,35.394161748285214,0.028248740344140686,0.0012150280712820809,3.2922531193736046e-18,0.00015741781153761315,CIDADE DUTRA
538619350,2585824144,0,220.19599999999997,0,4,35.25602169405009,0.028359424486471812,0.0,4.2247098523184154e-18,0.00015715201255090774,CIDADE DUTRA
538619925,538622107,0,43.519,0,4,35.41154889137024,0.028234870154733215,0.0019651579118789473,-2.722641042156898e-19,0.0001492676139871423,CIDADE DUTRA
538619925,538619948,0,256.74199999999996,0,4,35.4373903333865,0.028214280891441637,0.001945520437023866,-2.4947348224769977e-18,0.00015336454600565499,CIDADE DUTRA
538619948,7285558184,0,50.829,0,4,35.80012761205934,0.027928405612415396,0.0034032503384209584,7.06132267434335e-19,0.00015575063082596096,CIDADE DUTRA
538619956,2585824144,0,87.618,0,4,35.87206891051204,0.02787239530064656,0.0010299367336977225,3.3776337383539006e-18,0.0001579000908581662,CIDADE DUTRA
538621145,538621874,0,63.811,0,4,36.270378050725796,0.027566309993447065,0.00010903680789699895,2.687013608587648e-18,0.00014924000786394954,CIDADE DUTRA
538621451,538622105,0,83.418,0,5,35.17993300366885,0.028420761484155017,0.00275792602660867,2.015619789832949e-18,0.00016694965931848376,CIDADE DUTRA
538621451,5167565563,0,145.809,0,5,35.14962513957569,0.02844526736645292,0.03617787038854317,-9.681084896475728e-19,0.0001685605721585645,CIDADE DUTRA
538621451,538621867,0,75.178,0,5,34.45190620513639,0.029021340037688848,0.038279405681045535,5.804571630245373e-18,0.00016439039252601952,CIDADE DUTRA
538621867,665551751,0,126.385,0,5,34.6414101132557,0.02886258041046752,0.0005333581568374595,4.331342200657956e-18,0.000167536711059908,CIDADE DUTRA
538621874,665551751,0,152.62599999999998,0,5,35.483330674748764,0.028177751803816674,0.00027145282921223023,1.1578612082112351e-18,0.00017466509780130732,CIDADE DUTRA
538622105,665551751,0,61.918,0,5,35.3654490349338,0.02827167510126023,0.0006225405012069453,-6.170767009558131e-19,0.00017009597785237223,CIDADE DUTRA
538622107,665551751,0,61.69,0,5,35.49322060934758,0.028169900272800405,0.0007498043575882187,-1.392568807264411e-18,0.00017460133181059615,CIDADE DUTRA
538622983,538623037,0,19.781,0,4,31.873823576327965,0.031368702362661836,0.01886336776618082,-6.4848985459041096e-18,0.0001455973974799807,CIDADE DUTRA
538622983,674207885,0,210.627,0,5,32.411229861221884,0.030848582087348538,0.003013647177069592,-2.382699481566247e-18,0.0001724816017625615,CIDADE DUTRA
538622983,538623778,0,61.709,0,4,32.62322539479981,0.030648118719898296,0.016245616421963118,-1.7907935679448724e-19,0.00013897197417312424,CIDADE DUTRA
538623037,549807896,0,19.444000000000003,0,5,31.2922316158877,0.03195171559506757,0.03651181595541577,-1.9081029810288266e-18,0.0001796862443389025,CIDADE DUTRA
538623475,539177489,0,9.445,0,6,31.928696761843995,0.03131479159276782,0.030163161377405035,-2.7386148257062904e-18,0.00018689178877248275,CIDADE DUTRA
538623475,674207886,0,65.346,0,6,32.45031105439464,0.03081142991972708,0.0016866529508126824,6.710238083423403e-19,0.000187810096980369,CIDADE DUTRA
538623475,7280270050,0,80.303,0,5,32.45988195884511,0.030802345066857993,0.028235000034175717,7.01710910302542e-19,0.00016542100546591642,CIDADE DUTRA
538623773,674207886,0,195.278,0,5,32.917052161429254,0.0303745450844895,0.00036508344136656866,8.515600652186203e-19,0.000165676752021638,CIDADE DUTRA
538623773,674207885,0,215.253,0,5,32.833466262561814,0.030451871177119314,0.002657351776936513,1.4043637065770411e-18,0.00017128460463410402,CIDADE DUTRA
538623778,674207886,0,215.279,0,5,32.49976072738874,0.030764549108917693,0.00010350359674998707,2.7843406855929992e-18,0.00016293637557610052,CIDADE DUTRA
539146754,13143761507,0,216.26,0,4,31.53517307385548,0.03170556516636822,0.0017683491859832696,6.296047686226322e-18,0.00013733651347929552,CIDADE DUTRA
539146760,539149588,0,250.829,0,5,30.155527197320147,0.03315612684810495,0.10210510475616387,-5.299994407416781e-18,0.00016183455353806195,CIDADE DUTRA
539146760,2513875620,0,49.516999999999996,0,6,30.66597543467858,0.03260422897864704,0.10182139206695924,-2.7433805700809667e-18,0.00018827103324473132,CIDADE DUTRA
539146760,5013096297,0,65.93499999999999,0,5,30.78593077045781,0.0324771887645922,0.0038699929728218435,-1.8344784497740634e-18,0.00016408992865228356,CIDADE DUTRA
539146760,5238785432,0,103.93599999999999,0,5,30.80587015472962,0.03245616760389805,0.00283343808461495,-3.198653627659917e-18,0.0001722829231715459,CIDADE DUTRA
539147354,539147355,2,136.041,0,3,34.03270059020578,0.029378817066711662,0.0,-1.932531313100996e-18,0.00012309506313083616,CIDADE DUTRA
539147354,539147355,3,103.99700000000001,0,3,34.03270059020578,0.029378817066711662,0.00041455685868102787,-4.606798152685677e-18,0.00012309506313083616,CIDADE DUTRA
539147355,13115655437,0,91.704,0,4,33.425426702823415,0.029912572061237735,0.000722355290525591,-1.5404004859065426e-18,0.00015582353224568638,CIDADE DUTRA
539147626,5013096285,0,137.969,0,4,33.832987717339286,0.02955223739857331,0.0008768512252970603,-2.4316418007783878e-18,0.00014387548902264333,CIDADE DUTRA
539147901,539181346,0,7.746,0,4,32.38810017546658,0.03087061233937973,0.003238664430381409,-1.7957791633015594e-18,0.00013943050461563802,CIDADE DUTRA
539147901,665551646,0,326.006,0,5,32.64555750518424,0.030627153013608268,0.0017617310314740986,6.453776840663165e-18,0.00016056600673888783,CIDADE DUTRA
539147901,539147927,0,68.84,0,4,32.602647950231294,0.03066746254635836,0.0014143321669107247,-2.026089487189137e-18,0.00013693066134553677,CIDADE DUTRA
539147912,7280270051,0,31.4,0,4,32.53150422714947,0.03073452976365598,0.001890296819889963,6.502276634732876e-19,0.00014259704236748236,CIDADE DUTRA
539147912,665551645,0,260.188,0,5,32.325251236241826,0.03093063307130133,7.833291074789378e-05,7.649559937901579e-19,0.00016520833233162063,CIDADE DUTRA
539147912,539177489,0,48.777,0,5,31.998883394480778,0.031246105453113394,0.00216901876962866,-9.636330303980494e-19,0.0001632917384166589,CIDADE DUTRA
539147927,665551603,0,326.857,0,5,32.38395278353804,0.030874565918774476,3.526065927017379e-05,1.5419978268683431e-18,0.00015783325267065948,CIDADE DUTRA
539147927,539147946,0,98.00500000000001,0,4,31.83553995852608,0.03140642458800363,0.001353358349957378,-1.9104584917048712e-18,0.00013711226648604273,CIDADE DUTRA
539147929,5013096285,0,71.128,0,4,33.16876694847663,0.030144035395676533,0.0011081611501094003,-1.7018789801134516e-18,0.000135530643687339,CIDADE DUTRA
539147929,539147948,0,76.28999999999999,0,5,32.337693412027434,0.030918732272783328,0.0012931439933575428,-4.2458139294308456e-18,0.00015958065601663835,CIDADE DUTRA
539147929,665551607,0,166.819,0,5,32.505024724836495,0.030759566971252466,0.0004394020616744734,2.0023625535012623e-18,0.00015503529722518845,CIDADE DUTRA
539147946,539182006,0,25.609,0,4,31.238475035890893,0.0320066995516611,0.002334255643685505,-3.84919191949067e-18,0.00014215464124221029,CIDADE DUTRA
539147946,665551614,0,287.72099999999995,0,5,31.56595948317116,0.03167464259905906,0.0009710243091324783,-1.1154557008140309e-18,0.00015805490420104588,CIDADE DUTRA
539147948,665551615,0,212.329,0,6,31.645397990110066,0.031595130680242965,0.035050505740923554,-5.630894009884956e-18,0.0001799795402939329,CIDADE DUTRA
539147948,539148012,0,80.113,0,5,31.620035093316318,0.031620473600839444,0.0016493308991544062,-5.8201012556283424e-18,0.0001587405749402249,CIDADE DUTRA
539148005,539182006,0,79.075,0,4,30.550486520976232,0.032727481581654234,0.0016826386603726933,-3.147144986852683e-18,0.0001404531626974434,CIDADE DUTRA
539148005,539148211,0,100.911,0,5,29.791832828202264,0.03356089203009129,0.0018608948547754489,-3.2861329583986512e-18,0.00016246906065967934,CIDADE DUTRA
539148005,665551647,0,239.14399999999998,0,5,30.37677460520019,0.032914636195597376,0.00014755229725365034,-9.921174501687995e-19,0.00015554284236223514,CIDADE DUTRA
539148012,5013096289,0,68.676,0,4,31.494337214866803,0.031746674905539965,0.0016365285674809276,7.853380240304177e-19,0.00013259769052020995,CIDADE DUTRA
539148012,665551700,0,267.38700000000006,0,5,30.96953262083267,0.032284648824608034,0.0002982509302575623,-3.827640472731682e-18,0.00015272888031034234,CIDADE DUTRA
539148211,539148217,0,82.028,0,5,29.73584303716701,0.033624084028023644,0.0009567030567519769,-1.2080114183668741e-18,0.00016496339894909626,CIDADE DUTRA
539148211,539177682,0,54.535,0,5,29.26064763120115,0.034170142012156894,0.0027973094706550488,1.9538052672285797e-18,0.00016647167035177516,CIDADE DUTRA
539148211,665551649,0,193.03200000000004,0,6,29.623863455096508,0.033751184629964674,0.0010285263073269155,-6.727860381692684e-18,0.00018191022183620975,CIDADE DUTRA
539148217,11751358418,0,29.973,0,4,29.289519859626736,0.034136458696409896,0.00035434250208119265,-3.7657192248318745e-18,0.00013918531141956231,CIDADE DUTRA
539148217,11751358416,0,28.895,0,4,30.01914180890094,0.03330676444019342,0.000953990698346579,-6.6791661501352066e-18,0.0001385440032723899,CIDADE DUTRA
539149583,5238761674,0,51.266,0,5,30.589248684000637,0.03268600988715296,0.0001069754155088965,1.4580750386086546e-18,0.00015618291464844988,CIDADE DUTRA
539149583,665551702,0,96.45400000000001,0,5,30.228106556069548,0.03307651715039578,0.00061896018811182,5.457773761622253e-19,0.00015238415995721277,CIDADE DUTRA
539149583,5013096289,0,221.63099999999997,0,4,30.838411229861222,0.03242191945211715,0.0003248320426304626,4.3630767817028034e-18,0.00013213729200052307,CIDADE DUTRA
539149588,1907115719,0,82.3,0,5,29.668687190939544,0.03370019301801681,0.10240140278836954,-2.659520138531428e-18,0.00016209950625492307,CIDADE DUTRA
539149588,5238761674,0,62.984,0,5,30.31057584941777,0.03298652225853476,0.00022697015136370329,-2.7315721031006424e-18,0.00015712456546781146,CIDADE DUTRA
539149699,11751358422,0,77.318,0,5,28.11532939862817,0.03556211171314289,0.002824975526390108,6.851552212787113e-19,0.0001597586073943027,CIDADE DUTRA
539149699,7280359680,0,60.194,0,5,27.587334503110544,0.03624273612998352,0.10582353114129207,-1.6420654654560217e-18,0.00016255065907506622,CIDADE DUTRA
539149699,539940300,0,174.40200000000002,0,6,27.997288243739032,0.03571204740335584,0.005530607282942706,-6.25895976409238e-19,0.00019485008465237717,CIDADE DUTRA
539149699,13183482580,0,77.024,0,5,28.034136225873343,0.035665107598465966,0.10628235368914919,-5.742687397511993e-18,0.00016782257396247174,CIDADE DUTRA
539177489,539181346,0,32.951,0,5,31.98660073376934,0.03125810376812751,0.030302034127761415,6.226981039543402e-19,0.00016526273087991803,CIDADE DUTRA
539177489,6093482585,0,222.234,0,6,31.4393045142766,0.03180224564038297,0.0022151288625204255,-4.252063500860906e-18,0.00018886408240464857,CIDADE DUTRA
539177491,539177810,0,132.183,0,4,28.335141170840643,0.03528623622862869,0.0008789126176851627,4.2000295946012885e-18,0.00014216039414106054,CIDADE DUTRA
539177491,539177683,0,53.063,0,5,27.61333546020099,0.03620860965408878,0.04550165665426685,3.2714796251648727e-18,0.00016837103855200366,CIDADE DUTRA
539177491,665551593,0,52.851,0,5,28.0413144042112,0.03565597783731818,0.04457641695501749,1.8084849039557307e-18,0.00016425538317494686,CIDADE DUTRA
539177493,11751358421,0,13.081,0,5,29.992343276439623,0.033336524449266575,0.0428474512130806,-5.30799761810863e-21,0.00015159012401264152,CIDADE DUTRA
539177493,5049915263,0,3.022,0,5,29.32110384431329,0.03409968772781181,0.04394823474832732,2.60062013087445e-18,0.00015310826353757007,CIDADE DUTRA
539177493,11751358419,0,21.243000000000002,0,5,29.70154729621949,0.03366290903817958,0.0007825696471254264,-2.9528213154455834e-18,0.00015353978944711985,CIDADE DUTRA
539177682,539181503,0,112.867,0,4,29.505981815281544,0.033886026609288925,0.0012294578179987982,4.8370178347851515e-18,0.00014257066289508522,CIDADE DUTRA
539177682,539177810,0,89.234,0,4,28.820066996331153,0.03469251077914243,0.0019131891248315219,5.232464881899475e-18,0.00014395193622537928,CIDADE DUTRA
539177683,7280359680,0,55.388000000000005,0,5,27.342319349178496,0.03656750812384414,0.10589134010142702,2.0655131298346456e-18,0.00016565605561872656,CIDADE DUTRA
539177683,2513875658,0,63.598,0,5,27.677460520019142,0.03612471903636678,0.07136193265734853,2.092689100560372e-18,0.00017124697489108995,CIDADE DUTRA
539177683,7285515451,0,244.381,0,5,27.025681926942095,0.03699593918217017,0.07989685660444626,1.2408015824094351e-18,0.0001708267502171951,CIDADE DUTRA
539177807,946764007,0,56.136,0,5,29.605040676343915,0.0337726435121825,0.0018702253676900179,-2.196489860340993e-18,0.00017789198141655619,CIDADE DUTRA
539177807,539178236,0,89.302,0,4,29.734247886425266,0.033625887856483766,0.0020658406558873204,1.7319095880630462e-18,0.0001504458304228531,CIDADE DUTRA
539177807,5021050262,0,131.85,0,4,29.23273249322061,0.03420277201789807,0.0042464683194910835,-1.9874071403601778e-19,0.00015036354857508324,CIDADE DUTRA
539177810,539177822,0,59.658,0,4,29.059818152815442,0.034406288424380815,0.0014483993884825234,3.639773489499377e-18,0.00014562504888296753,CIDADE DUTRA
539177822,946764007,0,60.882,0,5,29.250917211676505,0.03418150882895067,0.001664194623215987,-6.231513609063761e-19,0.00017593356773310353,CIDADE DUTRA
539177822,2513875658,0,164.39399999999998,0,4,28.534375498484607,0.03503985867778759,6.16247829706422e-05,1.0371743287061026e-18,0.00014472013430245984,CIDADE DUTRA
539177932,539181503,0,9.845,0,4,29.888817993300368,0.03345199148223063,0.001941180663575229,3.4086587660374377e-18,0.00014489402202865558,CIDADE DUTRA
539177932,539178236,0,54.907,0,4,29.509810177061734,0.03388163051292724,0.0018739141751213592,1.943644301162062e-18,0.00014925892332034053,CIDADE DUTRA
539177932,946764007,0,88.834,0,5,29.386026479502313,0.03402435118688966,0.0002565891051506493,-6.037615696284095e-20,0.00017662219982779434,CIDADE DUTRA
539178236,539180356,0,213.22600000000003,0,4,29.03142446961238,0.03443993890042748,2.386875396750226e-06,3.946073429040101e-18,0.0001519472036892705,CIDADE DUTRA
539180356,539185746,0,70.33699999999999,0,4,28.446961237836977,0.035147532158758286,0.00041596728505183484,1.9643651875248996e-19,0.00014892156385589605,CIDADE DUTRA
539180356,5021050262,0,90.631,0,4,29.230339767107992,0.03420557177549183,0.0007613047572271062,2.3847029351903525e-18,0.00015186492184150066,CIDADE DUTRA
539181346,539182661,0,101.89099999999999,0,4,32.66406125378848,0.030609803145953286,0.03199671565945408,-1.2809177015985433e-18,0.00014545790536318914,CIDADE DUTRA
539181502,946764009,0,42.505,0,5,30.40644440899665,0.03288251896463083,0.0013043189099877824,-5.710307604758601e-19,0.00016554024853505068,CIDADE DUTRA
539181502,5259112251,0,157.23499999999999,0,5,31.155048652097623,0.032092406469681686,0.0009874069539010822,-2.6414649031692386e-18,0.00016939193116153746,CIDADE DUTRA
539181502,539181623,0,182.56,0,4,30.406922954219173,0.032882001458391256,0.0,1.5547890048940516e-18,0.00013673747074889557,CIDADE DUTRA
539181503,946764010,0,53.03,0,5,29.267666294464828,0.034161947688836326,0.0024277777615036274,5.719750011874606e-18,0.00016940838760317708,CIDADE DUTRA
539181504,5049908931,0,18.751,0,4,29.958526080714627,0.033374154730845006,0.0032173995404830885,-7.857550476680317e-18,0.0001445413308499457,CIDADE DUTRA
539181504,5259112251,0,10.085,0,5,30.516031264954538,0.03276443375761219,0.0013729958248124596,-5.22712576561479e-18,0.0001711275317075464,CIDADE DUTRA
539181504,539184918,0,161.991,0,5,30.640931568033178,0.03263087751447254,0.004304512789366601,-2.337383941896093e-18,0.00016699226830874686,CIDADE DUTRA
539181623,946764009,0,139.448,0,5,30.416174828521296,0.03287199953849139,7.11722845576431e-05,2.5410244923555663e-18,0.00016501633993765898,CIDADE DUTRA
539181623,946764010,0,168.679,0,5,29.55495294305312,0.03382987910189983,0.00039459390081729873,1.867195901004816e-18,0.00016580194221349045,CIDADE DUTRA
539181625,946764008,0,29.504,0,4,28.949752751635028,0.034537099280385265,0.00541668822991599,-4.564646972095769e-18,0.00014247278658992263,CIDADE DUTRA
539181625,946764009,0,166.813,0,5,29.650821502632,0.03372049859856575,1.0849433621591936e-06,-6.609534817103355e-19,0.0001681981030440378,CIDADE DUTRA
539181625,5259112245,0,27.708,0,4,29.74429733609826,0.03361452696723817,0.0051533724759199534,-5.600029245839066e-18,0.00014352863862681235,CIDADE DUTRA
539182005,539182006,0,34.062,0,4,31.403732652735684,0.03183826890841672,0.0008602515918560246,-1.923744219798392e-18,0.00015032986024814425,CIDADE DUTRA
539182005,539182174,0,131.78900000000002,0,4,31.745732971765833,0.03149527168942889,0.0008887856022808114,1.0033573938028488e-18,0.00015462122408538636,CIDADE DUTRA
539182005,539182173,0,156.507,0,4,31.745732971765833,0.03149527168942889,0.00013149513549369425,3.3507887093558474e-18,0.00015462122408538636,CIDADE DUTRA
539182173,5259112253,0,158.615,0,4,31.502153453501357,0.03173879799683017,0.0003341625555450316,7.244230933336649e-19,0.00015241100592129964,CIDADE DUTRA
539182173,539182174,0,43.376,0,4,32.13622587334503,0.031112567134248644,1.0849433621591936e-07,1.355282949751107e-18,0.00015494317633129662,CIDADE DUTRA
539182174,5259112253,0,136.385,0,4,31.502153453501357,0.03173879799683017,0.001091019044987285,2.6072259281875123e-18,0.00015241100592129964,CIDADE DUTRA
539182659,6093482585,0,51.435,0,5,31.657042590524803,0.03158350885325863,0.009471447057313544,1.1093907359005377e-19,0.00016824338909049146,CIDADE DUTRA
539182659,539182661,0,134.238,0,4,32.239591641410115,0.0310128148038197,0.00012639590169154604,7.968295522084706e-19,0.00014762818040313947,CIDADE DUTRA
539182659,539182699,0,43.877,0,4,32.21375019939384,0.03103769287143225,0.009752230399440344,3.374251605904538e-18,0.00014894270212850348,CIDADE DUTRA
539182661,539182700,0,46.224,0,4,32.838570744935396,0.03044713768731936,0.03208828487922031,-1.0251494573077206e-18,0.00015099539915848528,CIDADE DUTRA
539182699,539182700,0,118.87100000000001,0,4,32.35763279629925,0.030899679566181906,0.00012552794700181868,1.4519256855533178e-18,0.00015230992088384934,CIDADE DUTRA
539182699,539183193,0,43.088,0,4,31.76646993140852,0.03147471176636002,0.010034532662274165,-1.0092767300828858e-18,0.00015142517652754896,CIDADE DUTRA
539182700,539183194,0,47.019,0,4,32.42383155208167,0.0308365926253905,0.03220914756976485,3.9811698953436255e-19,0.0001495510277954651,CIDADE DUTRA
539183193,539183194,0,103.104,0,4,31.908597862498006,0.031334516459619564,0.00012455149797587541,1.6755545902664168e-19,0.0001486662834391648,CIDADE DUTRA
539183193,539183263,0,44.564,0,4,31.29318870633275,0.031950738363824505,0.010317594385461499,-5.4824304544699175e-18,0.0001472810506258178,CIDADE DUTRA
539183194,5049908616,0,49.272000000000006,0,5,31.972563407241985,0.03127182741623261,0.03233510949411152,-6.54063774706882e-18,0.00017105333998542152,CIDADE DUTRA
539183263,5049908616,0,87.477,0,5,31.4311692454937,0.03181047695415191,0.00012064570187210233,-7.423027055792545e-18,0.00016956727516104087,CIDADE DUTRA
539183263,539184648,0,43.768,0,4,30.76264156962833,0.032501775982494256,0.010606297814132061,-6.05618183882859e-18,0.00014334611191085927,CIDADE DUTRA
539184648,539184919,0,36.044,0,4,30.114691338331472,0.03320108692773414,0.041151793232362,-5.1330091644785285e-18,0.0001456602724535868,CIDADE DUTRA
539184648,5049908618,0,71.488,0,5,30.86074334024565,0.03239845761012271,0.030418231561848662,-5.455831966364376e-18,0.00016663445569543636,CIDADE DUTRA
539184918,539185063,0,26.815,0,5,30.0244058063487,0.033300924966661885,0.0023253591081157997,5.392279408958027e-18,0.00016969420369087384,CIDADE DUTRA
539184918,5049908618,0,63.751999999999995,0,6,30.825011963630562,0.03243601287504787,0.0022418184692295415,-6.293171870872906e-18,0.0001910452906550919,CIDADE DUTRA
539184918,5049908620,0,41.603,0,5,30.825490508853086,0.03243550932753758,0.0003452289778390554,-9.3983124378466e-20,0.00016283091027656686,CIDADE DUTRA
539184919,539185063,0,54.554,0,4,30.05311851970011,0.03326910930293042,0.0024575052096267895,4.947231848222154e-19,0.0001470710078541331,CIDADE DUTRA
539185060,539185063,0,207.69199999999995,0,4,29.392566597543468,0.03401678045391888,0.00019821915226648468,6.276518525146491e-19,0.0001482831244835129,CIDADE DUTRA
539185060,539185097,0,42.313,0,4,28.55367682245972,0.035016172913303126,0.000604096464050239,1.3862932602464089e-18,0.0001505796876288548,CIDADE DUTRA
539185060,5049908931,0,31.829,0,4,29.23959164141011,0.03419474858567508,0.00016339247034117456,-2.988534478824577e-18,0.00014984631074560907,CIDADE DUTRA
539185097,2513875693,0,319.277,0,4,27.723241346307226,0.036065064414230394,0.011294694377422069,4.309267873704287e-18,0.00014608148625913663,CIDADE DUTRA
539185742,7285515451,0,24.359,0,4,26.572499601212314,0.03762688869812646,0.10144513370896244,2.723999210583649e-18,0.0001401481125004374,CIDADE DUTRA
539185742,2513875668,0,37.478,0,5,26.779231137342478,0.037336414917887285,0.006200993786420871,-6.420212878825726e-19,0.00016867942021895434,CIDADE DUTRA
539185742,7285538719,0,41.505,0,5,26.07672675067794,0.03834225416730387,0.09551396533671055,2.5368071682640137e-18,0.00016100332257886157,CIDADE DUTRA
539185746,946764008,0,148.94899999999998,0,4,28.242143882596906,0.035402428692459756,0.005581708115300403,-3.894405988876702e-18,0.0001442184443612864,CIDADE DUTRA
539185746,2513875668,0,184.81099999999998,0,5,27.6345509650662,0.03618081170161798,0.0055034836988887255,-9.889560366440888e-19,0.0001732796274403964,CIDADE DUTRA
539185764,548739370,0,20.406,0,4,27.41314404211198,0.03647303218448325,0.10433542282575452,-8.883506631644518e-19,0.00014554147156272583,CIDADE DUTRA
539185764,6505068597,0,91.772,0,4,27.899665018344233,0.03583700679805378,0.012718357057247363,-5.152638708274205e-19,0.00014415763596958378,CIDADE DUTRA
539185764,9123372149,0,43.735,0,5,27.172754825330994,0.036795698167259576,0.09146181037338218,-3.605075987054541e-18,0.00017070443900665843,CIDADE DUTRA
539186280,553696152,0,159.101,0,4,40.97527516350295,0.024401068228002833,9.124373675758819e-05,-3.70624529302187e-18,0.00015923474986886222,CIDADE DUTRA
539186280,553677898,0,104.26599999999999,0,4,40.681448396873506,0.024577307945669563,0.0015496246041719762,-5.304669365756232e-18,0.00015914887988237116,CIDADE DUTRA
539186280,553695112,0,167.96099999999998,0,4,40.12793108948796,0.02491632281505156,0.0013825433263994604,-3.9497085675111434e-18,0.00015892337039942846,CIDADE DUTRA
539186284,553694115,0,44.589,0,4,38.27213271654171,0.026124504017872027,0.002456311771928414,1.2004873746204451e-18,0.00015301853168633327,CIDADE DUTRA
539186284,553530872,0,31.634,0,5,37.306587972563406,0.026800641368252272,0.004304838272375248,3.005900084598372e-18,0.00017525379673646687,CIDADE DUTRA
539186284,550838153,0,80.00699999999999,0,4,38.283936832030626,0.02611644902959142,0.0014183464573507137,3.031584080065142e-18,0.0001531103106554806,CIDADE DUTRA
539186288,2575128650,0,30.259,0,5,36.328122507576964,0.027522492656131308,0.03812154642185137,-1.0238242561848562e-17,0.00016572777735848916,CIDADE DUTRA
539186288,553530872,0,351.72499999999997,0,6,36.34072419843675,0.027512948819243262,4.773750793500452e-06,-3.2284937004057244e-18,0.00019622689537631067,CIDADE DUTRA
539186288,553531677,0,177.5,0,5,36.343276439623544,0.027511016696220088,0.04364803092001787,-1.2530399620675e-17,0.00016613441863544377,CIDADE DUTRA
539186288,2510187077,0,22.237000000000002,0,5,35.37916733131281,0.02826071273986438,0.005312425172812492,-1.1930941724384074e-17,0.00016406988207081646,CIDADE DUTRA
539186289,5264878510,0,18.824,0,4,38.718615409156165,0.0258232499886704,0.010375747349673232,-2.9424209184019987e-18,0.00016534567370858679,CIDADE DUTRA
539186289,2510187070,0,22.038,0,4,38.46386983569948,0.0259942769460457,0.00421945322977332,-6.988996304686751e-18,0.00015027477213110031,CIDADE DUTRA
539186289,2510187073,0,36.571,0,4,37.81049609188068,0.026443463806880025,0.006614031724394876,-6.534618541343824e-19,0.00015045315475725016,CIDADE DUTRA
539186291,539197232,0,67.215,0,5,39.22730898069867,0.025488378145382976,0.008347662722789051,-1.1293763514333337e-17,0.00017894958592763692,CIDADE DUTRA
539186291,946744305,0,59.47899999999999,0,6,38.992662306587974,0.025641759905091124,0.006219654812250009,-1.721808642279646e-17,0.00019077056047214026,CIDADE DUTRA
539186291,539198000,0,187.48399999999998,0,5,39.227947040995375,0.025487963565387118,0.0016882803658559212,-7.160873941824008e-18,0.0001709960016486425,CIDADE DUTRA
539186291,539197665,0,99.737,0,5,38.24118679215186,0.026145644756271534,0.00047607314731545414,-1.204971249474889e-17,0.00016363669975260036,CIDADE DUTRA
539186531,550831534,0,64.58800000000001,0,4,41.41075131599936,0.02414446618696168,0.005423089395752729,1.1654497601065906e-18,0.00016529373861174705,CIDADE DUTRA
539186531,539186575,0,89.535,0,4,41.1607911947679,0.024291090037475246,0.0015462612797492827,3.879760209548327e-18,0.00017327732124134012,CIDADE DUTRA
539186531,5043703312,0,201.58999999999997,0,4,42.13510926782581,0.023729391054155863,0.004339990437309206,-4.323759432887381e-18,0.00016940868821767937,CIDADE DUTRA
539186534,550836108,0,34.496,0,4,39.020417929494336,0.02562352065865693,0.006383264271263615,-7.788116009964859e-19,0.00015568133133182243,CIDADE DUTRA
539186534,2575128662,0,124.468,0,4,38.04641888658478,0.026279490006834008,0.00048225732447976157,-4.807602487594957e-18,0.00015121171893400947,CIDADE DUTRA
539186534,2575128674,0,181.553,0,4,38.28585101292072,0.026115143283308474,0.006358310573933954,-8.420833220314765e-18,0.00015042509397361192,CIDADE DUTRA
539186575,539197232,0,96.197,0,4,40.19843675227309,0.024872621069506832,0.0011522098506130637,-6.122959767336228e-18,0.0001686780191189165,CIDADE DUTRA
539186575,2575871743,0,40.413,0,2,41.180571063965544,0.02427942253090126,0.0004657661853749418,-8.446546201657115e-19,9.66340161917724e-05,CIDADE DUTRA
539197232,5264878510,0,80.175,0,4,39.49609188068273,0.02531492199142976,0.009532095391258244,-2.2036209742866714e-18,0.00016688979557088966,CIDADE DUTRA
539197665,539197675,0,65.028,0,5,38.01148508534057,0.026303641719892235,0.035262937651234325,-1.6678327023583813e-17,0.0001580271707186824,CIDADE DUTRA
539197665,2510187066,0,212.014,0,5,37.44217578561174,0.026703589306635425,0.035216610569670126,-1.6008635592557435e-17,0.00015867442313835948,CIDADE DUTRA
539197675,946744305,0,135.684,0,6,38.017865688307545,0.026299227135028993,3.75390403307081e-05,-1.648339548086292e-17,0.0001849365776432518,CIDADE DUTRA
539197675,539198116,0,66.583,0,6,37.78529271016111,0.026461102011178846,0.03475898145951138,-7.691096587775279e-18,0.0001903148493083942,CIDADE DUTRA
539197675,8728773245,0,22.069,0,5,37.05838251714787,0.02698014368174794,0.0001115321776299651,-1.549818875161863e-17,0.00015939298687354809,CIDADE DUTRA
539197971,946744312,0,61.337,0,5,41.75275163502951,0.02394669682289836,0.0017905905249075331,-2.1801570296432038e-18,0.00019295776277300063,CIDADE DUTRA
539197971,539198723,0,62.317,0,4,42.75099696921359,0.02338753609993806,0.0013966475901075299,8.937270244882272e-19,0.00018969570779981692,CIDADE DUTRA
539197971,539198456,0,193.929,0,4,42.500398787685434,0.023525437724022744,7.11722845576431e-05,-1.3076010642099042e-18,0.0001613207320643346,CIDADE DUTRA
539197998,539198105,0,35.348,0,2,41.748763758175144,0.023948984231420244,0.0004657661853749418,-9.548162254001693e-19,8.43535726472942e-05,CIDADE DUTRA
539197998,946744323,0,61.003,0,5,40.75131599936194,0.024535170470113908,0.0009289285066807015,4.2744552392868093e-19,0.00017924398038646493,CIDADE DUTRA
539197998,946744315,0,161.144,0,5,40.75275163502951,0.024534306146493448,2.386875396750226e-06,-1.1271448057066176e-17,0.00017814868789365105,CIDADE DUTRA
539197999,539198000,0,62.962,0,4,39.98548412825012,0.025005086388823507,4.383171183123142e-05,1.5320502521067702e-19,0.00014141913114722296,CIDADE DUTRA
539197999,946744323,0,59.568,0,5,39.997288243739035,0.024997706815344797,3.927494971016281e-05,-3.088520439947607e-18,0.00017135910087065498,CIDADE DUTRA
539197999,946744305,0,169.316,0,5,39.00462593715106,0.025633894977915916,0.00046034146856414583,-9.622819053002673e-18,0.00016220946261614569,CIDADE DUTRA
539198000,550822330,0,79.127,0,4,40.221406922954216,0.024858416485556104,0.0012763273712440753,3.9487558134338744e-18,0.00015179207755530635,CIDADE DUTRA
539198116,2575128500,0,12.046,0,5,37.56388578720689,0.02661706753635005,1.7576082466978937e-05,1.7557260311213218e-18,0.00016910222706921493,CIDADE DUTRA
539198116,7893064271,0,185.706,1,5,38.27628010847025,0.026121673320719803,0.03241626325760103,2.6378642572325678e-18,0.0001714148413062832,CIDADE DUTRA
539198116,539198721,0,28.503999999999998,0,5,38.528632955814324,0.025950582935877053,0.002511426894726101,-1.6693586350795245e-18,0.00016993906899870627,CIDADE DUTRA
539198123,946744323,0,90.736,0,3,40.753389695326206,0.024533922022208915,0.0004657661853749418,4.6269105191241475e-20,0.00011131303821152755,CIDADE DUTRA
539198444,946744312,0,146.367,0,3,41.753389695326206,0.02394633087808307,0.0004657661853749418,-3.290087674418106e-18,0.00011757580679681993,CIDADE DUTRA
539198456,2575128498,0,61.702,0,4,41.502472483649704,0.024091106507442953,0.0005358535265704257,-4.017230154612277e-18,0.00015386909412311265,CIDADE DUTRA
539198456,946744312,0,141.898,0,5,41.75259211995534,0.02394678831084979,2.1698867243183872e-07,-3.245160967322454e-18,0.0001866291204047815,CIDADE DUTRA
539198713,539198723,0,35.371,0,2,43.75051842399107,0.022853225994633065,0.0004657661853749418,8.681924947686744e-19,0.00011365017223639557,CIDADE DUTRA
539198721,5043732347,0,50.748,0,4,39.51778593077046,0.02530102487718831,0.0019272933885395914,-6.768802917678421e-18,0.00015443563108613148,CIDADE DUTRA
539198721,946744317,0,138.155,0,5,39.510129207210085,0.02530592799841737,0.0001559063611422761,-9.256175779038984e-18,0.00016781586033325782,CIDADE DUTRA
539198722,539198723,0,40.685,0,2,43.75051842399107,0.022853225994633065,0.0004657661853749418,2.7404442221184667e-18,0.00011365017223639557,CIDADE DUTRA
539927530,3899022575,0,76.282,0,2,32.329717658318714,0.030926359935857902,0.0004657661853749418,3.7099987733703646e-18,9.386755732532824e-05,CIDADE DUTRA
539927530,549807896,0,432.805,0,5,31.418248524485563,0.03182355897868106,0.002491572431198588,2.3158961187759555e-18,0.0001923778769435592,CIDADE DUTRA
539927530,539927537,0,112.535,0,4,32.23225394799809,0.031019874891123605,0.0018597014170770737,2.006780164578295e-18,0.00017575108916553631,CIDADE DUTRA
539927537,5000987613,0,44.148,0,2,33.12442175785612,0.03018439060566222,0.0004657661853749418,3.2434676127154956e-19,9.669561093226823e-05,CIDADE DUTRA
539927537,6505068783,0,436.51699999999994,0,4,33.009730419524644,0.030289265383834772,0.0012399817686117424,6.627633203203081e-18,0.00016648530582237794,CIDADE DUTRA
539927855,6399810034,0,8.264,0,4,31.09618758972723,0.03215315324558074,0.0050961959607341645,5.8858258942433306e-18,0.0001562305590563368,CIDADE DUTRA
539927855,539933379,0,218.49599999999998,0,4,30.35508055511246,0.03293815949888595,0.0014834430590802653,-9.68306700877937e-19,0.00015533105238151252,CIDADE DUTRA
539927855,539927856,0,15.277000000000001,0,4,31.038762163024405,0.03221264042922778,0.003851765924337569,1.0044276854541022e-18,0.00015581137496924858,CIDADE DUTRA
539927856,539929636,0,10.199,0,4,30.828042750039877,0.032432824004843194,0.0038847482025472085,-2.630559318705387e-18,0.00015170496366408794,CIDADE DUTRA
539927856,6399810037,0,7.640000000000001,0,4,31.54617961397352,0.03169450301623661,0.00016567085140170885,-3.6515195739278315e-18,0.00015569425773790326,CIDADE DUTRA
539927859,6399810037,0,18.801,0,4,31.32892008294784,0.031914297788707795,0.004012446036273346,-1.7839394933965114e-18,0.00015771417943866444,CIDADE DUTRA
539927859,539929626,0,66.902,0,4,31.820545541553678,0.03142122386368763,0.00670299708009193,5.288934353120897e-18,0.0001620154113833045,CIDADE DUTRA
539927859,2557558301,0,19.427,0,4,32.06843196682087,0.0311783403055159,0.0029835942459377823,2.2506096032746704e-18,0.00015813336352575268,CIDADE DUTRA
539928388,1517889211,0,56.042,0,6,32.020417929494336,0.031225091662681333,0.003822580947895487,2.6472726933459792e-18,0.00019618532813032974,CIDADE DUTRA
539928388,1517889180,0,13.061999999999998,0,5,32.52959004625937,0.030736338315483898,0.00032418107661316703,5.011999716661701e-18,0.00016240988088745854,CIDADE DUTRA
539928388,4107799032,0,139.279,0,5,32.01802520338172,0.031227425132397707,0.01891869987765094,8.10833776661319e-18,0.00015881352845835672,CIDADE DUTRA
539929626,539929875,0,85.312,0,2,32.54298931249003,0.030723682920612512,0.0004657661853749418,1.9412380025376724e-18,8.983552071439861e-05,CIDADE DUTRA
539929626,1517889211,0,146.43200000000002,0,5,32.25681926942096,0.030996251570087726,0.006206093020223019,6.098205628850187e-18,0.00018493301157138038,CIDADE DUTRA
539929636,1907115719,0,96.948,0,5,29.900622108789282,0.033438785363329365,0.008156170219367953,-5.155826199628339e-18,0.00017106320752152107,CIDADE DUTRA
539929636,6399810037,0,8.531,0,4,30.766948476631043,0.03249722622590446,0.004139601398318403,4.3956935470817074e-20,0.00015226720437364164,CIDADE DUTRA
539930609,946764815,0,54.864,0,5,33.036528951985964,0.03026469537338368,0.0029805564045237366,-2.009652413363505e-18,0.00016520293840362698,CIDADE DUTRA
539930609,548639670,0,204.30100000000002,0,6,33.47535492104004,0.029867957704532135,0.03269075392822731,3.829565888632791e-18,0.0001878947642585296,CIDADE DUTRA
539930609,5049917149,0,22.637,0,4,33.69787844951348,0.02967072501088747,0.035365681787630804,3.315708512453392e-20,0.00013823048462186538,CIDADE DUTRA
539931113,539936913,0,32.116,0,4,31.508853086616686,0.03173204947121688,0.0023763514461372817,1.6665595329573914e-18,0.0001504901302288487,CIDADE DUTRA
539931113,539937348,0,16.523,0,4,31.666613494975277,0.031573963066321445,0.0022067747986318,1.5407064844415844e-18,0.00015387411857130251,CIDADE DUTRA
539931113,539937805,0,311.509,0,4,30.958526080714627,0.03229612683494865,8.375762755868974e-05,-9.75693278315561e-20,0.00015923835861086257,CIDADE DUTRA
539931116,1907115719,0,199.2,0,5,29.185197001116606,0.03425847990293066,0.10403359158240183,-1.5714050113055206e-18,0.00016989927612275633,CIDADE DUTRA
539931116,1907115721,0,108.74500000000002,0,4,28.72802679853246,0.03480366027007818,0.10668768852925187,-3.655519906995973e-18,0.00014705308834828002,CIDADE DUTRA
539931116,539933379,0,101.35899999999998,0,4,29.429574094751953,0.03397400457467452,0.002927611168450368,2.0596448391866363e-18,0.00015013081514888142,CIDADE DUTRA
539931139,539931140,0,169.738,0,4,31.506779390652415,0.03173413799388404,0.0018744566468024387,-2.432657543686769e-18,0.00015490159963417685,CIDADE DUTRA
539931139,539937805,0,81.487,0,4,30.907640772052957,0.03234929810074319,0.00046468124201278264,-4.2224876052686194e-18,0.0001595865746677484,CIDADE DUTRA
539931139,539932828,0,24.694000000000003,0,4,31.467698197479663,0.03177355009099158,0.00252954544887416,-1.880522057115333e-18,0.00015128380261274064,CIDADE DUTRA
539931140,5238785153,0,24.674,0,4,32.06300845429893,0.031183614174912812,0.0007237657168963981,-3.596041033054633e-19,0.00014990543871419858,CIDADE DUTRA
539931140,539937348,0,121.557,0,4,32.12729302919126,0.03112121783859468,0.0020539062789035694,-7.627837694171792e-19,0.00015276045597560297,CIDADE DUTRA
539932326,12561371421,0,87.622,0,4,33.141808900941136,0.030168555009000512,0.0013340463581109445,-4.824171647942493e-18,0.00015572552794489283,CIDADE DUTRA
539932326,7762937796,0,24.651,0,4,32.39288562769182,0.030866051774994952,0.053404167115561986,-3.744927752143229e-18,0.00015813670894909658,CIDADE DUTRA
539932326,12561371410,0,82.18,0,4,32.965544743978306,0.030329863883364543,0.05184499500980301,-6.13580886255689e-18,0.00015607667189517922,CIDADE DUTRA
539932329,7285232020,0,10.245,0,4,34.091402137501994,0.02932823005909629,0.010609552644218537,-2.0904385703643025e-18,0.00015365451683834795,CIDADE DUTRA
539932329,539932330,0,77.28800000000001,0,4,34.186154091561654,0.029246942555981204,0.03804288802809483,-3.6313273456266545e-19,0.00015464884350554798,CIDADE DUTRA
539932329,539932831,0,41.355000000000004,0,4,33.59467219652257,0.029761876498658628,0.04817994783809304,1.3056419923948906e-18,0.0001451738133610534,CIDADE DUTRA
539932330,11749096515,0,39.531,0,4,34.23018025203382,0.029209325734310707,0.03725684656221049,2.478299467466266e-18,0.00015378844174353666,CIDADE DUTRA
539932330,5049916422,0,12.791,0,4,34.805232094432924,0.02872672942427381,0.0007379784749406835,2.3194957530273107e-18,0.0001610190309746439,CIDADE DUTRA
539932791,539932813,0,145.839,0,2,30.454617961397354,0.03283050492352818,0.0004657661853749418,3.9632368243023495e-18,9.65208149488143e-05,CIDADE DUTRA
539932813,539937805,0,211.78,0,4,30.362099218376137,0.032930545339918044,0.0004567611554690205,-3.74494620921406e-18,0.00017051961092715148,CIDADE DUTRA
539932813,548717008,0,68.695,0,4,29.52767586536928,0.033861130469074976,0.0012105798034972282,-1.2756141686143426e-18,0.0001711012246735693,CIDADE DUTRA
539932828,5249330129,0,35.629,0,4,32.0468974318073,0.03119929119670287,0.0025554755952297645,-1.835948319024058e-18,0.00014736306490962755,CIDADE DUTRA
539932828,13605836797,0,41.677,0,5,32.18328282022651,0.031067075739627373,0.0002506219166587737,-1.5764138247927194e-18,0.00016963070819471876,CIDADE DUTRA
539932831,13605836797,0,14.453,0,5,33.03365768065082,0.03026732596770455,0.0477448855498672,4.247867792718268e-18,0.00016504173997030665,CIDADE DUTRA
539932831,13605836795,0,17.44,0,5,33.631998723879406,0.029728845232618255,0.0006515084889765957,5.914028701705758e-18,0.00016200465231687753,CIDADE DUTRA
539933379,539934071,0,12.889,0,4,30.197958207050565,0.03310953932946316,0.0026160154348382476,2.104703842040992e-18,0.0001541096704097553,CIDADE DUTRA
539933430,539934222,0,53.002,0,4,33.00845429893125,0.030290436379451988,0.00465202014826619,-3.980273489834984e-18,0.00014481883136003125,CIDADE DUTRA
539933430,1517889211,0,57.937000000000005,0,5,32.24692933482214,0.031005757929519775,0.004850130806196459,-5.558609754091927e-18,0.00017389008846876511,CIDADE DUTRA
539933430,665551710,0,233.54299999999998,0,5,32.354921040038285,0.030902269354592202,1.8335542820490373e-05,2.6184577473259258e-18,0.0001743617182345762,CIDADE DUTRA
539933431,539934071,0,41.894,0,4,30.8854681767427,0.03237252157565553,0.0015192461900315189,1.25982171623179e-18,0.00015242821108452182,CIDADE DUTRA
539933431,665551674,0,94.914,0,4,31.47790716222683,0.03176324524286112,0.0009418393326903959,-6.775630440977556e-18,0.0001505964680489922,CIDADE DUTRA
539933431,539934027,0,119.51200000000001,0,5,30.88467060137183,0.03237335757375424,0.0005360705152428575,-7.005900852654425e-18,0.0001818275341839904,CIDADE DUTRA
539934023,539934238,0,53.191,0,5,31.882118360185036,0.03136054115445617,0.014116198085053268,-1.8067989371145697e-18,0.00016890449923306772,CIDADE DUTRA
539934023,539934918,0,54.432,0,6,32.44504705694688,0.03081642887344025,0.005130154687969747,3.2321694088406273e-18,0.00019307552089557135,CIDADE DUTRA
539934023,5019070107,0,158.844,0,5,32.35874940181847,0.030898613308882612,0.013565372340085044,2.350673933945664e-18,0.00016257523891209817,CIDADE DUTRA
539934023,539934375,0,65.457,0,5,32.58845110862976,0.030680822527986217,0.005428514112563525,-9.881662809529544e-19,0.00016793443338819562,CIDADE DUTRA
539934027,2577094459,0,32.120000000000005,0,5,31.051842399106715,0.032199071220153704,0.007960120953825787,-1.692588215331073e-18,0.00018734013673412747,CIDADE DUTRA
539934027,539934468,0,46.769999999999996,0,5,30.376615090126016,0.03291480903844437,0.021573013813173406,-3.6719404361694585e-18,0.00018095042496884875,CIDADE DUTRA
539934027,539934035,0,57.465,0,5,30.90476950071782,0.03235230357898649,0.015614179385186467,-4.1394793063236956e-18,0.00018026093801511403,CIDADE DUTRA
539934035,539934238,0,53.767,0,4,31.398149625139574,0.03184393019534128,0.014385589521877396,-2.267836661293378e-18,0.00014575162651314562,CIDADE DUTRA
539934035,665551674,0,146.947,0,4,31.44967299409794,0.031791760922711736,0.001073551456856522,-6.367054733632789e-18,0.00014912805261917602,CIDADE DUTRA
539934052,539934468,0,149.903,0,4,30.38522890413144,0.032905478121636876,8.874836702462204e-05,2.9641523974865474e-18,0.00015058907333472506,CIDADE DUTRA
539934052,539934071,0,48.982,0,4,30.241665337374382,0.033061687369781365,0.0009035408320061764,5.95058948274402e-18,0.0001530221814142703,CIDADE DUTRA
539934052,5242039602,0,144.646,0,4,29.723081831233053,0.033638520076851246,0.0006248188822674796,4.23814344336345e-18,0.00014960532039056575,CIDADE DUTRA
539934222,539934374,0,54.733000000000004,0,4,33.67363215823895,0.029692089057318807,0.004452173580956467,5.466675216118957e-18,0.00014372505161741136,CIDADE DUTRA
539934222,539934223,0,241.693,0,4,33.21454777476472,0.030102486768929317,1.3344803354558081e-05,-1.0702495382894261e-18,0.00014556121351370652,CIDADE DUTRA
539934223,665551710,0,56.322,0,5,32.60057425426703,0.030669413278662055,0.00519069452757823,-1.6180819136193135e-19,0.00017518044120894358,CIDADE DUTRA
539934223,539934375,0,58.266,0,4,33.26639017387143,0.030055575002277665,0.0050160186462706,2.9381461767558334e-18,0.00014329641572227565,CIDADE DUTRA
539934237,665551674,0,59.735,0,4,31.97128728664859,0.031273075618177104,0.0017366688398082213,-8.551162975415658e-18,0.00014825546021838,CIDADE DUTRA
539934237,665551710,0,61.394,0,5,32.450630084542986,0.030811127004959863,0.0015853192407870138,-2.731725929396141e-18,0.00017588385547570977,CIDADE DUTRA
539934237,539934238,0,161.96,0,4,31.910193013239752,0.0313329500862306,0.00012238161125155704,-3.6678597590969856e-18,0.00014487903411234958,CIDADE DUTRA
539934374,539934649,0,52.68300000000001,0,5,33.50630084542989,0.029840372100109022,0.004440239203972716,9.710505655439355e-18,0.0001646870794527331,CIDADE DUTRA
539934374,539934375,0,252.52599999999998,0,4,33.04625937151061,0.030255783981039452,0.00019236045811082503,2.4065330313537107e-18,0.00014146025382598052,CIDADE DUTRA
539934468,5242039602,0,57.022000000000006,0,4,29.85005583027596,0.03349543098380805,0.021634964079152694,-2.5388884893241222e-18,0.0001481979998633833,CIDADE DUTRA
539934562,539934661,0,91.384,0,5,33.290955495294305,0.03003339706086698,0.015203419828272996,9.241079390562352e-18,0.00016391640852685718,CIDADE DUTRA
539934562,4402746115,0,37.131,0,4,33.96426862338491,0.0294380101633462,0.021008843264850623,1.6986675032001685e-18,0.0001434254707079187,CIDADE DUTRA
539934649,539934661,0,68.107,0,6,33.33561971606317,0.029993157272670722,0.02841249676822496,1.313493359947602e-17,0.0001882984693787978,CIDADE DUTRA
539934649,5019070107,0,108.612,0,5,32.81320784814165,0.03047067173538934,0.000725067648930989,7.379266300332576e-18,0.0001596719323533408,CIDADE DUTRA
539934661,5019070107,0,110.98299999999999,0,5,32.98085819109906,0.03031578132783896,0.012599121781746067,9.02938566010147e-18,0.00016078307127878575,CIDADE DUTRA
539934661,539934923,0,50.47,0,5,33.365927580156324,0.029965913056781295,0.02576599442491004,9.148892992526949e-18,0.00016447133983907178,CIDADE DUTRA
539934918,539935582,0,51.178,0,6,32.50901260169086,0.030755793698693322,0.002724292782381735,-9.211478222872878e-19,0.00019252472613425045,CIDADE DUTRA
539934918,946745796,0,153.719,0,5,31.93986281703621,0.031303844060110574,0.0036617923416234943,-1.2062296883781888e-18,0.0001701706237135513,CIDADE DUTRA
539934918,539935101,0,219.309,0,5,32.59531025681927,0.03067436625232456,0.0058663972535309755,-4.719883713933869e-18,0.00016663200080855114,CIDADE DUTRA
539934923,1517889216,0,115.90199999999999,0,4,33.42446961237837,0.02991342859051819,0.02562744715756231,4.191468194070878e-19,0.00013810480996590018,CIDADE DUTRA
539934923,539935101,0,52.51800000000001,0,4,33.048014037326524,0.030254177567116198,0.0007492618859071391,-1.4246031988133196e-18,0.00013910107745480495,CIDADE DUTRA
539935101,5238785168,0,21.845,0,4,33.16477907162227,0.030147660045211872,0.00570940594902654,-3.4327376587267733e-18,0.00013946840240872723,CIDADE DUTRA
539935582,946764816,0,48.881,0,6,32.521614292550645,0.030743876239711986,0.002807507938259345,1.2850794211045204e-18,0.00019372464425963256,CIDADE DUTRA
539935582,539935592,0,152.809,0,5,32.551922156643805,0.030715251778818824,0.00020255892571512146,-4.398060964652688e-19,0.0001682379004698222,CIDADE DUTRA
539935582,5238785168,0,220.826,0,5,33.2115169883554,0.03010523383428673,2.6364123700468404e-05,1.3269695954948573e-19,0.0001661208363147177,CIDADE DUTRA
539935592,539936913,0,49.572,0,4,32.0319030148349,0.03121389586072268,0.0032447401132095002,2.562224428673582e-18,0.00014440122479331198,CIDADE DUTRA
539935592,946745796,0,51.708000000000006,0,4,32.019301323975114,0.031226180571815733,0.0036426973384494927,-1.5997114896402613e-18,0.0001446849939987138,CIDADE DUTRA
539936907,539937351,0,38.325,0,4,33.16908597862498,0.030143745461365702,0.005581925103972835,5.129490254350859e-19,0.00013604509812534146,CIDADE DUTRA
539936907,5238785168,0,50.897,0,4,33.177061732333705,0.030136498915797623,0.005560985697083163,-5.763737602715888e-19,0.0001389637571950326,CIDADE DUTRA
539936907,946764816,0,222.076,0,5,32.656245015153935,0.03061712957083264,0.00011109820028510142,-1.6827439104899876e-18,0.0001671995806874472,CIDADE DUTRA
539936913,946764816,0,151.008,0,5,31.996012123145636,0.031248909429014423,0.0007862584545567676,4.3764363323797834e-18,0.00017086199631604945,CIDADE DUTRA
539937348,5238785160,0,155.305,0,4,32.04243100973042,0.03120364009279449,6.61815450917108e-05,-2.463042641364527e-18,0.00014640650505828333,CIDADE DUTRA
539937351,548639670,0,61.33,0,6,33.47567395118839,0.029867673056671384,0.0054982759707503616,9.551903555269168e-18,0.00018749000768408878,CIDADE DUTRA
539937351,946764815,0,220.452,0,5,33.03668846706014,0.030264549242662007,4.122784776204936e-06,4.452442625824662e-18,0.00016481951054603277,CIDADE DUTRA
539937736,11749096516,0,24.152,0,5,33.451108629765514,0.029889606828640232,0.00021460179703508848,-5.412330051112962e-18,0.00017984863737624372,CIDADE DUTRA
539937736,5049917149,0,123.38,0,5,33.914659435316636,0.029481071064055953,0.03646353597579969,-2.914923007039739e-18,0.00017658461429814976,CIDADE DUTRA
539937736,11749096515,0,16.462,0,5,34.18344233530068,0.029249262702056966,0.03631739410491685,-2.100170878970178e-18,0.00018129511899084318,CIDADE DUTRA
539937736,5049916422,0,62.244,0,5,34.18344233530068,0.029249262702056966,0.0001933369071367683,-5.114886118618763e-18,0.00018862275575790984,CIDADE DUTRA
539939256,539939263,0,108.511,0,5,28.80156324772691,0.03471479920468329,0.0024628214321013695,1.5979034628596717e-18,0.00017631145446847998,CIDADE DUTRA
539939256,548717008,0,200.38599999999997,0,4,28.811453182325728,0.034702882863929044,0.0025139222644590675,-2.1249624569319456e-18,0.0001570919548860138,CIDADE DUTRA
539939256,5242046028,0,146.412,0,4,28.441697240389217,0.03515403727404782,0.0005181689497672308,1.8765462166417603e-18,0.00014882191180788106,CIDADE DUTRA
539939263,13183482581,0,177.996,0,5,28.81895039081193,0.034693854958874386,0.001269926205407336,8.272621103723477e-19,0.00017358043749837352,CIDADE DUTRA
539939263,539940300,0,93.575,0,6,28.438028393683204,0.03515857256644118,0.02364775100463043,-4.169878094287492e-18,0.000199982403698934,CIDADE DUTRA
539939263,5242039602,0,106.76999999999998,0,5,28.97655128409635,0.03450515815781651,0.022397028296733314,3.8023050181048485e-18,0.0001747462238294404,CIDADE DUTRA
539940300,946764599,0,460.71700000000004,0,4,28.75689902695805,0.03476871702990398,0.0,3.9662202468563865e-18,0.00014000886270919434,CIDADE DUTRA
539940300,946764599,1,85.744,0,4,28.75689902695805,0.03476871702990398,0.02450170992498593,9.657503182184533e-21,0.00014000886270919434,CIDADE DUTRA
539940565,946764599,0,17.6,0,4,28.94911469133833,0.03453786050407203,0.024710127544856714,1.913589819912922e-18,0.00014485219256354798,CIDADE DUTRA
539940565,548725392,0,64.002,0,5,28.519381081512204,0.03505828131641945,0.025601300022534274,1.9092487411661117e-18,0.00017722304166771673,CIDADE DUTRA
539940565,5242046028,0,99.322,0,4,28.838570744935396,0.0346702509555338,0.0007636916326238563,2.478063982089621e-18,0.00014661070719436178,CIDADE DUTRA
539940790,5020954715,0,11.721,0,4,29.54410591800925,0.03384229963501285,0.0013785290359594714,-2.3812306326496716e-18,0.00014848989262642898,CIDADE DUTRA
539940790,548727680,0,176.25100000000003,0,4,30.40708246929335,0.03288182895993117,0.0005756709479616682,-3.150155656750257e-18,0.00015743572171366985,CIDADE DUTRA
539940790,548727695,0,165.75199999999998,0,4,30.258414420162705,0.03304338657810111,0.00042345339425073326,-3.915723649542644e-18,0.0001549240474978317,CIDADE DUTRA
548633134,5245116754,0,43.175000000000004,0,4,35.321741904609986,0.028306658477546154,0.00482430915417707,-1.9132400589077063e-18,0.00015116062624563842,CIDADE DUTRA
548633134,548639666,0,61.449,0,4,34.7490827883235,0.028773147510581062,0.005708104016991949,-6.2603136729449775e-19,0.00014580196281511413,CIDADE DUTRA
548633134,548641094,0,112.11300000000001,0,4,35.24820545541554,0.028365713147879133,0.0004976635202224221,-2.6803004973848006e-18,0.00015454074756756145,CIDADE DUTRA
548633188,5245116754,0,214.401,0,4,34.733769341202745,0.028785833034820386,0.00019745969191297324,3.778047206490547e-18,0.00014442215565339347,CIDADE DUTRA
548633188,7285024192,0,62.043,0,5,34.66613494975275,0.02884199482795115,0.00627704831610823,-2.087857879427564e-18,0.00017079191932117428,CIDADE DUTRA
548633188,548639670,0,143.11,0,6,34.15122029031743,0.029276859697142377,0.005978363408505804,5.949666950963129e-18,0.000190005639836549,CIDADE DUTRA
548638342,5245116746,0,112.46000000000001,0,4,36.30594991226671,0.02753930106062337,0.003913716190316859,-5.298562299535485e-19,0.00015401122496577768,CIDADE DUTRA
548638342,5043742517,0,62.641000000000005,0,5,36.647152655925986,0.027282896827296826,0.00446139559953482,1.866760005299205e-18,0.00018129988353579772,CIDADE DUTRA
548638342,548638815,0,54.402,0,4,36.29988833944808,0.027543899738095658,0.0003488092909341807,-3.896344833660999e-18,0.0001539430819272554,CIDADE DUTRA
548638344,5245075735,0,20.63,0,4,37.143404051682886,0.02691838592754196,0.00939018479948782,-1.3908050499060476e-18,0.00015829491166800843,CIDADE DUTRA
548638344,5245116746,0,118.937,0,4,36.37390333386505,0.027487852369007314,0.00023792807932151115,-1.6963935127053051e-18,0.00015717203399967918,CIDADE DUTRA
548638815,5245116752,0,118.03800000000001,0,4,35.845589408199075,0.02789298492319194,8.451708791220118e-05,-1.760241039396382e-18,0.000155872995414983,CIDADE DUTRA
548638815,548641094,0,59.571,0,4,35.95772850534375,0.027805996832565134,0.0001283487997434326,-5.221889410091346e-18,0.0001568142312636743,CIDADE DUTRA
548639641,548641094,0,231.82199999999997,0,4,35.69915457010688,0.028007399529933242,3.2548300864775805e-07,-2.2377655953163226e-18,0.0001590375274410189,CIDADE DUTRA
548639641,5249311859,0,31.598,0,4,35.33609826128569,0.02829515804299347,0.009950558046043044,-6.155914654173461e-18,0.0001672458725729392,CIDADE DUTRA
548639641,5049919239,0,37.861999999999995,0,4,35.64747168607433,0.028048005584542273,0.009743767841215502,-1.632978121323916e-18,0.00015611063054597453,CIDADE DUTRA
548639666,548639670,0,31.953,0,6,34.11182006699633,0.029310675389413926,0.005129069744607587,5.712539152280575e-18,0.00019109326595144138,CIDADE DUTRA
548639666,5049917149,0,244.236,0,4,34.337693412027434,0.029117869768608633,0.0009938081197378213,-1.322264425295366e-19,0.00014113545373914277,CIDADE DUTRA
548639670,1517889216,0,69.789,0,6,33.94560535970649,0.029454195155189024,0.026278413174857827,1.463991765448864e-18,0.00018967060212639374,CIDADE DUTRA
548713572,2576530595,0,12.858,0,6,29.08167171797735,0.03438043364982201,0.0016631096798538278,-6.0560552712833235e-18,0.00019105361362483156,CIDADE DUTRA
548713572,548713577,0,32.138999999999996,0,5,29.02297017068113,0.034449971145126275,0.02993358736197215,-2.8652649381707777e-18,0.00016502442872655355,CIDADE DUTRA
548713572,6621575796,0,38.914,0,5,29.16733131280906,0.03427946404156412,0.028686987438851237,-3.0726298906218206e-18,0.00016584630883471394,CIDADE DUTRA
548713572,548718592,0,116.744,0,6,28.384271813686393,0.03522515890098404,0.002007145219994508,2.719742774451395e-19,0.00019458298523380258,CIDADE DUTRA
548713577,5249715788,0,18.419,0,4,29.632158238953583,0.033741736827372366,0.02162053433243598,-4.30149978025478e-18,0.0001360494558894664,CIDADE DUTRA
548713577,11735240695,0,37.959,0,4,29.831392566597543,0.03351638656136204,0.007940808961979354,-6.589213858842924e-18,0.0001394991559601012,CIDADE DUTRA
548713597,2576530578,0,12.482,0,5,31.1057584941777,0.032143260069127495,0.0010007517572556402,-9.60913579434076e-18,0.00016928012852789092,CIDADE DUTRA
548713597,13605836765,0,199.68099999999998,0,5,30.982134311692455,0.03227151734825745,0.02115813147148373,-9.048128000398078e-18,0.00017240170873148808,CIDADE DUTRA
548713597,548722500,0,22.482,0,6,30.780028712713353,0.03248341625207297,0.020131775050881134,-1.015030929991077e-17,0.00019083467181327845,CIDADE DUTRA
548713597,2576530582,0,44.433,0,5,30.84718455894082,0.03241269824853527,0.0010054170137129247,-9.232318682403117e-18,0.00016555631126667864,CIDADE DUTRA
548717008,548718553,0,93.244,0,4,29.36465145956293,0.03404911808003824,0.002975999642402668,-2.9146124976020026e-18,0.00016487849745048201,CIDADE DUTRA
548718553,548722540,0,63.148,0,4,29.032062529909076,0.03443918198701113,0.0013621463911908675,2.9857572024445236e-19,0.00017058243953732216,CIDADE DUTRA
548718553,548720415,0,60.831999999999994,0,4,29.41027277077684,0.033996300976824156,0.002215454345529073,1.5619367335208703e-18,0.00016334419803017578,CIDADE DUTRA
548718568,548720405,0,56.855000000000004,0,4,28.865688307545064,0.034637680358534255,0.000744054157768775,-6.155448491783258e-19,0.00015625079787777893,CIDADE DUTRA
548718568,548718592,0,63.726,0,5,28.426862338490988,0.03517238283354283,0.002678508172498617,-1.8387223651136813e-18,0.00017717150251393108,CIDADE DUTRA
548718568,548722540,0,243.723,0,4,28.848779709682564,0.03465798189689969,0.0015574361963795224,1.9965361307115983e-18,0.00016498106050067267,CIDADE DUTRA
548718592,2573370245,0,79.243,0,6,27.991705216142925,0.03571917027581491,0.005725788593795144,-7.980108389071932e-19,0.00019567984302682113,CIDADE DUTRA
548718592,548724629,0,77.562,0,5,28.396075929175307,0.035210515967755526,0.005422329935399217,-3.990796999513748e-18,0.00017611764714428607,CIDADE DUTRA
548719495,548720405,0,83.262,0,4,29.265114053278033,0.03416492698800303,0.00017966662077356245,-5.909592239062668e-20,0.00015629853426340291,CIDADE DUTRA
548719495,11735240697,0,9.633,0,4,30.034455256021694,0.0332897825648216,0.0006468432325193112,-2.608534320146089e-18,0.00014948409305055383,CIDADE DUTRA
548719495,548721668,0,294.725,0,4,29.64555750518424,0.0337264861607335,0.00019062454873137032,-3.96622794263885e-18,0.00015605113052502106,CIDADE DUTRA
548720405,548720415,0,306.601,0,4,29.059339607592918,0.034406855022423743,0.00018736971864489273,4.004786337288224e-18,0.00015941227858521035,CIDADE DUTRA
548720415,548721668,0,82.431,0,4,29.43579518264476,0.033966824362038225,0.0023015988484845133,1.7123989983419651e-18,0.0001591648748468285,CIDADE DUTRA
548721668,2576530576,0,42.153000000000006,0,4,29.965385228904132,0.03336651530718168,0.00240271556983775,-1.2989325170736538e-18,0.0001554958576458642,CIDADE DUTRA
548722500,2576530582,0,29.165,0,5,31.225235284734406,0.03202027064995837,0.00023022498145018087,-5.032537488891452e-18,0.00016178930784570777,CIDADE DUTRA
548722500,2576530579,0,13.396,0,5,31.05311851970011,0.03219774800690392,9.222018578353146e-06,-5.893205577652892e-18,0.00016185899190854583,CIDADE DUTRA
548722500,5249716018,0,225.79700000000003,0,6,30.66214707289839,0.03260829982155956,0.020313828547051445,-7.073926985926182e-18,0.00018561483267910025,CIDADE DUTRA
548722540,2576530547,0,106.987,0,2,29.446961237836977,0.03395394441043753,0.0004657661853749418,-3.3924997073228022e-18,9.509643090365533e-05,CIDADE DUTRA
548724610,548724629,0,163.513,0,2,29.172914340405168,0.03427290373732127,0.0004657661853749418,-5.379366543129884e-18,8.426994795680084e-05,CIDADE DUTRA
548724629,548725392,0,58.567,0,5,28.37789121071941,0.03523307907206817,0.005131565114340554,-2.1742660354310583e-18,0.00018094990004630294,CIDADE DUTRA
548725392,5242046028,0,214.157,0,5,28.235125219333227,0.035411228997887075,0.0,1.8805612133241585e-18,0.00017803124736677815,CIDADE DUTRA
548725392,548741309,0,122.99600000000001,0,5,27.964747168607435,0.03575360359589529,0.020972389167882077,-2.575277812043334e-18,0.00017914103583450185,CIDADE DUTRA
548727644,548731185,0,30.406,0,4,30.627372786728344,0.03264532325015755,0.001434186630438238,8.531324894568334e-19,0.00017224571696967242,CIDADE DUTRA
548727644,5021006984,0,300.4840000000001,0,4,29.79948955176264,0.03355226884638649,0.0014441681093701026,5.1270045893132045e-18,0.00016687333311079172,CIDADE DUTRA
548727644,2557002178,0,60.72,0,2,30.71670122826607,0.03255038610740381,0.0004657661853749418,2.6196145245598767e-18,9.608291278601883e-05,CIDADE DUTRA
548727680,548727695,0,84.88799999999999,0,4,31.01595150741745,0.03223633118870185,0.0007393889013114904,-4.166241095023591e-18,0.00015807491177902798,CIDADE DUTRA
548727680,548731185,0,92.108,0,4,31.059020577444567,0.032191629560010065,0.0011415774056639035,1.4507153085132149e-18,0.00016386213672711674,CIDADE DUTRA
548727695,2576530596,0,45.131,0,4,30.638379326846387,0.032633595734932734,0.0008172878347145206,-7.658837959614937e-18,0.00015175585714300057,CIDADE DUTRA
548731185,5249359762,0,61.904,0,4,30.787844951347903,0.03247516955167894,0.000565038503012508,3.818688569504342e-18,0.00016922717509323961,CIDADE DUTRA
548731252,548738455,0,37.36,0,5,27.567235603764555,0.03626916021965178,0.04815998488022931,2.5536054617967966e-21,0.0001681566424092459,CIDADE DUTRA
548731252,548731260,0,43.685,0,4,27.005104482373586,0.03702412947812989,0.08003789924152695,1.2293837882405116e-18,0.00014336316765597168,CIDADE DUTRA
548731252,548738449,0,86.821,0,4,27.548253309937788,0.03629415170816445,0.031690110665307886,-5.103049900957247e-19,0.00013832857445081998,CIDADE DUTRA
548731260,5020954702,0,14.957,0,4,26.840325410751316,0.03725142931856272,0.054300981298722774,6.271090717615659e-18,0.00014654738278886134,CIDADE DUTRA
548731260,2513875723,0,33.586,0,4,26.412186951666932,0.0378552706277404,0.027102536152753952,6.953391777138568e-18,0.00014091244792066948,CIDADE DUTRA
548734588,2576530605,0,96.998,0,5,28.593236560855,0.0349677268188183,0.048014385481027544,6.264262703149851e-18,0.0001721342336549398,CIDADE DUTRA
548734588,5249359764,0,68.18299999999999,0,5,29.1871111820067,0.0342562331260179,0.0009397779403022935,4.740852090188413e-18,0.00018736524623171304,CIDADE DUTRA
548734588,5021006984,0,150.04399999999998,0,5,29.038443132876058,0.034431614682326056,0.04772600753536563,1.8356524788220216e-18,0.00018329743083686436,CIDADE DUTRA
548734588,5020954715,0,202.92399999999995,0,5,28.9105120433881,0.03458397704700949,0.002038283094488477,2.313043839427071e-18,0.00017585016891349682,CIDADE DUTRA
548738386,2576530596,0,11.533,0,4,30.423193491784975,0.032864415933054746,0.0007968908995059277,-7.238880242042087e-18,0.0001442706426972482,CIDADE DUTRA
548738386,2576530582,0,129.71,0,4,30.745892486840006,0.03251948159754288,0.0007891878016345975,-9.830706800905806e-18,0.000138242006228815,CIDADE DUTRA
548738386,548738393,0,158.331,0,5,30.422555431488277,0.0328651052071372,0.0002794814100922083,-2.7542777562059627e-18,0.00016586332943791294,CIDADE DUTRA
548738393,2576530594,0,11.274,0,5,29.871749880363694,0.03347110527271368,0.00014245306345150212,-5.628374963932702e-18,0.00016437200671574702,CIDADE DUTRA
548738393,5249715788,0,53.388999999999996,0,5,30.392566597543468,0.03289753373466785,0.0006077852714815803,-1.3449631085587344e-18,0.0001622902622796199,CIDADE DUTRA
548738393,5249716018,0,21.017,0,6,30.409475195405967,0.032879241700194614,9.981478931864581e-05,-3.243837942471804e-18,0.00018726574715870236,CIDADE DUTRA
548738439,2576530598,0,16.423,0,5,28.38203860264795,0.03522793055578973,0.0036344517688970826,-5.2290733965425155e-18,0.0001612790473471152,CIDADE DUTRA
548738439,548738449,0,71.86,0,5,27.992502791513797,0.035718152548650885,0.03143287059413994,3.2597235544013543e-18,0.0001633997728373705,CIDADE DUTRA
548738439,2573370245,0,50.425,0,6,28.304833306747486,0.03532401954430437,0.005649517075435353,-7.150306276228809e-18,0.00019191547211739015,CIDADE DUTRA
548738439,6621575779,0,84.49000000000001,0,5,28.58861062370394,0.03497338496389952,0.029222623976749233,-3.4573781303958736e-18,0.00016553698801474482,CIDADE DUTRA
548738449,2576530599,0,15.226,0,5,28.065560695485722,0.03562517406205419,9.02672877316449e-05,-4.315356788973435e-18,0.00016272876974394174,CIDADE DUTRA
548738455,2576530605,0,45.965,0,5,28.346945286329557,0.035271542482850984,0.045275554457592876,1.4701638783372712e-18,0.00016534296252838067,CIDADE DUTRA
548738455,2576530599,0,54.231,0,6,28.12234806189185,0.03555323626339344,0.0019221941547374432,-2.7490012150416775e-18,0.0001918034483270481,CIDADE DUTRA
548738455,5021007009,0,27.909000000000002,0,5,28.206412505981817,0.03544727585309853,0.0021184604089520415,-8.179538871607041e-20,0.00017196346077800792,CIDADE DUTRA
548739370,549859100,0,25.457,0,4,26.898229382676664,0.03717123795404003,0.09242382965260873,2.242051426056323e-18,0.00014289547877926751,CIDADE DUTRA
548739370,2513875732,0,37.828,0,4,27.763917690221724,0.036012226231241236,0.012068801466322653,2.0180950805478786e-18,0.0001466023288172099,CIDADE DUTRA
548740100,5020954702,0,207.27299999999997,0,4,27.209602807465306,0.03674586843478312,0.000703585770360237,2.153600433555567e-18,0.0001464426026711377,CIDADE DUTRA
548740100,2573370245,0,51.603,0,5,27.72164619556548,0.0360671396594682,0.0008050279747221216,-3.6253583051591944e-18,0.00016996097578495341,CIDADE DUTRA
548740100,5020954860,0,107.864,0,4,27.670760886903814,0.036133465538312544,0.0004960361051791833,-6.547958942964858e-19,0.00014833384092312408,CIDADE DUTRA
548741309,548741897,0,116.541,0,4,27.67602488435157,0.036126592930300114,0.021031193098111103,-7.078969392142565e-19,0.0001500442576381431,CIDADE DUTRA
548741309,5020954860,0,70.655,0,4,28.287765193810817,0.03534533315288492,0.00021037051792266762,-5.289632242973738e-18,0.00015032891798717112,CIDADE DUTRA
548741897,5020954860,0,153.913,0,4,27.675067793906525,0.036127842300930864,0.00014082564840826333,-4.8221719076053236e-20,0.00015090505914578452,CIDADE DUTRA
548741897,7285515451,0,67.285,0,4,27.052161429255065,0.0369597263989622,0.021527771674971368,3.752597232551292e-18,0.00014691677013490423,CIDADE DUTRA
549498154,5021006984,0,73.457,0,4,29.684638698356995,0.03368208368933813,0.049234512786111774,8.00267106852263e-19,0.00015609070601400331,CIDADE DUTRA
549498154,549499315,0,275.04499999999996,0,4,29.293029191258572,0.03413236911750291,0.00026667907841872976,-1.8649179395613887e-18,0.0001550296401735772,CIDADE DUTRA
549498154,5021006968,0,164.463,0,4,29.63152017865688,0.03374246339362619,0.049576812416873,-5.070193173791093e-18,0.00015358097813033566,CIDADE DUTRA
549499292,8694435596,0,20.463,0,4,31.57202105598979,0.03166856132373374,0.04420471535914175,3.2166897924221854e-18,0.0001602557850809321,CIDADE DUTRA
549499292,549536063,0,19.286,0,4,31.699473600255224,0.03154123306696725,0.09235645466981865,-1.8468455628850225e-18,0.0001600930314836214,CIDADE DUTRA
549499292,8694435599,0,17.981,0,4,31.71702025841442,0.031523783658730396,0.04824949270760744,-4.7154873373519406e-18,0.0001584901493045603,CIDADE DUTRA
549499315,5021007009,0,64.62100000000001,0,4,28.90126016908598,0.03459504807320816,0.0004545912687447021,-1.9357498409421135e-18,0.00015122740138228915,CIDADE DUTRA
549499315,2576498136,0,49.59599999999999,0,4,29.188068272451748,0.03425510984807083,9.731941958567966e-05,4.915679627317184e-19,0.0001546279680451895,CIDADE DUTRA
549504428,553769706,0,227.072,0,3,54.896474716860745,0.018213200211538126,0.0004657661853749418,3.338887980088642e-18,0.00011527773741104127,CIDADE DUTRA
549504428,660463502,0,289.1799999999999,0,5,54.89248684000638,0.018214523379857666,0.008795093365343502,8.591888050730147e-18,0.0001818020589904399,CIDADE DUTRA
549504428,660461199,0,52.027,0,5,54.89216780985803,0.018214629241628623,0.004630538269695438,4.4031524289332365e-18,0.00018250319423583557,CIDADE DUTRA
549504428,8697705457,0,115.96400000000001,0,5,53.903493380124424,0.018548714048549807,0.01433785201394239,5.613367316839875e-18,0.0001747427742639529,CIDADE DUTRA
549504445,553724253,0,289.162,0,4,44.17785930770458,0.02263216236807233,1.0523950612944177e-05,-1.6728505272082487e-18,0.00016315406358420403,CIDADE DUTRA
549504445,4274074548,0,29.057,0,4,45.130323815600576,0.0221545160857056,0.04372408544970523,-3.989908075284322e-18,0.00016350763440157548,CIDADE DUTRA
549504445,549504446,0,50.837,0,4,44.68974318073058,0.022372929754426042,0.04415849677191377,2.9563406706317563e-18,0.0001613058211844586,CIDADE DUTRA
549504446,549504447,0,42.027,0,4,44.73616206731536,0.02234971528003109,0.0445287879414187,4.505277981246925e-18,0.00016165397920789548,CIDADE DUTRA
549504446,2557002303,0,29.679000000000002,0,4,45.21662147072898,0.0221122333426232,7.442711464412068e-05,4.4212767230830204e-18,0.00016056649361137455,CIDADE DUTRA
549504447,5043475842,0,20.956000000000003,0,4,44.26144520657202,0.022589422470492837,0.0465692409226315,1.5327899258845962e-18,0.000165354215810888,CIDADE DUTRA
549504447,2557002303,0,46.382999999999996,0,4,45.23432764396235,0.022103577902064363,0.001596819640425901,4.095761706377777e-18,0.00016139132763936696,CIDADE DUTRA
549504452,8919459727,0,71.565,0,4,41.41952464507896,0.024139351996272033,0.005426452720175423,-1.1191418041384856e-18,0.00017712006726777163,CIDADE DUTRA
549504452,660466907,0,82.23899999999999,0,4,41.884830116446004,0.023871183961976725,0.028151784878298107,7.063204324899997e-20,0.00017784198550469075,CIDADE DUTRA
549504452,660466322,0,12.978,0,4,40.940341362258735,0.024421889306656796,0.02794011242834085,3.730748073939201e-19,0.00016988095868715355,CIDADE DUTRA
549504453,3899143162,0,169.80199999999996,0,4,40.44983250917212,0.02471803770013408,0.0009868644822200025,3.3214984021658892e-18,0.0001654694653351935,CIDADE DUTRA
549504453,660466322,0,20.605,0,4,40.48093794863615,0.024699044429120284,0.01566538871188038,1.8349505303907013e-18,0.00016842611398177666,CIDADE DUTRA
549504453,2557558605,0,122.987,0,4,40.57329717658319,0.02464282063580679,0.014940755040294254,5.140822087368813e-19,0.0001794873092119488,CIDADE DUTRA
549504460,3899143162,0,17.089,0,4,40.17243579518264,0.024888719469824214,0.002197010308372367,7.558631492180553e-19,0.0001692072139617905,CIDADE DUTRA
549504460,549504462,0,122.025,0,4,40.27564204817355,0.024824942175469725,0.0029308659985368456,2.6484909730959446e-18,0.00017204764852437132,CIDADE DUTRA
549504460,8919459736,0,81.705,0,2,40.753868240548734,0.02453363393688891,0.0004657661853749418,-5.867542308951276e-19,9.599044465169634e-05,CIDADE DUTRA
549504462,553713881,0,28.414,0,4,39.87015472962195,0.025077416722011955,0.0027381800574173727,2.0067010436513745e-18,0.0001623752993321916,CIDADE DUTRA
549504462,5042201446,0,85.27499999999999,0,4,39.69117881639815,0.02519049609362441,0.0024694395866105404,-5.863396387071009e-19,0.00016882589876800048,CIDADE DUTRA
549504466,553713577,0,22.013,0,4,39.527675865369275,0.025294694490292535,0.003986841372926389,3.951593007057998e-18,0.00014327851448329063,CIDADE DUTRA
549504466,8921393353,0,10.292000000000002,0,4,39.580634869995215,0.025260850115463203,0.002851990616107872,1.0042820467378586e-17,0.00014168102458543983,CIDADE DUTRA
549504466,5043425493,0,8.511,0,5,38.63136066358271,0.02588157568750516,0.001563511879207614,7.485981709126287e-18,0.00016983053651722119,CIDADE DUTRA
549504471,8706648349,0,9.202,0,5,36.858191099058864,0.027126683516255235,0.00017944963210113062,1.0787026375964357e-17,0.00016385702019801793,CIDADE DUTRA
549504471,8921393354,0,55.20099999999999,0,5,37.765512840963474,0.026474961140771778,0.004362231776233469,1.0938315498961587e-17,0.00016559476910529069,CIDADE DUTRA
549504471,660469218,0,65.932,0,4,37.80746530547137,0.026445583612851507,0.004149040405569188,8.645642975919218e-18,0.0001376386715573303,CIDADE DUTRA
549504485,549534355,0,28.413,0,4,31.342638379326846,0.031900329283871195,0.032166292306959554,-6.737459563663771e-19,0.0001735668122236526,CIDADE DUTRA
549504485,549532611,0,23.689,0,4,30.992821821662147,0.03226038889517947,0.032329467788628295,-1.3827135104010299e-18,0.0001752126867431602,CIDADE DUTRA
549504485,2557002212,0,83.312,0,2,31.7234008613814,0.031517443205245535,0.0004657661853749418,3.7527683836060156e-19,9.80587204281796e-05,CIDADE DUTRA
549504486,549510517,0,119.38199999999999,0,5,29.509172116765033,0.03388236311644224,0.00027492464797113965,-8.579288459770706e-21,0.00018418546313681412,CIDADE DUTRA
549504486,2557002186,0,140.80200000000002,0,5,29.827245174669006,0.03352104691770016,0.00016491139104819744,4.796047281405924e-18,0.00018659425761877643,CIDADE DUTRA
549504486,549529911,0,29.942,0,5,30.036209921837614,0.03328783783066114,0.03020482320251195,2.1032665551761794e-19,0.00018746281492955168,CIDADE DUTRA
549504486,549509030,0,41.843,0,5,29.267825809539,0.034161761499890995,0.03014786367599859,-2.130637069963107e-19,0.00018404708770983086,CIDADE DUTRA
549504491,549507553,0,41.551,0,4,26.248843515712235,0.03809083948126451,0.028315068854303065,1.3998640205171336e-17,0.0001401624204084831,CIDADE DUTRA
549504491,4247132651,0,91.148,0,6,25.981336736321584,0.03848302706950644,0.005688466542136868,2.6307196962492266e-17,0.00017875098984939167,CIDADE DUTRA
549504491,4247132652,0,52.269000000000005,0,5,25.799170521614293,0.03875475314557764,0.022893606873593576,1.2855024522050298e-17,0.00015465178686113176,CIDADE DUTRA
549504497,559367290,0,131.056,0,7,26.09172116765034,0.03832021960151374,0.011302288980957184,1.823359231794748e-17,0.00020916720286413704,CIDADE DUTRA
549504497,2513875767,0,70.459,0,6,25.552560216940503,0.039128779129653096,0.0881654269561339,2.576481868415254e-17,0.00018215763403913937,CIDADE DUTRA
549504497,2513875765,0,65.87299999999999,0,6,25.720370074972084,0.03887348751248132,0.03803366600951647,1.0873588889997605e-17,0.00017593221162828028,CIDADE DUTRA
549504497,549859100,0,62.679,0,6,26.099856436433242,0.03830827527197164,0.09284229230739353,3.036549590102046e-17,0.00018577203531098792,CIDADE DUTRA
549504497,2513875714,0,145.135,0,6,25.998723879406604,0.03845729081025364,0.00028436365522192466,2.5516868173210248e-17,0.00018150293966337817,CIDADE DUTRA
549505924,549505930,0,112.903,0,4,28.128569149784656,0.03554537309031519,0.00037061665251358054,1.146826566571805e-18,0.00015763724516316505,CIDADE DUTRA
549505924,549509563,0,52.455,0,4,28.877970968256502,0.03462294792196027,0.0010988306371948313,-1.8245648805333372e-18,0.0001579004603022956,CIDADE DUTRA
549505924,2576498136,0,204.86,0,4,28.647471686074333,0.03490152624574728,0.0010442579860782239,-1.3510241304404468e-18,0.0001562959937633085,CIDADE DUTRA
549505930,549509567,0,79.70200000000001,0,4,28.340405168288402,0.03527968210012045,0.02146994419376828,2.439359995611779e-18,0.00015715314116917655,CIDADE DUTRA
549505930,5248586057,0,123.542,6,4,27.563247726910195,0.03627440767619246,0.022012741357856528,6.289318074609353e-18,0.0001566349527252128,CIDADE DUTRA
549507531,5021006964,0,13.102,0,5,28.98947200510448,0.03448977907392632,0.006360046483313409,3.2934457108647724e-19,0.00018327968890822078,CIDADE DUTRA
549507531,549520601,0,35.077999999999996,0,5,29.760089328441538,0.03359668964334338,0.0021762878901551265,-3.060510162040957e-18,0.0001817346633120315,CIDADE DUTRA
549507531,549528417,0,49.422,0,5,29.543467857712553,0.03384303053863764,0.0029635227937378373,1.5414609039395814e-18,0.00018441438769071887,CIDADE DUTRA
549507531,549535325,0,103.205,0,5,29.74525442654331,0.03361344537815126,0.0050532322035926605,-2.2888446582021464e-18,0.00018110259996550766,CIDADE DUTRA
549507535,549510517,0,9.741,0,4,28.57377572180571,0.034991542407985306,0.0054536847985656185,3.5075530149504044e-18,0.00015572309876293256,CIDADE DUTRA
549507535,5021006964,0,66.375,0,4,28.40788004466422,0.035195885203465685,0.005150660117514556,4.6321760984848644e-18,0.00015658241739686357,CIDADE DUTRA
549507535,549507992,0,137.98999999999998,0,4,27.783219014196842,0.03598720812066164,0.00028555709292029974,6.5553972251233946e-18,0.0001624939465674313,CIDADE DUTRA
549507553,5248586057,0,31.778,0,4,26.950550327005903,0.03709907489065006,0.02168487147381202,6.2523483437896315e-18,0.00015267634813811315,CIDADE DUTRA
549507553,5248586056,0,46.751999999999995,0,4,27.09873983091402,0.036896198537808594,0.006708855774247589,6.259955132472245e-18,0.00015214746102555662,CIDADE DUTRA
549507992,549508163,0,75.804,0,4,27.96426862338491,0.035754215437972026,0.00979725554896995,3.713286787625744e-18,0.00017275036566408058,CIDADE DUTRA
549507992,5021031046,0,4.198,0,4,27.141330355718615,0.036838300548342924,0.010035400616963893,6.478800918219219e-18,0.00016749183121378804,CIDADE DUTRA
549507993,549509039,0,20.992,0,4,28.105439464029352,0.035574625552661006,0.014666806841349059,-3.038166872955858e-18,0.00015933707169231206,CIDADE DUTRA
549507993,549508163,0,43.09,0,4,28.12059339607593,0.03555545471047377,0.009947411710292783,2.5111213750315828e-18,0.000170636350013715,CIDADE DUTRA
549507993,549511770,0,119.027,0,4,27.295262402297016,0.036630550393305046,0.006301568036093028,-4.3651712918757385e-18,0.00015798800812171832,CIDADE DUTRA
549508156,549508163,0,83.347,0,2,28.952304992821823,0.0345340547211601,0.0004657661853749418,5.443619062037818e-18,9.708982840056852e-05,CIDADE DUTRA
549509030,549509567,0,43.359,0,4,28.813367363215825,0.034700577420265624,0.021851410279903453,-2.83506697191302e-18,0.0001545136845009868,CIDADE DUTRA
549509030,549509039,0,80.23100000000001,0,4,28.738714308502153,0.034790717294894066,0.009231566079940147,-4.0823132668769005e-18,0.000154578879279615,CIDADE DUTRA
549509039,549510517,0,78.027,0,4,28.748604243100974,0.034778748786239426,0.00524678609940186,-2.7607382394050446e-18,0.00015468023953817895,CIDADE DUTRA
549509563,549509567,0,122.549,0,4,29.104163343435953,0.03435386453571859,0.0002201350081821004,-3.840832526528595e-18,0.00015741635630830714,CIDADE DUTRA
549509563,2557002186,0,60.913999999999994,0,4,29.850534375498484,0.033494894005867484,0.000978184935322729,4.240241921305798e-18,0.00015754006620672116,CIDADE DUTRA
549511746,549519132,0,59.215,0,4,28.93842718136864,0.03455061599095995,0.010980060802395903,3.608675296961196e-18,0.00015792387857917138,CIDADE DUTRA
549511746,5021027767,0,70.647,0,4,29.400382836178018,0.03400773692291833,0.00023152691348477192,5.4195987260116746e-18,0.00015871203482156431,CIDADE DUTRA
549511746,549520605,0,61.354,0,4,28.518264475992982,0.035059653990077246,0.010749293349264642,3.4050097755981923e-18,0.000157601125991747,CIDADE DUTRA
549511770,5248586056,0,122.338,0,4,26.86090285531983,0.03722289195978407,0.00723049654277373,-2.563004719634106e-18,0.0001543076871605288,CIDADE DUTRA
549511770,549513430,0,219.61200000000002,0,5,26.46195565480938,0.03778407378383266,0.0010809290717192046,1.947427151635649e-18,0.0001827579944717881,CIDADE DUTRA
549513430,549515156,0,43.003,0,5,26.547136704418566,0.03766283709080421,0.011330714497045754,4.587067907517532e-18,0.00018143828705649974,CIDADE DUTRA
549513430,549513431,0,41.128,0,5,25.677620035093316,0.038938207028507886,0.015184758802443857,5.7122318959557694e-18,0.00017196182737287468,CIDADE DUTRA
549513430,5021031046,0,163.07,0,5,26.458286808103367,0.037789313124370734,0.009940359578438748,9.661069781268915e-18,0.00019022316817074726,CIDADE DUTRA
549513431,4247132652,0,370.871,0,5,25.332907959802203,0.0394680502732791,0.08828455373729897,1.8912065164778178e-17,0.0001562392546315692,CIDADE DUTRA
549513431,558995545,0,479.254,0,5,25.220928377731695,0.039643286319650875,0.08793889078211506,-1.894713077105126e-18,0.00016291375246352258,CIDADE DUTRA
549515137,549519132,0,125.449,0,4,28.03748604243101,0.0356608464615087,0.012891947995192833,2.491882888991296e-19,0.00015506281918537587,CIDADE DUTRA
549515137,549515156,0,323.2509999999999,0,4,27.509650661987557,0.03634508112120052,0.0,4.2211087148736e-18,0.0001520618655020554,CIDADE DUTRA
549515137,2513875864,0,44.069,0,4,27.490349338012443,0.036370599465001714,0.01292872757517003,2.284314710610784e-18,0.00014833194568008716,CIDADE DUTRA
549515156,549520605,0,45.415,0,4,27.52416653373744,0.03632591321885378,0.011324313331209014,3.534261751560748e-18,0.00015416684011070346,CIDADE DUTRA
549519124,549519414,0,118.53200000000001,0,4,30.124262242781942,0.03319053847253626,0.0014159595819539636,1.1534299772358198e-18,0.0001593200777468527,CIDADE DUTRA
549519124,549519411,0,50.562,0,4,29.75945126814484,0.03359740997630815,0.0004428738804333828,5.176825870628165e-18,0.00015927714275360715,CIDADE DUTRA
549519124,549522296,0,82.088,0,4,30.378369755941936,0.03291290786696212,0.0016202544170485398,2.440845626418943e-18,0.00015870761121619963,CIDADE DUTRA
549519132,549519218,0,91.484,0,4,28.79342797894401,0.03472460749227173,0.0019033161402358732,-1.4377586785249496e-18,0.00015826487885707658,CIDADE DUTRA
549519217,549520605,0,64.633,0,4,28.417610464188865,0.035183833847881,0.0010381823032501324,6.048525470645407e-18,0.00015779758611235534,CIDADE DUTRA
549519217,549519411,0,49.343,0,4,29.10432285851013,0.03435367624893809,0.0005937895021097267,2.294341850143463e-18,0.00015903437253600618,CIDADE DUTRA
549519217,5021027767,0,61.647999999999996,0,4,29.266390173871432,0.03416343727346556,0.0003702911695049328,3.3175208144323967e-18,0.00015890849494217265,CIDADE DUTRA
549519218,5021027767,0,48.845,0,4,29.638698356994738,0.03373429132692877,0.00013648587495962655,-2.554613667687176e-20,0.00015905303509946948,CIDADE DUTRA
549519218,549519414,0,60.955,0,4,29.473759770298294,0.03392307234360371,0.001768023702974622,4.346771184971392e-19,0.0001592218476865485,CIDADE DUTRA
549519411,549519414,0,72.38,0,4,29.919285372467698,0.03341792668102621,0.0003545594907536245,-3.5942387577580915e-18,0.00015936154904714668,CIDADE DUTRA
549520601,549522776,0,55.19,0,4,30.736321582389536,0.032529607755623136,0.0019303312299536373,-2.873719541486146e-18,0.00015389509057109961,CIDADE DUTRA
549520601,549523709,0,176.016,0,4,30.7234008613814,0.03254328807663352,0.00019442185049892748,1.975429534560489e-18,0.00015272249088117088,CIDADE DUTRA
549521066,5021031046,0,45.574,0,2,27.306428457489233,0.03661557154874287,0.0004657661853749418,5.4321614310984956e-18,9.183129395027595e-05,CIDADE DUTRA
549522291,549661431,0,61.937,0,5,30.55016749082788,0.03272782334911941,0.020509443835248747,-8.027589141293834e-19,0.00018103677959561344,CIDADE DUTRA
549522291,549523709,0,51.286,0,4,30.97304195246451,0.03228099088427667,0.0006472772098641749,-2.971689471811256e-18,0.0001518927221960235,CIDADE DUTRA
549522291,549535325,0,92.02499999999999,0,4,30.384590843834744,0.032906169119229736,0.020097924817981765,-3.77483340315824e-18,0.00014999667312543593,CIDADE DUTRA
549522296,549522776,0,62.214999999999996,0,4,30.955654809379485,0.03229912244088199,0.0016403258692484848,-1.4584011182400315e-18,0.00015729398311391184,CIDADE DUTRA
549522296,549522773,0,164.51,0,4,31.161588770138778,0.0320856709938982,1.6057161759956066e-05,2.798782815931418e-19,0.00015759007388809718,CIDADE DUTRA
549522773,549523709,0,49.901,0,4,31.590046259371512,0.03165049131984771,0.0002466076262187847,1.824728986879709e-18,0.00015553190633299424,CIDADE DUTRA
549522773,549522776,0,153.632,0,4,31.715106077524325,0.03152568629226142,0.00024389526781338672,-1.2281801269950644e-19,0.00015670450602292294,CIDADE DUTRA
549525992,549661454,0,64.136,0,6,29.93635348540437,0.033398873560646025,0.02023875046639003,5.321172722658339e-18,0.00020820156838375102,CIDADE DUTRA
549525992,549661630,0,96.37800000000001,0,5,29.308502153453503,0.03411434947070509,0.022001349452553855,1.070196227107251e-18,0.0001799284508008717,CIDADE DUTRA
549525992,549661518,0,182.61599999999999,0,3,30.126176423672035,0.03318842958578002,0.0004657661853749418,2.5109958425052226e-18,0.0001138588353718233,CIDADE DUTRA
549525992,5262052760,0,125.42800000000001,0,5,29.9518264475993,0.03338161987133058,0.0017526175072319612,3.3380575300481255e-18,0.00017754386730832559,CIDADE DUTRA
549526007,5238656959,0,118.41400000000002,0,5,27.93778912107194,0.035788103367553184,0.02306578738516824,-2.860281139476719e-19,0.00017305717785502214,CIDADE DUTRA
549526007,12848137606,0,79.322,0,5,27.673313128090605,0.03613013303820525,0.0142881616079555,2.648294356817609e-18,0.00016856105540255368,CIDADE DUTRA
549526007,549662943,0,216.879,0,6,27.60105279948955,0.03622472273754414,0.020977379907348007,9.798310098353867e-19,0.00020023753544851436,CIDADE DUTRA
549526007,2585568653,0,30.087,0,5,27.23975115648429,0.03670519892718691,8.256418986031464e-05,-2.5040647706997455e-18,0.00016865434551509076,CIDADE DUTRA
549528414,549536061,0,50.84,0,4,31.43021215504865,0.0318114456241499,0.0028615381176948732,-8.662884124656704e-19,0.0001716473282632689,CIDADE DUTRA
549528414,6502393162,0,35.254,0,2,31.858031583984687,0.031384251795030994,0.0004657661853749418,9.39852188174279e-20,9.649904791067101e-05,CIDADE DUTRA
549528414,549539805,0,169.50799999999998,0,4,31.262721327165416,0.0319818762564673,0.002539092950461161,-5.959599069264098e-18,0.00017073767547657728,CIDADE DUTRA
549528417,2557002296,0,39.017,0,4,30.0657202105599,0.03325516494943814,0.0009470470608287601,3.7434808863184646e-18,0.0001572425918540917,CIDADE DUTRA
549528417,549532611,0,164.905,0,4,30.28361780188228,0.033015886393325186,0.0018540597115938458,-2.836301134121854e-18,0.00016287108967306577,CIDADE DUTRA
549529911,7280407597,0,2.084,0,4,30.127133514117084,0.03318737524289579,0.031345749642158555,-3.5946435863115095e-19,0.0001609292475024052,CIDADE DUTRA
549529911,5021007020,0,130.436,0,4,30.79869197639177,0.03246373208616252,0.0012653694432862674,2.223412597445811e-18,0.00016588383965593037,CIDADE DUTRA
549530530,549532611,0,13.219,0,4,30.50901260169086,0.032771971285311695,0.03059030357908711,-1.5989738209808386e-18,0.00017462023166947484,CIDADE DUTRA
549530530,5021007005,0,80.091,0,2,30.759291753070666,0.03250531556293108,0.0004657661853749418,4.2467425537277533e-19,9.746626535449424e-05,CIDADE DUTRA
549530530,7280407597,0,37.486000000000004,0,4,29.9674589248684,0.03336420640243578,0.0307660644037569,-1.8769210282743354e-19,0.00017169018536796577,CIDADE DUTRA
549533195,5021006967,0,64.168,0,3,30.789759132237997,0.032473150589832196,0.0004657661853749418,-9.685537016056657e-19,0.00011713111025454123,CIDADE DUTRA
549534348,549535325,0,14.399,0,4,30.277715744137822,0.03302232220471943,0.01796286477558869,-1.140774528214663e-18,0.00015340667436972854,CIDADE DUTRA
549534348,549660617,0,51.017,0,4,30.796458765353325,0.0324660861998415,0.002156867403972477,-1.0489982596870968e-18,0.00015892261310824297,CIDADE DUTRA
549534348,2557002296,0,138.935,0,4,30.772691019301323,0.03249116186487243,0.015618410664298888,-6.208896597169122e-19,0.0001572026235479126,CIDADE DUTRA
549534351,2557002296,0,13.266,0,4,30.51363853884192,0.032767002979768936,0.016377654029137892,-6.58274720438049e-19,0.0001598572041239943,CIDADE DUTRA
549534351,5850130446,0,34.361000000000004,0,4,30.952464507895996,0.03230245154374591,0.0018811832956478257,2.3135322369339325e-18,0.00016210135074023406,CIDADE DUTRA
549534351,549534355,0,165.353,0,4,31.089966501834425,0.032159587076648385,0.014317997550414878,1.4980515935382126e-18,0.00016383982742346084,CIDADE DUTRA
549534355,8694435596,0,10.7,0,4,31.400382836178018,0.03184166543899131,0.046396517939375756,4.286551698983894e-18,0.00016348651362929612,CIDADE DUTRA
549535323,549660617,0,43.773,0,4,31.44185675546339,0.03179966414521914,0.002994769162568022,2.4097703991046793e-18,0.00016365003523740955,CIDADE DUTRA
549535323,927131497,0,8.543,0,4,32.043069070027116,0.031203018747697608,0.0009099419978429157,-8.698742148559924e-19,0.0001654360199836248,CIDADE DUTRA
549535323,549660791,0,65.327,0,4,31.624501515393206,0.03161600774763687,0.0016288254696095973,1.2913924653030843e-18,0.00017261463329481847,CIDADE DUTRA
549536061,5850130446,0,14.862,0,4,31.22635189025363,0.03201912565514564,0.00317747362475563,1.4102597545777116e-18,0.00016372997455690432,CIDADE DUTRA
549536061,549536063,0,170.73700000000002,0,4,31.53118519700112,0.031709575097764446,0.00018975659404164296,1.2670793143796294e-18,0.00016296394858911027,CIDADE DUTRA
549536063,549661236,0,35.677,0,4,31.37852927101611,0.031863841555166944,0.09210084201369394,-1.4663981754992882e-18,0.0001591039043142937,CIDADE DUTRA
549539805,549661236,0,16.753,0,4,31.41027277077684,0.03183163967477693,0.09271698134906416,-2.859420599673955e-18,0.0001603389427357477,CIDADE DUTRA
549539805,927135790,0,31.212999999999997,0,4,31.26415696283299,0.0319804076634608,0.09528482529862253,-3.2880129671147616e-18,0.00015953635731532335,CIDADE DUTRA
549660617,549660634,0,163.084,0,4,31.273568352209285,0.03197078355963153,0.0013006301025564413,-6.393187083408222e-19,0.00016124512863005837,CIDADE DUTRA
549660634,5850130446,0,11.946,0,4,31.638060296698036,0.03160245841715447,0.0027630252604108185,2.0373451482475666e-19,0.00016176928568596778,CIDADE DUTRA
549660634,549660789,0,50.168,0,4,31.885787206891052,0.031356932743681586,0.0010003177799107765,5.066071437310122e-20,0.0001622827166468623,CIDADE DUTRA
549660789,549660836,0,209.518,0,4,32.09379486361461,0.03115370086880455,0.00040273097603349265,-9.319018131895554e-21,0.00016509696938299759,CIDADE DUTRA
549660789,927131497,0,162.87099999999998,0,4,32.49832509172117,0.030765908153849175,0.00013485845991638776,-4.81057133116914e-20,0.00016412656796775302,CIDADE DUTRA
549660791,549661042,0,48.909,0,2,32.12458127293029,0.031123844897189022,0.0004657661853749418,-2.9201769145172694e-18,9.702213520580596e-05,CIDADE DUTRA
549660791,549661521,0,109.191,0,4,31.622268304354762,0.031618240516545604,0.001548539660809817,-2.951011671484864e-18,0.0001722878548851509,CIDADE DUTRA
549660836,927131497,0,50.738,0,4,32.363056308821186,0.030894501291378326,0.0005775153516773387,-1.150024120190819e-18,0.0001658453661124089,CIDADE DUTRA
549660836,549660939,0,50.65,0,4,32.09873983091402,0.03114890148936276,0.0005149141196807533,2.4797435318694256e-20,0.00017371565162024633,CIDADE DUTRA
549660937,549660939,0,100.846,0,2,32.37470090923592,0.030883389092270775,0.0004657661853749418,-5.856074357896293e-18,9.771380740244969e-05,CIDADE DUTRA
549660939,549661575,0,216.018,0,4,31.634710480140374,0.031605804818523785,0.0004164012623966985,8.699148555655044e-19,0.00017519895061664448,CIDADE DUTRA
549661191,927135790,0,16.749,0,5,31.21534535013559,0.03203041560843992,0.0958469344545572,-4.079267047800085e-18,0.0001826586434717083,CIDADE DUTRA
549661191,6502393163,0,93.378,0,3,31.701228266071144,0.031539487256899895,0.0004657661853749418,-4.372557251285239e-18,0.00011312698786619618,CIDADE DUTRA
549661191,2557002246,0,37.422,0,5,31.515712234806188,0.03172514323892049,0.050370556980628665,-4.664206626217352e-18,0.00017513404044930208,CIDADE DUTRA
549661191,8694573099,0,47.305,0,6,31.310097304195246,0.031933483796355265,0.0456083065867671,-8.450071926773764e-18,0.00020320481686014798,CIDADE DUTRA
549661233,5021006971,0,63.177,0,3,31.14962513957569,0.03209799413141332,0.0004657661853749418,6.869850003593369e-19,0.00012008714515753335,CIDADE DUTRA
549661236,5021006971,0,75.92699999999999,0,5,31.125059818152817,0.032123327337115565,0.000715845630352636,-3.2409609574061342e-18,0.00018994295707104475,CIDADE DUTRA
549661328,5021006972,0,64.857,0,2,31.46195565480938,0.031779349506933355,0.0004657661853749418,-1.7168853735656676e-18,9.114387361601924e-05,CIDADE DUTRA
549661431,549661454,0,60.203,0,6,30.524804594034137,0.03275501672240803,0.020362217021003746,-3.237491650706428e-18,0.00020932066367724398,CIDADE DUTRA
549661431,5262052767,0,204.522,0,3,31.044026160472164,0.03220717827505588,0.0004657661853749418,-2.8068809211646967e-18,0.00011497793066531628,CIDADE DUTRA
549661431,549661433,0,152.737,0,5,31.040676343914498,0.032210653976998266,0.00012813181107100075,-1.584015504427125e-18,0.00018221481113268344,CIDADE DUTRA
549661433,5262052760,0,62.025999999999996,0,4,30.5450630084543,0.032733292599497615,0.0016247026848333925,-1.3344506442452961e-18,0.00014857051394961227,CIDADE DUTRA
549661433,549661521,0,60.864999999999995,0,4,31.111979582070507,0.03213683276849483,0.001508179767737495,-2.4670088778507605e-18,0.0001587187820518742,CIDADE DUTRA
549661451,549661454,0,205.19100000000003,0,3,30.735364491944487,0.03253062071828939,0.0004657661853749418,2.8384317120532638e-18,0.00011273012997536462,CIDADE DUTRA
549661454,5262052760,0,117.55399999999999,0,5,30.73249322060935,0.03253365998484392,0.000127806328062353,-2.0734775993163804e-18,0.0001764588598507705,CIDADE DUTRA
549661521,549661575,0,18.116,0,4,31.870154729621948,0.031372313482887375,0.001315927803962886,-2.8271834994241853e-18,0.0001675629419855999,CIDADE DUTRA
549661575,3899143170,0,129.98899999999998,0,4,31.13447120752911,0.032113617034357674,0.0004387510956571779,2.03234620857568e-18,0.00016924164651836889,CIDADE DUTRA
549661629,3899143183,0,16.811,0,4,29.979422555431487,0.03335089203526639,0.0011900743739524195,1.2318246350558751e-18,0.00016449229667185025,CIDADE DUTRA
549661629,549661706,0,113.685,0,4,29.980698676024883,0.03334947246327461,0.0007256101206120686,-2.0675526069729185e-18,0.00017259005770945912,CIDADE DUTRA
549661629,5238656957,0,122.011,0,4,29.336417291434042,0.03408188787994128,0.0,1.2086264026661993e-18,0.00016138632811343794,CIDADE DUTRA
549661630,5238656959,0,90.177,0,4,28.634869995214547,0.03491688577922367,0.022453119868556942,2.165420508642168e-18,0.0001486732712109712,CIDADE DUTRA
549661630,7280296353,0,31.676,0,4,29.319668208645716,0.03410135741682761,0.002457722198299221,4.765815342910309e-18,0.00015342425457732568,CIDADE DUTRA
549661706,3899143170,0,149.92399999999998,0,4,30.583506141330357,0.03269214720854544,0.00020657321615511046,-3.9100261910330424e-18,0.00017440024217914,CIDADE DUTRA
549661706,549661708,0,205.66199999999998,0,2,30.78816398149625,0.032474833040603904,0.0004657661853749418,-6.084380477368746e-19,9.745581796702607e-05,CIDADE DUTRA
549661810,549662943,0,62.272000000000006,0,5,28.10862976551284,0.03557058786809146,0.007232557935161832,-2.8345240172670532e-18,0.00017913911886155846,CIDADE DUTRA
549661810,549662984,0,219.55,0,4,29.0969851650981,0.034362339577542776,0.0004626198496246801,6.636781188780078e-19,0.00015432098051324495,CIDADE DUTRA
549661810,8956046537,0,14.068,0,4,29.098101770617323,0.03436102096307341,0.006312851447059484,-2.2261433486037044e-18,0.0001623172105812601,CIDADE DUTRA
549661934,549661935,0,61.392,0,4,30.845270378050724,0.03241470970010705,0.00046956348714249896,5.379095402713069e-18,0.00014917121229663041,CIDADE DUTRA
549661934,876015482,0,240.475,0,4,30.91258573935237,0.032344123308099965,6.509660172955161e-07,6.045179422781412e-18,0.00015065553125608917,CIDADE DUTRA
549661934,2585568693,0,50.56999999999999,0,4,29.92646355080555,0.03340991103838302,5.09923380214821e-06,4.931659572370144e-18,0.00016277326939717843,CIDADE DUTRA
549661935,549664031,0,60.994,0,5,29.851970011166056,0.03349328317534279,0.0009259991596028718,2.3046753608666413e-18,0.00017337335350006125,CIDADE DUTRA
549661935,927128164,0,230.21699999999998,0,5,30.84080395597384,0.032419404058114935,8.679546897273549e-06,4.136438348085121e-18,0.00017221986940372798,CIDADE DUTRA
549662051,549662274,0,118.22200000000001,0,4,25.540277556229064,0.03914759668232237,0.09040702843669102,-3.289162091380613e-18,0.00015139005028043173,CIDADE DUTRA
549662051,549662111,0,142.225,0,5,25.414739192853723,0.03934096971598933,0.026582739787943482,1.5726747972798899e-18,0.0001759305688134604,CIDADE DUTRA
549662051,2513875978,0,104.758,0,4,25.647790716222683,0.038983493587750176,0.06382635004113563,-1.7738712453609132e-18,0.00015011776516129184,CIDADE DUTRA
549662108,549664366,0,142.067,0,4,25.737757218057105,0.03884722652618531,0.031092632355766817,6.101327206367262e-18,0.00014861969508377624,CIDADE DUTRA
549662108,2513875978,0,71.74199999999999,0,4,25.96219492742064,0.03851140043131786,0.00033654943094178183,4.979086745758202e-18,0.00014955222428001113,CIDADE DUTRA
549662108,549662111,0,90.46000000000001,0,5,25.215185835061412,0.0396523147386667,0.03122423598559673,5.029748962736206e-18,0.00017532952756979915,CIDADE DUTRA
549662111,2513875976,0,73.78299999999999,0,5,24.979263040357313,0.040026820779718385,0.003813792906661997,4.2294164896635575e-18,0.00017103551510874406,CIDADE DUTRA
549662111,2513876048,0,220.045,0,5,25.11708406444409,0.03980718790288266,0.0577040146484713,4.370152251843188e-17,0.00017084964868512324,CIDADE DUTRA
549662274,2513875928,0,17.257,0,4,25.55575051842399,0.03912389441292312,0.06945384276631915,6.363279704675767e-19,0.00015319416835946328,CIDADE DUTRA
549662274,2585568672,0,84.95400000000001,0,4,26.026639017387144,0.03841604304950325,0.020971304224519916,-2.5486785796919958e-18,0.00015382512844328244,CIDADE DUTRA
549662943,2585568663,0,20.673,0,5,27.26750677939065,0.03666783666783667,0.014778881490660103,7.055059806683605e-20,0.000174404510502091,CIDADE DUTRA
549662943,549663053,0,227.814,0,5,28.10862976551284,0.03557058786809146,0.0044098607898322584,3.8549475052737594e-18,0.00017706340222009643,CIDADE DUTRA
549662984,549663053,0,88.10300000000001,0,4,29.094592438985483,0.03436516552079564,2.2783810605343067e-06,5.838818872786721e-18,0.0001525170183986982,CIDADE DUTRA
549662984,5042158262,0,93.386,0,4,29.610942734088372,0.03376591194358701,4.122784776204936e-06,2.288281503162314e-18,0.0001556708386673523,CIDADE DUTRA
549663053,549663173,0,59.789,0,4,29.09554952943053,0.0343640350877193,0.0039489768495870325,7.875727669838824e-18,0.00015320960367362906,CIDADE DUTRA
549663171,549663321,0,58.959,0,4,31.073695964268623,0.03217642619904415,0.0011608893975103372,1.3770287529601716e-18,0.00015943429582695632,CIDADE DUTRA
549663171,876015292,0,55.945,0,4,30.599138618599458,0.032675445455777635,0.0016258961225317674,7.856674208994057e-19,0.00015627959143088693,CIDADE DUTRA
549663171,549663173,0,182.79299999999998,0,4,30.083266868719093,0.03323576821922457,1.8444037156706291e-06,1.1758277273399808e-18,0.00015714684130351371,CIDADE DUTRA
549663173,549663324,0,59.38,0,4,30.08805232094433,0.03323048212827772,0.003487007965979648,6.923838694346506e-18,0.00015776304838282075,CIDADE DUTRA
549663321,549663350,0,62.436,0,4,32.07018663263678,0.03117663443555768,1.518920707022871e-05,2.9612533575356222e-18,0.00016052776757687304,CIDADE DUTRA
549663321,549663546,0,120.706,0,4,32.07002711756261,0.031176789506931216,0.0006823208804619168,3.1541656879814835e-18,0.00016291567999631912,CIDADE DUTRA
549663324,549663387,0,58.678,0,4,31.084383474238315,0.03216536322023113,0.0025627447157562312,4.1037732205727026e-18,0.0001602759116208024,CIDADE DUTRA
549663324,549663350,0,110.523,0,4,31.08454298931249,0.032165198158763064,0.000464138770331703,5.082791433851574e-18,0.0001595398381159989,CIDADE DUTRA
549663349,549663385,0,59.18,0,4,33.073376934120276,0.030230976622599923,6.075682828091484e-06,-2.061844097253649e-18,0.0001620192150663776,CIDADE DUTRA
549663349,549663546,0,60.44,0,4,33.067315361301645,0.030236518265886473,1.193437698375113e-06,-4.580164454940463e-18,0.0001640813383472615,CIDADE DUTRA
549663349,549663549,0,90.12,0,4,33.073376934120276,0.030230976622599923,0.0004652237136938622,-7.598648628352682e-19,0.0001640951621140262,CIDADE DUTRA
549663350,549663385,0,58.896,0,4,32.076248205455414,0.031170742866236337,1.0740939285376016e-05,5.538148249014591e-19,0.00016034289192517074,CIDADE DUTRA
549663385,549663387,0,100.844,0,4,32.08151220290318,0.031165628309607743,0.000464138770331703,5.119280184896643e-18,0.00016107896542997426,CIDADE DUTRA
549663387,549663549,0,58.852,0,4,32.08151220290318,0.031165628309607743,0.0016382644768603823,2.6736650343030356e-18,0.0001631549124776228,CIDADE DUTRA
549663546,549663581,0,62.193,0,4,33.06795342159834,0.030235934839341446,0.00021818211013021382,-4.562002686058688e-18,0.00017065338865781025,CIDADE DUTRA
549663549,549663583,0,59.386,0,4,33.07943850693891,0.030225437010247137,0.000713133271947238,-3.630819545781326e-18,0.00017066721242457492,CIDADE DUTRA
549663581,549663583,0,213.84300000000002,0,3,34.06603924070825,0.029350065555347443,0.0,-6.660218117340446e-18,0.00013472941002520418,CIDADE DUTRA
549663581,549663583,1,136.49099999999999,0,3,34.06603924070825,0.029350065555347443,0.0002517068600209329,-6.2549336644515375e-18,0.00013472941002520418,CIDADE DUTRA
549663845,927128084,0,289.898,0,4,32.61110224916255,0.030659512128312114,0.0,1.8192066469887772e-19,0.00014368801952191034,CIDADE DUTRA
549663845,876015352,0,151.357,0,4,32.10543946402935,0.031142401462719047,0.00024693310922743245,3.040951977871879e-19,0.00014485547577142223,CIDADE DUTRA
549663845,876015351,0,139.99200000000002,0,5,32.609347583346626,0.030661161876063943,0.00021883307614750934,-4.1380969158655534e-18,0.0001718099210958045,CIDADE DUTRA
549664028,549664232,0,61.298,0,4,30.849896315201786,0.03240984911943247,7.920086543762113e-06,3.7859332655413506e-18,0.00014826576601302703,CIDADE DUTRA
549664028,876015317,0,98.175,0,4,31.83873026000957,0.03140327760437281,8.896535569705388e-06,8.619719885332878e-19,0.00014874220854702055,CIDADE DUTRA
549664028,876015330,0,87.30199999999999,0,4,30.85117243579518,0.0324085085261057,0.0004632708156419757,2.3516631616200353e-18,0.0001503996125223072,CIDADE DUTRA
549664031,2585568686,0,18.064,0,5,28.92821821662147,0.0345628091380803,0.0002325033625107152,6.021137646550486e-18,0.00017789396332939532,CIDADE DUTRA
549664031,876015398,0,115.00399999999999,0,6,28.85819109905886,0.034646679048377114,0.0016164571152809824,3.50192208167615e-18,0.00020341372991609677,CIDADE DUTRA
549664031,549664232,0,61.485,0,5,29.853405646833625,0.033491672499746196,6.509660172955161e-06,1.159887334795999e-18,0.0001746753996957842,CIDADE DUTRA
549664232,876015341,0,100.739,0,4,29.855798372946243,0.03348898838464251,0.00046305382696954384,1.5651828224442486e-18,0.00014635582883546172,CIDADE DUTRA
549664366,6291439780,0,160.915,0,4,26.147710958685597,0.03823816495851635,0.09461628319886004,8.337383829643685e-18,0.00014492325256307569,CIDADE DUTRA
549664366,2513875978,0,144.39600000000002,0,4,26.15249641091083,0.03823116803903629,0.06352397632610186,1.0218605620938313e-17,0.0001504335750057079,CIDADE DUTRA
549807889,549838973,0,15.472,0,4,31.0081352687829,0.032244457019394004,0.03963167908764075,8.791309044729338e-19,0.00014731524943892253,CIDADE DUTRA
549807889,549828415,0,156.997,0,4,31.93140851810496,0.031312132202339915,0.007817884879046718,-1.9905490575069723e-18,0.00015376738520232812,CIDADE DUTRA
549807889,549837585,0,46.44499999999999,0,4,31.198915297495613,0.0320472835479022,0.03898646327016468,1.1870616110090333e-18,0.00014880258552738354,CIDADE DUTRA
549807896,549838973,0,64.815,0,5,30.751794544584463,0.03251324027533548,0.0376964656125574,1.4878222431724792e-18,0.00017692592753045078,CIDADE DUTRA
549811836,549815329,0,84.27400000000002,0,3,34.91322379964907,0.028637873450571342,0.0004657661853749418,4.941311930947742e-18,0.00011216423582672309,CIDADE DUTRA
549811950,549819578,0,127.13799999999999,0,4,37.903014834901896,0.026378917067176176,3.2548300864775805e-07,-9.86104860135587e-19,0.00014482754656857045,CIDADE DUTRA
549811950,5249730930,0,193.117,0,5,36.90445047056947,0.02709268048099449,0.00046544070236629405,5.71905946505045e-18,0.00017124804323053751,CIDADE DUTRA
549811950,5249730941,0,229.28199999999998,0,4,37.9023767746052,0.02637936113799924,0.0,4.578953882329606e-18,0.00014742098357422255,CIDADE DUTRA
549815329,8943361555,0,67.206,0,5,34.9111501036848,0.028639574518637655,0.0037183178907919884,8.704334210416918e-18,0.00017158837351957302,CIDADE DUTRA
549815329,549825172,0,78.552,0,6,33.91641410113256,0.02947954586072937,0.004644642533403508,1.0242966812832265e-17,0.00020895890404952025,CIDADE DUTRA
549815329,5249730922,0,99.76400000000001,0,5,34.912107194129845,0.028638789385188976,1.518920707022871e-06,8.862136276474078e-18,0.00017521447172525115,CIDADE DUTRA
549819573,549823328,0,78.534,0,4,35.90795980220131,0.027844536153917916,0.0004652237136938622,4.109047825602445e-18,0.000147694512860574,CIDADE DUTRA
549819573,5249730933,0,116.806,0,4,36.90524804594034,0.027092094969290152,1.193437698375113e-06,1.3531139304166378e-17,0.0001488093035006047,CIDADE DUTRA
549819573,8446666464,0,211.679,0,4,36.90540756101451,0.02709197786998617,0.0,5.927701990744309e-18,0.000151183032222045,CIDADE DUTRA
549819578,5249730941,0,88.477,0,4,37.9023767746052,0.02637936113799924,0.00046554919670250996,3.61387256446367e-18,0.00014742098357422255,CIDADE DUTRA
549819578,5249730930,0,82.814,0,5,36.90445047056947,0.02709268048099449,0.0009305559217239403,1.0292622705497883e-17,0.00017124804323053751,CIDADE DUTRA
549823328,5249730922,0,82.746,0,4,34.911469133833144,0.028639312802704927,0.0009295794726979971,7.329092818070428e-18,0.00014427490930640874,CIDADE DUTRA
549823328,8446666463,0,124.088,0,5,35.90716222683044,0.02784515464100719,5.424716810795968e-07,1.4415405936532582e-17,0.0001714343871838431,CIDADE DUTRA
549825172,549828415,0,244.78699999999998,0,5,32.922156643802836,0.03036983560170358,0.006963708970018784,-1.1906440823281361e-18,0.0001848906642230705,CIDADE DUTRA
549825172,5249730922,0,169.47900000000004,0,5,33.91689264635508,0.02947912992357437,0.0013933927600210524,3.936604788920459e-18,0.00017810995841251355,CIDADE DUTRA
549825172,3899119719,0,69.478,0,3,33.91848779709682,0.029477743551155736,0.0004657661853749418,1.1970276616999194e-18,0.00011518206518623406,CIDADE DUTRA
549828415,5049903092,0,159.254,0,4,32.92343276439624,0.03036865845918303,0.0004298545600874725,-3.095467871553504e-18,0.0001676050910821133,CIDADE DUTRA
549830164,549838958,0,30.098,0,5,30.469293348221406,0.03281469227064268,0.002948984552684904,-1.961260288492959e-18,0.00016889995610861185,CIDADE DUTRA
549830164,549838933,0,105.541,0,4,29.869197639176903,0.0334739652870494,0.008781748561988944,-3.838552267391463e-18,0.00014142372474037454,CIDADE DUTRA
549830164,7280270054,0,42.628,0,4,30.347902376774606,0.03294595034980105,0.011523183449492795,-8.747822211595132e-19,0.00013986628072301812,CIDADE DUTRA
549830190,5249730951,0,54.723,0,4,34.10336576806508,0.02931794156992245,0.0008567797730971152,4.935834129374788e-18,0.00017414086898519474,CIDADE DUTRA
549830190,549844453,0,139.07,0,4,33.345828680810335,0.02998397474228037,0.0012920590499953836,5.867500379557218e-18,0.00016216776384029243,CIDADE DUTRA
549830190,946765840,0,148.033,0,4,34.10240867762003,0.02931876438340786,2.5930146355604726e-05,4.071603299922834e-18,0.0001657637377528996,CIDADE DUTRA
549831111,5049903092,0,44.714,0,4,33.774126654968896,0.029603740613044917,0.0008425670150528298,-1.9775489270091622e-18,0.00017522259695425217,CIDADE DUTRA
549831111,5249730951,0,145.799,0,4,34.599138618599454,0.028897843265622263,7.865839375654154e-05,1.3534000627358289e-18,0.00017685147419007678,CIDADE DUTRA
549831111,946765840,0,56.56,0,4,33.95007178178338,0.029450320204103687,0.0010608576195192596,3.522387708056077e-18,0.0001684743429577816,CIDADE DUTRA
549833755,7975817997,0,10.232,0,4,33.28377731695645,0.030039874242772793,0.0020549912222657288,4.648564951478424e-18,0.00015534706220153525,CIDADE DUTRA
549833755,946765840,0,111.37800000000001,0,4,33.5112458127293,0.029835968812178103,0.0015477802004563055,7.700437564757176e-18,0.0001611653238126639,CIDADE DUTRA
549833755,5249730960,0,60.516,0,4,32.523049928218214,0.0307425191405043,5.6634043504709906e-05,5.512263597586319e-18,0.00015372772318094987,CIDADE DUTRA
549834953,5249730960,0,111.008,0,5,31.606476312011484,0.031634038386805355,0.0008232550232063961,-1.4385365245094157e-18,0.00017688245916235972,CIDADE DUTRA
549834953,549837575,0,49.82699999999999,0,6,30.680172276280107,0.03258914180540102,0.003135811799648717,-4.516422049557624e-18,0.0001990630479527819,CIDADE DUTRA
549834953,549843113,0,61.513000000000005,0,5,31.532301802520337,0.03170845221473522,0.0441587137605862,-4.245920886077167e-18,0.00017598296063687895,CIDADE DUTRA
549834953,5249730957,0,60.616,0,5,31.60775243260488,0.03163276120495183,0.04182283070185746,-2.4161237633194412e-18,0.0001757072442534865,CIDADE DUTRA
549834965,549837585,0,61.638,0,4,31.438506938905725,0.031803052443578506,0.03907705604090497,4.068434049975921e-18,0.00014893063775789098,CIDADE DUTRA
549834965,7975817997,0,123.288,0,4,32.433083426383796,0.030827796166690437,0.00018802068466218825,5.225289314194153e-18,0.00015275426544072225,CIDADE DUTRA
549834965,5249730957,0,82.219,0,4,32.36528951985963,0.030892369565003106,0.03910743445504543,3.242742878765042e-18,0.00015002259609733039,CIDADE DUTRA
549837558,549837575,0,180.433,0,5,29.924549369915457,0.033412048167081564,0.00021948404216480487,-2.1320088009209725e-18,0.00017091029434273213,CIDADE DUTRA
549837558,549840448,0,47.735,0,4,29.430690700271175,0.03397271559503742,0.0009107014581964271,1.3413981957985495e-18,0.00014465023236400715,CIDADE DUTRA
549837558,549844432,0,85.187,0,4,30.089647471686074,0.03322872047160609,0.000665938235693313,-3.0414404419635187e-18,0.0001483381997365505,CIDADE DUTRA
549837575,549838958,0,50.401,0,6,30.43260488116127,0.03285425249761508,0.0030386008743992533,6.718266066117356e-19,0.00019619563217174011,CIDADE DUTRA
549837575,549837585,0,182.76600000000002,0,5,30.67777955016749,0.03259168360900379,0.00011240013231969246,-2.4358601025951954e-18,0.00017173846554563468,CIDADE DUTRA
549838933,549840448,0,75.372,0,4,29.26495453820386,0.03416511321145523,0.011058393713143797,-6.985688470800012e-18,0.0001432819832081962,CIDADE DUTRA
549838933,549838958,0,107.146,0,5,29.809219971287288,0.03354131660905209,0.002063887757835434,-2.9553220042140657e-18,0.00016953046259288694,CIDADE DUTRA
549838958,549838973,0,212.764,0,5,30.260966661349496,0.033040599664744395,0.001948124301093048,3.473869307450087e-18,0.00017023757697365552,CIDADE DUTRA
549843106,549843113,0,109.59899999999999,0,4,31.68798851491466,0.03155266496184282,0.00012715536204505748,-5.354388319070337e-18,0.00015221607573661985,CIDADE DUTRA
549843106,549844453,0,103.128,0,4,32.59211995533578,0.03067736883320282,0.0013434853653617293,-9.242778153114526e-19,0.00015690537540855257,CIDADE DUTRA
549843106,549845790,0,137.475,0,4,31.833625777635987,0.031408313080951065,0.0016797093132948635,-5.422175266129264e-18,0.0001559258451546073,CIDADE DUTRA
549843113,549844432,0,78.266,0,4,31.00781623863455,0.032244788772969525,0.04424040999575679,-1.3122412005408136e-18,0.00015043938356879902,CIDADE DUTRA
549844432,549845790,0,6.7379999999999995,0,4,30.9267825809539,0.03232927584072622,0.04454690649556676,-2.7171512287566576e-18,0.0001541491529867865,CIDADE DUTRA
549844453,5249730960,0,77.031,0,4,32.44440899665018,0.03081703491745086,0.00041520782469832337,3.146573138253291e-18,0.00015450035216033693,CIDADE DUTRA
549845790,2572903198,0,72.842,0,4,31.06045621311214,0.03219014164073172,0.046131249287327834,-2.212930060670019e-18,0.00015742315868077017,CIDADE DUTRA
549850583,549850588,0,119.607,0,4,29.27739671398947,0.03415059387599433,0.000188346167670836,-2.160812321822298e-19,0.0001520283989672905,CIDADE DUTRA
549850583,5249735484,0,125.87000000000002,0,4,29.383314723241348,0.034027491259690346,0.0024266928181414685,-2.5541985749446712e-18,0.0001555581269944317,CIDADE DUTRA
549850588,2572903196,0,51.485,0,4,29.71303238156006,0.03364989719279974,0.03466318096063272,-1.9837571545468666e-19,0.00015352490780601972,CIDADE DUTRA
549858987,7984934745,0,5.227,0,4,42.69484766310416,0.023418293767326473,0.0032421362491403182,2.0562129443144555e-18,0.00016445434814390817,CIDADE DUTRA
549858987,8710537188,0,154.707,0,4,43.19046099856436,0.023149567330597833,0.0026901170664737203,-7.758394730390508e-19,0.00016344554129391962,CIDADE DUTRA
549858987,549896313,0,63.897,0,4,43.68814802998883,0.022885851884577608,0.0007289734450347621,1.4876634315246947e-18,0.00016258687969549133,CIDADE DUTRA
549859010,550015346,0,174.052,0,4,36.68112936672516,0.027257625438131105,0.001074853388891113,-5.441942403020902e-18,0.00015381588428521777,CIDADE DUTRA
549859010,550765450,0,137.94400000000002,0,4,36.00350933163184,0.027770639681709834,0.03156360626928013,-1.40396542919447e-18,0.0001527148670446036,CIDADE DUTRA
549859010,550018549,0,55.53,0,5,36.35906843196682,0.02749906771667361,0.03128369088184305,2.4786821914171438e-18,0.00018307904996578273,CIDADE DUTRA
549859035,2572903280,0,67.57400000000001,0,4,32.90094113893763,0.03038941897447832,0.04556631927865154,3.1083627902193025e-18,0.0001523122791386419,CIDADE DUTRA
549859035,2572903285,0,37.53,0,4,32.340245653214225,0.03091629221519081,0.0014986322661504942,-1.1942857521992925e-20,0.00015471142160495923,CIDADE DUTRA
549859035,559179216,0,52.089,0,5,32.97527516350295,0.030320914077843673,0.047067012937190136,-9.837746535945226e-19,0.00018704639703226843,CIDADE DUTRA
549859062,7279626977,0,17.236,0,4,33.16780985803158,0.03014490523207441,0.09896571264342002,5.207361535637288e-18,0.00016195918563426847,CIDADE DUTRA
549859062,559179982,0,27.373,0,4,33.50757696602329,0.029839235643319258,0.000711614351240215,6.680100348596232e-18,0.00015768449842613736,CIDADE DUTRA
549859062,2572903254,0,72.443,0,4,33.50773648109747,0.02983909359230696,0.09824574422829119,2.9769163324113694e-18,0.00015644918620397235,CIDADE DUTRA
549859100,2513875732,0,35.514,0,4,27.000478545222524,0.037030472747037205,0.00030964283556023385,6.4305560845606345e-18,0.00014259524879690877,CIDADE DUTRA
549877694,549877710,2,406.33399999999995,0,4,43.695485723400864,0.022882008710349837,0.0,6.970720156495052e-19,0.00016592409189573074,CIDADE DUTRA
549877694,549877710,3,170.488,0,4,43.695485723400864,0.022882008710349837,0.0003149590580348139,2.694170809316756e-18,0.00016592409189573074,CIDADE DUTRA
549877694,549893255,0,106.191,0,4,42.702025841442016,0.023414357169806388,0.0001529770140644463,1.7531488594635784e-18,0.00017407841116544767,CIDADE DUTRA
549877710,549893223,0,95.925,0,5,43.693412027436594,0.022883094693955035,0.0010612915968641232,8.624368634641535e-19,0.0002069441358906892,CIDADE DUTRA
549877710,549891275,0,159.52200000000002,0,5,44.68910512043388,0.022373249189737147,0.0002842551608857087,3.2736166643021414e-18,0.0002080856154938674,CIDADE DUTRA
549884203,549893255,0,101.783,0,4,41.706013718296376,0.023973532730297755,0.001081688532072716,3.643451897036061e-18,0.00017312442808951932,CIDADE DUTRA
549884203,7984934745,0,174.22399999999993,0,4,41.703461477109585,0.023974999904375398,0.0024992755290699185,-1.1025007572730277e-18,0.00016639943832107165,CIDADE DUTRA
549884203,549886492,0,286.05400000000003,0,4,40.71239432126336,0.024558626472224617,0.002545168633289252,5.562001498977833e-19,0.0001636604243747878,CIDADE DUTRA
549886492,2585824353,0,22.872,0,4,39.73951188387303,0.025159858224921425,0.018307334293074233,-1.0971113137179894e-18,0.0001583389579365765,CIDADE DUTRA
549886492,5262803993,0,41.586,0,4,40.174509491146914,0.024887434783644493,0.016040236643506383,-2.687823928663961e-18,0.0001587299581641255,CIDADE DUTRA
549891275,5254820651,0,127.03099999999999,0,2,45.686871909395435,0.0218846343192126,0.0004657661853749418,3.0420158555501046e-18,9.582138377843856e-05,CIDADE DUTRA
549891275,5254820630,0,193.98399999999998,0,4,45.682884032541075,0.021886544733331938,0.0006483621532263341,4.977254497294945e-18,0.00017356583291260196,CIDADE DUTRA
549892267,5254820630,0,3.926,0,4,46.17817833785293,0.02165179573803676,0.001253977537983596,3.3104265894656616e-18,0.00017605251778826742,CIDADE DUTRA
549892267,5254817215,0,84.39500000000001,0,4,45.66485882915936,0.021895183967751062,0.001618518507669085,2.155925708105699e-18,0.0001744349773029833,CIDADE DUTRA
549892267,5254826434,0,58.535,0,2,46.66246610304674,0.02142708194457264,0.0004657661853749418,5.2482705042977394e-18,9.830806865410402e-05,CIDADE DUTRA
549893223,7984934745,0,98.566,0,4,42.697399904290954,0.02341689393656368,0.001990003114872393,2.9388369471244082e-18,0.00017023213181121578,CIDADE DUTRA
549893223,5254820652,0,85.81299999999999,0,2,43.695326208326684,0.022882092243890685,0.0004657661853749418,2.6446268290370613e-18,9.47049495879869e-05,CIDADE DUTRA
549893255,5254820655,0,103.363,0,2,42.70394002233211,0.023413307633978434,0.0004657661853749418,-3.588579781459715e-19,9.70642510837367e-05,CIDADE DUTRA
549895781,8710537188,0,8.349,0,4,43.15201786568831,0.02317019074375277,0.003123985917001182,2.760091772293328e-18,0.0001664247716778234,CIDADE DUTRA
549895781,5254826424,0,8.628,0,4,43.17131918966342,0.023159831658913468,0.003623385346603059,-4.415331539650627e-19,0.0001664317648774808,CIDADE DUTRA
549895781,549986602,0,41.111999999999995,0,4,42.1946083904929,0.02369592995561739,0.00719035363837384,-1.5420296935611253e-18,0.0001780006553480198,CIDADE DUTRA
549895884,549896313,0,48.260000000000005,0,4,44.684319668208644,0.022375645245353876,0.0005765389026513955,7.365386943687873e-18,0.00016430485342254858,CIDADE DUTRA
549895884,5254820630,0,59.19199999999999,0,4,45.680331791354284,0.021887767573419002,0.0004238873715955969,3.631085663381946e-18,0.0001683895887818999,CIDADE DUTRA
549895884,5254817215,0,75.041,0,4,45.18232572978147,0.022129017680619104,0.00033329460085530424,3.997616896660007e-18,0.00016677204829661577,CIDADE DUTRA
549896313,5254826421,0,118.482,0,4,44.186154091561654,0.022627913777107107,0.0003324266461655769,3.3010183698639467e-18,0.00016287193437613718,CIDADE DUTRA
549986562,549986602,0,183.62900000000002,0,2,42.211836018503746,0.023686259097745497,0.0004657661853749418,9.883088604408098e-19,0.00010090633813549691,CIDADE DUTRA
549986602,2572903355,0,63.80200000000001,0,4,41.21678098580316,0.024258092481074973,0.008112555496209154,1.3080646193774626e-18,0.00018492704008931483,CIDADE DUTRA
549987932,2572903355,0,20.49,0,4,40.22603286010528,0.024855557802654485,0.009033889399354742,2.032808839341042e-18,0.000167780912501472,CIDADE DUTRA
549987932,549993585,0,52.257,0,4,40.036528951985964,0.02497320599707557,0.008093460493035153,-9.963571754208905e-19,0.00014828707574251554,CIDADE DUTRA
549987932,554994603,0,142.739,0,5,39.234965704259054,0.025483404075393148,0.001400770374883735,-3.8877861900207464e-18,0.00017577112522729804,CIDADE DUTRA
549990480,549995923,0,61.534,0,5,38.015313447120754,0.026300992791144603,0.02161489262695275,2.934819740937694e-18,0.00016541852846444594,CIDADE DUTRA
549990480,555018556,0,62.455,0,5,38.49816557664699,0.02597112018065425,0.006199908843058712,-1.33589603551174e-18,0.00017090359766924087,CIDADE DUTRA
549990480,555015770,0,283.866,0,6,37.99042909554953,0.02631822037100797,0.00023152691348477192,2.426693315101856e-18,0.00019272163952335284,CIDADE DUTRA
549990480,563886894,0,66.197,0,6,38.00606157281863,0.026307395282464535,0.015537039912136948,2.4117012140189007e-18,0.00019845654388302332,CIDADE DUTRA
549993585,2572903354,0,12.555,0,4,39.92486840006381,0.025043050233929578,0.008553584972926867,-1.9623271864220582e-18,0.00014028033063366666,CIDADE DUTRA
549993585,549993616,0,565.007,0,5,40.019301323975114,0.024983956537163038,0.0,1.5076694131134907e-18,0.00017144034398809736,CIDADE DUTRA
549993616,550008256,0,58.519,0,5,40.244536608709524,0.024844129642915182,0.007218887648798626,-3.0026915313619517e-19,0.00017924251043883126,CIDADE DUTRA
549993616,2572903354,0,57.263999999999996,0,5,39.735683522092835,0.025162282268780384,0.008750285204486329,-2.1502456516079034e-18,0.00016769549219780857,CIDADE DUTRA
549993616,554994598,0,85.65,0,6,39.25027915137981,0.02547346175729497,0.0023031177691915363,3.2130255485363967e-18,0.00019501893729434073,CIDADE DUTRA
549995923,555015778,0,283.17100000000005,0,5,37.637581751475516,0.026564950201313837,0.015833337944342624,3.9713978654034874e-18,0.00016325199746404213,CIDADE DUTRA
549995923,555023160,0,60.385000000000005,0,4,37.23384909873983,0.02685299825635445,0.006002123668137091,-3.377784437087119e-19,0.00014153176921117343,CIDADE DUTRA
550000008,550001948,0,306.2120000000001,0,4,35.336257776359865,0.028295030312879475,0.0,1.9870658767643204e-19,0.00014961234217152083,CIDADE DUTRA
550000008,7279477431,0,73.34,0,5,34.97176583187111,0.028589934226730767,0.016772898895972485,7.7068231577078e-18,0.00018104083085640658,CIDADE DUTRA
550000008,563885951,0,26.105,0,4,35.80443451906205,0.02792504611107646,0.01669858027566458,2.9793202636882098e-18,0.00015062366949171162,CIDADE DUTRA
550001889,555467939,0,79.36,0,4,33.673791673313126,0.029691948403844606,0.012016941173611444,5.189887269326945e-18,0.0001504398021759932,CIDADE DUTRA
550001889,555469568,0,211.00600000000003,0,4,33.46211516988355,0.02987977537731082,0.004611443266521437,4.204314010219523e-18,0.00014858221803911077,CIDADE DUTRA
550001889,7279477431,0,202.76900000000003,0,5,34.21997128728665,0.029218039855494697,0.016415410058141032,8.066079663921992e-18,0.00018076748431626884,CIDADE DUTRA
550001948,555015785,0,107.845,0,5,35.33673632158239,0.028294647129456587,0.010051349284387633,1.534690933685343e-18,0.00018140474745664907,CIDADE DUTRA
550001948,554999927,0,178.229,0,4,35.83378529271016,0.027902173235637148,0.010022815273962846,5.4923288477490296e-18,0.0001504983627179122,CIDADE DUTRA
550008256,550008273,0,420.79100000000005,0,3,40.23847503589089,0.024847872192820756,0.0,5.84929066030114e-18,0.00012255826552386016,CIDADE DUTRA
550008256,550008273,1,59.07599999999999,0,3,40.23847503589089,0.024847872192820756,0.007366331451716061,5.6759177829776216e-18,0.00012255826552386016,CIDADE DUTRA
550008273,5262830610,0,12.093,0,4,39.58047535492104,0.025260951920364327,0.007825587976918047,1.1912373730500594e-17,0.00015573801267624037,CIDADE DUTRA
550012091,550013092,0,24.649,0,4,37.36417291434041,0.02675933673730767,0.031255699343099345,-3.318863130880465e-18,0.0001555694901608928,CIDADE DUTRA
550012091,5460648948,0,15.031,0,4,38.20944329239113,0.026167365938171875,0.031101962868681388,-6.155578003524635e-18,0.00015715862987449866,CIDADE DUTRA
550012091,5460647319,0,388.834,0,4,37.896474716860745,0.0263834695020057,0.0,-3.741162599963059e-18,0.00015599911379252847,CIDADE DUTRA
550013092,550015047,0,39.051,0,4,37.23368958366566,0.02685311329888869,0.029061401393132374,2.1539231498625024e-18,0.00015481208189534854,CIDADE DUTRA
550013092,559174657,0,103.831,0,5,36.652735683522096,0.027278741034746885,0.003044568062891129,-3.6378185247460746e-18,0.00018864140991102136,CIDADE DUTRA
550015047,550015339,0,163.94799999999998,0,5,37.608869038124105,0.026585231369555075,0.0018755415901645978,4.741451391096966e-18,0.00019105790865743416,CIDADE DUTRA
550015047,550018602,0,59.717,0,4,37.27005902057744,0.026826909084683666,0.02849527794675771,2.3706027423255984e-18,0.00015564086100437023,CIDADE DUTRA
550015339,5042144530,0,22.08,0,3,38.15776040835859,0.026202808399279298,0.0004657661853749418,4.157370098500131e-18,0.00012230748705005328,CIDADE DUTRA
550015339,5042144533,0,13.864,0,3,38.15776040835859,0.026202808399279298,0.0004657661853749418,-8.308366182861434e-19,0.00012230748705005328,CIDADE DUTRA
550015339,550015375,0,183.703,0,6,37.48221406922954,0.026675064687457443,0.0004854036602300232,3.716792930969518e-18,0.00022108706998582716,CIDADE DUTRA
550015346,5042144534,0,89.05,0,4,37.38092199712873,0.026747346815111313,0.0005661234463746672,-3.724305784095621e-18,0.00016401794908787087,CIDADE DUTRA
550015346,550015375,0,60.091,0,5,37.008932844153776,0.02701619333732743,0.0002903308437138002,3.0077820102758934e-18,0.00018642211656637092,CIDADE DUTRA
550015375,7975873303,0,419.591,0,3,37.52289041314404,0.02664614782915517,0.0004657661853749418,1.5036995293573325e-19,0.00011716697989921083,CIDADE DUTRA
550015375,576433394,0,90.24,0,6,36.84335619716063,0.02713760601980335,0.0007768194473059826,3.073453222197816e-18,0.0002143685932063946,CIDADE DUTRA
550018544,550018549,0,124.181,0,3,36.556388578720686,0.02735063620337563,0.0004657661853749418,-9.803295934938776e-19,0.00011585906213878509,CIDADE DUTRA
550018549,550018552,0,113.781,0,6,35.74286170043069,0.02797315148702203,0.003453591710425145,-6.700210283315093e-19,0.00020937039631141677,CIDADE DUTRA
550018549,550018602,0,58.632000000000005,0,5,36.5294305311852,0.027370820469600834,0.02857133247644507,2.012190186370745e-18,0.00018534754740557097,CIDADE DUTRA
550018552,550018555,0,87.165,0,5,35.5763279629925,0.02810409455315028,0.006506296848532468,2.528977639846678e-18,0.00017549603013224308,CIDADE DUTRA
550018552,2573370275,0,281.94100000000003,0,5,35.204338810017546,0.028401058469569,2.7883044407491275e-05,-2.4456928840049095e-18,0.0001784190051521294,CIDADE DUTRA
550018552,559174657,0,79.4,0,6,35.85149146594353,0.027888393035910532,0.004339664954300559,-3.326239563797717e-18,0.00021381886713917522,CIDADE DUTRA
550018555,559170940,0,37.748,0,4,34.84798213431169,0.028691488679953494,0.006615442150765683,1.789946501636459e-18,0.0001448135576172675,CIDADE DUTRA
550018555,5254790108,0,192.107,0,4,35.16238634550965,0.028434943951223274,2.3109293613990822e-05,1.8047630601991745e-18,0.00014563911615732657,CIDADE DUTRA
550018602,5042144534,0,154.748,0,4,37.30594991226671,0.02680109975157245,0.0006056153847572619,-2.5767660716791314e-19,0.0001641269138617355,CIDADE DUTRA
550757005,576433394,0,177.93099999999998,0,3,37.137342478864255,0.026922779557930366,0.0004657661853749418,2.0832544049739885e-18,0.00011558901027062069,CIDADE DUTRA
550765450,550777396,0,186.193,0,4,36.051682884032545,0.027733531556405084,0.0017049884936331727,1.0646761740851625e-19,0.00015149810904562574,CIDADE DUTRA
550765450,559175620,0,30.746999999999996,0,4,35.674748763758174,0.028026559949920635,0.032818017784608584,-5.264742588102553e-18,0.0001535787475729771,CIDADE DUTRA
550777391,550777396,0,89.384,0,4,36.20481735524007,0.027616227838285573,0.00015210905937471894,4.099529841533435e-18,0.0001488726260067266,CIDADE DUTRA
550777391,550781105,0,30.692,0,4,35.50167490827883,0.028163191948238676,0.0003138741146726547,3.687830374099993e-18,0.0001473862443685525,CIDADE DUTRA
550777391,576433394,0,167.808,0,5,36.348380921997126,0.027507153264170484,2.1698867243183873e-06,3.388013276648706e-19,0.00018077633972990944,CIDADE DUTRA
550777396,576433394,0,78.467,0,5,36.62370394002233,0.027300364992116518,0.001089717112952694,5.170912838718943e-18,0.00018152964285763726,CIDADE DUTRA
550780096,7986873437,0,9.065,0,4,36.21678098580316,0.02760710526199883,0.0019595162063957196,-2.417127179103929e-18,0.00014611979102595302,CIDADE DUTRA
550780096,559175620,0,66.33,0,4,35.48364970489711,0.0281774984603074,0.05075950917596274,-7.698994837869202e-18,0.0001504286177874124,CIDADE DUTRA
550780096,5042144508,0,6.961,0,5,35.86489073217419,0.027877973821034793,0.0489355023955007,-4.890900676305e-18,0.000175977451546031,CIDADE DUTRA
550781105,5042144508,0,200.498,0,5,35.51395756899027,0.028153451582621038,0.00017901565475626695,5.71968497318333e-19,0.00017573319147004164,CIDADE DUTRA
550781105,2572903315,0,299.233,0,4,34.69692135906843,0.028816403466427602,0.0005980207812221475,1.0004759039092443e-18,0.00014808904173800654,CIDADE DUTRA
550783600,7279626977,0,4.138,0,4,32.290476950071785,0.030963942913317756,0.09944927189993438,4.5724301166230804e-18,0.00016484358298022277,CIDADE DUTRA
550783600,2572903222,0,6.323,0,4,31.714468017227627,0.03152632055447696,0.05508539534956387,1.2237625887351778e-18,0.00016706626461092134,CIDADE DUTRA
550783600,2572903213,0,81.013,0,4,31.504227149465624,0.031736708860759494,0.045004101628380644,6.1304245873282925e-18,0.00016290838001174347,CIDADE DUTRA
550783933,5049904934,0,106.189,0,2,33.9586855957888,0.029442849962656246,0.0004657661853749418,2.146247870560138e-18,9.597582285619945e-05,CIDADE DUTRA
550822272,550828628,0,39.094,0,4,42.17068112936673,0.023709374810869696,0.0028675053061867485,-3.997995531621045e-19,0.00016727911851777025,CIDADE DUTRA
550822272,550822330,0,34.701,0,4,41.2033817195725,0.02426598116947473,0.0013389286032406608,-4.902663009335394e-19,0.00016206059472803372,CIDADE DUTRA
550822272,5043703284,0,16.672,0,4,42.186632636784175,0.023700409879456114,0.0013297065846623077,-2.042220257511457e-18,0.00016782814722823058,CIDADE DUTRA
550822330,5043703288,0,8.844,0,4,41.21566438028394,0.02425874967586626,0.0014616356975008656,4.433892435539549e-18,0.000163316225318528,CIDADE DUTRA
550828628,5043703312,0,35.288,0,4,43.12809060456213,0.023183045456226653,0.0030266664974155024,-6.652910499509105e-18,0.00017006055158009755,CIDADE DUTRA
550828628,5043703308,0,141.236,0,4,43.15026319987239,0.02317113293827562,4.166182510691303e-05,-2.53933743604223e-18,0.00017547947178208454,CIDADE DUTRA
550831534,550833189,0,68.91799999999999,0,4,40.88052320944329,0.024457624473232402,0.005508365944018442,7.765282013460019e-19,0.0001612215934678369,CIDADE DUTRA
550831534,550833177,0,304.868,0,4,40.934279789440104,0.024425505714742203,0.0001322545958472057,5.490064454666483e-19,0.00016126306476813094,CIDADE DUTRA
550833177,550833189,0,294.86500000000007,0,4,40.94767905567076,0.024417512982029675,1.0849433621591936e-07,5.094935476728468e-18,0.00015999587020366937,CIDADE DUTRA
550833177,550836077,0,73.55199999999999,0,4,40.21008135268783,0.02486541810637226,0.0003768008296778879,8.170608165948072e-18,0.00015930891796503733,CIDADE DUTRA
550833189,550836108,0,103.771,0,4,39.99138618599458,0.025001396057533525,0.005738373936796191,5.347361650144912e-18,0.00015896261905487007,CIDADE DUTRA
550836077,550838189,0,130.904,0,4,40.23687988514914,0.024848857261789134,9.091825374894042e-05,5.593580100704974e-18,0.0001583919490896113,CIDADE DUTRA
550836077,550838153,0,136.475,0,4,39.26527356835221,0.025463734085166195,0.0007080340381450897,9.144114869743509e-18,0.0001574825433743399,CIDADE DUTRA
550836108,550838189,0,105.659,0,4,39.98628170362099,0.025004587631744814,0.0003110532619310408,9.021689561419886e-19,0.00015808712147973803,CIDADE DUTRA
550838153,550838189,0,122.32900000000001,0,4,39.273249322060934,0.025458562817825867,0.00046153490626252096,1.0961874956320459e-18,0.00015729399803783995,CIDADE DUTRA
553530872,2575128674,0,36.385,0,5,37.317115967458925,0.026793080306573024,0.008666310588255207,-2.2267835083523668e-18,0.0001739996512550931,CIDADE DUTRA
553530872,553539247,0,95.613,0,5,37.30770457808263,0.026799839235169872,0.009391161248513764,9.515634336636506e-19,0.00017125331497238385,CIDADE DUTRA
553530875,553693683,0,33.736000000000004,0,4,36.30307864093157,0.027541479190101237,0.0122122309788001,-2.239269235999663e-19,0.0001475148899651516,CIDADE DUTRA
553530875,553535219,0,115.63799999999999,0,4,36.084862019460836,0.027708031262156523,6.064833394469892e-05,-3.589086847421888e-19,0.000143728282771976,CIDADE DUTRA
553530875,2557558369,0,64.412,0,5,35.54857234008614,0.028126037674890286,0.012605631441919023,6.450752737790167e-18,0.00017065027626964003,CIDADE DUTRA
553531677,553539247,0,219.86100000000002,0,4,36.58988674429734,0.027325596603046447,0.00010285263073269155,-1.6880593595850151e-18,0.00014049686889107461,CIDADE DUTRA
553531677,553535437,0,91.566,0,5,35.85851012920721,0.027882934380796896,0.04378766313072776,-3.3154264669073404e-18,0.00016966222748153082,CIDADE DUTRA
553535219,553535437,0,87.842,0,5,35.8604243100973,0.02788144602751669,0.04365117725576813,-3.839068755401354e-18,0.00017197850332581949,CIDADE DUTRA
553535219,8447297251,0,89.25,0,4,36.10113255702664,0.027695543438878038,0.04385341069847461,3.7511809499887914e-18,0.00014161479521990975,CIDADE DUTRA
553535420,553539247,0,62.546,0,4,36.822938267666295,0.027152653535086616,0.009744527301569014,-6.896663200458884e-19,0.00014377448815075264,CIDADE DUTRA
553535420,553535437,0,166.75,0,5,35.85531982772372,0.027885415322742097,0.0004057688174475384,-7.143591452438405e-18,0.00017314092448575085,CIDADE DUTRA
553535420,553693683,0,26.819,0,4,36.81432445366087,0.02715900671175836,0.010489991885708596,-2.0176067809315394e-18,0.00014788359395800715,CIDADE DUTRA
553535437,2557558353,0,10.108,0,5,34.89025362896794,0.028656727335902746,4.719503625392492e-05,-7.786996818803986e-18,0.00017045935983440896,CIDADE DUTRA
553536020,8694573100,0,10.299,0,5,32.098101770617326,0.031149520681035468,0.011195096576775854,-5.243522124008524e-18,0.00017302456715276632,CIDADE DUTRA
553536020,8694573099,0,9.06,0,6,31.643324294145796,0.03159720121791382,0.060009302304387155,-2.8587244487190885e-18,0.00019880013651545062,CIDADE DUTRA
553536020,8694474742,0,15.334999999999999,0,5,31.731855160312648,0.031509046031961474,0.07119767223231763,-1.0942026365989825e-17,0.0001742973007037522,CIDADE DUTRA
553536020,2557002246,0,9.246,0,5,31.961556867123942,0.03128259643554078,0.00028826945132569775,-4.678475541732947e-18,0.0001708613988251997,CIDADE DUTRA
553538602,8439379766,0,6.864000000000001,0,4,37.810336576806506,0.026443575367142973,0.001782670438363771,-8.447738438642729e-19,0.00016240362278685817,CIDADE DUTRA
553538602,2557002320,0,16.116,0,4,38.08454298931249,0.026253183219407585,0.005636063777744579,2.446302779559233e-18,0.00016417771599857268,CIDADE DUTRA
553538602,7824935281,0,2.604,0,4,37.17036209921837,0.02689886319258779,0.007834159029479105,8.081750316986369e-19,0.00016149638507790483,CIDADE DUTRA
553538611,2557558506,0,11.585,0,6,34.11628648907322,0.029306838106370543,0.025718799388656115,3.055676885181195e-18,0.00019752428331052768,CIDADE DUTRA
553538611,660903169,0,43.733000000000004,0,5,33.8128888179933,0.029569803701414803,0.039517000574260525,3.154235499792998e-18,0.00017043775424398198,CIDADE DUTRA
553538611,2557002265,0,132.644,0,5,33.735204976870314,0.029637895652667317,0.008415905660268865,1.049645190456777e-19,0.00016774483521077004,CIDADE DUTRA
553538611,2557558481,0,89.07000000000001,0,5,33.430531185197005,0.029908004733366415,0.02268139195195524,5.1163884932950284e-18,0.0001707450228960419,CIDADE DUTRA
553539967,553542657,0,86.913,0,4,41.197160631679694,0.02426964551913732,0.0009083145827996769,6.015531116388485e-19,0.00015755384586622293,CIDADE DUTRA
553539967,5264892212,0,14.780999999999999,0,4,41.483809219971285,0.02410194492082657,0.000684816250194883,1.2162799939854396e-18,0.0001585921032013201,CIDADE DUTRA
553539967,553677898,0,76.211,0,4,40.78944010208965,0.024512238521131442,0.0014821411270456743,3.81505165155613e-19,0.00015870496253784328,CIDADE DUTRA
553540404,553704394,0,128.25900000000001,0,4,36.03270059020578,0.02774814178645264,0.007033796311214268,3.975533075969353e-18,0.00015716449945935192,CIDADE DUTRA
553540404,553697589,0,73.684,0,4,37.00287127133514,0.02702061895667993,0.00811266399054537,-4.360036469373215e-18,0.00016135363468900896,CIDADE DUTRA
553540404,553543670,0,74.821,0,4,36.66262561812091,0.027271382451987923,0.0015387751705503842,-5.9743830750680486e-18,0.00015441554985177872,CIDADE DUTRA
553541082,553541595,0,106.805,0,4,41.16685276758653,0.024287513319771383,0.00021698867243183872,-3.2061028813770862e-18,0.0001638642820411574,CIDADE DUTRA
553541082,2575128762,0,96.328,0,2,41.42734088371351,0.0241347975418547,0.0004657661853749418,-6.328963252639938e-19,9.329218968889266e-05,CIDADE DUTRA
553541082,553542239,0,57.376000000000005,0,4,40.67044185675547,0.024583959241144794,0.000714326709645613,-4.3260031598748035e-18,0.00016355030751146206,CIDADE DUTRA
553541575,553543389,0,214.66899999999998,0,4,39.34598819588451,0.02541149760804346,0.0031442743578735588,-1.218552231427582e-18,0.00016039968412785032,CIDADE DUTRA
553541575,553542240,0,47.562,0,5,39.90524804594034,0.02505536323880943,0.0016929456223132057,-3.853502895826725e-18,0.00018513257010101792,CIDADE DUTRA
553541575,553542239,0,70.228,0,4,40.12904769500718,0.02491562950920026,0.001112717912230469,-2.9003543475517255e-18,0.00015529443381878468,CIDADE DUTRA
553541595,553542657,0,91.527,0,4,40.89759132237997,0.024447417380756436,0.0009232868011974738,1.1747495318637362e-18,0.00015636543205799683,CIDADE DUTRA
553541595,553542240,0,90.1,0,5,40.426862338490984,0.024732082261399328,0.0008721859688397757,-8.616092074391048e-19,0.00018577485016065226,CIDADE DUTRA
553542239,553542240,0,54.378,0,5,40.66884670601372,0.02458492349570313,6.694100544522224e-05,-4.638450503732574e-18,0.00018542977033807854,CIDADE DUTRA
553542240,553542655,0,78.602,0,5,40.41569628329877,0.024738915245139444,0.0006380551912858217,-3.123263556125821e-18,0.00018380082223172807,CIDADE DUTRA
553542254,553542655,0,78.00899999999999,0,4,41.04976870314245,0.02435678729778776,0.0003121382052932,2.6514848313104406e-18,0.00015502576337950342,CIDADE DUTRA
553542254,553543591,0,142.687,0,4,41.22619237517945,0.02425255468239136,5.1968787047425375e-05,3.95531495739901e-18,0.0001588079964898116,CIDADE DUTRA
553542254,5264892212,0,165.88500000000002,0,4,41.44632317754028,0.024123743875732698,0.00010599896648295321,6.017427199753202e-18,0.00015817804281447942,CIDADE DUTRA
553542655,553542657,0,135.217,0,4,40.894879566118995,0.02444903849904435,0.00013789630133043351,9.276478315554585e-19,0.00015466057821952514,CIDADE DUTRA
553542804,553543691,0,67.049,0,5,36.747328122507575,0.0272085219799539,0.006561628960002587,-2.855116074093523e-19,0.00017982629363886735,CIDADE DUTRA
553542804,553683033,0,32.024,0,5,36.5613335460201,0.027346936994716475,0.0070818593021579205,-8.040549230187952e-19,0.00017966255518735372,CIDADE DUTRA
553542804,5043642054,0,142.42700000000002,0,5,35.907481256978784,0.027844907242874403,0.00204218889059225,-3.9619609707320524e-18,0.000178798024094111,CIDADE DUTRA
553542804,553543670,0,97.18499999999999,0,5,36.60312649545382,0.027315712635913973,0.001689799286562944,-6.054769237448406e-18,0.00018037254703726023,CIDADE DUTRA
553543385,553677561,0,53.87200000000001,0,4,38.111022491625455,0.0262349425325844,0.005472454318730972,-4.5715318816157145e-18,0.0001508135549841191,CIDADE DUTRA
553543385,553683033,0,84.03099999999999,0,4,37.33721486680491,0.02677865739296868,0.006315455311128666,-4.075462496332394e-18,0.0001509963193280916,CIDADE DUTRA
553543385,553677498,0,99.319,0,4,38.10687509969692,0.026237797833330544,0.0005048241464126727,-2.0884265667833882e-18,0.000152571848828125,CIDADE DUTRA
553543389,553698560,0,24.292,0,4,38.578082628808424,0.025917319285826516,0.004893203057674179,-4.773276013929254e-19,0.0001670979236948323,CIDADE DUTRA
553543389,553543397,0,21.293,0,4,39.12633593874621,0.02555415581185814,0.001414223672574509,-2.0570985289020613e-18,0.00017198045113316456,CIDADE DUTRA
553543397,553543402,0,80.317,0,2,39.77715744137821,0.02513604664685619,0.0004657661853749418,5.086350762541253e-19,9.661708300152953e-05,CIDADE DUTRA
553543397,553543538,0,90.05000000000001,0,4,39.42127931089488,0.025362963922114498,0.0007120483285850787,-1.2462921965652742e-18,0.00017111299487664272,CIDADE DUTRA
553543538,553677498,0,95.37799999999999,0,4,38.86457170202584,0.02572627051165234,0.0005550570240806435,-1.7380588940303852e-18,0.00015843196627434372,CIDADE DUTRA
553543538,553543544,0,228.53300000000002,0,4,39.71271335141171,0.02517683634654702,3.6888074313412583e-06,-5.602259151160391e-18,0.00016320610257878547,CIDADE DUTRA
553543544,553677544,0,100.264,0,4,39.77141489870793,0.02513967600781303,0.0014311487890241923,-3.1568311835777764e-18,0.00016440765396592277,CIDADE DUTRA
553543544,553543591,0,131.12800000000001,0,4,40.45780826288084,0.02471316484642984,0.0009790528900124563,4.2893173985670075e-18,0.00016135966232777357,CIDADE DUTRA
553543591,5264892212,0,107.328,0,4,40.99042909554953,0.024392047289750904,0.0006720139185214045,5.726442229012142e-18,0.00015948106866493049,CIDADE DUTRA
553543644,4274076923,0,56.05,0,4,34.8297974158558,0.028706468573103487,0.00788265599776762,-1.955128459008869e-18,0.0001523008442861927,CIDADE DUTRA
553543644,553543652,0,58.674,0,4,35.813845908438346,0.027917707790501387,0.0075523992383263626,2.6487939861563716e-18,0.00015613818621972828,CIDADE DUTRA
553543644,553543645,0,92.83999999999997,0,4,35.67762003509332,0.02802430442227816,4.37232174950155e-05,-4.538418677327676e-18,0.00015627334832514828,CIDADE DUTRA
553543645,553543653,0,58.415,0,4,36.369915457010684,0.027490866348249803,0.0012841389634516214,-2.1624440718627007e-18,0.00015746917603917253,CIDADE DUTRA
553543645,4274076922,0,64.324,0,4,35.385069389057264,0.028255998990213183,0.0017003232371758882,-4.53749677697296e-18,0.00015569018809750073,CIDADE DUTRA
553543652,553680596,0,42.298,0,4,36.77939065241665,0.02718480287981958,0.00751019494153837,1.6045526746190046e-18,0.00015497755770276935,CIDADE DUTRA
553543652,553543653,0,104.529,0,4,36.64986441218695,0.027280878141348722,0.0001377878069942176,1.4072374703979197e-18,0.0001573340139337525,CIDADE DUTRA
553543653,553543692,0,57.628,0,4,36.699952145477745,0.027243645467505823,0.0009618022905541251,-2.109401969855098e-18,0.00015751713457119005,CIDADE DUTRA
553543670,5043642052,0,126.422,0,4,37.30483330674749,0.02680190196011357,0.00030975132989644977,-5.949403893355436e-18,0.00015268594073554936,CIDADE DUTRA
553543691,553680596,0,17.577,0,4,36.766469931408515,0.027194356346723705,0.007414936914340793,-7.6071017323133765e-19,0.0001517519067097084,CIDADE DUTRA
553543691,5043642052,0,60.221,0,4,37.3085021534535,0.02679926631236452,0.0004181371717761532,5.611848745018538e-20,0.0001521579672357959,CIDADE DUTRA
553543692,553704394,0,31.173,0,4,36.05088530866167,0.027734145121967407,0.0001490712179606732,-1.7487193738342182e-18,0.00015688822803939048,CIDADE DUTRA
553543692,5043642052,0,54.555,0,4,37.017865688307545,0.027009674013746147,0.0009057107187304948,-3.150504016905343e-18,0.0001555667388662944,CIDADE DUTRA
553677497,553691475,0,195.418,0,5,37.37773169564524,0.026749629781368293,0.0021003418548039827,2.7407013809399326e-18,0.00017421756246525726,CIDADE DUTRA
553677497,553693676,0,70.703,0,5,37.917052161429254,0.026369151290271012,0.002576523496455653,-1.7948115747424923e-18,0.00017703358820840724,CIDADE DUTRA
553677497,7284598438,0,61.112,0,5,38.080874142606476,0.02625571254434945,0.002008881129373963,-4.8609513081069204e-18,0.00017495096347894764,CIDADE DUTRA
553677497,553677543,0,146.864,0,6,38.07561014515872,0.02625934242718772,0.0012071079847383187,-5.992383685741698e-18,0.00020614331438685422,CIDADE DUTRA
553677498,553677543,0,119.56800000000001,0,5,38.63167969373106,0.025881361950929466,0.0005116592895942757,-3.06543027840329e-18,0.000181503451915299,CIDADE DUTRA
553677543,553677561,0,62.784,0,5,38.63359387462115,0.025880079605605424,0.0021128187034688134,-1.1855076560084704e-17,0.0001796657066494489,CIDADE DUTRA
553677543,553677544,0,63.275999999999996,0,5,38.925825490508856,0.025685787580011967,0.0023555205335838254,-2.268705148643071e-18,0.00018811993574484787,CIDADE DUTRA
553677544,8932967482,0,100.616,0,2,39.91944488754187,0.025046452618329305,0.0004657661853749418,-6.62110311109526e-18,9.050954235431062e-05,CIDADE DUTRA
553677561,553689595,0,41.2,0,4,38.2371989152975,0.026148371567191887,0.003203729254119883,-4.722122773155437e-18,0.00015056821627520048,CIDADE DUTRA
553677898,553695419,0,129.889,0,4,40.33514117084064,0.024788322438019306,0.0009275180803098946,-3.080787354979662e-18,0.0001588236766461727,CIDADE DUTRA
553678982,553691469,0,192.737,0,4,36.12378369755942,0.02767817716152963,0.001128883568326641,2.648341774736989e-18,0.00014915859257165834,CIDADE DUTRA
553678982,553689591,0,295.33099999999996,0,4,36.348380921997126,0.027507153264170484,5.6308560496062144e-05,6.66776715689112e-19,0.00015322027359785165,CIDADE DUTRA
553678982,553683768,0,203.05099999999996,0,4,35.591162864890734,0.02809238036760323,0.0011742342008648952,5.901617458744301e-19,0.00015342617247231612,CIDADE DUTRA
553680581,5043642054,0,9.152,0,4,34.99617163821981,0.028569996034477258,0.003556118858149189,-1.191614519321204e-18,0.0001476560409989273,CIDADE DUTRA
553680581,5265183512,0,125.53299999999999,0,5,34.02727707768384,0.029383499674193805,0.0023807997139221344,3.0896656604722837e-18,0.00017370658082509116,CIDADE DUTRA
553680581,553683768,0,80.133,0,4,34.99090764077205,0.028574294076350076,0.005059524875093183,-5.351388131227135e-19,0.0001504292085678217,CIDADE DUTRA
553680596,5043642054,0,118.24699999999999,0,4,35.98325091721168,0.02778627443157386,0.0010596641818208844,-3.1529097243340513e-18,0.00015079784080643743,CIDADE DUTRA
553683033,553689591,0,48.638,0,4,37.12346466741107,0.026932844061926635,0.00041455685868102787,-5.183659016369998e-18,0.00015166895479510863,CIDADE DUTRA
553683768,553684895,0,50.047,0,4,35.59355559100335,0.02809049189731823,0.003785584379245858,-2.4884414606624533e-18,0.00015468786974227975,CIDADE DUTRA
553684194,553684197,0,229.286,0,4,35.400861381400546,0.028243394253992287,4.263827413285631e-05,-3.82394460051502e-18,0.00015353629258064741,CIDADE DUTRA
553684194,553684895,0,251.466,0,4,35.67953421598341,0.02802280093886219,0.00028501462123922016,-8.58907813135799e-18,0.00015448031854945108,CIDADE DUTRA
553684194,4410120468,0,84.173,0,4,34.983091402137504,0.028580678403531092,0.0003158270127245413,-4.554135709242072e-18,0.00014894209938855403,CIDADE DUTRA
553684197,553684895,0,35.309,0,4,35.61174030945924,0.028076147816349383,0.0034190905115084828,-2.4813182531612892e-18,0.00015459097688294367,CIDADE DUTRA
553684197,4410120463,0,51.343,0,4,34.832030626894245,0.02870462809463185,0.0032984448096363803,-5.556525031299209e-19,0.00014971917924510797,CIDADE DUTRA
553686168,2557558322,0,452.68199999999996,0,2,33.22922316158877,0.03008919227704331,0.0004657661853749418,1.999002656152479e-18,9.001247280810223e-05,CIDADE DUTRA
553686168,4402746094,0,61.974000000000004,0,4,32.55224118679215,0.030714950752192875,0.022717737554587572,4.3683560150511376e-18,0.00016359097189825239,CIDADE DUTRA
553686168,4402746093,0,62.658,0,5,32.772531504227146,0.03050849107573095,0.022129698252297287,2.990820958479416e-18,0.00018456051382714021,CIDADE DUTRA
553689591,553689595,0,174.445,0,4,37.25841442016271,0.026835293462857436,1.8444037156706291e-06,-2.1461849845514825e-18,0.00015251096470794757,CIDADE DUTRA
553689595,7284598438,0,76.675,0,4,38.01100654011804,0.026303972873503407,0.0030854704276445308,-9.311507742187636e-19,0.0001488394025490668,CIDADE DUTRA
553691469,2557558369,0,34.389,0,5,35.71558462274685,0.027994515433160193,0.004190919219348533,6.583150074044138e-18,0.00017110406449581962,CIDADE DUTRA
553691469,553691475,0,56.248999999999995,0,4,36.4080395597384,0.027462079722399908,0.003394136814178821,3.8528993587966474e-18,0.00014502052853298866,CIDADE DUTRA
553691475,7284598438,0,213.346,0,4,37.3898548412825,0.026740956582208816,0.0009827416974437975,2.84683934516126e-19,0.00014541064740030123,CIDADE DUTRA
553693676,553694111,0,212.549,0,4,37.97128728664859,0.02633148772065434,0.0002845806438943565,1.0387816474445972e-18,0.00015212407013541162,CIDADE DUTRA
553693676,553694685,0,65.041,0,4,38.67171797734886,0.025854566003803113,0.0020885159721564478,-6.1100384255456394e-18,0.00015322128604803898,CIDADE DUTRA
553693683,553694111,0,59.908,0,4,37.04370713032382,0.02699083224603513,0.0020795109422505264,-1.5063419489111656e-18,0.00015242297230644246,CIDADE DUTRA
553694111,553694683,0,57.742,0,4,38.014834901898226,0.02630132387806055,0.0015441998873611802,-1.4199470200789516e-19,0.00015572875498345276,CIDADE DUTRA
553694115,553694683,0,175.84199999999998,0,4,38.513479023767744,0.02596079373428705,1.2693837337262565e-05,1.5286950254649821e-19,0.00015670083056980736,CIDADE DUTRA
553694115,553695112,0,102.38700000000001,0,4,39.24597224437709,0.025476257250043693,0.0019906540808896883,-9.309347506420942e-19,0.0001574134245405166,CIDADE DUTRA
553694683,553695108,0,67.20700000000001,0,4,38.7640772052959,0.025792964956463056,0.0010893916299440462,-3.789371452984026e-18,0.0001577020152542261,CIDADE DUTRA
553694685,553695108,0,177.46500000000003,0,4,39.413941617482855,0.025367685745044236,0.00030964283556023385,-7.352585658324418e-18,0.00015732735939496536,CIDADE DUTRA
553694685,553695419,0,62.153000000000006,0,4,39.653214228744616,0.02521461385596936,0.0013298150789985237,-1.5920548211480781e-18,0.00015751091733326,CIDADE DUTRA
553695108,553695141,0,58.918,0,4,39.70441856755463,0.025182096124255243,0.0009245887332320648,-7.169197743984864e-18,0.00015863420972522178,CIDADE DUTRA
553695112,553696152,0,67.348,0,4,40.19732014675387,0.024873311983872826,0.0002994443679559374,-4.591855029575501e-18,0.0001589371941661931,CIDADE DUTRA
553695141,553696152,0,59.577,0,4,40.44600414739193,0.024720377352537508,0.00064315442508797,-7.316725238400162e-18,0.00015915679466647954,CIDADE DUTRA
553695141,553695419,0,199.139,0,4,40.40325410751316,0.024746533590221408,6.021435659983524e-05,-1.6481468044001304e-18,0.00015881776766351645,CIDADE DUTRA
553697589,553698560,0,58.659000000000006,0,4,37.9743180730579,0.02632938616573063,0.0058987285657233195,9.818713243285756e-19,0.00016689584100493355,CIDADE DUTRA
553697589,876024174,0,61.082,0,4,37.98851491465943,0.02631954650430401,0.0018058882263139778,-1.7348765634967372e-18,0.00016844633381849907,CIDADE DUTRA
553697602,876024174,0,174.707,0,4,38.98676024884352,0.02564564171385552,0.00041054256824103887,-2.9603957704140622e-18,0.00017344331350078573,CIDADE DUTRA
553697602,553698632,0,177.247,0,4,39.97096825650024,0.0250141672453288,6.509660172955161e-07,-3.989511543078323e-18,0.00017976914295775222,CIDADE DUTRA
553697602,8932187535,0,73.98599999999999,0,4,39.78481416493859,0.025131209128707234,5.5874583151198466e-05,-3.0443214046120344e-18,0.00017933182403033843,CIDADE DUTRA
553698560,8932187535,0,138.502,0,4,38.78672834582868,0.025777902070292902,0.0009854540558491955,2.7832519707652412e-18,0.00017609603537745256,CIDADE DUTRA
553698632,553698670,0,35.477,0,2,39.986122188546815,0.025004687381568816,0.0004657661853749418,1.5346115309444234e-18,9.961087783372923e-05,CIDADE DUTRA
553698632,876024174,0,51.00900000000001,0,4,38.987079278991864,0.025645431856307025,0.0009306644160601563,-2.5782480140657054e-18,0.00017808384711843185,CIDADE DUTRA
553699742,553701304,0,51.339999999999996,0,4,31.89073217419046,0.03135207054716066,0.0020929642399413004,-7.691395808327535e-18,0.000149969992547969,CIDADE DUTRA
553699742,8694573099,0,170.89600000000002,0,5,31.448715903652896,0.031792728453173186,0.06811751802714767,-1.0999142776593488e-17,0.00017325997222419212,CIDADE DUTRA
553699742,553701714,0,164.89100000000002,0,4,31.810177061732333,0.03143146556479355,0.06607348473283975,-4.275619896432694e-18,0.00014804556151591642,CIDADE DUTRA
553700719,5267161887,0,77.408,0,4,33.18423991067156,0.03012998000307645,0.0005834825401692143,2.000126538304156e-18,0.00015002379863351695,CIDADE DUTRA
553700719,2557558474,0,50.826,0,4,32.53660870952305,0.030729707999137136,0.008932664183665288,-6.331284310708001e-19,0.00014815771296069845,CIDADE DUTRA
553700719,553702485,0,199.219,0,5,32.82820226511405,0.03045675413022352,0.008651772347202274,-1.0900059040458194e-18,0.00016992520967297288,CIDADE DUTRA
553701304,5267161879,0,49.361,0,4,32.58382517147871,0.030685178295180842,0.001416719042307475,1.0051909115480427e-18,0.00015428161934357573,CIDADE DUTRA
553701304,2557558474,0,177.188,0,4,32.26559259850056,0.030987823387204422,0.00032635096333748546,-6.426378287049425e-19,0.00015160102275170288,CIDADE DUTRA
553701711,553701714,0,130.488,0,4,32.36624661030467,0.0308914560580373,3.178884051126437e-05,-5.582935718574698e-18,0.0001483067497340854,CIDADE DUTRA
553701711,5267161886,0,48.449,0,4,32.94480778433562,0.030348954878444398,0.0008878091532548681,-2.9946532429863487e-18,0.00015090465770393227,CIDADE DUTRA
553701711,5267161885,0,74.642,0,5,32.58478226192375,0.03068427700049933,0.0006745092882543707,-3.2659526049680922e-18,0.00017380835193562004,CIDADE DUTRA
553701714,553702482,0,56.82099999999999,0,4,32.15807943850694,0.031091424064603496,0.06591985675275801,-2.632842532429268e-19,0.00014720609450338546,CIDADE DUTRA
553702275,5267161885,0,161.21099999999998,0,5,32.189184877970966,0.0310613794265439,0.0005429056584244605,1.1924320067771026e-18,0.00017353108102848616,CIDADE DUTRA
553702275,553702482,0,135.251,0,4,32.225873345031104,0.031026016710885836,0.06303803019419076,-1.4106613102926733e-19,0.00014616931936275144,CIDADE DUTRA
553702275,12921775912,0,254.108,0,4,31.858669644281385,0.03138362323629845,0.06341895380864486,1.4255674368631953e-18,0.00015170442575283965,CIDADE DUTRA
553702482,5267161885,0,94.127,0,5,32.58542032222045,0.030683676166792313,0.002763893215100546,-5.755390194619544e-19,0.00017262995851601088,CIDADE DUTRA
553702485,5265183512,0,10.549,0,6,33.10240867762003,0.03020446320577875,0.0024058619055880117,2.1680249277107165e-18,0.00019600473107480188,CIDADE DUTRA
553702485,5267161885,0,57.124,0,6,32.443611421279314,0.030817792505986066,0.0026660313238337863,-2.2564110281069047e-18,0.00019582611572040978,CIDADE DUTRA
553702485,4402746092,0,364.54999999999995,0,6,32.919604402616045,0.030372190160534565,0.008735204491752316,-1.5882716834525664e-19,0.0001956500696185935,CIDADE DUTRA
553704394,553704398,0,253.96800000000002,0,4,35.07162226830435,0.028508532547392933,0.007345066561817741,5.961556062668051e-19,0.00015460173683097135,CIDADE DUTRA
553704398,4274076922,0,61.888,0,4,34.73999042909555,0.02878067819179466,0.041622441662866654,-2.3252667574971502e-18,0.00015345165542109915,CIDADE DUTRA
553704398,553707093,0,50.655,0,5,34.3904929015792,0.029073165301446238,0.04916572737695088,5.289074491588391e-19,0.00018428875252710062,CIDADE DUTRA
553707093,2557558481,0,10.445,0,5,33.4887541872707,0.02985600716391748,0.013572532966275296,1.5430873726240778e-18,0.00017975300801335468,CIDADE DUTRA
553707093,553707119,0,300.506,0,3,34.40947519540597,0.029057126830557268,0.0004657661853749418,6.034081824284837e-18,0.00011679379081363489,CIDADE DUTRA
553707093,553708535,0,48.536,0,5,34.26607114372308,0.02917873136760174,0.03602391692545279,9.692938062929552e-19,0.00018282008886979766,CIDADE DUTRA
553708528,553708535,0,478.033,0,4,34.97176583187111,0.028589934226730767,0.0008525484939846944,2.2722018820927915e-18,0.00016112801991291959,CIDADE DUTRA
553708528,553708822,0,70.613,0,4,35.878449513479026,0.02786743848978757,7.876688809275745e-05,5.124744149200647e-18,0.0001679166099334845,CIDADE DUTRA
553708528,5850130475,0,69.565,0,2,35.92694209602807,0.027829824265404528,0.0004657661853749418,2.1404441978679697e-18,9.387150507296362e-05,CIDADE DUTRA
553708535,2557558506,0,45.682,0,5,34.55686712394321,0.028933192390958148,0.03658212028528369,-2.3525599505431617e-18,0.00017479881003717104,CIDADE DUTRA
553708822,5043660706,0,317.3330000000001,0,4,36.379007816238634,0.027483995439796544,0.0003894946670151505,3.704663677627883e-18,0.00016072706852026612,CIDADE DUTRA
553708822,553712480,0,249.57899999999998,0,4,36.77396713989472,0.02718881215948919,0.0001546044291076851,3.676417740433988e-18,0.00016194732027020672,CIDADE DUTRA
553708832,2557558506,0,6.88,0,5,34.569628329877176,0.028922511847247794,0.04906135582551117,2.9827949328964937e-18,0.00017478325248535426,CIDADE DUTRA
553708832,5043660706,0,168.36399999999998,0,4,35.48349018982294,0.028177625131492585,0.033449997293066316,2.5088020066192686e-19,0.00015414845218419688,CIDADE DUTRA
553708832,8697783235,0,73.011,0,4,35.522252352847346,0.028146877483845183,0.015188773092883847,-6.523953615713425e-19,0.00015302242267328502,CIDADE DUTRA
553709902,8921393355,0,10.722000000000001,0,4,37.80937948636146,0.02644424474848857,0.004068971585441839,9.198289569370532e-18,0.00013982979421334877,CIDADE DUTRA
553709902,553713157,0,60.650999999999996,0,4,38.28553198277237,0.026115360898621737,0.012573625612735326,1.6678020921255574e-18,0.00014700171023519117,CIDADE DUTRA
553709902,8921393354,0,10.91,0,5,38.713191896634235,0.025826867688808496,0.008447260523435265,1.0102798082910116e-17,0.00016897202490330268,CIDADE DUTRA
553709906,553713884,0,36.232,0,4,39.053118519700114,0.025602065157010752,0.0008896535569705387,-4.763287890626903e-19,0.00015303750186979674,CIDADE DUTRA
553709906,553715009,0,78.82499999999999,0,4,38.5763279629925,0.025918498149564786,0.0004544827744084862,-1.204069679861217e-18,0.0001572120930966996,CIDADE DUTRA
553709906,553713543,0,232.10999999999999,0,4,38.217419046099856,0.026161904960661144,6.943637517818839e-06,2.7079897784057693e-18,0.00015741786983022133,CIDADE DUTRA
553709964,553713483,0,34.176,0,4,37.37167012282661,0.026753968491098373,0.0016866529508126824,-2.178046036063283e-18,0.00015813539082062923,CIDADE DUTRA
553709964,8697783235,0,23.874,0,4,36.47009092359228,0.027415354873136188,0.0018572060473441075,-3.0099258019756213e-18,0.0001572112310804062,CIDADE DUTRA
553709964,553709967,0,27.418,0,4,37.41808900941139,0.026720778943957982,0.0002630987653236044,-2.064909972174233e-18,0.00015795293878367574,CIDADE DUTRA
553709967,8697783235,0,12.119,0,4,36.507098420800766,0.02738756373900543,0.013025721511747062,-1.2241751260192382e-18,0.00015704149690887618,CIDADE DUTRA
553709967,553713144,0,26.820999999999998,0,4,37.44855638857872,0.026699039464996913,0.013019428840246539,1.5512109456227594e-18,0.00015704710162797804,CIDADE DUTRA
553712480,553712587,0,95.99199999999999,0,4,37.2759610783219,0.02682266146874184,0.032346826882422845,4.1850247311438365e-18,0.0001601062887763906,CIDADE DUTRA
553712480,553715009,0,152.00799999999998,0,4,37.66390173871431,0.026546386294813967,0.03218517032146113,5.0562555814136725e-18,0.00015954416244110092,CIDADE DUTRA
553712587,553713543,0,31.24,0,4,37.327324932206096,0.026785752441187156,0.0001434295124774454,1.0600950603029618e-18,0.00015886387622370183,CIDADE DUTRA
553712587,5043660706,0,38.138000000000005,0,4,36.39001435635667,0.027475682618167793,0.03264529480135284,1.7622267337223534e-18,0.00015888603702645003,CIDADE DUTRA
553713143,553713483,0,67.175,0,4,38.305471367044184,0.026101766908056653,0.0006919768763851337,-9.576224391620912e-19,0.0001569532286343786,CIDADE DUTRA
553713143,553713144,0,108.80000000000001,0,4,38.346785771255384,0.026073645152165592,4.3397734486367744e-07,1.280226505177972e-18,0.0001560346736132574,CIDADE DUTRA
553713143,553713156,0,78.565,0,4,39.158557983729466,0.025533128297044627,0.00045969050254685034,2.1755841643265643e-18,0.00015227229084802167,CIDADE DUTRA
553713144,553713157,0,66.951,0,4,38.26383793268464,0.026130167253080757,0.01278779343242555,2.1907097375668408e-18,0.00015386818750496756,CIDADE DUTRA
553713156,553713157,0,153.53,0,4,38.70394002233211,0.025833041399633196,1.0849433621591936e-07,6.087083717093463e-19,0.00015010580473973184,CIDADE DUTRA
553713156,553713573,0,93.44800000000001,0,5,39.13367363215824,0.02554936432301114,0.0002455226828566255,1.0698695869246433e-17,0.00017522292002204333,CIDADE DUTRA
553713483,553713543,0,63.165,0,4,38.26989950550327,0.02612602849354352,0.0005710056915043836,2.690633337156873e-19,0.00015832781765399333,CIDADE DUTRA
553713573,553713884,0,62.583,0,5,39.0732174190461,0.025588895692998572,0.004448593267861341,4.3631141204704205e-18,0.0001757244277847987,CIDADE DUTRA
553713573,8921393354,0,69.211,0,6,38.66390173871431,0.025859792725592447,0.005047698992445648,7.017530865938547e-18,0.00019757341834096112,CIDADE DUTRA
553713573,553713577,0,145.625,0,5,39.4799808581911,0.025325252525252525,9.330512914569065e-06,9.348382274940776e-18,0.0001728372188161369,CIDADE DUTRA
553713577,2557558554,0,45.466,0,4,39.4568511724358,0.025340098239372562,0.0035616520692962005,5.047362784862723e-18,0.00014710104877621222,CIDADE DUTRA
553713881,5850130435,0,14.088,0,4,39.41410113255703,0.025367583078025148,0.0033345734235962813,-2.109887262570173e-18,0.00015650674697033,CIDADE DUTRA
553713881,2557558554,0,35.626,0,4,39.420800765672354,0.025363271813506307,0.0011511249072509043,2.2736573753941176e-18,0.00015383371551522783,CIDADE DUTRA
553713884,5850130435,0,135.136,0,4,39.40660392407082,0.025372409326424872,0.003153496376451912,-2.1630828319446103e-19,0.0001524680864073858,CIDADE DUTRA
553714403,553715009,0,40.431,0,4,38.51906205136385,0.025957030926468883,0.032092082180987865,-2.525812500790733e-18,0.00015710139811242054,CIDADE DUTRA
553714403,553715006,0,52.61,0,4,39.27915137980539,0.025454737432027974,0.031778750537996295,-4.70425046234233e-18,0.00015425493930253594,CIDADE DUTRA
553714403,5043662977,0,135.361,0,4,39.312171000159516,0.025433357138219828,0.00010751788718997609,-2.2815629204673685e-18,0.00015576134497583078,CIDADE DUTRA
553714996,553719938,0,68.256,0,4,41.8467060137183,0.02389293161086694,0.027458180586869736,3.2172003834710574e-18,0.00016433049063768022,CIDADE DUTRA
553714996,553716939,0,94.74399999999999,0,4,42.817355240070185,0.023351290132701492,0.000982090731426502,2.03501507251502e-18,0.00016302540593042466,CIDADE DUTRA
553714996,553720575,0,47.922,0,4,42.792151858350614,0.02336504339009334,0.026190858245531582,3.651549866771314e-18,0.00016543928028792473,CIDADE DUTRA
553715006,553716357,0,115.321,0,5,40.00462593715106,0.0249931217078899,0.03157337075953956,-1.781294231064379e-18,0.00018451657854454232,CIDADE DUTRA
553715006,5043662977,0,124.93199999999999,0,4,39.76312011485086,0.02514492026877946,0.0001709870738762889,-2.2262144969900947e-18,0.000153909461208416,CIDADE DUTRA
553716341,553716580,0,101.536,0,2,42.41984367522731,0.023570112435603353,0.0004657661853749418,-3.2927774620896824e-20,9.538641970705929e-05,CIDADE DUTRA
553716357,553717728,0,65.544,0,5,40.520178656883076,0.024675125284917387,0.03080110807435464,-2.475863868047861e-18,0.00018607182469299583,CIDADE DUTRA
553716357,3899143162,0,65.66499999999999,0,5,40.048014037326524,0.024966044108802245,0.0008552608523900923,-6.235079278681344e-19,0.00018932777212880657,CIDADE DUTRA
553716357,553716942,0,178.576,0,5,40.501036847982135,0.024686787369880385,0.0012452979910863224,2.9648580659837886e-18,0.00018743604369846919,CIDADE DUTRA
553716578,553716580,0,112.429,0,4,42.39160950709842,0.023585810884543167,2.6364123700468404e-05,3.987015305586029e-18,0.00017058779416620351,CIDADE DUTRA
553716578,553724253,0,386.48199999999997,0,4,43.33593874621152,0.023071854766575993,0.0,1.9801960423199325e-18,0.00016487022899487123,CIDADE DUTRA
553716578,553716939,0,66.963,0,4,43.25490508853087,0.023115077535817676,0.0004914793430581146,4.561272196148095e-18,0.00016353815934948382,CIDADE DUTRA
553716580,553716942,0,68.141,0,4,41.447599298133674,0.024123001135335886,0.0009051682470494152,6.098079610702953e-18,0.0001667769039250055,CIDADE DUTRA
553716939,553717731,0,81.44900000000001,0,4,42.413782102408675,0.02357348096219518,2.6147135028036565e-05,6.384447758205146e-18,0.00016008560608780556,CIDADE DUTRA
553716942,553717731,0,74.21300000000001,0,4,41.47009092359228,0.024109917838569715,0.0001249854753207391,7.2762823791909e-18,0.00015795138450747234,CIDADE DUTRA
553717728,553717731,0,152.529,0,4,41.46706013718296,0.02411168000861681,0.0005639535596503488,4.909131701615858e-18,0.000156860633091776,CIDADE DUTRA
553717728,553719938,0,40.528,0,4,41.35763279629925,0.024175476624844275,0.030399136558674662,3.15779382925531e-18,0.0001599416023998451,CIDADE DUTRA
553719938,8919459727,0,44.333,0,4,41.402775562290635,0.024149117332038804,0.0055115122797687035,3.1730092644654404e-18,0.00017305439613489058,CIDADE DUTRA
553720575,553724253,0,71.068,0,4,43.74062848939225,0.022858393202290217,0.0004552422347619976,1.7470367952842473e-18,0.00016560743469150657,CIDADE DUTRA
553720575,12854807395,0,39.776,0,4,43.76024884351571,0.02284814440843792,0.025300228239535098,-2.0557543233498376e-18,0.00017348617709195296,CIDADE DUTRA
553745833,5043475857,0,181.659,0,2,48.0894879566119,0.020791248304159907,0.0004657661853749418,-3.6103545520234174e-19,0.00011568127018356384,CIDADE DUTRA
553745833,5265238000,0,39.418,0,4,47.089966501834425,0.021232558848536788,0.0013966475901075299,-5.842254197691512e-18,0.0001959784785266332,CIDADE DUTRA
553745833,5043458486,0,133.31900000000002,0,2,48.0894879566119,0.020791248304159907,0.0004657661853749418,-1.994055690397851e-19,0.00011568127018356384,CIDADE DUTRA
553747845,553747851,0,11.515,0,4,50.03030786409316,0.01998469582961357,0.0013920908279864612,-3.735807543654072e-18,0.0001537912418006673,CIDADE DUTRA
553747845,553750101,0,107.292,0,5,49.03174349976073,0.020391697573036632,0.001852649285223039,1.182794926023267e-18,0.00018354227088844243,CIDADE DUTRA
553747845,553748344,0,159.32,0,4,50.03030786409316,0.01998469582961357,0.0,-3.0116683324968702e-18,0.00015379124180066726,CIDADE DUTRA
553747851,553748344,0,56.571,0,4,51.02520338171957,0.01959503184036364,0.0004633793099781916,9.69517449958082e-19,0.0001555357090009046,CIDADE DUTRA
553747851,553748771,0,111.525,0,4,51.02105598979104,0.019596624678365863,0.00046793607209926017,-7.097192311793781e-19,0.00015638938390976617,CIDADE DUTRA
553748344,553748771,0,114.22999999999999,0,4,51.02105598979104,0.019596624678365863,2.386875396750226e-06,-1.4286805061794137e-18,0.00015638938390976617,CIDADE DUTRA
553748771,553750043,0,88.754,0,4,50.022491625458606,0.0199878185279552,9.113524242137227e-06,-2.070827844784175e-18,0.00015753163790003602,CIDADE DUTRA
553750043,553751756,0,55.44399999999999,0,4,50.01946083904929,0.01998902963274782,0.009274095859736787,2.3890556897874334e-18,0.000169725468586177,CIDADE DUTRA
553750043,553750101,0,214.42000000000002,0,5,49.028074653054716,0.020393223515325826,0.009726408747420954,5.639310148975532e-18,0.00018676340740387341,CIDADE DUTRA
553750101,12505687068,0,187.67,0,5,49.02105598979104,0.020396143345709425,0.0010821225094175798,4.609567710065313e-18,0.0001853623077017903,CIDADE DUTRA
553750101,553760597,0,96.731,0,5,48.041952464507894,0.02081182037021665,0.012794303092598507,-2.995234137177369e-20,0.00018682905240531342,CIDADE DUTRA
553751692,3899119723,0,22.26,0,2,54.98947200510448,0.018182398347687603,0.0004657661853749418,-1.6877921467450406e-18,0.00010517956557841074,CIDADE DUTRA
553751692,553751698,0,62.184999999999995,0,4,53.99234327643963,0.018518190251655943,0.006500980626057888,-6.310357228306343e-19,0.00019853074651729173,CIDADE DUTRA
553751692,553754397,0,30.802,0,4,54.987079278991864,0.018183189542635345,0.0055748729721188,-6.01847075773167e-20,0.0001856192623150276,CIDADE DUTRA
553751698,553754031,0,100.324,0,2,53.99505503270059,0.018517260225409532,0.0004657661853749418,4.628133773197844e-19,0.00010816326003094114,CIDADE DUTRA
553751698,553753906,0,57.479000000000006,0,4,52.998245334184084,0.01886553938948851,0.007426220325307248,2.3222087446583923e-18,0.0002005021355748615,CIDADE DUTRA
553751756,5275589916,0,117.02499999999999,0,3,51.01196363056309,0.01960011757568935,0.00881245245913805,-1.6713299508081688e-18,0.0001406236001532681,CIDADE DUTRA
553751756,5275589916,1,209.45300000000003,0,3,51.01196363056309,0.01960011757568935,0.0,2.390360665157402e-18,0.00014062360015326808,CIDADE DUTRA
553752725,553765849,0,334.63100000000003,0,2,52.934758334662625,0.018888165666208625,0.0004657661853749418,1.3784955399892129e-18,9.844494890040642e-05,CIDADE DUTRA
553753906,5043678132,0,54.131,0,2,53.001276120593396,0.018864460596210855,0.0004657661853749418,-1.4111657051925954e-18,0.0001071509546359805,CIDADE DUTRA
553753906,5275589916,0,158.811,0,4,52.004785452225235,0.019225932310485923,0.008350592069866882,-2.0156314440933617e-18,0.00019361431700758868,CIDADE DUTRA
553754379,5043688729,0,124.84100000000001,0,2,56.982612856914976,0.017546413454863054,0.0004657661853749418,3.3464629330198303e-18,9.479622037824806e-05,CIDADE DUTRA
553754397,5043688729,0,133.30000000000004,0,4,55.9837294624342,0.017859483362871194,0.0009306644160601563,-1.2736297445772355e-18,0.00017523591711486494,CIDADE DUTRA
553754397,553754687,0,15.703,0,4,55.983091402137504,0.01785968691410368,0.0041834331101496345,1.7083543955292654e-18,0.00017433895169435208,CIDADE DUTRA
553754671,553754814,0,80.655,0,4,57.97894401020896,0.01724488953696316,0.00046544070236629405,3.641374283376654e-18,0.00015833945290637125,CIDADE DUTRA
553754671,5043688732,0,27.485,0,4,57.97974158557984,0.017244652314464544,3.2548300864775805e-07,1.85337880672833e-19,0.00015687293580664781,CIDADE DUTRA
553754671,5043688732,1,90.763,0,4,57.97974158557984,0.017244652314464544,0.0,3.865650457943188e-18,0.00015687293580664781,CIDADE DUTRA
553754687,553754814,0,57.699999999999996,0,4,56.98037964587653,0.017547101144984742,0.0013959966240902344,-9.126424500337493e-19,0.00016577607857251744,CIDADE DUTRA
553754687,553755501,0,77.34799999999998,0,4,56.98037964587653,0.017547101144984742,0.0023266610401503907,2.150358136313346e-18,0.00018450862745027783,CIDADE DUTRA
553754814,5043688732,0,82.78399999999999,0,5,57.97846546498644,0.017245031873595128,0.0004656576910387259,-3.5873825559708847e-19,0.00019278156003575,CIDADE DUTRA
553755501,553755745,0,29.253999999999998,0,4,57.97894401020896,0.01724488953696316,0.0013966475901075299,-2.492619740769131e-18,0.0002009980521276453,CIDADE DUTRA
553755501,553767028,0,454.4060000000001,0,2,57.97942255543149,0.017244747202680804,0.0004657661853749418,-2.552853272666524e-18,0.00010542145158460274,CIDADE DUTRA
553755745,876025427,2,189.05199999999996,0,3,58.978146434838095,0.016952728177554676,0.0,-2.0943837356434395e-18,0.00016315008108997052,CIDADE DUTRA
553755745,876025427,3,169.831,0,3,58.978146434838095,0.016952728177554676,0.0009313153820774518,8.071706406039413e-19,0.00016315008108997052,CIDADE DUTRA
553755824,876025427,0,36.004,0,2,59.97766788961557,0.016670212765957447,0.0004657661853749418,1.8138094042104714e-18,0.00011695556855474686,CIDADE DUTRA
553759036,553765856,0,195.54500000000002,0,2,51.9586855957888,0.019242990338594352,0.0004657661853749418,-9.786252783195244e-19,0.000100365997333817,CIDADE DUTRA
553759846,553760559,0,29.437,0,4,49.020417929494336,0.020396408826295356,0.001378963013304335,3.468815840553662e-18,0.0001585255637009844,CIDADE DUTRA
553759846,12505687069,0,25.298,0,4,50.01339926623066,0.019991452282687044,0.00046891252112520347,8.048721873173812e-19,0.0001598323626265995,CIDADE DUTRA
553759846,12505687070,0,20.084,0,4,50.01100654011804,0.01999240875353647,0.00046272834396089604,-1.1169893805521952e-18,0.00015842733364068026,CIDADE DUTRA
553760559,553760597,0,239.02900000000002,0,4,48.037645557505186,0.020813686293782458,0.0018248747351517637,1.9606343872997996e-18,0.00015829431878340192,CIDADE DUTRA
553760559,553761881,0,694.7339999999999,0,4,49.01068750996969,0.02040045826172994,1.193437698375113e-06,4.219163196706118e-18,0.00015858459166340056,CIDADE DUTRA
553760597,5265238000,0,353.82900000000006,0,4,47.07050566278513,0.02124133724181168,0.015067367930658233,-8.91831106987764e-19,0.0001668859127868502,CIDADE DUTRA
553761867,4274074546,0,24.784,0,4,49.004147391928534,0.0204031809171015,0.024200746636322972,5.872727988542668e-18,0.00015800658222683598,CIDADE DUTRA
553761867,4274074549,0,59.356,0,4,48.03605040676344,0.02081437746149606,0.024647960290204992,2.8481054944268983e-18,0.00015928120856736148,CIDADE DUTRA
553761867,553761881,0,98.857,0,4,49.007337693412026,0.02040185270174822,5.9671884918755645e-06,4.8375836273721765e-18,0.00015892749042403282,CIDADE DUTRA
553761881,553762095,0,75.57000000000001,0,4,48.03987876854363,0.020812718736095522,0.00045969050254685034,1.0461127205143018e-17,0.00015927048247234656,CIDADE DUTRA
553762095,4274074550,0,86.989,0,4,47.07991705216143,0.0212370910470821,0.0009180790730591096,5.761868797172661e-18,0.00016010738192223764,CIDADE DUTRA
553762095,4274074549,0,92.065,0,4,48.04769500717818,0.020809332992486995,6.075682828091484e-06,1.0635903558733601e-17,0.0001596242006156752,CIDADE DUTRA
553762717,2557002255,0,107.666,0,4,51.951985962673476,0.019245471879442533,0.02194297949966969,2.943361882011142e-18,0.00014672298723704744,CIDADE DUTRA
553762717,2557002208,0,19.21,0,4,51.946881480299886,0.01924736300686309,3.2548300864775805e-07,2.622917140956453e-18,0.00014753603844875582,CIDADE DUTRA
553762717,8697705464,0,17.864,0,4,52.93412027436593,0.018888393341449598,0.02149446391375308,4.871057654365876e-18,0.0001454304303172326,CIDADE DUTRA
553763928,12469307614,0,5.753,0,5,53.90620513638539,0.018547780953902786,0.0023254676024520157,-7.917608136874706e-18,0.00017252326305549866,CIDADE DUTRA
553763928,553765849,0,140.92399999999998,0,4,52.92279470409954,0.018892435490531177,0.0020202730346766343,-3.694529581322948e-18,0.0001666074313764412,CIDADE DUTRA
553763928,12469307613,0,5.281,0,4,53.90141968416015,0.01854942765486464,0.0001525430367195826,-8.672823245661478e-18,0.0001464568828798533,CIDADE DUTRA
553763932,2557002255,0,279.952,0,5,51.95677141489871,0.0192436992849621,0.0,-9.514752916044292e-19,0.00016774475006430323,CIDADE DUTRA
553763932,8697705447,0,17.935000000000002,0,6,52.93172754825331,0.018889247172489444,2.1698867243183872e-07,-2.8165712458794443e-18,0.00018767281029527053,CIDADE DUTRA
553763932,8697705451,0,17.745,0,5,52.93172754825331,0.018889247172489444,0.0004612094232538732,6.823477969614877e-19,0.000161771107106998,CIDADE DUTRA
553763932,12469307614,0,19.326,0,6,52.93188706332749,0.018889190248018564,4.3397734486367746e-06,-5.118637292899208e-18,0.00019049827782341555,CIDADE DUTRA
553765849,553765856,0,139.442,0,4,51.946881480299886,0.01924736300686309,0.0011041468596694113,1.5578932663171397e-19,0.0001839988671421633,CIDADE DUTRA
553765856,12505687067,0,157.349,0,4,50.97080874142606,0.019615943117520403,0.0001888886393519156,1.5586956772698872e-18,0.00017582475806608675,CIDADE DUTRA
553772186,553772194,0,82.533,0,3,56.881799330036685,0.01757751155382061,0.0004657661853749418,-2.092538450889106e-18,0.00012759082177587542,CIDADE DUTRA
553772194,8958385777,0,326.28499999999997,0,5,56.878449513479026,0.017578546769086663,0.001860569371766801,-2.3874195089594406e-18,0.00019456255691308993,CIDADE DUTRA
553772194,3899119735,0,165.5,0,5,56.88148029988834,0.01757761014049749,0.0013966475901075299,-8.135764141191874e-19,0.00021988321208738401,CIDADE DUTRA
553772194,660461199,0,135.61299999999997,0,5,55.884830116446004,0.01789108927847646,0.0041687863747604855,-1.43939103420672e-18,0.000194239375152984,CIDADE DUTRA
554994246,583066607,0,8.27,0,4,43.80363694369118,0.0228255130095956,0.005200892995182526,6.692380678375247e-18,0.00017095554210136082,CIDADE DUTRA
554994246,555022373,0,81.612,0,4,44.798691976391765,0.022318519599918814,0.0038103210879030878,1.0282233299696482e-17,0.00016745934748468822,CIDADE DUTRA
554994246,5259035729,0,107.679,0,4,44.79948955176264,0.022318122258303423,0.0009302304387152926,4.920353068882848e-18,0.00018045611879404836,CIDADE DUTRA
554994249,5259035722,0,33.017,0,4,42.43324294145797,0.023562669633929043,0.010807988785157454,2.4521999004906313e-18,0.00016866017503504972,CIDADE DUTRA
554994249,583066521,0,193.779,0,5,41.80108470250439,0.02391900813200484,1.2693837337262565e-05,2.0715047478690455e-19,0.000191908932214521,CIDADE DUTRA
554994249,563884920,0,99.233,0,4,41.72180571063966,0.02396445858216659,0.01123936226595195,-1.9208053539031077e-18,0.0001574488556674117,CIDADE DUTRA
554994598,7988223734,0,9.579,0,5,39.252671877492425,0.025471908970842224,0.0030101753583106827,1.9118626724913364e-18,0.00017263951283788705,CIDADE DUTRA
554994598,554994601,0,56.782000000000004,0,6,38.74142606476312,0.025808045456417014,0.020442068852458663,4.128688393211369e-18,0.00018865432997318887,CIDADE DUTRA
554994598,5460647317,0,121.60999999999999,0,6,38.75753708725475,0.025797317375324626,0.01991174853703525,4.4879787730941475e-18,0.0001959961749724236,CIDADE DUTRA
554994601,2572903354,0,112.967,0,5,38.933322698995056,0.02568084138761764,0.00026320725965982034,-1.5680721725250607e-18,0.00016165222877218238,CIDADE DUTRA
554994601,555006370,0,247.266,0,6,38.21869516669325,0.02616103141577592,2.6581112372900243e-05,2.4486506802126544e-18,0.000188692302443619,CIDADE DUTRA
554994601,554994603,0,53.589,0,6,38.70872547455735,0.02582984773247069,0.020461814821649958,7.393517319323901e-19,0.0001914151568855084,CIDADE DUTRA
554994603,555009959,0,103.15100000000001,0,5,38.76312011485086,0.02579360180407068,0.021614241660935455,-7.631206807248595e-19,0.00017312153622371957,CIDADE DUTRA
554994603,555006401,0,249.229,0,5,38.848141649385866,0.025737150928598705,6.943637517818839e-05,2.1663363323749733e-18,0.00016721393363731724,CIDADE DUTRA
554999927,555023160,0,60.432,0,4,36.77795501674908,0.027185864044656297,0.006001038724774931,3.1498375582122535e-18,0.00014874016086309716,CIDADE DUTRA
554999927,563885951,0,59.409000000000006,0,4,36.30563088211836,0.027539543057996486,0.01601289607077997,5.9925885086922906e-18,0.00015150969003810305,CIDADE DUTRA
554999995,564000585,0,69.03399999999999,0,4,36.452225235284736,0.027428791479045506,0.01417782286802391,5.173582858797703e-18,0.00015708387359414358,CIDADE DUTRA
554999995,555013556,0,38.911,0,4,37.05200191418089,0.02698478984324885,0.0141041552137333,1.7447796107080747e-18,0.0001586120632111281,CIDADE DUTRA
554999995,5255033407,0,21.491999999999997,0,4,36.969054075610146,0.02704533588771094,0.0085027011292416,1.0560215213753787e-18,0.00015639404452388352,CIDADE DUTRA
555001221,555001232,0,122.487,0,2,40.73010049449673,0.02454795035580429,0.0004657661853749418,-2.059129978493868e-18,9.752332545957954e-05,CIDADE DUTRA
555001232,555001791,0,57.788,0,4,40.06252990907641,0.02495699815251322,0.004748146130153495,-3.4520809569593214e-18,0.0001810084065144058,CIDADE DUTRA
555001232,7988223734,0,63.584,0,4,39.74413782102409,0.02515692979498788,0.0047503160168778135,-1.308081596759667e-18,0.00016600820982758807,CIDADE DUTRA
555001762,555001791,0,60.186,0,3,39.361939703301964,0.025401199546117685,0.0047595380354561664,-1.969585354225687e-18,0.00013745200969142026,CIDADE DUTRA
555001762,555001791,1,309.208,0,3,39.361939703301964,0.025401199546117685,0.0,-4.121004271234136e-18,0.00013745200969142026,CIDADE DUTRA
555001762,555002180,0,54.213,0,4,38.596267347264316,0.02590510828236072,0.004786119147829067,-2.8598254800079407e-18,0.00016811986264803137,CIDADE DUTRA
555002137,2573370320,0,58.161,0,3,36.74461636624661,0.027210529971521846,0.004337061090231377,-6.542190274119004e-18,0.00013090748000561478,CIDADE DUTRA
555002137,2573370320,1,360.11800000000005,0,3,36.74461636624661,0.027210529971521846,0.0,-4.270807865976819e-18,0.00013090748000561478,CIDADE DUTRA
555002137,555005254,0,60.57,0,4,35.80204179294943,0.02792691240092139,0.004768543065362087,-6.119313528449658e-18,0.00016237785383907183,CIDADE DUTRA
555002180,2573370320,0,5.453,0,4,37.667251555271974,0.02654402547684385,0.004450654660249444,-1.9785437027988383e-18,0.00016428096063065035,CIDADE DUTRA
555002180,555006370,0,58.532999999999994,0,5,37.99633115329399,0.026314132301143163,0.0018156527165734105,-4.177988778759287e-18,0.00017536598908763745,CIDADE DUTRA
555005254,2573370302,0,213.90099999999998,0,4,35.30132397511565,0.028323030763113183,0.003995412425487446,8.8668326051483e-19,0.00015098832224941252,CIDADE DUTRA
555005254,555015785,0,186.64,0,5,35.321741904609986,0.028306658477546154,0.006789684054728449,-2.0690733881768507e-18,0.0001838203830213591,CIDADE DUTRA
555006370,555015778,0,290.51300000000003,0,6,37.55176264156963,0.026625660544067422,1.8227048484274453e-05,-2.937109168000559e-18,0.00019020733596011435,CIDADE DUTRA
555006370,555006401,0,51.573,0,5,38.233530068591485,0.026150880735629115,0.0016049567156420951,-4.324525133147614e-18,0.0001646296352882657,CIDADE DUTRA
555006401,555009944,0,23.953,0,4,38.53868240548732,0.025943815992615863,0.001492014111641323,-3.1104184444242314e-18,0.0001392598239151219,CIDADE DUTRA
555009944,5254729890,0,112.316,0,4,38.192215664380285,0.0261791694336896,0.0013770101152524486,-2.9257715843183153e-18,0.0001463328773974567,CIDADE DUTRA
555009944,555015770,0,251.837,0,5,38.24549369915457,0.026142700439187358,0.0004013205496626857,-2.2873828697886997e-18,0.00016734889062765227,CIDADE DUTRA
555009959,5254729890,0,242.035,0,4,38.43946402935077,0.026010781111890348,0.005215322741899244,-2.3072385921290556e-18,0.00014948288557674043,CIDADE DUTRA
555009959,2585824353,0,289.626,0,4,39.25634072419844,0.02546952839925558,0.016367998033214676,-3.4665650784725077e-18,0.00015212973452343668,CIDADE DUTRA
555010977,555013556,0,203.23600000000002,0,4,37.72483649704897,0.02650350744406906,0.009257062248950888,4.4095711614292835e-18,0.00015828127221813394,CIDADE DUTRA
555010977,563883619,0,181.85000000000005,0,4,38.52703780507258,0.025951657378501695,0.0031106411136466237,1.2710579919957891e-18,0.00015733788139957308,CIDADE DUTRA
555010977,5254729890,0,229.01200000000003,0,4,38.09060456213112,0.026249005402236274,0.0062656564108055585,-2.823984436370402e-18,0.00015405855388667353,CIDADE DUTRA
555013543,555013556,0,106.043,0,4,37.85547934279789,0.026412041328861095,0.004990196994251211,1.3571495418775191e-18,0.00016134472629192496,CIDADE DUTRA
555013543,555014327,0,211.67600000000002,0,4,38.17387143085021,0.026191749682422945,4.122784776204936e-06,2.7717741744220023e-18,0.00016438249036284728,CIDADE DUTRA
555013543,555014716,0,99.14500000000001,0,4,38.36066358270857,0.02606421243913291,0.005158688698394534,-2.2367778862311534e-18,0.00016277867900523095,CIDADE DUTRA
555014327,555052713,0,40.746,0,4,37.40213750199394,0.026732174995948377,0.0016437976880073941,5.6896491966386315e-18,0.00016317451573098858,CIDADE DUTRA
555014327,555015169,0,60.451,0,4,38.20019141808901,0.026173703528940148,0.0016417362956192918,2.4036305069096517e-18,0.00017195976622612396,CIDADE DUTRA
555014716,2572903373,0,111.047,0,4,38.34072419843675,0.02607776733039882,0.006989313633365741,4.121849358846342e-18,0.00015587363234231152,CIDADE DUTRA
555014716,555015169,0,171.52799999999996,0,4,38.57521135747328,0.025919248391418695,0.0016569255026895205,2.108289903590682e-18,0.0001703559548685076,CIDADE DUTRA
555015169,5238772437,0,33.141000000000005,0,2,39.05200191418089,0.025602797191371516,0.0004657661853749418,7.855954393622423e-19,9.660742220286614e-05,CIDADE DUTRA
555015770,2572903373,0,63.605,0,5,38.26144520657202,0.02613180133493982,0.007626826352970483,-3.5453246881462613e-19,0.0001714551562723378,CIDADE DUTRA
555015770,555015778,0,61.826,0,6,37.61269739990429,0.02658252542473515,0.0081033334776308,1.5169208830686178e-18,0.00019045781658797966,CIDADE DUTRA
555015778,555023172,0,57.907000000000004,0,5,36.715106077524325,0.027232400822011844,0.02414942881529284,4.054082701425291e-18,0.00016543842779917516,CIDADE DUTRA
555015785,555023172,0,29.037,0,5,35.78640931568033,0.027939111636096192,0.024590783775019203,3.4170663917848906e-18,0.0001768589145751299,CIDADE DUTRA
555015785,555054983,0,76.17,0,5,35.81560057425427,0.02791634005558327,0.026462745052088676,4.257011927939723e-19,0.00019053800860424473,CIDADE DUTRA
555015793,5254757500,0,228.851,0,4,35.96315201786569,0.0278018034801045,4.9690405986891065e-05,-9.508441053891523e-19,0.00016346731494491123,CIDADE DUTRA
555015793,555475549,0,81.904,0,4,36.055670760886905,0.027730464135767786,0.026447013373337366,-2.8966120281932578e-18,0.00016305970259541204,CIDADE DUTRA
555015793,555054983,0,65.961,0,4,36.32285851012921,0.02752648128304671,0.026478368236503767,-3.45717567018809e-18,0.0001655402613506001,CIDADE DUTRA
555018556,555053447,0,60.989000000000004,0,4,39.028872228425584,0.02561797018048653,0.00592476720641514,-3.778741029561409e-18,0.00015123725569163608,CIDADE DUTRA
555018556,5254742326,0,219.975,0,4,39.47742861700431,0.025326889819139824,8.972481605056531e-05,-2.6993762984732035e-18,0.00014993843457644318,CIDADE DUTRA
555022373,4516899184,0,14.981,0,4,45.569628329877176,0.02194094008597152,0.002101969269847222,8.345969869883259e-18,0.0001623045094085854,CIDADE DUTRA
555022373,5259035734,0,14.901,0,4,45.31025681926942,0.022066537581411725,0.0014606592484749223,3.965062382714608e-18,0.00016197924430824047,CIDADE DUTRA
555022391,5259071791,0,204.842,0,4,41.30563088211836,0.02420591245245129,0.0029377011417184486,5.550367718908937e-19,0.00015392735642059596,CIDADE DUTRA
555022391,583067669,0,163.904,0,4,40.37980539160951,0.024760904002117397,0.0029288046061487433,1.5460078626680066e-19,0.00015278012340103276,CIDADE DUTRA
555022391,583066688,0,64.827,0,4,41.256659754346785,0.024234644561124043,3.69965686496285e-05,-1.6598505163416643e-18,0.00014988370051178794,CIDADE DUTRA
555023160,555023172,0,282.323,0,4,36.7478066677301,0.027208167659264145,0.00022859756640694208,2.6428568807117413e-18,0.00014359478287279028,CIDADE DUTRA
555052713,563997885,0,43.967,0,4,37.460679534215984,0.026690399035943467,0.006688784322047644,1.0680160372629437e-19,0.00015958668543188603,CIDADE DUTRA
555052713,564000585,0,87.799,0,4,36.496410910831074,0.0273955838388783,0.005128852755935156,5.440275899838111e-18,0.00015860856204308172,CIDADE DUTRA
555052750,563997885,0,19.185,0,4,38.3159993619397,0.02609459498840564,0.006216616970835963,-3.03801265145739e-18,0.00015803483330782927,CIDADE DUTRA
555052750,555053447,0,141.344,0,4,39.03796458765353,0.025612003481401878,0.005652554916849398,-3.826135259697338e-18,0.00015646585211666025,CIDADE DUTRA
555052750,555053134,0,141.54000000000002,0,4,39.04019779869198,0.025610538401506885,0.0002738397046089805,-8.1666158777496545e-19,0.0001570919412290889,CIDADE DUTRA
555053134,5254742326,0,254.372,0,4,39.05838251714787,0.025598614701642184,0.0003594417358833408,2.5883368470984885e-19,0.00015453041215526846,CIDADE DUTRA
555053134,555053447,0,88.332,0,4,39.54952943053119,0.025280717604543108,9.113524242137226e-05,-2.05738290377706e-18,0.0001558292332704614,CIDADE DUTRA
555054947,555054983,0,325.063,0,2,36.81304833306748,0.027159948175976358,0.0004657661853749418,-2.6159244976430108e-18,9.119789807295892e-05,CIDADE DUTRA
555059822,559175612,0,69.734,0,2,33.76375817514755,0.02961283159709919,0.0004657661853749418,-1.6665352830347604e-18,9.508697925257737e-05,CIDADE DUTRA
555059857,555060809,0,152.58800000000002,0,4,35.908597862498006,0.027844041384028323,0.00017684576803194855,4.348617227239613e-19,0.0001570905049204325,CIDADE DUTRA
555059857,555072156,0,48.098,0,4,35.2509172116765,0.02836353105145981,0.02741944810884065,3.608903483764684e-18,0.00015622572344851164,CIDADE DUTRA
555059857,5042110978,0,41.525,0,4,35.588770138778116,0.028094269091821826,0.027434528821574666,7.507747031521651e-19,0.00015834808932304128,CIDADE DUTRA
555060809,555072154,0,47.632000000000005,0,4,35.87159036528952,0.027872767132546838,0.0003464224155374305,-2.7597417635519217e-18,0.0001534045173366369,CIDADE DUTRA
555060809,5042110978,0,206.17299999999997,0,4,36.07561014515872,0.0277151372049629,0.0,-2.0940353473102866e-18,0.00015783635182656702,CIDADE DUTRA
555072154,2573370304,0,14.622,0,5,36.05519221566438,0.0277308321904172,0.000822061585508021,-1.0283397034934356e-18,0.00017703965270103597,CIDADE DUTRA
555072154,555072156,0,153.806,0,4,35.51284096347105,0.028154336791986704,1.2259859992398887e-05,-5.70527099657042e-19,0.00015253973586471604,CIDADE DUTRA
555072156,2573370310,0,28.5,0,4,34.88100175466582,0.028664328276984848,0.027577849839715896,-2.466312642209024e-18,0.00015379248982912836,CIDADE DUTRA
555453351,555464043,0,73.878,0,4,32.37214866804913,0.0308858239586875,0.005332605119348652,-4.2590268104537275e-18,0.00015554697516103995,CIDADE DUTRA
555453351,559548914,0,18.823999999999998,0,4,31.576168447918327,0.03166440179640416,0.0304757335600431,-3.4675743115002342e-18,0.00015711731148173268,CIDADE DUTRA
555453351,559549331,0,29.156999999999996,0,4,32.209921837613656,0.03104138190606367,0.03540007449221125,-2.432631773319697e-18,0.0001558041008369193,CIDADE DUTRA
555453401,2573370387,0,15.04,0,5,31.789440102089646,0.03145196900967444,0.15264263452022883,-8.8288629569315e-18,0.0001743711915408661,CIDADE DUTRA
555453401,555463994,0,63.156,0,6,31.699154570106874,0.03154155050774449,0.016788847563396225,-7.380848664022748e-18,0.0002030678725207597,CIDADE DUTRA
555453401,555488332,0,71.372,0,5,31.759610783219014,0.03148150938468416,0.1684674014120104,-1.0088778086512936e-17,0.00017507349310336091,CIDADE DUTRA
555453401,559546444,0,73.37899999999999,0,6,30.917371191577605,0.03233911702034351,0.001042956054043633,-2.9355027293126305e-18,0.0002010428322786397,CIDADE DUTRA
555459449,559551289,0,46.899,0,4,29.030626894241507,0.03444088508898694,0.017377971809048667,8.859824365398376e-16,0.00014689702619531938,CIDADE DUTRA
555459449,559551286,0,44.012,0,4,28.152336895836658,0.03551536373783905,0.0007649935646584474,2.5226684479543913e-15,0.0001455727041607991,CIDADE DUTRA
555459449,555459493,0,20.423000000000002,0,5,28.953900143563565,0.03453215214421085,0.01830017366688398,5.625035846103503e-16,0.00017255573278210227,CIDADE DUTRA
555459493,559550126,0,156.699,0,5,29.778433561971607,0.03357599327194519,0.00018476585457571066,1.4136872520715327e-16,0.00016891478815356318,CIDADE DUTRA
555459493,555459523,0,69.271,0,6,29.794385069389058,0.0335580171430713,0.018318183726695823,1.4354181424055999e-16,0.00020065777955484773,CIDADE DUTRA
555459493,7279477464,0,183.41400000000002,0,5,29.3892167809858,0.03402065772547913,0.00012737235071748934,1.9894860717046683e-16,0.00017401868399916976,CIDADE DUTRA
555459523,555459639,0,175.22899999999998,0,5,30.654011804115488,0.03261695373887703,0.025465139630583295,2.964526359004941e-17,0.00017611036865147948,CIDADE DUTRA
555459523,559549161,0,78.029,0,5,30.687190939543786,0.03258168813481791,0.0002471500978998643,3.4828798652614645e-17,0.00017622155409201113,CIDADE DUTRA
555459523,559548881,0,136.75799999999998,0,5,30.665337374381878,0.03260490738188004,0.007623571522884005,3.355784888329146e-17,0.00017411954356257093,CIDADE DUTRA
555459639,564028251,0,59.413,0,4,31.589089168926463,0.03165145027066333,0.009788901485081325,8.316621920842502e-18,0.000154850842836006,CIDADE DUTRA
555459639,564028752,0,77.894,0,4,31.522252352847342,0.031718561025843445,0.030850147514324237,5.530839743829983e-18,0.00014876157206116671,CIDADE DUTRA
555463994,5256917040,0,58.896,0,5,32.57425426702824,0.030694194154979235,0.007126884451687527,8.742923486008731e-19,0.00017765800309062625,CIDADE DUTRA
555463994,5256917035,0,33.082,0,5,32.1233051523369,0.031125081313530076,0.003793829948798268,-3.032025468974804e-19,0.00018616854420361155,CIDADE DUTRA
555463994,576429700,0,113.396,0,5,32.49864412186952,0.030765606133487784,0.012629174712877876,-1.2192286119926849e-18,0.0001774938169212686,CIDADE DUTRA
555464043,555469568,0,138.533,0,4,32.92630403573138,0.03036601022212533,0.0059615467863923365,-3.6840610352213214e-18,0.00015117395194419212,CIDADE DUTRA
555464043,5256917044,0,69.143,0,4,33.21598341043229,0.030101185702417026,0.0068193030085153955,-2.5929103398533782e-18,0.0001537157453332292,CIDADE DUTRA
555465029,555488298,0,30.999,0,4,32.17530706651779,0.031074776780181154,0.04795091629434123,4.1233457660308524e-19,0.0001618862167079411,CIDADE DUTRA
555465029,5256917035,0,46.498,0,4,32.16174828521295,0.03108787731497555,0.004087632611270978,1.0047235430888405e-18,0.0001628472692052432,CIDADE DUTRA
555465029,555488316,0,46.840999999999994,0,4,32.218854681767425,0.031032775522328943,0.045274252525558285,3.136902087687965e-19,0.00015920861823327052,CIDADE DUTRA
555466645,5256917035,0,185.87199999999999,0,2,32.646514595629284,0.030626255124327546,0.0004657661853749418,-9.168279445726483e-19,8.994243075617986e-05,CIDADE DUTRA
555467939,576429700,0,74.293,0,4,33.306109427340886,0.030019732178777372,0.012272770818408583,5.747272494398045e-19,0.00014988986547504826,CIDADE DUTRA
555467939,5256917044,0,237.76600000000002,0,4,34.00031903014835,0.02940679715502843,2.853401042478679e-05,5.344773965184152e-18,0.00015248315563317147,CIDADE DUTRA
555469568,564028314,0,60.88,0,5,33.11134152177381,0.030196314585089725,0.005757468939970193,3.4518911666923127e-18,0.0001765607063706004,CIDADE DUTRA
555475549,5254757500,0,299.64599999999996,0,4,35.60551922156644,0.02808105335310536,0.0006891560236435198,-1.4708137588623468e-18,0.00016303021189298074,CIDADE DUTRA
555475549,5042110978,0,30.425,0,4,35.59690540756102,0.02808784846543017,0.027283613199898322,3.574547318291132e-20,0.00016085826788632868,CIDADE DUTRA
555488143,11597619419,0,4.516,0,4,34.197798691976395,0.029236983758267797,0.0020940491833034594,3.9000346060951944e-18,0.00016132220880554364,CIDADE DUTRA
555488143,11597619409,0,22.601,0,4,34.86457170202584,0.028677836442996624,0.0018420168402738788,4.864736409455023e-18,0.00016419761138054375,CIDADE DUTRA
555488143,11597619413,0,8.178,0,4,35.06237039400224,0.02851605506674067,0.0003298227820963949,3.998554650018626e-18,0.00016247881323588792,CIDADE DUTRA
555488168,11597619409,0,3.076,0,4,33.87717339288563,0.02951369269597318,0.045589862549610394,4.8970303998290286e-18,0.0001727606732856336,CIDADE DUTRA
555488168,559003365,0,60.479,0,4,32.88658478226193,0.030402685214826888,0.04520839646347522,1.7163155604562544e-18,0.0001730414854889314,CIDADE DUTRA
555488168,5262019711,0,143.7,0,2,33.88227787525921,0.02950924635606945,0.0004657661853749418,-2.671680199186441e-20,9.72085080690638e-05,CIDADE DUTRA
555488273,7279903807,0,221.16400000000002,0,4,32.44377093635349,0.03081764098529918,0.043817933050532,7.861665554177225e-19,0.00017303563071712516,CIDADE DUTRA
555488273,555488298,0,130.668,0,4,31.996012123145636,0.031248909429014423,0.04748905590507006,-1.6746667791489465e-18,0.00016465643947252782,CIDADE DUTRA
555488273,555509486,0,156.78199999999998,0,4,31.841282501196364,0.03140076047151238,0.0036599479379078237,-1.7435411209151224e-18,0.00016474253884532172,CIDADE DUTRA
555488298,555510953,0,215.913,0,4,31.85531982772372,0.03138692345055859,0.0001338820108904445,1.12708639488872e-18,0.0001621776434765483,CIDADE DUTRA
555488316,555488332,0,15.021,0,4,31.810177061732333,0.03143146556479355,0.04566157730584912,-1.519640740967729e-18,0.00015352444417104198,CIDADE DUTRA
555488316,555513454,0,223.926,0,4,31.649704897112777,0.031590831199725826,0.00013420749389909224,1.7404913815310217e-19,0.0001589080484882064,CIDADE DUTRA
555488332,559545767,0,55.247,0,4,32.27340883713511,0.030980318502189578,0.125874803394701,-1.7074628533114313e-18,0.00015252203191204084,CIDADE DUTRA
555509486,555510953,0,81.08,0,4,31.42335300685915,0.03181838948592082,0.0030926310538347815,1.4586445736670593e-18,0.00016226374284934218,CIDADE DUTRA
555509486,555513917,0,138.572,0,4,31.24054873185516,0.03200457499987235,0.006732073562197796,4.825440652424738e-18,0.00016447216213686953,CIDADE DUTRA
555510953,555513454,0,74.25399999999999,0,4,31.48636146115808,0.03175471659878007,0.0032769629310656283,-4.838419919426382e-19,0.00016061261301372992,CIDADE DUTRA
555513454,555522034,0,63.92,0,4,31.765991386185995,0.031475185923541614,0.003494385580842331,3.144930869199373e-18,0.00016176852935602967,CIDADE DUTRA
555513917,5261371925,0,67.67500000000001,0,4,31.524485563885786,0.03171631406639781,0.0005510427336406544,-8.223854303803891e-19,0.00016646824877956947,CIDADE DUTRA
555513917,5261371957,0,177.85699999999997,0,4,30.889137023448715,0.03236867654045568,0.007131766696817243,-3.244767325435361e-19,0.00016679351387991447,CIDADE DUTRA
555517764,558996757,0,16.582,0,4,30.666613494975277,0.032603550603644234,0.10663832360627362,-1.3083960139470775e-18,0.00019261334356582448,CIDADE DUTRA
555517764,558996995,0,88.558,0,2,30.734247886425266,0.03253180258780421,0.0004657661853749418,-2.546084992188238e-19,0.00010549824864647679,CIDADE DUTRA
555517764,5261337036,0,47.426,0,4,29.79454458446323,0.0335578374789862,0.10695556104536898,-1.0085938887087411e-18,0.00019397189595166667,CIDADE DUTRA
555517803,559546233,0,50.79900000000001,0,4,31.831711596745894,0.03141020180102529,0.02591170231844802,-3.131507726449426e-18,0.00017392357786712078,CIDADE DUTRA
555517803,555522034,0,117.917,0,4,31.5519221566438,0.03168873452343035,0.10694265021935928,-3.749184127334142e-18,0.0001642170472104069,CIDADE DUTRA
555517803,559545767,0,57.357,0,4,31.711915776040836,0.03152885785857285,0.12982573314233992,-1.5012572703761987e-18,0.00016035415408358246,CIDADE DUTRA
555521824,5238767694,0,16.258,0,4,28.965225713829955,0.034518649873611515,0.004922279539780045,1.878386409597941e-18,0.00016392419886448843,CIDADE DUTRA
555521824,5238767700,0,28.36,0,4,29.94799808581911,0.03338588716550196,0.0032468015055976025,-3.582020448468687e-18,0.00016047704570877969,CIDADE DUTRA
555521824,5238767703,0,35.579,0,4,29.948476631041633,0.03338535369406702,0.0018595929227408579,-6.095397240536047e-19,0.00016047704570877969,CIDADE DUTRA
555521894,558993924,0,151.767,0,4,28.876056787366405,0.03462524306169348,0.0004750966982895109,-1.1532095457322509e-18,0.00017752463518845422,CIDADE DUTRA
555521894,555521919,0,24.03,0,4,29.6589567714149,0.0337112492739281,0.005060826807127774,-1.6605578447978892e-18,0.0001776993567581895,CIDADE DUTRA
555521894,5238767694,0,86.402,0,4,28.872547455734566,0.034629451608269524,0.004583234739105297,-2.986156192037087e-18,0.000169661180247724,CIDADE DUTRA
555521919,5261371957,0,2.584,0,4,30.41952464507896,0.03286837965390666,0.005299080369457933,-2.7944356255080916e-18,0.0001754330130835853,CIDADE DUTRA
555521919,5261371964,0,276.65500000000003,0,2,30.542191737119158,0.03273636985621693,0.0004657661853749418,-8.099987870426335e-19,9.885626280092894e-05,CIDADE DUTRA
555522034,558992418,0,101.073,0,4,31.234008613814005,0.032011276467523976,0.10441397272517484,3.612266652390709e-18,0.00016425696272252588,CIDADE DUTRA
555523634,555534228,0,88.08800000000001,0,4,31.23273249322061,0.03201258439820631,0.0011550307033546775,-2.8032246821576863e-19,0.00016051300557265116,CIDADE DUTRA
555523634,555534253,0,107.22,0,4,30.77572180571064,0.032487962142298106,0.0007347236448542059,8.499361052028478e-19,0.00016024954084137175,CIDADE DUTRA
555523634,555526638,0,88.79999999999998,0,4,30.675705854203223,0.03259388682620407,0.00187814545423378,1.7341253524482779e-18,0.00016112746607049237,CIDADE DUTRA
555523717,559546233,0,14.316,0,4,31.41569628329877,0.03182614435502298,0.026025404382802302,-1.6214016245524405e-18,0.000179403111298164,CIDADE DUTRA
555523717,559546207,0,40.818,0,4,30.652735683522092,0.03261831163289308,0.025336790830839864,-1.749018229001251e-18,0.00018558795552535916,CIDADE DUTRA
555523717,555528899,0,68.993,0,4,30.644440899665017,0.03262714070064026,0.0012129666788939784,-2.400051389449631e-18,0.0001705831983855018,CIDADE DUTRA
555526339,5261380537,0,37.481,0,4,27.20051044823736,0.03675815153647666,0.0019568038479903216,4.302397629145366e-18,0.00015558123653409088,CIDADE DUTRA
555526339,2513876052,0,20.511,0,5,26.226511405327802,0.038123274173732166,0.028568728612375884,2.4562205552442474e-17,0.00017865408358259756,CIDADE DUTRA
555526339,5261380538,0,9.937,0,4,27.205933960759292,0.036750823786014984,0.02654823858902682,3.418102046104865e-18,0.00016005056246684904,CIDADE DUTRA
555526416,5238702366,0,85.878,0,4,27.961556867123942,0.03575768293865629,0.001828455048246889,4.5575918770664175e-18,0.00015830083149283468,CIDADE DUTRA
555526416,5261380537,0,53.048,0,4,27.67714148987079,0.036125135440440784,0.0028880107357315576,6.528829671208516e-19,0.00015758651468255255,CIDADE DUTRA
555526416,8719530553,0,59.596000000000004,0,4,27.027755622906366,0.036993100680488916,0.0024386271951252194,3.234180502166314e-18,0.00015587995839829211,CIDADE DUTRA
555526523,555526638,0,88.777,0,4,30.0325410751316,0.033291904352167584,0.10604887387761254,1.6760550758391941e-18,0.00016206990221118137,CIDADE DUTRA
555526523,558992390,0,48.650000000000006,0,4,30.130642845748923,0.03318350989205301,0.10647883693203622,-8.315759249563659e-19,0.000164479426689517,CIDADE DUTRA
555526523,555547220,0,73.809,0,4,29.22922316158877,0.03420687848590358,0.0012856578841586445,5.441748160432909e-18,0.00016111084140980807,CIDADE DUTRA
555526638,558992418,0,53.785000000000004,0,4,30.806667730100493,0.03245532732347108,0.10456185050543715,8.142788988708229e-19,0.00016349822979103693,CIDADE DUTRA
555528714,7279842908,0,60.483999999999995,0,4,29.018184718455895,0.03445565236511557,0.001053480004656577,4.2618091347800305e-18,0.0001612684577910496,CIDADE DUTRA
555528714,555534253,0,65.633,0,4,29.90875737757218,0.03342968991669244,0.0008436519584149889,-7.843476334334315e-19,0.00016061696391277805,CIDADE DUTRA
555528714,555528899,0,121.148,0,4,29.845908438347426,0.03350008551393877,0.00020364386907728064,2.905261132333023e-20,0.00016314023981743939,CIDADE DUTRA
555528899,555534228,0,60.462,0,4,30.740947519540597,0.03252471265858911,0.0011309449607147435,-1.0022929539638e-18,0.0001630298665267223,CIDADE DUTRA
555534228,555534253,0,80.024,0,4,30.811293667251554,0.032450454554867565,0.00015807624786659451,-1.0569317956152003e-18,0.000160506590622061,CIDADE DUTRA
555543009,555543026,0,61.839,0,4,27.044983250917213,0.036969536111356865,0.000614945897671831,4.843778391309125e-18,0.00015684633249136168,CIDADE DUTRA
555543009,5238702366,0,113.872,0,4,27.974637103206252,0.035740963546269953,0.0009331597857931224,6.483095899077438e-18,0.00015865706501960603,CIDADE DUTRA
555543009,555545492,0,98.43,0,4,28.009092359227946,0.035696996964502334,0.0015384496875417365,6.7727105916501955e-18,0.00015880744591766552,CIDADE DUTRA
555543026,8719530553,0,104.75800000000001,0,4,26.566438028393684,0.03763547389594404,0.0023644170691535307,2.817747882091717e-18,0.0001547438537502503,CIDADE DUTRA
555543026,558998020,0,318.067,0,4,26.56500239272611,0.03763750780612,0.0017361263681271416,9.29036147683922e-19,0.00015274464512959597,CIDADE DUTRA
555545433,5261337036,0,63.613,0,4,28.850534375498484,0.03465587402689314,0.10729276144232805,-3.903288440638515e-18,0.00018099436691518836,CIDADE DUTRA
555545433,5261332760,0,16.810000000000002,0,4,27.87222842558622,0.0358722836817737,0.0024168198335458198,-6.90776509518459e-18,0.00016510347468750552,CIDADE DUTRA
555545433,558998196,0,55.991,0,4,27.933003668846705,0.035794234547032754,0.10958253440816502,-3.530311733852077e-18,0.00016845826572288818,CIDADE DUTRA
555545455,555547022,0,18.397,0,4,28.826288084223957,0.03468502368409403,0.0005119847726029234,5.060626216975404e-19,0.0001594567292688041,CIDADE DUTRA
555545455,2585568684,0,26.859,0,4,28.824692933482215,0.03468694314396078,0.001461201720156002,-4.144260322454751e-18,0.00015939682627949057,CIDADE DUTRA
555545455,5261332760,0,187.131,0,4,27.871111820066997,0.035873720839724364,0.001981974533992415,-1.283463914912799e-18,0.00015967839148462633,CIDADE DUTRA
555545492,5261332740,0,56.007000000000005,0,4,28.97064922635189,0.03451218773572959,0.000372678044901683,8.034259829372922e-18,0.0001594739823501659,CIDADE DUTRA
555545492,2585568684,0,54.687,0,4,29.002392726112618,0.03447441369296431,0.0016914267016061829,-5.680379053380775e-19,0.0001593453400029795,CIDADE DUTRA
555545990,558992390,0,22.584,0,4,31.121869516669324,0.03212662029799644,0.10648849292795944,2.1627613460056373e-18,0.0001673321248670727,CIDADE DUTRA
555545990,558996775,0,37.71,0,4,31.654171319189665,0.03158637371497682,0.10646863846443193,8.581229364346192e-19,0.0001764205125033741,CIDADE DUTRA
555545990,555549057,0,24.738,0,4,30.748285212952624,0.03251695104300144,0.0009623447622352047,9.85265207713895e-19,0.00016499171922256033,CIDADE DUTRA
555547022,2585568684,0,34.844,0,4,29.49976072738874,0.03389317269944953,0.00032190269555263274,1.556340211244589e-18,0.00015947436182611632,CIDADE DUTRA
555547022,555549155,0,65.87,0,4,29.731855160312648,0.03362859396209004,0.0006165733127150697,1.2825950075878304e-18,0.0001597430488692846,CIDADE DUTRA
555547220,555549094,0,59.563,0,4,29.312968575530387,0.034109151461393206,0.00039882517992971957,7.515997938183898e-18,0.00016007624682402128,CIDADE DUTRA
555547220,5238702366,0,174.259,0,4,28.39097144680172,0.03521684655276066,0.0008548268750452286,6.679390893778399e-18,0.0001595281570596567,CIDADE DUTRA
555549057,555549094,0,119.24499999999999,0,4,30.304992821821664,0.032992599298880945,0.000228706060743158,4.461591144410507e-18,0.0001611044264592179,CIDADE DUTRA
555549057,555549155,0,64.213,0,4,30.332907959802203,0.03296223646776085,0.00041347191531886866,1.7334881318549034e-18,0.00016104452346990438,CIDADE DUTRA
555549094,5261332740,0,61.229,0,4,29.830116446004148,0.03351782037913425,0.00016393494202225414,8.794338406011688e-18,0.00015987169121647104,CIDADE DUTRA
555549155,5261332740,0,103.49700000000001,0,4,29.90126016908598,0.03343807181610128,1.4104263708069516e-06,2.8776025395426524e-18,0.0001598117882271575,CIDADE DUTRA
558992390,558992674,0,69.345,0,4,31.027436592758015,0.032224398620129456,0.0004656576910387259,-1.636783069715205e-18,0.00017183670167558802,CIDADE DUTRA
558992408,558992418,0,70.459,0,4,31.584144201627055,0.031656405775728404,0.0004656576910387259,2.7382224963209107e-18,0.0001709015839996568,CIDADE DUTRA
558992408,558992674,0,251.526,0,3,31.80124421757856,0.03144029453958126,0.0,-6.093970582250281e-18,0.00013495393329585897,CIDADE DUTRA
558992408,558992674,1,194.382,0,3,31.80124421757856,0.03144029453958126,1.0849433621591936e-07,-5.58849427464425e-18,0.00013495393329585897,CIDADE DUTRA
558993924,558996108,0,77.926,0,4,28.06619875578242,0.03562436415511489,0.0007367850372423084,3.25259326979215e-19,0.0001744707022531712,CIDADE DUTRA
558993924,5261355079,0,75.43900000000001,0,2,28.97702982931887,0.0345045883175435,0.0004657661853749418,5.728693843438306e-19,9.868154123119364e-05,CIDADE DUTRA
558993942,558996108,0,339.36400000000003,0,4,27.20736959642686,0.03674888457637354,0.0007638001269600723,3.301876814040258e-18,0.00016265456118771333,CIDADE DUTRA
558993942,558995553,0,33.414,0,4,26.28872228425586,0.03803305745006189,0.0058744258344109535,2.006160094816657e-18,0.0001540750539732032,CIDADE DUTRA
558993942,559001611,0,150.442,0,4,27.197958207050565,0.03676160090085863,0.004663954525249941,8.04002645742981e-18,0.00015857604318634372,CIDADE DUTRA
558995545,2513875885,0,19.221,0,6,25.053278034774287,0.03990856939112054,0.05846358349631895,-9.677401722819236e-19,0.00019338342203510512,CIDADE DUTRA
558995545,2288328649,0,107.211,0,5,25.202105598979102,0.03967289483011798,0.06625282587060467,-6.337504447733265e-20,0.00016633449778291065,CIDADE DUTRA
558995545,2288328656,0,48.393,0,5,25.653214228744616,0.03897525183434896,0.004325235207583841,5.110056845205358e-18,0.00016487727298598675,CIDADE DUTRA
558995553,2513875885,0,70.69200000000001,0,5,25.37454139416175,0.039403292827821186,0.03066125887497232,3.1011750149202204e-19,0.00017278220401480303,CIDADE DUTRA
558995553,559001608,0,148.321,0,4,26.247886425267186,0.038092228407516346,0.024582755194139223,2.546967925720973e-18,0.0001527663881084477,CIDADE DUTRA
558995559,559001367,0,43.62,0,4,28.996331153293987,0.034481620438116825,0.0004527468650290315,2.3850218725697668e-18,0.00015923973726706748,CIDADE DUTRA
558995559,559001611,0,87.661,0,4,28.130642845748923,0.035542752805484516,0.004633793099781916,2.7214872856358305e-18,0.00015874595678265675,CIDADE DUTRA
558995559,7279679012,0,121.46799999999999,0,4,29.060615728186313,0.034405344135777054,0.004408775846470099,-2.7528204360488322e-18,0.00015935916376974416,CIDADE DUTRA
558996108,5238767694,0,157.617,0,4,28.062848939224757,0.035628616577424596,0.00015775076485794674,1.7427172998226186e-18,0.00016660724731244102,CIDADE DUTRA
558996757,558996775,0,61.185,0,3,31.508693571542512,0.031732210117046696,0.10648198326778649,2.980215225777628e-18,0.00014237154961500628,CIDADE DUTRA
558996757,558996775,1,277.77299999999997,0,3,31.508693571542512,0.031732210117046696,0.0,2.16392210868174e-18,0.00014237154961500628,CIDADE DUTRA
558997986,5261337036,0,238.51899999999995,0,2,29.825809539001437,0.03352266041994245,0.0004657661853749418,-4.901120411261903e-19,0.00010328572639725005,CIDADE DUTRA
558998020,5261332760,0,121.71000000000001,0,4,26.87908757377572,0.03719770926678734,2.7883044407491275e-05,-3.975430023929853e-19,0.0001550564425948589,CIDADE DUTRA
558998020,558999390,0,221.426,0,5,25.946721965225713,0.03853436616254764,0.0017929774003042833,3.5880175871316056e-18,0.0001756437736712564,CIDADE DUTRA
558998193,5261332762,0,178.889,0,4,26.953900143563565,0.03709446423710157,0.0006483621532263341,-5.362525282791132e-18,0.00016676279094716992,CIDADE DUTRA
558998193,558998196,0,64.67,0,4,26.950231296857552,0.03709951406028967,0.10948217714716531,-1.8318129928061817e-18,0.0001620254777939993,CIDADE DUTRA
558998193,558999390,0,39.721999999999994,0,5,25.956771414898707,0.03851944715866841,0.11032832447531327,9.69106525419289e-19,0.00017960369427706785,CIDADE DUTRA
558998196,5261332762,0,142.767,0,4,27.94480778433562,0.03577911476944505,0.0002829532288511177,-2.893829272408225e-18,0.0001714244844710102,CIDADE DUTRA
558999390,2513875900,0,16.734,0,6,25.45876535332589,0.03927293688636036,0.011880563792988033,6.698742431350409e-18,0.00019711699007648003,CIDADE DUTRA
558999390,2513875889,0,106.092,0,5,25.458286808103367,0.03927367510871064,0.10048018508265805,5.2153530038921325e-18,0.00016749077954906374,CIDADE DUTRA
559000609,8439466435,0,8.712,0,4,31.672196522571383,0.03156839735486243,0.01113726909557277,5.5488151740070984e-18,0.00015950125040774485,CIDADE DUTRA
559000609,5041864106,0,38.851,0,4,32.603286010527995,0.030666862370957483,0.009418827304248823,5.155767918572951e-18,0.00015958419300833278,CIDADE DUTRA
559000609,5238767693,0,141.612,0,4,32.63486999521455,0.030637183021487085,0.0021761793958189105,6.1512561228039e-18,0.0001595150741745095,CIDADE DUTRA
559001019,5041864113,0,54.533,0,4,28.84399425745733,0.034663731936755836,0.010857136719463267,-8.997010407389818e-19,0.0001587506257186919,CIDADE DUTRA
559001019,559001367,0,180.306,0,4,28.927580156324773,0.034563571495530666,3.1246368830184776e-05,1.6126857479348243e-18,0.00015923474986886222,CIDADE DUTRA
559001019,8439466439,0,35.01,0,4,29.81990748125698,0.033529295339171185,0.010863320896627573,3.950277207040474e-18,0.00015935417637153885,CIDADE DUTRA
559001361,5041864113,0,7.706,0,4,27.944648269261446,0.035779319005622624,0.024539899931333937,1.2892091948107352e-18,0.0001583159490918874,CIDADE DUTRA
559001361,559001367,0,176.18,0,4,28.025043866645397,0.035676678676525,0.0001299762147866714,2.631943022341869e-18,0.0001588000732420577,CIDADE DUTRA
559001361,559001608,0,73.426,0,4,27.11277715744138,0.036877095958110256,0.024453863922714713,1.6067181377498433e-18,0.00015734030494595906,CIDADE DUTRA
559001608,559001611,0,139.012,0,4,27.16796937310576,0.036802179478146506,0.00017738823971302816,9.539396810382533e-19,0.00015726737732158822,CIDADE DUTRA
559003297,559011717,0,65.346,0,4,30.417291434040518,0.03287079282170689,0.04596264908884829,-6.5980718925728695e-19,0.00015360314426082308,CIDADE DUTRA
559003297,3899119747,0,61.723,0,4,29.548253309937788,0.0338375495308738,0.015475306634830089,-3.5715038840982726e-18,0.00015295007380347695,CIDADE DUTRA
559003297,559013077,0,65.797,0,5,30.349178497368,0.032944565040287185,0.053790298458154445,-2.3767633115859943e-18,0.00017817284947123528,CIDADE DUTRA
559003306,559011717,0,63.388,0,4,31.274206412505983,0.03197013128768018,0.04422988604514384,-8.331737232412689e-18,0.00015785383517294348,CIDADE DUTRA
559003306,559003323,0,112.34200000000001,0,4,32.074174509491144,0.031172758152511776,0.007282465329821155,-4.706348312531699e-18,0.00016015843685045553,CIDADE DUTRA
559003306,7279679004,0,174.598,0,4,32.17977348859467,0.031070463727166826,0.05114835287696059,-2.687024162863419e-18,0.0001592906199961146,CIDADE DUTRA
559003323,559003365,0,365.449,0,4,32.81560057425427,0.030468449988090666,0.0008715350028224802,-3.676941228819102e-18,0.00016388318207246323,CIDADE DUTRA
559003323,7279679002,0,64.406,0,4,32.83777316956452,0.030447877198095795,0.007776548536948452,-5.782492436863148e-18,0.00015985117582327792,CIDADE DUTRA
559003365,5261371942,0,141.058,0,4,31.960280746530547,0.03128384549733229,0.045892561747652806,2.1641915241376976e-18,0.00016685343281359563,CIDADE DUTRA
559011717,559011755,0,193.926,0,4,31.35412346466741,0.03188864412212109,0.0018368091121355146,-6.493825478031421e-18,0.00015767710780175602,CIDADE DUTRA
559011755,8439466440,0,27.392,0,4,31.467698197479663,0.03177355009099158,0.0015039484886250742,-4.418453110982793e-18,0.0001590033024908099,CIDADE DUTRA
559011755,11597619417,0,60.522999999999996,0,4,32.34455256021694,0.030912175491201767,0.0005927045587475674,-8.092870669637314e-19,0.0001590033024908099,CIDADE DUTRA
559013056,5253150926,0,41.459999999999994,0,5,31.967139894720052,0.03127713296274488,0.013217973475521672,3.1457392025083216e-18,0.00018434879065196374,CIDADE DUTRA
559013056,559175612,0,175.13299999999998,0,4,32.859307704578086,0.030427923007839995,0.017047281072262544,4.849682100200668e-19,0.0001656854427988402,CIDADE DUTRA
559013056,559171118,0,31.605000000000004,0,4,32.78800446642207,0.030494093836962655,0.02811977904911441,-2.0081413336074378e-19,0.00015512308977746502,CIDADE DUTRA
559013077,5253150926,0,204.985,0,6,31.155048652097623,0.032092406469681686,0.012866994297863173,5.428190288245198e-19,0.00020794480562205122,CIDADE DUTRA
559013077,5041864120,0,266.52,0,5,31.17578561174031,0.0320710598083309,0.0009959780064621396,-2.1642415471503e-18,0.00017594252716381393,CIDADE DUTRA
559013077,559176794,0,41.962999999999994,0,5,31.141649385866966,0.032106214816598116,0.055002939654039774,-9.621727144418516e-19,0.0001783003533905705,CIDADE DUTRA
559015340,5260471425,0,13.776,0,4,33.604721646195564,0.02975297624698578,0.006505862871187604,-3.55864634641112e-18,0.00016653037695232883,CIDADE DUTRA
559015340,5260488629,0,138.47,0,4,33.69867602488435,0.02967002276847631,0.000612125044930217,-1.393148180659563e-19,0.00017330371293728004,CIDADE DUTRA
559015340,7279679002,0,130.666,0,4,32.78593077045781,0.030496022575230496,0.0072641297870006645,-5.826561331476715e-18,0.0001625330456635728,CIDADE DUTRA
559170238,559170333,0,49.345,0,4,35.71845589408199,0.027992265060133352,0.0012032021886345457,5.519783705204339e-18,0.0001405581685718137,CIDADE DUTRA
559170238,559170759,0,68.475,0,5,35.06189184877971,0.028516444270551358,0.001530963578342838,7.417395705270627e-18,0.00016847232942461906,CIDADE DUTRA
559170238,559170467,0,48.38,0,4,35.30435476152496,0.02832059930508804,0.0002925007304381186,3.880414956828582e-18,0.0001446868191488121,CIDADE DUTRA
559170330,559170758,0,85.654,0,5,35.427978944010206,0.028221775972768776,2.376025963128634e-05,-5.8926439291597135e-18,0.00017136533438839022,CIDADE DUTRA
559170330,5262008467,0,46.261,0,4,35.0807146275323,0.028501143592471842,0.022560312272738272,-1.6630324964445406e-18,0.00014528450894410737,CIDADE DUTRA
559170330,5238772433,0,43.593,0,4,34.79582070505663,0.028734499277970064,0.02242230747707162,-2.981528854797257e-18,0.00015115616078884524,CIDADE DUTRA
559170333,2573370304,0,50.077,0,5,36.053118519700114,0.027732427206803027,0.0010505506575787472,-1.6192251093885048e-18,0.0001712004643742558,CIDADE DUTRA
559170333,559170758,0,68.591,0,5,35.708565959483174,0.028000017868550012,3.4935176261526035e-05,-8.034555120615043e-19,0.00016784519050506172,CIDADE DUTRA
559170467,2573370302,0,100.049,0,4,34.97639176902217,0.028586152955073038,0.002456311771928414,3.783215827770375e-18,0.0001477385428237856,CIDADE DUTRA
559170467,559170940,0,47.068999999999996,0,4,34.6426862338491,0.028861517209623575,0.0025614427837216402,1.4285251782954851e-18,0.00014596732158921925,CIDADE DUTRA
559170758,5254795175,0,50.738,0,5,35.70824692933482,0.028000268030644836,0.0003217942012164168,-6.815150263101983e-18,0.000169371855004304,CIDADE DUTRA
559170758,559170759,0,49.718,0,6,35.359546977189346,0.0282763940830698,0.00046978047581493085,8.519777078160875e-19,0.00019503418705038125,CIDADE DUTRA
559170759,559170936,0,48.543,0,6,34.70521614292551,0.02880951614904834,0.002818899843562017,4.577720259927204e-18,0.00019690259826620642,CIDADE DUTRA
559170759,5262008467,0,85.54,0,5,34.77891210719413,0.028748469240330414,0.0007384124522855472,3.1201205864919267e-19,0.00016997694034062884,CIDADE DUTRA
559170935,559171116,0,68.731,0,4,34.40516828840325,0.029060764259154513,0.00015482141778011693,1.0894106532968383e-18,0.00014950295529419136,CIDADE DUTRA
559170935,559171118,0,28.584000000000003,0,4,33.68862657521136,0.029678873452844305,0.022018383063339753,3.912663871299887e-18,0.00015263423883706613,CIDADE DUTRA
559170935,5262008467,0,52.641999999999996,0,4,34.408358589886745,0.02905806978016374,0.021993646354682525,-1.3247085727984195e-19,0.00014786480088771993,CIDADE DUTRA
559170936,559170940,0,122.273,0,5,34.38873823576328,0.02907464874317548,0.0042398501649819125,7.676504082819153e-18,0.00017239409629655393,CIDADE DUTRA
559170936,559171116,0,17.48,0,5,34.110065401180414,0.029312183168409434,0.005882345920954716,6.536070533441607e-18,0.0001742897559535087,CIDADE DUTRA
559170936,5254790108,0,161.555,0,5,34.60344552560217,0.02889424650461672,0.0017365603454720052,-6.123656412677384e-19,0.00017328217078889924,CIDADE DUTRA
559171116,559171118,0,75.73700000000001,0,4,33.59658637741266,0.029760180802119486,0.005948744454718859,2.382740046312045e-18,0.00015110588982746945,CIDADE DUTRA
559174654,559174657,0,131.15500000000003,0,3,36.822300207369594,0.02715312403883226,0.0004657661853749418,-7.151221946625672e-18,0.00012030753296654355,CIDADE DUTRA
559174657,5254787390,0,24.592,0,3,36.822300207369594,0.02715312403883226,0.0004657661853749418,-2.4077505975578545e-18,0.00012030753296654355,CIDADE DUTRA
559175612,5460648990,0,28.232,0,4,33.57584941776998,0.02977856114629407,0.017012996862018313,-3.3130904990444646e-18,0.00016853468819876119,CIDADE DUTRA
559175620,11361990769,0,59.244,0,4,34.86489073217419,0.028677574027305003,0.018685437054786713,-7.608719493990375e-18,0.00015539755604391183,CIDADE DUTRA
559176056,559176061,0,109.56999999999998,0,3,36.00654011804116,0.027768302137556763,0.0004657661853749418,3.256037189422888e-18,0.00011932561731276505,CIDADE DUTRA
559176061,559176357,0,47.548,0,5,35.33402456532142,0.028296818639423228,0.0018232473201085248,4.848638597436636e-18,0.00019812544713262653,CIDADE DUTRA
559176061,2572903318,0,14.991,0,5,35.65225713829957,0.028044240818956262,0.0004502514952960653,6.405005959333489e-19,0.0001831663213208392,CIDADE DUTRA
559176061,7986873437,0,44.594,0,5,35.89312490030308,0.027856044512785873,0.0019475818294119685,5.606960588160553e-18,0.00018281756332397776,CIDADE DUTRA
559176278,5042098482,0,91.883,0,2,35.59881958845111,0.028086338156285147,0.0004657661853749418,1.0939822566858678e-18,0.0001145753256462853,CIDADE DUTRA
559176280,5042098482,0,110.011,0,4,34.599298133673635,0.0288977100362835,0.0013966475901075299,-1.3225283641719961e-18,0.0001941574556193131,CIDADE DUTRA
559176280,559179216,0,57.877,0,5,33.65034295740948,0.02971263877432995,0.004777765083940441,8.355271178091326e-19,0.00019858809226291658,CIDADE DUTRA
559176280,559176357,0,41.835,0,4,34.51778593077046,0.028965950682095457,0.003296166428575846,-4.130523517922468e-19,0.00017378040924593405,CIDADE DUTRA
559176354,5042094792,0,18.891,0,2,36.42813845908438,0.027446927765711483,0.0004657661853749418,1.3452924765947946e-18,0.00011481175536286355,CIDADE DUTRA
559176357,5042094792,0,72.336,0,4,35.42861700430691,0.028221267705828855,0.0013966475901075299,-5.592241137197932e-19,0.00019419795554370963,CIDADE DUTRA
559176777,559177632,0,61.327,0,4,33.18392088052321,0.03013026967264337,0.0011930037210302492,1.88794858704721e-20,0.0001602875938293075,CIDADE DUTRA
559176777,559179528,0,19.028,0,4,33.30722603286011,0.030018725784591218,0.04823755833062369,-3.2578888129436788e-18,0.00016467783825899649,CIDADE DUTRA
559176777,5041876463,0,128.50400000000002,0,4,32.65544743978306,0.030617877362407616,0.0472323583055832,2.6726553734467722e-18,0.00015942868901445276,CIDADE DUTRA
559176794,5041876477,0,49.33,0,4,31.226989950550326,0.0320184714091601,0.007717093640702128,-2.671658459647958e-18,0.000152913373057988,CIDADE DUTRA
559176794,5041876463,0,116.00699999999999,0,4,31.916414101132556,0.03132684272605506,0.047643985817186395,3.3649152536691357e-18,0.0001543785456468595,CIDADE DUTRA
559177632,5041876474,0,119.171,0,4,33.315042271494654,0.030011682914216766,0.0002588674862111836,-4.9188056064289895e-18,0.00015925535998368776,CIDADE DUTRA
559177632,559178274,0,60.506,0,4,32.62258733450311,0.030648718161859264,0.001160997891846553,1.1096100536175185e-18,0.00015808710468750517,CIDADE DUTRA
559178274,5041876475,0,110.022,0,4,32.72946243420003,0.03054863754441201,0.0005189284101207423,-4.977364502570248e-18,0.00015728882632274447,CIDADE DUTRA
559178274,559178368,0,59.17999999999999,0,4,31.992343276439623,0.031252493019545274,0.0008815164817543448,-5.079568790666595e-18,0.00015291977729018367,CIDADE DUTRA
559178368,5041876468,0,101.469,0,4,31.938905726591162,0.03130478212011487,0.0002447632225031141,-3.801962292815481e-19,0.00015094950223022013,CIDADE DUTRA
559178368,559178534,0,60.837999999999994,0,5,31.103365768065082,0.03214573279244257,0.0008814079874181289,1.8399982005074545e-18,0.00017640452359101596,CIDADE DUTRA
559178531,559184023,0,40.758,0,4,31.260966661349496,0.03198367138665646,0.010538922831341975,2.06844392380114e-18,0.00014712320462766107,CIDADE DUTRA
559178531,3899119743,0,62.424,0,5,30.275163502951028,0.033025106035459315,0.011033440015814135,8.471399190996006e-18,0.0001757162239070033,CIDADE DUTRA
559178531,559183370,0,100.975,0,4,30.360823097782742,0.03293192947060925,0.0008409396000095909,5.875163096222775e-18,0.00014808529157337737,CIDADE DUTRA
559178534,5041876469,0,90.539,0,5,31.112617642367205,0.03213617370350432,0.012583932574675839,7.32056840833581e-18,0.00017500421745435368,CIDADE DUTRA
559178534,3899119743,0,20.251,0,6,30.200669963311533,0.03310656638215161,0.013280357718845824,8.115586278558818e-18,0.00020328923891050376,CIDADE DUTRA
559178534,5041876470,0,155.072,0,5,31.024565321422873,0.03222738093401819,0.0,5.184461303960827e-18,0.0001751896542769339,CIDADE DUTRA
559179216,559179528,0,151.245,0,5,33.617801882277874,0.029741399762752075,0.04786911156483443,2.302902567416581e-18,0.00019512009265926377,CIDADE DUTRA
559179216,2572903304,0,21.393,0,5,33.392726112617645,0.029941864631052983,0.0013593255384492537,3.9540517079552453e-19,0.00018595583502315462,CIDADE DUTRA
559179527,559179528,0,151.672,0,2,34.09315680331791,0.02932672062883077,0.0004657661853749418,-5.499486565628402e-18,9.166476771315202e-05,CIDADE DUTRA
559179982,7279480605,0,127.077,0,5,33.39432126335939,0.029940434394241194,0.0002292485324242376,3.387622047312899e-18,0.0001847644766561417,CIDADE DUTRA
559179982,559180450,0,30.75,0,4,33.494018184718456,0.029851314924704962,0.00047553067563437456,3.2433688491928477e-18,0.0001644050447670495,CIDADE DUTRA
559180450,2572903251,0,14.958,0,3,33.44377093635349,0.02989616472462427,0.00046478973634899855,-4.26892115642172e-19,0.00013188027960548798,CIDADE DUTRA
559180450,2572903251,1,47.004000000000005,0,3,33.44377093635349,0.02989616472462427,0.0,1.5223837162730098e-18,0.00013188027960548798,CIDADE DUTRA
559180897,559182430,0,102.339,0,4,32.90445047056947,0.030386177876457983,0.0018198839956858313,-5.836273970606913e-18,0.0001594935371604437,CIDADE DUTRA
559180897,559183373,0,52.499,0,4,32.06205136385388,0.03118454504296084,0.0025462535766514116,-4.9835189392883384e-18,0.00015627684113376066,CIDADE DUTRA
559180897,559180900,0,62.577,0,4,31.924230339767107,0.03131917275012117,0.002047722101739262,-6.605689520878861e-18,0.0001567700618645706,CIDADE DUTRA
559180900,2572903285,0,142.45,0,4,31.751794544584463,0.03148925908807749,0.002415083924166365,3.7096682757967054e-18,0.0001563169984364142,CIDADE DUTRA
559180900,559181780,0,189.251,0,4,31.07353644919445,0.032176591375770024,0.000546268982847154,-5.2564690794777865e-18,0.00015291913832496433,CIDADE DUTRA
559181780,559183373,0,80.73,0,4,31.19141808900941,0.03205498647328666,0.0014761739385537988,-5.224968609596344e-18,0.00015242591759415442,CIDADE DUTRA
559181780,3899119743,0,100.096,0,5,30.245653214228746,0.03305732819998945,0.002258852080015441,9.784353190650637e-19,0.00017760433840572403,CIDADE DUTRA
559181784,5042098871,0,38.285,0,4,32.33992662306588,0.030916597201327816,0.00045556771777064537,6.697619372827422e-19,0.00016804844572499602,CIDADE DUTRA
559181784,559181833,0,35.993,0,4,32.41856755463391,0.03084159974807117,0.0002773115233678899,1.780218617317869e-18,0.00017437427518196246,CIDADE DUTRA
559181784,559182351,0,143.466,0,4,31.491146913383314,0.03174989109402385,0.0005604817408914394,2.889921122297161e-19,0.00016491982426937733,CIDADE DUTRA
559181833,5042098867,0,10.414,0,2,33.339288562769184,0.029989856653461176,0.0004657661853749418,2.1884314567708568e-18,9.773462436887177e-05,CIDADE DUTRA
559181833,5042098871,0,51.261,0,4,33.24900303078641,0.03007129218280736,0.0006540038587095619,3.856018610636637e-18,0.0001743313401887169,CIDADE DUTRA
559182116,559367018,0,36.93,0,4,29.26176423672037,0.03416883810686756,0.015168918629356333,1.7843001893550773e-18,0.00015710122937545533,CIDADE DUTRA
559182116,559184189,0,71.09,0,4,29.6664539799011,0.03370272987810452,0.01195878820939971,-2.118452672874097e-18,0.00015753570610544466,CIDADE DUTRA
559182116,559366807,0,107.32800000000002,0,4,28.70457808262881,0.03483209131476141,0.003576081816012918,3.60546593590857e-18,0.00015431101602627492,CIDADE DUTRA
559182347,559182999,0,62.213,0,4,31.424310097304197,0.03181742039299692,0.0006946892347905317,-1.323014378900388e-18,0.0001578644732267033,CIDADE DUTRA
559182347,559182351,0,52.564,0,4,31.4874780666773,0.031753590516477116,0.0006765706806424731,1.127042280736594e-18,0.00016011256320395373,CIDADE DUTRA
559182347,559182786,0,163.765,0,4,30.54187270697081,0.03273671180934574,8.874836702462204e-05,-2.520619034896878e-19,0.00015730486227485632,CIDADE DUTRA
559182351,559184189,0,137.584,0,4,30.597862498006062,0.03267680822446277,0.0013402305352752518,4.940514214762681e-18,0.00016004344437013044,CIDADE DUTRA
559182366,5042146071,0,174.804,0,2,32.05407561014516,0.031192304438483778,0.0004657661853749418,-5.009511912286992e-19,0.00010389941058154564,CIDADE DUTRA
559182366,559184340,0,50.802,0,4,31.246131759451266,0.03199885645439601,0.022054837160308302,-2.876567501119738e-18,0.00018682007248095996,CIDADE DUTRA
559182366,2572903220,0,84.913,0,4,31.809698516509812,0.031431938419878146,0.021893397588019014,-3.3087100472506417e-18,0.0001913865844655165,CIDADE DUTRA
559182430,5042098871,0,23.32,0,4,33.08151220290318,0.030223542345748068,0.0013012810685737368,-1.2745206996855545e-18,0.00016460811953484324,CIDADE DUTRA
559182430,559182999,0,71.668,0,4,32.25650023927261,0.03099655813585473,0.00033600695926070225,-1.1929699456306184e-18,0.00015923140810197416,CIDADE DUTRA
559182786,559184189,0,57.208,0,4,30.569309299728825,0.03270732992762434,0.010448981026618977,3.3952112869213702e-18,0.00015723574344103303,CIDADE DUTRA
559182786,559366855,0,23.319,0,4,29.620513638538842,0.03375500158866073,0.01054174368408359,4.106502809894468e-18,0.0001526694841072411,CIDADE DUTRA
559182997,559183815,0,81.433,0,4,32.27053756579997,0.030983074976273332,0.0007580499271406286,-6.262447676996521e-18,0.00015159022465644026,CIDADE DUTRA
559182997,559184023,0,62.495,0,4,32.22411867921519,0.03102770613772381,0.00215491450592059,-3.610490248777165e-18,0.00015016347791110338,CIDADE DUTRA
559182997,559183373,0,65.326,0,4,32.1802520338172,0.03107000168535427,0.0013054038533499418,-8.382717435840129e-19,0.00015369719840790767,CIDADE DUTRA
559182999,559183815,0,68.38,0,4,32.30818312330515,0.03094697343734571,0.00047119090218573776,-3.735190417182736e-18,0.0001539077383238237,CIDADE DUTRA
559183365,559366809,0,99.697,0,4,29.453660870952305,0.03394622112702754,0.0004792194830657158,1.8845492167225738e-18,0.0001509084840233503,CIDADE DUTRA
559183365,5248586054,0,24.682000000000002,0,4,28.5450630084543,0.035026739462081374,0.0006361022932339352,1.7868308955433425e-18,0.0001614390998330648,CIDADE DUTRA
559183365,3899119743,0,259.581,0,5,29.3735843037167,0.034038763352394606,0.00023814506799394299,4.887823095004042e-18,0.00017886230763408754,CIDADE DUTRA
559183370,559366809,0,53.173,0,4,29.52639974477588,0.033862593935202946,0.0009328343027844747,1.91263981334302e-18,0.0001496556183399549,CIDADE DUTRA
559183370,8446858112,0,112.80600000000001,0,4,30.445525602169404,0.032840309541398806,4.556762121068613e-06,2.8409241025244164e-18,0.00014826676518889866,CIDADE DUTRA
559183812,559184022,0,14.996,0,5,30.516988355399587,0.03276340618155778,0.010404932326115314,2.1885297567705217e-18,0.00017696434789008083,CIDADE DUTRA
559183812,559183815,0,187.82000000000002,0,5,31.40963471048014,0.03183228630774934,0.00017717125104059633,1.37129168273597e-18,0.00017901015060931954,CIDADE DUTRA
559183812,559184023,0,103.87500000000001,0,5,31.350773648109747,0.03189205140990546,0.010318787823159875,6.0350199191921266e-18,0.00017748379340410363,CIDADE DUTRA
559183812,8446858112,0,17.459,0,5,31.437709363534854,0.03180385928771127,0.00018574230360165393,8.547748513041604e-18,0.00017705722161827004,CIDADE DUTRA
559184022,559366855,0,22.233,0,4,29.64938586696443,0.033722131359214945,0.0107844455141986,-3.92861688014103e-18,0.0001479857873625273,CIDADE DUTRA
559184022,8446858112,0,13.978,0,4,30.51890253628968,0.03276135122280123,0.0002834957005321973,2.8923333145114054e-18,0.00014683246683414714,CIDADE DUTRA
559184323,5042144910,0,20.582,0,2,32.42255543148828,0.03083780632401344,0.0004657661853749418,1.8166264780357518e-18,0.00010394126135779004,CIDADE DUTRA
559184323,559184340,0,165.242,0,4,31.42335300685915,0.03181838948592082,0.00018292145086004004,-1.6775936806750654e-18,0.00018686192325720436,CIDADE DUTRA
559184323,559184430,0,36.878,0,4,31.590046259371512,0.03165049131984771,0.0007483939312174118,2.3922853314758133e-18,0.00019174627026677445,CIDADE DUTRA
559184340,927139069,0,29.579,0,4,30.591322379964907,0.0326837941984701,0.022154977432635597,-2.4607937929980897e-18,0.0001767013602690492,CIDADE DUTRA
559184430,5042144907,0,34.141,0,2,31.73855479342798,0.03150239484542818,0.0004657661853749418,5.824588018542705e-18,0.00010261708800104455,CIDADE DUTRA
559184430,927139069,0,157.33999999999997,0,4,30.73935236879885,0.03252640045665655,0.0016788413586051362,3.826501143809454e-18,0.00018158570727861927,CIDADE DUTRA
559366801,559366849,0,63.013000000000005,0,4,26.79837294624342,0.037309745891344594,0.0016232922584625855,-6.0873835478772495e-18,0.00015378441204152714,CIDADE DUTRA
559366801,2513875820,0,138.002,0,4,25.848779709682564,0.03868037470841613,0.00805602994704066,-5.2105644877776844e-18,0.00014722105842973022,CIDADE DUTRA
559366801,559367068,0,147.271,0,4,26.818631360663584,0.03728156263754565,0.006164865172460969,-3.2200971934124698e-18,0.00015417721444872486,CIDADE DUTRA
559366807,559367068,0,9.261,0,4,27.778752592119954,0.035992994343793966,0.005830160145234859,-3.246155109049611e-18,0.0001536456101861079,CIDADE DUTRA
559366807,5041833360,0,55.977,0,5,28.651459562928697,0.03489666844824515,0.002019622068659339,1.8714546245604855e-18,0.00018171551208558795,CIDADE DUTRA
559366809,5041833360,0,86.78,0,5,28.597383952783538,0.03496265555536962,0.000961910784890341,5.343091300993314e-19,0.00018048987203226157,CIDADE DUTRA
559366849,5248586054,0,75.6,0,4,27.678258095390014,0.036123678068178545,0.0012415006893187652,-1.982701255605511e-18,0.0001626773869566785,CIDADE DUTRA
559366849,5041833360,0,165.10700000000003,0,5,27.730100494496728,0.03605614358030373,1.7359093794547097e-06,-3.0513729527039645e-18,0.0001833425068434363,CIDADE DUTRA
559366855,5041833360,0,98.16499999999999,0,5,28.656564045302282,0.03489045244032775,0.0006974015931959296,3.2670206950334478e-18,0.0001802852656153263,CIDADE DUTRA
559366861,559366863,0,36.296,0,4,29.824692933482215,0.03352391547352263,0.0022627578761192143,-2.8333921079481645e-18,0.00015386513142287526,CIDADE DUTRA
559366861,927139069,0,30.494,0,4,29.79629925027915,0.03355586130101235,0.023837182115663425,-5.146902591837608e-19,0.0001643707301670395,CIDADE DUTRA
559366861,2572903230,0,15.484000000000002,0,5,28.882118360185036,0.03461797616286134,0.0218980628444763,-3.864262372284268e-18,0.0001861526433515803,CIDADE DUTRA
559366863,2572903230,0,29.023,0,5,28.907162226830437,0.03458798470359068,0.00047780905669490885,-3.3499097426702585e-18,0.00018391900708993029,CIDADE DUTRA
559366863,559367289,0,66.90899999999999,0,4,28.98261285691498,0.034497941571450585,0.002915568297130401,4.2084722545583612e-19,0.00015196587898253262,CIDADE DUTRA
559366864,559366954,0,88.205,0,4,27.941936513000478,0.035782791377420534,0.012219717087998997,2.390608952079712e-18,0.000151013444390894,CIDADE DUTRA
559366864,559367018,0,87.48,0,4,28.8861062370394,0.03461319697162137,0.015174451840503346,-8.2036760504112e-19,0.00015594848972012978,CIDADE DUTRA
559366864,7279650442,0,68.84100000000001,0,4,28.464667411070344,0.03512566897363333,0.003277288414074276,1.5362042811892502e-20,0.0001536143236926822,CIDADE DUTRA
559366953,559366954,0,78.79,0,4,27.96315201786569,0.03575564315092327,9.384760082677025e-05,2.1997903220877437e-18,0.00015023257311740275,CIDADE DUTRA
559366953,5021050254,0,64.242,0,4,27.968735045461795,0.035748505726148655,0.0020334008493587607,1.3477834300192784e-18,0.00015037569750596166,CIDADE DUTRA
559366953,5041833371,0,77.093,0,4,28.939065241665336,0.034549854204906874,0.0020674680709305594,-6.598031676014995e-19,0.00015524089602710192,CIDADE DUTRA
559366954,559367174,0,70.606,0,5,26.97479661828043,0.03706572839360161,0.012446253262017837,8.046039328159334e-18,0.00017179460391168657,CIDADE DUTRA
559367016,5041833371,0,7.528,0,4,29.355559100334983,0.034059664185187195,0.0020580290636797744,5.506702016317015e-18,0.00015821474156518055,CIDADE DUTRA
559367016,5041833376,0,153.493,0,4,29.773010049449674,0.03358210954368407,2.061392388102468e-06,3.295417573870699e-18,0.00015874912907404718,CIDADE DUTRA
559367016,559367176,0,74.364,0,4,28.79263040357314,0.03472556938742721,0.0020508684374895237,8.804231085677185e-19,0.00015859740055803275,CIDADE DUTRA
559367018,5041833376,0,13.521,0,4,29.821183601850375,0.033527860539505426,0.00046869553245277164,1.200360242771047e-18,0.0001580773325490991,CIDADE DUTRA
559367068,559367176,0,83.731,0,4,27.80587015472962,0.035957892321372226,0.0032752270216861736,-1.2048128051614432e-18,0.00015689176010860395,CIDADE DUTRA
559367069,559367176,0,77.635,0,4,28.796458765353325,0.03472095277662374,0.0011743426952011112,6.171872981695657e-19,0.00015873065082747407,CIDADE DUTRA
559367069,7279626984,0,63.873999999999995,0,4,29.789440102089646,0.03356358768406961,0.0006886135519624402,2.30496181317322e-19,0.0001591503435753227,CIDADE DUTRA
559367069,559367325,0,76.489,0,4,29.35938746211517,0.034055222923707176,0.0004903943996959555,5.0204145533905595e-18,0.00015880196907292827,CIDADE DUTRA
559367174,5021050254,0,8.665,0,5,26.977189344393047,0.03706244087038789,0.0040682121250883285,-5.611876313103e-19,0.00017194325780695135,CIDADE DUTRA
559367174,2513875767,0,90.34400000000001,0,5,25.99218376136545,0.03846696738163184,0.017155666914142248,7.986131318154137e-18,0.0001637399155956054,CIDADE DUTRA
559367174,559367290,0,83.85300000000001,0,6,26.530547136704417,0.037686387686387685,0.00047618164165167006,1.9494507020906135e-17,0.00019139489494176032,CIDADE DUTRA
559367207,559367290,0,81.515,0,5,27.068112936672517,0.036937945665625554,0.01068528169089725,9.221113533669169e-18,0.00016533778630266699,CIDADE DUTRA
559367207,2513875732,0,136.824,0,4,27.86696442813846,0.035879059863306965,0.01196996312602995,5.478860233132806e-18,0.00014384639488339027,CIDADE DUTRA
559367207,2572903230,0,145.328,0,5,27.947200510448237,0.03577605150655533,0.022287774500163882,3.7288642038434576e-18,0.00017845819217929886,CIDADE DUTRA
559367208,5021050254,0,76.876,0,4,27.97208486201946,0.035744224638879545,0.0016169995869620621,-2.798359312657644e-18,0.00015195320660544705,CIDADE DUTRA
559367208,2585568613,0,179.259,0,4,28.966342319349177,0.03451731923564073,0.0002358666869334087,3.1306724278220674e-19,0.00015728620613165837,CIDADE DUTRA
559367208,559367325,0,74.53699999999999,0,4,28.94656245015154,0.034540905734407545,0.0009704818374513986,5.894963763055039e-19,0.0001572723823648937,CIDADE DUTRA
559367289,7279650442,0,6.522,0,4,28.99505503270059,0.03448313803157837,0.0028889871847575005,-6.19232759331901e-19,0.00015249748660552893,CIDADE DUTRA
559367289,7279650441,0,19.546999999999997,0,4,28.044983250917213,0.03565131331975838,0.0003845039275492182,2.359788415000508e-18,0.00014891245726682647,CIDADE DUTRA
559367290,7279650441,0,133.024,0,5,27.073855479342797,0.03693011088460224,0.0007984098202129505,9.000741088738638e-18,0.00016752266590536565,CIDADE DUTRA
559367325,7279626980,0,75.985,0,4,29.922635189025364,0.033414185569208624,0.00047216735121168106,-2.6622073874165644e-18,0.00015882224393084975,CIDADE DUTRA
559545767,559546417,0,62.438,0,4,31.922316158877013,0.03132105076428761,0.004204047034030659,1.692391155308167e-18,0.0001523766856789346,CIDADE DUTRA
559546036,559546662,0,66.64,0,4,30.431009730419525,0.032855974671335414,0.003581723521496146,4.615747442840415e-18,0.00015532581792605975,CIDADE DUTRA
559546036,559546823,0,77.755,0,4,29.89105120433881,0.033449492227315664,0.0011148877989547873,-1.1603814156872806e-18,0.00015812445468514432,CIDADE DUTRA
559546036,5256903583,0,93.82,0,4,29.63279629925028,0.03374101029240773,0.002252125431170054,1.444715687195951e-18,0.000157129726191579,CIDADE DUTRA
559546207,559546277,0,51.628,0,4,29.861859945764873,0.033482190551483944,0.025100707155234023,5.909060902079356e-19,0.00019698887889799387,CIDADE DUTRA
559546207,7279842906,0,73.60900000000001,0,2,30.761684479183284,0.032502787212528195,0.0004657661853749418,5.622765003410317e-19,0.0001050556355359395,CIDADE DUTRA
559546233,7279842905,0,63.18299999999999,0,2,32.192215664380285,0.031058455104477908,0.0004657661853749418,-4.721151418813837e-18,9.887079130874434e-05,CIDADE DUTRA
559546277,8956046532,0,6.283,0,2,29.952783538044343,0.03338055321823043,0.0004657661853749418,-8.458358404406465e-20,0.0001067453224541145,CIDADE DUTRA
559546277,559546305,0,48.70399999999999,0,4,29.036528951985964,0.034433884524528925,0.025334620944115545,-3.1048040948013075e-18,0.0001950926618092717,CIDADE DUTRA
559546305,8956046531,0,9.294,0,2,29.105598979103526,0.03435217002899218,0.0004657661853749418,-1.2710285003243672e-18,0.00010315941844721734,CIDADE DUTRA
559546305,5261380538,0,18.244,0,4,28.14468017227628,0.03552502564625735,0.025924830133130145,-4.485157918136193e-18,0.0001789961177101819,CIDADE DUTRA
559546417,559546662,0,60.334,0,4,31.19237517945446,0.03205400291493007,0.003983803531512343,4.901537756849264e-18,0.0001511461099555169,CIDADE DUTRA
559546417,559546444,0,168.326,0,5,31.005423512521933,0.03224727714240146,0.0001899735827140748,7.168398227611326e-18,0.00017617271349348998,CIDADE DUTRA
559546444,559546487,0,80.41,0,5,30.23975115648429,0.033063780179666935,0.000859709120174945,5.968540521057589e-18,0.0001762543329241534,CIDADE DUTRA
559546444,2573370405,0,14.547999999999998,0,5,30.789599617163823,0.03247331882706455,0.00046598317404737363,6.929428621903285e-18,0.00017621675034883686,CIDADE DUTRA
559546487,5256903582,0,145.188,0,4,29.47009092359228,0.03392729555935653,0.00045697814414145233,8.165017099514055e-18,0.00015210642164318025,CIDADE DUTRA
559546487,559546662,0,216.95200000000003,0,4,30.347583346626255,0.03294629669538342,5.424716810795968e-07,5.614825516979152e-18,0.00015123672838728987,CIDADE DUTRA
559546823,5238702381,0,29.222,0,4,29.32828202265114,0.034091341734698875,0.0005856524268935327,2.023640813466948e-18,0.0001588893725431459,CIDADE DUTRA
559546823,5238702385,0,29.427,0,4,29.32828202265114,0.034091341734698875,0.0003294972990877471,3.223903999612042e-18,0.00015888937254314594,CIDADE DUTRA
559548400,559548914,0,60.562,0,4,30.754665815919605,0.032510204822589095,0.0005883647852989307,-1.6713773609406121e-18,0.00015755296028978157,CIDADE DUTRA
559548400,559548402,0,77.559,0,4,29.933960759291754,0.03340154324934987,0.0003759328749881606,7.903386734019269e-18,0.0001567807309141812,CIDADE DUTRA
559548400,559549348,0,180.802,0,4,30.57840165895677,0.03269760454052249,1.551469007887647e-05,4.297588908546421e-18,0.0001570679800333635,CIDADE DUTRA
559548402,2573370405,0,172.298,0,4,29.989312490030308,0.03333989351233757,0.12147416462344708,1.2378684058275115e-17,0.00015246751246211673,CIDADE DUTRA
559548402,559550208,0,121.06299999999999,0,4,29.115169883553996,0.03434087758803,0.1216466706180304,4.247125465561687e-17,0.00015638869292797523,CIDADE DUTRA
559548881,564019970,0,17.921,0,4,31.508853086616686,0.03173204947121688,0.008453878677944436,1.2048043428064346e-17,0.00014361504185348415,CIDADE DUTRA
559548881,559551784,0,100.472,0,4,31.55925985005583,0.0316813667264778,0.0014323422267225674,6.225715210740093e-18,0.00014840143279382413,CIDADE DUTRA
559548914,2573370397,0,158.32299999999998,0,4,31.62035412346467,0.031620154569485644,0.030855029759453954,-8.428719446570133e-18,0.00015574147240952031,CIDADE DUTRA
559549155,559549161,0,159.038,0,4,31.1783378529271,0.03206843448942734,0.00033828534032123654,6.7331222330782475e-18,0.00015211578238065484,CIDADE DUTRA
559549155,559549348,0,80.119,0,4,31.214228744616367,0.03203156141086048,0.0038416759510694885,5.3662900960002375e-18,0.00015574247394257396,CIDADE DUTRA
559549155,559549331,0,71.787,0,4,32.04594034136226,0.031200223000955717,0.004356047599069162,-1.3365263275768535e-19,0.00015491424355417864,CIDADE DUTRA
559549161,559549421,0,96.697,0,4,30.33928856276918,0.03295530423718566,0.00012704686770884156,2.544947586878689e-17,0.00015109901532949556,CIDADE DUTRA
559549331,564028752,0,40.826,0,4,32.39304514276599,0.03086589977938859,0.031320361967484035,1.7013572079374532e-19,0.0001518053141237046,CIDADE DUTRA
559549348,559549421,0,30.824,0,4,30.352209283777317,0.032941275397050634,0.0036895668916947697,2.2256891116465468e-17,0.00015472570689141471,CIDADE DUTRA
559549421,7279477464,0,75.779,0,4,29.462434200031904,0.03393611261505144,0.003503390610748252,9.977146486575964e-17,0.00015046185205329617,CIDADE DUTRA
559550126,564019970,0,44.766,0,4,30.61269739990429,0.032660973055218305,0.008431528844683957,3.11581391593334e-17,0.00014014865700299236,CIDADE DUTRA
559550126,2572903426,0,58.979,0,5,30.653533258892967,0.03261746293588389,0.008055270486687149,5.5083761232291324e-17,0.00016652775000263226,CIDADE DUTRA
559550162,7279477464,0,48.364,0,4,28.569309299728825,0.03499701285866634,0.0035818320158323615,4.565825124879624e-16,0.0001501725807464371,CIDADE DUTRA
559550162,5256921575,0,85.367,0,4,28.63949593236561,0.03491124589926535,0.0002728632555830372,4.572267655809236e-16,0.00015430643435206107,CIDADE DUTRA
559550162,2513876098,0,65.96600000000001,0,4,27.751794544584463,0.036027957879247716,0.003687505499306667,2.4351295968615467e-15,0.00014983281464028925,CIDADE DUTRA
559550208,559550210,0,45.540000000000006,0,4,28.27978944010209,0.03535530160305946,0.1210163185246159,1.2100450226918696e-16,0.0001558977996496611,CIDADE DUTRA
559550208,5256921575,0,40.608,0,4,28.88961556867124,0.034608992374757744,0.0004616434005987369,1.1646058234612035e-16,0.00015654594081466303,CIDADE DUTRA
559550210,5256921575,0,28.236,0,4,28.27739671398947,0.03535829323465203,0.00023554120392476092,1.6610534137847108e-16,0.00015552669427969067,CIDADE DUTRA
559550210,2513876094,0,41.59,0,4,27.423193491784975,0.03645966634868191,0.1212254956048402,4.971976462473304e-16,0.0001508161481405051,CIDADE DUTRA
559551007,653796952,0,63.799,0,4,35.95070984208007,0.027811425402107598,0.0005693782764611448,2.887995057122678e-15,0.00015041450489872632,CIDADE DUTRA
559551007,653801303,0,184.91,0,4,36.66948476631042,0.02726628124986406,0.005475926137489882,2.8592509934042396e-15,0.00015059601005283218,CIDADE DUTRA
559551007,8710600896,0,81.777,0,4,36.58478226192375,0.027329409199912797,0.006013949550784626,1.5751344719044368e-14,0.00015534092106888578,CIDADE DUTRA
559551012,559551289,0,24.78,0,4,29.047535492104004,0.034420837017226896,0.020727625945378962,5.363389265417727e-16,0.00014722145834994798,CIDADE DUTRA
559551012,4258650742,0,41.649,0,4,29.953900143563565,0.03337930887576485,0.01707234326392842,2.2555648907032195e-16,0.00014844828771137442,CIDADE DUTRA
559551012,2572903426,0,117.618,0,5,29.854841282501198,0.03349006197905535,0.0034505538690110995,1.2823626758458588e-16,0.00017053518122476732,CIDADE DUTRA
559551280,7126931065,0,15.507,0,5,26.687190939543786,0.037465182723458175,0.09693448168078558,1.5043307420180942e-14,0.00017195769294288675,CIDADE DUTRA
559551280,559551286,0,235.70899999999995,0,5,27.30626894241506,0.036615785445984705,0.004091646901710967,1.3549401121762017e-14,0.0001751192117729608,CIDADE DUTRA
559551280,2513876111,0,149.87,0,5,27.172435795182643,0.03679613018362842,0.03813868852697348,6.042781810735444e-14,0.00017554357600544233,CIDADE DUTRA
559551280,2513876098,0,71.617,0,5,27.360344552560218,0.03654341717097515,0.1315900680378832,1.3532583743207979e-14,0.00017578393009401886,CIDADE DUTRA
559551286,559551289,0,25.177,0,4,28.197639176902218,0.03545830481244096,0.003560892608942689,2.5133437742276464e-15,0.0001472941842978959,CIDADE DUTRA
559551784,8430291123,0,5.571,0,4,32.466262561812094,0.03079629147402607,0.0012170894636701834,-1.86959981307882e-18,0.00015259128035703754,CIDADE DUTRA
559551784,5260369038,0,168.52700000000004,0,4,32.445525602169404,0.030815974356074947,0.0010314556544047454,-5.474479686324953e-19,0.00015054759982514616,CIDADE DUTRA
559552826,8710600885,0,8.142,0,4,35.28266071143723,0.028338012631845454,0.0019404212032217178,4.3536928665330286e-14,0.00015896635960352404,CIDADE DUTRA
559552826,559554416,0,21.113999999999997,0,4,34.31871111820067,0.029133975383928902,0.00840060795886242,9.757668610771968e-14,0.0001577525093258681,CIDADE DUTRA
559552826,8710600887,0,8.195,0,4,35.135747328122505,0.028456502592320194,0.006171266338297709,8.969416250180831e-14,0.00015890960084351385,CIDADE DUTRA
559554264,7867345191,0,316.133,0,2,35.78353804434519,0.027941353470603184,0.0004657661853749418,7.045016045823366e-09,0.0001148864141203796,CIDADE DUTRA
559554362,563883543,0,140.289,0,5,34.69819747966183,0.02881534366480786,0.0015245624125060989,4.35830485948882e-08,0.00020712548017770788,CIDADE DUTRA
559554362,7867345191,0,704.95,0,4,34.78401658956771,0.02874425046202668,0.0013966475901075299,4.1849408923816495e-08,0.00019404386903037628,CIDADE DUTRA
559554362,2513876322,0,795.243,0,4,33.86505024724836,0.029524258125294394,0.0003372003969590774,2.3277377867247156e-07,0.00016670893575062543,CIDADE DUTRA
559554416,5262083664,0,152.337,0,4,33.433561971606316,0.029905293542307785,0.0014938585153569937,4.4713495672315036e-13,0.00015440608234136975,CIDADE DUTRA
559554416,653808984,0,50.224000000000004,0,4,33.51523368958367,0.029832418719985532,0.009894140991210765,9.684806302885113e-14,0.0001572517171463335,CIDADE DUTRA
559554434,2572903449,0,42.045,0,5,31.757058542032222,0.03148403948062385,0.008629856491286657,5.9401512973253e-16,0.0001650303297352894,CIDADE DUTRA
559554434,5420954736,0,23.353,0,5,31.1470728983889,0.032100624292613476,0.0026337000116414423,1.8203549885152415e-15,0.00016254352444872706,CIDADE DUTRA
559554434,5420954199,0,28.427,0,4,32.04083585898867,0.031205193563804363,0.0064334971489315865,6.656867131083056e-16,0.0001386563859660417,CIDADE DUTRA
559554459,559554463,0,33.221000000000004,0,4,28.446642207688626,0.03514792633963618,0.0001490712179606732,2.79343568788188e-13,0.0001479997894962566,CIDADE DUTRA
559554459,4442345991,0,92.663,0,4,28.620673153613016,0.03493420575957375,0.004067344170398601,5.794819333277019e-14,0.0001422325728112893,CIDADE DUTRA
559554459,2513876111,0,33.481,0,4,27.912745254426543,0.035820213161128094,0.004288998099287724,9.76028079202563e-14,0.00014706082024844877,CIDADE DUTRA
559554463,2513876178,0,433.54499999999996,0,4,28.2359227947041,0.03541022874284649,0.033513791962761275,1.5035154268590614e-12,0.00014555245618595684,CIDADE DUTRA
559554463,2513876111,0,33.824,0,4,27.721008135268782,0.03606796982443622,0.03364387667188416,2.796572499789795e-13,0.00014767156600625246,CIDADE DUTRA
563882342,5259035738,0,76.874,0,4,46.30722603286011,0.021591457113331037,0.0009315323707498836,4.382639919948579e-18,0.00017888360872206306,CIDADE DUTRA
563882342,5259035737,0,65.895,0,2,46.568511724357954,0.0214703121895745,0.0004657661853749418,1.7695068162566942e-19,0.0001017804551409808,CIDADE DUTRA
563882342,5259035729,0,103.99900000000001,0,4,45.79629925027915,0.021832342379056555,1.0849433621591936e-06,1.387959182058012e-18,0.00018906027252348174,CIDADE DUTRA
563883543,7872120321,0,19.729,0,3,35.60711437230818,0.028079795359755577,0.0004657661853749418,8.996990381072332e-09,0.000128941752594217,CIDADE DUTRA
563883543,3899119799,0,149.84199999999998,0,5,34.857712553836336,0.02868347954219922,0.0069202027411962,9.43335573728294e-09,0.00021310317740709246,CIDADE DUTRA
563883543,653819125,0,124.79899999999999,0,5,35.515552719732014,0.028152187094369112,0.008897837501739978,9.425280458881767e-09,0.0001989479811735088,CIDADE DUTRA
563883619,2585824353,0,103.17099999999999,0,4,39.21789759132238,0.02549449476728342,0.002815645013475539,7.408930050913328e-19,0.0001569219787934061,CIDADE DUTRA
563883619,5262803993,0,156.17,0,4,39.350773648109744,0.02540840731282176,0.0002844721495581406,-1.343345018199588e-18,0.0001573129790209551,CIDADE DUTRA
563883952,563884176,0,34.061,0,4,38.741904609985646,0.02580772667196436,0.004042607461741371,3.090109977903353e-19,0.00015415067972015595,CIDADE DUTRA
563883952,576431850,0,59.957,0,4,39.6583187111182,0.025211368444762648,0.0008202171817923503,-4.579205980271794e-18,0.00015080858115926025,CIDADE DUTRA
563883952,563884179,0,116.772,0,5,38.95820705056628,0.025664437884116955,0.003919683378808735,-1.878970139810575e-18,0.0001792629026388529,CIDADE DUTRA
563883984,576431871,0,95.528,0,5,39.63279629925028,0.025227603860612256,0.0025609003120405606,5.745278197390032e-18,0.00017826060133847795,CIDADE DUTRA
563883984,2585824395,0,64.104,0,4,39.791194767905566,0.025127179285711423,0.00266646530117865,5.460282950973808e-18,0.00014888626739500461,CIDADE DUTRA
563883984,5300744886,0,191.91400000000002,0,4,38.92183761365449,0.025688419309756926,0.0,2.222622673323715e-18,0.00014711324867936888,CIDADE DUTRA
563883989,576431871,0,63.735,0,5,40.210878928058705,0.024864924905387928,0.0003553189511071359,-1.1043534360132075e-18,0.00018086898508885594,CIDADE DUTRA
563883989,583066513,0,49.835,0,4,40.36560855000798,0.02476961256974851,0.005138074774513509,-2.6705967736934753e-18,0.0001524715675075531,CIDADE DUTRA
563883989,583066530,0,154.233,0,4,39.529749561333546,0.025293367552822302,0.004802176309589023,-6.973037229228589e-18,0.0001566362689546643,CIDADE DUTRA
563884176,583068030,0,58.051,0,4,37.788163981496254,0.026459091407971497,0.0070563631331471794,-1.5467069979130826e-18,0.00015815913598330348,CIDADE DUTRA
563884176,583066530,0,39.238,0,4,38.71016111022492,0.025828889786297667,0.006942227091448032,-1.9680940057208353e-18,0.00015937744315066052,CIDADE DUTRA
563884179,5300744886,0,3.774,0,5,38.961556867123946,0.025662231320368475,1.1174916630239693e-05,-4.753385294899813e-18,0.00017734594061473438,CIDADE DUTRA
563884179,7988374832,0,3.957,0,5,37.995214547774765,0.026314905622355073,0.007420036148142941,1.5179491907748825e-18,0.00017823165440276147,CIDADE DUTRA
563884179,563884366,0,57.940999999999995,0,5,38.97208486201946,0.025655298875227165,0.003082866563575349,6.5972193499903516e-18,0.00017826168691356404,CIDADE DUTRA
563884366,576431850,0,122.757,0,4,39.90221725953103,0.025057266327399488,1.0849433621591936e-07,1.2579568282376417e-18,0.0001498715727647795,CIDADE DUTRA
563884366,2585824395,0,60.08500000000001,0,4,39.91370234487159,0.02505005615081189,0.002851990616107872,7.901129979793816e-18,0.0001494210232010781,CIDADE DUTRA
563884920,5406379563,0,21.461,0,4,41.074334024565324,0.02434222023728616,0.01624984770107554,-2.7184925182388782e-18,0.0001535207170784617,CIDADE DUTRA
563884920,583066513,0,151.96699999999998,0,4,41.01515393204658,0.02437734322739223,0.0065768181670728156,-2.9510010596091964e-18,0.00015415789827187852,CIDADE DUTRA
563885901,563885925,0,101.16,0,4,37.375498484606794,0.026751228089643076,0.015126280355223476,8.8979629734821e-20,0.0001522388464668023,CIDADE DUTRA
563885901,5254766189,0,84.795,0,4,36.48317115967459,0.027405525702518002,0.016864576610074938,-2.3760370914220087e-19,0.0001524881532099276,CIDADE DUTRA
563885901,563997885,0,195.547,0,4,37.447599298133674,0.02669972184240008,0.00178136850632918,-1.96202136933769e-19,0.0001563968711839013,CIDADE DUTRA
563885925,563996917,0,59.724,0,4,37.32190141968416,0.02678964487051814,0.015349236216147191,-7.337949450454254e-20,0.0001510686203533342,CIDADE DUTRA
563885925,5254775925,0,210.20200000000003,0,5,36.41457967777955,0.027457147487986402,5.620006615984623e-05,-4.456380553103441e-18,0.00017811021488633004,CIDADE DUTRA
563885951,563886996,0,110.22099999999999,0,4,36.756899026958045,0.027201437319087442,0.000979378373021104,2.1560915867148227e-18,0.00015017167262578533,CIDADE DUTRA
563886894,563996917,0,152.81400000000002,0,5,37.998723879406604,0.026312475337301754,0.015098180322143554,2.596760010504664e-19,0.0001785972970041706,CIDADE DUTRA
563886894,563886996,0,65.905,0,5,37.65592598500558,0.02655200898057738,0.0007659700136843907,8.140462599077203e-19,0.00017656398305501122,CIDADE DUTRA
563886894,563997172,0,66.247,0,5,38.49720848620195,0.025971765856326576,0.000972760218511933,-7.10619182112539e-19,0.00017830287131551526,CIDADE DUTRA
563886996,563997172,0,240.22500000000002,0,4,37.72579358749402,0.026502835059174727,0.0,-2.8957255290923803e-18,0.000150107201502953,CIDADE DUTRA
563996917,563997175,0,60.206,0,4,38.18631360663583,0.026183215673169304,0.0004238873715955969,3.52108891174178e-18,0.00016085222694627605,CIDADE DUTRA
563997172,563997175,0,134.09,0,4,38.52639974477588,0.025952087180463893,0.0007693333381070842,3.996646780249665e-18,0.00016056733224787217,CIDADE DUTRA
563997175,5254777017,0,151.936,0,2,39.02456532142288,0.02562079748206585,0.0004657661853749418,-1.0342360401615575e-18,9.220217469205825e-05,CIDADE DUTRA
564000516,7988223735,0,10.38,0,5,33.0569468814803,0.03024600210390187,0.00022284736658749837,7.150038040659308e-19,0.00016391517533444758,CIDADE DUTRA
564000516,564035248,0,18.431,0,5,33.15664380283937,0.030155057033854682,0.003996931346194469,-1.0517087535844764e-18,0.00016624673548420497,CIDADE DUTRA
564000516,564019950,0,80.432,0,6,32.313606635827085,0.0309417793004038,0.0013767931265800167,6.034517491449985e-18,0.00019562864415023472,CIDADE DUTRA
564000516,5300744892,0,49.717,0,5,33.05375657999681,0.030248921404924377,0.003864893739019695,2.5400943643163138e-18,0.00016270407302958347,CIDADE DUTRA
564000585,5260124951,0,384.753,0,4,35.550965066198756,0.02812414467691783,0.00902911564856124,3.44750351682631e-18,0.00015238139537808302,CIDADE DUTRA
564012526,5420340289,0,17.932,0,5,34.42048173552401,0.029047835315271896,0.012166446368916981,1.930700231288979e-18,0.00017492287716920347,CIDADE DUTRA
564012526,564012531,0,42.486,0,4,34.94863614611581,0.028608855600133275,0.010726075561314436,4.650531360204463e-18,0.0001506334005351313,CIDADE DUTRA
564012526,5255033751,0,302.605,0,4,35.15265592598501,0.028442814876663097,0.0011766210762616455,6.6551987047306924e-18,0.00015193982632002477,CIDADE DUTRA
564012531,583068254,0,69.158,0,4,34.80108470250439,0.02873015290968428,0.010525686522323633,5.7094867182661174e-18,0.0001495369103687689,CIDADE DUTRA
564012531,583068058,0,233.57400000000004,0,4,35.66406125378848,0.028034958716868386,0.0055464474560302296,2.6373082723763562e-18,0.00015458382693493724,CIDADE DUTRA
564015743,564019954,0,61.408,0,4,33.07959802201308,0.030225291258390557,0.003729275818749796,8.185017386311947e-19,0.0001445926620663905,CIDADE DUTRA
564015743,564035248,0,63.624,0,4,33.77029829318871,0.02960709663401132,0.022183402948724167,-9.565032090655483e-19,0.00014113897345118524,CIDADE DUTRA
564015743,5420340289,0,69.044,0,5,33.83681607911948,0.02954889380218081,0.02548206474703298,1.4052784531621979e-18,0.00017177084384697005,CIDADE DUTRA
564019950,564019970,0,154.627,0,5,31.442335300685915,0.03179918016153253,0.0003559699171244314,8.154758967755598e-18,0.00017075320984628143,CIDADE DUTRA
564019950,564019954,0,107.951,0,5,32.24294145796778,0.031009592788834965,2.9510459450730066e-05,5.1739650062255806e-18,0.00017311593348930595,CIDADE DUTRA
564019950,5260369028,0,60.278000000000006,0,5,32.33306747487637,0.030923155859020404,0.0013082247060915556,5.3299720303559384e-18,0.00017448638709268672,CIDADE DUTRA
564019954,564021591,0,59.921,0,4,33.07943850693891,0.030225437010247137,0.0036814298164785757,2.832933346477973e-19,0.00015185724131512945,CIDADE DUTRA
564021582,10867282327,0,2.566,0,4,34.20082947838571,0.02923439285464425,0.002330349847581732,-2.3544162232882936e-18,0.00015589210673090263,CIDADE DUTRA
564021582,5260369028,0,16.313000000000002,0,4,33.32572978146435,0.030002058213948947,0.0015515775022238627,-2.5386620744596825e-18,0.0001518730648007263,CIDADE DUTRA
564021582,8430291123,0,20.012,0,4,33.36959642686234,0.02996261843073893,0.0006226489955431612,-5.9838547185627215e-18,0.00015421592872137452,CIDADE DUTRA
564021591,564021944,0,61.251,0,4,33.99888339448078,0.029408038885422188,0.003959066822855114,-3.784998652121334e-18,0.00015877067012985387,CIDADE DUTRA
564021591,5260376489,0,224.773,0,4,33.927739671398946,0.029469705161900017,0.00011196615497482878,-7.355968739408782e-19,0.0001599130570663447,CIDADE DUTRA
564021934,2573370381,0,15.557,0,4,34.130323815600576,0.02929478461229278,0.003579011163090748,-5.73484782189847e-18,0.00015785449155309526,CIDADE DUTRA
564021934,564023410,0,72.65,0,4,34.176583187111184,0.02925513295029708,0.0006486876362349818,-3.2597037424750487e-18,0.0001499544066543074,CIDADE DUTRA
564021934,564028314,0,108.19200000000001,0,5,33.21646195565481,0.03010075203857199,0.00336093754729675,-1.1221111763653945e-18,0.00017806050425851075,CIDADE DUTRA
564021944,10867282327,0,58.735,0,4,34.98739830914021,0.028577160156107523,0.00437709550029505,-1.3591728328635935e-18,0.0001585861712587744,CIDADE DUTRA
564021944,2573370381,0,296.34700000000004,0,4,34.962992502791515,0.028597108352381342,1.0849433621591936e-06,-5.3567860084878196e-18,0.00016246236076437008,CIDADE DUTRA
564023410,5260369037,0,82.025,0,4,34.23129685755304,0.029208372942645715,6.954486951440431e-05,-1.708611765949001e-18,0.000151070520153364,CIDADE DUTRA
564023410,564026647,0,54.989000000000004,0,5,33.32078481416494,0.030006510666002833,0.0010321066204220409,2.839734556443967e-18,0.00017834081920012468,CIDADE DUTRA
564026647,564028251,0,73.618,0,5,32.431009730419525,0.03082976735035168,0.009146181037338217,5.7680847070645815e-18,0.0001843540619101508,CIDADE DUTRA
564026647,564028314,0,64.851,0,6,33.21678098580316,0.030100462936283833,0.0024156263958474444,4.608990507511899e-18,0.00020568539963076833,CIDADE DUTRA
564026647,5260369038,0,67.39,0,5,33.30180252033817,0.030023614617112695,0.007554677619386897,8.308980501872885e-20,0.00017867347198254115,CIDADE DUTRA
564028246,564028251,0,72.21799999999999,0,2,32.52831392566598,0.030737544134954883,0.0004657661853749418,3.7664641414658705e-18,8.791143587812841e-05,CIDADE DUTRA
564028314,564028752,0,176.67,0,5,32.328122507576964,0.030927885920114473,0.0002767690516868103,4.979103563625947e-18,0.0001769031319474198,CIDADE DUTRA
564035248,7988223735,0,11.214,0,4,33.67155846227468,0.02969391767375537,0.018376662173916206,1.5747303077512248e-18,0.00013723234127860872,CIDADE DUTRA
564035259,5300744892,0,7.768,0,5,32.95437868878609,0.030340140664404547,0.00023673464162313605,6.879106523979569e-18,0.00015910426214979227,CIDADE DUTRA
564035259,2585824511,0,52.894999999999996,0,6,32.960918806827245,0.030334120562158815,0.0179056882604029,1.262293562371999e-17,0.0001825752953089437,CIDADE DUTRA
564035259,2585824515,0,55.49,0,5,33.38092199712873,0.029952452631830453,0.0004892009619975804,1.6479427160703252e-17,0.0001563234304774866,CIDADE DUTRA
564035259,7988223735,0,58.705,0,5,33.52990907640772,0.02981936165252927,0.018344439356060078,6.406303743931146e-18,0.00016031536445465644,CIDADE DUTRA
564037655,2572903424,0,65.934,0,6,31.896953262083265,0.031345955731589,0.005224327771805165,8.910776313035519e-17,0.000180553340832734,CIDADE DUTRA
564037655,2572903449,0,156.303,0,6,32.33753389695326,0.030918884789171486,0.000427901662035586,3.1237340219749557e-16,0.00018782859340038974,CIDADE DUTRA
564037655,2585824515,0,129.066,0,5,32.52464507895996,0.030741011393007254,0.0004926727807564898,7.778887424516197e-17,0.00015505109574537082,CIDADE DUTRA
564037655,564040594,0,64.945,0,6,32.476312011485085,0.030786761888857237,0.005117352356296268,1.290361986128038e-16,0.0001886429836586389,CIDADE DUTRA
564038632,5260304046,0,75.814,0,4,33.503110543946406,0.029843213620846448,0.0047595380354561664,6.3833494457706666e-15,0.00015581636290601917,CIDADE DUTRA
564038632,653807677,0,25.082,0,4,32.801722762801084,0.0304813406343309,0.008809089134715356,1.1382242202433169e-14,0.00015828963514526948,CIDADE DUTRA
564038632,653808984,0,23.208,0,4,33.5137980539161,0.029833696655846318,0.010304358076443157,3.04861459147552e-14,0.00015773615001947897,CIDADE DUTRA
564039359,564040579,0,75.09,0,4,33.71382995693093,0.02965668647564253,0.005764304083151796,3.9203033764748994e-16,0.00014928793873833195,CIDADE DUTRA
564039359,5260304046,0,128.101,0,4,33.644600414739195,0.029717710200172578,0.0037772303153572324,1.1947106679164057e-15,0.00015055479961406486,CIDADE DUTRA
564039359,564040594,0,67.024,0,5,33.08597862498006,0.03021946233656034,0.009102457819843202,2.6921311071667217e-16,0.00017180448092832018,CIDADE DUTRA
564039363,674208453,0,27.785,0,4,34.61317594512681,0.0288861237845062,0.001975139390810812,3.1337748011238944e-16,0.00014732935694858253,CIDADE DUTRA
564039363,653796952,0,48.974,0,4,35.24996012123145,0.028364301164800754,0.0009954355347810602,7.374571175584537e-16,0.0001493660413917257,CIDADE DUTRA
564039363,5260304046,0,65.85900000000001,0,4,34.37501993938427,0.02908625178076725,0.001469121806699764,1.2429322145995447e-15,0.00015237577853716196,CIDADE DUTRA
564040579,653804864,0,20.964,0,4,33.12282660711437,0.030185844245281656,0.010552701612041396,3.064288794889867e-16,0.00014846636370757646,CIDADE DUTRA
564040579,653806252,0,26.126,0,4,33.61556867123943,0.02974337559790449,0.011818288044000095,9.489579132033554e-16,0.00015293606594113965,CIDADE DUTRA
564040594,674208454,0,84.354,0,5,33.2860105279949,0.030037858820146642,0.004769953491732894,7.977330003829813e-17,0.00016889013166961235,CIDADE DUTRA
564040594,876000285,0,187.14100000000002,0,5,33.20976232253948,0.030106824469720257,0.009060036534382778,7.689160827222554e-17,0.0001694002138881143,CIDADE DUTRA
576429700,5256917040,0,129.56599999999997,0,4,33.40102089647472,0.02993442889140412,3.927494971016281e-05,1.7119852072985487e-18,0.00014813774985320978,CIDADE DUTRA
576431850,2585824416,0,59.418,0,4,40.38203860264795,0.024759534672433886,0.0007039112533688848,2.508294617491448e-18,0.00014997631680082653,CIDADE DUTRA
576431871,2585824416,0,60.215999999999994,0,5,40.453660870952305,0.024715698490560087,0.0006674571564003359,6.0779988806053874e-18,0.00017895774810566508,CIDADE DUTRA
576431871,5406379563,0,204.192,0,5,40.27803477428617,0.024823467443951162,0.0028488442803576105,4.709935904303612e-18,0.00018030269314682845,CIDADE DUTRA
583066512,583066521,0,38.195,0,3,41.97942255543149,0.023817394905934968,0.0004657661853749418,-1.4804404757526045e-18,0.00012090194579744247,CIDADE DUTRA
583066513,583066521,0,94.36699999999999,0,5,41.089966501834425,0.024332959358367656,0.002331760273952539,-1.1823786850168516e-18,0.00018827007662496637,CIDADE DUTRA
583066520,583066536,0,124.59200000000001,0,4,40.530706651778594,0.024668715833553075,0.0017968831964080565,2.5684355147150055e-18,0.0001663540244720581,CIDADE DUTRA
583066520,583066527,0,52.086999999999996,0,2,40.6345509650662,0.02460567327999749,0.0004657661853749418,-2.7539107142533175e-18,9.496461490449244e-05,CIDADE DUTRA
583066520,583066530,0,123.89699999999999,0,4,39.64731217100016,0.025218367404415225,0.002708235620621779,-3.9811961526942515e-18,0.00016795545538775665,CIDADE DUTRA
583066521,583066536,0,151.26,0,5,41.14723241346307,0.02429909440516065,0.0014378754378695793,2.8846583023025125e-19,0.00019113008204300078,CIDADE DUTRA
583066536,583066853,0,73.08999999999999,0,4,41.11931727548253,0.024315590607385452,0.002780709837214013,6.823174949663156e-18,0.0001552169404478251,CIDADE DUTRA
583066538,583066585,0,13.405,0,5,42.264156962832985,0.02365693667580033,0.0025720752286708002,4.84811297509935e-18,0.0001838063961200503,CIDADE DUTRA
583066538,583066853,0,110.424,0,5,41.715106077524325,0.02396830738168803,0.0011817203100637937,6.84573064089122e-18,0.000184897003241095,CIDADE DUTRA
583066538,583066552,0,89.917,0,5,42.49210400382836,0.023530030069486417,0.00048345076217813665,3.901635897881225e-18,0.00019357820011006128,CIDADE DUTRA
583066538,583066594,0,123.89099999999999,0,5,42.488116126974,0.02353223856614031,0.001965483394887595,1.4818287880731258e-18,0.00018756220731550052,CIDADE DUTRA
583066545,583066548,0,70.37700000000001,0,5,40.931249003030786,0.024427314320454564,0.0021400507818590095,-1.3062941826242857e-18,0.0001772559915397712,CIDADE DUTRA
583066545,583066688,0,44.214,0,5,40.745413941617485,0.024538724440459923,0.0021004503491401988,-2.270186685967962e-18,0.00017669467816340927,CIDADE DUTRA
583066545,583066935,0,183.09699999999998,0,5,40.936832030626896,0.024423982886066873,0.00012650439602776198,-2.3023229524215193e-18,0.00017700277049071867,CIDADE DUTRA
583066545,583067037,0,190.98899999999995,0,5,40.19173711915776,0.024876767131551583,1.9528980518865485e-06,4.368279278664456e-19,0.00017737629727865832,CIDADE DUTRA
583066548,583066585,0,48.699,0,4,41.669803796458766,0.023994365075719296,0.002223482926409051,2.279107761655966e-18,0.0001492673986006343,CIDADE DUTRA
583066548,583066849,0,159.838,0,4,41.83984686552879,0.02389684857450037,0.00010263564206025972,2.5826628837449838e-18,0.00014925922370622477,CIDADE DUTRA
583066552,583066553,0,28.181,0,2,43.488913702344874,0.022990698083863965,0.0004657661853749418,-2.965516548387237e-18,9.233981397356204e-05,CIDADE DUTRA
583066552,5259076471,0,111.80799999999999,0,4,43.483968735045465,0.022993312570386757,0.0004478646198993151,-1.350840674028962e-18,0.00016795513558827524,CIDADE DUTRA
583066585,5259071791,0,164.14299999999997,0,4,42.133195086935714,0.023730469119723777,0.00015319400273687813,-2.2341924016816517e-18,0.00015269854061265213,CIDADE DUTRA
583066594,5259076471,0,72.679,0,4,43.481895039081195,0.02299440914493668,0.0002164462007507591,2.1696664178642554e-18,0.0001619596780287873,CIDADE DUTRA
583066594,5259073957,0,100.201,0,4,43.10799170521614,0.023193854442651825,0.0017645518842157124,-3.209731153617918e-18,0.00015941875645116452,CIDADE DUTRA
583066595,583066611,0,36.846,0,4,44.314085181049606,0.022562588866291103,0.0016267640772214948,-8.548108908785155e-19,0.00017457126210447844,CIDADE DUTRA
583066595,583066597,0,38.986,0,2,44.76136544903493,0.022337131025733314,0.0004657661853749418,1.1496036885490004e-18,9.780046759180218e-05,CIDADE DUTRA
583066595,5259076471,0,87.56700000000001,0,4,44.16621470728984,0.022638129428845917,0.0006967506271786341,-3.1739794010070686e-18,0.0001734157892065153,CIDADE DUTRA
583066607,5259035722,0,54.218999999999994,0,4,43.02982931887063,0.023235985379271483,0.009923108978980416,2.9591281496061377e-18,0.00017432231929317686,CIDADE DUTRA
583066607,583066611,0,117.475,0,4,43.57744456851172,0.02294399074626538,0.005098365847458482,5.9555222689402175e-18,0.00016936211429454979,CIDADE DUTRA
583066611,5259073957,0,19.271,0,4,43.5043866645398,0.022982521110699632,0.0037922025337550295,-1.0734691038125332e-18,0.00016465727364182675,CIDADE DUTRA
583066688,583067818,0,131.485,0,5,40.50055830275961,0.02468707906324587,0.0020546657392570807,1.2500983495999587e-18,0.00018192838892937518,CIDADE DUTRA
583066830,583067037,0,191.961,0,4,39.38395278353804,0.025387001919821142,0.00048518667155759136,6.273203432249445e-19,0.00015120879736454305,CIDADE DUTRA
583066830,5259094844,0,61.071,0,4,39.21055989791035,0.025499265696002214,0.0005937895021097267,6.154966510411613e-18,0.00015354776072788205,CIDADE DUTRA
583066830,583068053,0,398.22400000000005,0,4,38.57584941776998,0.025918819676469616,0.00033589846492448634,7.52418392185457e-18,0.00015601053592651255,CIDADE DUTRA
583066849,583066935,0,66.90899999999999,0,4,41.110065401180414,0.024321062863040754,0.0009987988592037537,-1.6091931410898389e-18,0.0001490327654696286,CIDADE DUTRA
583066849,583066853,0,71.267,0,4,41.92502791513798,0.02384829622414659,0.0013582405950870945,6.714181789835201e-18,0.00015175797020891907,CIDADE DUTRA
583066935,583067037,0,64.388,0,4,40.36257776359866,0.02477147249568238,0.0006636598546327788,-4.5034934289927865e-18,0.00014773049429149968,CIDADE DUTRA
583067669,583068040,0,228.419,0,4,39.50390811931727,0.02530991318392893,0.005377304785869611,3.8456120085394024e-18,0.0001546276559950459,CIDADE DUTRA
583067669,583067818,0,55.954,0,5,40.28218216621471,0.024820911657671,0.002464448847144608,4.600547895245625e-18,0.00018499388944685934,CIDADE DUTRA
583067802,3899119767,0,191.975,0,4,38.35827085659595,0.026065838282016734,0.0014422152113182161,4.479313997575567e-18,0.00015740723514707995,CIDADE DUTRA
583067802,583068053,0,64.619,0,4,38.42829797415856,0.026018339027093444,0.003348460698631919,7.602407460115329e-18,0.00015775727779477472,CIDADE DUTRA
583067802,583068038,0,76.336,0,4,37.57903971925347,0.026606334073341457,0.0018892118765278037,2.408894742579806e-18,0.00015699370054170737,CIDADE DUTRA
583067818,5259099174,0,108.578,0,3,40.510129207210085,0.02468124650532765,0.0004657661853749418,4.637134274698974e-20,0.00011755889398995806,CIDADE DUTRA
583067818,5259094844,0,108.32799999999999,0,5,39.73265273568352,0.02516420163478987,0.0005165415347239921,4.745394683902497e-18,0.00018515914899104813,CIDADE DUTRA
583068030,583068161,0,251.95999999999998,0,4,36.827883234965704,0.02714900768384487,0.003526499904362243,-1.7813329686772823e-19,0.0001580571609499396,CIDADE DUTRA
583068030,583068053,0,49.327,0,4,37.79023767746052,0.026457639495667075,0.0035041500711017635,-9.701494521039807e-19,0.00015801451912046753,CIDADE DUTRA
583068038,5259102331,0,82.98599999999999,0,4,36.720051044823734,0.027228733525052347,0.001956261376309242,-1.9486665803172472e-18,0.0001532507363425655,CIDADE DUTRA
583068038,583068058,0,185.808,0,4,36.616366246610305,0.027305835816474115,0.001598230066796708,1.144026021958375e-18,0.00015637767097636033,CIDADE DUTRA
583068040,5259073938,0,89.58200000000001,0,4,38.64220768862658,0.025874310623823518,0.005635629800399715,1.3324679778351308e-17,0.00015678159920901226,CIDADE DUTRA
583068040,583068208,0,110.71000000000001,0,4,39.53517307385548,0.02528989775909234,0.00019745969191297324,4.0701743569286705e-18,0.0001571384435113609,CIDADE DUTRA
583068058,583068161,0,70.833,0,4,36.59339607592918,0.027322976059702533,0.003965467988691853,9.787402694181962e-19,0.00015718389005889977,CIDADE DUTRA
583068124,5259102331,0,504.45400000000006,0,5,35.85898867442973,0.02788256227758007,3.1463357502616613e-06,-2.7650592560830167e-19,0.0001781997268562165,CIDADE DUTRA
583068124,583068254,0,142.58499999999998,0,5,34.89280587015473,0.02865463123391377,0.0020519533808516827,2.1390249217742046e-18,0.00017615313023252197,CIDADE DUTRA
583068124,3899119770,0,113.193,0,5,35.775562290636465,0.027947582676779163,0.0009283860349996219,-3.5262560409137664e-18,0.00017442896129228605,CIDADE DUTRA
583068124,583068231,0,78.249,0,5,35.87206891051204,0.02787239530064656,0.000870558553796537,-3.765885353639915e-18,0.00017576696629309114,CIDADE DUTRA
583068161,5255033751,0,53.525999999999996,0,4,36.09873983091402,0.02769737917747445,0.00046880402678898755,5.019187793834125e-18,0.00015646353883693573,CIDADE DUTRA
583068192,583068269,0,11.82,0,5,37.292391130961875,0.026810844105292875,0.0003891691840065027,9.17685057439521e-18,0.000176257154305962,CIDADE DUTRA
583068192,5260250229,0,18.873,0,4,37.853086616685275,0.0264137108566757,0.00016317548166874273,1.7743640356994763e-17,0.0001469819770311725,CIDADE DUTRA
583068192,3899119771,0,204.779,0,4,37.29813367363216,0.02680671622003062,0.00017445889263519832,6.478226074929913e-18,0.0001471488702162492,CIDADE DUTRA
583068208,5259101917,0,54.069,0,4,38.77572180571064,0.025785219162021516,0.0013455467577498318,7.121340614509274e-20,0.00015664397997023946,CIDADE DUTRA
583068208,5259073938,0,179.18,0,4,38.64986441218695,0.025869184798758542,0.0011230248741709813,1.405934247876744e-17,0.00015707803837826064,CIDADE DUTRA
583068231,3899119771,0,61.980999999999995,0,4,36.66358270856596,0.02727067054175876,0.0007289734450347621,2.8856166271668623e-18,0.00014681828039157032,CIDADE DUTRA
583068231,583068369,0,64.12899999999999,0,4,36.559897910352525,0.027348010855432515,0.0007963484278248481,5.788362423794677e-18,0.0001452875226744791,CIDADE DUTRA
583068238,5259073938,0,76.026,0,4,37.69724038921678,0.026522909226316414,0.006904362568108676,9.124661908631211e-17,0.0001546946857139337,CIDADE DUTRA
583068238,653801303,0,292.785,0,4,36.81847184558941,0.02715594740376492,0.007301234849986509,5.307925741339392e-16,0.00015043380126852026,CIDADE DUTRA
583068238,5260250229,0,151.64499999999998,0,4,37.62482054554155,0.02657396023233137,0.0003685552601254781,9.37701668573625e-17,0.00015009288559377813,CIDADE DUTRA
583068254,876000285,0,125.588,0,4,34.011804115488914,0.029396867085639246,0.008476228511204916,1.6376184547444905e-17,0.0001446529515552908,CIDADE DUTRA
583068269,5260250229,0,15.004,0,5,37.07720529590046,0.02696644682214966,0.00045589320077929317,2.266056758452282e-17,0.00017681864052803784,CIDADE DUTRA
583068269,5259102344,0,268.398,0,5,37.27261126176424,0.026825072112709812,0.0004450437671577012,5.222710694988117e-18,0.00017831827731155627,CIDADE DUTRA
583068269,3899119770,0,187.282,0,5,36.48508534056468,0.027404087878456662,0.0005741520272546452,4.334786457791331e-18,0.0001745730840898149,CIDADE DUTRA
583068369,653799978,0,83.95400000000001,0,5,35.758972722922316,0.02796054832651568,0.000967335501701137,2.0723715657177714e-17,0.00017178772075528563,CIDADE DUTRA
583068369,583068565,0,167.856,0,4,36.55925985005583,0.02734848815393342,1.8444037156706291e-06,1.2829286266913026e-17,0.00014627507793140893,CIDADE DUTRA
583068565,653797426,0,69.84,0,4,36.65098101770617,0.027280047004548124,0.00046392178165927117,2.38782077790646e-17,0.00014614798913254384,CIDADE DUTRA
583068565,653796902,0,315.409,0,4,37.11213909714468,0.026941063200605186,0.0,5.244951807472771e-17,0.00014631004921613968,CIDADE DUTRA
653796902,653797426,0,122.739,0,4,36.43531663742224,0.027441520403829904,0.0003398042610282594,5.458210095639113e-17,0.0001446977472574377,CIDADE DUTRA
653796902,653801299,0,27.462999999999997,0,5,36.284893922475675,0.0275552820152108,0.000544967050812563,2.4539185910889694e-16,0.0001729944361364182,CIDADE DUTRA
653796952,653801299,0,145.916,0,5,36.04434519062051,0.027739177383807895,0.00042182597920749446,6.856658242685173e-16,0.00017458689684750865,CIDADE DUTRA
653797426,653799978,0,68.789,0,5,35.764555750518426,0.027956183543852136,0.0008498361355792964,2.9650621616693565e-17,0.00017165621557916916,CIDADE DUTRA
653799978,653801164,0,64.132,0,5,34.98851491465943,0.028576248159275654,0.001932175633669308,3.061200632444603e-17,0.00017033612293426164,CIDADE DUTRA
653799978,653801296,0,150.129,0,6,35.5450630084543,0.028128814532921664,0.0008680631840635708,7.630229419028378e-17,0.00019639231682105896,CIDADE DUTRA
653801162,674208454,0,72.67999999999999,0,4,34.25953102568193,0.029184301564908064,0.0032651370484180933,4.118704637838507e-17,0.00014156522377472308,CIDADE DUTRA
653801162,653801164,0,150.296,0,4,34.99011006540118,0.02857494540763062,9.91638233013503e-05,2.4147563194578216e-17,0.0001416889913688902,CIDADE DUTRA
653801162,653801296,0,66.334,0,5,34.85595788802042,0.028684923482463206,0.002894194912895865,7.273222151093592e-17,0.00016846030997919032,CIDADE DUTRA
653801164,876000285,0,66.241,0,4,34.1038443132876,0.029317530180498323,0.002471283990326211,2.1865342748447732e-17,0.0001424273470022228,CIDADE DUTRA
653801296,674208453,0,110.907,0,5,34.8128888179933,0.02872041128655346,0.0007053216797396918,1.1729802381446743e-16,0.00016977503404920957,CIDADE DUTRA
653801296,653801299,0,67.32400000000001,0,6,35.51922156643803,0.02814927920240715,0.002816187485156619,2.64204123855064e-16,0.0001976018538308755,CIDADE DUTRA
653801299,653801303,0,75.938,0,5,36.10368479821343,0.02769358558590402,0.0022700269966456806,6.617253742448555e-16,0.0001747798296488066,CIDADE DUTRA
653802771,2549255281,0,77.107,0,4,30.67554633912905,0.03259405631678843,0.02442706582166938,2.0709643612217078e-14,0.000149173292917489,CIDADE DUTRA
653802771,5300767591,0,112.846,0,5,30.197160631679694,0.03311041382734831,0.02976162383906992,7.631584570265502e-15,0.0001683640110186623,CIDADE DUTRA
653802771,5262083631,0,59.04600000000001,0,4,30.834901898229383,0.03242560940280594,0.005279334400266636,7.621432777307215e-15,0.00014818995010804114,CIDADE DUTRA
653803010,5423666996,0,16.51,0,5,28.843515712234804,0.03466430704568079,0.019568363962911863,6.377051522102934e-12,0.00017340134128720567,CIDADE DUTRA
653803010,7292385106,0,29.069000000000003,0,5,29.32684638698357,0.03409301060647267,0.04416001569262079,1.681648577346305e-11,0.00017118165223425476,CIDADE DUTRA
653803010,2513876178,0,27.415,0,5,28.76551284096347,0.03475830556033072,0.032619039171988586,6.199992596223397e-12,0.00017188189929482085,CIDADE DUTRA
653803010,2513876196,0,21.941000000000003,0,5,29.32652735683522,0.034093381489056176,0.007872132047154676,1.4656841822864067e-11,0.00017146790633952474,CIDADE DUTRA
653803900,5262083631,0,10.899,0,4,31.41840803955974,0.03182339740660635,0.010797464834544511,4.292554492845667e-15,0.00014815423173235176,CIDADE DUTRA
653803900,2572903449,0,136.814,0,5,32.21311213909714,0.031038307649645446,0.003066158435798097,9.367429138582538e-16,0.0001701639605219718,CIDADE DUTRA
653803900,653804867,0,51.056000000000004,0,4,32.302600095709046,0.03095232216488482,0.007497935081545971,9.523810475296199e-16,0.00014766024392857442,CIDADE DUTRA
653804864,653804867,0,153.016,0,4,33.177061732333705,0.030136498915797623,1.4104263708069517e-05,3.82164320473206e-16,0.00014763111505699335,CIDADE DUTRA
653804864,2572903449,0,47.232,0,5,32.43260488116127,0.030828251032854612,0.010968126425412152,3.6512074771771557e-16,0.00017013682660967284,CIDADE DUTRA
653804867,5423667002,0,49.024,0,5,33.07369596426862,0.03023068501343211,0.007242213931085049,1.0238058127713038e-15,0.00018755561702818227,CIDADE DUTRA
653806252,653806846,0,47.296,0,4,32.82660711437231,0.03045823412216337,0.007995815590440825,4.3411317700984065e-15,0.0001569639455737146,CIDADE DUTRA
653806252,5423667002,0,158.564,0,5,33.69373105758494,0.029674377207351367,0.0035700061331848266,1.5229606646532673e-15,0.00019019858716833987,CIDADE DUTRA
653806846,653806854,0,165.396,0,4,32.01547296219493,0.031229914551206994,9.818737427540701e-05,1.8077822261503655e-14,0.0001604931641814353,CIDADE DUTRA
653806846,653807677,0,48.083,0,4,32.89073217419046,0.03039885155583146,0.00765297348799852,9.564178848979568e-15,0.0001590901801638384,CIDADE DUTRA
653806854,5262083622,0,14.801,0,4,32.08757377572181,0.031159740898899866,0.009788901485081325,1.712341057382742e-14,0.0001662137475010292,CIDADE DUTRA
653806854,653807690,0,38.037,0,4,31.183761365449033,0.03206285711362671,0.00963028276553365,9.44271899398576e-14,0.00015986077191073512,CIDADE DUTRA
653807677,5238737940,0,168.091,0,4,31.99218376136545,0.03125264884647411,0.0015947582480377986,3.254852774236421e-14,0.00015851081945274386,CIDADE DUTRA
653807690,5238737940,0,10.729,0,4,31.16589567714149,0.0320812369804329,0.007355482018094469,1.0648919614061713e-13,0.00015816617369963538,CIDADE DUTRA
653807690,5262939375,0,197.025,0,4,30.332110384431328,0.032963103201649205,0.0057875218711020025,5.136452293908414e-13,0.00015461606047954842,CIDADE DUTRA
653808984,653809008,0,164.796,0,4,32.717179773488596,0.030560106092518916,0.00016100559494442433,9.697505751292668e-14,0.00015720878215308792,CIDADE DUTRA
653809008,5238737940,0,48.125,0,4,31.986760248843517,0.03125794788679716,0.005321864180063277,9.845088140837852e-14,0.00015747065308537565,CIDADE DUTRA
653809008,5262083664,0,48.016999999999996,0,4,32.7071303238156,0.030569495856926174,0.0048482864024807885,4.472633251351826e-13,0.0001543631473481242,CIDADE DUTRA
653809636,653814902,0,63.05,0,4,34.40165895677141,0.02906372876326137,0.0020562931543003198,2.69830938926852e-13,0.00015990209368662496,CIDADE DUTRA
653809636,653814037,0,81.41499999999999,0,4,34.35906843196682,0.02909975533549678,0.002246809208695474,1.6921815696529775e-13,0.00016219393217578978,CIDADE DUTRA
653809636,5238737931,0,31.506,0,4,33.692933482214066,0.029675079655905427,0.0010496827028890197,1.460091943530523e-13,0.0001596134285633653,CIDADE DUTRA
653810091,653810093,0,132.831,0,5,33.2434200031903,0.030076342471077672,0.0014346206077831016,1.089545159911178e-11,0.00018179353119299622,CIDADE DUTRA
653810091,5262947843,0,79.144,0,5,32.67793906524167,0.030596803639594255,0.0026098312576739403,2.465355382253648e-12,0.0001819877686687522,CIDADE DUTRA
653810091,653815492,0,16.435,0,5,33.42207688626575,0.029915570128339133,0.004474740402889378,2.8287284559138738e-12,0.00018233347125956885,CIDADE DUTRA
653810091,5262083664,0,20.094,0,5,33.353485404370716,0.029977091533432493,0.005972721703022576,2.461562957327219e-12,0.00018180974023716343,CIDADE DUTRA
653810093,8710600895,0,52.95,0,4,34.004306907002714,0.029403348454072515,0.011517650238345783,1.0405273583126502e-11,0.00015445216156391862,CIDADE DUTRA
653810093,653816345,0,126.148,0,4,33.825490508853086,0.02955878746722502,0.010113516539039354,5.7456623603976287e-11,0.00015425289013240375,CIDADE DUTRA
653811537,5262947847,0,74.204,0,4,31.366246610304675,0.03187631906832456,0.0021922365575788665,1.790607146354195e-13,0.00015641165501669195,CIDADE DUTRA
653811537,5262947119,0,89.738,0,4,32.25777635986601,0.03099533190917003,1.6274150432387904e-06,1.2146789332466925e-13,0.00015783837484793626,CIDADE DUTRA
653811537,5262947843,0,111.81400000000001,0,4,32.09682565002393,0.031150759138235222,0.001752834495904393,4.647718410541428e-13,0.00015441669363693743,CIDADE DUTRA
653814036,653821091,0,40.701,0,5,34.06891051204339,0.029347591980447424,0.0015882485878648434,2.504619589043952e-12,0.00020897796645102365,CIDADE DUTRA
653814036,653824208,0,56.239999999999995,0,2,34.130323815600576,0.02929478461229278,0.0004657661853749418,2.298377677254364e-12,9.626628622977816e-05,CIDADE DUTRA
653814036,927143655,0,310.534,0,4,33.18950390811932,0.030125201259221877,0.0010392672466122915,1.3446766710018431e-11,0.00017532154543670577,CIDADE DUTRA
653814037,653821091,0,21.774,0,5,34.220928377731695,0.029217222685765695,0.0015602570491211362,5.670965109925058e-13,0.00020210046026719226,CIDADE DUTRA
653814037,653814038,0,27.976,0,4,35.13494975275164,0.028457148564657385,0.0014163935592988273,1.9147270650386038e-13,0.00017084166377537288,CIDADE DUTRA
653814038,653814913,0,57.48,0,4,35.79358749401818,0.027933508623378938,0.000493757724118649,4.938063580015768e-13,0.00017068157791636345,CIDADE DUTRA
653814038,5238737420,0,108.208,0,2,35.96985165098102,0.027796625202332646,0.0004657661853749418,9.874093938828204e-14,9.628234609892698e-05,CIDADE DUTRA
653814039,653816383,0,50.413,0,4,34.84750358908917,0.028691882687369254,0.001478560813950549,1.3567115318550508e-11,0.00015904014138080132,CIDADE DUTRA
653814039,653815492,0,140.37,0,4,34.21805710639656,0.02921967433209176,0.0016458590803954966,2.8628853643323035e-12,0.00015606467924324637,CIDADE DUTRA
653814039,653814913,0,43.594,0,4,34.96969213590684,0.028591629604287832,0.0002943451341537892,2.5264550510978788e-12,0.00016139388825229118,CIDADE DUTRA
653814902,653814913,0,115.906,0,4,35.13048333067475,0.028460766551788332,0.00026201382196144526,6.104981627074217e-13,0.00016147879009677766,CIDADE DUTRA
653814902,653815492,0,58.321999999999996,0,4,34.34008613814005,0.02911584091268035,0.0023735305933956677,9.46928473728337e-13,0.0001561495810877329,CIDADE DUTRA
653816345,653819639,0,59.041,0,4,34.61812091242622,0.028881997594702818,0.0008874836702462204,6.329452076462611e-11,0.00015751214607000966,CIDADE DUTRA
653816345,653818904,0,165.315,0,4,34.41505822300207,0.029052413000352263,0.008928215915880435,3.1417015834859093e-10,0.00015721916640336122,CIDADE DUTRA
653816383,653819116,0,114.26,0,4,35.4230339767108,0.02822571566239018,0.0011576345674238595,6.267637529324141e-11,0.0001589115600874124,CIDADE DUTRA
653816383,653819639,0,68.859,0,4,35.60791194767906,0.028079166405347047,0.00016957664750548196,2.609393430844384e-11,0.00015870219778449038,CIDADE DUTRA
653818904,653819208,0,36.441,0,4,35.20354123464667,0.028401701927128882,0.0008504871015965918,3.595240776252512e-10,0.0001581769864894921,CIDADE DUTRA
653818904,653819125,0,142.917,0,4,34.983569947360024,0.02858028744437149,0.008441944300960685,1.7001554649629793e-09,0.00015808916607449756,CIDADE DUTRA
653819116,946765632,0,199.41199999999998,0,4,35.99298133673632,0.02777876263073923,0.0007803997604011079,3.171870961575382e-10,0.00015875762359786493,CIDADE DUTRA
653819116,653819650,0,34.885,0,4,36.19285372467698,0.027625356445549223,0.0005652554916849399,7.814380226265488e-11,0.0001589131245487676,CIDADE DUTRA
653819125,946765632,0,39.235,0,4,35.747328122507575,0.027969656403391344,0.0007487194142260595,1.7005901628993577e-09,0.00015842906045106153,CIDADE DUTRA
653819208,653819650,0,24.622,0,4,36.19636305630882,0.027622678095322036,0.0003626965659698184,1.2091548326191e-10,0.00015867238181695872,CIDADE DUTRA
653819208,946765632,0,143.235,0,4,35.976551284096345,0.02779144885318152,0.0002611458672717179,3.599587769342776e-10,0.0001585168808660561,CIDADE DUTRA
653819639,653819650,0,129.517,0,4,35.61205933960759,0.028075896296561733,0.0005860864042383963,4.15613633350098e-11,0.00015870376224584555,CIDADE DUTRA
653821079,653821091,0,188.62699999999998,0,3,34.29813367363216,0.02915145454968258,0.0004657661853749418,5.216755798470233e-13,0.00012898993844136743,CIDADE DUTRA
653821091,5238737418,0,85.78299999999999,0,5,33.51842399106716,0.02982957925445088,0.0005878223136178511,5.488587744907781e-13,0.00020706919724326937,CIDADE DUTRA
653821094,5238737418,0,39.870000000000005,0,4,32.93443930451428,0.030358509391376787,0.0015009106472110283,1.195355980566842e-13,0.00016842819605552246,CIDADE DUTRA
653821094,5262947119,0,46.331999999999994,0,4,32.35380443451906,0.030903335864238313,0.002659738652333263,6.987061689936568e-14,0.00016083264995450286,CIDADE DUTRA
653821094,5238737931,0,3.638,0,4,32.97575370872548,0.0303204740597412,0.0019275103772120232,1.14564208896531e-13,0.00016062675604300948,CIDADE DUTRA
653822008,5238737418,0,240.376,0,2,33.728824373903336,0.0296435023599406,0.0004657661853749418,9.630595403587304e-14,9.459233316859458e-05,CIDADE DUTRA
653824221,927143655,0,43.619,0,5,32.23305152336896,0.031019107334623323,0.0019258829621687846,7.567953012193125e-11,0.000194977383245517,CIDADE DUTRA
653824221,653826559,0,270.24899999999997,0,5,32.240070186632636,0.031012354474971922,0.001146351156457404,7.825332540324697e-11,0.00018389703347247287,CIDADE DUTRA
653824221,2513876236,0,39.796,0,5,31.250598181528154,0.0319942830891736,0.007135347009912369,3.424422830352993e-10,0.00018225618983740128,CIDADE DUTRA
653824221,653826578,0,227.846,0,5,32.240070186632636,0.031012354474971922,0.003761824119614572,7.825332650573234e-11,0.00018389703347247287,CIDADE DUTRA
653825313,927143655,0,221.54099999999997,0,2,33.2121550486521,0.030104655463072807,0.0004657661853749418,1.2841877197018223e-11,9.386733829898777e-05,CIDADE DUTRA
653825829,653826517,0,59.025,0,4,34.22826607114372,0.029210959236078426,8.484257092084894e-05,9.575025048768761e-12,0.00015622547340080945,CIDADE DUTRA
653825829,653826578,0,56.521,0,4,33.23384909873983,0.030085004055811812,0.003534745473914653,1.8766780488426402e-11,0.0001538853938044439,CIDADE DUTRA
653825829,653826437,0,58.773,0,4,34.13463072260328,0.029291088368615357,0.003323073023957394,1.4459943364704587e-11,0.0001581553040202749,CIDADE DUTRA
653825865,653826443,0,185.784,0,4,34.721646195565484,0.028795883677125926,0.0,5.2669489451853096e-11,0.00016322291830843494,CIDADE DUTRA
653825865,653826437,0,61.656,0,4,34.721646195565484,0.028795883677125926,0.003114980887095261,5.266948629316231e-11,0.00016322291830843494,CIDADE DUTRA
653825865,653825878,0,38.104000000000006,0,4,34.482373584303716,0.02899569783041125,0.002836041948684132,2.7906701047347587e-10,0.00017377640202644398,CIDADE DUTRA
653825878,3899119797,0,45.862,0,4,34.48668049130643,0.028992076670814118,0.0013966475901075299,2.775701536063597e-10,0.00020029998219645975,CIDADE DUTRA
653825878,653826245,0,133.21400000000003,0,4,33.48955176264157,0.029855296123765158,0.0017276638099023,1.5538956911951232e-09,0.00017854889069393557,CIDADE DUTRA
653826245,2513876300,0,364.703,0,4,32.516669325251236,0.03074855160978577,0.007232666429498048,8.512262268758399e-09,0.00016692876733470286,CIDADE DUTRA
653826245,7871304844,0,203.79999999999995,0,3,33.46562450151539,0.029876642071345497,0.006759956606605288,1.7155807781900922e-09,0.0001375757292071009,CIDADE DUTRA
653826437,653826443,0,95.22,0,4,34.957409475195405,0.02860167557997335,8.581901994679221e-05,1.9344860165450568e-11,0.0001600851346397403,CIDADE DUTRA
653826443,653826517,0,61.99,0,4,34.13463072260328,0.029291088368615357,0.0003799471654281496,1.44599404758893e-11,0.0001581553040202749,CIDADE DUTRA
653826517,653826559,0,58.427,0,4,33.23384909873983,0.030085004055811812,0.0007606537912098106,1.8766783558287632e-11,0.0001538853938044439,CIDADE DUTRA
653826559,653826578,0,51.339999999999996,0,4,33.237039400223324,0.030082116306637936,7.963484278248481e-05,2.7958536199475472e-11,0.0001515453142080783,CIDADE DUTRA
653829120,2513876317,0,78.023,0,4,33.881320784814164,0.029510079942750067,0.06296598995494339,1.2274513465340144e-07,0.00014259554027132288,CIDADE DUTRA
653829120,2513876311,0,100.93599999999999,0,5,33.12442175785612,0.03018439060566222,0.005205341262967379,1.349799041819443e-07,0.00017099635445981138,CIDADE DUTRA
653829120,2513876361,0,593.577,0,4,33.83011644600415,0.02955474559248589,0.06780169101442313,6.581898736682517e-07,0.00014094419233249,CIDADE DUTRA
653836444,653837482,0,75.01,0,4,37.47503589089169,0.026680174178801436,0.0013966475901075299,4.877439639971541e-08,0.00019669386463248945,CIDADE DUTRA
653836444,1045095095,0,63.855,0,4,36.483968735045465,0.027404926590823633,0.019375352538783742,2.729980331624726e-07,0.00017152236476114928,CIDADE DUTRA
653836444,5610747017,0,141.96800000000002,0,4,37.46753868240549,0.026685512848895625,0.017546572007528207,4.9088653036352446e-08,0.00016643211817764353,CIDADE DUTRA
653837479,653837482,0,56.841,0,2,38.47455734566917,0.02598705622375071,0.0004657661853749418,8.210782756877824e-09,0.0001159440807705859,CIDADE DUTRA
653837482,3899119816,0,299.41200000000003,0,2,38.47455734566917,0.02598705622375071,0.0004657661853749418,8.210782755723378e-09,0.0001159440807705859,CIDADE DUTRA
660459191,8958385777,0,17.695,0,5,57.87063327484447,0.017277165089541913,0.0004726013285565447,-1.104801938830658e-18,0.00017986989140632488,CIDADE DUTRA
660459191,8958385782,0,21.839,0,5,58.865688307545064,0.01698511499096277,4.3397734486367746e-06,1.0508500509523407e-18,0.00018416121839260607,CIDADE DUTRA
660459191,660459417,0,243.08800000000002,0,5,58.864731217100015,0.016985391154480885,3.905796103773097e-06,1.0294618612226996e-18,0.00017497499429688885,CIDADE DUTRA
660459191,660462241,0,69.891,0,6,58.8623384909874,0.016986081602566882,1.1391905302671532e-05,7.734056967600086e-19,0.00020427715095768127,CIDADE DUTRA
660459234,8958385782,0,113.925,0,2,58.86999521454778,0.01698387236625336,0.0004657661853749418,-2.2377814091224513e-18,8.815942258605523e-05,CIDADE DUTRA
660459414,7892659291,0,210.12400000000002,0,4,59.857234008613815,0.016703753547682183,0.00046381328732305525,2.6671292877725316e-18,0.00014624976478829513,CIDADE DUTRA
660459414,7950478556,0,186.46399999999997,0,4,59.8604243100973,0.01670286330992765,2.1698867243183873e-06,2.8383543911362927e-18,0.00014827556023532616,CIDADE DUTRA
660459414,660459416,0,65.584,0,4,60.85276758653693,0.01643048499813886,3.037841414045742e-06,8.446511200439757e-19,0.00015050385202187029,CIDADE DUTRA
660459416,2557002289,0,32.299,0,4,59.85898867442973,0.016703263905174067,0.00046392178165927117,-2.1715286973402653e-18,0.00014945773992222595,CIDADE DUTRA
660459416,7950478555,0,29.628,0,4,60.85228904131441,0.016430614208234703,3.3633244226935e-06,-5.782266832656385e-20,0.00015074237886923868,CIDADE DUTRA
660459417,660462241,0,184.425,0,5,59.85675546339129,0.016703887091530267,0.0004645727476765667,5.0353657339016665e-18,0.00017324406783143488,CIDADE DUTRA
660459417,7950478555,0,71.493,0,4,59.85851012920721,0.016703397441193008,4.014290439989016e-06,-3.0663621299298537e-19,0.00014667857216455705,CIDADE DUTRA
660459622,7950478557,0,20.92,0,5,58.867283458286806,0.016984654738388085,0.0004650067250214304,1.1730978781148277e-18,0.00017667733976736878,CIDADE DUTRA
660459622,7950478556,0,26.358,0,5,58.866804913064286,0.016984792811541423,0.00046620016271980546,-1.2463020498206411e-18,0.00017640642327641795,CIDADE DUTRA
660459622,7892659291,0,47.30199999999999,0,5,58.863295581432446,0.01698580541659666,8.245569552409872e-06,-1.9109574353811096e-18,0.00017426345375805912,CIDADE DUTRA
660459622,5850129752,0,53.303,0,5,57.872387940660396,0.017276641253355825,0.0013926332996675409,2.6380207110567444e-18,0.000177557515374954,CIDADE DUTRA
660461192,660462241,0,69.79,0,6,58.86026479502313,0.016986680036314854,0.001402072306918326,-1.3090756574275654e-18,0.00020171105582813897,CIDADE DUTRA
660461192,660463354,0,16.965,0,5,57.86696442813846,0.017278260486040666,0.004174428080243714,4.702083227210994e-19,0.0001750440247830604,CIDADE DUTRA
660461192,7892659291,0,67.971,0,5,58.86058382517148,0.016986587966839838,0.0009360891328709523,-2.6719506381453884e-18,0.0001722955503513248,CIDADE DUTRA
660461192,2557002289,0,184.764,0,5,58.8617004306907,0.016986265731536786,0.0013921993223226772,1.2423226261591742e-19,0.00017474737174419267,CIDADE DUTRA
660461199,660462527,0,354.18899999999996,0,4,55.8841920561493,0.017891293550799513,2.061392388102468e-06,-1.5453693891908835e-18,0.00015216769806955668,CIDADE DUTRA
660462239,660462241,0,101.324,0,3,59.85755303876216,0.0167036645196364,0.0004657661853749418,9.56914489741262e-19,0.0001103700623778141,CIDADE DUTRA
660462527,660463354,0,70.606,0,4,56.87605678736641,0.01757928628322059,0.004635203526152723,6.011519346534818e-20,0.0001503207643298324,CIDADE DUTRA
660462527,660463358,0,43.361999999999995,0,4,56.8779709682565,0.0175786946669359,0.005095219511708221,2.4881289355949744e-18,0.00015246870370584132,CIDADE DUTRA
660463354,660463358,0,138.224,0,4,56.876375817514756,0.017579187677741068,0.0,-4.555860326365867e-18,0.00015020870280444765,CIDADE DUTRA
660463358,660463502,0,23.058,0,4,55.884830116446004,0.01789108927847646,0.0055570799009793895,4.73848389509761e-18,0.00015143711768285408,CIDADE DUTRA
660463502,660463986,0,50.80799999999999,0,4,55.885946721965226,0.017890731813134903,0.002780926825886445,5.700444297199183e-18,0.0001516084110292956,CIDADE DUTRA
660463643,5850129752,0,29.439,0,4,57.875737757218054,0.01727564129065688,1.8444037156706291e-06,3.831870259555792e-18,0.00015044638204695228,CIDADE DUTRA
660463643,660463986,0,132.155,0,4,56.88211836018504,0.017577412968249606,0.00046381328732305525,1.966956562259708e-18,0.00015225644995666302,CIDADE DUTRA
660463643,7950478557,0,95.57600000000001,0,4,57.87494018184719,0.01727587936651434,1.0849433621591936e-07,2.0350980368283094e-18,0.00014964029443103902,CIDADE DUTRA
660463986,5850129752,0,119.667,0,4,56.880363694369116,0.017577955202575556,0.0018528662738954709,4.905897447804652e-18,0.00015088916096362893,CIDADE DUTRA
660466181,2557558584,0,32.095,0,4,46.7240389216781,0.021398845390952263,0.00046468124201278264,-4.4179508578532676e-18,0.0001595841930083328,CIDADE DUTRA
660466181,2557558590,0,34.974,0,4,47.22555431488276,0.02117159871241011,1.0849433621591936e-06,-1.6301836259874835e-18,0.0001595150741745095,CIDADE DUTRA
660466181,660467164,0,460.07899999999995,0,4,46.72021055989791,0.021400598861684803,0.0,-5.71830051862461e-18,0.00015958419300833278,CIDADE DUTRA
660466322,2557002325,0,389.25300000000004,0,4,40.4806189184878,0.024699239083748076,0.013337859717040263,-8.834465943071648e-19,0.00016399506009881002,CIDADE DUTRA
660466907,660466909,0,218.728,0,2,42.85787206891051,0.023329214369724127,0.0004657661853749418,-3.691868933352252e-18,9.894652386627466e-05,CIDADE DUTRA
660466907,660467151,0,70.285,0,4,42.83091402137502,0.023343897924448898,0.02727167882291457,-2.758183671753771e-18,0.00017591143977971032,CIDADE DUTRA
660467151,660468510,0,20.933,0,4,43.80044664220769,0.02282717555583881,0.004368090470389129,-1.0255320984409428e-17,0.000165679480911233,CIDADE DUTRA
660467151,5043475842,0,44.808,0,4,43.77795501674908,0.022838903382839486,0.022619007708631084,-2.645950041088348e-18,0.0001684857646524098,CIDADE DUTRA
660467164,660467730,0,90.3,0,4,45.77029829318871,0.021844744784514907,0.00046478973634899855,-4.888415918726744e-18,0.00015990945810867775,CIDADE DUTRA
660467164,2557558607,0,102.7,0,4,46.74429733609826,0.02138957138957139,9.764490259432743e-07,-1.9464437923026353e-18,0.00015958419300833278,CIDADE DUTRA
660467709,660468508,0,25.293,0,4,46.74445685117244,0.021389498397835115,1.3344803354558081e-05,-9.564192444027086e-18,0.0001596533118421561,CIDADE DUTRA
660467709,660468509,0,18.29,0,4,45.79310894879566,0.021833863388568225,0.0004545912687447021,-6.653681136825969e-18,0.00015990945810867775,CIDADE DUTRA
660467709,660467731,0,63.835,0,4,46.76758653692774,0.021378919866569344,3.2548300864775807e-06,-2.536382144626516e-18,0.00015958419300833278,CIDADE DUTRA
660467730,660468510,0,63.543,0,4,44.7959802201308,0.02231987066724591,0.002323406210063913,-9.598080710368948e-18,0.00016139132763936696,CIDADE DUTRA
660467730,660467732,0,112.009,0,4,45.79294943372149,0.021833939444607004,0.001395020175064291,-2.9449110023215326e-18,0.00015990945810867775,CIDADE DUTRA
660467731,2557558607,0,30.242,0,4,47.74174509491147,0.02094268826868654,1.518920707022871e-06,-3.9429578150320606e-18,0.0001595150741745095,CIDADE DUTRA
660467731,660467732,0,26.525,0,4,46.7903971925347,0.021368497489167453,0.00046620016271980546,-1.2345886705851543e-18,0.00015958419300833278,CIDADE DUTRA
660467732,2557558607,0,17.73,0,4,46.76822459722444,0.021378628193321737,0.0004650067250214304,-2.0039390685131944e-18,0.00015958419300833278,CIDADE DUTRA
660468508,2557558590,0,65.417,0,4,46.72052959004626,0.021400452728148014,0.00025431072409011496,-7.217618987490976e-19,0.0001595841930083328,CIDADE DUTRA
660468508,660468509,0,21.514,0,4,45.77077683841123,0.021844516392100007,0.0006845992615224512,-5.258488864773387e-18,0.00015990945810867775,CIDADE DUTRA
660468509,660468510,0,210.513,0,4,44.796139735204974,0.02231979118816923,0.0015813049503470246,-5.651955025401102e-18,0.00016139132763936696,CIDADE DUTRA
660468759,8706648349,0,9.657,0,5,35.939703301962034,0.027819942655765935,0.0026686351879029683,2.1990871391018297e-18,0.00016384639598688712,CIDADE DUTRA
660468759,660468760,0,70.414,0,5,35.015313447120754,0.028554377684945172,0.0025879154017583246,2.4790481562076994e-18,0.00016395031407051656,CIDADE DUTRA
660468759,660469219,0,72.229,0,4,35.958047535492106,0.02780575012975721,2.4845202993445532e-05,6.04362600495478e-18,0.00013874810881685072,CIDADE DUTRA
660468760,2557002312,0,11.568,0,5,34.41314404211198,0.029054028998405458,0.006311658009361109,5.490156170354852e-18,0.00016274706611688433,CIDADE DUTRA
660468760,660910299,0,105.8,0,5,34.5444249481576,0.028943613518717763,0.012486721649426375,5.831715263147822e-18,0.00016290290616934709,CIDADE DUTRA
660468760,660910416,0,173.14299999999997,0,5,34.55367682245972,0.028935863759538726,0.008558467218056583,4.6759070524385375e-18,0.00016310549468561873,CIDADE DUTRA
660468867,2557002320,0,142.427,0,4,38.68958366565641,0.025842627141355212,0.0065671621711495985,3.1768569303729916e-19,0.0001726086118512223,CIDADE DUTRA
660468867,2557002372,0,119.35499999999999,0,4,39.577604083585896,0.025262784548913394,0.005828966707536483,-2.7599181911756848e-18,0.00017238911211933953,CIDADE DUTRA
660468867,5042187274,0,92.406,0,2,39.64188865847822,0.02522181759652335,0.0004657661853749418,3.767112189588677e-18,9.70702704014172e-05,CIDADE DUTRA
660469218,8706648344,0,6.617,0,5,37.83123305152337,0.02642896898348822,0.0005212067911812766,7.083297515866045e-18,0.00016575266104848773,CIDADE DUTRA
660469218,8921393353,0,47.623999999999995,0,4,38.77141489870793,0.02578808350270306,0.003990964157702594,8.716369941757346e-18,0.00014013811413557818,CIDADE DUTRA
660469219,8706648344,0,13.093,0,5,36.90636465145956,0.027091275295419378,0.004773750793500452,9.703693982538317e-18,0.00016696531573950592,CIDADE DUTRA
660469219,660469593,0,60.741,0,4,36.77588132078481,0.02718739698457588,0.004728617149634629,6.608417001672452e-18,0.0001450940127004239,CIDADE DUTRA
660469221,660469258,0,46.837,0,4,36.07640772052959,0.027714524480131588,0.0075425262537307134,-1.4972552662312047e-18,0.00015000412815491774,CIDADE DUTRA
660469221,660469593,0,55.13199999999999,0,4,36.72515552719732,0.0272249489640794,0.004907415815718464,-3.7324547389800373e-19,0.00014996486574028498,CIDADE DUTRA
660469221,660469580,0,107.46799999999999,0,4,36.990269580475356,0.027029824228520172,0.0026402096718143976,-2.409396558388717e-18,0.0001499625885868857,CIDADE DUTRA
660469222,8439379770,0,154.31199999999998,0,4,37.02839368320306,0.027001994563414625,0.001123567345852061,3.9824957470107647e-19,0.0001588268423497256,CIDADE DUTRA
660469222,660469258,0,25.887999999999998,0,4,36.09554952943053,0.02769982720752332,0.019056813167653803,2.3561760118503513e-18,0.00015392058871883124,CIDADE DUTRA
660469222,2557558618,0,33.299,0,4,37.002711756260965,0.027020735439927578,0.01868391813407969,3.922279201932646e-18,0.00016322451893119918,CIDADE DUTRA
660469251,2557002317,0,11.232,0,5,34.55830275961078,0.02893199043601082,0.006758654674570696,2.507227483390562e-18,0.00016949651066888434,CIDADE DUTRA
660469251,660910416,0,57.696,0,5,34.72834582868081,0.028790328507385905,0.02460651545377051,-1.3161463878648553e-18,0.00016686968289243758,CIDADE DUTRA
660469251,660469258,0,79.06400000000001,0,5,35.15871749880364,0.0284379111655551,0.022716869599897844,8.666882074884644e-19,0.000174495579174118,CIDADE DUTRA
660469251,660911169,0,76.632,0,5,35.104960918806825,0.028481458425158923,0.008207705029070516,-2.3882227100180127e-18,0.00017133433237165788,CIDADE DUTRA
660469580,660469591,0,66.27799999999999,0,4,37.6351890253629,0.026566639116705874,0.00023445626056260173,1.7264833626317742e-18,0.0001471943458545274,CIDADE DUTRA
660469580,2557558573,0,64.849,0,5,37.89535811134152,0.026384246904018253,0.002445570832643038,-7.664337361954642e-19,0.00018296208966393093,CIDADE DUTRA
660469591,5043425493,0,44.653999999999996,0,5,38.15871749880364,0.026202151184907426,0.0004824743131521934,1.299396947700532e-17,0.0001716328197919803,CIDADE DUTRA
660469591,660469593,0,86.393,0,4,37.21311213909714,0.026867962055647714,0.00021427631402644074,6.918124249218739e-18,0.00014719662300792668,CIDADE DUTRA
660903169,2557002265,0,145.913,0,4,34.07066517785931,0.02934608055658297,0.007242213931085049,-3.2270171757306678e-18,0.0001409374567600086,CIDADE DUTRA
660903169,660905041,0,55.282,0,4,33.503110543946406,0.029843213620846448,0.046845033525292366,2.879361613005401e-19,0.0001482221254818875,CIDADE DUTRA
660905026,2557002316,0,72.633,0,5,33.70984208007657,0.029660194863883934,0.01827261610548514,3.871522192476755e-18,0.00017188234441177988,CIDADE DUTRA
660905026,660905038,0,341.413,0,4,33.33944807784336,0.029989713164756824,0.00018574230360165393,4.962360360550592e-18,0.00014624712152582715,CIDADE DUTRA
660905026,660906536,0,77.453,0,4,33.35811134152178,0.029972934459310832,0.018388379562227525,6.506199445752667e-18,0.00015271376450748926,CIDADE DUTRA
660905038,660910300,0,34.444,0,5,33.503110543946406,0.029843213620846448,0.00024313580745987528,6.805144678033798e-18,0.00017090866710952354,CIDADE DUTRA
660905038,660905041,0,247.346,0,4,33.34566916573616,0.029984118176077764,0.0002467161205550006,3.234088699263154e-18,0.00014930459324459373,CIDADE DUTRA
660905041,660906542,0,70.399,0,4,33.51491465943532,0.02983270269627091,0.0473407441474629,-8.546733894861259e-19,0.00015731728658383723,CIDADE DUTRA
660906536,660909490,0,29.112,0,4,33.34008613814005,0.029989139223669792,0.001095358818435922,6.794523108460793e-18,0.0001601954328739619,CIDADE DUTRA
660906536,660910314,0,60.467,0,4,33.12585739352369,0.03018308244970289,0.01907156839737917,5.596782066541504e-18,0.00016149516236875144,CIDADE DUTRA
660906542,660907185,0,56.587,0,4,33.054713670441856,0.030248045555448317,0.04761848964817565,-9.534500285606214e-19,0.0001663233967591214,CIDADE DUTRA
660906542,660909249,0,369.366,0,4,33.330196203541234,0.02999803777991548,2.853401042478679e-05,2.678133590912456e-18,0.00016247469326964201,CIDADE DUTRA
660907183,660907185,0,166.578,0,2,33.20354123464667,0.030112465350006966,0.0004657661853749418,-6.716375406972219e-19,9.289111622086394e-05,CIDADE DUTRA
660907185,8694573100,0,47.803000000000004,0,4,32.343914499920245,0.03091278530705648,0.04839053534468814,-3.08199224999561e-18,0.00015833102072984934,CIDADE DUTRA
660908975,660908977,0,90.74699999999999,0,5,35.420800765672354,0.02822749523762345,0.0005971528265324202,7.540005729044588e-18,0.00018027052685194822,CIDADE DUTRA
660908975,804143784,0,79.079,0,5,35.11564842877652,0.028472790042700098,2.3868753967502258e-05,1.9334813661426102e-18,0.00017932626908496958,CIDADE DUTRA
660908975,804142347,0,92.17099999999999,0,5,35.16557664699314,0.028432364268120642,0.008700594798499437,1.4888320168055096e-18,0.00017972837583305954,CIDADE DUTRA
660908975,804144611,0,66.86,0,5,35.43212633593875,0.028218472564873674,0.008919210885974515,3.651195297878627e-18,0.00017886766770313563,CIDADE DUTRA
660908977,5265208169,0,45.658,0,4,35.07720529590046,0.02850399501589366,0.0007958059561437685,2.1146935362294387e-18,0.0001525987914555325,CIDADE DUTRA
660908977,802676281,0,29.901,0,4,35.50550327005902,0.028160155267224957,0.00023174390215720375,1.235737363687507e-18,0.0001531688466059741,CIDADE DUTRA
660908983,660908985,0,148.374,0,5,32.66757058542032,0.03060651487111376,0.016913833038716963,-6.470296186543897e-18,0.00017126665432230337,CIDADE DUTRA
660908983,660911114,0,168.962,0,5,32.6977189344393,0.03057829467953284,0.017364193028349247,-2.3951863066908375e-18,0.00016953703527096135,CIDADE DUTRA
660908983,660910609,0,57.648,0,6,32.60615728186313,0.030664161872333763,0.019870629183609413,-1.3309141245874523e-18,0.0001944531371689296,CIDADE DUTRA
660908985,7280438880,0,32.211,0,4,32.959961716382196,0.03033500140350198,0.01700410032644861,-1.0931737810267163e-17,0.00015034342840057374,CIDADE DUTRA
660908985,8694589783,0,32.916,0,4,33.323177540277555,0.030004356088711027,0.0002186160874750775,-6.946487600824338e-18,0.00014911564114405637,CIDADE DUTRA
660909249,660909490,0,250.343,0,4,33.36768224597225,0.029964337275673814,0.0002074411708448378,2.0402168560683264e-18,0.00016253953633261022,CIDADE DUTRA
660909249,660909254,0,96.888,0,4,33.47407880044664,0.029869096350232785,0.00023239486817449928,7.237029428429824e-18,0.00016427956864699988,CIDADE DUTRA
660909254,2576498160,0,36.388999999999996,0,4,33.39830914021375,0.02993685939992549,0.0012179574183599107,1.3844837442395835e-18,0.00017102985289432058,CIDADE DUTRA
660909254,660909490,0,346.74899999999997,0,4,33.8698356994736,0.029520086657561343,0.0007552290743990147,4.0244245418243886e-18,0.00016354635860890113,CIDADE DUTRA
660909259,660909264,0,174.49099999999999,0,4,32.06795342159834,0.031178805575176338,0.001839195987532265,-1.6637556974980273e-18,0.00017105554740941064,CIDADE DUTRA
660909259,2576498160,2,105.92699999999999,0,3,32.816876694847664,0.03046726518867053,0.0,-2.4838174100890334e-18,0.00013518302494673682,CIDADE DUTRA
660909259,2576498160,0,92.908,0,3,32.816876694847664,0.03046726518867053,0.0014788862969591968,-6.132669033899497e-18,0.00013518302494673682,CIDADE DUTRA
660909264,8694474742,0,6.607,0,4,31.596586377412667,0.03164394004412381,0.12123721299315152,-7.62068777040079e-18,0.00015676172025577104,CIDADE DUTRA
660909264,660909488,0,163.963,0,4,31.626575211357473,0.031613934744561624,0.11993321956617238,-9.726031105291313e-19,0.00017105554740941061,CIDADE DUTRA
660909484,660909488,0,25.867,0,3,31.64906683681608,0.031591468085964275,0.11989622299752276,-3.810312320978815e-18,0.00013515537741320751,CIDADE DUTRA
660909484,660909488,1,325.17300000000006,0,3,31.64906683681608,0.031591468085964275,0.0,-4.094419218588216e-18,0.00013515537741320751,CIDADE DUTRA
660909484,660910422,0,47.751999999999995,0,4,31.58462274684958,0.0316559261429062,0.11986291523630446,1.61699902684759e-19,0.00017060115349206597,CIDADE DUTRA
660910299,660910300,0,10.748,0,5,34.01308023608231,0.029395764158553286,0.0010752873662359767,7.164697168121528e-18,0.0001648079450190034,CIDADE DUTRA
660910299,2557558506,0,198.40699999999995,0,5,34.13447120752911,0.02929122524989602,0.01157385030450563,-4.667489492255999e-19,0.00016649636586002167,CIDADE DUTRA
660910300,2557002312,0,107.23600000000002,0,5,33.97064922635189,0.029432480912087604,0.014402623132663295,6.8278530025783875e-18,0.00016465210496654064,CIDADE DUTRA
660910300,2557002265,0,72.743,0,5,33.775083745413944,0.029602901726678506,0.015432776855033449,3.8590241572680056e-18,0.00016704312065443796,CIDADE DUTRA
660910314,660910820,0,106.569,0,4,33.54107513159994,0.029809434581417136,0.018910888285443392,-1.9138089530087134e-18,0.00016224575461382988,CIDADE DUTRA
660910314,660910425,0,222.853,0,4,33.19508693571542,0.03012013455069678,0.00012737235071748934,-1.6677591682605891e-18,0.00017165407485670645,CIDADE DUTRA
660910416,2557002316,0,11.29,0,5,34.22204498325092,0.0292162693788513,0.016268834209913322,3.804530587897958e-18,0.0001653578095162927,CIDADE DUTRA
660910422,660910427,0,85.17200000000001,0,4,31.862178975913224,0.03138016661326498,0.00383950606434517,2.430558972950125e-18,0.00016302485214467213,CIDADE DUTRA
660910422,660911009,0,202.078,0,4,31.449513479023768,0.03179192217369913,0.11599878095763828,1.4514351716469522e-18,0.00016229098711194976,CIDADE DUTRA
660910424,660910427,0,164.88,0,4,32.6501834423353,0.030622813703074007,0.0020036734012355987,-5.5025234063433294e-18,0.0001631007811798862,CIDADE DUTRA
660910424,660910475,0,140.20100000000002,0,4,33.29574094751954,0.030029080491158478,0.0019057030156326236,-1.0355612246696329e-17,0.0001614923014673183,CIDADE DUTRA
660910424,660910425,0,68.635,0,4,33.13814005423512,0.030171895081904085,0.0009389099856125661,-8.647429328555469e-18,0.00017176925484279528,CIDADE DUTRA
660910425,7280438878,0,179.72,0,2,33.727707768384114,0.029644483751814943,0.0004657661853749418,-1.406280368169481e-18,9.685722176069126e-05,CIDADE DUTRA
660910427,660910448,0,83.578,0,4,32.65736162067315,0.030616082723991227,0.0018424508176187425,-2.4975385182508233e-18,0.00015717171471798939,CIDADE DUTRA
660910447,660910474,0,21.501,0,5,33.32206093475833,0.030005361519607844,0.0006115825732491374,2.5411432550042686e-18,0.00017336275689225892,CIDADE DUTRA
660910447,2576498182,0,15.027,0,4,33.74924230339767,0.029625568359061133,5.077534934905026e-05,-5.641574501113185e-18,0.00014692626745101646,CIDADE DUTRA
660910447,660910448,0,273.627,0,4,33.523049928218214,0.029825462989398352,0.0006136439656372399,-2.892098146486161e-18,0.00014960812984011497,CIDADE DUTRA
660910448,660910611,0,76.968,0,4,33.030945924389854,0.03026981083782857,0.001233906085783651,-4.522305616966773e-19,0.00014970398037410487,CIDADE DUTRA
660910474,660910803,0,177.954,0,5,33.24932206093476,0.03007100364613318,0.0002011484993443145,1.3128074454794806e-20,0.000173044232716243,CIDADE DUTRA
660910474,2576498182,0,20.791,0,5,33.36895836656564,0.029963191357139443,0.019285736217069395,-5.472080441113236e-18,0.0001738970730614691,CIDADE DUTRA
660910474,660910609,0,48.541,0,6,33.01946083904929,0.0302803395185484,0.019682825487619657,3.219381678908253e-18,0.00019694925671213115,CIDADE DUTRA
660910475,660910820,0,81.827,0,4,33.55224118679215,0.02979951411768621,0.01921054964207176,-7.103326333442574e-18,0.00015921709081096882,CIDADE DUTRA
660910475,2576498182,0,54.017,0,4,33.49912266709204,0.029846766282868108,0.01935072432446273,-1.0935830867768588e-17,0.00015288137261632297,CIDADE DUTRA
660910607,660910803,0,49.165,0,4,33.28058701547296,0.030042753887152746,0.0011710878651146335,2.5035057568279055e-18,0.00014416837081589984,CIDADE DUTRA
660910607,660910609,0,175.2,0,5,32.9449672994098,0.030348807932911122,0.00020505429544808758,5.979804816165293e-18,0.0001689279087689476,CIDADE DUTRA
660910607,660911114,0,63.911,0,4,33.00143563566757,0.030296878474135515,0.0012922760386678154,2.2702088353967587e-18,0.00014311329892777115,CIDADE DUTRA
660910609,660910611,0,223.711,0,5,32.85037486042431,0.030436197126333525,0.00040381591939565186,5.306306853410759e-18,0.00017113662784810322,CIDADE DUTRA
660910611,8694589783,0,50.65,0,4,33.44026160472165,0.029899302127010023,0.0008508125846052396,-1.9106764009097142e-18,0.0001489557875058353,CIDADE DUTRA
660910803,660910819,0,49.442,0,4,33.374062848939225,0.029958608559329324,0.0010490317368717242,-7.561735064584592e-19,0.0001505595128803053,CIDADE DUTRA
660910819,660910820,0,167.82,0,4,33.430371670122824,0.02990814744125015,0.0014176954913334182,-3.4276080217545567e-18,0.00015769214895288057,CIDADE DUTRA
660910819,660911113,0,50.676,0,4,33.71287286648588,0.029657528413123503,0.000944443196759578,-6.082602835366446e-18,0.00015594743311978575,CIDADE DUTRA
660911009,2576498180,0,35.723,0,4,31.35619716063168,0.03188653521356043,0.09890864462257046,1.6269197199437152e-18,0.00015815292441198088,CIDADE DUTRA
660911009,7280438883,0,28.341,0,4,31.83697559419365,0.03140500836732035,0.01710565102514671,1.6244113764578356e-18,0.00015879309031765942,CIDADE DUTRA
660911113,660911161,0,64.38,0,4,34.28250119636306,0.029164747321058827,0.013700122305665217,-5.151078155634369e-18,0.00015742134484950473,CIDADE DUTRA
660911113,5265257550,0,112.462,0,4,34.035571861540916,0.02937633864338306,0.013301297125735497,1.6803406635010676e-18,0.00015459980680539322,CIDADE DUTRA
660911114,660911152,0,56.620000000000005,0,4,33.25825490508853,0.030062926866702477,0.018645511139059254,1.2313399843866235e-18,0.00014755939228871027,CIDADE DUTRA
660911150,802692396,0,51.233000000000004,0,4,35.122188546817675,0.028467488112053265,0.003997256829203117,-6.2072886617698965e-18,0.00017321005125719896,CIDADE DUTRA
660911150,802693684,0,57.754,0,4,36.02855319827724,0.02775133598685929,0.004069297068450487,-6.34246488854403e-18,0.00017855150087436452,CIDADE DUTRA
660911150,802694585,0,106.232,0,2,36.076886265752115,0.02771415685823687,0.0004657661853749418,-8.318127513310336e-18,9.828344225935968e-05,CIDADE DUTRA
660911152,5265208169,0,97.983,0,4,34.108470250438664,0.029313554011205372,0.020553384041416194,1.6534245532102137e-20,0.00015278230350496358,CIDADE DUTRA
660911152,802689069,0,60.871,0,4,33.79199234327644,0.029588089236317634,0.03173220646775966,2.7851803541385377e-18,0.00015063918297911734,CIDADE DUTRA
660911161,660911171,0,62.512,0,4,34.65592598500558,0.02885049112115549,0.0050825256743709584,-2.935066792140856e-18,0.00015854846963468037,CIDADE DUTRA
660911161,5042171325,0,113.005,0,4,34.17339288562769,0.02925786410123557,0.018224010642860406,2.8364586848500224e-18,0.00015847911444155083,CIDADE DUTRA
660911169,2557002318,0,16.737,0,5,35.12234806189185,0.02846735882133871,0.0003777772787038312,5.3218489246041425e-18,0.00017454191035095497,CIDADE DUTRA
660911169,8439379775,0,59.81,0,4,35.600255224118676,0.028085205531011122,0.00779705396649326,5.8644217421169915e-18,0.00014734296585017486,CIDADE DUTRA
660911171,802692396,0,26.87,0,4,34.75211357473281,0.028770638159193247,0.0041796358083820775,-7.214551926525109e-18,0.00016175791946773478,CIDADE DUTRA
660911171,5265257551,0,138.547,0,4,34.86457170202584,0.028677836442996624,0.0007307093544142169,-5.32491859219477e-18,0.00015471626759042096,CIDADE DUTRA
665551593,11751358418,0,113.998,0,5,28.60488116126974,0.034953492003301286,0.0009064701790840062,1.976838030599474e-18,0.00016453291257744257,CIDADE DUTRA
665551593,7280359680,0,63.048,0,5,27.893762960599776,0.03584458957144328,0.0001221646225791252,-3.639459549450425e-19,0.00016154040024166975,CIDADE DUTRA
665551593,2557558372,0,70.767,0,6,28.422236401339926,0.03517810740884167,0.043517295244877685,2.7755762036309737e-18,0.0001841258792884718,CIDADE DUTRA
665551603,665551646,0,69.532,0,6,32.37677460520019,0.030881411045967384,0.005959593888340451,3.8884404808206824e-18,0.00018036291299364923,CIDADE DUTRA
665551603,665551607,0,160.49,0,6,32.11532939862817,0.031132811141850982,0.0006869861369192013,3.3359655321331286e-18,0.00017756627036775026,CIDADE DUTRA
665551603,665551614,0,70.012,0,6,31.566118998245333,0.03167448253557568,0.006739451177060479,-1.934285566087699e-18,0.0001775095334011085,CIDADE DUTRA
665551607,665551615,0,57.328,0,6,31.81639814962514,0.031425319743102524,0.005087082436492027,-1.8496631776772423e-18,0.00017521508854041786,CIDADE DUTRA
665551607,665551699,0,56.97,0,6,32.63837932684639,0.030633888861736965,0.005011244895477099,3.564229093311021e-18,0.00018060886273587606,CIDADE DUTRA
665551614,665551647,0,69.48,0,6,30.880204179294942,0.03237803996115462,0.04129522274483944,-1.1516130190593264e-18,0.00017603539983821045,CIDADE DUTRA
665551614,665551615,0,208.298,0,6,31.27277077683841,0.031971598937000446,0.035301019163246114,-3.88200339022996e-18,0.00017515835157377616,CIDADE DUTRA
665551615,665551700,0,52.288,0,6,31.120274365927582,0.03212826703162082,0.00544858556476347,-5.714103516428964e-18,0.0001736852695714429,CIDADE DUTRA
665551645,665551667,0,68.631,0,5,32.62322539479981,0.030648118719898296,0.00030725596016348364,2.427488122769909e-18,0.0001649327861206927,CIDADE DUTRA
665551645,665551646,0,62.282,0,6,32.6501834423353,0.030622813703074007,0.00509684692675146,7.529356809951076e-18,0.00018733350303985454,CIDADE DUTRA
665551646,665551699,0,113.539,0,6,32.8691976391769,0.03041876762255104,0.002306264104941798,3.636285100524069e-18,0.00018340550536177506,CIDADE DUTRA
665551647,665551649,0,61.914,0,6,30.14611580794385,0.03316647794016488,0.04200401624333804,-7.931904827916202e-18,0.0001746595245254537,CIDADE DUTRA
665551647,665551700,0,256.479,0,6,30.598660073376934,0.03267595648071399,0.0006212385691723543,-4.7448662781907995e-18,0.00017456231783587718,CIDADE DUTRA
665551649,11751358421,0,51.615,0,6,30.07608869038124,0.03324370050968724,0.04269859698379236,-7.742657982750663e-18,0.00017535275223807127,CIDADE DUTRA
665551649,665551702,0,299.68500000000006,0,6,29.84511086297655,0.03350098076419436,0.001487999821201334,-8.999752072573067e-18,0.0001740939188526132,CIDADE DUTRA
665551667,665551699,0,52.029,0,5,32.93045142765991,0.030362185806114095,0.0033748248223323877,1.443209582532052e-18,0.00016117118551219045,CIDADE DUTRA
665551699,5013096285,0,135.26100000000002,0,5,33.263678417610464,0.030058025224188368,0.0004918048260667625,2.0172790485697826e-18,0.00016213898547704517,CIDADE DUTRA
665551700,665551702,0,52.017,0,6,30.382836178018824,0.03290806951225915,0.005540371773202138,-8.360785002986274e-19,0.00017399671216303673,CIDADE DUTRA
665551702,665551703,0,51.614000000000004,0,6,30.070186632636783,0.03325022545223065,0.006147614573002638,-1.7594441626559116e-18,0.00017595864638119232,CIDADE DUTRA
665551703,1907115719,0,67.36200000000001,0,6,29.79518264475993,0.03355711884188323,0.00679445780552195,-6.7305355956464775e-19,0.00018512578204026508,CIDADE DUTRA
665551703,5238761674,0,91.994,0,6,29.895517626415696,0.03344449483765974,0.0006264462973107184,1.8750976325537225e-18,0.00017993173356355965,CIDADE DUTRA
665551703,11751358412,0,326.32400000000007,0,5,29.556229063646516,0.03382841846206986,0.0014862639118218793,-9.022990376520666e-20,0.00015171140759418427,CIDADE DUTRA
665551710,2557558304,0,41.376,0,5,32.0819907481257,0.031165163433140085,0.006166058610159345,-4.669278128554154e-20,0.00017855910243251894,CIDADE DUTRA
665551745,665551769,0,74.325,0,6,37.09267825809539,0.026955197949547163,0.0009338107518104179,-1.2150342602326894e-17,0.00019960780922359474,CIDADE DUTRA
665551745,2508169641,0,82.654,0,6,36.770617323337056,0.02719128907012559,0.0006911089216954064,-1.0090196887039302e-17,0.00019975813126415988,CIDADE DUTRA
665551748,5167565563,0,149.525,0,5,36.02105598979104,0.027757111984978922,0.0011147793046185715,-9.541309976436791e-19,0.00017423697284824795,CIDADE DUTRA
674207885,674207886,0,61.459,0,6,33.11485085340565,0.03019311454404447,0.0011938716757199767,-4.207267695642362e-18,0.0001957809860093659,CIDADE DUTRA
674207885,946763800,0,38.115,0,3,33.139256659754345,0.030170878459687123,0.0004657661853749418,-3.4400438420493945e-19,0.00010997926615518123,CIDADE DUTRA
674208453,674208454,0,78.01,0,4,34.053118519700114,0.029361201804392938,0.0014617441918370814,7.90507682507528e-17,0.00014279053625278746,CIDADE DUTRA
802663042,802676281,0,50.466,0,4,34.95501674908279,0.02860363340984699,0.02001275676405227,-4.5598494118746734e-18,0.000155712437049884,CIDADE DUTRA
802663042,8694769558,0,25.049,0,4,35.34359546977189,0.02828915597398553,0.015477585015890624,-2.9143390606771056e-18,0.0001555409464468121,CIDADE DUTRA
802669909,802708490,0,14.561,0,4,34.380124421757856,0.029081933289719714,0.0617188475601414,-6.98653400628888e-18,0.00014970600482998084,CIDADE DUTRA
802669909,802670370,0,53.291999999999994,0,4,34.43340245653214,0.029036935463696883,0.04807438284895495,-5.688141702302323e-18,0.00015179162053856817,CIDADE DUTRA
802670370,802676243,0,53.605,0,4,33.84750358908917,0.029539563598661576,0.048211085712587004,-5.2756929608068726e-18,0.00015875330493186709,CIDADE DUTRA
802676209,7824867557,0,13.127,0,4,37.77428617004307,0.026468812155046092,0.018980433154957798,-6.058237456335684e-18,0.00015254001667516862,CIDADE DUTRA
802676209,8694765914,0,19.115,0,4,37.78577125538364,0.02646076688942456,0.002000418571149121,-1.257230836607208e-18,0.00015300995543781454,CIDADE DUTRA
802676214,804544178,0,71.859,0,4,36.18743021215505,0.027629496735857954,0.020338022784027594,-9.055274981819681e-19,0.0001542310781098845,CIDADE DUTRA
802676214,804544733,0,67.613,0,4,36.94145796777796,0.02706553936766471,0.019754540243858382,-9.504085866379438e-19,0.0001540053734678816,CIDADE DUTRA
802676220,807426950,0,33.926,0,4,33.82070505662785,0.0295629698804841,0.0244823979331395,3.9973078878745945e-18,0.00014885197185726746,CIDADE DUTRA
802676220,5267193805,0,26.980999999999998,0,4,34.770617323337056,0.0287553273969272,0.02379823264896191,5.698709076602654e-18,0.00015456203825747332,CIDADE DUTRA
802676225,5275394765,0,234.72099999999998,0,5,32.955495294305315,0.030339112672920356,0.004691512086648785,-7.513407076715658e-18,0.00018843389021472643,CIDADE DUTRA
802676225,805190504,0,35.113,0,5,32.17036209921837,0.031079553342985778,0.04747332422631875,-1.0791065852277074e-17,0.0001812056553101904,CIDADE DUTRA
802676225,807426950,0,230.542,0,5,32.949912266709205,0.030344253327072128,0.04053836625539719,-4.647554015409148e-18,0.000177144630643931,CIDADE DUTRA
802676228,802676233,0,15.592,0,4,33.98500558302759,0.029420047687888404,0.04834409976878772,-2.822580166792981e-18,0.00016918667221391243,CIDADE DUTRA
802676228,804153075,0,64.931,0,5,34.061253788483015,0.02935418910691706,0.008929843330923675,1.614308604497541e-18,0.0001964647070656316,CIDADE DUTRA
802676228,805179419,0,36.899,0,4,33.264795023129686,0.03005701626090334,0.05389966074906009,-2.394080371003097e-18,0.0001600225605831917,CIDADE DUTRA
802676233,802676243,0,47.041,0,4,33.86840006380603,0.029521337974105246,0.0483037398757154,-1.7014330408967899e-18,0.00016955408662582417,CIDADE DUTRA
802689042,927132422,0,92.614,0,4,36.80890094113894,0.027163008385517107,0.013240431803118367,-2.602214386070469e-18,0.0001526195386433991,CIDADE DUTRA
802689042,804527697,0,62.198,0,4,36.58143244536609,0.02733191179484496,0.02251626357223461,-2.450928236096313e-18,0.0001542292485128283,CIDADE DUTRA
802689042,804526434,0,8.656,0,4,36.80618918487797,0.02716500966464128,0.010049070903327099,-1.1149029217389213e-18,0.0001578420654400726,CIDADE DUTRA
802689047,802689051,0,33.239,0,4,35.84223959164141,0.027895591802220787,0.014935655806492107,-2.2932632081605234e-18,0.00015087306740770557,CIDADE DUTRA
802689047,927132422,0,85.238,0,4,36.5701068750997,0.027340376344555044,0.01402734122369243,5.166795061160049e-19,0.00015094217164924364,CIDADE DUTRA
802689047,8935067333,0,185.93000000000004,0,4,36.703461477109585,0.027241040618182135,0.0005872798419367715,6.995382800506335e-18,0.0001514184240690852,CIDADE DUTRA
802689051,802689055,0,66.334,0,5,35.05933960759292,0.028518520203651716,0.015413681851859448,2.068816776914251e-18,0.00017712408000145703,CIDADE DUTRA
802689051,804148456,0,170.204,0,4,35.8291593555591,0.027905775712002423,7.431862030790476e-05,-5.57084581021153e-18,0.0001532283551954091,CIDADE DUTRA
802689055,804142351,0,10.097,0,5,35.133833147232416,0.028458052975201358,0.008453444700599572,9.07512596717676e-18,0.00017621414480562426,CIDADE DUTRA
802689055,802689069,0,305.623,0,5,34.28154410591801,0.029165561558040305,0.01612833404451371,1.2572125347835299e-18,0.00017724466661632492,CIDADE DUTRA
802689055,8695184801,0,194.964,0,5,35.10687509969692,0.028479905491060272,0.008770899128367354,1.0028983045707137e-17,0.00016890329823674916,CIDADE DUTRA
802689069,5042171325,0,12.856,0,4,33.98388897750837,0.02942101433969349,0.018538318734877924,-5.422886243044845e-19,0.00015429086043222356,CIDADE DUTRA
802692396,5042171325,0,235.65799999999996,0,4,34.51443611421279,0.02896876198751219,0.0,-2.057512103761742e-18,0.00016168856427460523,CIDADE DUTRA
802693682,802693684,0,201.38299999999998,0,4,36.535651619078,0.027366159918268265,0.011859841374770794,-7.037021787228885e-18,0.00017746748471060304,CIDADE DUTRA
802693682,802696690,0,48.196,0,3,37.488435157122346,0.026670638044380145,0.0004657661853749418,-6.357494058861694e-18,0.00016308789249740684,CIDADE DUTRA
802693682,802728085,0,52.651,0,4,37.42558621789759,0.026715426155373985,0.011356427654728928,-5.876909912899913e-18,0.00016527198359436965,CIDADE DUTRA
802693684,8436291574,0,97.53,0,4,36.16366246610305,0.02764765559525385,0.014916560803318105,-1.4113018871076101e-18,0.00016928580895280606,CIDADE DUTRA
802696690,802696690,0,511.56699999999995,0,1,38.488116126974,0.025977901376812194,0.0,-4.788871088960193e-18,6.757273133130145e-05,CIDADE DUTRA
802697592,8706583334,0,5.803,0,5,39.10033498165576,0.025571148825065275,0.0007594603535114355,-4.540699264741178e-18,0.00016746457381178697,CIDADE DUTRA
802697592,802728085,0,95.90899999999999,0,5,38.316158877013876,0.026094486353266392,9.178620843866778e-05,-1.7127541585736229e-18,0.00017396703160520548,CIDADE DUTRA
802697592,802728070,0,84.397,0,6,39.086457170202586,0.02558022796929393,0.0031570766895470375,-1.0391812104840087e-17,0.00019532926164287883,CIDADE DUTRA
802697592,802698272,0,76.70400000000001,0,5,39.13463072260328,0.02554873947867202,0.002499709506414782,-3.0190638392697113e-18,0.0001684942348808413,CIDADE DUTRA
802698272,8706583340,0,4.226,0,5,40.07848141649386,0.02494706509798927,0.004395648031787973,-5.2650051075465905e-18,0.00016719240028532882,CIDADE DUTRA
802698272,4410122302,0,52.686,0,4,40.01722762801085,0.024985251207806494,0.0047796094876561114,-2.123971635579453e-18,0.00014636327864679397,CIDADE DUTRA
802700407,804544179,0,34.322,0,4,37.20242462912745,0.026875680681925376,0.002122800182400678,-2.352043258132161e-18,0.0001580580504330637,CIDADE DUTRA
802700407,5275432169,0,90.926,0,4,36.54554155367682,0.02735875410294015,0.0002275126230447829,-5.1784914693605555e-18,0.0001588873093419702,CIDADE DUTRA
802700415,5275432121,0,42.034,0,4,38.5587813048333,0.025930292687971868,0.017045870645891737,-3.473865794517671e-18,0.0001590135664117541,CIDADE DUTRA
802700417,5275432121,0,24.578,0,4,38.4799808581911,0.02598339351078427,0.01726014695991818,-6.344061830994647e-18,0.00015927936539845953,CIDADE DUTRA
802700417,5275432182,0,155.718,0,4,37.93651300047855,0.026355624327233585,9.721092524946374e-05,-1.804995270288965e-18,0.00015921024656463624,CIDADE DUTRA
802700435,2585709415,0,27.13,0,4,38.00606157281863,0.026307395282464535,0.001462178169181945,-7.032112369210642e-18,0.00014647814908231582,CIDADE DUTRA
802700435,5265222449,0,16.469,0,5,37.70106875099697,0.026520215952747644,0.02257897329856741,-3.056165149278631e-18,0.0001761686648454584,CIDADE DUTRA
802700435,802708497,0,55.504999999999995,0,5,37.431009730419525,0.026711555261980355,0.024050807463672573,1.913976893846523e-18,0.0001810619289219644,CIDADE DUTRA
802701984,8706583340,0,27.143,0,5,40.85037486042431,0.024475674662522307,0.013377894127103936,-8.782192582409173e-18,0.00016511997939843605,CIDADE DUTRA
802701984,2557558663,0,33.594,0,5,40.85069389057266,0.024475483515754043,0.0007864754432291995,-1.1469077721512849e-17,0.00016611828096752023,CIDADE DUTRA
802701984,8706583334,0,48.473000000000006,0,4,39.96634231934918,0.025017062530682622,0.014143430163443464,-1.7069185499511992e-18,0.00013742913408012268,CIDADE DUTRA
802706118,804138844,0,75.721,0,4,39.15728186313606,0.025533960411769738,0.001278171774959746,1.6614437251186677e-18,0.00015300348741560034,CIDADE DUTRA
802706118,2585709415,0,131.638,0,4,38.5626096666135,0.02592771841869046,0.0012993281705218503,-7.308948384240515e-19,0.00015081956767044332,CIDADE DUTRA
802706118,804130766,0,126.67,0,4,39.45828680810337,0.025339176274639802,0.0021156395562104274,4.434223215627506e-18,0.000155753493158844,CIDADE DUTRA
802706264,802721479,0,87.581,0,4,42.456213112139096,0.02354992147521397,5.641705483227806e-06,-4.199107736980104e-18,0.00015924857363562686,CIDADE DUTRA
802706264,802721502,0,166.81100000000004,0,4,41.84367522730898,0.023894662203889937,0.0005406272773639262,-4.2444329126651595e-18,0.00015936800013830352,CIDADE DUTRA
802706264,802720462,0,145.503,0,4,42.12234806189185,0.023736580008709977,0.0005574438994773936,-9.579532303806053e-19,0.00015891949974473435,CIDADE DUTRA
802706353,802714078,0,78.912,0,4,42.005423512521936,0.02380265216532742,0.0012919505556591678,6.934337600523669e-19,0.00015235615630861005,CIDADE DUTRA
802706353,802720033,0,133.96400000000003,0,4,42.454139416174826,0.0235510717841778,7.594603535114355e-07,-1.261750703458863e-18,0.00015676477335166717,CIDADE DUTRA
802706353,802720462,0,67.535,0,4,42.3172754825331,0.02362724144040228,0.0008293307060344876,-8.24609890595532e-19,0.00015727740518085438,CIDADE DUTRA
802708490,804143784,0,77.222,0,4,34.832987717339286,0.02870383939038687,0.008478181409256802,-2.6316861440608043e-18,0.00015020791378665224,CIDADE DUTRA
802708490,804142347,0,18.44,0,4,34.879885149146595,0.028665245904638207,0.057895398657556184,-3.1331155349443195e-18,0.00015058621112939698,CIDADE DUTRA
802708497,804527697,0,85.712,0,5,36.85962673472643,0.027125626966369935,0.020100311693378517,-1.2278421071620746e-18,0.00018519830835803084,CIDADE DUTRA
802708497,804606920,0,35.391999999999996,0,5,37.6670920401978,0.026544137887225528,0.04182152876982287,2.0269331404113848e-18,0.00018587869024163593,CIDADE DUTRA
802714055,802724012,0,39.827,0,4,40.457648747806665,0.024713262284675647,0.0012910826009694403,3.708974334184246e-18,0.00015078670616156033,CIDADE DUTRA
802714055,802729337,0,70.14699999999999,0,5,39.67554633912905,0.025200421347185257,0.003249188380994353,5.466847046082539e-18,0.0001704458069992775,CIDADE DUTRA
802714055,804129871,0,35.768,0,4,39.89535811134152,0.025061574385055817,0.0015049249376510175,3.730900240121909e-18,0.00014819914006289957,CIDADE DUTRA
802714078,802719426,0,132.232,0,4,41.59738395278354,0.02403613857209691,0.0012302172783523095,1.0511419085346155e-18,0.00015190274079796899,CIDADE DUTRA
802714078,2557558663,0,45.561,0,5,41.29318870633275,0.024213206009263445,0.0029838112346102143,-4.487360961710126e-18,0.00017265183118341077,CIDADE DUTRA
802719426,802724012,0,64.463,0,4,41.3416812888818,0.024184804627060897,0.0007380869692768994,6.968582528310328e-19,0.00015501118995824454,CIDADE DUTRA
802719426,802720033,0,65.532,0,4,41.99744775881321,0.023807172537431347,0.001466517942630582,7.644431072113095e-19,0.00015631135784102614,CIDADE DUTRA
802720033,802720456,0,63.551,0,4,42.85404370713032,0.02333129848279559,0.0010028131496437427,1.4712302845105127e-18,0.00015820948621048784,CIDADE DUTRA
802720456,802721479,0,18.032,0,4,43.03924070824693,0.023230904367098695,0.0007330962298109672,2.211126845232171e-18,0.00015905119193056753,CIDADE DUTRA
802720456,802720462,0,123.097,0,4,42.720051044823734,0.023404477767986497,1.8444037156706291e-06,3.215953135899043e-18,0.00015872211803967502,CIDADE DUTRA
802721479,802723946,0,45.827000000000005,0,4,42.26319987238794,0.02365747240968039,0.00045871405352090704,-3.358420536308789e-18,0.00015878133435822116,CIDADE DUTRA
802721502,804129859,0,67.814,0,4,41.89743180730579,0.02386400411185776,0.0005369384699325849,1.6330494296564286e-18,0.00015932652883800954,CIDADE DUTRA
802721502,804130976,0,79.798,0,4,41.245653214228746,0.024241111656849817,0.001088523675254319,-4.2784345026703444e-20,0.00015925095891302938,CIDADE DUTRA
802723946,804129859,0,73.156,0,4,42.10799170521614,0.023744672790983995,0.00032428957094938294,-3.3000004141089565e-19,0.0001587951581249858,CIDADE DUTRA
802723946,802724012,0,205.983,0,4,41.40644440899665,0.024146977582759643,0.00012585343001046646,-3.269937424999515e-18,0.00015663946075535984,CIDADE DUTRA
802728070,8706583331,0,7.29,0,5,39.043069070027116,0.025608654973627333,0.0002248002646393849,-5.284453525888522e-18,0.00016569952077679322,CIDADE DUTRA
802728070,802728085,0,86.011,0,5,38.26862338490987,0.026126899702383435,0.011063167463937297,-6.588371722721818e-18,0.00017330097874115755,CIDADE DUTRA
802728070,8706551006,0,13.922,0,5,38.58031583984687,0.025915819068882826,0.013976891357352028,-2.6175976021674157e-18,0.00016552023102525367,CIDADE DUTRA
802729337,8706551006,0,7.213,0,5,38.890891689264635,0.02570885987686982,0.010577763803707273,5.334700850046884e-18,0.00016474210814247753,CIDADE DUTRA
802729337,8706583331,0,13.975,0,5,39.40165895677141,0.025375593601852563,0.013579910581137979,6.024175787817145e-18,0.0001649213978940171,CIDADE DUTRA
802729337,804129111,0,72.97,0,6,39.27484447280268,0.025457528816395493,0.023663048706036877,1.6004118127254234e-18,0.0001910263654208226,CIDADE DUTRA
802729364,804129871,0,188.419,0,4,39.43786887860903,0.025352294973223964,1.9528980518865485e-06,-1.103904333660373e-18,0.0001438141208874616,CIDADE DUTRA
802729364,802729378,0,190.042,0,5,38.73616206731536,0.025811552605245494,0.00023836205666637482,-2.3675587028680663e-18,0.00016458421225706832,CIDADE DUTRA
802729364,804129111,0,198.238,0,5,39.53214228744616,0.02529183664411061,0.00022545123065668044,-8.703326305410364e-19,0.00016390661322221274,CIDADE DUTRA
802729378,8706551008,0,6.899,0,5,37.84654649864412,0.026418275309786732,0.0016946815316926604,1.3351054283042599e-18,0.00016279687672881305,CIDADE DUTRA
802729378,804129111,0,70.659,0,6,38.76981974796618,0.025789144531121425,0.023444324124225584,5.84673825840663e-19,0.0001897667056477965,CIDADE DUTRA
802729378,8706551009,0,140.37,0,5,37.87063327484447,0.02640147255181942,0.02200937803343383,-1.808252189737687e-18,0.00016393661062673616,CIDADE DUTRA
804129111,8706583345,0,6.841,0,5,38.70537565799968,0.025832083216564185,2.9293470778298226e-06,-4.047239436185407e-18,0.000163205200487684,CIDADE DUTRA
804129859,804130983,0,97.562,0,4,41.841442016270534,0.023895937538123704,0.00021145546128482684,-2.4294907979830508e-18,0.00015904934876166557,CIDADE DUTRA
804129871,804130772,0,106.345,0,4,40.09554952943053,0.0249364454823579,0.0012314107160506847,2.3889379179047286e-18,0.00015313700428904175,CIDADE DUTRA
804130766,804130772,0,144.678,0,4,40.33035571861541,0.02479126372952684,0.0007679229117362772,-1.795240455993004e-18,0.0001570628733712881,CIDADE DUTRA
804130766,804130976,0,108.052,0,4,40.35874940181847,0.024773822275096932,0.001326560248912046,9.621108001034891e-19,0.000158327961791077,CIDADE DUTRA
804130772,804130983,0,58.182,0,4,40.935715425107674,0.024424649100247053,0.0009006114849283466,-1.9360027775181773e-20,0.00015770869041689653,CIDADE DUTRA
804130976,804130983,0,107.144,0,4,41.28218216621471,0.024219661666628027,0.00022555972499289635,1.1528730475813287e-18,0.00015897377883668544,CIDADE DUTRA
804138844,804138845,0,77.109,0,4,38.39543786887861,0.026040606395486516,0.00010209317037918011,-1.3969231807993406e-18,0.00015048420808213346,CIDADE DUTRA
804138844,13007413265,0,64.072,0,4,39.339288562769184,0.025415825284448013,0.0016390239372138938,1.5001149492260005e-18,0.00014913488610370656,CIDADE DUTRA
804138845,8935067333,0,39.619,0,4,37.618439942574575,0.026578467540177245,0.022631376062959698,1.0268480061280715e-18,0.00014982260930141122,CIDADE DUTRA
804138845,5265222449,0,56.010000000000005,0,5,38.2928696761844,0.026110356663806247,0.022464728762532048,2.4078780992269387e-18,0.00017805853606207964,CIDADE DUTRA
804139658,13007413265,0,31.017,0,4,38.62434200031903,0.02588627878547593,0.0020028054465458713,4.526801037204058e-18,0.00014538431475686543,CIDADE DUTRA
804139658,8706551009,0,3.859,0,4,37.83490189822938,0.026426406168972162,0.024013485412014295,1.585896203168631e-18,0.00014060705649115616,CIDADE DUTRA
804139658,8706551010,0,3.194,0,4,37.87685436273728,0.026397136239208255,0.021738467675902682,3.711549166867956e-18,0.00014171441024147586,CIDADE DUTRA
804139660,8706551010,0,7.16,0,5,36.99138618599458,0.027029008318276492,0.0005550570240806435,7.375455224257507e-18,0.00016530725522128931,CIDADE DUTRA
804139660,8695184802,0,27.134,0,5,36.9111501036848,0.02708776296910923,0.001100566546574286,7.407547997759505e-18,0.00016522339992507907,CIDADE DUTRA
804139660,8695184800,0,6.856,0,6,36.95023129685755,0.02705911302403288,0.00045979899688306625,6.197982620794217e-18,0.0001901767111561017,CIDADE DUTRA
804139660,8695184801,0,15.885,0,5,36.057584941776994,0.027728992014864298,0.0014723766367862416,9.983953682394225e-18,0.0001628068327344687,CIDADE DUTRA
804142347,8694769558,0,9.129,0,4,35.47471686074334,0.028184593801008136,0.04939519289804755,-3.4301300598364497e-18,0.00015247812533141785,CIDADE DUTRA
804142351,804144611,0,70.843,0,4,35.58382517147871,0.028098173260114313,0.008544037471339866,2.780832386677075e-18,0.00014820518258189377,CIDADE DUTRA
804142351,804145392,0,172.62800000000001,0,4,35.50534375498484,0.02816028178252607,0.00017923264342869878,4.396125992491441e-18,0.00015111433234944418,CIDADE DUTRA
804143784,804144608,0,58.989,0,4,35.142287446163664,0.0284512067251608,0.008062539607213615,5.099107563996418e-18,0.00015082217919379603,CIDADE DUTRA
804144608,804145392,0,62.514,0,4,35.34247886425267,0.02829004973777092,0.007646572322161781,8.779970160921123e-18,0.00015331732920562116,CIDADE DUTRA
804144608,804144611,0,125.844,0,4,35.407720529590044,0.028237922971919755,2.2458327596695306e-05,4.832491829109518e-18,0.00015040817943807075,CIDADE DUTRA
804145392,804525911,0,80.90299999999999,0,4,35.78593077045781,0.02793948525019836,0.007412116061599179,2.169079641462375e-18,0.00015615257608949523,CIDADE DUTRA
804148456,804526434,0,88.085,0,4,36.54968894560536,0.027355649631213723,0.005641163011546727,-5.170128484351987e-18,0.0001585199862336206,CIDADE DUTRA
804148456,804525911,0,64.74,0,4,36.18392088052321,0.027632176408610588,0.00597315568036744,-1.7505061378912263e-18,0.00015742647557944682,CIDADE DUTRA
804150716,8935067333,0,13.135,0,4,37.60248843515712,0.026589742502015016,0.022396160342043586,2.7776497706583305e-18,0.00014749318908856144,CIDADE DUTRA
804150716,8706583318,0,35.661,0,5,38.55208167171798,0.025934798889454366,0.021836438061505658,-1.1052267534455414e-19,0.00017267448964233627,CIDADE DUTRA
804150716,8695184802,0,36.523,0,4,37.698516509810176,0.02652201140768072,0.0008310666154139423,1.5266527721032721e-18,0.00014148166991011216,CIDADE DUTRA
804152279,5275394765,0,11.602,0,2,33.85739352368799,0.029530934926408233,0.0004657661853749418,3.130238789464743e-18,9.055409867440482e-05,CIDADE DUTRA
804152819,804153075,0,102.059,0,3,34.95326208326687,0.028605069322112795,0.0004657661853749418,2.0577616151515515e-18,0.0001244318928997099,CIDADE DUTRA
804153061,804153064,0,63.771,0,4,36.297974158557984,0.027545352271129236,0.00013312255053693305,-1.7416996585611875e-18,0.00016019562953283476,CIDADE DUTRA
804153061,804153180,0,66.744,0,4,35.99042909554953,0.027780732546183032,9.851285728405477e-05,2.601835055881359e-19,0.00016112608669802654,CIDADE DUTRA
804153061,804153245,0,70.503,0,4,35.99074812569788,0.0277804862914735,0.000430505526104768,1.8277619841420986e-18,0.00015980411218588202,CIDADE DUTRA
804153064,804153245,0,105.74199999999999,0,4,35.66884670601372,0.028031197452685057,0.0054954551180087475,-5.141104873071762e-19,0.00015958414751623813,CIDADE DUTRA
804153064,804525636,0,43.872,0,4,35.917052161429254,0.0278374873425592,0.005633676902347829,-2.030491808738072e-18,0.00016098968710458747,CIDADE DUTRA
804153075,804525644,0,113.64099999999999,0,5,34.95262402297017,0.028605591507772067,0.0008666527576927639,4.115370320225054e-18,0.00020123030195549974,CIDADE DUTRA
804153075,804153183,0,59.551,0,5,34.73743818790876,0.028782792775831272,0.007183084517847373,2.1168527648477726e-18,0.00019465657390450394,CIDADE DUTRA
804153180,804153183,0,91.35,0,4,35.50486520976232,0.028160661335250248,0.0004314819751307113,8.916488641018253e-19,0.00016013331441531805,CIDADE DUTRA
804153180,804525644,0,60.94799999999999,0,4,35.505024724836495,0.0281605348165387,6.466262438468794e-05,8.038967634622353e-19,0.00016667582118847765,CIDADE DUTRA
804153183,804153245,0,63.634,0,4,35.26383793268464,0.02835313861283129,0.006322941420327564,2.4507995181874997e-18,0.00015881133990317353,CIDADE DUTRA
804525636,804526781,0,35.469,0,4,36.455096506619874,0.027426631136314907,0.005613388461475452,-4.4459896682407225e-18,0.00016503372126534815,CIDADE DUTRA
804525636,804525911,0,71.29400000000001,0,4,36.089328441537724,0.027704602110995208,0.001586187195476741,-2.8965692773432964e-18,0.0001600360825366926,CIDADE DUTRA
804525644,2576498242,0,32.489000000000004,0,2,35.73664061253788,0.027978021095106526,0.0004657661853749418,4.547021057051735e-18,9.316357113772051e-05,CIDADE DUTRA
804526432,804526779,0,21.772,0,2,37.94193651300048,0.02635185699030514,0.0004657661853749418,-3.35787939745389e-18,9.770697683534243e-05,CIDADE DUTRA
804526434,804526609,0,79.405,0,4,36.93954378688786,0.027066941884667538,0.004240284142326777,-3.220829380352268e-18,0.00016401881953263123,CIDADE DUTRA
804526609,804526781,0,66.914,0,4,36.94257457329718,0.027064721299866576,0.00440660595974578,1.9705995546041757e-18,0.00016792294760711293,CIDADE DUTRA
804526609,804526779,0,99.87700000000001,0,4,37.45286329558143,0.026695969198269106,9.547501587000903e-05,-2.6518026929846964e-19,0.00017419201830406916,CIDADE DUTRA
804526779,804526781,0,90.55799999999999,0,4,37.379645876535335,0.026748259954850577,0.0008358403662074428,-4.2452544845205075e-18,0.00017433280388166848,CIDADE DUTRA
804527697,5275432194,0,77.066,0,4,36.285372467698195,0.027554918605724635,0.0031180187285093064,-4.9905330950127176e-18,0.00015505013199171395,CIDADE DUTRA
804528445,5275432133,0,13.549,0,4,34.358430371670124,0.02910029573848732,0.0029309744928730616,-9.390607538725397e-19,0.00016114153674527353,CIDADE DUTRA
804528445,5275432129,0,43.249,0,4,34.58223002073696,0.028911972545618923,0.0013987089824956324,3.7698673142182924e-19,0.00016107279738740063,CIDADE DUTRA
804528445,5275394765,0,166.13500000000002,0,4,33.72451746690062,0.029647288086690413,0.003949410826931897,-6.490059045070935e-19,0.00016386591394756294,CIDADE DUTRA
804531486,804606920,0,31.309,0,4,37.48668049130643,0.026671886435975557,0.017860554616537076,-7.119772581315199e-19,0.0001558353468171602,CIDADE DUTRA
804531486,5275432194,0,138.732,0,4,36.60839049290158,0.027311784852155574,0.0002853401042478679,9.801427450172868e-20,0.00015722118117617758,CIDADE DUTRA
804531879,5275432182,0,43.33,0,4,37.6495453820386,0.026556508844402076,0.0003900371386962301,-7.40924648549295e-18,0.0001589846178178234,CIDADE DUTRA
804533432,5275432162,0,231.829,0,4,35.980060615728185,0.027788738201534855,0.001077565747296511,-3.5074911872344015e-18,0.0001578564748941084,CIDADE DUTRA
804534334,5275432147,0,240.832,0,4,36.85803158398468,0.027126800915767562,9.048427640407675e-05,-1.0390000635589336e-18,0.00015773244046917684,CIDADE DUTRA
804542294,804561164,0,13.603,0,4,37.730738554793426,0.026499361613975158,0.0025797783265421306,-2.209324371236936e-19,0.00015607536906763855,CIDADE DUTRA
804542294,5275432196,0,57.239999999999995,0,4,38.41346307226033,0.026028387053908825,0.0015838003200799907,-5.667582818066459e-18,0.00015832848328069647,CIDADE DUTRA
804542294,804544179,0,64.403,0,4,38.06954857234009,0.02626352353577085,0.0007524082216574008,-1.463251617256156e-19,0.00015771454221492185,CIDADE DUTRA
804544178,5267193807,0,78.573,0,5,36.39846865528793,0.027469300821274245,0.004400747265590121,1.8468564424624167e-18,0.00018692597569738517,CIDADE DUTRA
804544178,5267193805,0,16.634,0,4,35.598660073376934,0.028086464009176942,0.025112316049209125,3.264235577307499e-18,0.0001545117342684697,CIDADE DUTRA
804544179,8694765914,0,76.844,0,4,37.93954378688786,0.026353518917941667,0.0019071134420034306,-2.665741308639134e-18,0.00015652219535936275,CIDADE DUTRA
804544733,5267193807,0,70.728,0,5,37.041154889137026,0.026992691991335468,0.0001069754155088965,1.8707350877199643e-18,0.00018668752066344877,CIDADE DUTRA
804544733,7824867557,0,15.886,0,4,37.47966182804275,0.026676881171263194,0.019489271591810457,-2.6709392289622386e-18,0.00015363306967671923,CIDADE DUTRA
804561164,5267193807,0,64.569,0,5,37.16525761684479,0.026902557631476164,0.003717449936102261,3.320336747070496e-18,0.00018750335696588103,CIDADE DUTRA
804561164,5275432202,0,98.26599999999999,0,4,37.273249322060934,0.026824612909023993,0.0007678144174000613,8.656420196271699e-19,0.00015625654172853068,CIDADE DUTRA
804561596,5275432202,0,47.053,0,4,37.20816717179773,0.0268715328091641,0.00045480825741713395,-6.6132522902530595e-19,0.00015856495100864725,CIDADE DUTRA
804561596,5275432135,0,11.526,0,4,36.53597064922635,0.02736592095841847,0.0005595052918654961,-1.6656081901845192e-18,0.00015936020142919173,CIDADE DUTRA
804561596,5275432197,0,60.807,0,4,37.06651778593077,0.026974222145715883,0.00016013764025469697,-3.211005433036125e-18,0.00015927102458084718,CIDADE DUTRA
805179419,805183342,0,53.625,0,4,32.5863774126655,0.030682774960349317,0.053752542429151305,9.63286349654781e-19,0.0001572326780857028,CIDADE DUTRA
805183342,805190504,0,34.837,0,4,32.041154889137026,0.0312048828572282,0.05377890655285177,-4.434766665908893e-18,0.00015389506285766274,CIDADE DUTRA
810716124,810728374,0,39.525,0,4,27.498644121869518,0.0363596285145804,0.0009669015243562733,1.2732099521671033e-16,0.00017491114232937176,CIDADE DUTRA
810716124,7359295053,0,237.863,0,4,27.31839208805232,0.03659953637473067,0.0027313449142357697,4.922740224505974e-16,0.00016594135456434296,CIDADE DUTRA
810716124,810728980,0,71.816,0,5,26.77332907959802,0.037344645559514306,0.0034457801182175988,3.5526716547632336e-16,0.00018754443461042528,CIDADE DUTRA
810716139,2513876048,0,389.556,0,4,25.474876375817516,0.03924809958547795,0.02638202526594403,2.322110945059049e-16,0.00013913463336937194,CIDADE DUTRA
810716139,810728980,0,109.52000000000001,0,5,26.12872866485883,0.03826594465235255,0.01659540216192324,4.3960701853884516e-16,0.00017384658451741712,CIDADE DUTRA
810716139,8719239924,0,105.909,0,5,25.83442335300686,0.038701869643606904,0.009651764644104402,1.0652648866881667e-15,0.0001666026749723413,CIDADE DUTRA
810716507,810716509,0,37.232,0,4,28.87589727229223,0.03462543433707319,0.0012852239068137808,1.2347433725321042e-14,0.00015131789202501997,CIDADE DUTRA
810716507,4724174785,0,25.5,0,4,27.95645238475036,0.035764211823643866,0.002884104939627784,5.742594019090088e-14,0.0001500819329019953,CIDADE DUTRA
810716507,810720965,0,55.266,0,5,28.87557824214388,0.0346258168941725,0.0020281931212203963,2.331282237388778e-14,0.00017762568242498536,CIDADE DUTRA
810716509,810716517,0,243.98400000000004,0,4,29.06859148189504,0.03439590409974154,0.00040934913054266374,2.6395287991142705e-15,0.00015294347747848625,CIDADE DUTRA
810716509,810716932,0,21.228,0,4,29.75418727069708,0.03360335390207421,0.000956486068079545,2.309423247335332e-15,0.00015434733089229058,CIDADE DUTRA
810716517,810725105,0,45.878,0,5,28.326048811612697,0.035297562733702756,0.0014350545851279655,2.79024120483618e-15,0.00018359258554864047,CIDADE DUTRA
810716517,810724577,0,57.009,0,4,29.263837932684638,0.034166416832465726,0.0009639721772784435,8.489646666484695e-16,0.00015456935292135863,CIDADE DUTRA
810716932,810723950,0,113.22499999999998,0,4,30.684319668208644,0.032584736951549176,0.00038070662578166105,4.694880381292988e-16,0.00015632804678940084,CIDADE DUTRA
810716932,810721978,0,159.475,0,4,30.605040676343915,0.03266914412888363,0.0006618154509171081,5.625071073016261e-16,0.00015289930156024126,CIDADE DUTRA
810717028,810720965,0,25.46,0,5,29.611421279310896,0.033765366258336295,0.0008759832706073329,1.592481218616068e-14,0.00017630588888474353,CIDADE DUTRA
810717028,6291403990,0,27.589,0,4,30.46721965225714,0.032816925743066716,0.00026027791258199055,5.821452259889667e-15,0.000144735776359461,CIDADE DUTRA
810717028,7291484494,0,17.892,0,4,30.48460679534216,0.032798208342926516,0.0007436201804239113,5.2717441969826764e-15,0.00015018879868943725,CIDADE DUTRA
810718871,810721978,0,156.58800000000002,0,4,31.399904290955494,0.031842150716804,0.0008869411985651407,2.295170308479339e-16,0.00015325301970356992,CIDADE DUTRA
810718871,8680723502,0,3.0140000000000002,0,4,32.1376615090126,0.031111177291024514,0.020699634406635255,7.557468066186204e-17,0.00015558479541623153,CIDADE DUTRA
810718871,8680723515,0,5.9030000000000005,0,4,32.22427819428936,0.031027552545863157,0.021703640993977372,5.221749102304522e-17,0.00015714623584272565,CIDADE DUTRA
810720965,6291403989,0,6.444,0,5,29.379326846386984,0.03403211006683715,0.01671268453937265,6.0391431157109e-14,0.00017789526532902483,CIDADE DUTRA
810720965,6291403990,0,32.004999999999995,0,5,29.55399585260807,0.03383097466455088,0.01607962008755276,1.5702420944193012e-14,0.00017430730517425466,CIDADE DUTRA
810720968,810721974,0,140.247,0,5,31.192853724676983,0.032053511158385666,0.01616999586962062,8.859580777176963e-16,0.0001776544004446016,CIDADE DUTRA
810720968,810722044,0,174.35999999999999,0,4,31.894879566119,0.031347993738403294,0.007285720159907633,5.105590967714234e-16,0.000148638421103268,CIDADE DUTRA
810720968,8680723502,0,63.646,0,4,31.924549369915457,0.03131885976965548,0.023700804735040017,2.1709791913870145e-16,0.00015200612861435614,CIDADE DUTRA
810721974,6291403990,0,101.087,0,5,30.400382836178018,0.032889075453877634,0.016189199367130837,3.5058766505060613e-15,0.00017455895627708958,CIDADE DUTRA
810721974,810721978,0,60.55199999999999,0,5,31.266868719093953,0.03197763402240679,0.00011760786045805659,8.951578274480615e-16,0.00017872390304536713,CIDADE DUTRA
810721974,810722044,0,58.512,0,5,31.215504865209763,0.03203025192907149,2.1698867243183872e-07,1.0405873451061743e-15,0.00017761292914430762,CIDADE DUTRA
810722044,4442345878,0,93.906,0,4,31.740628489392247,0.03150033671387362,0.007192523525098158,1.423764540128865e-15,0.000151694849913326,CIDADE DUTRA
810723948,810723950,0,191.50199999999998,0,4,30.8786090285532,0.03237971257064336,0.00019908710695621203,1.3800945640901076e-16,0.00015793180420544978,CIDADE DUTRA
810723948,810724577,0,140.209,0,4,30.139416174828522,0.03317385045304429,0.0004460202161836445,1.89638257369745e-16,0.00015757696375121193,CIDADE DUTRA
810723948,8505416754,0,124.184,0,4,30.98771733928856,0.03226570301963328,0.0005245701156039701,5.748533698499015e-17,0.00015861767541595426,CIDADE DUTRA
810723950,810724577,0,57.166000000000004,0,4,30.167490827883235,0.033142978003384095,0.00046554919670250996,2.357708905748702e-16,0.00015717146340390838,CIDADE DUTRA
810725105,810725668,0,63.163,0,5,28.27484447280268,0.03536148486643536,0.010267036024784881,2.4668279318883574e-15,0.00018468589147713348,CIDADE DUTRA
810725105,7359295053,0,102.44500000000001,0,5,27.67315361301643,0.03613034130145317,0.002459675096351108,2.4647674359540737e-15,0.00019110918303278925,CIDADE DUTRA
810725105,4724174778,0,85.148,0,5,27.373265273568354,0.03652616795743664,0.011408504936112568,1.0955117056155483e-14,0.0001808128242847346,CIDADE DUTRA
810725666,810726598,0,60.011,0,4,29.431328760567872,0.03397197907915775,0.015205589714997313,1.6079956026155906e-16,0.00015998981934240222,CIDADE DUTRA
810725666,810725668,0,199.168,0,4,29.212314563726274,0.03422667802459428,3.30907725458554e-05,4.583894749783747e-16,0.00015813657099222528,CIDADE DUTRA
810725666,810728715,0,301.24899999999997,0,4,28.8291593555591,0.0346815691916118,0.01515329544494124,9.91328981439188e-17,0.00016976641828655124,CIDADE DUTRA
810725668,810726598,0,182.57800000000003,0,4,29.15058223002074,0.03429916003173821,0.010009253481935857,4.592527362244931e-16,0.0001562627155602645,CIDADE DUTRA
810726598,8505416753,0,19.557,0,4,29.999521454777476,0.0333285478047717,0.025250971810893072,9.830191382407296e-17,0.00015844467027052866,CIDADE DUTRA
810726995,7359295053,0,63.11,0,2,27.998723879406604,0.03571021626672136,0.0004657661853749418,4.239966801712607e-16,9.100105068671159e-05,CIDADE DUTRA
810728074,810728074,0,410.803,0,1,29.445206572021057,0.03395596775591575,0.0,2.447659052512129e-18,6.845136576589575e-05,CIDADE DUTRA
810728074,810728374,0,72.029,0,3,28.445525602169404,0.03514930604233843,0.0004657661853749418,2.3262521832336147e-17,0.0001666989149876707,CIDADE DUTRA
810728374,810728715,0,59.167,0,4,28.389535811134152,0.03521862743996314,0.0001900820770502907,3.8799218556062524e-17,0.00018139937980508008,CIDADE DUTRA
810728715,810728981,0,61.815,0,4,28.390014356356676,0.03521803379088309,0.015346523857741793,3.716379743137155e-17,0.00018158281518887155,CIDADE DUTRA
810728980,810729130,0,39.592,0,5,26.777316956452385,0.03733908391762526,0.01689104922811162,2.880028154027701e-16,0.00019217281693835383,CIDADE DUTRA
810728980,8719239924,0,8.83,0,6,26.505184239910673,0.03772244991303615,0.003351390045709749,1.1159248799760627e-15,0.00020126451548350247,CIDADE DUTRA
810728981,5830241634,0,40.931,0,2,28.62194927420641,0.034932648204602325,0.0004657661853749418,1.2749760606295004e-17,0.00010015427383553189,CIDADE DUTRA
810728981,810729130,0,41.135,0,4,27.679215185835062,0.036122428985540654,0.01611422978080564,5.597754695267658e-17,0.00017969610105721183,CIDADE DUTRA
810729128,810729130,0,76.211,0,2,27.730260009570905,0.03605593617155907,0.0004657661853749418,5.1207040425192066e-17,9.435390631374008e-05,CIDADE DUTRA
810776565,5286811794,0,76.667,0,2,32.71494656245015,0.030562192208298797,0.0004657661853749418,2.1706297715983646e-12,9.427988318729813e-05,CIDADE DUTRA
810776574,810776673,0,94.61999999999999,0,2,33.699952145477745,0.029668899249757415,0.0004657661853749418,2.714456319705513e-13,9.95803233230874e-05,CIDADE DUTRA
810776673,4434403850,0,47.206,0,4,32.9336417291434,0.03035924460309695,0.009341687831199305,4.5322964458139106e-13,0.0001792181207077879,CIDADE DUTRA
810776673,810776684,0,15.405,0,4,33.456213112139096,0.029885046510629978,0.008527112354890181,1.4307092603904268e-12,0.00017662634945785646,CIDADE DUTRA
810776676,810776688,0,151.366,0,5,32.851172435795185,0.030435458182806976,0.0,3.237303832600475e-11,0.00018560621670072808,CIDADE DUTRA
810776676,9921520157,0,46.818,0,5,32.74860424310097,0.03053078163282205,0.060874219152700464,3.1496359796632515e-11,0.0001856984698353366,CIDADE DUTRA
810776676,810778995,0,217.477,0,5,31.94736002552241,0.031296497867963534,0.053857998923953175,1.426740443115784e-10,0.0001806675436351547,CIDADE DUTRA
810776676,810776687,0,61.246,0,5,32.852608071462754,0.03043412817487485,0.0073993137299257,3.237106484902409e-11,0.00018579646785947114,CIDADE DUTRA
810776684,810777939,0,50.126999999999995,0,4,34.19955335779231,0.029235483705462296,0.007896651767139475,2.365560613734657e-12,0.0001732515162997976,CIDADE DUTRA
810776684,810776688,0,191.981,0,4,33.84527037805073,0.029541512706432394,0.00022349833260479387,6.8392932516226286e-12,0.00016304605980736443,CIDADE DUTRA
810776687,810776688,0,89.294,0,4,33.847663104163345,0.029539424386519693,0.00024226785277014793,1.1297376917822263e-11,0.0001570387430067266,CIDADE DUTRA
810776687,810777939,0,176.759,0,4,33.847663104163345,0.029539424386519693,0.007123738115937265,6.823642166369988e-12,0.0001672441994991597,CIDADE DUTRA
810777939,4434403846,0,151.02200000000002,0,2,34.84447280267985,0.028694378318989196,0.0004657661853749418,1.3240342160773746e-12,9.620549016502853e-05,CIDADE DUTRA
810778995,2513876240,0,70.348,0,4,31.187270697080873,0.03205924925708265,0.08773785077710697,4.246465653065121e-10,0.00014669725212757042,CIDADE DUTRA
810778995,810779456,0,29.66,0,4,31.829956930929974,0.03141193332731956,0.14121080330182983,4.693116126900585e-10,0.00014903061615462607,CIDADE DUTRA
810779446,810782365,0,64.602,0,4,33.189663423193494,0.030125056472465467,0.15132019705609298,1.8215106962572088e-09,0.00015791314070408253,CIDADE DUTRA
810779446,2585568762,0,28.76,0,4,32.413303557186154,0.030846608497089062,0.00019463883917135932,7.50860110772524e-09,0.0001480042849524321,CIDADE DUTRA
810779446,2513876306,0,71.635,0,4,33.17275482533099,0.030140411617618774,0.15092408423456866,4.0795933416428075e-09,0.00015044661640889822,CIDADE DUTRA
810779456,2296298680,0,29.647,0,5,31.763598660073377,0.03147755692375682,0.01501105937016217,2.0148835794656887e-09,0.0001780627151471229,CIDADE DUTRA
810779456,810782365,0,350.074,0,4,32.53102568192694,0.03073498188165953,0.15426256345426873,6.749525685198042e-10,0.0001565839933171544,CIDADE DUTRA
810782144,5239590803,0,21.875999999999998,0,2,36.360982612856915,0.02749762006080361,0.0004657661853749418,2.0211235889594457e-12,0.000122801038144821,CIDADE DUTRA
810782145,810782866,0,50.58,0,4,34.36289679374701,0.02909651333899666,0.003255806535503524,6.727721122457166e-11,0.00019853509476568833,CIDADE DUTRA
810782145,810782147,0,117.26299999999999,0,2,34.363853884192054,0.02909570295274037,0.0004657661853749418,6.425311928445035e-11,0.00010371511751411127,CIDADE DUTRA
810782145,810782365,0,65.386,0,4,33.36528951985963,0.029966486109185484,0.00418408407616693,3.786578322152388e-10,0.00017767244752766695,CIDADE DUTRA
810782866,5239590803,0,63.084,0,4,35.361461158079436,0.02827486342988348,0.0013966475901075299,1.200606223714749e-11,0.0002176210153963981,CIDADE DUTRA
810782866,810782952,0,65.625,0,4,35.361461158079436,0.02827486342988348,0.0013966475901075299,1.2006062616505892e-11,0.0002176210153963981,CIDADE DUTRA
810782952,5287518922,0,133.64400000000003,0,2,36.360982612856915,0.02749762006080361,0.0004657661853749418,2.021129051013504e-12,0.000122801038144821,CIDADE DUTRA
810782952,5287518611,0,124.59899999999999,0,2,36.360982612856915,0.02749762006080361,0.0004657661853749418,2.021127137502646e-12,0.000122801038144821,CIDADE DUTRA
876015292,5042158262,0,11.512,0,4,30.11915776040836,0.03319616348104249,0.0037396912750265244,-1.6156084519113335e-20,0.0001554961740696564,CIDADE DUTRA
876015292,876015352,0,34.509,0,4,31.11038443132876,0.03213848054924602,0.0016935965883305012,-1.4625407868118606e-18,0.00015038140972514218,CIDADE DUTRA
876015317,927128164,0,61.524,0,5,31.833147232413463,0.031408785239674886,0.0011196615497482878,4.2852377630845105e-18,0.00017404046606045058,CIDADE DUTRA
876015317,876015330,0,138.92100000000002,0,4,30.846706013718297,0.03241320108802449,0.0015717574487600237,-3.7685882044494484e-19,0.00014877971378152432,CIDADE DUTRA
876015330,876015341,0,63.085,0,4,29.85531982772372,0.03348952517324471,0.002494067800931554,-2.7371130703399486e-18,0.0001484896753447419,CIDADE DUTRA
876015341,876015398,0,66.092,0,5,28.860105279948954,0.034644381066082995,0.0034194159945171304,-6.880321827632885e-18,0.0001758524707396442,CIDADE DUTRA
876015351,927128164,0,21.017,0,6,31.750039878768543,0.03149099934184414,0.0006993544912478162,-1.1730573627520161e-18,0.00019962358892138733,CIDADE DUTRA
876015351,876015352,0,98.523,0,5,32.10288722284256,0.031144877343443327,0.0009843691124870363,-9.982363797297472e-18,0.0001730712631394294,CIDADE DUTRA
876015351,927128084,0,61.756,0,5,32.60870952304993,0.03066176182835675,0.0004842102225316481,-3.912764523429586e-18,0.0001718338345859819,CIDADE DUTRA
876015398,2585568681,0,18.905,0,5,27.935077364810976,0.03579157744468237,0.004906981838373601,-5.752812710513697e-19,0.00017738707977414287,CIDADE DUTRA
876015398,876015401,0,105.837,0,5,28.77683841122986,0.03474462589106551,0.004149365888577836,-3.2796415549516104e-18,0.00018011214056543113,CIDADE DUTRA
876015401,8956046537,0,48.555,0,4,29.134152177380763,0.03431850286352537,0.005394121407983079,-2.2969087761479114e-18,0.0001626479418785417,CIDADE DUTRA
876015401,5042158262,0,228.19,0,4,29.63152017865688,0.03374246339362619,0.0041952589927971694,-3.7201599231181117e-19,0.00015524419770748837,CIDADE DUTRA
876015482,927128084,0,20.534,0,4,31.83585898867443,0.03140610986125795,0.00046435575900413483,-2.485981423434605e-18,0.00014521856892231645,CIDADE DUTRA
876015482,927128164,0,61.327999999999996,0,5,31.833306747487637,0.03140862785185631,0.00044645419352850815,4.468037904817152e-18,0.00017378360961303507,CIDADE DUTRA
927132422,5265222449,0,194.46499999999997,0,5,37.35906843196682,0.026762992946320303,0.000542254692407165,2.654103183897012e-18,0.0001785509874240019,CIDADE DUTRA
927135790,5021006972,0,79.86999999999999,0,4,31.052959004625937,0.03219791340261261,0.0005029797426970022,1.3992524534020857e-18,0.0001616295242733762,CIDADE DUTRA
946744305,946744317,0,62.119,0,6,39.00446642207689,0.02563399981187556,0.005337812847487016,-1.8982551583741687e-17,0.00018827825537443178,CIDADE DUTRA
946744312,946744315,0,61.331,0,6,40.75482533099378,0.024533057786545177,0.0027199530089330984,-9.107148602863139e-18,0.00020941052356210756,CIDADE DUTRA
946744315,946744317,0,61.352000000000004,0,6,39.758494177699795,0.025147845903244183,0.0031818133982042672,-9.247919952195221e-18,0.00019673901715329712,CIDADE DUTRA
946744315,2575128498,0,139.736,0,5,40.75514436114213,0.024532865742444048,1.9528980518865485e-06,-3.694793481263353e-18,0.0001777093729514482,CIDADE DUTRA
946744317,946744323,0,159.50900000000001,0,6,39.75737757218057,0.025148552192875113,0.0018595929227408579,-1.1313202620809529e-17,0.0001978299416361001,CIDADE DUTRA
946745796,2577094459,0,24.018,0,4,31.573616206731536,0.03166696137620936,0.00750487871906379,-4.573492761492678e-19,0.00015392245912557309,CIDADE DUTRA
946764007,2513875662,0,154.225,0,5,28.8210240867762,0.03469135870798488,0.00025940995789226317,-3.3703962273608843e-18,0.00017590042579120044,CIDADE DUTRA
946764008,946764010,0,162.502,0,5,28.801882277875258,0.034714414678858434,0.0001423445691152862,6.628849103761608e-20,0.00016923382389381743,CIDADE DUTRA
946764009,946764010,0,30.504,0,6,29.495134790237678,0.03389848841296882,0.001557870173724386,3.1834459016357637e-18,0.00019409731401954727,CIDADE DUTRA
946764815,5238785160,0,26.631,0,5,32.70330196203541,0.030573074427974266,0.003357899705882704,-6.778929897816017e-19,0.0001686331243876871,CIDADE DUTRA
946764815,5238785153,0,191.679,0,5,32.56229063646514,0.030705471432840355,0.00030389263574079014,-1.9970754045515713e-19,0.0001716104238230596,CIDADE DUTRA
946764816,5238785160,0,47.89,0,5,32.5863774126655,0.030682774960349317,0.0033734143959615807,1.696476433494088e-18,0.00016842310585954708,CIDADE DUTRA
946766001,5249735484,0,15.691,0,4,30.235763279629925,0.033068141051343196,0.035413636284238235,3.606654319742732e-18,0.00016006443162239914,CIDADE DUTRA
946766001,2572903213,0,47.817,0,4,30.91402137501994,0.032342621259029924,0.00012748084505370525,6.57516809713047e-18,0.0001617042326658988,CIDADE DUTRA
946766001,2572903222,0,120.275,0,4,31.055670760886905,0.03219510190664037,0.03526760290769161,3.2686799966901017e-18,0.00016586211726507668,CIDADE DUTRA
1038236143,1038236374,0,55.05199999999999,0,3,42.03636943691179,0.023785129361049765,0.0004657661853749418,8.188360982816692e-07,0.00011225824000534596,CIDADE DUTRA
1038236149,1038236205,0,20.618,0,6,44.26527356835221,0.022587468783671294,4.589310421933389e-05,0.0008022264542416839,0.00019124720831439887,CIDADE DUTRA
1038236149,1038236225,0,63.123999999999995,0,5,45.090923592279474,0.022173874590961352,0.0020350282644019994,0.00031447820637123,0.0001662100302896058,CIDADE DUTRA
1038236149,1045095846,0,137.541,0,5,44.29574094751954,0.022571932730742914,2.159037290696795e-05,0.0003152810953310734,0.00016720132538431475,CIDADE DUTRA
1038236149,1038236503,0,69.689,0,6,44.251714787047376,0.022594389612636708,0.0016662560156040895,0.0008188048096468939,0.00019014615787830676,CIDADE DUTRA
1038236159,1038236239,0,123.031,0,4,40.05854203222204,0.024959482652203865,0.0065537088734588245,6.384022759536699e-08,0.00015834470869441447,CIDADE DUTRA
1038236159,1038236241,0,12.444,0,4,39.31839208805232,0.025429332987135223,0.009143794161941467,1.4680207116424514e-08,0.00016041364622593324,CIDADE DUTRA
1038236159,1038236219,0,78.046,0,4,39.20545541553677,0.02550258565621961,0.002406838354613955,1.996905660903588e-08,0.00016014304054385605,CIDADE DUTRA
1038236185,1038236225,0,12.049,0,4,44.46514595629287,0.02248593732062909,0.0003028076923786309,0.00016930030299250014,0.00014089501504435502,CIDADE DUTRA
1038236185,1038236205,0,69.726,0,5,44.2759610783219,0.022582016529402015,0.0010178938623777553,0.0006570485508629516,0.0001668101874282758,CIDADE DUTRA
1038236185,5303215948,0,31.404,0,4,43.55511245812729,0.02295575487004069,0.0015375817328520092,0.00012650976075249203,0.00014260164357945808,CIDADE DUTRA
1038236189,12067404509,0,14.503,0,4,40.04737597702983,0.02496644188371565,0.02041744063813765,2.6442336792976384e-07,0.00015421103406978437,CIDADE DUTRA
1038236189,1038236219,0,216.20900000000003,0,4,39.186632636784175,0.025514835484671965,0.034560219835563816,4.9400415505915656e-08,0.0001579385168434285,CIDADE DUTRA
1038236205,6283318023,0,143.675,0,5,43.60057425426703,0.022931819179605753,0.00045545922343442945,0.0009187726487697519,0.00017069077077078913,CIDADE DUTRA
1038236205,1038236238,0,70.90100000000001,0,6,43.532620832668684,0.022967615222823975,0.0006164648183788538,0.0025432955739794205,0.00019018026536401196,CIDADE DUTRA
1038236206,5303215948,0,16.026,0,5,43.45254426543308,0.02300994111687053,0.0014830090817354016,2.8044468231204448e-05,0.00017220794190341552,CIDADE DUTRA
1038236206,1038236251,0,211.70499999999998,0,6,42.64795023129686,0.023444045481747458,0.0005673168840730423,1.0233562996101443e-05,0.00019850805399572723,CIDADE DUTRA
1038236206,1045095424,0,207.72300000000007,0,5,42.68910512043388,0.023421443998535227,0.0038121654916187585,1.192168580005815e-05,0.00017350699591975847,CIDADE DUTRA
1038236206,5303215881,0,20.073,0,5,43.57329717658319,0.02294617460032728,0.0025635041761097425,2.2351039070861855e-05,0.00017193599136707376,CIDADE DUTRA
1038236210,8427078902,0,33.654,0,4,39.55559100334982,0.025276843540048555,0.003315261431749848,1.3884935917316252e-06,0.0001596151803554088,CIDADE DUTRA
1038236210,1038236348,0,238.80599999999998,0,4,38.74461636624661,0.025805920375478613,0.006893296145814652,3.375354331833716e-07,0.00015711367293701455,CIDADE DUTRA
1038236210,8427078900,0,38.051,0,4,39.66788961556867,0.025205285549988337,0.003226621559061442,7.369356860184261e-07,0.0001600328193269746,CIDADE DUTRA
1038236219,1038236268,0,271.094,0,4,38.40357313766151,0.02603509005117299,0.0325516641891985,1.0670110233855577e-08,0.000163036321432022,CIDADE DUTRA
1038236225,5303215881,0,17.48,0,4,44.448077843356195,0.02249457194638339,0.0022170817605723122,7.695597422740454e-05,0.00014222752944353196,CIDADE DUTRA
1038236238,5283814838,0,22.918000000000003,0,5,43.61189982453342,0.022925864017585763,0.002421485090003104,0.0024377591110560574,0.0001637250838600489,CIDADE DUTRA
1038236238,1045095905,0,177.935,0,5,42.739830914021375,0.023393646243879136,0.002233681394013348,0.010275517514346902,0.00016404611345690643,CIDADE DUTRA
1038236238,1038236503,0,20.284,0,6,43.519540596586374,0.022974518370817817,3.710506298584442e-05,0.002559873929384637,0.00018907921492791985,CIDADE DUTRA
1038236239,1038236255,0,71.547,0,4,39.40341362258734,0.025374463606185733,0.003556010363812973,7.334323601876785e-08,0.00015742485580176545,CIDADE DUTRA
1038236239,5248008997,0,33.9,0,4,40.19843675227309,0.024872621069506832,0.009643519074551993,3.3507692660883196e-07,0.00015420275974674432,CIDADE DUTRA
1038236241,1038236413,0,77.882,0,4,38.651619078002874,0.025868010416537697,0.0029377011417184486,1.0686116256143838e-08,0.00015988729543762483,CIDADE DUTRA
1038236241,1038236258,0,227.562,0,4,38.587653533258894,0.02591089100725075,0.006566402710796088,7.389432820319822e-09,0.00016260532391490807,CIDADE DUTRA
1038236242,1038236268,0,34.701,0,4,38.42781942893603,0.02601866303589812,0.012524803161438162,2.6535590048666607e-09,0.00017211762418225157,CIDADE DUTRA
1038236242,8922054403,0,57.549,0,2,39.33896953262083,0.02541603140104454,0.0004657661853749418,1.0540329693966943e-09,9.687841820306373e-05,CIDADE DUTRA
1038236242,1038236258,0,68.85300000000001,0,4,38.51730738554794,0.025958213405669558,0.011738870189890043,4.6617310845594556e-09,0.00017141602098306048,CIDADE DUTRA
1038236243,1045095081,0,51.122,0,4,41.24070824692934,0.024244018287447107,0.008701462753189164,8.029545512870262e-06,0.00016944068513909393,CIDADE DUTRA
1038236243,1038236431,0,32.42,0,4,41.14148987079279,0.024302486080739465,0.006527453244094573,2.249215525636796e-06,0.00015981257972335377,CIDADE DUTRA
1038236243,8427078900,0,117.69,0,4,40.429574094751956,0.0247304233921082,0.0030147321204317514,1.8140671907528146e-06,0.0001621267426925022,CIDADE DUTRA
1038236246,7317157864,0,92.276,0,4,37.049609188068274,0.02698653256638997,0.007433272457161283,1.1092315309537937e-07,0.0001488894619962692,CIDADE DUTRA
1038236246,1038236413,0,22.991,0,4,37.87398309140214,0.02639913743724519,0.004201551664297693,2.4553404789517836e-08,0.0001573393494769131,CIDADE DUTRA
1038236246,1038236258,0,278.577,0,4,37.82182166214707,0.02643554543345775,0.004824743131521934,2.1256721353865533e-08,0.00016005737795419633,CIDADE DUTRA
1038236251,5303215873,0,231.60899999999998,0,5,41.819428936034456,0.023908515978425884,0.00025029643365012596,2.64192346101555e-06,0.00017310378772936888,CIDADE DUTRA
1038236251,5303215934,0,21.237000000000002,0,5,42.69979263040357,0.02341558174720287,0.00018932261669677927,3.2189636282772426e-06,0.00017033516985698332,CIDADE DUTRA
1038236251,1038236374,0,154.38400000000001,0,6,41.9255064603605,0.02384802401543197,0.0009154752089899276,2.845771960521105e-06,0.00020185322461068814,CIDADE DUTRA
1038236255,1038236348,0,12.147,0,4,38.69373105758494,0.025839857196449698,0.004751292465903756,8.256421033395159e-08,0.00015645706431818802,CIDADE DUTRA
1038236255,1038236413,0,114.62899999999999,0,4,38.74748763758175,0.025804008101832792,0.0009107014581964271,2.7541656402365534e-08,0.0001580577255931465,CIDADE DUTRA
1038236259,1045095597,0,226.716,0,4,37.718136863933644,0.026508215093781057,0.03890530950667517,0.0009556185614116701,0.0001464666361418352,CIDADE DUTRA
1038236259,1038236271,0,191.38899999999998,0,5,38.564045302281066,0.02592675319948047,0.024734213287496646,0.0052655608238524965,0.00016942972432474235,CIDADE DUTRA
1038236259,1038236586,0,54.251999999999995,0,5,38.6351890253629,0.025879011081567604,0.013815994256743819,0.0010185753304010683,0.00017498695399144183,CIDADE DUTRA
1038236268,9508262643,0,173.44299999999998,0,4,37.6414101132557,0.026562248383296464,0.04535779316444454,2.0305836185341833e-09,0.00016340439822250255,CIDADE DUTRA
1038236271,2513876486,0,22.501,0,5,38.669803796458766,0.025855845821937867,0.0001400661880547519,0.0067985704358467835,0.0001671588458344436,CIDADE DUTRA
1038236271,1038236319,0,12.065999999999999,0,5,39.465784016589566,0.025334362659703895,0.0031858276886442562,0.006946195215046262,0.0001712237471923396,CIDADE DUTRA
1038236317,1038236584,0,12.246,0,4,41.101611102249166,0.024326065526689592,0.011991553498936918,0.054127122669138,0.0001363749502942625,CIDADE DUTRA
1038236317,1045095905,0,71.738,0,4,41.922635189025364,0.023849657360937245,0.005700075436111971,0.05397741996206406,0.00013285686977727117,CIDADE DUTRA
1038236319,1038236584,0,28.339999999999996,0,4,40.31839208805232,0.024798620012976943,0.0001782561944027555,0.010922817333291087,0.000145728239394722,CIDADE DUTRA
1038236319,5645100901,0,36.318,0,4,40.38746211516988,0.024756209787944974,0.0034349306845960067,0.004396093983854758,0.00014868086809451762,CIDADE DUTRA
1038236348,7317157862,0,145.707,0,4,37.9173711915776,0.02636892942483088,0.01024099738409306,1.3459889263383389e-07,0.0001503975177117812,CIDADE DUTRA
1038236368,1038236450,0,221.96800000000002,0,2,40.5450630084543,0.024659981036836535,0.0004657661853749418,1.0498820661766643e-05,9.471684963538968e-05,CIDADE DUTRA
1038236374,5248008997,0,112.945,0,5,41.14388259690541,0.024301072767523097,0.002729934487864963,1.0094996901847425e-06,0.0001792787454659179,CIDADE DUTRA
1038236374,5303215934,0,146.302,0,5,41.99792630403573,0.02380690126668819,0.001108378138781832,1.827684911263752e-06,0.0001745040003018907,CIDADE DUTRA
1038236376,1038236503,0,162.423,0,5,44.23560376455575,0.022602618701611538,1.703361078589934e-05,0.0006789013907231972,0.00016712578198709415,CIDADE DUTRA
1038236376,1045095189,0,59.086999999999996,0,4,45.02679853246132,0.02220545358571312,0.013721495689899754,0.0001457349460595586,0.00014833672624676807,CIDADE DUTRA
1038236376,1045095846,0,62.559000000000005,0,4,44.27803477428617,0.022580958934213323,0.014085602682240378,0.0001753776764073831,0.00014308184285535821,CIDADE DUTRA
1038236403,1038236510,0,13.350999999999999,0,4,40.44983250917212,0.02471803770013408,0.013437023540341613,0.0005098924873665844,0.0001514953110777581,CIDADE DUTRA
1038236403,2513876469,0,58.412,0,4,40.52655925985005,0.024671240371406868,0.013782794989861747,0.00017451072198093652,0.00014882619642285112,CIDADE DUTRA
1038236403,1038236586,0,70.444,0,5,39.604243100973044,0.0252457920323507,0.0,0.0003212734572326639,0.00017831181703833728,CIDADE DUTRA
1038236431,5303215946,0,52.156000000000006,0,4,41.911469133833144,0.023856011387553618,0.00041781168876750546,4.587739426847917e-06,0.00015320775023037027,CIDADE DUTRA
1038236431,5248008997,0,270.903,0,4,41.090923592279474,0.02433239259469175,0.00652007562923189,1.1788464886342353e-06,0.0001538399516839785,CIDADE DUTRA
1038236450,1045096767,0,121.42599999999999,0,4,40.47503589089169,0.024702646036462807,0.0010297197450252907,5.648253933138043e-05,0.00016406235611443818,CIDADE DUTRA
1038236450,1045096874,0,59.167,0,4,39.60743340245653,0.025243758533058932,0.00178136850632918,1.6382276836258307e-05,0.00016935355303816503,CIDADE DUTRA
1038236503,5283814838,0,11.689,0,5,44.380124421757856,0.02252901491271265,0.0013025830006083278,0.001011978333850513,0.00016417603448179422,CIDADE DUTRA
1038236510,6283318009,0,118.02,0,4,41.243579518264475,0.024242330481597796,0.002803819130828004,0.0007399416154293853,0.00015555596626082955,CIDADE DUTRA
1038236510,5645100901,0,21.671,0,4,41.254586058382515,0.02423586273562107,0.01585731519264634,0.0023030738052528315,0.00015293572991419575,CIDADE DUTRA
1038236584,5645100901,0,41.254999999999995,0,4,41.20449832509172,0.024265323582812966,0.012073575217116155,0.010338062386815174,0.00014862785854007833,CIDADE DUTRA
1038236586,1045096767,0,78.788,0,5,39.579996809698514,0.025261257339991215,5.728500952200542e-05,0.0002559433022820375,0.00018101758078912603,CIDADE DUTRA
1038236586,2513876469,0,11.921,0,5,39.62067315361302,0.025235323010524113,0.013519045258520847,0.00027080777760726094,0.0001783668346546405,CIDADE DUTRA
1045095081,1045096524,0,225.204,0,3,42.11899824533418,0.023738467831119055,0.0,2.58320290745978e-05,0.00013381487702397412,CIDADE DUTRA
1045095081,1045096524,1,146.772,0,3,42.11899824533418,0.023738467831119055,0.008325529878201003,2.5832029074597333e-05,0.0001338148770239741,CIDADE DUTRA
1045095095,8709859114,0,21.769,0,4,36.337693412027434,0.027515243567850886,0.011888266890859363,1.3370155121775402e-06,0.00016027997478501352,CIDADE DUTRA
1045095095,2513876350,0,38.628,0,4,35.62561812091243,0.02806521086967229,0.02208185225002607,4.598058168956586e-07,0.00017085211707545633,CIDADE DUTRA
1045095189,12735845952,0,90.276,0,4,45.942415058223006,0.021762906535468887,0.013361185999326685,4.0135098889347585e-05,0.00015566955382977185,CIDADE DUTRA
1045095189,1045096501,0,120.05799999999999,0,4,45.15776040835859,0.022141055621101118,1.8010059811842615e-05,0.0001170280136245461,0.00015267867266923483,CIDADE DUTRA
1045095288,8913603742,0,369.047,0,2,39.256181209124264,0.025469631893115317,0.0004657661853749418,7.876197517075333e-08,0.00010330815856354842,CIDADE DUTRA
1045095288,1045096617,0,341.91399999999993,0,4,38.25713829956931,0.026134743197378185,0.0017981851284426475,4.121182286964753e-07,0.00018099458928847047,CIDADE DUTRA
1045095288,1045095475,0,73.14299999999999,0,4,39.25554314882756,0.025470045876965212,0.0008686056557446504,1.3451239076375623e-07,0.00019431805424015335,CIDADE DUTRA
1045095424,1045096739,0,164.195,0,4,42.728824373903336,0.023399672225395438,0.0148061135690503,1.7537555004589763e-05,0.00014709290733871345,CIDADE DUTRA
1045095424,5283814824,0,113.43499999999999,0,4,41.85691497846547,0.02388710408878015,0.01899421193565722,4.573281608257935e-06,0.00014906003286875724,CIDADE DUTRA
1045095430,1045095475,0,69.257,0,2,40.173073855479345,0.024888324167642795,0.0004657661853749418,7.269091293164616e-08,0.00010582197476866507,CIDADE DUTRA
1045095475,5300700586,0,62.576,0,4,39.18599457648748,0.025515250939317828,6.357768102252874e-05,3.699833214976157e-07,0.00019312855835341581,CIDADE DUTRA
1045095487,1045095487,0,267.708,0,1,39.13239751156484,0.025550197496341527,0.0,7.192995784440471e-07,6.53244228060277e-05,CIDADE DUTRA
1045095487,1045096684,0,115.99300000000001,0,3,38.132716541713194,0.026220017234599713,0.0004657661853749418,4.992144664753058e-06,0.00015437622004512496,CIDADE DUTRA
1045095593,1045096323,0,301.013,0,2,39.33179135428298,0.025420669908464498,0.0004657661853749418,8.97532842190683e-09,0.00011583900362022426,CIDADE DUTRA
1045095597,2303969323,0,342.04499999999996,0,4,36.89583665656404,0.0270990056204064,0.03922395737214133,0.0001755751728680799,0.0001471544450444048,CIDADE DUTRA
1045095597,2513876436,0,59.494,0,4,37.74493539639496,0.02648939452208788,0.00014082564840826333,0.00017255462416186594,0.00015503036856290913,CIDADE DUTRA
1045095623,2513876401,0,20.943,0,5,37.133833147232416,0.0269253238942919,0.0009289285066807015,2.5221009090959405e-05,0.00018605236677005234,CIDADE DUTRA
1045095623,1045096684,0,26.922,0,5,37.20513638538842,0.02687372180467246,0.0008649168483133091,1.3871177187283287e-05,0.00019312550295976636,CIDADE DUTRA
1045095623,2513876393,0,19.209,0,6,36.210878928058705,0.027611604979604062,0.0010065019570750838,3.477119496969171e-05,0.00020665701106724807,CIDADE DUTRA
1045095623,1045096065,0,90.47800000000001,0,5,37.20146753868241,0.026876372118551043,0.0016204714057209716,1.1229151553489512e-05,0.00019061651602490844,CIDADE DUTRA
1045095846,1045096739,0,72.768,0,4,43.545701068750994,0.022960716221958475,0.014447322799184254,7.725376863559139e-05,0.00014509091898760157,CIDADE DUTRA
1045095905,6283318026,0,71.868,0,4,42.82453341840804,0.023347376027593708,0.003873573285916969,0.00979667992353487,0.00014447632630379214,CIDADE DUTRA
1045095954,1045096617,0,20.417,0,4,37.33498165576647,0.026780259172067864,0.0048653200132666875,5.935024506710918e-07,0.00016806407566139273,CIDADE DUTRA
1045095954,1045096056,0,122.64,0,4,37.33514117084064,0.026780144752920267,0.007426220325307248,2.966810218381762e-07,0.0001718187407086533,CIDADE DUTRA
1045095954,8709859114,0,38.0,0,4,36.34263837932685,0.027511499701534464,0.01181687761762929,1.3568359098296768e-06,0.00015988503882223852,CIDADE DUTRA
1045096056,1045096323,0,151.202,0,4,38.332269899505505,0.02608351886144691,0.0013966475901075299,5.3316016159230135e-08,0.00019728009939240688,CIDADE DUTRA
1045096056,5239590785,0,41.467999999999996,0,5,38.330834263837936,0.026084495788527482,0.0055748729721188,5.539671227987578e-08,0.00021730491088528366,CIDADE DUTRA
1045096065,5300700586,0,348.909,0,4,38.18758972722922,0.026182340704600706,0.0009931571537205258,2.0166985693064962e-06,0.0001768276378986379,CIDADE DUTRA
1045096065,1045096617,0,21.66,0,4,38.175626096666136,0.02619054583136598,0.0027654121358075684,2.053441482290559e-06,0.0001672074850388092,CIDADE DUTRA
1045096323,1045096727,0,188.25599999999997,0,2,39.33179135428298,0.025420669908464498,0.0004657661853749418,8.975328418211663e-09,0.00011583900362022426,CIDADE DUTRA
1045096501,12735845957,0,130.41,0,4,45.26702823416813,0.022087610429242475,0.0030292703614846843,9.825817861586709e-05,0.00015630754030837978,CIDADE DUTRA
1045096501,5283814838,0,66.155,0,4,44.44488754187271,0.022496186630776134,0.0033401066347432933,0.0005280796399596073,0.00014511112498290457,CIDADE DUTRA
1045096524,5303215883,0,52.43000000000001,0,4,42.838570744935396,0.023339725568319338,0.00797628660992196,0.00014542009050588003,0.00016751610938637294,CIDADE DUTRA
1045096684,2513876401,0,18.778,0,4,38.05726591162865,0.026271999865873644,6.639853376414265e-05,2.0056434063429933e-05,0.00016182598446928822,CIDADE DUTRA
1045096739,5303215881,0,107.256,0,4,43.611421279310896,0.022926115581565473,3.233131219234397e-05,2.796690827538719e-05,0.00014562401272750111,CIDADE DUTRA
1045096767,2513876469,0,86.545,0,4,40.5193810815122,0.024675610985134794,0.000613426976964808,0.00010918056703030842,0.00015122791766443035,CIDADE DUTRA
1045096874,2513876424,0,22.889,0,4,39.54203222204498,0.025285510853648205,0.002140810242212521,1.2932403556940028e-05,0.00016287079763651314,CIDADE DUTRA
1045096874,2513876436,0,20.61,0,4,38.68878609028553,0.025843159891151976,4.491665519339061e-05,3.3783920079196105e-05,0.00016180772414243512,CIDADE DUTRA
1112164786,4442346000,0,669.6979999999999,0,4,38.31185197001117,0.026097419819549748,0.000885205289185686,-9.757619632549469e-20,0.0001502393726956203,CIDADE DUTRA
1112164786,7893064268,0,277.635,0,4,37.813845908438346,0.026441121258779607,0.01977059740561834,-1.3630954118988535e-18,0.0001508778183332911,CIDADE DUTRA
1517708204,8005444540,0,59.998,0,5,34.13000478545222,0.029295058445230674,0.11182012159828215,-1.4767756471307594e-18,0.00016665114326304528,CIDADE DUTRA
1517888980,13143761520,0,36.963,0,4,37.37836975594194,0.026749173156940146,0.0036073281848431026,-6.370388147998621e-18,0.00015477212711334108,CIDADE DUTRA
1517888980,13143761519,0,39.3,0,4,37.73791673313128,0.026494321135857368,0.004687823279217443,-2.258189058702442e-18,0.0001526669846651092,CIDADE DUTRA
1517889007,11721798814,0,81.338,0,4,35.93747009092359,0.02782167143085418,0.004940072610919456,-4.0192166774012596e-18,0.00014880063661098887,CIDADE DUTRA
1517889007,4442345997,0,22.278,0,5,36.259211995533576,0.027574799062069694,0.0008339959624917721,-6.0465498708258915e-18,0.00017205315403313716,CIDADE DUTRA
1517889007,13143761520,0,50.342000000000006,0,4,36.60488116126974,0.02731440324914152,0.003797193273220962,-8.381809031401842e-18,0.00014967753937387268,CIDADE DUTRA
1517889025,1517889059,0,67.719,0,4,33.08023608230978,0.030224708265020734,0.0007316858034401601,1.813294606620567e-18,0.00014264380732256118,CIDADE DUTRA
1517889025,1519484536,0,23.891,0,5,33.17546658159196,0.030137947946167126,0.003167492145823766,7.55399554859297e-18,0.0001695620090249424,CIDADE DUTRA
1517889059,13143761516,0,11.361,0,4,32.5450630084543,0.030721725278764857,0.0016473780011025195,-1.2724960074031377e-19,0.00014206198261494855,CIDADE DUTRA
1517889059,4107799031,0,179.884,0,5,32.403732652735684,0.03085571948271873,0.002484628793680769,4.1060238891358415e-19,0.00016803294825150537,CIDADE DUTRA
1517889060,13143761516,0,37.354,0,4,32.57281863136066,0.03069554699092552,0.02270211437017248,3.667764284988714e-18,0.0001395473046245138,CIDADE DUTRA
1517889060,1519484536,0,19.939,0,5,33.18376136544904,0.0301304145095155,0.010260851847620574,1.233458644909811e-17,0.00016619585891355666,CIDADE DUTRA
1517889180,4107799031,0,189.261,0,5,32.357473281225076,0.03089983189466056,0.017941382897017938,3.0499674305297413e-18,0.00016477240041083127,CIDADE DUTRA
1517889180,6100344851,0,214.149,0,4,33.063167969373104,0.030240311087309974,0.018041957146690095,4.072944673283918e-18,0.00013837078820653288,CIDADE DUTRA
1517889211,5238785432,0,55.1,0,5,31.497527516350296,0.03174345936857458,0.003262641678685127,-4.2566431704286985e-18,0.00017805950680572984,CIDADE DUTRA
1517889216,4409648191,0,138.77700000000002,0,4,33.98229382676663,0.029422395381040675,0.0007491533915709232,-1.8560474747961725e-18,0.0001409281262687885,CIDADE DUTRA
1519146122,2122614397,0,141.28700000000003,0,4,35.09427340883713,0.02849013208730671,0.015975574019121693,-5.396364037163442e-18,0.0001474126216573555,CIDADE DUTRA
1519146122,8005444540,0,216.142,0,4,34.62083266868719,0.02887973534588413,0.06421334933841781,-3.9823191388589635e-18,0.00014048204972178579,CIDADE DUTRA
1519146145,1519146147,0,51.766999999999996,0,6,36.656245015153935,0.027276129470230375,0.0012637420282430288,2.3130749718701274e-19,0.00018785530848765123,CIDADE DUTRA
1519146145,4442345996,0,61.894,0,5,36.386664539799014,0.027478212074982026,0.002791993248180469,1.6760975217830102e-19,0.00016281682560559486,CIDADE DUTRA
1519146147,3320712066,0,213.262,0,6,37.027436592758015,0.027002692514808833,0.0006341493951820486,-4.531165312359911e-18,0.0001935729921142548,CIDADE DUTRA
1519146148,1519146152,0,55.24,0,4,39.29430531185197,0.025444920758638606,0.007858895738136334,3.423750587285175e-18,0.0001614286734392503,CIDADE DUTRA
1519146148,5245135318,0,37.43,0,2,39.44297336098261,0.02534901402526813,0.0004657661853749418,3.95775989352398e-18,8.942802648872296e-05,CIDADE DUTRA
1519146152,5245128302,0,21.240000000000002,0,4,39.13000478545222,0.025551759842808573,0.0005659064577022354,-4.2026179261449604e-19,0.00015672703228891927,CIDADE DUTRA
1519197982,5541478300,0,7.749,0,5,36.63726272132717,0.027290261626008474,0.00025420222975389904,-3.876007673479281e-18,0.00017171271616371703,CIDADE DUTRA
1519197983,2572903187,0,7.707,0,5,37.436592758015635,0.026707571690314885,0.0030476059043051747,-2.0343342208507882e-19,0.00016772466476288933,CIDADE DUTRA
1519197983,1519260332,0,193.23,0,4,37.41601531344712,0.026722259881224928,0.011727695273259803,7.605257469812159e-19,0.00014468570881126928,CIDADE DUTRA
1519197983,5541478300,0,12.691,0,4,36.58589886744297,0.02732857510344136,0.009102457819843202,6.934494116888764e-19,0.0001438790924506116,CIDADE DUTRA
1519250881,5230378540,0,125.177,0,4,37.797256340724196,0.026452726513076542,0.0035037160937569,1.3661145565673393e-18,0.0001612225150522879,CIDADE DUTRA
1519250881,5230377897,0,25.697,0,4,37.87095230499282,0.02640125014215734,0.0038564311807948535,4.02490190893557e-18,0.00016540951087794668,CIDADE DUTRA
1519250881,5230377900,0,55.22200000000001,0,4,36.9274206412506,0.027075827868923274,0.0001260704186828983,-1.0807929151380676e-18,0.00016175508244325274,CIDADE DUTRA
1519250906,5230377889,0,34.178000000000004,0,4,36.42096028074653,0.027452337259058438,0.0052876884641552616,-4.424484722600351e-18,0.00016416074672695528,CIDADE DUTRA
1519250906,5230377897,0,152.486,0,4,37.4148987079279,0.02672305737697929,0.0,1.4397036936730492e-18,0.00016798431428937803,CIDADE DUTRA
1519250906,5230377898,0,57.512,0,4,37.41776997926304,0.026721006769776443,0.004893528540682827,-7.378386698866541e-19,0.00017421191368604028,CIDADE DUTRA
1519260332,5230378522,0,57.308,0,4,38.14563726272133,0.026211135969222407,0.0014488333658273871,-2.1233246193878993e-18,0.00014983524738797183,CIDADE DUTRA
1519260335,5230325416,0,159.458,0,4,40.05136385388419,0.024963955998438758,0.00024942847896039863,-3.5118683849401453e-19,0.0001595812656224297,CIDADE DUTRA
1519267487,5230325372,0,72.169,0,4,39.95724996012123,0.025022755217731504,0.006715799411765408,4.597206026477205e-19,0.00016290355205721482,CIDADE DUTRA
1519267487,5230325416,0,39.341,0,4,40.8535651619078,0.024473763329181487,0.000474879709617079,1.2296779175506693e-19,0.0001597171690346503,CIDADE DUTRA
1519267490,5230326642,0,99.385,0,2,42.038443132876054,0.023783956074812457,0.0004657661853749418,-8.842566733741336e-19,0.00011639733364867678,CIDADE DUTRA
1519335444,5230325391,0,14.477,0,4,46.018344233530065,0.021726998256432654,3.4718187589094195e-06,-4.9666294647211216e-18,0.0001788431127526816,CIDADE DUTRA
1519335444,1519335446,0,31.085,0,3,46.019301323975114,0.02172654638728574,0.0004675020947543965,-1.6105577809557759e-18,0.00014021722220962707,CIDADE DUTRA
1519335444,1519335446,1,96.001,0,3,46.019301323975114,0.02172654638728574,0.0,-4.605755745154563e-18,0.00014021722220962707,CIDADE DUTRA
1519335446,5230325388,0,13.071,0,4,45.022013080236086,0.02220781383417835,0.0009317493594223154,-3.899673239301292e-18,0.00018099615575066567,CIDADE DUTRA
1519335458,5230326642,0,122.88099999999999,0,2,42.038443132876054,0.023783956074812457,0.0004657661853749418,-2.447610361523965e-20,0.00011639733364867678,CIDADE DUTRA
1519484596,5013096289,0,85.321,0,5,31.163662466103048,0.03208353594553784,0.0017392727038774032,-2.1817421206918416e-18,0.00016220111398673612,CIDADE DUTRA
1519484596,5013096297,0,23.701,0,5,31.092199712872866,0.03215727720003899,0.0016858934904591708,-4.066847893045064e-18,0.00016279341699891147,CIDADE DUTRA
1519484596,5238761674,0,283.505,0,6,30.503589089168926,0.032777798114283024,0.0003453374721752713,-8.701486779588465e-19,0.00018568106973058796,CIDADE DUTRA
1519484596,13143761507,0,24.05,0,5,31.02823416812889,0.03222357029755907,0.0002579995315214562,1.27112428287871e-18,0.00016377983711818504,CIDADE DUTRA
1907115721,13183482580,0,24.795,0,4,28.41202743659276,0.03519074755073969,0.10568802171535839,-5.263876054201628e-18,0.00014569869796069872,CIDADE DUTRA
1907115721,13183482581,0,28.491000000000003,0,4,28.792949433721486,0.03472518462297026,0.0012441045533879472,-3.7893938924922184e-18,0.00014651291087989658,CIDADE DUTRA
1907115744,2288328649,0,33.912,0,4,25.221885468176744,0.03964178198284803,0.07939452782776654,3.498333507624506e-18,0.00014188800700068108,CIDADE DUTRA
1907115744,2513875900,0,19.998,0,5,25.102727707768384,0.03982995380284554,0.012051116889519459,5.370869021663191e-18,0.00016947081248961987,CIDADE DUTRA
1907115744,2513875928,0,306.275,0,4,25.53804434519062,0.03915102000024985,0.06946132887551805,8.486305691668233e-19,0.00014807119125520893,CIDADE DUTRA
1982904735,7280270050,0,151.39300000000003,0,4,32.92646355080555,0.030365863111386716,0.028124986777252774,3.6584595896736085e-18,0.00014752827455036016,CIDADE DUTRA
2122614397,5541478300,0,204.663,0,4,35.76264156962833,0.027957679887241522,0.00951538726348099,-1.0429058288401202e-18,0.00014823820128816555,CIDADE DUTRA
2122614397,5230377889,0,110.43900000000001,0,4,35.635029510288724,0.02805779870722842,0.006361782392692863,-1.1811419258343537e-18,0.00015602606297692687,CIDADE DUTRA
2288328649,2288328656,0,117.94400000000002,0,4,25.694847663104163,0.03891210012354033,0.013180651423863396,2.1413368193324546e-18,0.0001386985545058288,CIDADE DUTRA
2288328656,2585568647,0,28.938,0,5,26.151858350614134,0.03823210081368256,0.017457606651831152,8.404120460265382e-19,0.00016755865656011072,CIDADE DUTRA
2288638642,2510187077,0,143.916,0,5,35.1314404211198,0.028459991191387538,0.024211596069944562,-1.2906338308133461e-17,0.00015986475454404594,CIDADE DUTRA
2288638642,2510187076,0,11.526,0,6,35.85851012920721,0.027882934380796896,0.0023969653700183064,-1.747654023408705e-17,0.00018608686294148993,CIDADE DUTRA
2288638642,2288638644,0,45.319,0,6,35.78529271016111,0.02793998341787838,0.014234022934183755,-1.694887705207232e-17,0.00018373225964911678,CIDADE DUTRA
2288638642,2575128586,0,58.75200000000001,0,5,35.670760886903814,0.028029693229585904,0.012126628947525739,-6.158832514015979e-18,0.0001594097261987565,CIDADE DUTRA
2288638644,2575128586,0,29.5,0,5,36.31823257297815,0.027529987394533533,0.011621804801113066,-1.0290103847895709e-17,0.00015905056184776774,CIDADE DUTRA
2288638644,2510187066,0,10.97,0,6,36.50518423991067,0.02738899982958344,0.00961194722271316,-1.4533310315233176e-17,0.00018473189476259406,CIDADE DUTRA
2288638644,8728773245,0,293.7840000000001,0,5,36.32588929653852,0.02752418465970219,0.0158297576312475,-1.2929730694247904e-17,0.00015872535582721646,CIDADE DUTRA
2296298680,2513876255,0,26.45,0,5,31.659594831711598,0.03158096274575007,0.015036447044836697,3.1991805405962173e-09,0.0001774199349012117,CIDADE DUTRA
2296298680,2513876240,0,72.004,0,5,31.05439464029351,0.032196424902403945,0.0006939297744370202,1.970218528823185e-09,0.00017564725727005874,CIDADE DUTRA
2296298680,2585568762,0,417.703,0,5,31.67139894720051,0.03156919233636199,0.00041021708523239107,7.670204688856586e-09,0.00017416129386229232,CIDADE DUTRA
2303969323,7317157856,0,125.316,0,4,36.1646195565481,0.027646923904797192,0.05021052783471018,3.536869277135737e-05,0.00014271583293513375,CIDADE DUTRA
2303969323,2513876393,0,21.718,0,5,36.1464348380922,0.027660832649314657,0.01110189994196638,5.500000429026855e-05,0.00017129939114931587,CIDADE DUTRA
2510187066,2510187070,0,9.011,0,5,37.469771893443934,0.02668392238333234,0.0044759338405877536,-1.894266753694192e-17,0.00016608100400638122,CIDADE DUTRA
2510187066,2510187076,0,42.202,0,6,36.74286170043069,0.027211829418123563,0.030399245053010875,-2.337221762444409e-17,0.00018708649805496716,CIDADE DUTRA
2510187070,2510187073,0,24.271,0,4,37.739192853724674,0.026493425251598778,0.00046099243458144133,-1.0565531475410336e-17,0.00014491608566660785,CIDADE DUTRA
2510187073,2510187076,0,23.096,0,5,36.82182166214707,0.027153476927342355,0.007272375356553075,-1.1363905117986953e-17,0.000167200815092852,CIDADE DUTRA
2510187076,2575128650,0,133.162,0,5,36.8053916095071,0.0271655983322715,0.04021559560515483,-1.6045235992862512e-17,0.0001634104575281248,CIDADE DUTRA
2510187077,2557558353,0,287.83600000000007,0,4,34.65034295740948,0.028855139649116346,0.01911778698460715,-9.770465568788076e-18,0.00013747452159901415,CIDADE DUTRA
2513875620,4107799032,0,32.962,0,5,31.34838092199713,0.03189448563272492,0.00033676641961421366,6.1215855356127234e-18,0.00015704548623205543,CIDADE DUTRA
2513875620,11748447526,0,61.418,0,5,31.37390333386505,0.03186853973144603,0.004874867514853689,6.971277055737874e-18,0.00015961479663534822,CIDADE DUTRA
2513875658,2513875662,0,60.82899999999999,0,4,28.529111501036848,0.035046323993983754,0.07149787606062707,-2.2280178272568164e-18,0.0001447125768204653,CIDADE DUTRA
2513875662,2513875664,0,56.248,0,4,28.211038443132875,0.035441463345678666,0.0714687995785212,-2.515436916169278e-18,0.00014577318790225344,CIDADE DUTRA
2513875664,5021050262,0,19.456,0,4,28.48141649385867,0.03510501260151218,0.005429056584244605,1.1258490457846466e-18,0.00014887356140496147,CIDADE DUTRA
2513875664,2513875668,0,95.571,0,5,27.67554633912905,0.03612721760481389,0.07577092549249105,-2.450299338702836e-18,0.00017349365111109377,CIDADE DUTRA
2513875668,5021050253,0,4.864,0,5,27.568192694209603,0.03626790105598148,0.08763456416902941,3.772066028870594e-19,0.0001692967607889425,CIDADE DUTRA
2513875688,2513875697,0,26.111,0,5,26.552400701866326,0.03765537045603369,0.09174096630046574,6.278081181005465e-18,0.00016297157453569415,CIDADE DUTRA
2513875688,2513875693,0,40.242,0,5,26.983888977508375,0.037053238907083154,0.011420873290441183,7.969203413840148e-18,0.00016689152715318903,CIDADE DUTRA
2513875688,5021050253,0,28.541,0,5,27.068910512043388,0.03693685730280798,0.08761036993205326,7.569936352902862e-18,0.00016488421963625695,CIDADE DUTRA
2513875688,7285538719,0,41.556,0,6,26.199393842718138,0.038162733494069796,0.022523858175769722,1.2789587289877226e-17,0.00018735120079061898,CIDADE DUTRA
2513875693,5021050253,0,52.227,0,4,27.67107991705216,0.0361330489421802,0.00029076482105866387,5.258650361940774e-18,0.00014013021401233458,CIDADE DUTRA
2513875697,9123372149,0,7.702,0,5,26.83761365449035,0.03725519331926654,0.09175680647355326,-2.0779469718555215e-18,0.0001656234839658757,CIDADE DUTRA
2513875697,2513875714,0,23.316000000000003,0,4,26.386824054873184,0.0378916569438819,0.00014939670096932096,9.706585711915902e-19,0.00013297086393237144,CIDADE DUTRA
2513875714,9123372149,0,17.431,0,5,26.54059658637741,0.03767211794474195,3.200582918369621e-05,2.4569059107378692e-18,0.00016383635484084282,CIDADE DUTRA
2513875718,7285538719,0,65.159,0,5,26.1145318232573,0.03828674745895231,0.1181811445306215,5.3550488555856965e-18,0.0001623263654741515,CIDADE DUTRA
2513875718,2513875723,0,45.885,0,4,26.27372786728346,0.03805476291664137,0.06433703288170396,1.3138164171391178e-17,0.0001378630976232392,CIDADE DUTRA
2513875718,5020954702,0,42.504000000000005,0,4,26.71063965544744,0.03743229281751459,0.05402996244685541,8.630663228644977e-18,0.00014349803249143103,CIDADE DUTRA
2513875723,4247132651,0,120.34,0,6,25.81607911947679,0.03872937018431671,0.09139020411147968,2.8798351375682474e-17,0.0001818196181365128,CIDADE DUTRA
2513875765,4247132651,0,36.491,0,6,25.953740628489392,0.03852394532402399,0.006663179658700688,3.806400818608772e-17,0.00017352717383729317,CIDADE DUTRA
2513875765,4247132652,0,48.663,0,5,25.7891210719413,0.03876985501509229,0.03154787459052882,1.193514366255453e-17,0.00014964687195430932,CIDADE DUTRA
2513875767,2513875820,0,369.26699999999994,0,4,25.438825969054076,0.039303719681958414,0.07307191189044764,-3.717394548276101e-18,0.00013697065163767973,CIDADE DUTRA
2513875820,2513875885,0,509.17999999999995,0,5,25.319508693571542,0.03948893704954387,0.07953426853281265,-2.98677931203691e-18,0.00016863800656714007,CIDADE DUTRA
2513875864,2585568647,0,78.489,0,5,27.045461796139737,0.036968881968528086,0.008191213889965696,3.9772313498219976e-19,0.0001711128170714228,CIDADE DUTRA
2513875864,12848137606,0,90.715,0,4,27.920721008135267,0.03580998086097066,0.0047840577554409645,2.787306519174237e-18,0.00014160975771644306,CIDADE DUTRA
2513875885,2513875889,0,38.006,0,5,24.957568990269582,0.04006161358566781,0.10372969894666105,1.8746502569968497e-19,0.00016510276644996538,CIDADE DUTRA
2513875889,2513875900,0,103.717,0,5,24.980220130802362,0.0400252871948455,0.00320166786173178,3.5538475196008564e-18,0.00016476182967964593,CIDADE DUTRA
2513875900,2513875976,0,504.0439999999999,0,5,24.970170681129368,0.04004139569944678,0.0030412047384684357,3.209939862801922e-18,0.00016735491854177192,CIDADE DUTRA
2513875928,2585568671,0,84.408,0,4,26.03397671079917,0.03840521546257207,0.0001288912714245122,-3.542468981565407e-18,0.00015256318212688116,CIDADE DUTRA
2513875976,8719530554,0,122.93700000000001,0,4,25.391290476950072,0.03937730088328789,0.0028017577384399014,3.902726688269953e-18,0.0001425534386799771,CIDADE DUTRA
2513876048,2513876052,0,21.918,0,5,25.752911150103685,0.03882436743163306,0.031226622860993477,5.174191821915743e-17,0.00017111050086929947,CIDADE DUTRA
2513876052,7285214485,0,403.16599999999994,0,5,25.920242462912746,0.03857373195317981,0.008897945996076195,7.444394428971949e-17,0.00017247606173135732,CIDADE DUTRA
2513876052,8719530554,0,170.725,0,5,25.74732812250758,0.03883278607273403,0.0009141732769553365,2.2397163371156367e-17,0.00017432098121745947,CIDADE DUTRA
2513876094,2513876098,0,52.575,0,4,27.16733131280906,0.036803043825449765,0.12851544704386025,2.473392600876751e-15,0.00014699066959373522,CIDADE DUTRA
2513876094,5256903589,0,267.50800000000004,0,5,26.76264156962833,0.03735955893309492,0.007910430547838897,6.881564181695486e-16,0.00017288867730927356,CIDADE DUTRA
2513876168,2513876176,0,27.336,0,2,32.25378848301165,0.030999164189733877,0.0004657661853749418,6.307891925995454e-13,9.584502358673383e-05,CIDADE DUTRA
2513876176,4434403849,0,84.27600000000001,0,4,32.19891529749561,0.031051992767085285,3.2982278209639486e-05,6.930775507674342e-13,0.000181586251372702,CIDADE DUTRA
2513876176,2513876225,0,87.945,0,5,31.256021694050087,0.03198873147429878,0.0008983331038678123,3.6847878995924585e-12,0.0001992658030171716,CIDADE DUTRA
2513876178,5262939364,0,39.952000000000005,0,5,28.76934120274366,0.034753680241745445,0.0009992328365486173,3.6758200752884255e-12,0.00017383351129010517,CIDADE DUTRA
2513876196,2513876213,0,58.638999999999996,0,4,29.899665018344233,0.033439855741273256,0.02721905906984985,6.019646219916994e-11,0.0001441251581506647,CIDADE DUTRA
2513876196,5262939364,0,9.506,0,5,29.31934917849737,0.034101728481036764,0.034719598015465,1.2132668726625057e-11,0.00017341951833480904,CIDADE DUTRA
2513876213,2513876236,0,126.92899999999999,0,4,30.478704737597702,0.03280455956162892,0.0704443960559705,3.286350255618817e-10,0.00014748341228793292,CIDADE DUTRA
2513876213,7292385106,0,24.118,0,4,29.909554952943054,0.03342879847255777,0.0435296635992063,6.235610549260635e-11,0.00014386013735114524,CIDADE DUTRA
2513876225,7292385105,0,21.06,0,5,30.464188865847824,0.03282019059587391,0.01255626651894078,6.7913874082247016e-12,0.0001821541276257521,CIDADE DUTRA
2513876225,5286811780,0,32.997,0,5,31.04035731376615,0.03221098503535603,0.0006754857372803139,1.3447440462810071e-11,0.00018823903213448307,CIDADE DUTRA
2513876225,5286811784,0,50.903000000000006,0,5,31.254586058382518,0.03199020083190854,0.011023350042546055,4.010801923886244e-12,0.00019238545839825056,CIDADE DUTRA
2513876236,2513876255,0,142.20600000000002,0,4,31.036528951985964,0.03221495826651865,0.06594969269521739,1.815826125245985e-09,0.00014878703827080837,CIDADE DUTRA
2513876240,4442345872,0,127.58,0,4,30.496570425905247,0.03278534179294184,0.08867469937033143,3.6496434132103897e-10,0.0001465815400843104,CIDADE DUTRA
2513876255,2513876300,0,478.569,0,4,31.715106077524325,0.03152568629226142,0.051244261870175466,8.732094420251494e-09,0.0001535504390300537,CIDADE DUTRA
2513876300,2513876304,0,29.705,0,4,32.35906843196682,0.03089830867745577,0.05818280015419215,4.707596220275069e-08,0.00015424263977635783,CIDADE DUTRA
2513876304,2513876311,0,42.135,0,5,33.025362896793744,0.030274928031839874,0.009213989997473167,7.241337271886935e-08,0.00017561874886657292,CIDADE DUTRA
2513876304,2513876322,0,106.593,0,4,33.06763439144999,0.03023622654979957,0.049072856225150056,2.3706290354238752e-07,0.00015541215339231007,CIDADE DUTRA
2513876306,2513876313,0,29.641,0,5,33.88371351092678,0.02950799606434513,0.06387690840181225,1.495803210923539e-08,0.00017445171887849653,CIDADE DUTRA
2513876306,2513876315,0,52.184,0,4,33.891529749561336,0.029501190778759897,0.0867567364947064,4.02539992723526e-09,0.00015001139877656821,CIDADE DUTRA
2513876311,2513876313,0,13.756,0,6,33.120114850853405,0.030188315753985454,0.004209037773496591,4.4910204879328224e-08,0.00019977256135778485,CIDADE DUTRA
2513876311,2585568762,0,124.99799999999999,0,5,32.38586696442814,0.030872741063996414,0.00021829060446642976,3.8540529089673406e-08,0.0001715740881770477,CIDADE DUTRA
2513876313,7868006191,0,21.333,0,5,33.94448875418727,0.029455164052293724,0.004299630544236884,1.8122384642450315e-08,0.0001731805028068647,CIDADE DUTRA
2513876313,2513876317,0,18.798000000000002,0,5,33.96187589727229,0.029440084168204896,0.06311050441078299,3.267543534788905e-08,0.00017201868929032826,CIDADE DUTRA
2513876315,9894162857,0,90.537,0,4,34.59211995533578,0.0289037065729648,0.09056347726951437,1.7100481194490768e-09,0.000154827842301357,CIDADE DUTRA
2513876315,7868006191,0,12.804,0,4,34.636465145956294,0.028866701053717487,0.004176380978295599,7.18975246134164e-09,0.0001488392076876348,CIDADE DUTRA
2513876317,7868006191,0,23.951,0,4,34.71175626096666,0.028804088084996876,0.0002466076262187847,2.6041104330418e-08,0.00014437494471639377,CIDADE DUTRA
2513876322,2513876343,0,532.453,0,4,33.79294943372149,0.029587251236735772,0.04875138750694229,1.293021194383324e-06,0.00015719249425488762,CIDADE DUTRA
2513876343,2513876350,0,56.525,0,4,34.651619078002874,0.02885407699637713,0.022589171766171708,1.3241296166014366e-06,0.00016453262868252965,CIDADE DUTRA
2513876343,7980826575,0,113.87299999999999,0,5,34.536289679374704,0.028950431392835367,0.02586353083316815,7.179970361795034e-06,0.000177425404058795,CIDADE DUTRA
2513876350,5850130398,0,81.197,0,2,35.63869835699474,0.028054910280683378,0.0004657661853749418,2.5704062912020476e-07,9.489161526827082e-05,CIDADE DUTRA
2513876361,7317157851,0,30.044,0,5,34.59355559100335,0.028902507066543088,0.0538813252062396,3.158427503463779e-06,0.00016761818178159145,CIDADE DUTRA
2513876361,7317157855,0,40.120999999999995,0,4,34.641091083107355,0.028862846222918057,0.013667899487809089,1.151873304914123e-06,0.00013858150545929015,CIDADE DUTRA
2513876393,2513876407,0,53.882999999999996,0,5,36.14148987079279,0.027664617272289922,0.03599136862458801,0.00010466323986989476,0.00017272688296986224,CIDADE DUTRA
2513876393,7980826575,0,166.308,0,6,35.29621949274206,0.02832712679417188,0.026317254147223128,3.133744940756487e-05,0.0001984411698286294,CIDADE DUTRA
2513876401,2513876407,0,45.488,0,4,37.06300845429893,0.026976776214987862,0.0005957424001616132,9.511305399116353e-05,0.00015129994344019226,CIDADE DUTRA
2513876407,2513876451,0,476.58400000000006,0,4,36.98644121869517,0.02703262200907413,0.03618839433915612,0.000510171096906325,0.00014795822363897532,CIDADE DUTRA
2513876424,8427078902,0,21.8,0,4,39.452225235284736,0.025343069471062483,0.0030966453442747705,6.987623190559093e-06,0.00016095451467988705,CIDADE DUTRA
2513876424,2513876436,0,23.067,0,4,38.61971606316797,0.025889379489234098,0.0005540805750547001,3.260075692128768e-05,0.00016059303588133742,CIDADE DUTRA
2513876451,5303273342,0,262.347,0,4,37.84096347104801,0.02642217304247023,0.0260744438227719,0.0005673960740082232,0.0001526478640833227,CIDADE DUTRA
2513876451,2513876486,0,228.61599999999999,0,4,37.83234965704259,0.026428188943842208,0.00976297133872572,0.0027735608618645806,0.00014382408078562176,CIDADE DUTRA
2549255281,4722925304,0,73.875,0,4,31.10894879566119,0.032139963696403484,0.03028673642635497,1.0818479641277597e-13,0.0001535618436778524,CIDADE DUTRA
2549255281,5262083631,0,62.462,0,4,31.26878289998405,0.0319756764477819,0.005900355980766559,2.0290042357248e-14,0.00015162298853211643,CIDADE DUTRA
2549255283,4722925304,0,19.095,0,4,30.309937789121072,0.03298721666412298,0.023721527153257257,5.268373215938249e-13,0.00015242231978948405,CIDADE DUTRA
2549255283,8954062382,0,14.429,0,4,30.341681288881798,0.03295270540239312,0.0002427018301150116,5.268772700526606e-13,0.00015296958512374463,CIDADE DUTRA
2549255283,5262939364,0,244.777,0,5,29.461477109586856,0.033937215069249675,0.02368529004496114,2.838348102380289e-12,0.00017796969676012525,CIDADE DUTRA
2557002186,5021007020,0,28.255,0,4,30.32716541713192,0.03296847796929324,0.0009602833698471022,1.6920793621234869e-18,0.00016502757736594815,CIDADE DUTRA
2557002208,8697705465,0,19.839,0,5,51.939703301962034,0.01925002303369061,1.2585343001046645e-05,-1.3471193622715992e-18,0.00017210934431519616,CIDADE DUTRA
2557002208,9207711654,0,132.097,0,4,50.961556867123946,0.019619504316416153,0.0004606669515727936,2.468758476380992e-18,0.00015075737697675456,CIDADE DUTRA
2557002246,8694474742,0,18.01,0,4,31.86377412665497,0.031378595672677395,0.0501520493874898,2.5449938075894264e-18,0.00014521677065868779,CIDADE DUTRA
2557002255,9207711657,0,12.079,0,4,50.972563407241985,0.019615267863569364,0.022391169602577653,-1.8037194989854264e-19,0.00014975799293986714,CIDADE DUTRA
2557002289,7950478555,0,21.511,0,4,59.858191099058864,0.016703486466391828,0.00046381328732305525,-1.0611982488983522e-18,0.00014880253407260948,CIDADE DUTRA
2557002303,2557558584,0,197.126,0,4,45.72850534375498,0.02186470949377686,0.001206782501729671,3.543516816387815e-18,0.00015997857694250104,CIDADE DUTRA
2557002312,2557002316,0,171.401,0,5,33.97990110065401,0.029424467186179703,0.020672727811253705,1.066804131025732e-18,0.00016499938094755834,CIDADE DUTRA
2557002316,2557002317,0,57.807,0,5,34.147870473759774,0.02927973168031466,0.01904227492660087,8.543556392915056e-19,0.00016798463729273948,CIDADE DUTRA
2557002317,8697626963,0,16.644,0,4,34.13239751156484,0.0292930048229708,0.025561699589815464,1.4522389714486768e-18,0.00014254279772513435,CIDADE DUTRA
2557002318,5265257551,0,129.75799999999998,0,5,34.9505503270059,0.02860728874284019,0.0007889708129621655,2.1803016486677554e-18,0.0001786002036562444,CIDADE DUTRA
2557002318,8439379768,0,54.94,0,5,35.44568511724358,0.028207678356862234,0.011860383846451873,8.713763066577673e-18,0.00017826929743861995,CIDADE DUTRA
2557002318,8697626963,0,70.93,0,5,34.621949274206415,0.028878803934667924,0.012236750698784897,1.4080707671927565e-18,0.0001759110550132753,CIDADE DUTRA
2557002320,8439379766,0,16.359,0,4,38.31376615090126,0.02609611597533609,0.0013907888959518702,-3.797778711881095e-18,0.00016411466877995582,CIDADE DUTRA
2557002325,4410120488,0,39.602999999999994,0,4,40.97702982931887,0.02440002335675497,0.000345771449520135,-3.70890542210889e-18,0.0001604309664862308,CIDADE DUTRA
2557002325,4410122299,0,36.454,0,4,40.46339129047695,0.02470975499181992,0.013422485299288679,2.8846480104372177e-18,0.0001594052149302059,CIDADE DUTRA
2557002372,7824935283,0,32.111999999999995,0,4,40.41473919285372,0.024739501105146826,0.004616325511651153,-2.2689688289379002e-18,0.0001629337115602163,CIDADE DUTRA
2557002372,4410122289,0,34.83,0,4,40.46849577285053,0.024706638233798588,0.0009764490259432742,-3.9446431670188677e-19,0.00016370331684971957,CIDADE DUTRA
2557558301,2557558304,0,7.386,0,4,32.32429414579678,0.030931548896817526,0.0023872008797588737,4.3903843575837476e-18,0.00015411245195493895,CIDADE DUTRA
2557558301,6399810034,0,5.513,0,4,31.654968894560536,0.031585577867923105,0.0009104844695239952,2.9131467180354053e-18,0.0001565326259120797,CIDADE DUTRA
2557558304,6399810034,0,8.946,0,4,31.62753230180252,0.031612978065596424,0.0040575796801391685,4.457701523181959e-18,0.00015355021124538522,CIDADE DUTRA
2557558353,4402745978,0,201.28099999999998,0,4,34.15760089328442,0.02927139081136111,0.019346927022695172,-2.181110860402893e-18,0.0001398816793348883,CIDADE DUTRA
2557558369,8728708651,0,8.769,0,5,35.557983729462435,0.028118593352563555,0.0020132209028225997,7.685538211150992e-18,0.00016683543953752768,CIDADE DUTRA
2557558369,8728708648,0,26.103,0,6,34.79390652416653,0.028736080101594053,0.015052938183941515,8.067232262096949e-18,0.00019405107628638158,CIDADE DUTRA
2557558372,5049915263,0,19.687,0,6,28.78465464986441,0.03473519127076048,0.04302907073190605,6.082735194718809e-18,0.0001795097163667769,CIDADE DUTRA
2557558372,11751358419,0,24.255,0,6,28.967139894720052,0.03451636884275448,0.00032418107661316703,-2.565419800338461e-18,0.0001799749733740981,CIDADE DUTRA
2557558372,11751358422,0,16.934,0,5,28.83697559419365,0.034672168780665896,5.6308560496062144e-05,2.255162960372447e-18,0.00015401311915408638,CIDADE DUTRA
2557558474,2557558481,0,36.224000000000004,0,4,32.69229542191737,0.030583367488338505,0.008962717114797097,-1.1230645832934248e-18,0.00014706407191612673,CIDADE DUTRA
2557558547,5042201442,0,75.049,0,2,40.754984846067956,0.02453296176411878,0.0004657661853749418,-9.30239092603346e-19,0.00011419440003397484,CIDADE DUTRA
2557558547,5042201446,0,74.71900000000001,0,4,39.755463391290476,0.025149763067404414,0.0013966475901075299,1.808480829166322e-18,0.00019215101583724023,CIDADE DUTRA
2557558547,2557558552,0,25.728,0,2,40.754984846067956,0.02453296176411878,0.0004657661853749418,5.131405803026207e-19,0.00011419440003397484,CIDADE DUTRA
2557558554,2557558573,0,92.993,0,5,38.835061413303556,0.025745819590317798,0.0021734670374135125,4.29296889281851e-18,0.00018351153710891808,CIDADE DUTRA
2557558556,2557558572,0,62.373000000000005,0,2,40.663742223640135,0.024588009618666175,0.0004657661853749418,6.217889852411708e-19,0.00010321712047601854,CIDADE DUTRA
2557558572,2557558605,0,95.739,0,4,40.58047535492104,0.02463846162917307,0.015681988345321415,3.2032555613997166e-18,0.00019045173366286802,CIDADE DUTRA
2557558572,2557558587,0,85.04400000000001,0,4,39.727229223161586,0.02516763702067858,0.016490054161457584,4.483361389221405e-18,0.00018437203120435751,CIDADE DUTRA
2557558573,5042201446,0,59.805,0,5,38.801722762801084,0.0257679405380517,0.0023375104737719827,2.422684580614276e-18,0.0001948273712276676,CIDADE DUTRA
2557558573,2557558588,0,68.521,0,5,38.8216621470729,0.025754705739749275,0.002089383926846175,1.620074588715733e-19,0.00018977141269161716,CIDADE DUTRA
2557558584,2557558590,0,21.985,0,4,46.724198436752275,0.02139877233590747,0.0002787219497386968,-7.938288359949132e-19,0.00015958419300833278,CIDADE DUTRA
2557558587,2557558588,0,14.659,0,4,38.81623863455096,0.025758304258667947,0.017320361316518013,3.67121391612775e-18,0.00016948679111944483,CIDADE DUTRA
2557558587,2557558602,0,57.300999999999995,0,4,39.77173392885628,0.02513947434915313,0.0005708971971681676,2.6209640413670535e-18,0.00018620827706187257,CIDADE DUTRA
2557558588,2557558618,0,122.297,0,4,37.90939543786888,0.026374477181112035,0.016034377949350722,4.8502324013774225e-18,0.00016467129319368601,CIDADE DUTRA
2557558602,2557558614,0,39.092,0,4,39.82517147870474,0.025105742117405794,0.0005097063915423892,9.901067369662951e-19,0.00019692985093557774,CIDADE DUTRA
2557558602,2557558638,0,130.39900000000003,0,2,40.770617323337056,0.02452355521125548,0.0004657661853749418,4.6174560812635934e-18,0.00010505336633353356,CIDADE DUTRA
2557558605,2557558640,0,123.63700000000001,0,2,41.16366246610305,0.024289395671465385,0.0004657661853749418,2.8317772151627066e-18,0.00010204669227890962,CIDADE DUTRA
2557558614,2557558620,0,52.778999999999996,0,4,38.91753070665178,0.02569126218367531,0.0013637738062341064,4.245293818708277e-19,0.0001950936050780627,CIDADE DUTRA
2557558614,2557558635,0,90.23,0,2,39.877332907959804,0.02507290262449448,0.0004657661853749418,8.677507010925898e-19,0.00010668856369410431,CIDADE DUTRA
2557558618,2557558620,0,89.57500000000002,0,4,37.95613335460201,0.026342000529529685,0.0022204450849950055,-5.775644598213468e-20,0.0001795565332785987,CIDADE DUTRA
2557558620,2557558633,0,52.36699999999999,0,2,38.95501674908279,0.025666539726218116,0.0004657661853749418,2.2283753630346006e-19,0.00010321712047601855,CIDADE DUTRA
2557558663,8706583341,0,32.92,0,5,41.06843196682087,0.024345718524963294,0.0002280550947258625,-9.88564904250507e-18,0.00016805008830591119,CIDADE DUTRA
2557558663,8706583340,0,28.020999999999997,0,6,40.850215345350136,0.024475770237026045,0.002432443017960912,-4.34241655725115e-18,0.00019431518313558038,CIDADE DUTRA
2572903196,5249735484,0,14.85,0,4,30.13909714468017,0.03317420160684231,0.03654393027893568,-1.0055607781133163e-18,0.00015705463583316092,CIDADE DUTRA
2572903196,2572903198,0,63.452,0,4,30.54586058382517,0.03273243790863326,0.0016647370948970667,8.726649827064858e-19,0.00015745691924484465,CIDADE DUTRA
2572903198,2572903213,0,69.488,0,4,31.171319189663425,0.03207565515088556,0.04472310129758141,6.450702534411077e-18,0.00015970091662180304,CIDADE DUTRA
2572903217,2572903230,0,61.392,0,3,28.91513798053916,0.034578444190677946,0.0004657661853749418,-2.246301037757397e-18,0.00011686191247177459,CIDADE DUTRA
2572903220,5042144777,0,174.315,0,2,32.3842718136864,0.030874261761330332,0.0004657661853749418,-3.5414177066619175e-18,0.00010229925297603101,CIDADE DUTRA
2572903220,2572903222,0,142.91,0,4,31.946402935077366,0.031297435487736676,0.021940701118609157,2.0193935725044495e-18,0.0001795203151559883,CIDADE DUTRA
2572903251,9963650222,0,162.94,0,4,33.08422395916414,0.030221065065933802,0.00045578470644307725,-2.133590506237139e-18,0.00016650816496785665,CIDADE DUTRA
2572903254,2572903260,0,59.248999999999995,0,4,33.851650981017706,0.029535944509367813,0.05058157846456863,-1.6911322582354864e-18,0.00015683337288757975,CIDADE DUTRA
2572903254,7279480605,0,75.875,0,5,33.39432126335939,0.029940434394241194,0.04765863255257555,1.2825788752352032e-18,0.00018329920257494358,CIDADE DUTRA
2572903260,2572903278,0,19.646,0,4,33.73999042909555,0.029633692013842923,0.05104083498977061,-1.7285750923871817e-18,0.00015577408952101066,CIDADE DUTRA
2572903260,5049904934,0,144.53,0,4,33.8353804434519,0.02955014756215997,0.0004552422347619976,-7.235627476387498e-19,0.00016850873553275647,CIDADE DUTRA
2572903278,2572903304,0,116.922,0,4,33.60711437230818,0.02975085792399007,0.05111168179131961,-3.4525359470770006e-18,0.0001510709347877228,CIDADE DUTRA
2572903278,7279480605,0,21.15,0,5,33.71702025841442,0.029653880362583502,0.00010241865338782787,3.108356051712976e-18,0.00018213619306075906,CIDADE DUTRA
2572903280,7279480605,0,19.911,0,5,33.25330993778912,0.03006739740484014,0.04782766672839995,3.110876535358244e-18,0.0001823641571968196,CIDADE DUTRA
2572903280,9963650222,0,28.471000000000004,0,4,32.994576487478064,0.030303176805596514,0.0022675316269127146,4.787592150623203e-18,0.00015599230314170884,CIDADE DUTRA
2572903285,9963650222,0,8.795,0,4,32.42813845908438,0.030832497097770695,0.002731236419899554,3.266416473555615e-18,0.00015839144560802617,CIDADE DUTRA
2572903304,2572903315,0,72.421,0,4,33.87956611899825,0.02951160830731999,0.05062128739162365,-2.553167434646716e-18,0.00015003530246252263,CIDADE DUTRA
2572903315,2572903318,0,67.886,0,4,34.72659116286489,0.028791783225616787,0.049653192429569004,-3.01604213593765e-18,0.00014765983973169828,CIDADE DUTRA
2572903318,5042144508,0,52.222,0,5,35.540756101451585,0.02813222324454119,0.04904356275437176,-2.4208030961471347e-18,0.0001753575506859789,CIDADE DUTRA
2572903327,5042094792,0,18.484,0,2,36.42813845908438,0.027446927765711483,0.0004657661853749418,1.6284187659156e-18,0.00011481175536286355,CIDADE DUTRA
2572903335,5042144534,0,26.498,0,2,38.05662785133195,0.02627244034420753,0.0004657661853749418,-4.654993582560576e-18,9.360078075061825e-05,CIDADE DUTRA
2572903355,5254821734,0,238.331,0,2,41.221406922954216,0.02425537019623322,0.0004657661853749418,1.7185918247983824e-18,9.883278104587807e-05,CIDADE DUTRA
2572903373,5254742326,0,62.8,0,4,38.81017706173233,0.02576232732294565,0.00048225732447976157,-4.860467546890424e-19,0.00015102181109446342,CIDADE DUTRA
2572903424,7988372129,0,4.827,0,6,31.43021215504865,0.0318114456241499,0.005891133962188206,3.894936953282363e-17,0.00018133558709912558,CIDADE DUTRA
2572903424,2572903428,0,8.816,0,5,32.160472164619556,0.031089110875236838,0.017889305615634295,3.321428959436602e-17,0.0001562400301978708,CIDADE DUTRA
2572903424,2585824511,0,118.662,0,6,32.104482373584304,0.03114332987185921,0.018268493320708932,3.1206115930472984e-17,0.00017969183090487046,CIDADE DUTRA
2572903426,7988372129,0,15.795,0,6,30.706332748444726,0.03256137726106245,0.009674222971701098,4.29138132600633e-17,0.00018888577387019388,CIDADE DUTRA
2572903426,8439554909,0,25.847,0,5,30.744935396394958,0.032520493929646156,0.0017106301991164005,3.7607626540182445e-17,0.00016841670018020413,CIDADE DUTRA
2572903428,8439554909,0,8.82,0,4,31.65799968096985,0.031582554014833925,0.018293989489719675,1.9213976671689034e-17,0.00013722317774729828,CIDADE DUTRA
2572903428,7988372129,0,8.839,0,5,31.637900781623863,0.03160261775353185,0.0006549803077355051,2.4118802218554796e-17,0.00015845984726008399,CIDADE DUTRA
2573370245,6621575797,0,67.739,0,5,28.377572180571065,0.03523347517411565,0.0004124954662929254,-3.1728181056088514e-18,0.00016708380065588878,CIDADE DUTRA
2573370270,5042098482,0,26.108,0,2,35.59881958845111,0.028086338156285147,0.0004657661853749418,4.294711632004172e-18,0.0001145753256462853,CIDADE DUTRA
2573370275,2573370282,0,48.221,0,4,34.93922475673951,0.028616561812321376,0.0018950705706834634,-7.624039731404985e-18,0.00015268670099968204,CIDADE DUTRA
2573370275,11361990769,0,49.471000000000004,0,4,34.81639814962514,0.02871751640215519,0.0018696828960089384,-6.150819981923597e-18,0.00015382741916822342,CIDADE DUTRA
2573370282,5254790108,0,81.424,0,4,34.8047535492104,0.028727124400181492,0.0017209371610569129,-2.351831965647443e-18,0.00015044426246276865,CIDADE DUTRA
2573370282,5460648990,0,60.94499999999999,0,4,34.27293029191259,0.029172891737295037,0.0001933369071367683,-5.190878780293839e-18,0.00015825402943727573,CIDADE DUTRA
2573370302,2573370304,0,48.062,0,5,35.62147072898389,0.02806847848964001,0.001692403150632126,-1.0441203484495523e-18,0.00017581397457964594,CIDADE DUTRA
2573370304,5254795175,0,69.816,0,5,35.46849577285053,0.028189537310210837,0.0012613551528462784,-5.373284975571339e-18,0.00017272712887349815,CIDADE DUTRA
2573370310,5238772433,0,8.423,0,4,34.496889456053594,0.028983496793226704,0.028833780275751376,-6.604883929375086e-18,0.00015458868816963387,CIDADE DUTRA
2573370310,5254795175,0,83.447,0,4,35.12745254426543,0.028463222138465312,0.0016819876943553979,-7.584865400444439e-18,0.00014741924608021342,CIDADE DUTRA
2573370381,5260369105,0,51.787000000000006,0,4,35.02057744456851,0.028550085632037314,0.003148614131322196,-5.594166054763398e-18,0.00017578195003252616,CIDADE DUTRA
2573370387,2573370397,0,33.111,0,4,32.53772531504227,0.030728653439814884,0.031070391016842554,-4.67509975659203e-18,0.00015102982964910187,CIDADE DUTRA
2573370387,2573370395,0,31.476,0,4,31.689902695804754,0.03155075907059155,0.12138010003394789,-3.612277762464623e-18,0.00015005913073738437,CIDADE DUTRA
2573370395,2573370405,0,36.028999999999996,0,4,30.886584782261924,0.03237135125085215,0.12134570732936743,5.341833927870017e-18,0.0001506057169130021,CIDADE DUTRA
2573370395,2573370397,0,33.879999999999995,0,4,31.705854203222206,0.03153488559296452,0.00019984656730972345,-4.0008218421563365e-18,0.00015310744748480535,CIDADE DUTRA
2573370422,5256903583,0,53.429,0,4,28.740468974318073,0.03478859324874843,0.0017835383930534983,1.2448688524053444e-17,0.00015587264220117775,CIDADE DUTRA
2573370422,5256903582,0,13.898,0,4,28.66214707289839,0.03488365621678178,0.0005224002288796517,1.7790947219639966e-17,0.00015493842719154893,CIDADE DUTRA
2573370422,5256903588,0,188.76999999999998,0,4,27.8216621470729,0.03593748208286032,0.002105549582942347,6.514336309845296e-17,0.00015124528862524574,CIDADE DUTRA
2575128498,5043732347,0,10.876999999999999,0,4,40.5131599936194,0.024679400103158947,0.0010007517572556402,-4.736933246992525e-18,0.00015906369864309415,CIDADE DUTRA
2575128500,8728773245,0,52.732,0,4,36.84128250119636,0.027139133522112245,0.015511109765781343,-3.069223956744109e-19,0.0001374217705105482,CIDADE DUTRA
2575128500,7893064268,0,193.715,0,4,37.332269899505505,0.026782204447179065,0.015065740515614994,5.484574237413797e-19,0.00014562585118348419,CIDADE DUTRA
2575128533,2575128556,2,71.174,0,3,37.153932046578404,0.026910758292618003,0.009431304152913654,-2.6173674957078306e-18,0.0001250106787151183,CIDADE DUTRA
2575128533,2575128556,0,77.18499999999999,0,3,37.153932046578404,0.026910758292618003,0.0,-4.553790222462195e-18,0.0001250106787151183,CIDADE DUTRA
2575128533,4442346001,0,228.13099999999997,0,4,37.61556867123943,0.02658049632758299,0.009082277873307041,-4.935509633809021e-18,0.00015663965042036189,CIDADE DUTRA
2575128650,2575128662,0,72.021,0,4,37.06492263518903,0.02697538302633844,0.002987934019386419,-6.863761241686658e-18,0.00014344648048889111,CIDADE DUTRA
2575128662,2575128674,0,261.877,0,4,38.03365768065082,0.02628830740711227,0.002059873467395445,-4.072759446875923e-18,0.00014824498945034123,CIDADE DUTRA
2575871648,5230326642,0,75.449,0,4,41.03892167809858,0.024363225056651883,0.0013966475901075299,-2.5100197017607244e-18,0.00019847413670060206,CIDADE DUTRA
2575871648,5230325372,0,144.319,0,4,40.043069070027116,0.024969127195952675,0.00881245245913805,-2.5905665956300616e-18,0.0001723961877883422,CIDADE DUTRA
2576498136,5021007009,0,112.917,0,4,29.028074653054713,0.0344439132417833,0.001384279235778915,7.888369356834273e-19,0.00015158458136672504,CIDADE DUTRA
2576498141,5021007020,0,41.383,0,2,31.31264954538204,0.03193088095201708,0.0004657661853749418,-2.586142785321364e-18,9.399059125905685e-05,CIDADE DUTRA
2576498180,7280438883,0,13.151,0,4,31.790397192534694,0.031451022108041383,0.0012029851999621139,3.2449280186162347e-18,0.00015684832769158091,CIDADE DUTRA
2576530542,5249311904,0,194.847,0,2,35.0256819269421,0.028545924873392355,0.0004657661853749418,3.546541801566402e-18,8.258396168226078e-05,CIDADE DUTRA
2576530542,7285232023,0,22.756,0,6,34.268782899984046,0.029176422397140078,0.00026516015771170694,8.198546540798607e-18,0.0001969287643003625,CIDADE DUTRA
2576530542,13605836783,0,29.886,0,4,34.774924230339764,0.028751766022641786,0.0006661552243657448,3.378916917326065e-18,0.0001464394307082277,CIDADE DUTRA
2576530571,2576530576,0,143.995,0,4,30.431647790716223,0.03285528578018199,0.00812145203177886,7.367666181535697e-19,0.00015428612671251963,CIDADE DUTRA
2576530571,13605836765,0,15.971,0,4,30.800765672356036,0.03246154642912631,0.002461953477411642,-1.896651248676022e-18,0.00015188371168884692,CIDADE DUTRA
2576530571,13605836779,0,20.518,0,4,31.00638060296698,0.03224628174854279,0.006289091187428197,1.54285648192663e-18,0.00015673800764796547,CIDADE DUTRA
2576530576,2576530578,0,53.157,0,4,30.684957728505342,0.032584059387411365,0.0065713934502620195,-3.3691543422530155e-18,0.00014824761464913983,CIDADE DUTRA
2576530578,2576530579,0,22.086,0,4,30.88036369436912,0.032377872709709744,0.006461271699002862,-8.522263883283227e-18,0.00013947114529809415,CIDADE DUTRA
2576530579,2576530590,0,222.45899999999997,0,5,30.763279629925027,0.032501101864094786,0.0065005466487130245,-1.2174806441235055e-17,0.00016462746079445826,CIDADE DUTRA
2576530590,11735240695,0,22.759,0,5,30.390811931727548,0.03289943313038001,0.00663865993871589,-8.293023157203e-18,0.00016714489756294997,CIDADE DUTRA
2576530590,5249716018,0,9.931,0,6,30.74956133354602,0.03251560157494203,6.422864703982426e-05,-9.082618221560221e-18,0.0001885188459250614,CIDADE DUTRA
2576530590,11735240697,0,25.872,0,5,30.802041792949435,0.03246020155568675,0.0001787986660838351,-1.075065607818793e-17,0.00016902044017579122,CIDADE DUTRA
2576530594,2576530596,0,155.434,0,4,29.87334503110544,0.033469318011918235,0.000278504961066265,-9.591139104149263e-18,0.00014283810011992345,CIDADE DUTRA
2576530594,2576530595,0,96.754,0,5,29.221885468176744,0.03421546792436351,0.0007782298736767895,-7.005583290992286e-18,0.0001647702214990196,CIDADE DUTRA
2576530595,5020954715,0,97.326,0,5,29.270697080874143,0.034158410445890415,0.0016109239041339706,-2.7784118028251605e-18,0.0001673903502850196,CIDADE DUTRA
2576530595,2576530598,0,144.565,0,5,28.770298293188706,0.034752524104434995,0.0006708204808230294,-6.149856997553557e-18,0.00016151390623509574,CIDADE DUTRA
2576530598,2576530599,0,65.631,0,5,28.566597543467857,0.035000335038306046,0.0045024064586244375,-7.246295434737971e-18,0.0001606080442536864,CIDADE DUTRA
2576530599,2576530605,0,34.576,0,5,28.714787047375978,0.034819707465571934,0.0030212417806047063,-7.073759870336068e-18,0.00016276855304505323,CIDADE DUTRA
2577094459,13132294289,0,74.81800000000001,0,2,31.816717179773487,0.03142500463754456,0.0004657661853749418,-1.7172445735557788e-18,8.838812232384789e-05,CIDADE DUTRA
2585568613,7279626984,0,40.754000000000005,0,4,29.922635189025364,0.033414185569208624,0.0002296825097691013,-4.647059914378832e-19,0.0001588863753664678,CIDADE DUTRA
2585568613,7279626980,0,40.081,0,4,29.94512681448397,0.03338908835217285,2.1698867243183872e-07,-1.7844882289977632e-18,0.00015883606769761445,CIDADE DUTRA
2585568647,2585568653,0,72.554,0,5,26.87908757377572,0.03719770926678734,0.0013478251388103662,-3.606030578879371e-19,0.00016865153388144016,CIDADE DUTRA
2585568647,12848137606,0,20.022000000000002,0,5,27.045461796139737,0.036968881968528086,0.00981081734099694,-9.610256458393005e-19,0.00016855824376890312,CIDADE DUTRA
2585568653,2585568663,0,232.16099999999997,0,4,26.851650981017706,0.03723571729845009,0.0013187486567044998,-2.8176429338975547e-18,0.00014219412968301885,CIDADE DUTRA
2585568663,2585568671,0,124.27000000000001,0,4,26.873823576327965,0.03720499548886462,0.016054774884559316,-2.8849982883879936e-18,0.0001488350497792129,CIDADE DUTRA
2585568671,2585568672,0,15.853,0,4,26.4637103206253,0.03778156852580756,0.016030363658910734,-2.824745682920691e-18,0.0001531941422107003,CIDADE DUTRA
2585568672,2585568681,0,92.56,0,4,26.951028872228427,0.0370984161556855,0.00637382526401283,1.0037130841500102e-18,0.0001516292423423972,CIDADE DUTRA
2585568681,2585568686,0,120.43299999999999,0,4,27.93986281703621,0.03578544717535897,0.0011590449937946665,-3.475050345458849e-18,0.00015071533761704695,CIDADE DUTRA
2585568686,2585568693,0,87.71,0,4,28.93459881958845,0.034555187412826434,0.0009264331369477354,4.0024591981862864e-18,0.00016144275187309574,CIDADE DUTRA
2585568693,8701665385,0,186.05,0,2,29.931887063327483,0.03340385732481361,0.0004657661853749418,6.848075161941787e-18,9.289290492130487e-05,CIDADE DUTRA
2585709415,5265222449,0,21.323,0,5,38.254107513159994,0.026136813793966183,0.0002992273792835056,-7.746643971315461e-18,0.00017737975431769714,CIDADE DUTRA
2585824132,7285558184,0,19.75,0,4,36.0413144042112,0.027741510026865184,0.0001272638563812734,2.7580459803780057e-18,0.00015564552126247146,CIDADE DUTRA
2585824132,2585824144,0,172.299,0,4,35.47439783059499,0.02818484727212227,0.0014386348982230908,4.675798082751343e-18,0.00015670449879480962,CIDADE DUTRA
2585824395,2585824416,0,118.374,0,4,40.62178975913224,0.0246134030739266,3.2548300864775805e-07,5.276715048086086e-18,0.0001495257672371252,CIDADE DUTRA
2585824509,2585824511,0,7.748,0,5,32.317754027755626,0.030937808489634747,1.1283410966455613e-05,1.301220619206264e-17,0.00015585280676939483,CIDADE DUTRA
2585824509,5300744892,0,55.781,0,4,32.43786887860903,0.030823248243202706,0.0034416573334413937,7.317107944922816e-18,0.00013168234227971045,CIDADE DUTRA
2585824509,7988372129,0,117.899,0,5,31.585579837294624,0.03165496692086258,0.0036092810828949893,2.5610677966514134e-17,0.00015742531891427302,CIDADE DUTRA
2585824511,2585824515,0,22.261,0,5,32.79151379805391,0.03049083037408182,0.00021774813278535016,1.81023702298841e-17,0.0001542161259257798,CIDADE DUTRA
3318554159,5169445198,0,839.1809999999997,0,4,39.62131121390971,0.02523491662170976,0.00908075895260002,6.28885248141867e-19,0.00014667718664049717,CIDADE DUTRA
3320712066,4442346001,0,54.027,0,5,37.334184080395595,0.02678083128247197,0.008504762521629702,-3.664396109596008e-18,0.0001742679736173415,CIDADE DUTRA
3899119735,3899119736,0,52.292,0,2,57.88100175466582,0.01727407015455167,0.0004657661853749418,-4.744824059506634e-18,0.00010802474418808492,CIDADE DUTRA
3899119735,8454998407,0,94.837,0,2,57.88100175466582,0.01727407015455167,0.0004657661853749418,1.0756367637084884e-18,0.00010802474418808492,CIDADE DUTRA
3899119747,5041876473,0,95.31400000000001,0,4,29.62434200031903,0.033750639420617616,0.006136656645044831,-4.569533437638746e-18,0.00015466450712187669,CIDADE DUTRA
3899119747,5041864113,0,255.42999999999998,0,4,28.75163502951029,0.034775082665719804,0.014160463774229363,-1.5280272367508425e-18,0.00015681283187258594,CIDADE DUTRA
3899119767,5259094866,0,121.45799999999998,0,4,38.29175307066518,0.026111118054080174,0.0014949434587191528,4.034260472163295e-18,0.00015671038826155987,CIDADE DUTRA
3899119767,3899119768,0,61.400999999999996,0,4,37.58191099058861,0.026604301339977335,0.0003099683185688816,5.80080680905291e-19,0.00015549143349026252,CIDADE DUTRA
3899119768,5259102331,0,84.342,0,4,36.72244377093635,0.0272269593810949,0.0015086137450823587,-2.976347913271884e-18,0.00015218389721652944,CIDADE DUTRA
3899119768,5259102344,0,99.68199999999999,0,4,37.4236720370075,0.026716792620913945,0.0009453111514493054,-2.14274978718485e-18,0.00015216385438104622,CIDADE DUTRA
3899119770,3899119771,0,105.475,0,4,36.66453979901101,0.027269958668696977,0.00010024876666350948,-2.269867099817574e-18,0.00014554099451811114,CIDADE DUTRA
3899119777,5262083622,0,148.435,0,2,33.00925187430212,0.03028970449658105,0.0004657661853749418,2.9532974447550387e-15,9.281558620633899e-05,CIDADE DUTRA
3899119796,3899119797,0,21.133,0,2,35.4862019460839,0.028175471876222113,0.0004657661853749418,4.672673853507484e-11,0.00011710997070461067,CIDADE DUTRA
3899119797,3899119798,0,81.081,0,2,35.4862019460839,0.028175471876222113,0.0004657661853749418,4.6726737731100715e-11,0.00011710997070461067,CIDADE DUTRA
3899119799,3899119802,0,132.559,0,2,35.101451587174985,0.028484305910902473,0.0004657661853749418,1.6244026559871834e-09,0.00010023714843595019,CIDADE DUTRA
3899119799,7871304844,0,39.832,0,3,34.27021853565162,0.029175200148948054,0.006798689084634371,1.8404629876483521e-09,0.00014284301801150302,CIDADE DUTRA
3899143170,3899143183,0,259.20900000000006,0,4,30.582230020736958,0.03269351137074901,0.00023489023790746543,-4.606842016634713e-18,0.00016630248114153114,CIDADE DUTRA
3899143183,7280296353,0,3.591,0,4,29.97240389216781,0.03335870184196661,0.0018892118765278037,-9.546345531131757e-19,0.00016054773087726507,CIDADE DUTRA
4247132651,7285538719,0,241.64400000000003,0,7,25.639336417291435,0.038996347980812904,0.0,1.6967266567376997e-17,0.00020458667670607934,CIDADE DUTRA
4247132651,4247132652,0,43.668,0,7,25.454777476471527,0.039279089587406626,0.07921160637690651,3.12735546527685e-17,0.00020139323003672913,CIDADE DUTRA
4258650742,5420954208,0,25.052,0,4,30.740947519540597,0.03252471265858911,0.007649718657912042,2.4151060846531335e-16,0.00015210590733060963,CIDADE DUTRA
4258650742,5420954204,0,28.685,0,4,30.528951985962674,0.032750566917120374,0.009225490397112054,6.758703459026365e-16,0.0001485421525160022,CIDADE DUTRA
4258650748,8439554909,0,81.512,0,4,31.69755941936513,0.03154313780748017,0.019811391276035522,3.56787308198386e-17,0.00014717180454189654,CIDADE DUTRA
4258650748,5420954213,0,28.296,0,4,32.27564204817355,0.030978174916969792,0.019686080317706137,8.584842255158996e-17,0.000152363379287308,CIDADE DUTRA
4258650748,5420954209,0,15.911999999999999,0,4,32.28983888977508,0.030964554773372854,0.0005170840064050717,5.719357510552082e-17,0.0001537213222736994,CIDADE DUTRA
4274074546,9207711654,0,49.17,0,4,49.98293188706333,0.020003638185630442,0.0009134138166018251,3.0191664329400217e-18,0.00015585779806574646,CIDADE DUTRA
4274074546,9207711657,0,49.195,0,4,49.98867442973361,0.020001340230200493,0.022834151977347252,5.529470923187175e-19,0.0001556714652405674,CIDADE DUTRA
4274074548,5265238000,0,100.746,0,4,46.09985643643324,0.021688581314878892,0.016898752325982952,-6.972078360960967e-18,0.00017031963369616783,CIDADE DUTRA
4274074548,4274074550,0,81.154,0,4,46.09618758972723,0.021690307533125473,0.026465674399166503,-1.5431919902585863e-18,0.00016292622303470887,CIDADE DUTRA
4274074549,4274074550,0,101.801,0,4,47.07018663263678,0.02124148121037132,0.0250944144837335,3.613435817519425e-18,0.00016013649314871852,CIDADE DUTRA
4274076922,4274076923,0,81.957,0,4,34.68479821343117,0.0288264754712816,0.039929387546217235,-2.8564120323759227e-18,0.00015171768405854516,CIDADE DUTRA
4274076923,5265183512,0,88.637,0,5,33.9749561333546,0.02942874984154111,0.03206962385339117,4.036387603123844e-18,0.00017477445391148147,CIDADE DUTRA
4402745978,9219487474,0,12.368,0,4,33.62960599776679,0.029730960421963343,0.019706368758578514,-2.979704964300939e-19,0.00013896847849049614,CIDADE DUTRA
4402745978,4410120466,0,10.24,0,5,34.386185994576486,0.029076806746858284,2.2783810605343064e-05,7.373565037705817e-19,0.00016672222188529254,CIDADE DUTRA
4402746092,4410120465,0,12.07,0,5,33.217419046099856,0.030099884748367268,0.02125913969850075,-3.2257445185208397e-18,0.00017150623169667477,CIDADE DUTRA
4402746092,4402746093,0,102.87299999999999,0,6,32.99744775881321,0.03030053997611923,0.043297919697049096,3.877500544524122e-18,0.000200834271126252,CIDADE DUTRA
4402746092,13605844610,0,49.188,0,4,32.69564523847504,0.030580234084178582,0.0714175902518273,4.8474526515017575e-18,0.00014396710525437723,CIDADE DUTRA
4402746093,4410120467,0,11.532,0,5,33.28457489232733,0.030039154417931476,0.0010241865338782787,1.719410674025567e-18,0.0001738021093736897,CIDADE DUTRA
4402746093,9219487474,0,143.257,0,5,33.072260328601054,0.030231997298991946,0.0641062654285727,-4.949639494825227e-19,0.00017069568168183666,CIDADE DUTRA
4402746094,13167384937,0,59.494,0,4,32.251714787047376,0.031001157350162723,0.04919697374578107,6.245408123543995e-18,0.00016121280341589405,CIDADE DUTRA
4402746094,13168004709,0,59.108000000000004,0,4,32.59211995533578,0.03067736883320282,0.027284806637596696,7.915315655368116e-18,0.00016235978911831027,CIDADE DUTRA
4402746096,4409648191,0,4.456,0,4,34.46562450151539,0.02900978872098674,0.010675083223292954,-4.546144292410122e-18,0.0001472046016047987,CIDADE DUTRA
4402746096,4402746102,0,15.879,0,4,35.126176423672035,0.028464256196470576,0.005784592524024173,-4.8458175512936196e-18,0.00014898546688203338,CIDADE DUTRA
4402746096,4402746115,0,6.108,0,4,34.40357313766151,0.02906211168604759,0.016521626013296417,-6.602562728726433e-18,0.00014970404527963002,CIDADE DUTRA
4402746102,4442345994,0,6.125000000000001,0,4,35.81464348380922,0.027917086076197434,0.010624199379607688,-5.189978413149853e-18,0.00014939910788740196,CIDADE DUTRA
4402746102,7285024192,0,9.865,0,5,35.1376615090126,0.028454952378358257,0.0052647961592137025,-5.1712740577902504e-18,0.00017598798592691398,CIDADE DUTRA
4402746103,4402746114,0,10.875,0,4,34.81352687829,0.028719884900525097,0.0033531259550892037,-1.214513315338167e-18,0.000150725470226167,CIDADE DUTRA
4402746103,4442345994,0,2.201,0,4,35.51587174988036,0.028151934210349026,0.012249770019130806,-8.15187219637482e-19,0.00015012620070231636,CIDADE DUTRA
4402746114,4402746116,0,14.383,0,4,34.196203541234645,0.029238347576221218,0.008211502330838073,1.8482453032317718e-19,0.0001512206425193021,CIDADE DUTRA
4402746114,11721798824,0,286.29200000000003,0,4,34.78401658956771,0.02874425046202668,0.005620115110320839,6.878492694435348e-19,0.0001507824417903376,CIDADE DUTRA
4402746115,4402746116,0,10.627,0,4,34.31647790716222,0.029135871333612236,0.0052997313354752286,-1.4166183840422967e-18,0.00014980004445820067,CIDADE DUTRA
4402746116,6100344851,0,149.105,0,4,33.609347583346626,0.02974888109465251,0.003916754031730905,-1.913637398260101e-18,0.00014560336082261987,CIDADE DUTRA
4409648191,7285024192,0,16.272,0,5,34.65130004785452,0.02885434265222415,0.009813855182410985,-4.778279130587991e-18,0.00017407324181783272,CIDADE DUTRA
4410120463,4410120465,0,110.56700000000001,0,4,34.144839687350455,0.029282330626851167,0.035115168365308244,-8.593825185206916e-19,0.00014463350923496544,CIDADE DUTRA
4410120463,5265183512,0,248.30900000000003,0,5,34.04099537406285,0.029371658317830583,0.031894080017393814,3.718657605554245e-18,0.00017305615886185536,CIDADE DUTRA
4410120465,4410120467,0,102.848,0,4,33.9755941936513,0.02942819717079904,0.014216338357380561,-3.125970840998567e-18,0.00014385757500152854,CIDADE DUTRA
4410120466,8447297251,0,22.009999999999998,0,5,35.36321582389536,0.0282734604766974,0.04216881914005002,7.01885137635036e-18,0.00016705076404215303,CIDADE DUTRA
4410120466,8728708648,0,11.848,0,6,34.59642686233849,0.02890010835235263,0.042901589886852345,6.635727578274587e-18,0.00019266655566646198,CIDADE DUTRA
4410120466,8728708651,0,20.063000000000002,0,5,35.35364491944489,0.02828111464048513,0.00041998157549182384,5.408653487304546e-18,0.00016550721724679844,CIDADE DUTRA
4410120467,4410120468,0,78.16900000000001,0,4,34.250598181528154,0.029191913076281804,0.014610281292180564,-3.7509012225560294e-18,0.00014434905181957765,CIDADE DUTRA
4410120468,8728708648,0,68.456,0,5,34.80890094113894,0.028723701636444457,0.014234022934183755,1.632342736304696e-18,0.00016887352780528428,CIDADE DUTRA
4410120488,4410122289,0,3.202,0,4,40.96570425905248,0.024406769101372978,0.0010070444287561635,-1.5809522496222669e-18,0.00016099379947589535,CIDADE DUTRA
4410120488,4410122299,0,19.843,0,4,40.902536289679375,0.024444461777254328,0.00023326282286422663,-3.0211786477482163e-18,0.00015900497622423147,CIDADE DUTRA
4410122289,7824935283,0,19.256,0,4,40.772052959004625,0.024522691705790297,0.0004612094232538732,1.7305627865503412e-18,0.00016118726588203113,CIDADE DUTRA
4410122299,7824867543,0,10.035,0,4,40.366565640453025,0.024769025282741507,0.013624176270314073,-4.782477103564107e-20,0.00015495766019488254,CIDADE DUTRA
4410122302,7824867543,0,20.185,0,4,40.322698995055035,0.024795971248066522,0.00023152691348477192,-2.943887400175159e-18,0.00015218044570710767,CIDADE DUTRA
4410122302,7824935283,0,3.203,0,4,40.281863136066356,0.024821108237930992,0.005044010185014307,-2.267182079633818e-18,0.00015642122814259237,CIDADE DUTRA
4434403848,4434403849,0,17.017,0,2,33.13941617482852,0.030170733233534374,0.0004657661853749418,1.4956702491142934e-13,0.0001005533068780283,CIDADE DUTRA
4434403849,4434403850,0,61.54900000000001,0,4,33.074334024565324,0.030230101811973397,0.0009634297055973639,3.4497933856796386e-13,0.0001801911042627288,CIDADE DUTRA
4434403850,5286811784,0,27.783,0,4,32.14005423512522,0.031108861161569537,0.010600547614312616,1.098385105530566e-12,0.00016866540013546317,CIDADE DUTRA
4442345867,5423666996,0,4.267,0,4,28.887541872706972,0.03461147678579317,0.1006216616970836,4.875412177638222e-12,0.0001446658417334896,CIDADE DUTRA
4442345867,7292385105,0,30.171,0,4,29.677939065241667,0.033689687236295424,0.012754485671207265,7.0923621693439546e-12,0.0001440353315572223,CIDADE DUTRA
4442345867,7292385110,0,28.631,0,5,29.472802679853245,0.03392417395069412,0.08759691663436249,1.865747722741736e-11,0.0001730422360425089,CIDADE DUTRA
4442345872,5286811780,0,43.251,0,4,30.721805710639657,0.032544977803162074,0.0012354250064906737,6.659133424614752e-11,0.00015134844014467373,CIDADE DUTRA
4442345872,7292385110,0,95.818,0,5,29.946402935077366,0.03338766552675594,0.08771756233623458,7.150039835854888e-11,0.00017484904370520908,CIDADE DUTRA
4442345878,7291484494,0,4.833,0,4,31.059180092518744,0.03219146422885317,0.001087113248883512,3.3377612221684652e-15,0.00015426440470127064,CIDADE DUTRA
4442345878,8726229020,0,10.52,0,4,31.57584941776998,0.03166472172125143,0.006966963800105262,4.972867671142525e-15,0.00015633207242334867,CIDADE DUTRA
4442345879,8726229020,0,17.561,0,4,31.3904929015792,0.031851697520669554,0.006511721565343264,2.080192549430442e-14,0.00015795801291924115,CIDADE DUTRA
4442345879,8954062382,0,156.41699999999997,0,4,31.173552400701865,0.03207335731500765,0.006660358805959074,1.0845318605687107e-13,0.00015682825884906238,CIDADE DUTRA
4442345879,8726229024,0,16.532,0,4,30.783378529271015,0.03247988143910541,0.0005247871042764019,2.197077884109774e-14,0.0001580120069258984,CIDADE DUTRA
4442345991,5420954207,0,33.488,0,5,29.479023767746053,0.0339170147832298,0.00046804456643547614,1.2332207160342695e-14,0.00016378505240956522,CIDADE DUTRA
4442345991,5300767591,0,29.274,0,5,29.493699154570105,0.03390013845621322,0.003769744206158334,1.2915105916026436e-14,0.00016376293438274175,CIDADE DUTRA
4442345996,4442345997,0,21.813,0,5,36.651619078002874,0.02727957209197063,0.004081773917115318,-2.263669798552076e-18,0.00016723582209424026,CIDADE DUTRA
4442345996,11721798813,0,78.405,0,4,36.13494975275164,0.027669624332318014,0.0071824335518300775,3.95013820826523e-19,0.00014305652559014868,CIDADE DUTRA
4442345997,13143761519,0,33.264,0,5,36.88929653852289,0.02710381001388054,0.005233549790383518,-5.391613659224024e-18,0.00017278605538827794,CIDADE DUTRA
4442346000,4442346001,0,18.82,0,4,37.90062210878928,0.026380582409858626,0.0003610691509265796,-5.987360040974963e-18,0.0001486182272497372,CIDADE DUTRA
4516899181,4516900089,0,33.91,0,4,45.04562131121391,0.02219617480727077,0.00012010323019102274,-2.941346187834611e-18,0.00016175806404000587,CIDADE DUTRA
4516899181,4516899183,0,10.73,0,4,45.71973201467539,0.02186890519403943,0.0003456629551839191,7.899074926971926e-19,0.00016333669993804772,CIDADE DUTRA
4516899181,5259035738,0,17.471,0,4,45.71973201467539,0.02186890519403943,8.679546897273549e-07,2.4761137990417257e-18,0.00016614298367922454,CIDADE DUTRA
4516899183,5259035738,0,15.125,0,4,46.535811134152176,0.021485399320611654,0.0013955626467453707,3.243627743071546e-18,0.00016621210251304786,CIDADE DUTRA
4516899183,4516899184,0,13.631999999999998,0,4,46.30674748763758,0.021591680244714896,0.002205472866597209,5.1037552120727306e-18,0.00016231833317535007,CIDADE DUTRA
4516899184,5259035734,0,8.946,0,4,45.53900143563567,0.021955696291210716,0.0005681848387627696,4.466459184578682e-18,0.00016090558247848415,CIDADE DUTRA
4516899187,5259035734,0,13.409000000000002,0,4,44.72308183123305,0.022356251939408423,0.0017937368606577948,-9.78500165869143e-19,0.00016015828591044165,CIDADE DUTRA
4516899187,4516899188,0,15.913,0,4,44.050087733290795,0.02269780916168749,0.001253760549311164,-2.9811327031703987e-18,0.0001595397943221357,CIDADE DUTRA
4516899187,4516900089,0,11.675,0,4,44.891529749561336,0.022272363862485565,0.00033503051023475895,-7.821337838432007e-19,0.0001599924007092657,CIDADE DUTRA
4516899188,5259071810,0,106.42700000000002,0,4,43.054713670441856,0.023222555666703715,0.0013000876308753616,-2.4918778845074653e-18,0.00015893427443358649,CIDADE DUTRA
4516899188,4516900089,0,17.075,0,4,44.050087733290795,0.02269780916168749,0.0002497539619690464,-2.5456885094042837e-18,0.00015979594058865737,CIDADE DUTRA
4722925304,8954062382,0,24.457,0,4,31.14531823257298,0.032102432778489114,0.006583327827245771,1.830322128737315e-13,0.0001550646213484012,CIDADE DUTRA
4724174778,7126931065,0,94.539,0,4,26.642845748923275,0.037527540952198485,0.10615541531577657,1.2442440482483991e-14,0.00014358167788655496,CIDADE DUTRA
4724174778,4724174785,0,241.875,0,4,27.19700111660552,0.03676289457940855,0.09666780260236685,5.5876956685909625e-14,0.00014911615174315165,CIDADE DUTRA
4724174784,6291403989,0,70.696,0,4,28.472164619556548,0.03511641978351971,0.016462930577403605,3.0747301544224117e-13,0.0001503177485265678,CIDADE DUTRA
4724174784,4724174785,0,79.84299999999999,0,4,27.74812569787845,0.03603272148223945,0.09505644472088802,3.069953461106211e-13,0.0001510829959437546,CIDADE DUTRA
4724174784,5423666996,0,206.64499999999998,0,4,28.272930291912587,0.035363878968421886,0.1112588803970372,1.709859994728672e-12,0.00014823530527377504,CIDADE DUTRA
5013096297,13143761507,0,10.91,0,4,31.52209283777317,0.031718721535129446,0.0019029906572272256,2.9205992413330526e-18,0.00013664525419461505,CIDADE DUTRA
5021006964,7280407597,0,158.365,0,4,29.18790875737757,0.034255297055946314,0.0012761103825716434,3.2947946340639745e-18,0.00015878500719847605,CIDADE DUTRA
5021006967,5021006971,0,48.629,0,6,30.48891370234487,0.03279357522170194,0.0013407730069563315,-5.096092829173712e-19,0.00021883085844863766,CIDADE DUTRA
5021006967,5021006968,0,41.122,0,5,30.091083107353644,0.033227135140292935,0.0006767876693149049,-2.9596913770122496e-18,0.00018398940605049617,CIDADE DUTRA
5021006967,5021006974,0,51.078,0,5,30.77364810974637,0.03249015135807588,0.0008957292397986302,-1.663245864178863e-18,0.00018423877914963417,CIDADE DUTRA
5021006968,5021006974,0,64.699,0,4,30.357792311373426,0.03293521724737669,0.0491290562913099,-3.741242413216907e-18,0.00015163220470829845,CIDADE DUTRA
5021006971,5021006972,0,48.852,0,5,30.815600574254265,0.03244591915437694,0.00042833563938044964,1.6959047192640152e-18,0.0001948812904239713,CIDADE DUTRA
5021006974,8694435599,0,2.204,0,4,31.037007497208485,0.03221446155901959,0.05026271361043004,-3.3850617154748407e-18,0.00015475221923258445,CIDADE DUTRA
5041833371,5041833376,0,152.228,0,4,29.884989631520178,0.033456276788240126,2.820852741613903e-06,1.2939806573119384e-18,0.00015815061012956254,CIDADE DUTRA
5041864106,11597619416,0,18.036,0,4,33.42909554952943,0.029909289153349526,0.00788482588449194,3.9746770307869776e-19,0.00015963948807539146,CIDADE DUTRA
5041864106,11597619419,0,18.942,0,4,33.41473919285372,0.029922139423421187,0.001610489926789107,1.8677716743260353e-18,0.00015990945810867775,CIDADE DUTRA
5041864120,7279679002,0,5.091,0,4,31.974637103206252,0.03126979930057022,0.0018710933223797452,-1.7486767193103017e-18,0.0001522991311344462,CIDADE DUTRA
5041864120,5253150926,0,131.282,0,5,32.027436592758015,0.0312182488295647,0.0007706352701416752,2.0266672035486023e-18,0.00017895827412574899,CIDADE DUTRA
5041876463,5041876474,0,58.616,0,4,32.783059499122665,0.030498693538734023,0.00039763174223134444,-3.795005906893258e-18,0.00015839645516883304,CIDADE DUTRA
5041876468,5041876476,0,36.246,0,4,32.290317434997604,0.030964095876064576,0.0008432179810701253,-7.681258019762827e-19,0.00015441023486420727,CIDADE DUTRA
5041876468,5041876469,0,62.411,0,4,31.943531663742224,0.031300248684171104,0.0005660149520384513,2.8291064375419145e-18,0.0001496377475400252,CIDADE DUTRA
5041876469,5041876470,0,20.8,0,4,31.471686074334023,0.031769523963993185,0.012051659361200538,2.4571242313321813e-18,0.00014695959967364836,CIDADE DUTRA
5041876470,5041876473,0,79.37100000000001,0,4,30.58159196044026,0.03269419349454401,0.01208431615640153,3.2647236149224325e-19,0.00015054821217390108,CIDADE DUTRA
5041876473,5041876477,0,53.965,0,4,30.51012920721008,0.03277077190120668,0.007454754335732035,-2.114510431193861e-18,0.00015452242048387603,CIDADE DUTRA
5041876474,5041876475,0,59.571,0,4,32.97830594991227,0.030318127512201257,0.00031137874493968856,-6.805918629423386e-18,0.00015845708161892706,CIDADE DUTRA
5041876475,5041876476,0,23.097,0,4,32.30275961078322,0.030952169318439946,0.0010927549543667398,-7.476135525156092e-18,0.0001572320943467709,CIDADE DUTRA
5041876476,5041876477,0,64.883,0,4,31.39974477588132,0.03184231247936194,0.0013026914949445438,-1.5274222704475188e-18,0.00015570629530780534,CIDADE DUTRA
5042144508,7986873437,0,4.519,0,5,36.41298452703781,0.027458350308621694,0.00030237371503376726,7.557770200784575e-20,0.0001750087926891175,CIDADE DUTRA
5043425493,8921393353,0,3.091,0,5,38.6739511883873,0.02585307304276811,0.0007111803738953514,8.397827359320861e-18,0.00016929019642417987,CIDADE DUTRA
5043425493,8706648344,0,54.94,0,6,37.81671717977349,0.026439113690719735,0.0017276638099023,1.088648245119612e-17,0.0001942200391631944,CIDADE DUTRA
5043475842,12854807395,0,105.202,0,4,43.80491306428458,0.022824848058904713,0.024419254229461833,-7.298176601989373e-19,0.00017425636658308742,CIDADE DUTRA
5043662977,5850130435,0,26.705,0,4,39.37773169564524,0.025391012683353656,0.0007164965963699315,-3.1202204815268965e-18,0.00015530262449769885,CIDADE DUTRA
5043688729,5043688732,0,47.393,0,5,56.98181528154411,0.017546659052290053,6.509660172955161e-07,-6.407617847153923e-19,0.00020091930533814705,CIDADE DUTRA
5043703280,5043703281,0,49.807,0,3,43.21247407880045,0.023137774594959745,3.2548300864775805e-07,-4.772605843654459e-19,0.00014031903860632858,CIDADE DUTRA
5043703280,5043703281,1,98.63099999999999,0,3,43.21247407880045,0.023137774594959745,0.0,-4.834855308940777e-19,0.00014031903860632858,CIDADE DUTRA
5043703280,5043703288,0,34.428000000000004,0,4,42.21375019939384,0.0236851850452316,0.00046544070236629405,2.1882986061651557e-18,0.00017558926472947714,CIDADE DUTRA
5043703281,5043703283,0,18.61,0,4,44.18328282022651,0.022629384262685705,0.0004658746797111577,-1.5825191018655386e-18,0.00018642743319191154,CIDADE DUTRA
5043703283,5043703284,0,18.963,0,4,43.184558940819905,0.023152731194870053,0.0013963221070988823,2.114044420533329e-18,0.00017886907209269391,CIDADE DUTRA
5043703283,7888972139,0,53.18,0,2,44.18376136544904,0.022629139168483834,0.0004657661853749418,-1.2923288747238136e-18,0.00010102487497024768,CIDADE DUTRA
5043703284,5043703288,0,42.085,0,4,42.20082947838571,0.023692436790559313,0.0005317307417942208,1.3403852030561437e-18,0.00016908377781872487,CIDADE DUTRA
5043703305,5043703308,0,25.492,0,2,44.12745254426543,0.022658015074014496,0.0004657661853749418,-4.1990152133741384e-18,9.818430337009866e-05,CIDADE DUTRA
5043703308,5043703312,0,112.50600000000001,0,4,43.131280906045625,0.02318133067051296,0.0008896535569705387,-3.739834279415491e-18,0.00017613760744615017,CIDADE DUTRA
5043732347,8728795754,0,22.53,0,2,40.51539320465784,0.024678039773062824,0.0004657661853749418,-4.25912395370911e-18,9.046980102089475e-05,CIDADE DUTRA
5043742517,5049919239,0,22.189999999999998,0,5,36.27133514117084,0.027565582602194515,0.005132541563366497,5.9849300670746946e-18,0.00018120653261040028,CIDADE DUTRA
5043742517,11746715429,0,16.041,0,5,36.53453501355878,0.027366996310607548,0.011321275489794969,2.4913731905844e-18,0.00018100198394750794,CIDADE DUTRA
5049903092,5049903093,0,56.805,0,2,33.852608071462754,0.029535109460847603,0.0004657661853749418,-1.5098195811253479e-18,9.692125689482966e-05,CIDADE DUTRA
5049903116,5249730951,0,376.72900000000004,0,2,34.86201946083905,0.028679935941432165,0.0004657661853749418,-9.173801143760014e-19,9.855013413065428e-05,CIDADE DUTRA
5049904934,7279626977,0,51.543,0,4,33.076248205455414,0.030228352342600854,0.00047607314731545414,4.582915820580225e-19,0.00017097420340545817,CIDADE DUTRA
5049908616,5049908618,0,48.723,0,6,31.485244855638857,0.0317558427609547,0.032468666021993324,-5.690225835178966e-18,0.00019179508430185947,CIDADE DUTRA
5049908616,5049908620,0,122.304,0,5,31.54649864412187,0.03169418248931813,0.0,4.0915863122106026e-19,0.00016354387417444693,CIDADE DUTRA
5049908618,5049908620,0,57.413999999999994,0,5,31.679374700909236,0.031561244322702145,0.00012053720753588641,-2.7614782462701205e-18,0.00016128857945869277,CIDADE DUTRA
5049908931,5259112245,0,7.531,0,4,29.831871111820067,0.033515848911323094,0.0036490985042862316,-7.075417384241757e-18,0.00014673747410414933,CIDADE DUTRA
5049915263,11751358422,0,13.376,0,5,28.623863455096508,0.03493031213254348,0.002551135821781128,3.3346065560738986e-18,0.00015433596033840357,CIDADE DUTRA
5049915263,11751358412,0,18.915000000000003,0,5,29.089328441537724,0.03437138423237425,0.0015125195411861319,7.268808227303201e-19,0.00015270208189987214,CIDADE DUTRA
5049915516,5049916422,0,26.5,0,2,35.030945924389854,0.02854163536102801,0.0004657661853749418,1.383998666965346e-19,9.016265941651568e-05,CIDADE DUTRA
5049919239,11746715429,0,20.258,0,4,35.9980858191099,0.02777482363784608,0.004424290536548975,2.118616101030844e-18,0.00015151004206375929,CIDADE DUTRA
5169445198,5169445205,0,10.973,0,5,39.76790556707609,0.025141894466617194,0.00558420348503337,1.3198514676702855e-18,0.0001782786600701195,CIDADE DUTRA
5230325379,5230325388,0,103.435,0,4,45.02121550486521,0.02220820725770449,0.0009297964613704289,-3.551477013798433e-18,0.0001829235599478059,CIDADE DUTRA
5230325379,5230325405,0,98.756,0,2,46.01962035412347,0.021726395768413537,0.0004657661853749418,3.0056548640883854e-18,0.00010115855862774966,CIDADE DUTRA
5230325379,5230325391,0,81.307,0,4,46.017865688307545,0.021727224198054673,1.518920707022871e-06,1.5264865765837075e-18,0.0001814351579158944,CIDADE DUTRA
5230325388,5230326622,0,16.577,0,4,44.02424629127452,0.022711132368073973,0.002324708142098504,1.7891287021809073e-18,0.00018186321520824187,CIDADE DUTRA
5230325392,5230325394,0,33.749,0,2,44.02631998723879,0.022710062644700563,0.0004657661853749418,2.92003027105527e-19,9.813921801313419e-05,CIDADE DUTRA
5230325394,5230325412,0,94.07199999999999,0,4,43.02823416812889,0.023236846788065722,0.0009289285066807015,1.573298355941239e-18,0.00017520251067505653,CIDADE DUTRA
5230325409,5230325412,0,36.735,0,4,43.02759610783219,0.023237191369466895,1.193437698375113e-06,-4.4695823969017545e-19,0.0001688762203320742,CIDADE DUTRA
5230326622,8005470022,0,19.539,0,2,44.02552241186792,0.02271047406484152,0.0004657661853749418,4.065647984485665e-18,0.0001000982138881856,CIDADE DUTRA
5230377862,5230378544,0,70.571,0,4,39.45589408199075,0.025340712919801577,0.0011540542543287341,5.251941219237435e-20,0.00015952889794127416,CIDADE DUTRA
5230377862,5230378541,0,65.206,0,4,39.276758653692774,0.0254562881255432,0.0009154752089899276,2.2532559164807966e-18,0.00015958419300833278,CIDADE DUTRA
5230377876,5230377898,0,18.978,0,2,38.4142606476312,0.02602784664000764,0.0004657661853749418,1.430435238405101e-18,9.772080060210712e-05,CIDADE DUTRA
5230377889,5230377900,0,118.905,0,4,36.20242462912745,0.02761805307706882,0.0007511062896228098,-6.31665769709959e-18,0.00016069632732171283,CIDADE DUTRA
5230377897,5230377898,0,52.831,0,4,38.14755144361142,0.026209820737872522,0.004196994902176624,1.1730688247673052e-18,0.0001744019227154918,CIDADE DUTRA
5230378540,5230378544,0,66.49,0,4,38.708087414260646,0.025830273509134142,0.0014861554174856633,-2.3385416149679424e-19,0.0001596715266877754,CIDADE DUTRA
5238656957,5238656959,0,40.851,0,4,28.644600414739195,0.03490502469747679,0.0003593332415471249,1.884602131190316e-18,0.00015269077895249832,CIDADE DUTRA
5238656957,7280296353,0,98.519,0,4,29.329558143244537,0.03408985843027841,0.00010643294382781689,3.0953663437108366e-19,0.0001574417623188528,CIDADE DUTRA
5238702381,5256903593,0,168.23,0,4,28.480937948636146,0.03510560244641467,0.0003923155197567644,6.3534346688436695e-18,0.00015794714949007277,CIDADE DUTRA
5238702381,5238702385,0,22.391,0,4,29.40819907481257,0.033998698199175524,1.0849433621591936e-07,4.019615115364744e-18,0.00015885196705660624,CIDADE DUTRA
5238702385,5256903593,0,171.777,1,4,28.480937948636146,0.03510560244641467,0.0001361603919509788,6.695132972586235e-18,0.00015794714949007274,CIDADE DUTRA
5238737931,5262947843,0,78.036,0,4,32.916095070984206,0.030375428275123455,0.000827377807982601,4.597359880138577e-13,0.00015555391992059763,CIDADE DUTRA
5238767693,5238767697,0,14.779,0,4,31.768862657521137,0.031472341194723814,0.0017661792992589513,8.181585967769657e-18,0.0001595150741745095,CIDADE DUTRA
5238767693,5238767710,0,15.318,0,4,31.8128888179933,0.031428786321357836,0.0006880710802813606,7.045407106761351e-18,0.0001595150741745095,CIDADE DUTRA
5238767697,5238767703,0,5.516,0,4,30.88642526718775,0.03237151843492901,0.0018132658411766603,3.437095091585696e-18,0.0001597224306759794,CIDADE DUTRA
5238767697,5238767710,0,7.686999999999999,0,4,31.826607114372308,0.031415239498599146,0.0002320693851658515,6.235203786045036e-18,0.0001595150741745095,CIDADE DUTRA
5238767700,5238767705,0,2.008,0,4,30.884830116446004,0.03237319037068026,0.003663528251002949,-3.1419842871954264e-18,0.0001597224306759794,CIDADE DUTRA
5238767700,5238767703,0,9.528,0,4,30.910671558462276,0.03234612625723118,0.00023196089082963558,-9.300306317005592e-19,0.0001599297871774493,CIDADE DUTRA
5238767705,7279679012,0,14.121,0,4,29.98963152017866,0.033339538842052076,0.0033867591993161387,-4.900950415707354e-18,0.00015948742664098015,CIDADE DUTRA
5238767705,5238767708,0,8.044,0,4,30.936513000478545,0.0323191073573922,0.0004617518949349528,-9.42921751713234e-19,0.0001595150741745095,CIDADE DUTRA
5238767708,5238767710,0,4.02,0,4,30.97001116605519,0.03228414996574831,0.0011990794038583407,1.7885899406262628e-18,0.0001595150741745095,CIDADE DUTRA
5238767708,7279679012,0,13.65,0,4,30.024246291274526,0.033301101890321004,0.0010162664473345167,-4.593401154318154e-18,0.00015948742664098015,CIDADE DUTRA
5238772433,5260471425,0,63.645,0,4,34.131280906045625,0.029293963144193785,0.006678911337451996,-3.114261939082724e-18,0.0001614251425860321,CIDADE DUTRA
5238785153,11749096516,0,35.355000000000004,0,4,32.76487478066677,0.030515620511871785,0.000655197296407937,-4.812175836903931e-19,0.00014730838010834104,CIDADE DUTRA
5238785432,5242041439,0,117.62100000000001,0,2,31.722922316158876,0.031517918650783676,0.0004657661853749418,-3.982833757436188e-18,8.340119251446282e-05,CIDADE DUTRA
5239590769,7867245351,0,41.879,0,2,40.326208326686874,0.024793813413500523,0.0004657661853749418,2.0083829498005136e-09,0.00010354868118353616,CIDADE DUTRA
5239590778,7867293334,0,303.90000000000003,0,2,42.32333705535173,0.02362385753321398,0.0004657661853749418,6.317505916907885e-11,0.00012246202559808457,CIDADE DUTRA
5239590784,5239590785,0,49.324,0,3,39.32892008294784,0.0254225257855309,0.0004657661853749418,1.1318067518512157e-08,0.00013696197327454194,CIDADE DUTRA
5239590785,7867245351,0,54.106,0,5,39.32764396235444,0.025423350706767527,0.00418408407616693,1.1835843704954326e-08,0.00022424013809776663,CIDADE DUTRA
5239590785,7867293343,0,55.516,0,3,39.32892008294784,0.0254225257855309,0.0004657661853749418,1.131806751594038e-08,0.00013696197327454194,CIDADE DUTRA
5239590803,5239590804,0,67.022,0,2,36.360982612856915,0.02749762006080361,0.0004657661853749418,2.0211268757766124e-12,0.000122801038144821,CIDADE DUTRA
5245075766,5245075778,0,343.846,0,4,37.41298452703781,0.026724424623308405,0.0,4.85109789502677e-19,0.00015758792518509357,CIDADE DUTRA
5245075766,5245075779,0,68.807,0,4,37.6182804275004,0.02657858024246382,0.0008600346031835928,2.4182440788016882e-18,0.00015746058389830853,CIDADE DUTRA
5245075778,5245075779,0,57.61000000000001,0,4,37.67092040197799,0.026541440300814283,0.0008633979276062863,-1.8739428020865393e-18,0.00015831795127928285,CIDADE DUTRA
5245116746,5245116752,0,20.191000000000003,0,4,35.83569947360026,0.02790068282781522,0.004254388406034846,-1.0827749355315062e-18,0.0001559411384535053,CIDADE DUTRA
5245116752,5245116754,0,43.252,0,4,35.349338012442175,0.028284560366417726,0.00465017574455052,-2.070699416359179e-18,0.00015321620667084005,CIDADE DUTRA
5248586054,13145002759,0,138.779,0,2,28.61413303557186,0.03494219040929413,0.0004657661853749418,1.358234689883415e-19,9.277523910450253e-05,CIDADE DUTRA
5248586056,5248586057,0,21.097,0,4,27.224756739511882,0.036725414830786535,0.0006167903013875015,3.7672694657541786e-18,0.0001550733675085306,CIDADE DUTRA
5249311859,5249311907,0,198.421,0,3,35.02823416812889,0.028543844948814165,0.010158975665913825,-1.9119999239373866e-18,0.00013225227518699146,CIDADE DUTRA
5249311859,5249311907,1,447.2839999999999,0,3,35.02823416812889,0.028543844948814165,0.0,-5.155192350650042e-18,0.00013225227518699146,CIDADE DUTRA
5249311907,7285232020,0,223.761,0,4,34.55910033498166,0.028931322726412526,0.010407319201512064,-2.0365522376230326e-18,0.00016375205110443115,CIDADE DUTRA
5249330129,12561371410,0,5.7940000000000005,0,4,32.545701068750994,0.030721122977615926,0.051661965064606755,1.790002818877108e-18,0.00015172472879934325,CIDADE DUTRA
5249330129,12561313000,0,5.819,0,4,32.71670122826607,0.030560553093354006,0.04897987657901301,-4.0344698330507433e-19,0.00014201146932698886,CIDADE DUTRA
5249359762,5249359764,0,278.64500000000004,0,3,30.11006540118041,0.033206187751642295,0.0004750966982895109,5.868438139168682e-18,0.00012835270089861625,CIDADE DUTRA
5249359762,5249359764,1,282.721,0,3,30.11006540118041,0.033206187751642295,0.0,3.8171126032559225e-18,0.00012835270089861625,CIDADE DUTRA
5249715788,5249716018,0,48.133,0,5,30.195565480937947,0.03311216296171076,0.02063594823127651,-6.498483109399432e-18,0.00015949146562924102,CIDADE DUTRA
5249730930,8446666463,0,5.463,0,6,36.9036528951986,0.027093266018007427,1.518920707022871e-06,1.5449895723871087e-17,0.00019693452997605337,CIDADE DUTRA
5249730930,8943361555,0,13.198,0,5,35.907481256978784,0.027844907242874403,0.0018595929227408579,8.162891234718869e-18,0.00016711999832447324,CIDADE DUTRA
5249730933,8446666463,0,82.70700000000001,0,5,36.903971925346944,0.027093031800165118,0.000930989899068804,1.671316785151895e-17,0.00017267710063363628,CIDADE DUTRA
5249730933,8446666464,0,88.414,0,4,37.901898229382674,0.026379694200928425,0.0004657661853749418,7.607758560919381e-18,0.00014949166550209933,CIDADE DUTRA
5249730941,8446666464,0,11.787,0,4,37.9023767746052,0.02637936113799924,6.509660172955161e-07,9.206630429353973e-18,0.00015093990740170718,CIDADE DUTRA
5249730957,7975817997,0,99.536,0,4,32.599776678896156,0.030670163626399436,0.0023268780288228223,1.5198419328294864e-18,0.0001511657341390089,CIDADE DUTRA
5253150926,5260483251,0,119.86899999999997,0,3,32.05248045940341,0.031193856780981105,0.0004657661853749418,-1.3698298681885894e-18,0.00011469697220687433,CIDADE DUTRA
5254757500,5262001700,0,123.868,0,4,35.567554633912906,0.028111026895633103,0.0007016328723083505,-2.599437304778398e-18,0.00016540285780723303,CIDADE DUTRA
5254766189,5260124951,0,66.252,0,4,35.57329717658319,0.028106488975781246,0.01669673587194891,-6.721509882696362e-19,0.00014945080079291362,CIDADE DUTRA
5254766189,5362607392,0,70.589,0,4,36.41920561493061,0.02745365990399103,0.0005075365048180708,-2.5784359080363595e-19,0.00014621115080577958,CIDADE DUTRA
5254768676,5254775925,0,396.26099999999985,0,3,36.43515712234806,0.027441640544279635,0.0004657661853749418,-2.2238924239345594e-18,0.00011177964502173501,CIDADE DUTRA
5254775925,5362607392,0,30.234,0,5,36.42590524804594,0.027448610490729306,2.180736157939979e-05,-2.099403277630437e-18,0.00017385106041261703,CIDADE DUTRA
5254775925,5420340302,0,13.789,0,6,35.451587174988035,0.028202982280895943,0.0009383675139314865,-2.537174068428917e-18,0.0002008690863681261,CIDADE DUTRA
5254780370,5262001700,0,127.76700000000001,0,2,36.04562131121391,0.027738195335664025,0.0004657661853749418,-7.994694399911616e-19,9.108998523202313e-05,CIDADE DUTRA
5254817215,5254826421,0,51.438,0,4,44.66884670601372,0.022383396005413725,0.0023950124719664197,6.910699553837487e-19,0.00016533912925020437,CIDADE DUTRA
5254826421,5254826424,0,48.010000000000005,0,4,44.146913383314725,0.022648026969507545,0.003170855470246459,2.811666922751246e-18,0.00016373758917422284,CIDADE DUTRA
5254826424,8710537188,0,9.089,0,4,43.673791673313126,0.022893374873534923,1.1283410966455613e-05,5.685700007497547e-19,0.00016385582303819825,CIDADE DUTRA
5255033407,5255033751,0,206.33299999999997,0,4,36.07656723560376,0.027714401938416372,0.0016490054161457583,3.024663729148296e-18,0.00015508755156005432,CIDADE DUTRA
5255033407,7988374832,0,102.64600000000002,0,4,37.021853565161905,0.027006764617174373,0.008317826780329673,6.260047350762919e-19,0.00015173229313912096,CIDADE DUTRA
5256903582,5256903583,0,53.829,0,4,29.56851172435795,0.03381436625037089,0.00033025675944125854,7.835544717036227e-18,0.00015600310603292614,CIDADE DUTRA
5256903588,5256903589,0,16.664,0,5,26.909714468017228,0.03715537324315192,0.002848410303012747,3.342390451757164e-16,0.00017340191672266344,CIDADE DUTRA
5256903588,7285214487,0,19.205,0,4,27.203541234646675,0.03675405625692657,0.0010074784061010272,7.60725136687987e-17,0.00014929072554451694,CIDADE DUTRA
5256903589,8719239924,0,20.598000000000003,0,6,26.461477109586856,0.03778475709368426,0.003459341910244589,1.1456269905669401e-15,0.00019583497963841827,CIDADE DUTRA
5256903589,7285214485,0,76.883,0,5,26.275163502951028,0.038052683661265546,0.008006339541053769,3.343749461050979e-16,0.0001703251455497744,CIDADE DUTRA
5256903593,7285214487,0,45.3,0,4,27.531823257297816,0.03631581081942328,0.0008961632171434939,2.3916071994742177e-17,0.0001539705845609411,CIDADE DUTRA
5256917022,7279903807,0,136.193,0,2,32.77460520019142,0.03050656076003582,0.0004657661853749418,-1.7479049413558334e-18,9.736056950347508e-05,CIDADE DUTRA
5256917040,5256917044,0,65.86,0,4,33.38810017546658,0.02994601309063112,0.006968808203820932,1.8239526089770247e-18,0.00015073104001133296,CIDADE DUTRA
5259033119,5259035722,0,49.602000000000004,0,2,43.249641091083106,0.02311789091660151,0.0004657661853749418,3.0749747494417228e-18,9.65430786033635e-05,CIDADE DUTRA
5259035723,5259035729,0,136.517,0,2,45.7978944010209,0.021831581953766367,0.0004657661853749418,2.7766645211881815e-18,0.0001020918964745611,CIDADE DUTRA
5259071791,5259071810,0,109.751,0,4,42.19173711915776,0.023697542533081286,0.0031031550044477254,-1.8178064319184573e-18,0.00015661649417637568,CIDADE DUTRA
5259071810,5259073957,0,85.79100000000001,0,4,42.897910352528314,0.02330744030908016,0.0018528662738954709,-1.8087776119266303e-18,0.00015974304691594325,CIDADE DUTRA
5259094844,5259094866,0,201.81399999999994,0,4,39.06954857234009,0.02559129863183724,0.00011945226417372721,7.359380743362846e-18,0.0001545976557106241,CIDADE DUTRA
5259094866,5259101917,0,66.53399999999999,0,4,38.89312490030308,0.0257073836954159,0.0012213207427826042,1.486984044237574e-18,0.0001561510232806591,CIDADE DUTRA
5259101917,5259102344,0,57.527,0,4,38.22603286010528,0.026156009664537076,0.00031788840511264374,-1.501899756712651e-18,0.00015308486313155405,CIDADE DUTRA
5259112245,5259112251,0,21.271,0,5,30.496889456053598,0.03278499882312943,0.0016688598796732715,-8.755730916974888e-18,0.0001734455490414966,CIDADE DUTRA
5259112251,5259112253,0,55.537,0,5,31.055032700590207,0.03219576339093094,0.0017275553155660839,-4.332093518796123e-18,0.00017613549677615584,CIDADE DUTRA
5260124951,5420340289,0,56.923,0,5,34.60775243260488,0.02889065063883921,0.025548680269469555,-3.0730841280737542e-18,0.00017474937757580594,CIDADE DUTRA
5260369028,8430291123,0,12.445,0,4,33.30818312330515,0.030017863214708177,0.0001759778133422212,-2.74327859862275e-18,0.00015127849550388868,CIDADE DUTRA
5260369037,5260369038,0,8.06,0,4,33.3410432285851,0.02998827835322824,0.006609257973601375,-5.581163844746346e-18,0.0001513745570051367,CIDADE DUTRA
5260369037,10867282327,0,151.59,0,4,34.2040197798692,0.029231666083712252,0.006146204146631831,-5.292413097249701e-18,0.0001550944155465562,CIDADE DUTRA
5260369087,5420340302,0,42.292,0,5,35.37294624342,0.02826568298963261,0.0020644302295165133,9.14146709997135e-19,0.00017219232058361583,CIDADE DUTRA
5260369087,5260376489,0,149.97400000000002,0,4,34.66613494975275,0.02884199482795115,0.0016619162421554526,-3.317964196893722e-18,0.0001546820731944149,CIDADE DUTRA
5260369087,7279477431,0,393.2219999999999,0,5,35.030945924389854,0.02854163536102801,0.001110005553825071,5.3590724018637464e-18,0.00017956752739378253,CIDADE DUTRA
5260369105,5260369119,0,32.059,0,4,35.78593077045781,0.02793948525019836,0.002296716603354797,-5.5077596685101285e-18,0.00018652450346268523,CIDADE DUTRA
5260369105,5260369113,0,58.235,0,2,35.922156643802836,0.027833531679070676,0.0004657661853749418,-6.012439609358055e-18,0.00010082494235116392,CIDADE DUTRA
5260369119,5260376489,0,82.78399999999999,0,4,34.7978944010209,0.028732786915305206,0.0017486032167919722,-2.0161513257003e-18,0.00017434730113102004,CIDADE DUTRA
5260369119,5260376502,0,58.44,0,2,35.79358749401818,0.027933508623378938,0.0004657661853749418,-7.363258592712627e-19,0.00010051164020358146,CIDADE DUTRA
5260471425,5260488629,0,151.36499999999998,0,4,34.4217578561174,0.029046758422540432,0.00031919033714723473,3.389235129255408e-18,0.00017318201999588786,CIDADE DUTRA
5260471446,5260488629,0,476.12699999999984,0,2,34.60408358589887,0.028893713727279852,0.0004657661853749418,6.674646530812138e-19,9.738371753644962e-05,CIDADE DUTRA
5261332761,5261332762,0,22.819,0,2,27.949593236560855,0.03577298876814903,0.0004657661853749418,-6.024859457456326e-18,9.548693835812048e-05,CIDADE DUTRA
5261371925,5261371942,0,261.91,0,4,31.725793587494017,0.031515066192700454,0.04347639288012428,2.449874956797765e-18,0.00016727194057603948,CIDADE DUTRA
5261371925,7279903807,0,56.323,0,4,32.10129207210081,0.03114642496881879,0.04385178328343137,1.7272395666591734e-18,0.00017361205468578646,CIDADE DUTRA
5261371942,5261371957,0,82.702,0,4,31.13622587334503,0.032111807288171194,0.0023689738312745994,-4.762422308445549e-19,0.00016759720567638444,CIDADE DUTRA
5261380537,7279842908,0,32.337999999999994,0,4,28.130802360823097,0.035542551261114136,0.001048055287845781,1.7887127928505102e-18,0.0001595464696998988,CIDADE DUTRA
5261380538,7279842908,0,10.318,0,4,28.137023448715905,0.035534692813125386,0.0022975845580445243,2.7959757493357416e-18,0.00016401579563265695,CIDADE DUTRA
5262001700,7279477431,0,358.21900000000005,0,5,35.0732174190461,0.028507235962414838,0.0006578011604771191,5.54744534614948e-18,0.00019009610023586977,CIDADE DUTRA
5262083622,5423667002,0,32.743,0,5,32.91434040516829,0.030377047591354074,0.010296654978571827,3.381191608883092e-15,0.00019839869918374185,CIDADE DUTRA
5262803993,5406379563,0,43.233,0,4,40.30770457808263,0.024805195319147252,0.015897349602710015,-3.373776927841236e-19,0.00015413074772991668,CIDADE DUTRA
5262830610,5460647317,0,24.992,0,5,39.24676981974797,0.02547573951991156,0.0003198413031645303,4.9431944481391775e-18,0.00017532820388116213,CIDADE DUTRA
5262830610,5460648943,0,40.809999999999995,0,4,38.917690221725955,0.025691156880827952,0.007964786210283072,8.527071679277257e-18,0.00014854572480528042,CIDADE DUTRA
5262939364,5262939375,0,127.31100000000002,0,5,29.468655287924708,0.03392894840829495,0.011672146173117253,2.836725170908663e-12,0.00017839872142748022,CIDADE DUTRA
5262939375,5262947847,0,9.569,0,4,30.3979901100654,0.032891664261538056,0.005731321804942156,5.271805357819922e-13,0.00015372351709983423,CIDADE DUTRA
5262947119,5262947847,0,100.507,0,4,31.38379326846387,0.03185849703931485,0.0030958858839212587,1.2932655234834642e-13,0.00015775477521184558,CIDADE DUTRA
5264878510,5264878511,0,9.999,0,2,39.68878609028553,0.02519201475830858,0.0004657661853749418,-3.4676320742281162e-18,9.484579264374554e-05,CIDADE DUTRA
5265257550,5265257551,0,50.435,0,4,34.5626096666135,0.02892838517027964,4.2746768469072224e-05,7.086496240657487e-19,0.00015159265733325899,CIDADE DUTRA
5265257550,8697626963,0,180.77800000000002,0,4,34.12107194129845,0.029302727846473902,0.013285131469639326,8.410588147686559e-19,0.00014910312426503637,CIDADE DUTRA
5267161879,5267161887,0,85.002,0,4,33.10400382836178,0.03020300777240771,0.0005724161178751906,2.3839651126404367e-18,0.00015478382466178685,CIDADE DUTRA
5267161879,5267161886,0,132.333,0,4,33.17115967458925,0.030141861024284684,0.0006985950308943048,-1.76914276950758e-19,0.00015495509628137003,CIDADE DUTRA
5267161886,5267161887,0,48.586,0,4,33.50725793587494,0.029839519749401352,0.00037701781835031975,2.404884213138797e-18,0.0001541405853623157,CIDADE DUTRA
5267193807,5275432170,0,126.50399999999998,0,3,37.26208326686872,0.02683265124402815,0.0004657661853749418,-1.13566342880504e-18,0.00011907842851996599,CIDADE DUTRA
5275432129,5275432135,0,60.343999999999994,0,4,35.57616844791833,0.028104220565223045,0.0007354831052077173,1.6613075234008303e-18,0.0001601882122129975,CIDADE DUTRA
5275432129,5275432193,0,115.14499999999998,0,4,35.573137661509016,0.02810661500932702,0.0003743054599449218,7.629539659640253e-19,0.0001600259667920719,CIDADE DUTRA
5275432133,5275432198,0,103.85000000000001,0,4,34.88068272451747,0.028664590450319435,0.0025137052757866355,-7.030928313109499e-18,0.00016021325762572406,CIDADE DUTRA
5275432133,5275432159,0,17.278,0,4,35.11947679055671,0.028469686233898367,0.0018260681728501386,-4.08914255904193e-18,0.00016029766391926356,CIDADE DUTRA
5275432135,5275432193,0,113.75200000000001,0,4,36.538841920561495,0.027363770507548176,9.146072543002002e-05,-3.029280950297355e-18,0.00015950429386864452,CIDADE DUTRA
5275432147,5275432156,0,70.764,0,4,36.15425107672675,0.027654852614813083,0.0005987802415756589,-4.2944315470789485e-18,0.00015859440493023606,CIDADE DUTRA
5275432147,5275432182,0,61.881,0,4,37.01068750996969,0.027014912507542455,0.0002927177191105504,-6.510349806797615e-18,0.00015886150497734284,CIDADE DUTRA
5275432156,5275432194,0,64.041,0,4,35.968575530387625,0.02779761139223104,0.0033926178934717984,-3.9026343266301696e-18,0.00015784485425629006,CIDADE DUTRA
5275432156,5275432199,0,28.095,0,4,35.6670920401978,0.02803257646569498,0.003588992642022612,-4.534630593330106e-18,0.0001589416828245779,CIDADE DUTRA
5275432159,5275432169,0,101.01500000000001,0,4,35.97447758813208,0.02779305085046381,0.000449383540606338,-4.5994064150842106e-18,0.00015956093655365814,CIDADE DUTRA
5275432159,5275432197,0,47.87299999999999,0,4,36.075291115010366,0.027715382302481474,0.0010903680789699896,-2.912440370821627e-18,0.00015961807478961871,CIDADE DUTRA
5275432162,5275432199,0,47.655,0,4,35.84128250119636,0.02789633671430288,0.001221863214463684,-5.179848189818684e-18,0.000159040834469333,CIDADE DUTRA
5275432162,5275432198,0,21.661,0,4,35.47104801403733,0.028187508994099872,0.00014722681424500256,-4.094054968477059e-18,0.0001591983711996001,CIDADE DUTRA
5275432169,5275432200,0,43.935,0,4,36.85882915935556,0.027126213928367407,3.949193838259465e-05,-5.51027806742429e-18,0.0001593619285230971,CIDADE DUTRA
5275432193,5275432202,0,176.53800000000004,0,4,36.49992024246291,0.02739294985534355,0.0,-7.551647228263067e-19,0.00015870904344810006,CIDADE DUTRA
5275432196,5275432201,0,18.536,0,4,37.86552879247089,0.026405031616107574,0.0008857477608667656,-3.942646191022168e-18,0.0001591466106799652,CIDADE DUTRA
5275432196,5275432200,0,19.467,0,4,37.84989631520179,0.02641593722211218,0.00040197151567998124,-3.605911591837386e-18,0.0001591466106799652,CIDADE DUTRA
5275432197,5275432201,0,65.621,0,4,37.068750996969214,0.026972597080694025,0.0006599710472014375,-2.0779422103384843e-18,0.00015941906675905767,CIDADE DUTRA
5275432198,5275432199,0,47.945,0,4,35.3172754825331,0.028310238297411066,0.0023657190011881217,-3.492136901624273e-18,0.00015942161466901038,CIDADE DUTRA
5275432200,5275432201,0,16.051,0,4,37.8529271016111,0.026413822166034554,8.614450295543997e-05,-1.5320275901182404e-18,0.00015934994792523438,CIDADE DUTRA
5283814824,12067404509,0,41.522,0,4,40.96618280427501,0.02440648399443962,0.019369927821972947,9.90609105149799e-07,0.00015241662362773073,CIDADE DUTRA
5283814824,5303215873,0,32.814,0,4,41.90333386505025,0.023860642882158573,2.061392388102468e-05,1.2900315877838355e-06,0.00014954164395831869,CIDADE DUTRA
5286811780,5286811794,0,51.068,0,4,31.71733928856277,0.03152346657546923,0.0008683886670722185,1.225071773408796e-11,0.00016452800343214443,CIDADE DUTRA
5286811784,5286811794,0,8.115,0,4,32.03589089168926,0.03121001030707105,0.0014868063835029588,2.81407982235316e-12,0.00016849540684600066,CIDADE DUTRA
5300700578,5300700586,0,109.584,0,2,39.186632636784175,0.025514835484671965,0.0004657661853749418,3.4388812688923363e-07,0.00010211866267681087,CIDADE DUTRA
5300744886,7988374832,0,3.647,0,4,37.99298133673632,0.02631645240114536,0.0004545912687447021,8.216512088669302e-19,0.00014764458860913346,CIDADE DUTRA
5300767591,5420954207,0,25.053,0,6,30.368639336417292,0.03292345349588457,0.008754299494926317,6.633957584938328e-15,0.0001896987866059135,CIDADE DUTRA
5300767591,5420954736,0,18.629,0,6,30.323496570425906,0.032972466832896716,0.022867893715910404,5.08800390100301e-15,0.0001890169016885784,CIDADE DUTRA
5303215873,12067404509,0,32.084,0,4,40.9668208645717,0.024406103862223104,0.0006550888020717211,7.473737618651886e-07,0.0001504522065969078,CIDADE DUTRA
5303215883,6283318009,0,13.918,0,4,42.04578082628809,0.023779805375874954,0.007137408402300471,0.00046591291737060956,0.00015836518567488166,CIDADE DUTRA
5303215883,6283318023,0,7.392,0,4,42.844951347902374,0.02333624974403842,0.0004915878373943306,0.0004916800165900559,0.00015412006895187966,CIDADE DUTRA
5303215934,5303215946,0,10.778,0,4,42.73552400701866,0.023396003866984684,0.0009248057219044966,4.791584296157757e-06,0.00014610287700136726,CIDADE DUTRA
5303215946,5303215948,0,212.29,0,4,42.74174509491147,0.023392598563900458,0.0004328924015015182,2.362057658052326e-05,0.0001470738644514345,CIDADE DUTRA
5362607392,5420340302,0,21.902,0,5,35.4624342000319,0.028194355731083063,0.0009297964613704289,2.8928439713036537e-18,0.00016966543796828146,CIDADE DUTRA
5420340289,5420340302,0,161.231,0,6,34.55303876216303,0.02893639809245059,0.0008701245764516733,1.7777501984401238e-19,0.00019832147122155516,CIDADE DUTRA
5420954199,5420954736,0,22.531,0,5,31.220768862657522,0.03202485144822019,0.020072971120652105,1.7969023884808985e-15,0.00016535647842507605,CIDADE DUTRA
5420954199,5420954213,0,14.433,0,4,32.07943850693891,0.031167642934571818,0.026533266370629024,3.832662439810534e-16,0.00014679535966861533,CIDADE DUTRA
5420954204,5420954208,0,15.927,0,4,31.279470409953742,0.03196475105945709,0.0002694999311603437,6.656040226831608e-16,0.00014957589479134282,CIDADE DUTRA
5420954204,5420954207,0,28.964,0,5,30.340086138140055,0.03295443791337631,0.00946146557838168,3.575105489901388e-15,0.0001685331308005583,CIDADE DUTRA
5420954207,5420954736,0,28.043,0,6,30.324613175945128,0.03297125272875516,0.00022317284959614612,4.500652307406751e-15,0.00018903901971540184,CIDADE DUTRA
5420954208,5420954209,0,18.279,0,4,31.494337214866803,0.031746674905539965,0.0075172470733924045,1.4965031839157293e-16,0.0001540634096456783,CIDADE DUTRA
5420954209,5420954213,0,20.238,0,4,32.343754984846065,0.03091293776477957,0.006879842848123878,9.707472823280424e-17,0.00015362922669901496,CIDADE DUTRA
5423666988,5423667002,0,140.197,0,3,33.786090285531984,0.029593257949529047,0.0004657661853749418,8.561362582511948e-16,0.00012188418771520689,CIDADE DUTRA
5460647317,5460648936,0,30.228,0,5,39.245653214228746,0.025476464347988666,7.269120526466597e-06,6.08588499270736e-18,0.00017510520405475093,CIDADE DUTRA
5460647317,5460648943,0,25.113,0,5,38.586058382517145,0.02591196216555875,0.019754648738194595,8.005421130902856e-18,0.00017472177337677527,CIDADE DUTRA
5460647319,5460648943,0,7.8,0,4,38.247726910193016,0.026141174017307894,0.027869482615464285,2.5064957271978768e-18,0.00015159973399486568,CIDADE DUTRA
5460647319,5460648922,0,10.764,0,4,38.57170202584144,0.025921606577173437,0.028019747271123333,-2.571572688230679e-18,0.00015610521319653532,CIDADE DUTRA
5460648922,5460648933,0,28.861,0,4,39.24421757856118,0.025477396330409477,5.424716810795968e-07,-5.14235074598201e-18,0.00015631610743430251,CIDADE DUTRA
5460648922,5460648948,0,39.487,0,4,38.89248684000638,0.02570780544424712,0.02816925246642887,-5.014169094896276e-18,0.00015726472927850548,CIDADE DUTRA
5460648933,5460648948,0,45.445,0,4,38.57138299569309,0.02592182097897471,0.0027815777919037404,-4.498299231562283e-18,0.00015643644467926013,CIDADE DUTRA
5460648933,5460648936,0,15.35,0,4,38.916095070984206,0.0256922099481483,0.002631855607925772,-8.167384529844193e-19,0.00015217566914464635,CIDADE DUTRA
5460648936,7988223734,0,140.18,0,4,39.24597224437709,0.025476257250043693,0.0024747558090851204,6.040991554328176e-19,0.00015032268164115638,CIDADE DUTRA
5460648990,11361990769,0,133.09900000000002,0,4,34.22555431488276,0.029213273676360924,0.016806966117544283,-6.57769922044431e-18,0.0001593947476058171,CIDADE DUTRA
5610747009,13715393577,0,189.035,0,2,46.40006380602967,0.021548256681403456,0.0004657661853749418,2.267235242009109e-14,0.00011625909598103017,CIDADE DUTRA
5610747017,5610747267,0,66.305,0,5,38.45382038602648,0.026001070241882963,0.017088834403033243,9.634740777041248e-09,0.00018481049353919873,CIDADE DUTRA
5610747017,5610747266,0,191.71,0,4,38.45637262721327,0.025999344624050638,0.0,9.282112254132889e-09,0.00015403714210668993,CIDADE DUTRA
5610747223,5610747265,0,26.133,0,4,40.43420003190302,0.024727594069795883,1.0523950612944177e-05,4.71582147186568e-10,0.00015255883357922164,CIDADE DUTRA
5610747223,7867084211,0,45.445,0,4,40.43467857712554,0.024727301418229874,0.0023211278290033786,3.7845343417966986e-10,0.00016085557041779045,CIDADE DUTRA
5610747223,5610747266,0,47.224,0,4,39.44504705694688,0.025347681382718444,0.0027761530750929444,1.993538578960299e-09,0.0001539085270215924,CIDADE DUTRA
5610747235,5610747298,0,142.787,0,4,44.405806348699954,0.022515985343774695,7.594603535114355e-07,7.487202879970633e-13,0.00016418076287344287,CIDADE DUTRA
5610747235,5610747247,0,16.914,0,4,45.39639495932366,0.02202466706490038,0.0032542876147965013,4.859081248391777e-13,0.00016346001367756086,CIDADE DUTRA
5610747235,5610747296,0,56.333,0,4,44.40468974318073,0.022516551533374285,0.0037169074644211814,1.633091140421076e-12,0.0001660300624785548,CIDADE DUTRA
5610747242,5610747296,0,122.627,0,4,43.413782102408675,0.02303048563166655,4.556762121068613e-06,3.4146368604480677e-12,0.0001683313721514461,CIDADE DUTRA
5610747242,5610747244,0,44.063,0,4,42.42207688626575,0.023568871642150227,0.0009306644160601563,1.2850334628518629e-11,0.00017428049041136299,CIDADE DUTRA
5610747242,5610747298,0,57.06100000000001,0,4,43.41457967777955,0.023030062535364448,0.00046446425334035075,2.530268660402585e-12,0.00016648207254633417,CIDADE DUTRA
5610747244,6988024741,0,150.864,0,2,42.42526718774924,0.023567099306673084,0.0004657661853749418,1.210163227101943e-11,9.741965933003775e-05,CIDADE DUTRA
5610747244,7867084211,0,78.504,0,4,41.428457489232734,0.024134147045800206,0.0018559041153095165,7.113845893784483e-11,0.00017272151051718574,CIDADE DUTRA
5610747247,7867245360,0,45.107,0,4,45.397192534694526,0.022024280117359758,0.0023239486817449926,2.842676745791632e-13,0.0001649557069750147,CIDADE DUTRA
5610747247,7867315679,0,35.535000000000004,0,4,44.40245653214229,0.02251768399800258,0.00046782757776304425,7.062486213530569e-13,0.00016443582492296337,CIDADE DUTRA
5610747256,7867315679,0,315.261,0,4,44.40341362258734,0.022517198642070663,2.1698867243183873e-06,6.556416859551849e-13,0.00017196721733183726,CIDADE DUTRA
5610747256,13715393577,0,236.77899999999997,0,4,45.40054235125219,0.022022655086151165,0.0013966475901075299,1.3467374234541628e-13,0.0001978789015669708,CIDADE DUTRA
5610747256,7867245360,0,257.189,0,4,45.39783059499123,0.022023970569116546,0.0018595929227408579,2.336618128848244e-13,0.00017248709938388863,CIDADE DUTRA
5610747257,7867084211,0,117.763,0,4,41.42670282341681,0.024135169269630042,4.8822451297163715e-06,9.031582824188293e-11,0.000164775663989037,CIDADE DUTRA
5610747257,5610747294,0,62.514,0,4,42.41856755463391,0.023570821519092063,0.005101186700200096,3.529792332402093e-11,0.00017176792464567724,CIDADE DUTRA
5610747257,5610747264,0,69.086,0,4,41.424948157600895,0.024136191580057993,0.005560334731065867,1.4192786085439235e-10,0.00015759199622897649,CIDADE DUTRA
5610747259,5610747293,0,20.655,0,5,41.4236720370075,0.024136935132949535,0.004644534039067292,1.0633221111459308e-10,0.00019514505703835603,CIDADE DUTRA
5610747259,6988024736,0,49.711,0,5,42.420800765672354,0.023569580650983694,0.0032524432110808306,2.2904733522834814e-11,0.00020780124300781694,CIDADE DUTRA
5610747259,5610747272,0,85.068,0,3,42.42207688626575,0.023568871642150227,0.0004657661853749418,2.1756012873678344e-11,0.00012869615234456952,CIDADE DUTRA
5610747259,5610747269,0,85.508,0,3,42.42207688626575,0.023568871642150227,0.0004657661853749418,2.175601858111786e-11,0.00012869615234456952,CIDADE DUTRA
5610747260,5610747267,0,63.376,0,6,39.44026160472165,0.025350756923126702,0.012938166582420816,2.509986210683401e-09,0.0002088710080927994,CIDADE DUTRA
5610747260,5610747265,0,70.158,0,5,40.4318073057904,0.02472905743153941,0.0004731438002376243,6.354012575207652e-10,0.00017770409580737632,CIDADE DUTRA
5610747260,5610747293,0,83.757,0,5,40.4292550646036,0.02473061854165105,0.006030983161570525,5.688917939716722e-10,0.000179104318083071,CIDADE DUTRA
5610747260,5610747264,0,120.48299999999999,0,5,40.43085021534535,0.024729642824734378,0.006020784693966229,5.938845768950022e-10,0.00017882399545299184,CIDADE DUTRA
5610747264,5610747265,0,117.062,0,4,41.426862338490984,0.024135076336612694,1.6274150432387904e-06,2.655216028500467e-10,0.00014993537686772682,CIDADE DUTRA
5610747266,5610747267,0,97.772,0,5,39.44424948157601,0.02534819392096281,0.003234541645605204,3.7035796689283186e-09,0.0001822292558188391,CIDADE DUTRA
5610747267,5610747268,0,60.74,0,3,39.446163662466105,0.025346963863996635,0.0004657661853749418,2.2835236312785204e-09,0.00011519060435139113,CIDADE DUTRA
5610747281,5610747282,0,107.481,0,4,43.41282501196363,0.023030993367749997,0.000464138770331703,4.300632927197362e-12,0.0001600455615695646,CIDADE DUTRA
5610747281,6988024732,0,224.005,0,4,43.414420162705376,0.02303014715338122,0.0009279520576547583,4.393938245468539e-12,0.00016209861614903943,CIDADE DUTRA
5610747281,7867060436,0,168.99800000000002,0,4,42.417291434040514,0.023571530645246207,1.7359093794547097e-06,1.8724631245983405e-11,0.0001584237932282303,CIDADE DUTRA
5610747282,6988024732,0,436.568,0,4,44.406763439144996,0.022515500061066288,0.0,2.560716036501446e-12,0.00016253364652821453,CIDADE DUTRA
5610747282,7867245364,0,288.08000000000004,0,4,43.41011325570266,0.023032432074903172,1.6274150432387904e-06,4.168332118381933e-12,0.00016018573956046013,CIDADE DUTRA
5610747293,7867060436,0,202.013,0,4,41.421917371191576,0.02413795759298197,0.0009287115180082697,1.0266738414821612e-10,0.00015424596242822168,CIDADE DUTRA
5610747294,5610747295,0,60.122,0,2,43.415377253150425,0.023029639454607582,0.0004657661853749418,6.0491395819099885e-12,9.710619093584845e-05,CIDADE DUTRA
5610747294,5610747296,0,63.114000000000004,0,4,43.41218695166693,0.0230313318709099,0.004177248932985327,6.684854348125064e-12,0.0001737646529139091,CIDADE DUTRA
5610747298,7867245360,0,191.245,0,4,44.406284893922475,0.022515742699805663,5.424716810795968e-07,5.470858247274419e-13,0.00016567645617089673,CIDADE DUTRA
6093482585,7280270054,0,16.356,0,5,30.881001754665817,0.032377203721208926,0.01018859461970077,-3.0179274505041328e-18,0.00016464221333647923,CIDADE DUTRA
6283318009,6283318026,0,5.128,0,4,42.01068750996969,0.0237996696599776,0.004034253397852745,0.0018565270913490368,0.00015356727186721287,CIDADE DUTRA
6283318023,6283318026,0,13.668,0,4,42.828361780188224,0.023345289041345894,0.00036237108296117065,0.0018822941905684825,0.0001493221551442109,CIDADE DUTRA
6291403989,8726229027,0,40.301,0,4,29.393204657840165,0.03401604202620125,0.0013543347989833214,5.671505201387494e-14,0.00015240238756114227,CIDADE DUTRA
6505068597,9123372149,0,63.739,0,5,27.04737597702983,0.03696626562868601,0.0004926727807564898,-4.416427583458416e-18,0.00017065651137783267,CIDADE DUTRA
6621575779,6621575796,0,11.623,0,4,29.06683681607912,0.03439798046317638,0.02861114989783631,-9.861166697161724e-19,0.00013971356737169777,CIDADE DUTRA
6621575779,6621575797,0,11.875,0,4,29.17514755144361,0.03427028031864581,0.0004215004961988467,-1.7474230917500202e-18,0.00013988667201247866,CIDADE DUTRA
6621575796,6621575797,0,13.628,0,4,28.980060615728185,0.03450097976617715,0.000267764021780889,-2.30506441521782e-19,0.00013992673254984168,CIDADE DUTRA
6988024732,6988024736,0,54.37,0,4,43.413941617482855,0.02303040101116247,0.0013932842656848364,4.909207717227205e-12,0.00016959505038231595,CIDADE DUTRA
6988024736,9011777062,0,83.51599999999999,0,4,43.416812888817994,0.023028877948416487,0.0013966475901075299,4.2119365737824e-12,0.0001953967091265391,CIDADE DUTRA
6988024737,9011777062,0,7.502,0,2,44.41633434359547,0.022510648384246854,0.0004657661853749418,7.090427092995278e-13,0.00011550104884409787,CIDADE DUTRA
7126931065,8719239924,0,397.186,0,5,26.191896634231934,0.03817365725317758,0.009428917277516904,4.440551848195882e-15,0.00016724218685053503,CIDADE DUTRA
7279626980,7279626984,0,24.488,0,4,30.3579518264476,0.032935044190127896,0.00046533220803007813,-4.0789568127632315e-18,0.00015917061843324419,CIDADE DUTRA
7279650441,7279650442,0,18.004,0,4,28.041154889137022,0.035656180670117756,0.00045068547264092904,-1.169509520329601e-18,0.00014921630606617138,CIDADE DUTRA
7279679004,11597619418,0,14.993,0,4,33.17387143085021,0.03013939711588858,0.04407560709904481,1.18263335901607e-18,0.00015984532667305974,CIDADE DUTRA
7279679004,11597619415,0,18.274,0,4,33.17036209921837,0.030142585779893722,0.007264889247354176,-2.366878145393095e-18,0.00015957535663977342,CIDADE DUTRA
7280270050,7280270051,0,10.163,0,4,33.029510288722285,0.030271126522490848,0.00020689869916375823,-1.447129723267332e-18,0.00014575234546121765,CIDADE DUTRA
7280438880,7280438883,0,61.39999999999999,0,4,32.20066996331153,0.03105030069452013,0.017975233129917303,-1.1014525645030419e-18,0.00015561284735311483,CIDADE DUTRA
7280438880,8694589783,0,22.145000000000003,0,4,33.031583984686556,0.030269226125799832,0.0006585606208306305,-6.538809530263333e-18,0.0001525094138524528,CIDADE DUTRA
7285214485,7285214487,0,54.620999999999995,0,4,26.57122348061892,0.03762869578268047,0.0008222785741804528,7.609076472703302e-17,0.00014638932190409656,CIDADE DUTRA
7285232020,13605836794,0,63.081,0,4,34.041952464507894,0.02937083253283601,0.0002040778464221443,4.9200057509709105e-18,0.0001453804903138005,CIDADE DUTRA
7285232023,13605836794,0,7.666,0,6,34.0569468814803,0.029357901294127013,0.00014603337654662746,1.129799793919802e-17,0.0001896589180714397,CIDADE DUTRA
7285232023,13605836795,0,9.84,0,7,33.563407241984365,0.029789600254741956,0.0004657661853749418,1.3355276569984051e-17,0.00021346735242838873,CIDADE DUTRA
7285232023,12561313000,0,18.025,0,6,33.56516190780029,0.029788042961695658,0.0003615031282714433,8.42168375999041e-18,0.0001893419900018277,CIDADE DUTRA
7285232023,13605836783,0,22.4,0,6,34.02631998723879,0.029384326171646095,0.0002432443017960912,1.294901470516562e-17,0.00019347941045285962,CIDADE DUTRA
7291484494,8726229027,0,9.338000000000001,0,4,30.257776359866007,0.03304408337990152,0.00042562328097505163,1.147260693453656e-14,0.00015448918775882255,CIDADE DUTRA
7292385105,7292385110,0,7.657,0,5,30.160312649545382,0.03315086605844242,9.439007250784984e-05,1.8898772526891137e-11,0.00017318495815949207,CIDADE DUTRA
7292385106,7292385110,0,15.86,0,5,29.988833944807784,0.033340425531914894,0.0005295608550699024,2.712125238352393e-11,0.00017164984230419217,CIDADE DUTRA
7317157834,7317157835,0,6.023,0,4,37.04322858510129,0.02699118092875844,0.00042345339425073326,1.2614261273584789e-06,0.0001421089141649934,CIDADE DUTRA
7317157834,7317157849,0,7.047,0,5,36.24389854841282,0.02758644971898615,0.001349452553853605,1.4297233119222323e-06,0.00016862687637146732,CIDADE DUTRA
7317157834,7317157856,0,33.189,0,4,36.171478704737595,0.027641681256311768,0.0005938979964459426,6.668966731348206e-06,0.00014158185144059072,CIDADE DUTRA
7317157835,7317157845,0,6.989,0,5,37.163981496251395,0.026903481399770796,7.659700136843907e-05,3.6894702212872585e-07,0.0001703235559640735,CIDADE DUTRA
7317157835,7317157862,0,27.369999999999997,0,4,37.889934598819586,0.026388023508411497,6.357768102252874e-05,2.8702079952236927e-07,0.0001441264031224072,CIDADE DUTRA
7317157845,7317157864,0,21.506,0,5,37.1370234487159,0.026923010841365565,0.0002202435025183163,2.4787230961504404e-07,0.00016975118137885426,CIDADE DUTRA
7317157845,7317157849,0,7.209,0,6,36.29542191737119,0.02754728922016736,0.010845093848143299,5.372442066907904e-07,0.00019607016016161106,CIDADE DUTRA
7317157845,7317157862,0,25.819,0,5,37.14404211197958,0.026917923523551036,0.010584815935561308,2.2703434288292434e-07,0.0001718434418394153,CIDADE DUTRA
7317157849,7317157855,0,35.101,0,5,35.41075131599936,0.028235506103878552,0.018777657240570244,9.788954123289458e-07,0.00016633003246992298,CIDADE DUTRA
7317157849,7317157864,0,26.138,0,5,36.23576327962993,0.02759264313573573,0.007537101536919917,4.761559508156139e-07,0.00016868211214691886,CIDADE DUTRA
7317157851,7980826575,0,19.289,0,6,35.227468495772854,0.02838241087479227,0.009680732631874052,8.686816232213977e-06,0.00019673141767105213,CIDADE DUTRA
7317157851,7317157855,0,18.545,0,5,35.34471207529111,0.02828826226667148,0.005416037263898694,3.1988171753102838e-06,0.00016614928047425963,CIDADE DUTRA
7317157851,7317157856,0,27.811,0,5,35.357473281225076,0.028278052477713214,0.05003031874225554,8.224693030304183e-06,0.00016851025484956322,CIDADE DUTRA
7762937796,13605836779,0,38.811,0,4,31.864731217100015,0.03137765318382058,0.0059268285988032425,3.470610362957628e-18,0.00015875877799795293,CIDADE DUTRA
7762937796,13605836761,0,36.974,0,4,32.22411867921519,0.03102770613772381,0.0477469469422553,4.3482115452305236e-18,0.0001592783741143442,CIDADE DUTRA
7824867543,8706583341,0,47.124,0,4,40.717658318711116,0.024555451521787675,0.013823263377270285,-2.084153570980738e-18,0.000145973596600354,CIDADE DUTRA
7824867557,8694765914,0,25.801000000000002,0,4,38.14611580794385,0.026210807149010196,0.0003002038283094489,-3.482494186790163e-18,0.00015485906065293282,CIDADE DUTRA
7824935281,8436291574,0,17.542,0,4,36.672834582868084,0.02726379065862846,0.002793403674551276,-1.990498847562952e-18,0.00016187476086693847,CIDADE DUTRA
7824935281,8439379779,0,9.391,0,4,36.79454458446323,0.02717360674571348,0.005456397156971016,5.995619848590824e-18,0.00015925624457970686,CIDADE DUTRA
7867060436,7867245364,0,63.272,0,4,42.4155367682246,0.02357250576337988,0.00046771908342682834,1.8592331118900094e-11,0.00015856397121912579,CIDADE DUTRA
7867245351,7867293354,0,93.428,0,4,40.325251236241826,0.0247944018765897,0.003255806535503524,2.102907997363491e-09,0.00019796154053775442,CIDADE DUTRA
7867245364,7867315679,0,201.929,0,4,43.408358589886745,0.02303336309884723,7.052131854034758e-06,3.475730320284868e-12,0.00016288681578595688,CIDADE DUTRA
7867293334,7867293354,0,132.08,0,4,41.32381560057426,0.024195260539104993,0.0013966475901075299,3.752779170720753e-10,0.00021687488495230285,CIDADE DUTRA
7867293334,8913603743,0,61.208000000000006,0,2,42.32333705535173,0.02362385753321398,0.0004657661853749418,6.317505825876237e-11,0.00012246202559808457,CIDADE DUTRA
7867293344,7867293348,0,28.621000000000002,0,2,42.32333705535173,0.02362385753321398,0.0004657661853749418,6.31750621328645e-11,0.00012246202559808457,CIDADE DUTRA
7867293348,7867293354,0,30.015,0,4,41.32381560057426,0.024195260539104993,0.0013966475901075299,3.752779178981735e-10,0.00021687488495230285,CIDADE DUTRA
7867293348,7867293353,0,58.256,0,2,42.32333705535173,0.02362385753321398,0.0004657661853749418,6.317505905376952e-11,0.00012246202559808457,CIDADE DUTRA
7867345191,7867609419,0,515.049,0,2,35.78353804434519,0.027941353470603184,0.0004657661853749418,7.045016046222899e-09,0.0001148864141203796,CIDADE DUTRA
7893064268,7893064271,0,14.796,0,4,38.04578082628809,0.026279930736366343,0.005076233002870435,5.2086793367547804e-18,0.00014777509449734308,CIDADE DUTRA
7950478556,7950478557,0,32.593,0,4,58.86935715425108,0.016984056447329917,6.509660172955161e-07,1.4163806031385335e-18,0.00014720395948392926,CIDADE DUTRA
7970381768,10043857975,0,6.725,0,4,46.91848779709682,0.021310160064188868,0.010022598285290415,3.4569350848905944e-09,0.00015961312353198013,CIDADE DUTRA
7970381768,12650705780,0,6.478,0,4,47.79374700909236,0.020919901608375972,0.011328219127312788,3.70688056798313e-09,0.00016012888485078856,CIDADE DUTRA
7980826575,8709859114,0,13.229,0,5,35.36018503748604,0.028275883846927682,0.01013890421371388,7.189630040650706e-06,0.00017709557824402886,CIDADE DUTRA
8427078900,8427078902,0,19.056,0,4,40.34519062051364,0.024782147997026775,0.00019268594111947277,1.5744480763670834e-06,0.00016067055895592448,CIDADE DUTRA
8436291574,8439379779,0,20.682999999999996,0,4,36.289519859626736,0.02755176945832729,0.012152559093881344,7.697474774349658e-18,0.00016060490529631066,CIDADE DUTRA
8439379766,8697509310,0,6.461000000000001,0,4,37.9036528951986,0.026378473011303857,0.0029954201285853177,-1.779970672570511e-18,0.00016092099430426818,CIDADE DUTRA
8439379768,8439379779,0,3.669,0,4,36.37932684638698,0.027483754417658355,0.017637056283932282,8.403089551854067e-18,0.00015398594156954527,CIDADE DUTRA
8439379768,8439379775,0,11.791,0,4,36.08518104960919,0.027707786294636147,0.00582668832647595,5.317902446986541e-18,0.00015087256177391564,CIDADE DUTRA
8439379770,8697509311,0,20.345,0,4,37.44712075291115,0.026700063044182043,0.00030519456777538113,-8.5381456016787e-18,0.00015798466743755234,CIDADE DUTRA
8439379770,8697509310,0,21.354999999999997,0,4,37.91673313128091,0.026369373159444678,0.001240524240292822,-3.420528666577168e-18,0.00015909848228728415,CIDADE DUTRA
8439379775,8697509311,0,6.981,0,4,36.53597064922635,0.02736592095841847,0.0020765815951726964,-1.7388892626780123e-18,0.0001545167063793256,CIDADE DUTRA
8439466435,8439466439,0,16.859,0,4,30.77428617004307,0.03248947772179719,0.010211269935969899,5.289763452172017e-18,0.0001594736028742155,CIDADE DUTRA
8439466435,8439466440,0,28.247,0,4,31.578880204179296,0.03166168269619332,0.001063027506243578,1.4174405686055706e-18,0.00015940947143859747,CIDADE DUTRA
8439466439,8439466440,0,35.848000000000006,0,4,30.686074334024564,0.03258287371797204,0.0006341493951820486,-1.3467937749090762e-18,0.00015939564767183283,CIDADE DUTRA
8446666463,8943361555,0,14.399,0,5,35.90716222683044,0.02784515464100719,0.0013949116807280752,1.1443023716841956e-17,0.00016732481992659447,CIDADE DUTRA
8447297251,8728708651,0,28.839,0,4,36.328760567873665,0.027522009264747856,0.0020379576114798294,1.4488343117155116e-18,0.00013873245658084897,CIDADE DUTRA
8505416753,8505416754,0,63.650000000000006,0,4,30.906364651459562,0.03235063379990916,0.001554181366293045,3.1266313306934533e-17,0.00015883571145488548,CIDADE DUTRA
8505416753,8680723511,0,102.19,0,4,30.819428936034456,0.03244188875144275,0.023737258832008563,2.5357171618781834e-17,0.00015890629398166036,CIDADE DUTRA
8505416754,8680723515,0,32.849000000000004,0,4,31.789759132237997,0.03145165336946159,0.0021344090763757814,2.4646601840869263e-17,0.00015867664597864678,CIDADE DUTRA
8680723502,8680723506,0,13.851,0,4,32.65401180411549,0.03061922347929734,0.0034417658277776098,4.3068026845596856e-17,0.00015681216371145782,CIDADE DUTRA
8680723506,8680723510,0,9.4,0,4,32.12442175785612,0.031123999443859615,0.017361046692598983,5.353607974428538e-18,0.00015858118067169557,CIDADE DUTRA
8680723510,8680723511,0,2.452,0,4,31.54330834263838,0.031697388050266756,0.04487076208917128,7.035010658641578e-18,0.00015895480503916532,CIDADE DUTRA
8680723511,8680723515,0,9.774999999999999,0,4,31.66820864571702,0.03157237266279819,0.0212444929631116,1.6179098309373613e-17,0.00015874722850542166,CIDADE DUTRA
8694435596,8694435599,0,27.264,0,4,31.588451108629766,0.03165208960349042,0.0022565736989549065,-3.800147485466801e-18,0.0001593791287992143,CIDADE DUTRA
8694573099,8694573100,0,7.459,0,5,31.692773967139896,0.03154790066538489,0.037585909883953376,-9.076919870577905e-18,0.0001727581068595061,CIDADE DUTRA
8695184800,8695184801,0,11.294,0,5,36.015791992343274,0.027761168909971077,0.0072022880153575905,6.566105959195855e-18,0.0001621530999750181,CIDADE DUTRA
8695184800,8706551008,0,140.66299999999998,0,5,36.92008294783857,0.027081209062786236,0.005102922609579551,4.689140818818634e-18,0.00016233814368945586,CIDADE DUTRA
8695184800,8706551009,0,7.309,0,5,36.944329239113095,0.02706343586466555,0.002280659441594841,3.724364659137083e-18,0.00016347787758737897,CIDADE DUTRA
8695184802,8706583318,0,7.946,0,5,37.819428936034456,0.026437217934117845,3.580313095125339e-06,5.542039175741434e-18,0.0001697864902318082,CIDADE DUTRA
8697509310,8697509311,0,8.248,0,4,37.475833466262564,0.02667960636088126,0.0017829959213724188,-5.134583853873227e-18,0.0001583875981905632,CIDADE DUTRA
8697705447,8697705448,0,4.967,0,5,53.906045621311215,0.01854783583922447,0.00046131791759008913,-5.986998131312497e-18,0.00016126052185121338,CIDADE DUTRA
8697705447,8697705451,0,6.478,0,5,53.91370234487159,0.018545201710135066,0.004142530745396233,-7.178826372510529e-18,0.00016061303869941307,CIDADE DUTRA
8697705447,12469307614,0,5.421,0,6,53.90588610623704,0.01854789072487098,0.0032321547702084535,-7.758397211252048e-18,0.00018928261435743776,CIDADE DUTRA
8697705448,12469307613,0,5.718,0,4,54.879247088849894,0.018218917677698395,0.0001563403384871398,-9.691485097509025e-18,0.00013850926880081446,CIDADE DUTRA
8697705448,12469307612,0,14.503,0,5,53.89886744297336,0.018550306014939684,0.0001597036629098333,-7.402614921141755e-18,0.0001640811062537044,CIDADE DUTRA
8697705451,12469307611,0,5.977,0,4,53.913542829797414,0.018545256580193147,0.005060175841110479,-4.726475714199022e-18,0.00013655509685239013,CIDADE DUTRA
8697705457,12469307612,0,18.596,0,5,53.90078162386345,0.01854964723708509,0.0001597036629098333,-5.846041040802468e-18,0.00016519333583627302,CIDADE DUTRA
8697705457,8697705465,0,17.255,0,5,52.92135906843197,0.01889294799918014,0.014637187887562112,-4.848682861321989e-18,0.00016702185575985577,CIDADE DUTRA
8697705464,8697705465,0,8.592,0,5,52.92710161110225,0.01889089813140446,0.01508396756409927,2.875643080694867e-18,0.00016986616511814964,CIDADE DUTRA
8697705464,12469307611,0,7.039,0,4,53.92072100813527,0.018542787748980116,0.005962089258073416,2.0743242781077797e-19,0.00014087176324796463,CIDADE DUTRA
8697705465,12469307612,0,6.488,0,6,52.924708884989634,0.018891752188917522,1.030696194051234e-05,-2.100139141735759e-18,0.00019426245711574546,CIDADE DUTRA
8706551006,8706583345,0,74.841,0,4,38.38841920561493,0.026045367473208757,0.0033818769541864224,8.266683237467576e-20,0.00013632473523544848,CIDADE DUTRA
8706551008,8706583345,0,72.48,0,4,37.81926942096028,0.026437329441686454,0.003390339512411264,1.890162624062875e-18,0.00013561509695933564,CIDADE DUTRA
8706551010,8706583318,0,23.294999999999998,0,5,37.81607911947679,0.026439559790609485,0.02201284985219274,2.76937856842769e-18,0.00016987034552801847,CIDADE DUTRA
8706583318,13007413265,0,17.051,0,5,38.66007337693412,0.025862353523683775,9.981478931864581e-05,1.2064586172255128e-18,0.0001737659134926681,CIDADE DUTRA
8706583331,8706583334,0,89.82300000000001,0,4,39.90780028712713,0.025053760862092395,0.013373879836663948,1.0163877941470757e-18,0.0001373779514788571,CIDADE DUTRA
8706583340,8706583341,0,9.387,0,5,40.59658637741266,0.0246286836935167,0.014025605314312975,-5.5185917323681135e-18,0.00016705178673682698,CIDADE DUTRA
8706648344,8706648349,0,67.815,0,6,36.880842239591644,0.027110023096286427,0.0028804161321964433,1.2943015705472963e-17,0.00019128571365368313,CIDADE DUTRA
8706648349,8921393355,0,54.726,0,5,36.857234008613815,0.02712738792857205,0.005152504521230226,1.2537717915227894e-17,0.00016433741754712236,CIDADE DUTRA
8710600885,8710600894,0,2.852,0,4,36.07353644919445,0.02771673041632581,0.001660288827112214,3.32807612878251e-14,0.00015913651980855803,CIDADE DUTRA
8710600885,8710600887,0,5.711,0,4,35.92853724676982,0.027828588680317533,9.005029905921307e-06,8.159552963305826e-14,0.000159178912693303,CIDADE DUTRA
8710600887,8710600890,0,8.562999999999999,0,4,35.74365927580156,0.02797252730088318,0.005873774868393658,3.9979173926302546e-13,0.000158839018316739,CIDADE DUTRA
8710600890,8710600891,0,3.462,0,4,35.801244217578564,0.027927534552972314,9.005029905921307e-06,6.714700991050459e-13,0.00015854205893342052,CIDADE DUTRA
8710600890,8710600895,0,8.394,0,4,34.918647312171004,0.02863342545853224,0.005618379200941384,1.931922740037757e-12,0.00015773868555910345,CIDADE DUTRA
8710600891,8710600895,0,7.406,0,4,34.89679374700909,0.028651356688363928,0.006163671734762594,1.931562734908128e-12,0.0001577248617923388,CIDADE DUTRA
8710600891,8710600892,0,2.342,0,4,35.7064922635189,0.028001644002072872,0.006436426496009416,3.969077573178019e-13,0.00015871221913845451,CIDADE DUTRA
8710600892,8710600894,0,5.74,0,4,36.59818152815441,0.027319403401413915,0.000892040432367289,7.691546563703627e-14,0.000158966785637028,CIDADE DUTRA
8710600892,8710600896,0,6.462,0,4,36.49210400382836,0.02739881714742819,0.005808135794983027,7.47034167077004e-14,0.00015829272516372278,CIDADE DUTRA
8710600894,8710600896,0,8.596,0,4,36.69484766310416,0.027247435228655886,0.0005216407685261403,2.8909508435096434e-14,0.0001583633076904976,CIDADE DUTRA
8719530553,8719530554,0,31.79,0,4,26.054554155367683,0.038374883675368565,0.0017455653753779266,5.780515237122508e-18,0.00014977960076248759,CIDADE DUTRA
8726229020,8726229024,0,7.753,0,4,30.97304195246451,0.03228099088427667,0.00024856052427067125,8.939677423990207e-15,0.00015792538882967655,CIDADE DUTRA
8726229024,8726229027,0,7.8549999999999995,0,4,30.23129685755304,0.033073026593499366,0.0008520060223036147,1.4278795522751764e-14,0.00015661084948755783,CIDADE DUTRA
8728708648,9219487474,0,10.374,0,5,33.832509172116765,0.0295526554013277,0.044063238744716196,3.895191310476113e-18,0.00016560700784375864,CIDADE DUTRA
8919459725,8919459727,0,61.985,0,2,41.917690221725955,0.023852470869389835,0.0004657661853749418,1.2047405529510157e-18,9.822460562935553e-05,CIDADE DUTRA
8921393354,8921393355,0,5.514,0,5,37.76615090126017,0.026474513845478043,0.0011741257065286794,1.0896262230307653e-17,0.00016607516645439517,CIDADE DUTRA
8932187529,8932187535,0,210.32999999999998,0,2,39.785611740309456,0.02513070532764538,0.0004657661853749418,-2.836701759557931e-18,9.917355890631544e-05,CIDADE DUTRA
8956046535,8956046537,0,7.448,0,2,29.620673153613016,0.03375481980914633,0.0004657661853749418,-3.667114926144168e-18,9.294144599924045e-05,CIDADE DUTRA
8958385777,8958385782,0,17.156,0,4,57.87414260647631,0.01727611744893375,0.000926975608628815,-1.3289353702977964e-18,0.00015686040439886667,CIDADE DUTRA
9011777061,9011777062,0,47.321,0,2,44.41633434359547,0.022510648384246854,0.0004657661853749418,7.090448321714074e-13,0.00011550104884409787,CIDADE DUTRA
9207711654,9207711657,0,15.186,0,4,50.967937470090924,0.019617048178819346,4.990739465932291e-06,2.507178081023158e-18,0.00015442520414520877,CIDADE DUTRA
9508262643,9863037880,0,144.10099999999997,0,4,37.67490827883235,0.026538630897943977,0.012802765650823347,3.806625736316677e-10,0.0001599522400359937,CIDADE DUTRA
9508262643,9554639915,0,285.097,0,4,36.92279470409954,0.027079220111548414,0.03292097890967749,3.884988690485795e-10,0.00016059019969721735,CIDADE DUTRA
9554639915,9863037880,0,152.49900000000002,0,4,37.014834901898226,0.02701188557441197,0.056485080781085446,1.4284029642298068e-10,0.00015902413433864176,CIDADE DUTRA
9554639915,9894162848,0,68.711,0,4,36.11293667251555,0.027686490688716914,0.08966112987520657,1.4220674682226138e-10,0.00015935287531113748,CIDADE DUTRA
9894162848,9894162853,0,14.633000000000001,0,4,36.0826288084224,0.027709746156090575,8.213021251545096e-05,1.2442536287987944e-10,0.00015883642342404957,CIDADE DUTRA
9894162848,9894162857,0,19.207,0,4,35.36369436911788,0.028273077877263807,0.08987746758162111,3.3119091942370625e-10,0.000158235117100395,CIDADE DUTRA
9894162853,9894162857,0,13.643999999999998,0,4,35.340405168288406,0.028291709734641096,0.00038363597285949084,3.2187938300020596e-10,0.00015802788390203504,CIDADE DUTRA
10043857975,12650705786,0,8.804,0,4,46.92885627691817,0.0213054517891073,0.005442726870607811,1.609512056126845e-08,0.00016004399136823708,CIDADE DUTRA
11597619409,11597619413,0,25.643,0,4,34.858191099058864,0.028683085765538196,0.043938253269395454,9.116739029245317e-18,0.00016419761138054375,CIDADE DUTRA
11597619413,11597619418,0,7.808,0,4,34.13542829797416,0.029290403981401435,0.04407549860470859,1.8496835313588016e-18,0.000161308385038779,CIDADE DUTRA
11597619415,11597619418,0,9.849,0,4,34.16174828521295,0.02926783713111692,0.00019398787315406382,3.3740841547048227e-18,0.00015986798680838377,CIDADE DUTRA
11597619415,11597619417,0,2.215,0,4,33.25474557345669,0.030066099369705574,0.00765188854463636,-3.981367204409559e-20,0.00015946476650565615,CIDADE DUTRA
11597619416,11597619417,0,2.218,0,4,33.33450311054395,0.029994161953161638,0.008369904061713314,-2.911590016263229e-18,0.0001594785902724208,CIDADE DUTRA
11597619416,11597619419,0,8.957,0,4,34.25187430212155,0.029190825474444057,0.0006774386353322005,1.5323419806792788e-18,0.00015989563434191308,CIDADE DUTRA
11721798813,11721798814,0,12.799,0,4,35.80156324772691,0.02792728568882552,2.3977248303718177e-05,-1.0225434874828758e-18,0.00014950629113081592,CIDADE DUTRA
11721798814,11721798824,0,268.797,0,4,35.31440421119796,0.028312540088352472,0.0052659895969120775,-7.742541789498737e-19,0.00015006882521166384,CIDADE DUTRA
11735240695,11735240697,0,20.711,0,4,30.413303557186154,0.03287510293138083,0.0009314238764136677,-7.769061830622122e-18,0.0001425268835485987,CIDADE DUTRA
11748447526,13143761516,0,169.826,0,4,32.02456532142288,0.031221047807852082,0.021338015080929723,2.2741936732734803e-18,0.00013801395449909417,CIDADE DUTRA
11749096515,11749096516,0,20.103,0,4,33.69931408518105,0.029669460998480553,0.0007885368356173019,-5.004123515129272e-18,0.00014964883252431658,CIDADE DUTRA
11751358412,11751358421,0,15.036,0,5,29.765034295740946,0.03359110810999105,0.0003214687182077691,-1.1604988387531255e-18,0.00015118394237494356,CIDADE DUTRA
11751358416,11751358418,0,18.171,0,4,29.34742383155208,0.03406910571315205,0.00035564443411578364,-3.9860129161552385e-18,0.000138448958279757,CIDADE DUTRA
11751358416,11751358419,0,109.763,0,5,29.69373105758494,0.033671770077894174,0.001113802855592628,-7.512525703367298e-18,0.00015986439978577367,CIDADE DUTRA
11751358419,11751358421,0,19.125999999999998,0,6,29.42941457967778,0.033974188722607365,0.0003949193838259465,-5.298343661930002e-18,0.00017871574344074261,CIDADE DUTRA
12469307611,12469307612,0,7.284,0,5,53.906524166533735,0.018547671184233887,0.0004684785437803398,-2.83541444942879e-18,0.0001660620435249573,CIDADE DUTRA
12469307613,12469307614,0,4.328,0,5,53.90636465145956,0.018547726068905927,0.00046153490626252096,-9.822188364776459e-18,0.00016734759133662415,CIDADE DUTRA
12505687067,12505687069,0,16.915,0,4,50.97974158557984,0.01961250594507998,2.4411225648581855e-05,2.794319139782571e-18,0.00016328325308956606,CIDADE DUTRA
12505687067,12505687068,0,22.665,0,4,49.996650183442334,0.019998149501162944,0.0006178752447496608,1.6513692828431475e-18,0.00016063341341878332,CIDADE DUTRA
12505687068,12505687070,0,12.353,0,4,50.00574254267028,0.01999451331159924,1.1934376983751129e-05,-1.9757318657347977e-18,0.00015678203696583047,CIDADE DUTRA
12505687069,12505687070,0,14.695,0,4,50.99074812569788,0.019608272513694194,9.113524242137227e-06,-2.4438493560402905e-18,0.00015943187663661323,CIDADE DUTRA
12561313000,13605836797,0,10.013,0,5,32.92008294783857,0.03037174865294414,0.04839867241990433,1.8318178619849973e-18,0.00016393114037654115,CIDADE DUTRA
12561371410,12561371421,0,24.064999999999998,0,4,33.232572978146436,0.030086159310725513,1.9311991846433647e-05,-2.9617503870856904e-18,0.00015457631076786396,CIDADE DUTRA
12561371421,13605836783,0,2.577,0,4,33.85739352368799,0.029530934926408233,0.0011310534550509593,-1.9849215828187205e-18,0.0001483740919807858,CIDADE DUTRA
12650705780,12650705786,0,13.193000000000001,0,4,47.78289998404849,0.02092465056033864,0.007900557563243248,1.6345066044382756e-08,0.0001605597526870455,CIDADE DUTRA
12650705786,12735845949,0,107.936,0,4,47.76934120274366,0.020930589783147335,0.013523059548960837,8.889762263183235e-08,0.00016146134998735787,CIDADE DUTRA
12650705796,12650763402,0,112.982,0,2,47.93667251555272,0.020857527910420445,0.0004657661853749418,6.526411118927642e-07,9.70702704014172e-05,CIDADE DUTRA
12650763402,12735845943,0,3.062,0,4,47.84750358908917,0.02089639813839363,0.0033427104988124753,7.365294662401343e-07,0.00017262243561798696,CIDADE DUTRA
12650763402,12735845953,0,3.45,0,4,47.02328920082948,0.021262665838956,0.0038604454712348425,3.7929863883051514e-06,0.00017238819053488853,CIDADE DUTRA
12650763405,12735845953,0,5.332,0,4,47.10017546658159,0.021227956690633352,0.001099264614539695,6.611597347578001e-06,0.00016371529744758226,CIDADE DUTRA
12650763405,12735845957,0,9.255,0,4,46.21710001595151,0.02163356170293544,0.00041455685868102787,1.8508548460754904e-05,0.00016118010282171018,CIDADE DUTRA
12650763405,12650763408,0,6.6080000000000005,0,4,47.004306907002714,0.021271252587640413,0.0017337394927303914,5.26119874989127e-06,0.00016096116454416073,CIDADE DUTRA
12650763408,12650763415,0,4.398,0,4,47.75450630084543,0.020937091855310935,0.00012129666788939784,3.2761631029868466e-06,0.0001599673010856891,CIDADE DUTRA
12650763408,12735845952,0,9.927,0,4,46.88403254107513,0.021325820982865853,0.0020365471851090224,8.117914169809371e-06,0.00015907948319136733,CIDADE DUTRA
12650763415,12735845952,0,11.476,0,4,46.82389535811134,0.02135321030595594,0.011098862100552335,7.668183860068673e-06,0.00015910713072489664,CIDADE DUTRA
12650763415,12735845946,0,8.295,0,4,47.674748763758174,0.020972118592177947,0.01095857892382515,1.6902115485484766e-06,0.0001612230571607885,CIDADE DUTRA
12735845943,12735845946,0,4.04,0,4,48.58542032222045,0.020579023054546886,0.0003625880716336025,4.3388353390473963e-07,0.0001641837876137791,CIDADE DUTRA
12735845943,12735845949,0,12.344999999999999,0,4,48.501515393204656,0.020614623621964374,0.003403792810102038,2.3221397663853037e-07,0.00016422065099181823,CIDADE DUTRA
12735845946,12735845949,0,11.507,0,4,48.495453820386025,0.020617200297350816,0.010378025730733766,3.523207465865203e-07,0.0001624880290803977,CIDADE DUTRA
12735845953,12735845957,0,10.689,0,4,46.166055192215666,0.021657481471243717,0.003020373825914979,1.832364172126848e-05,0.00016291272473313074,CIDADE DUTRA
12854807391,12854807395,0,60.629000000000005,0,2,44.28999840484926,0.022574859357329627,0.0004657661853749418,-5.205549678968283e-18,9.754759693617342e-05,CIDADE DUTRA
12921775912,13168004709,0,8.84,0,4,32.024884351571224,0.03122073678547947,0.045852201854580485,3.960128853600339e-18,0.0001595584308545011,CIDADE DUTRA
12921775912,13167384935,0,96.26500000000001,0,4,31.52990907640772,0.03171085849004103,0.022429142620253226,1.5338243018965345e-18,0.00015637784875793562,CIDADE DUTRA
13143761519,13143761520,0,8.938,0,4,37.25538363375339,0.02683747655788383,0.00017803920573032368,-4.792956526720711e-18,0.0001503589837901389,CIDADE DUTRA
13167384935,13167384937,0,21.979999999999997,0,4,31.653054713670443,0.03158748796823109,0.03838887646628739,5.5979966190228734e-18,0.00015842293316527828,CIDADE DUTRA
13167384935,13605836765,0,5.031,0,4,31.15776040835859,0.032089613368283094,0.02383175739885263,-5.470708141793162e-19,0.00015257538601140633,CIDADE DUTRA
13167384937,13605836761,0,8.219000000000001,0,4,31.89073217419046,0.03135207054716066,0.04792910893276183,3.802539550733292e-18,0.00015998287448106544,CIDADE DUTRA
13168004709,13605844610,0,4.181,0,3,32.47439783059499,0.03078857659321551,0.07172278481960268,4.648475338714155e-18,0.00012319144705434022,CIDADE DUTRA
13183482580,13183482581,0,16.779,0,4,28.46833625777636,0.03512114216554228,0.0003878672519719117,-3.698754269113911e-18,0.00014419569058892064,CIDADE DUTRA
13605836761,13605836779,0,20.806,0,4,31.595788802041792,0.03164473883498087,0.0001501561613228324,4.352393044542213e-18,0.00015898962328631203,CIDADE DUTRA
13605836794,13605836795,0,4.04,0,5,33.679853246131756,0.029686604559081932,0.0004650067250214304,1.0247164894945483e-17,0.000161223726494338,CIDADE DUTRA
13605836795,13605836797,0,10.451,0,6,33.034455256021694,0.030266595201189805,0.0006853587218759626,7.315187864001116e-18,0.0001885580276165171,CIDADE DUTRA
13715393570,13715393577,0,101.208,0,2,46.40006380602967,0.021548256681403456,0.0004657661853749418,2.2672149349018514e-14,0.00011625909598103017,CIDADE DUTRA
