u,v,key,length,flood_count,Degree,Mean Shortest Path Length,Closeness,bet,Eigenvector,Pagerank,district
582506,151255600,0,148.211,0,4,28.738359201773836,0.034788982331610215,0.024510185453799294,2.2357896717372215e-14,0.0002201126042938796,LAPA
582506,151254721,0,298.201,0,4,28.372283813747227,0.035237849623707594,0.008810337934889513,2.2628307502248833e-14,0.00022054248984353347,LAPA
582506,1694816094,0,81.684,0,4,28.349445676274943,0.03526623701664373,0.032957231000007074,9.574358481373227e-14,0.00022192186950818925,LAPA
587958,2348728256,0,992.3880000000001,0,3,27.7609756097561,0.03601380169645852,0.001073293520791911,2.1932592521110718e-11,0.00018528508060946774,LAPA
25765138,25765539,0,307.766,0,4,26.949667405764966,0.037097981784224514,0.002124917745119544,1.133554535189602e-09,0.00023021977511611632,LAPA
25765138,939852879,0,271.664,0,4,27.085365853658537,0.03691211984773444,0.0017682588145391252,4.716374403386952e-09,0.0002366028718920695,LAPA
25765138,1754402344,0,680.9419999999999,0,4,27.517073170731706,0.03633301638974392,0.0007009354060383928,1.4063575407765118e-09,0.00023754063672735113,LAPA
25765152,293818927,0,8.529,0,4,28.49290465631929,0.035088674972568734,0.016114438650241637,5.126294176987765e-08,0.00021069061420548539,LAPA
25765152,13482736657,0,49.988,0,4,28.134811529933483,0.03553527520332892,0.01797092245752818,4.7664278098048026e-08,0.00021759225967976574,LAPA
25765152,2130308393,0,230.853,0,4,28.4470066518847,0.03514528901914323,0.0023475808220535066,2.0387939507237248e-07,0.00022232574024675744,LAPA
25765539,25765635,0,198.02499999999998,0,4,26.927050997782704,0.03712914089969615,0.0019955653121440046,2.6253186081149777e-10,0.00022695682303913462,LAPA
25765539,25765704,0,366.466,0,4,27.084257206208427,0.03691363078182562,0.0005527881751091425,2.587134623407399e-10,0.0002266296904322137,LAPA
25765561,293819499,0,303.299,0,4,28.036141906873613,0.035660337068876884,0.00026445386297221376,5.6593284571941515e-11,0.00022055174354656352,LAPA
25765561,25765635,0,165.04,0,4,27.435476718403546,0.03644107520972409,0.016477731038923363,8.16854516705312e-11,0.00022410040928639668,LAPA
25765561,4663903407,0,25.442,0,4,28.383148558758315,0.03522436097743891,0.016542075582506068,9.485330213481251e-11,0.00021908362153920188,LAPA
25765635,5591073991,0,445.096,2,4,26.94190687361419,0.037108667742041676,0.01844565694231191,6.479542288421871e-11,0.00023124999605053924,LAPA
25765704,2488893957,0,577.027,0,4,27.18470066518847,0.03677724036116571,0.00038562503095613784,6.05491355739964e-11,0.00022664546012434619,LAPA
25765704,25765828,0,997.352,0,4,27.01640798226164,0.037006335970585336,5.549993278095791e-05,5.973296507359088e-11,0.00022702453403431654,LAPA
25765802,25765807,0,221.466,0,4,26.98181818181818,0.037053776872000524,0.03137117116798393,5.4462798381694416e-12,0.00022757467148713914,LAPA
25765802,2348728256,0,189.127,0,4,27.38558758314856,0.03650746099474532,0.001954658987185928,1.0796351055095502e-11,0.00023308039999073008,LAPA
25765802,5591073991,0,241.034,0,4,26.87538802660754,0.0372005148175038,0.030884496458617836,1.699399684133113e-11,0.000233002017581295,LAPA
25765807,2488892912,0,194.75799999999998,0,4,26.83370288248337,0.0372583044124938,0.002342052940302415,2.6303642637436864e-12,0.00022413678111392525,LAPA
25765807,929471686,0,120.15299999999999,0,4,27.252328159645234,0.036685976502750024,0.03275115156832639,1.5010000082376584e-12,0.00022414959134213627,LAPA
25765828,25766056,0,1519.075,0,4,26.909756097560976,0.03715300379852179,1.326691620261942e-06,1.4122846270915464e-11,0.00023458841539908377,LAPA
25765828,2488892991,0,252.28199999999998,0,4,27.00820399113082,0.03701757698654429,0.0006089514537002314,1.6720748389379586e-11,0.00022660443390327815,LAPA
25766062,1853394737,0,221.76,0,4,27.224390243902437,0.03672362398397159,0.004141710123187739,4.524112259222433e-14,0.00021958901667122588,LAPA
142792264,8973852753,0,68.66,0,6,29.07161862527716,0.03439018251431971,0.03778815741992089,8.949738097849208e-13,0.00027304387109417986,LAPA
142792264,142792266,0,85.56400000000002,0,6,29.67649667405765,0.033689228263387154,0.03171588987398199,4.653255238706791e-13,0.000274925082710334,LAPA
142792264,432488009,0,46.035,0,5,29.292239467849225,0.03413116541011899,0.002547690141443016,8.466718991482519e-13,0.00023520842635700636,LAPA
145204217,408862151,0,38.179,0,4,26.180487804878048,0.03818791605264495,0.02260616186345336,0.0029036912811992283,0.0001971265823387725,LAPA
145204217,349648188,0,55.498999999999995,0,4,25.785365853658536,0.0387730884325663,0.0006533956229790065,0.004740032943099261,0.00019801549372768063,LAPA
145204217,1828990384,0,28.279,0,4,25.76807095343681,0.03879911198306572,0.022684436669048815,0.00408371077707562,0.00020252712574740593,LAPA
145204232,5138649831,0,33.978,0,4,23.00509977827051,0.04345898431852573,0.021044645826405056,2.5493956185286458e-08,0.00020214842080159737,LAPA
145204232,408858136,0,79.374,0,4,22.60487804878049,0.04422843018009181,0.06853180345152092,8.966305568961872e-08,0.0002039586630432276,LAPA
145204232,394908595,0,62.713,0,4,23.09911308203991,0.043282106415043625,0.08652129959173277,3.042455104811723e-08,0.00019846762889590722,LAPA
145205009,394912563,0,103.55799999999999,0,6,21.278492239467848,0.0469853906591918,0.08426747164417778,3.639415302945317e-08,0.000263033886720386,LAPA
145205009,394913048,0,91.328,0,6,21.321286031042128,0.046891086637756214,0.06156667244514573,2.3685128496245804e-08,0.00024380235933546947,LAPA
145205009,1833706362,0,116.21199999999999,0,6,21.27339246119734,0.04699665426346893,0.06641528808666304,2.2820558176883473e-08,0.0002505984805064637,LAPA
145205009,3037706862,0,207.481,0,5,21.475831485587584,0.046553646650697944,0.06901162358751566,4.406747457353646e-08,0.000221123698470977,LAPA
145205012,4638959870,0,31.944,0,5,24.28580931263858,0.041167179468451276,0.002441997042362148,6.555570079657354e-10,0.00020711463173364526,LAPA
145205012,145205013,0,112.903,0,6,24.134589800443457,0.04142511966338071,0.020576544799722634,6.913250713870229e-10,0.00024085826674444803,LAPA
145205012,336145763,0,116.489,0,6,23.52239467849224,0.04250325207850235,0.020762723857099392,1.455602753596201e-09,0.00023663010512475202,LAPA
145205012,1833706370,0,115.486,0,6,24.004656319290465,0.04164934741042481,0.002086664803401991,9.319980262946986e-10,0.00024477646081133965,LAPA
145205013,4638959869,0,32.025,0,5,24.878935698447894,0.04018573312894371,0.003917057008823384,3.3277436308377266e-10,0.00020837387939294275,LAPA
145205013,145205015,0,122.946,0,6,24.62017738359202,0.04060808559309059,0.019864332514912014,3.40025207407193e-10,0.00024017379204595562,LAPA
145205013,1833706369,0,114.74900000000001,0,6,24.829490022172948,0.04026575936989311,0.0036968261998599015,3.3602944727576007e-10,0.00025041275505842923,LAPA
145205015,145205017,0,119.836,0,6,25.163858093126386,0.03973072280132876,0.02079942899192664,1.8869189342328116e-10,0.0002436883658018304,LAPA
145205015,1833706367,0,115.788,0,6,25.27050997782705,0.039563042906027905,0.024900453905426348,2.0462858390433073e-10,0.0002452231018617571,LAPA
145205015,432480624,0,119.49200000000002,0,6,25.07228381374723,0.03987583572110793,0.023713507135831997,2.3950270079113413e-10,0.00023708262786636193,LAPA
145205017,4639843360,0,87.181,0,5,25.815521064301553,0.03872779743704263,0.020697052621896427,8.120275747687177e-11,0.00022482695784506294,LAPA
145205017,432480865,0,121.024,0,6,25.6119733924612,0.03903558133494935,0.0007818635948743712,1.292178161042486e-10,0.0002490203863709425,LAPA
145205017,1833706368,0,116.857,0,6,25.811973392461198,0.03873312029687661,0.00034007528532714447,1.113818326804259e-10,0.0002504209480307596,LAPA
145205019,432482181,0,127.477,0,6,28.0139689578714,0.03568856208891668,0.01832028458419716,8.75625001351913e-12,0.0002572692955547903,LAPA
145205019,432481051,0,53.761,0,5,28.03880266075388,0.03565695306630817,0.0019011490918353629,9.173760359063531e-12,0.0002197477447836712,LAPA
145205019,432480982,0,110.919,0,6,27.350332594235034,0.03655451965950547,0.018661686561144565,1.8133322771277018e-11,0.00025616958104423155,LAPA
145205019,1833706371,0,118.148,0,6,27.84966740576497,0.03589910988678524,0.0016908684700238453,1.4083124555258402e-11,0.0002573028321333397,LAPA
145205020,432482682,0,42.252,0,4,29.58869179600887,0.03378920154370715,0.01880651706302316,3.7262131349708185e-13,0.0001913838423612723,LAPA
145205020,432482622,0,26.070999999999998,0,4,29.171618625277162,0.034272293332522574,0.020897604171826022,8.893276733572855e-13,0.00019233932570743292,LAPA
145205020,2033283105,0,118.139,0,5,29.683148558758315,0.033681678630920815,0.0016106036269979977,8.788015589938314e-13,0.00022513009528623705,LAPA
145205021,169776705,0,122.747,0,5,30.16629711751663,0.033142227122381476,0.00323602197708892,8.297938155098499e-14,0.00023302904058833474,LAPA
145205021,432483014,0,77.724,0,6,29.872283813747227,0.033468424334194356,0.028027023823843658,1.6289332570663562e-13,0.0002661859846133116,LAPA
145205021,1416648198,0,134.90800000000002,0,5,30.44057649667406,0.03284360500265866,0.003394119395170135,1.1946794569149326e-13,0.0002339499626257875,LAPA
145213153,2033283105,0,83.731,0,6,29.692682926829267,0.03367086338993683,0.00053509895350565,1.0322825449885406e-12,0.0002578746369201436,LAPA
145213153,469064837,0,164.167,0,5,29.69578713968958,0.0336673436473329,0.012128172561894588,1.1103055774873038e-12,0.0002227283592670398,LAPA
145213153,453551186,0,221.54699999999997,0,5,30.230376940133038,0.03307197500348396,0.0,5.662229326928534e-13,0.0002262398282379422,LAPA
145213153,1833706363,0,122.37700000000001,0,6,30.104656319290466,0.03321008749963174,0.011921872014943855,6.384508053636355e-13,0.0002605673062606463,LAPA
145213154,432482388,0,81.51499999999999,0,4,27.963858093126387,0.035752515521301646,0.015347832009000277,5.8096939474770296e-12,0.00020734229630387814,LAPA
145213154,432482389,0,31.62,0,5,28.598669623059866,0.03495890835788494,0.014234074393790376,2.7880015625982523e-12,0.00024823094328318436,LAPA
145213154,453551178,0,34.93,0,4,28.794235033259422,0.03472147356424512,0.0008787120831534929,1.9305250599145842e-12,0.00021715612130993628,LAPA
145213158,1842301946,0,35.459,0,4,26.648558758314856,0.03751716104339144,0.04052888119211202,3.488409801130614e-11,0.00021706091166974142,LAPA
145213158,432482376,0,122.921,0,4,26.608425720620843,0.03757374754174861,0.015381220414776868,3.738552001217167e-11,0.00019956366290857584,LAPA
145213158,1833706367,0,127.13,0,5,25.84922394678492,0.03867730313947504,0.02530398927325602,1.0319570203017241e-10,0.0002283570972049223,LAPA
145213164,293820142,0,70.911,0,4,24.634368070953435,0.04058469320708184,0.0028386778368204688,4.3263431986634905e-11,0.00020766802199139597,LAPA
145213164,1707702759,0,49.449,1,5,23.86829268292683,0.04188729725210412,0.07543192656850328,1.5683689305629588e-10,0.00024397775010470753,LAPA
145213164,1676356904,0,27.826999999999998,0,4,24.373835920177385,0.04101850335680367,0.07660007854014392,6.531105583995037e-11,0.00021475405235506264,LAPA
148555964,293819890,0,157.792,0,4,28.819512195121952,0.03469101988059334,0.007060873918304099,1.839479213293929e-15,0.00021679795044872793,LAPA
148555964,1456482915,0,322.35,0,4,29.473170731707317,0.033921639433059494,0.0003409597464073191,5.418823603325923e-16,0.00021777412884533211,LAPA
148555964,293819983,0,128.098,0,4,28.822172949002216,0.03468781733698495,0.006869609209716336,9.090635820315186e-16,0.00021297471117400423,LAPA
148555969,293819838,0,24.822,0,4,28.472062084257207,0.03511436114291054,0.006415880675586752,2.5747738416745063e-15,0.00020921618456818324,LAPA
148555969,1456482901,0,36.995,0,4,29.24412416851441,0.034187321348689445,0.0005065750836700182,6.523221885717654e-16,0.00021731639944462972,LAPA
148555969,1456482899,0,37.942,0,4,29.447450110864747,0.03395126799590386,0.005395654819605318,6.416265262849807e-16,0.0002170278634601421,LAPA
148555970,293820177,0,14.589,0,6,27.417738359201774,0.036464651365908096,0.003420653227575374,1.417316687340624e-14,0.0002749110322402442,LAPA
148555970,151254179,0,305.327,0,5,27.37161862527716,0.03652609238047405,0.04779362338939638,1.0494599949552137e-14,0.00023642053424655763,LAPA
148555970,293819838,0,71.971,0,5,27.60110864745011,0.03622239538564118,0.006980830190548295,1.0412982832438329e-14,0.000238922245016187,LAPA
148555970,5499308300,0,237.18400000000003,0,5,26.933481152993348,0.03712027661150902,0.053394915410142296,3.035947655027823e-14,0.0002335168426415798,LAPA
148556368,4663682074,0,34.698,0,5,26.847228381374723,0.03723953386575928,0.07920680645868859,1.0417797765462857e-13,0.00022889170473837147,LAPA
148556368,293820251,0,103.92199999999998,0,5,27.680487804878048,0.03611852065460313,0.0031566415951432476,3.176156814201037e-14,0.00023538785489922835,LAPA
148556368,4263544715,0,103.62899999999999,0,4,27.377827050997784,0.03651780941736722,0.07566254979515882,2.866709137225044e-14,0.0001919395104822531,LAPA
148556373,293820090,0,64.363,0,5,25.216851441241687,0.039647228474957795,0.027562018410941847,6.225885596021974e-12,0.00022778583971480741,LAPA
148556373,157216016,0,88.801,0,4,25.257427937915743,0.03958353451378708,0.0006536167382490501,4.043601046377167e-12,0.00019508733004722434,LAPA
148556373,1842239358,0,55.269000000000005,0,4,25.744345898004436,0.038834867837425825,0.02780767747596035,2.088624663199622e-12,0.00019917377052073548,LAPA
148556777,453551002,0,266.073,0,4,25.804656319290466,0.038744103317608844,0.0006613557727005781,2.587941104698575e-13,0.00022161522509496162,LAPA
148556777,10081156661,0,62.979,0,4,25.425720620842572,0.03932153135083283,0.05442973487394661,2.157642623707629e-13,0.00021139312340901073,LAPA
148556777,453550922,0,147.06199999999998,0,4,25.144124168514413,0.03976190476190476,0.055349574397328224,8.985208552861959e-13,0.0002185661768758864,LAPA
148556780,453550930,0,54.667,0,5,26.206873614190688,0.03814946739654633,0.025591660239582818,1.4136663789258796e-14,0.00023285784755242155,LAPA
151254169,151254170,0,102.553,0,5,26.915077605321507,0.037145658101773664,0.019205409010181917,1.9681935407910132e-15,0.0002399860099578409,LAPA
151254170,1853401027,0,44.648999999999994,0,4,27.842350332594236,0.035908544306317645,0.06629876033935003,7.741855059921833e-16,0.0002096099922438247,LAPA
151254170,453543189,0,84.965,0,4,27.572949002217296,0.03625938851987069,0.04669689164997984,6.096921978938968e-16,0.00020974985036896582,LAPA
151254171,1842239464,0,40.29,0,4,25.66563192904656,0.03895397055774414,0.061782480948708335,4.581920748390837e-13,0.000213613644253972,LAPA
151254171,293820046,0,274.84999999999997,0,4,25.871840354767183,0.038643492569548,0.003002082021382731,1.178864618799226e-13,0.00021741431557401687,LAPA
151254171,453543118,0,33.843,0,4,26.080044345898003,0.03833499120055092,0.05863335727274657,1.0760045644545848e-13,0.0002156737361768391,LAPA
151254172,151254173,0,63.231,0,4,26.041019955654104,0.03839243901400655,0.001850292579725322,1.51705362682902e-12,0.0002009090982168129,LAPA
151254172,1842239360,0,22.198,0,5,25.621064301552106,0.039021730664381964,0.0010586999129690298,3.589068974147251e-12,0.00023470822855746105,LAPA
151254172,1842239464,0,96.88499999999999,0,4,25.927272727272726,0.038560872986008965,0.0011973391872864027,1.169530874139824e-12,0.00020558730295920847,LAPA
151254173,1456482902,0,27.71,0,5,25.52771618625277,0.03916442282637019,0.0009788773004832695,3.2181319285959808e-12,0.0002348830305275701,LAPA
151254173,293820057,0,60.5,0,4,25.856541019955653,0.03866635795322992,0.0020497385533047004,9.149815969751842e-13,0.0002065390388772554,LAPA
151254179,7843280520,0,156.712,0,4,27.757649667405765,0.03601811689712191,0.04745774929420006,3.4540681779098342e-15,0.00020430075956445168,LAPA
151254179,293819742,0,110.505,0,5,27.938137472283813,0.0357854302743629,0.00011409547934252701,3.0701735095654162e-15,0.0002430625074665241,LAPA
151254721,151254724,0,82.322,0,4,28.401330376940134,0.03520181122648138,0.0779415848834988,7.229866114428428e-15,0.00021854059307921777,LAPA
151254721,7843280513,0,168.206,0,4,28.68891352549889,0.03484894154745067,0.06891123725491584,7.277915474971404e-15,0.0002198638296620213,LAPA
151254724,293819618,0,66.641,0,4,28.519733924611973,0.03505566612762782,0.0005507981376787496,7.245450645698235e-15,0.00021853901743939969,LAPA
151254724,293819624,0,89.425,0,4,28.416851441241686,0.03518258426966292,0.07764927049650107,5.193149305900642e-15,0.000212701424140305,LAPA
151255242,7843280513,0,313.23900000000003,0,4,29.181818181818183,0.03426031456576248,0.07503988919471588,5.749519466988257e-15,0.0002184052543036236,LAPA
151255600,5499308277,0,63.83,0,4,28.71529933481153,0.034816919679397096,0.022220094601957136,5.60204982299631e-15,0.00021653235964021647,LAPA
151255600,7843280513,0,239.737,0,4,29.07849223946785,0.03438205331543952,0.006587908355680717,6.9929462450818554e-15,0.00021943394411236747,LAPA
151255911,7843280520,0,40.183,0,4,28.252106430155212,0.03538774260891404,0.018312766665015672,1.964263534012114e-15,0.00020893059920295754,LAPA
151255911,293819742,0,42.912,0,5,28.380931263858095,0.035227112923639434,0.0043442517105477295,1.5905955150912908e-15,0.00024797802988535313,LAPA
151255911,5499308277,0,177.95600000000002,0,4,28.61729490022173,0.0349361557056964,0.016891437709175047,1.8376448669195245e-15,0.00021065535177742316,LAPA
157216016,1842245022,0,187.602,0,4,24.62860310421286,0.04059419311276165,0.007693705821169045,8.260481995462547e-12,0.00019720925676100905,LAPA
157216016,293820090,0,37.730999999999995,0,5,25.28292682926829,0.03954361286022486,0.007019083132265848,7.125425532927637e-12,0.0002273336903927844,LAPA
157216032,394912439,0,13.438,0,4,22.85521064301552,0.04374399720597223,0.09163260017406194,3.554665253848342e-09,0.00020207528888820531,LAPA
157216032,394907767,0,131.843,0,5,22.941019955654102,0.043580375782881,0.004578191666253918,1.027509499293065e-08,0.00023041160080264564,LAPA
157216032,394921503,0,85.101,0,4,22.61529933481153,0.04420804941418697,0.09232292204713824,3.552565916022957e-09,0.0001956132891167711,LAPA
157216033,8669662424,0,92.531,0,4,23.61529933481153,0.04233604056147599,0.09226322092422645,1.1899130853240847e-06,0.00023042577568098342,LAPA
157216033,925079870,0,168.392,0,3,23.62439024390244,0.04231974921630094,0.003987371664697267,1.1368912813416822e-06,0.00018355099943388948,LAPA
157216033,12569763608,0,35.257999999999996,0,4,22.950776053215076,0.04356185029176489,0.09610133978164426,5.247109691237243e-06,0.00023034795257716778,LAPA
165483383,4665680951,0,11.264,0,5,30.55011086474501,0.03272584754066236,8.33604568064587e-05,2.1229091746985726e-16,0.0002282726564426151,LAPA
165483388,366076076,0,101.787,0,4,27.935476718403546,0.03578883870814119,0.07225339456162572,2.2832002984602866e-14,0.00021942255556830692,LAPA
169777712,394922048,0,117.51599999999999,0,6,24.472062084257207,0.04085386295064737,0.002513417274586249,5.013142003117033e-10,0.00023498541387749586,LAPA
169777712,1833706379,0,115.393,0,6,23.9960088691796,0.04166435660032156,0.026297239066292128,8.243750459661083e-10,0.00023802607241097168,LAPA
169777712,432480498,0,117.41799999999999,0,6,24.586031042128603,0.040664484186033925,0.025703323450954864,4.554724148727657e-10,0.00023696669647168314,LAPA
169777712,4638959870,0,88.032,0,5,24.74079822616408,0.040410105663150536,0.002204961472875348,4.664113273156859e-10,0.00020578499827616654,LAPA
213953958,416002602,0,12.691,0,4,29.1490022172949,0.03429888484885366,0.06759117909275521,-8.749334515815328e-18,0.00023551518925607622,LAPA
213953958,1707446355,0,246.272,0,2,29.878270509977828,0.03346171828038382,0.0006648936170212766,-2.1169749671627672e-18,0.00013199084129770296,LAPA
292404674,292404676,0,85.413,0,6,26.106430155210642,0.038296245965687106,0.028002922259408897,0.03994448740325495,0.0002603152875782837,LAPA
292404674,8659989967,0,35.985,0,6,26.478048780487804,0.03775875929523682,0.033905152162684235,0.026556685449838014,0.00026063771073359565,LAPA
292404674,408859990,0,125.638,0,6,25.868736141906872,0.03864812973566016,0.04067194277183027,0.044252111109319,0.00025906503983371684,LAPA
292404674,4663786882,0,37.372,0,6,26.191352549889135,0.03817207487110893,0.022828382709847238,0.026790420216000557,0.0002589662632339823,LAPA
292404676,1681888706,0,181.73000000000002,0,4,26.366518847006652,0.03791847821516571,0.006734286664449618,0.024558117237713225,0.00019027239604404336,LAPA
292404676,4243513763,0,347.1639999999999,0,4,26.01330376940133,0.038433344698261165,0.021449729001125035,0.08652121636717651,0.0001832025094385159,LAPA
292404700,298815623,0,16.427,0,4,26.049667405764968,0.03837969425623915,0.037776880541148666,0.011842273375618485,0.00019580075219554382,LAPA
292404700,1681888706,0,48.075,0,4,26.62549889135255,0.037549653983561096,0.002137079084971945,0.008840292871619717,0.00019532839614644308,LAPA
292404700,2671866217,0,30.039,0,5,26.391574279379157,0.03788247945826962,0.035249975235089756,0.00678046787000726,0.0002351365779560315,LAPA
292425974,298815404,0,44.482,0,4,24.897117516629713,0.04015638637051814,0.001084349284294094,0.03476927243270107,0.00019480284099632824,LAPA
292425974,2486942060,0,37.698,0,5,25.122838137472282,0.03979559415378098,0.04116834655307828,0.03724647595757441,0.00023400506254787838,LAPA
292425974,4243513759,0,53.684,0,5,25.097560975609756,0.03983567452955208,0.04211582548521535,0.13810713996236446,0.0002205849988429388,LAPA
293741674,293741838,0,65.08800000000001,0,4,27.09689578713969,0.03689641346240395,0.0007166345902114924,0.0024966968189791446,0.00019572886013848883,LAPA
293741674,8659989967,0,150.55200000000002,0,4,26.840133037694013,0.03724937835091575,0.03358984178760198,0.0073423229513343334,0.00019096753768919653,LAPA
293741838,349619127,0,237.12999999999997,0,5,26.71729490022173,0.03742063986057513,0.012095005271388038,0.0038666604426767955,0.0002341459331657619,LAPA
293818927,293819181,0,58.638000000000005,0,4,29.161862527716185,0.03428375912408759,0.017044228360775213,3.152753615626675e-08,0.00020079539894919674,LAPA
293818927,2130282353,0,37.67700000000001,0,5,28.82172949002217,0.03468835105319034,0.0008539471729086034,1.7390577646028708e-08,0.00024182181919758192,LAPA
293818929,2130282353,1,32.144000000000005,0,5,28.69379157427938,0.034843017100819884,0.0,6.668664788149385e-09,0.00023547238287721924,LAPA
293818929,2130282353,0,25.14,0,5,28.69379157427938,0.034843017100819884,0.003851828004160505,6.6686647903808696e-09,0.0002354723828772192,LAPA
293818929,293818963,0,236.111,0,5,28.37250554323725,0.03523757424195061,0.0002679917072929123,3.7405641786546285e-09,0.0002339854062073864,LAPA
293818929,2130282105,0,28.67,0,5,28.35631929046563,0.035257688428065405,0.003384611438558258,5.4848444490402885e-09,0.00024024137135093552,LAPA
293818963,293819433,0,85.605,0,5,28.555432372505543,0.03501184144116162,0.00015876076389134575,1.3754754236170461e-09,0.00023740208738082044,LAPA
293818963,293819284,0,368.496,0,5,28.32993348115299,0.035290526579425205,0.000275288511204353,1.726503957225592e-09,0.00023771510257371737,LAPA
293819051,293819284,0,411.25,0,5,28.85077605321508,0.03465342730004534,0.000458371954800501,1.0908274745332783e-09,0.0002467930073959657,LAPA
293819051,2130285329,0,23.345,0,4,29.63259423503326,0.03373914084538659,0.00031022472387125076,3.8970518821330406e-10,0.0002120442509127431,LAPA
293819051,7986629778,0,22.041,0,4,29.843237250554324,0.03350099930902796,0.000810387464710003,3.648378961949241e-10,0.00021243832810683292,LAPA
293819163,2130315125,0,176.62900000000002,0,4,29.155654101995566,0.03429105953213884,0.004674597923992952,8.618966528996284e-08,0.00019312362301894068,LAPA
293819163,2130308391,0,18.246,0,5,29.157871396895786,0.034288451886663324,0.02037444544290273,3.0635182344236834e-07,0.00024379866084465798,LAPA
293819163,293819181,0,190.067,0,4,29.180931263858092,0.03426135586523411,0.015727929158205322,7.873334449334351e-08,0.00019816491550157743,LAPA
293819181,2130294746,0,115.542,0,5,29.153436807095343,0.03429366757426872,0.0016136992407786088,3.7401982073548646e-08,0.00023441459314809033,LAPA
293819198,2130315501,0,269.412,0,5,28.98647450110865,0.03449119935132985,0.0021541049607653067,3.366172304869958e-08,0.00022336676065346344,LAPA
293819198,293819282,0,87.061,0,4,29.111751662971177,0.0343427727085777,0.004633470483764833,1.5445267221891937e-08,0.00019144242877142096,LAPA
293819198,293819265,0,75.36,0,5,28.14079822616408,0.035527715400070915,0.007185361815338678,3.850018272161988e-08,0.00023099617953642595,LAPA
293819265,2130314820,0,52.975,0,5,28.149889135254988,0.035516241847569234,0.002924691676867451,6.433640863804964e-08,0.00022733080523039935,LAPA
293819265,12292242712,0,44.184000000000005,0,5,27.619955654101997,0.03619767833919368,0.0009320008632340143,7.625625499087925e-08,0.00023582071301848088,LAPA
293819265,12303168149,0,50.269,0,5,27.659645232815965,0.03614573730410037,0.010805239901223387,3.5957190897721195e-08,0.00024127427188844268,LAPA
293819282,293819283,0,122.131,0,4,29.108425720620843,0.0343466967298654,0.00029076658010740897,5.873364271426258e-09,0.0001964665735657606,LAPA
293819282,972127568,0,254.68699999999998,0,5,29.79977827050998,0.03354985602357195,0.004191239943677518,1.2492359154600557e-08,0.00023297098287182667,LAPA
293819283,293819284,0,53.973,0,5,28.62949002217295,0.034921274173436906,0.001136532488024397,2.42844512254186e-09,0.00024126786864333197,LAPA
293819283,293819308,0,254.632,0,4,29.369844789356986,0.034040979027314316,0.0005465969475479201,4.058826191528453e-09,0.0001983142361477383,LAPA
293819284,293819337,0,88.31700000000001,0,5,28.123946784922396,0.03554900306688006,0.002140174698752556,1.4840538445293894e-09,0.0002485872206660041,LAPA
293819295,2130285335,0,86.921,0,4,30.79290465631929,0.03246781301304761,0.004181731987065641,2.9403736448446433e-09,0.0002084320031283878,LAPA
293819295,972127568,0,60.064,0,5,30.371840354767183,0.03291793512779518,0.003945801993929059,1.0514809579735065e-08,0.0002368654080403693,LAPA
293819295,293819308,0,75.87,0,4,30.093569844789357,0.03322232209958592,0.0003175215277826915,4.80991669822227e-09,0.0001999583726258461,LAPA
293819308,972127568,0,57.751000000000005,0,5,29.80221729490022,0.0335471102910541,0.0006449932427173475,1.0677821075647678e-08,0.00023495448186317724,LAPA
293819337,408491794,0,45.751,0,4,28.032150776053214,0.03566541427723947,0.0034659818579343238,7.796534873570077e-10,0.00021914297488124143,LAPA
293819337,293819346,0,335.681,0,4,27.54589800443459,0.03629499645823942,0.0008899889619257195,2.6728899601271353e-09,0.00021510556145695154,LAPA
293819346,12303168149,0,33.898,0,4,27.38359201773836,0.03651012145748988,0.011189759355829306,1.0646192355233348e-08,0.0002128365285450141,LAPA
293819346,12292242725,0,312.641,0,4,26.97760532150776,0.03705956324125291,0.010739126435480334,2.756413455610898e-09,0.00022425881774916308,LAPA
293819398,293819570,0,461.817,0,4,26.405321507760533,0.037862756952841595,0.016750587282157236,3.5855764531935366e-10,0.00023707234785376257,LAPA
293819398,1480312977,0,133.883,0,4,27.056762749445678,0.03695114155999541,0.007578946996016388,1.2055666939600567e-10,0.00024420074716703714,LAPA
293819398,408491606,0,328.57099999999997,0,4,26.731263858093126,0.03740108495495944,0.013335461936332954,9.415828646681432e-11,0.00023800176683284706,LAPA
293819418,293819433,0,92.928,0,5,28.568736141906875,0.03499553727346812,0.0019783183210805994,6.290782829356595e-10,0.00024733430883427216,LAPA
293819418,293819444,0,97.805,0,4,28.24412416851441,0.03539774377654438,0.0012205562906409868,1.6011735244416387e-10,0.0002148592094864598,LAPA
293819418,2130277080,0,110.03200000000001,0,4,28.387361419068736,0.03521913346403493,0.0009136482958203907,1.8577886299107015e-10,0.00021599110883989317,LAPA
293819433,2130281421,0,191.53800000000004,0,5,28.57339246119734,0.03498983440162649,0.0016994919655555479,1.2003778957846887e-09,0.00024295457656727817,LAPA
293819433,6130372773,0,251.235,0,5,28.71441241685144,0.034817995088878936,1.8131452143579873e-05,7.653971939065691e-10,0.0002444361918968193,LAPA
293819444,2130279046,0,14.289,0,4,27.97937915742794,0.03573268244747874,0.0024114831350961234,6.059012604901235e-11,0.0002222149663912798,LAPA
293819444,293819499,0,34.924,0,4,28.180487804878048,0.03547767793916314,0.0014370281400137269,6.30307568888165e-11,0.00021948797764858793,LAPA
293819499,4663903407,0,283.137,0,4,28.384257206208424,0.03522298516556912,0.0005107762738008477,9.21344184063405e-11,0.00021817523225012848,LAPA
293819570,13734280912,0,203.411,0,4,26.106651884700664,0.03829592070731521,0.03057206058204615,8.897316815493744e-10,0.00024138482451082857,LAPA
293819570,12292242725,0,264.783,0,4,26.56119733924612,0.03764055730397108,0.013928271975319999,9.971275552359115e-10,0.00023343497380938022,LAPA
293819571,298816285,0,25.85,0,4,25.924833702882484,0.038564500816790824,0.02882370214181095,1.056316520828263e-08,0.00021050785270915214,LAPA
293819571,13734280912,0,53.754999999999995,0,4,25.82239467849224,0.03871748855820503,0.03153700762051667,3.167056079913665e-09,0.00023122372339169932,LAPA
293819571,394903228,0,85.16699999999999,0,4,25.589356984478936,0.039070081796755855,0.03539038343156748,6.417673038950003e-09,0.00020456844243933687,LAPA
293819598,293819618,0,408.10400000000004,0,4,28.174057649667407,0.035485774997048754,0.0008658873974909608,2.2575430400661456e-14,0.00022550366190233364,LAPA
293819598,929471693,0,371.11600000000004,0,4,28.168736141906873,0.03549247880605474,0.0007971205485073835,9.565746618271838e-14,0.00022825638874838323,LAPA
293819598,293820161,0,120.11500000000001,0,4,28.282261640798225,0.03535001136782357,0.0010215525476016953,2.1976413052046074e-14,0.00024211648208485387,LAPA
293819618,293819624,0,80.239,0,4,28.120620842572063,0.035553207594777016,0.0009777717241330514,7.432413078198567e-15,0.0002141623397993728,LAPA
293819624,293820177,0,139.62900000000002,0,5,27.878048780487806,0.03586256263421618,0.07899917922011761,8.535034628841479e-15,0.0002431512508905469,LAPA
293819742,293819983,0,178.85899999999998,0,5,28.37317073170732,0.035236748122504165,0.001406072002207615,1.4109097688475193e-15,0.00024893633424588884,LAPA
293819742,2819458644,0,229.014,0,5,28.720177383592016,0.03481100611450806,0.0034885356154787765,1.110335090331203e-15,0.0002493029071264667,LAPA
293819838,1853378124,0,222.07600000000002,0,4,28.357427937915745,0.03525631001157226,0.0015425001238245513,3.3501612771063262e-15,0.00020231604463853472,LAPA
293819884,1853378081,0,32.185,0,5,28.868957871396894,0.03463160239325955,0.0029857194913995005,3.979359629380868e-15,0.00024294399934983888,LAPA
293819884,1853378124,0,45.027,0,5,28.962084257206207,0.034520245906032046,0.0010491919563571524,3.033895227997918e-15,0.00024288937618213867,LAPA
293819884,1853378111,0,31.058000000000003,0,5,28.589135254988914,0.03497056702110333,0.000236593338946713,4.015432284686869e-15,0.00024287073548272356,LAPA
293819884,1853378135,0,17.212,0,5,29.173835920177385,0.03426968854028911,0.0035194917532848885,2.609249585616231e-15,0.00024322586958305188,LAPA
293819890,293820015,0,32.388,0,4,28.132372505543238,0.03553835604561899,0.006000626198444764,7.025007827847073e-15,0.0002164732745498285,LAPA
293819890,4898686117,0,41.488,0,4,28.97538802660754,0.03450439626871953,0.0014487472493260407,2.327838649518197e-15,0.00021484070295913594,LAPA
293819942,293820044,0,161.833,0,5,27.018625277161863,0.037003299029986704,0.004782502175774257,6.537164428792759e-14,0.00024636965569965356,LAPA
293819942,293820059,0,27.636,0,4,27.050776053215078,0.03695931933868311,0.020985386934033356,6.086105374069665e-14,0.00020502888544773304,LAPA
293819942,1842239362,0,56.324,0,4,26.43059866962306,0.03782654653445412,0.026144006184151875,2.3057776313522724e-13,0.00020786332764017557,LAPA
293819983,5499308277,0,130.24200000000002,0,4,28.588026607538804,0.03497192318431421,0.005620750164509762,1.653723307531467e-15,0.00021156181239084584,LAPA
293820005,293820006,0,170.78,0,4,26.747671840354766,0.03737814178659062,0.00014571496295876998,2.1601658230375116e-14,0.0002139257419490181,LAPA
293820005,1853366979,0,155.26,0,5,27.381152993348117,0.03651337366081189,0.000633716363945121,1.1585165486060603e-14,0.0002500867140366027,LAPA
293820005,293820014,0,219.014,0,4,27.01751662971175,0.03700481743797651,8.004372775580384e-05,3.2175364405391596e-14,0.00021371099287902605,LAPA
293820006,293820046,0,218.947,0,4,26.207538802660753,0.03814849910318454,0.0025165128883668604,4.4203657949877957e-14,0.00021772157676795345,LAPA
293820006,453543136,0,221.205,0,4,26.52549889135255,0.03769121457828304,0.0020477485158743075,3.8695673493752974e-14,0.00021814284237857808,LAPA
293820014,2348890943,0,67.913,0,4,26.998669623059868,0.037030649453040305,0.0061989665956739244,1.2593866375868074e-13,0.0002186161577046908,LAPA
293820014,293820015,0,149.444,0,4,27.381152993348117,0.03651337366081189,0.006691390302061149,2.9450808299532704e-14,0.0002165184793811784,LAPA
293820015,4898686111,0,40.924,0,4,28.25831485587583,0.03537996782925968,0.001524589786951015,7.620846249860483e-15,0.00021260951981226614,LAPA
293820044,1853372007,0,11.739,0,5,27.710864745011087,0.03607892715401357,0.0038810152198062676,2.78637190612565e-14,0.0002450087118621452,LAPA
293820044,1853372004,0,14.77,0,5,27.398669623059867,0.03649002978117312,0.0008227699198324477,3.5985560475432626e-14,0.00024653917024257437,LAPA
293820044,1853372010,0,25.031,0,5,27.56740576496674,0.036266679535747894,0.0005684873592822422,2.775586323220857e-14,0.00024498767755259823,LAPA
293820046,479049853,0,223.012,0,4,26.396452328159643,0.037875478798467845,0.00010724090597117365,8.095662284647984e-14,0.00021631390251965188,LAPA
293820057,1842239362,0,67.661,0,4,26.30532150776053,0.038006692684407054,0.0011318890673534803,3.8141195342392215e-13,0.00021113622614472836,LAPA
293820057,479049853,0,195.893,0,4,26.134368070953435,0.03825530687390766,0.0005280232648642529,2.462721574128024e-13,0.00021325726905562683,LAPA
293820059,5499308300,0,69.186,0,4,27.10376940133038,0.03688705639817405,0.01687949748459269,3.749475292660835e-14,0.00019864480925560496,LAPA
293820059,1853372010,0,158.29,0,4,27.589356984478936,0.036237824283923234,0.004729213395693736,2.3242400836255404e-14,0.00020374834799612293,LAPA
293820090,1842242979,0,99.41000000000001,0,7,24.682926829268293,0.04050485088034495,0.02774974527520891,1.6080322456392366e-11,0.00028736517898133955,LAPA
293820090,1456482902,0,15.333,0,6,25.10088691796009,0.03983039618391414,0.00671084844582499,7.153234341693559e-12,0.00026280573114383993,LAPA
293820130,1842239360,0,18.787,0,6,25.263636363636362,0.0395738070370988,0.0582176605650645,8.179595827036958e-12,0.00026283893966505106,LAPA
293820130,453550919,0,51.506,0,5,25.360088691796008,0.03942329550422299,0.01818429869312031,7.655562764671926e-12,0.0002284074441934405,LAPA
293820130,293820135,0,41.795,0,5,24.73481152993348,0.04041988633307636,0.008772527223712048,9.712247127139382e-12,0.000227583858908479,LAPA
293820130,1842242979,0,11.095,0,7,24.713525498891354,0.0404547004252723,0.06903506180614029,1.681530810476979e-11,0.00028736652873667526,LAPA
293820135,453550919,0,70.5,0,4,24.860975609756096,0.04021476414295015,0.028427242462622675,6.5901262867015815e-12,0.00019593908878702974,LAPA
293820135,1842234185,0,117.07500000000002,0,4,24.166962305986697,0.04136962924224492,0.03705626587607639,1.7684714215386514e-11,0.00019828580590799402,LAPA
293820136,1842245024,0,430.32199999999995,0,5,23.009090909090908,0.04345144597238149,0.08959900303547043,2.3745762658096636e-10,0.0002319605104533522,LAPA
293820136,394913054,0,190.028,2,5,22.625942350332593,0.044187254392756,0.01994459735793786,8.744503757675166e-10,0.00022609898646223334,LAPA
293820136,1707702759,0,76.61,1,5,23.114855875831484,0.04325262834778605,0.06997745508706635,3.030700752672761e-10,0.00023333249180240034,LAPA
293820142,1707705197,0,24.326999999999998,0,4,25.338137472283815,0.039457449135856484,0.0009797617615634443,1.431637808783133e-11,0.00021143919639703292,LAPA
293820142,1707704060,0,84.116,0,5,25.292461197339247,0.039528706309339086,0.001609719165917823,1.7110854221566956e-11,0.0002482030906962537,LAPA
293820161,7845177306,0,233.783,0,2,28.868957871396894,0.03463160239325955,0.0006648936170212766,4.7298458695271095e-15,0.00013690734591447295,LAPA
293820161,4663682047,0,140.59,0,4,28.426164079822616,0.03517105817381944,0.0012523968895272733,5.7764914530195014e-15,0.00024596727806549124,LAPA
293820162,4663682047,0,232.236,0,5,28.445454545454545,0.03514720669737857,0.0018918622504935294,5.280327225161897e-15,0.00026077737005150914,LAPA
293820162,1741789731,0,91.039,0,6,28.836141906873614,0.03467101367924891,0.00040353536782967406,7.998426382745072e-15,0.0002710302692733858,LAPA
293820162,1741789730,0,339.823,0,5,28.303769401330378,0.035323149236192716,0.0,8.52430333309542e-15,0.00024130213780055063,LAPA
293820162,4663682062,0,162.785,0,5,28.881152993348117,0.03461697913307845,0.002050623014384875,6.87529421579579e-15,0.00023292852426522702,LAPA
293820163,8024919230,0,8.481,0,5,29.43481152993348,0.03396584583166982,0.0016117092033482159,1.1421986886872041e-14,0.00023163789217498467,LAPA
293820163,4663682062,0,30.031,0,5,29.183370288248337,0.0342584924439852,0.0026743891911780314,1.0988361494178942e-14,0.0002251984555129141,LAPA
293820163,293820174,0,128.964,0,6,29.301773835920176,0.03412005962875801,0.0015971155955253346,2.112627345564258e-14,0.0002604763029562895,LAPA
293820163,8024919229,0,28.381,0,5,28.870953436807095,0.034629208650774145,0.0034936212666897806,1.750440903359466e-14,0.0002275334085300803,LAPA
293820165,2633614412,0,127.563,0,6,27.509756097560974,0.03634268028274589,0.005431696608622434,1.1266784683057121e-13,0.0002663332949070449,LAPA
293820165,293820207,0,129.123,0,6,27.320177383592018,0.03659486746635934,0.00015102172943981773,1.499718122682953e-13,0.0002664057245267682,LAPA
293820165,293820192,0,91.837,0,5,27.321951219512194,0.03659249160052588,0.0009149749874406527,1.4167676156092115e-13,0.00023473942159077846,LAPA
293820165,4663682960,0,113.963,0,5,26.80643015521064,0.037296210824089925,0.00661952783929696,2.108788761580597e-13,0.0002389039022982571,LAPA
293820166,929375580,0,92.362,0,5,25.728159645232815,0.03885929986038575,0.0025123116982360308,1.8789603251277987e-12,0.00023652333389213696,LAPA
293820166,929375577,0,41.432,0,6,25.722838137472284,0.03886733902249806,0.007912388823242222,1.9980861965536217e-12,0.0002699795318193014,LAPA
293820166,293820217,0,133.522,0,6,25.61419068736142,0.03903220221606648,0.0019431609931436578,2.355120157086874e-12,0.00026257497081865757,LAPA
293820166,929375593,0,134.015,0,6,25.016186252771618,0.039965255311417,0.009124763848891593,5.174127699187423e-12,0.00026902300880234364,LAPA
293820174,293820219,0,111.527,0,6,28.677161862527715,0.034863222354523944,0.0018253065542103886,4.670968596699342e-14,0.0002583218610963288,LAPA
293820174,293820175,0,64.212,0,5,29.33392461197339,0.03408266311906634,0.00223834987865194,1.7724034567473935e-14,0.00022599868580265814,LAPA
293820174,293820181,0,122.825,0,6,29.303325942350334,0.034118252394860694,0.0009123216042001288,1.956327934767538e-14,0.0002584318744092774,LAPA
293820175,293820181,0,153.584,0,5,29.774057649667405,0.03357883840602915,0.0007184035123718416,1.0562772281757311e-14,0.00022757153428726496,LAPA
293820175,4663682896,0,72.963,0,4,29.593126385809313,0.03378413816356348,0.0027084409427647546,6.093467343626739e-15,0.00020962879342709655,LAPA
293820176,4663682896,0,8.427,0,4,28.615521064301554,0.03493832134887181,0.003997100736579187,5.493703453187914e-15,0.0002137751028200971,LAPA
293820176,293820251,0,107.73299999999999,0,5,28.040354767184034,0.03565497936138919,0.0020353660607518626,1.4590984101753502e-14,0.0002410612160080744,LAPA
293820176,293820177,0,46.686,0,5,28.18980044345898,0.03546595771457337,0.0026054012269244105,9.616302822372694e-15,0.00023968105727991695,LAPA
293820177,4263544715,0,102.512,0,5,27.632150776053216,0.03618170292326334,0.07678050860049955,1.3572852492267975e-14,0.00023482471210224066,LAPA
293820181,1741789731,0,55.935,0,5,29.627937915742795,0.03374444328029815,0.0009857318738546229,9.363164741319455e-15,0.00022172875388777792,LAPA
293820181,1741789731,1,287.97600000000006,0,5,29.627937915742795,0.03374444328029815,0.0,9.369802575333984e-15,0.00022172875388777792,LAPA
293820191,293820192,0,59.949,0,4,27.330820399113083,0.03658061689734062,0.0014706376610603628,7.983646651232978e-14,0.00020213869449179744,LAPA
293820191,293820255,0,78.838,0,4,28.129933481152992,0.03554143742216197,0.000616911603421803,2.79314772289179e-14,0.00020162781553581123,LAPA
293820191,1741789730,0,181.512,0,4,27.909977827050998,0.03582153582153582,0.0004643420670916797,2.1306145454427852e-14,0.00020304322373531828,LAPA
293820192,293820193,0,218.276,0,4,26.781152993348115,0.03733141253322073,0.0009490267390273759,2.7706548727221486e-13,0.00020050402564421955,LAPA
293820193,929375577,0,94.1,0,5,26.40421286031042,0.03786434671615596,3.471509739685415e-05,7.607659876471601e-13,0.00023862311152844537,LAPA
293820193,929375580,0,38.621,0,4,26.303325942350334,0.03800957615402772,0.0013987751982961743,6.416462309910623e-13,0.0002034772153322379,LAPA
293820195,929416307,0,166.476,0,4,24.283148558758313,0.04117169023987143,0.002082905843811249,1.647000221591393e-11,0.00021149773013029083,LAPA
293820195,929416291,0,64.82300000000001,0,4,25.08780487804878,0.039851165750446324,0.00490300999794805,4.7501274757692956e-12,0.00021714792998744133,LAPA
293820195,1842285597,0,34.98,0,4,24.816851441241685,0.04028626568028305,0.007103770280692569,4.849991583730296e-12,0.00021325732842127445,LAPA
293820207,4663682074,0,187.05399999999997,0,6,26.974279379157426,0.03706413270422674,0.00022465311436435553,1.5495910925512772e-13,0.00026488620596920825,LAPA
293820207,4663682688,0,61.92,0,5,27.324168514412417,0.03658952220202545,0.003699037352560338,1.5381408990868523e-13,0.00023917818428724808,LAPA
293820207,293820219,0,130.27100000000002,0,6,27.953880266075387,0.03576527698458024,0.0033333126959081295,1.0508645458768324e-13,0.0002619786727729688,LAPA
293820215,293820227,0,153.937,0,5,25.384478935698446,0.03938541630271479,0.07452181611700359,1.7248198293281258e-12,0.00022350372950893693,LAPA
293820215,293820217,0,75.096,0,5,25.620620842572063,0.039022406078806395,0.005433686646052828,1.987916958080297e-12,0.0002221183488501882,LAPA
293820215,929375593,0,69.797,0,5,24.859866962305986,0.04021655755543267,0.08036434489736714,4.806922745370639e-12,0.00022828866660125645,LAPA
293820217,293820227,0,141.18,0,6,26.112638580931264,0.03828714081923782,0.002289869736572112,1.5452094750655053e-12,0.00026152399052914704,LAPA
293820217,293820218,0,20.179,0,5,26.356762749445675,0.03793251394392146,0.005212792491279214,1.2195798139050463e-12,0.000227692424075657,LAPA
293820218,929375577,0,126.327,0,5,26.317738359201773,0.03798876092103157,0.00013554366053676175,8.625588995795498e-13,0.00023468756788840869,LAPA
293820218,4663682688,0,126.912,0,4,26.883370288248337,0.03718946916960839,0.004436677893425978,3.975179936667353e-13,0.00020325308207321137,LAPA
293820219,6831533617,0,103.874,0,5,28.652328159645233,0.03489343919765984,0.0019902585456629566,4.2727987939749695e-14,0.00023405371191225716,LAPA
293820219,2633614412,0,129.892,0,6,28.185809312638582,0.03547097971963058,0.0007363138492453778,6.777427504412262e-14,0.0002619062431532455,LAPA
293820221,293820228,0,26.407,0,4,26.492682926829268,0.03773790194338896,0.041096041859774,4.873793589811617e-13,0.00019157733216068233,LAPA
293820221,293820227,0,112.215,0,5,25.879157427937916,0.0386325665081609,0.07615696353897644,8.477849667569829e-13,0.00022624549641627552,LAPA
293820221,4663682074,0,79.1,0,5,26.339467849223947,0.037957421016743695,0.11686671702198417,2.8996986766397496e-13,0.00022751014681329887,LAPA
293820227,293820228,0,100.83599999999998,0,5,26.074057649667406,0.03834379305066585,0.0003847405698759632,9.217110822597068e-13,0.00022948016166649077,LAPA
293820228,1842239358,0,35.055,0,4,26.308647450110865,0.038001887873782156,0.04124839028083408,7.972410094910986e-13,0.00019873361961367787,LAPA
293820251,4263544715,0,29.419,0,5,28.042572062084258,0.03565216016193307,0.0014870001910435933,1.8542646424083967e-14,0.0002362048708303981,LAPA
293820251,6831533617,0,51.114000000000004,0,5,28.353658536585368,0.03526099706744868,0.0019619557910973686,2.0191887285554544e-14,0.00024340705585458564,LAPA
293820255,2633614412,0,60.25,0,5,28.238359201773836,0.03540497035844686,0.0003999975235089755,4.593124431226724e-14,0.00023209156180957626,LAPA
293820255,7987724186,0,97.056,0,4,29.00421286031042,0.03447010526798615,0.0006270829058438113,1.6643272903139742e-14,0.00019980865684930506,LAPA
298803273,298813297,0,197.867,0,5,30.11308203991131,0.03320079522862823,0.007782151929186508,4.541773438860807e-09,0.00024306060933602748,LAPA
298803273,298813299,0,115.59700000000001,0,6,29.59667405764967,0.03378008855192874,0.04128730656836177,6.632061026683401e-09,0.0002748278953632802,LAPA
298812129,298812134,0,122.82999999999998,0,4,30.921951219512195,0.0323323151056232,0.02151230462254739,9.824464102752485e-10,0.00022455787041163918,LAPA
298812134,298812136,0,252.95399999999998,0,4,31.32239467849224,0.03191896024464832,0.018789933417769886,2.313732218475811e-10,0.00021623520261352422,LAPA
298812136,298813285,0,42.659,0,4,31.735254988913525,0.0315037100177466,0.0002777207791748332,6.192201045372056e-11,0.00020763170321385803,LAPA
298812136,1376053627,0,81.531,0,4,31.967627494456764,0.03127470972574806,0.018862680341614247,5.838435349057819e-11,0.00020479348330453383,LAPA
298812138,298813285,0,81.865,0,5,32.386474501108644,0.030870240923437146,0.0027723432558073714,2.9618708653760233e-11,0.0002412526302794897,LAPA
298812138,4661191738,0,54.547000000000004,0,5,32.45454545454545,0.03080549292887887,0.010791751869750723,2.3254109532065548e-11,0.00023546107461927873,LAPA
298813285,298813290,0,67.696,0,4,32.11064301552106,0.031135417314026474,0.0034704041633351968,4.356031806848243e-11,0.00020313209984814217,LAPA
298813290,298813292,0,36.172,0,4,31.533924611973394,0.03170484748765979,0.011192633854339874,1.0357925784087377e-10,0.00020567532502322936,LAPA
298813290,349662021,0,91.871,0,5,31.563858093126385,0.03167478029967756,0.007257224278102867,6.019524048990503e-11,0.00024049626486894796,LAPA
298813292,4661191727,0,21.188,0,4,31.21552106430155,0.032028242246878155,0.009963011837627097,3.163977315144281e-10,0.00020846531558368634,LAPA
298813292,8656512826,0,20.171,0,4,31.598447893569844,0.031640106940614275,0.0017782090016910898,1.8694431169637073e-10,0.00020560324882902054,LAPA
298813297,348743010,0,90.186,0,4,30.302439024390242,0.032993326699057544,0.0028780363548882395,1.9143041205604348e-09,0.00019769649642900223,LAPA
298813297,4661191727,0,105.46199999999999,0,4,30.593348115299335,0.03267959645155679,0.010402146763933801,1.215010795329962e-09,0.00020493383973516633,LAPA
298813299,348738669,0,139.447,0,6,29.71729490022173,0.03364297705651931,0.021645858245653758,4.439517116582031e-09,0.00026414260412369257,LAPA
298813299,298813305,0,117.73399999999998,0,6,29.319733924611974,0.03409915905378426,0.022890073870189417,9.027064146282114e-09,0.00027354631773201604,LAPA
298813299,348743010,0,68.449,0,5,29.935254988913524,0.03339802085802323,0.0033067788635028905,4.0045917030717375e-09,0.00023034822122776103,LAPA
298813305,9801580405,0,24.947,0,5,28.93237250554324,0.03455569605701805,0.026736595107868875,1.4658654451475512e-08,0.000242024292533309,LAPA
298813305,9801580409,0,22.056,0,5,29.62549889135255,0.03374722141141074,0.0015340977435628924,9.215092717585342e-09,0.0002399609467506197,LAPA
298813305,4664524759,0,121.37099999999998,0,5,29.290243902439023,0.03413349079099766,0.005275146997431525,1.395941137385182e-08,0.00025451048232321284,LAPA
298813318,1674060387,0,47.345,0,4,28.135254988913527,0.035534715107573486,0.08420644382964572,4.179387864336957e-08,0.00020001647127428876,LAPA
298813318,338836495,0,154.61200000000002,0,4,27.655654101995566,0.03615095368284333,0.062393643555109006,1.7638083809145324e-07,0.00021390846431159944,LAPA
298813318,9801580405,0,351.2729999999999,0,4,28.217960088691797,0.03543056505032885,0.02726705064070361,4.176374518270903e-08,0.00020491635891830022,LAPA
298813323,349733255,0,109.49199999999999,0,7,28.373835920177385,0.03523592204179235,0.051492218511416624,8.11959930826649e-09,0.00029889994506213373,LAPA
298813323,6892826150,0,12.690999999999999,0,6,28.509756097560974,0.0350679348882788,0.047261398934401296,7.854151893495938e-09,0.000259370628554497,LAPA
298813323,6892826152,0,28.429000000000002,0,6,28.531042128603104,0.03504177190596464,0.0025740028585782113,7.946909359051556e-09,0.0002571402090053399,LAPA
298813323,298815128,0,105.786,0,6,28.182261640798227,0.03547544491825463,0.046452117046041505,9.361577172217042e-09,0.0002622192647060098,LAPA
298813323,1674060387,0,121.38899999999998,0,6,28.253436807095344,0.03538607629705783,0.05358662234927015,1.4850684469948401e-08,0.0002622994667818487,LAPA
298815128,1674060387,0,140.222,0,4,28.090243902439024,0.03559165502379881,0.03093137289586709,1.1966551077357725e-08,0.00019202330520509618,LAPA
298815128,349733629,0,24.526,0,4,27.94611973392461,0.035775208867237396,0.07754335628215016,4.132076454801669e-09,0.00019935666169221703,LAPA
298815130,8035402807,0,31.669,0,4,27.441463414634146,0.03643312513635152,0.07091586829313164,2.9349486540084532e-09,0.00020598326949351935,LAPA
298815130,298815137,0,281.34099999999995,0,4,26.794235033259422,0.03731318581287963,0.09369096222289834,1.0677144856481226e-08,0.00021149760384419068,LAPA
298815130,4663726752,0,25.982,0,5,27.615521064301554,0.03620349107960111,0.022769123817475537,3.062671782157414e-09,0.00024799180072982243,LAPA
298815137,4663787990,0,63.336,0,4,26.23481152993348,0.03810884135261454,0.0948637576152099,4.605751406743154e-08,0.00021640001443987356,LAPA
298815137,1675174233,0,226.50499999999997,0,4,26.356762749445675,0.03793251394392146,0.0010487497258170652,1.0525628759137986e-08,0.00021753515875561332,LAPA
298815147,925079875,0,116.64099999999999,0,6,25.583148558758314,0.039079563182527303,0.001993354159443568,7.617644193515797e-08,0.0003021879202677496,LAPA
298815147,2634685305,0,73.86,0,6,24.90332594235033,0.04014637534056306,0.04047890914108216,8.198486914650323e-08,0.00027721644045052414,LAPA
298815147,6136077446,0,12.370999999999999,0,6,25.292239467849225,0.039529052845671,0.09585921856094645,9.954794983167588e-08,0.0002721656654735006,LAPA
298815147,5140512943,0,22.294,0,7,25.423281596452327,0.039325303726702655,0.029165325234028403,1.3773683490783744e-07,0.00030916074693639663,LAPA
298815147,6136077443,0,33.049,0,6,25.499778270509978,0.039207331918889775,0.08518421555377878,9.587420113746609e-08,0.0002713970097062712,LAPA
298815159,8669662425,0,26.037,0,4,24.832150776053215,0.040261444911735556,0.0005381945672862611,1.3739138244595752e-07,0.00022337024326298397,LAPA
298815159,2634685300,0,108.187,0,4,24.675831485587583,0.040516497735604916,0.09221700783278733,9.076214598983738e-08,0.00021338531254478182,LAPA
298815159,8669662424,0,6.233,0,4,24.213747228381376,0.04128969634811912,0.09191872333349843,2.927147268437476e-07,0.0002234791302027777,LAPA
298815404,8035682143,0,626.8639999999999,0,4,24.590022172949002,0.0406578840587551,0.0049726613080118024,0.009878207864858796,0.0002054939500831893,LAPA
298815404,2486942060,0,39.47,0,5,24.857427937915745,0.04022050362600016,0.004336512676096201,0.018557450858725448,0.00023941938948846572,LAPA
298815613,8669754037,0,7.753,0,4,25.83991130820399,0.03869124234155383,0.04840323818890674,0.12348732248363341,0.00018502070847998113,LAPA
298815613,4243513759,0,30.459,0,5,25.36740576496674,0.039411924095553594,0.0063559584374049205,0.15374634087746197,0.00022127257176368192,LAPA
298815613,2858317537,0,141.03,0,4,25.903769401330376,0.0385958605105028,0.05408501616794855,0.05583193807993291,0.00020036912017724963,LAPA
298815616,4360214375,0,149.04999999999998,0,4,26.29179600886918,0.038026244771285925,0.0015986634024156403,0.09716063169129398,0.0001946430597854282,LAPA
298815616,4243513756,0,17.65,0,7,25.737472283813748,0.038845239325958854,0.0017762189642606967,0.35196630282014185,0.00027810366622120974,LAPA
298815616,8669754037,0,7.939,0,4,26.51751662971175,0.0377025603291135,0.0003586489680108117,0.15840090058814982,0.0001806560715473677,LAPA
298815623,349648144,0,167.423,0,5,25.908647450110866,0.03858859372860468,0.014002566706054667,0.012129839427736653,0.0002333467230581204,LAPA
298815623,4243513760,0,273.83399999999995,0,4,26.092239467849225,0.03831707399979605,0.024211458723970312,0.04165920143113872,0.00019307996079062997,LAPA
298816260,8058025453,0,143.073,0,4,26.575388026607538,0.03762045805348129,0.0002876709663267978,9.047407612550613e-07,0.00022108298256362657,LAPA
298816260,349656723,0,356.517,0,4,26.238580931263858,0.03810336668469443,0.0005043639309695817,2.7980081836718757e-06,0.00022125630818079119,LAPA
298816260,349656980,0,460.165,0,4,26.065853658536586,0.038355861411910816,0.0008386902192755911,6.901977980278133e-07,0.00021932181626293455,LAPA
298816266,7840479113,0,18.046,0,5,25.24390243902439,0.039604743083003956,0.04738632906197596,0.00020019990127877825,0.00024832451299477726,LAPA
298816266,8656170696,0,7.066,0,5,25.441019955654102,0.03929788476455259,0.04681850504850385,7.639615709390591e-05,0.0002480358865851494,LAPA
298816266,7868883978,0,38.912,0,5,24.92416851441242,0.04011280335919152,0.007647934960270009,0.00010909339268377766,0.00024455249168973465,LAPA
298816266,8656170691,0,16.23,0,5,25.435476718403546,0.03930644908206496,0.006759272689964551,8.055507535378731e-05,0.0002484771958441961,LAPA
298816282,1681888691,0,45.855999999999995,0,5,26.357427937915745,0.037931556632344036,0.011691027673018278,3.1461956785962964e-08,0.00023848675524566835,LAPA
298816282,2123396436,0,61.804,0,5,26.6410199556541,0.03752777754658721,0.003667638984214139,4.405811263755469e-08,0.00024159806138641558,LAPA
298816282,298816285,0,67.559,0,5,26.516629711751662,0.03770382138974831,0.0034891989612889076,2.85207537800688e-08,0.00024258220913384992,LAPA
298816282,8677725505,0,35.32,0,5,26.810864745011088,0.03729004192958806,0.011728617268925698,5.7275067681986546e-08,0.00023333745327712142,LAPA
298816285,4646305913,0,30.174,0,4,26.6490022172949,0.03751653673026201,0.025154736465976553,2.3807224084988816e-08,0.0002029536049945602,LAPA
298816528,8677725505,0,4.596,0,5,27.566962305986696,0.03626726294368882,0.0032539323139624565,8.755603204413648e-08,0.00022859377760457087,LAPA
298816528,8677725508,0,9.215,0,6,27.775388026607537,0.035995114435565634,0.022851378697931777,1.5815012654783534e-07,0.00026891873416181634,LAPA
298816528,4646305913,0,37.773,0,5,27.24057649667406,0.036701802938423345,0.023502563168210346,6.660852711299753e-08,0.0002356523746288798,LAPA
298816528,7848237307,0,10.57,0,5,27.9860310421286,0.035724189293042934,0.0026604589291652813,8.704558682808897e-08,0.00023161665512220383,LAPA
298816536,1828990318,0,24.193,0,5,27.730376940133038,0.036053540587219345,0.011329946437036985,0.00036022897342031113,0.00023645673989763233,LAPA
298816536,929764415,0,17.236,0,5,28.049667405764968,0.03564314171883893,0.002970020307226401,0.0002679104718776643,0.00024079150138176913,LAPA
298816536,2123384298,0,16.458,0,5,27.440354767184036,0.03643459711044313,0.004305114307750002,0.0005779994955358558,0.00023182294606218694,LAPA
298816536,2123384933,0,64.614,0,6,27.976053215077606,0.03573693053926386,0.011800700846959932,0.0002864567816625234,0.0002691034512215254,LAPA
299169834,4663787990,0,25.743,0,4,25.93946784922395,0.038542744065579934,0.09474435536938633,7.986424876792385e-08,0.00021396804033895563,LAPA
299169834,6136077446,0,138.117,0,4,25.5430155210643,0.03914096476531914,0.09574468085106383,7.941118907314089e-08,0.00020147347241328777,LAPA
299169834,349656980,0,26.753999999999998,0,4,25.862527716186253,0.038657407407407404,0.0008249810725328843,1.737459783996441e-07,0.00021447508867501004,LAPA
299169921,416002333,0,123.58500000000001,0,5,29.153658536585365,0.03429340675220371,0.03747351039064877,2.1413781641226266e-10,0.0002316077032326478,LAPA
299169921,409012634,0,102.967,0,6,29.619955654101997,0.033753537047295376,0.03512327618535474,1.5315167764878845e-10,0.00027137865836972594,LAPA
299169921,7959715633,0,19.23,0,5,29.754767184035476,0.03360060807487667,0.04288066320429636,8.504952723112177e-11,0.00023227741649906234,LAPA
330115840,8049106976,0,32.260000000000005,0,4,27.7569844789357,0.036018980061349695,0.020651723991537477,0.00740797069694266,0.00021421056678287755,LAPA
330115866,8656592467,0,28.456,0,4,26.835920177383592,0.03725522597703049,0.012885050131254025,0.026177540888750614,0.0002075197179402335,LAPA
330115866,8049106976,0,18.264000000000003,0,4,27.75521064301552,0.036021282034894866,0.0002020993568199025,0.011470060735198961,0.00021302371159745876,LAPA
336145383,464946664,0,111.882,0,5,27.0529933481153,0.036956290109746,0.018461577241755053,8.658316432379679e-15,0.00023666301216262921,LAPA
336145460,336145461,0,118.08399999999999,0,6,24.974057649667404,0.040032672484973324,0.0039977640823893185,1.6711636520865572e-10,0.00024478980084945796,LAPA
336145460,1675174240,0,107.481,0,6,25.628824833702883,0.039009914695551366,0.0038573558859115965,7.267315301400472e-11,0.0002617490938463476,LAPA
336145460,9720803591,0,145.018,0,5,25.081818181818182,0.03986067769340252,0.002340726248682153,9.580460647388322e-11,0.00021819825658733627,LAPA
336145460,12988032173,0,116.16999999999999,0,5,25.61042128603104,0.03903794706630997,0.002233264227440936,9.244008653373369e-11,0.0002111228447215432,LAPA
336145461,432484475,0,149.347,0,6,24.412638580931265,0.04095330650947766,0.013837172484062013,2.4617701819471257e-10,0.0002443346799915807,LAPA
336145461,394922051,0,115.70599999999999,0,6,24.983370288248338,0.04001775016640781,0.01361030821699722,2.0530456777935604e-10,0.0002364391860924768,LAPA
336145461,336145462,0,116.64399999999999,0,6,24.76541019955654,0.04036994592271604,0.004262439060631576,2.671011055279954e-10,0.00024124283253503513,LAPA
336145462,394922049,0,115.89899999999999,0,6,24.85388026607539,0.04022624474757117,0.016047882953958495,2.9517484587652214e-10,0.00023825228145805315,LAPA
336145462,336145463,0,116.76499999999999,0,6,24.359866962305986,0.04104202506758417,0.0040744910810944675,4.2294836530236887e-10,0.00024265410849128987,LAPA
336145462,4664714607,0,53.198,0,5,24.635920177383593,0.04058213629981639,0.016221900671482853,2.2880888590547525e-10,0.00022170184805498313,LAPA
336145463,432483820,0,151.88100000000003,0,5,24.371840354767183,0.04102186195038074,0.0015964522497152035,3.9699223272571035e-10,0.00021420854801353312,LAPA
336145463,394922048,0,115.126,0,6,24.39179600886918,0.04098830074449808,0.002999649753412251,4.839212898978772e-10,0.0002372850866571798,LAPA
336145463,1833706379,0,119.965,0,6,23.88691796008869,0.0418546365914787,0.0027825145582293796,8.069821461807944e-10,0.00024032574519065566,LAPA
336145763,1833706366,0,117.238,0,6,23.330155210643017,0.042853477033615604,0.002474279871788522,1.925329898990099e-09,0.00023587300651192435,LAPA
336145763,1833706376,0,148.34400000000002,0,6,22.906430155210643,0.0436461842258102,0.02096216983067877,2.8083356229340628e-09,0.00023515225075547848,LAPA
336145763,1833706379,0,118.74300000000001,0,6,23.48869179600887,0.042564238110521645,0.002429835702509747,1.5190171130990288e-09,0.00023631697499650192,LAPA
336145766,336145768,0,116.164,0,5,24.503547671840355,0.040801368189591986,0.0027135265939757587,6.882887269571857e-10,0.00023440525533909636,LAPA
336145766,336187201,0,146.388,0,6,24.005543237250553,0.0416478086177435,0.0044705085297426575,1.2567051536426894e-09,0.000260695488874705,LAPA
336145766,394921803,0,114.86000000000001,0,5,24.62727272727273,0.040596386030305485,0.0035157327936941466,7.460988089695288e-10,0.00022512956520536015,LAPA
336145766,1833706366,0,117.42,0,6,23.918625277161862,0.04179915270735031,0.0030555919167332963,1.4746991373910045e-09,0.00024881268653874664,LAPA
336145768,336187202,0,151.75,0,4,24.393348115299336,0.04098569273001618,0.047191968739607584,3.5041090143888565e-10,0.00020492161516394441,LAPA
336145768,1842306711,0,109.449,0,4,25.1039911308204,0.03982547098985153,0.044638750716413475,2.062762323880268e-10,0.00022235720061506063,LAPA
336187200,336187201,0,116.956,0,6,23.36319290465632,0.042792878293219955,0.0009348753617445818,2.407348483561538e-09,0.00024976618874153256,LAPA
336187200,1833706366,0,147.382,0,6,23.155654101995566,0.043176421020376894,0.008669708623141748,2.6253424818067434e-09,0.00023788338640557416,LAPA
336187200,1833706364,0,136.20999999999998,0,6,22.583148558758314,0.04427098674521355,0.008873798017392043,4.670177325405283e-09,0.00023812501882381355,LAPA
336187200,1833706376,0,119.84199999999998,0,6,22.77472283813747,0.043898592207488756,0.0008875566939552393,3.5083481820864286e-09,0.0002371626306491283,LAPA
336187201,8047464952,0,74.108,0,5,23.864079822616407,0.04189469185241621,0.005057569571708566,1.1305237971330186e-09,0.00023426110134505126,LAPA
336187201,336187202,0,168.981,0,5,23.941019955654102,0.041760053346175934,0.0010905405118553165,9.188273344971129e-10,0.0002331235098485173,LAPA
336187202,1707706885,0,62.808,0,4,24.265853658536585,0.041201034366176593,0.04812529629446186,2.40432259488185e-10,0.00020973254338192568,LAPA
336187617,1834141731,0,59.443,0,5,23.989135254988913,0.04167629470103798,0.019567595822513426,2.0919671958502164e-10,0.000234238708062475,LAPA
336187617,4664714610,0,82.191,0,5,24.037250554323727,0.04159287137480629,0.04537418010457868,2.0409222165906934e-10,0.00023938965860424304,LAPA
336187617,432484475,0,133.239,0,6,23.87649667405765,0.04187290472962306,0.014281171946309675,2.9871534891187244e-10,0.0002573855696196616,LAPA
336187617,366077041,0,116.90700000000001,0,6,23.37450110864745,0.04277217579373737,0.04285501383297129,5.867084180801277e-10,0.0002599339379867783,LAPA
336187618,9720803590,0,123.35000000000001,0,5,25.299556541019957,0.039517620353896984,0.04304274069723836,3.12401796545802e-11,0.00024926648408576046,LAPA
336187618,432487982,0,45.254000000000005,0,5,25.450997782705098,0.039282478394201285,0.003999311889279624,2.2295999471053646e-11,0.0002669071551263957,LAPA
336187618,4664714610,0,40.123,0,5,24.74878048780488,0.04039707213058943,0.04470375860580631,5.7048383167836216e-11,0.00025500611596726287,LAPA
336187618,360705160,0,105.319,0,5,25.252328159645234,0.03959152851924698,0.0010878871286147925,3.2188817623195447e-11,0.0002531456723064294,LAPA
336187837,1833706362,0,143.493,0,5,21.85720620842572,0.045741356922577504,0.009262518662128792,8.773544514085159e-09,0.00022600870121457873,LAPA
336187837,394912435,0,34.957,0,4,22.60620842572062,0.04422582733389568,0.007107529240283311,4.319888046797397e-09,0.00020421335219017884,LAPA
336187837,394912439,0,32.066,0,4,22.61042128603104,0.04421758700832573,0.0023303338309901014,3.447653426642777e-09,0.00020303551133311193,LAPA
336187839,2522578907,0,11.778,0,5,21.968736141906874,0.04550913917177202,0.02033641361645522,6.304694220370142e-09,0.00021051803345326499,LAPA
336187839,1833706364,0,136.406,0,6,21.93481152993348,0.045579524088712776,0.009193530697875171,7.823345768567864e-09,0.0002395547743219949,LAPA
336187839,394913048,0,121.27199999999999,0,6,21.513082039911307,0.04647303759894459,0.02080119791408699,1.2367699832308595e-08,0.00023878088177994088,LAPA
336187839,1833706362,0,115.47899999999998,1,6,21.561862527716187,0.04636789930484143,0.00807667746888466,1.150312951871188e-08,0.00024557700295093515,LAPA
336187849,1833706363,0,38.098,0,5,30.10310421286031,0.03321179980112695,0.0058266084809204055,4.0331768202999443e-13,0.00022203146339119516,LAPA
336187849,432483014,0,129.383,0,5,29.765853658536585,0.033588093322606594,0.0014310580277225482,2.9828226059554575e-13,0.00022125087953378246,LAPA
336187849,2033283105,0,93.505,0,5,29.426385809312638,0.0339755713456858,0.004679241344663869,7.971497362730298e-13,0.00021946560013781565,LAPA
338834369,338834446,0,92.274,0,5,26.26541019955654,0.03806444532615211,0.019273070282815274,0.0273297833320312,0.00024197312254766284,LAPA
338834371,8049106967,0,35.308,0,4,27.888248337028823,0.035849446635288135,0.002664439004026067,0.00196728580688919,0.00022001779342467097,LAPA
338834373,8049106961,0,21.294,0,4,28.818403547671842,0.0346923544483,4.42230540087314e-07,0.0001466398446742415,0.00022734393613963328,LAPA
338834374,4360214612,0,21.409,0,4,28.357427937915745,0.03525631001157226,0.03240554840124815,9.50421023464017e-06,0.00022158963247182186,LAPA
338834374,8656556531,0,10.096,0,4,29.007538802660754,0.03446615299944964,4.223301657833849e-05,8.011592680183487e-06,0.00022197717955234748,LAPA
338834374,9668894946,0,2.322,0,4,28.87427937915743,0.03462521981524001,0.032723069929030846,5.077917874854122e-06,0.00022092085877231727,LAPA
338834441,338836481,0,283.43600000000004,0,4,26.326607538802662,0.037975962874685215,0.020211483488880556,0.0017659097164643503,0.00022108104488204844,LAPA
338834441,2858317533,0,70.416,0,4,26.5470066518847,0.037660678042546795,8.22548804562404e-05,0.0045138009402035,0.00021976910853148358,LAPA
338834441,4360214509,0,14.77,0,4,26.659866962305987,0.0375012475464919,0.02017544169986344,0.004032657197664448,0.00021932698052507793,LAPA
338834446,2858317553,0,80.109,0,4,26.1119733924612,0.03828811616354604,0.019462123838702602,0.02671085775889608,0.00020390255673024594,LAPA
338834446,408859980,0,183.061,0,5,25.594235033259423,0.03906263536342372,0.00033211513560557285,0.1085658580881794,0.0002265160864943621,LAPA
338836454,338836471,0,531.758,0,4,28.06762749445676,0.0356203341628155,0.0003710314231332565,1.8846424373837677e-07,0.00023512468733855423,LAPA
338836471,338836474,0,83.827,0,4,27.45831485587583,0.03641076576467453,0.00047805121383438646,6.636142144121875e-07,0.0002255430208727732,LAPA
338836471,338836495,0,71.32300000000001,0,4,27.907982261640797,0.035824097247050414,0.00048534801774582714,2.8839070142672123e-07,0.00022407816196837093,LAPA
338836474,338836495,0,91.504,0,4,27.25011086474501,0.036688961577893864,0.061562250139744853,6.618530902540393e-07,0.00022134637415346023,LAPA
338836474,338836477,0,77.265,0,4,26.776053215077606,0.03733852268963233,0.06208562998393819,2.7508602511377654e-06,0.0002224112740503391,LAPA
338836477,349656723,0,20.85,0,4,26.580709534368072,0.03761292636742048,0.0003548900084200695,4.471515584557736e-06,0.0002218191616196502,LAPA
338836477,338836478,0,34.577,0,4,26.705764966740578,0.037436795828732265,0.06198833926511898,1.0326328759387817e-05,0.00022187040253249433,LAPA
338836478,338836480,0,57.759,0,4,26.29689578713969,0.03801887031087952,0.0630576527110501,4.296898751872214e-05,0.0002217102746798564,LAPA
338836478,349656723,0,39.61,0,4,26.5,0.0377274819060369,0.0008117141563302649,1.0333200444900001e-05,0.0002216782491093288,LAPA
338836480,2858317560,0,20.406,0,4,26.111751662971177,0.03828844128935838,0.05836315441275322,9.074483922359602e-05,0.0002217102746798564,LAPA
338836480,2858317571,0,32.082,0,4,26.153880266075387,0.038226766366549675,0.008067169512272782,0.00014044498549684107,0.00022156348453541465,LAPA
338836481,2858317571,0,39.117000000000004,0,4,26.377161862527718,0.03790317835256933,0.006455460308924566,0.0005596720611403766,0.00022148662316614844,LAPA
338836481,2858317554,0,49.751,0,4,26.236141906873613,0.0381069089372491,0.01418167007479003,0.0012442002803189419,0.000221410676813183,LAPA
338836504,4664524759,0,126.53800000000001,0,4,29.481374722838137,0.03391219981799174,0.004620645798102301,3.9753730250420116e-08,0.0002221575264478133,LAPA
348738586,349732954,0,113.861,0,4,29.525055432372504,0.03386202856756635,0.004025403491144776,8.396096879266793e-10,0.00019318152232946511,LAPA
348738586,348738678,0,101.20400000000001,0,4,29.244345898004436,0.03418706214175234,0.04469336618811426,6.487105609815077e-10,0.00019357350109084034,LAPA
348738586,6892826150,0,119.546,0,4,28.943237250554322,0.03454272450089632,0.046771849726524636,2.2005471851491754e-09,0.00019143706352554559,LAPA
348738669,4664524781,0,117.219,0,5,29.834146341463416,0.03351120756287532,0.02178560309632135,1.9297666940401217e-09,0.00022374767337977482,LAPA
348738669,348742846,0,82.16000000000001,0,5,30.35077605321508,0.03294078111073771,0.0009848474127744484,1.8936475741184563e-09,0.0002258825369697205,LAPA
348738669,348742862,0,106.58000000000001,0,5,29.792239467849225,0.03355834567552079,0.00010679867543108634,2.533717415563211e-09,0.00022636403433817301,LAPA
348738678,349732937,0,124.85,0,5,29.786252771618624,0.033565090519294905,0.02120406993610653,4.976754248824481e-10,0.0002302140230588786,LAPA
348738678,409012634,0,117.99000000000001,0,5,29.535033259423503,0.03385058895069931,0.06561595638545521,2.643828842784396e-10,0.00023146605370965906,LAPA
348742846,348742902,0,107.917,0,5,30.739467849223946,0.032524254336927905,0.0008877778092252829,7.37302801550573e-10,0.00022855151634488453,LAPA
348742846,348743010,0,185.18900000000002,0,4,30.385365853658538,0.0329032823012595,0.00014460938660855167,1.4587221727492558e-09,0.00019102788350129055,LAPA
348742862,12388796640,0,117.734,0,5,29.526164079822617,0.03386075711721725,0.0018881032909027872,2.17322531786665e-09,0.0002279511280297665,LAPA
348742862,9801580409,0,77.681,0,4,29.480266075388027,0.033913475134631006,0.0016846772424626228,4.414439721146033e-09,0.00019360733123319795,LAPA
348742902,348742949,0,189.87400000000002,0,6,31.06031042128603,0.03218828971602347,8.092818883597847e-05,3.027120760129518e-10,0.0002674771295473026,LAPA
348742902,8656512826,0,171.181,0,5,31.062971175166297,0.03218553257098805,0.0027581918785245774,3.268064808672897e-10,0.0002361750689291508,LAPA
348742902,348743113,0,124.89699999999999,0,5,30.827937915742794,0.032430916178776414,0.003551995697981306,3.395828181018961e-10,0.00022849295264950988,LAPA
348743113,349732937,0,102.03799999999998,0,5,30.556541019955652,0.032718960888179376,0.0022153538905673995,4.407313477279792e-10,0.00022859600018572168,LAPA
348743113,348743128,0,91.82900000000001,0,4,30.878270509977828,0.0323780527211495,0.00166455575288865,1.828064717141089e-10,0.00018815211237783067,LAPA
349619127,4663786882,0,141.19,0,5,26.477161862527716,0.03776002411817908,0.022752319056952217,0.008946021341194517,0.00022743548926645743,LAPA
349619127,2671866217,0,168.65300000000002,0,6,26.377827050997784,0.03790222252109882,0.008222171316573386,0.006175739513513758,0.0002718332830496004,LAPA
349619127,8674237058,0,61.721,0,5,26.40332594235033,0.037865618622930995,0.02695748926264249,0.0037207289588876125,0.00023735475888372022,LAPA
349648144,1828990334,0,11.859,0,6,25.907760532150775,0.038589914758139054,0.015576686313495462,0.005371585747096254,0.00026991896292409014,LAPA
349648144,408862151,0,60.143,0,5,26.143015521064303,0.03824265298333404,0.010213756553856604,0.005192939172855271,0.00023189741684374226,LAPA
349648144,349648188,0,96.99700000000001,0,5,25.531263858093126,0.039158980772236986,0.018883686292268397,0.00702928083475531,0.00023285107518629505,LAPA
349648188,2486942060,0,29.874000000000002,0,5,25.11042128603104,0.03981527267589715,0.019471410680044435,0.013765545715012076,0.00023644822511731332,LAPA
349656980,4663787990,0,24.058,0,4,26.220177383592016,0.038130110863994995,0.00045350741885954055,1.6888476916168115e-07,0.00021725097602471693,LAPA
349732937,4664524781,0,100.379,0,5,29.9450110864745,0.03338713976838551,0.021143705467384616,8.745704460491856e-10,0.00022651970029115073,LAPA
349732937,349732954,0,103.99799999999999,0,5,30.02549889135255,0.03329764058634568,0.0025532180231941076,6.885745557610869e-10,0.00022981816873171378,LAPA
349732954,12388796640,0,101.372,0,5,29.670731707317074,0.03369577401636588,0.0010664389474205577,1.3832787061950894e-09,0.00022863323551193136,LAPA
349733255,4663733905,0,38.844,0,5,28.617073170731707,0.034936426396411056,0.03388901074797105,2.5500357596735384e-09,0.0002324161582382344,LAPA
349733255,4663733892,0,111.927,0,5,28.337250554323724,0.035281414073442305,0.020459132591329452,2.4758174499231407e-09,0.00023738019392798647,LAPA
349733255,4663733899,0,31.03,0,5,28.464745011086475,0.03512338754907459,0.03793785245774045,2.5513295093118567e-09,0.000231201669377658,LAPA
349733494,349733556,0,48.592,0,4,27.967405764966742,0.035747980306501864,0.02763653425694656,4.781664275337345e-10,0.00021273317772757213,LAPA
349733494,4663726788,0,38.09,0,4,28.53148558758315,0.03504122725895071,0.0066763544636981795,3.321223758187381e-10,0.00021436982667297438,LAPA
349733494,4663733892,0,39.266999999999996,0,4,28.33569844789357,0.0352833466359923,0.020673393288001756,6.66994539220425e-10,0.00020940678877974647,LAPA
349733556,349733629,0,33.195,0,4,27.815964523281597,0.035942606616181746,0.005060001839679047,1.1835998842662186e-09,0.00020933805758544113,LAPA
349733556,8669023837,0,56.569,0,4,27.67028824833703,0.03613183431762999,0.02296768532997474,6.199069642538248e-10,0.0002092257901433278,LAPA
349733629,8035402807,0,48.94,0,4,27.8549889135255,0.035892251603967334,0.07271839997452753,1.7071526606379677e-09,0.00020589583731921003,LAPA
360703318,8034592516,0,17.22,0,5,27.20310421286031,0.03675235968244135,0.02445800225006899,1.4680486083102478e-15,0.0002469149070905583,LAPA
360703318,1707848237,0,119.947,0,5,27.50931263858093,0.036343266138457446,0.022285765837160104,7.028814996574032e-16,0.00024888275222929087,LAPA
360703318,464946683,0,25.798,0,5,27.529268292682925,0.036316921317364304,0.019169588336434843,1.303808709096168e-15,0.00024653480359481826,LAPA
360703318,13265893814,0,229.074,0,5,27.676053215077605,0.036124307997981074,0.02162905348513044,6.616836625987355e-16,0.00025188559117533235,LAPA
360705138,360705139,0,24.979,0,5,25.475609756097562,0.03924452761216763,0.025609570576456357,1.7781986731935793e-13,0.00023965928904037757,LAPA
360705138,2098758059,0,230.14499999999998,0,5,25.64789356984479,0.03898091154298361,0.025473363570109462,5.25469640442258e-14,0.00023619526720862637,LAPA
360705138,464948269,0,25.481,0,4,25.939911308203992,0.03854208515330501,0.00039026845162705464,7.792107238784904e-14,0.00019877319901810358,LAPA
360705139,464948269,0,28.179,0,5,25.637250554323725,0.038997094028921334,0.002163612917377184,1.773169853434865e-13,0.0002428569171529125,LAPA
360705139,8027459144,0,22.374,0,5,25.744567627494458,0.038834533365487305,0.0253535190937458,2.444814714933426e-13,0.00024465091215800826,LAPA
360705139,4639696206,0,24.637,0,5,25.14190687361419,0.039765411411941086,0.0027099887496550602,4.900379197114245e-13,0.0002451514498839601,LAPA
360705143,2392147472,0,166.147,0,4,26.730376940133038,0.03740232592862949,0.02827511515683264,3.141525851745074e-14,0.00021472200489161815,LAPA
360705143,4639008475,0,105.424,0,4,26.54678492239468,0.037660992599769474,0.010022270729998797,3.2176790245582603e-14,0.00020903361201925406,LAPA
360705143,8027459144,0,80.91499999999999,0,4,25.89379157427938,0.038610732910319315,0.0379937946210615,1.3057652421254688e-13,0.0002085974097593672,LAPA
360705154,8655969836,0,15.304,0,4,27.872283813747227,0.03586998027111309,0.0007838536323047641,3.3840396682469014e-13,0.0002215332674676933,LAPA
360705154,8655969835,0,8.513,0,4,27.16319290465632,0.0368063605047916,0.04515284371926498,4.884361164806131e-13,0.0002214392253217676,LAPA
360705154,464948680,0,70.295,0,4,27.851219512195122,0.03589710928357044,0.04563177939417954,1.5396409306705512e-13,0.000221505838508465,LAPA
360705160,1834141731,0,123.69,0,4,24.574722838137472,0.040683196188826334,0.0017423883279440173,5.801808683623373e-11,0.00020522656417976451,LAPA
360705160,464948867,0,23.634,0,4,25.246341463414634,0.03960091690745734,0.0032333685938483966,2.0062055989535022e-11,0.000212440503849508,LAPA
360709309,432483950,0,390.308,0,5,23.59578713968958,0.04237104973829369,0.004970892385851453,7.182186923955791e-11,0.00024294546877677047,LAPA
360709309,1833706416,0,420.38899999999995,0,6,24.20110864745011,0.04131125912759856,0.009823266986959506,6.188887315183073e-11,0.000276944729014007,LAPA
360709309,366076083,0,564.369,0,5,24.19711751662971,0.04131807310614044,0.0,5.67883834035773e-11,0.00023884268184634638,LAPA
360709309,366077048,0,125.78599999999999,0,6,23.686252771618626,0.04220922068804119,0.015237495489248493,1.509771640149964e-10,0.0002759354043515478,LAPA
360710683,464945985,0,130.078,0,4,25.786474501108646,0.0387714214468129,0.00084709259953725,1.3152561370566215e-12,0.00021894799940832437,LAPA
360710683,464945959,0,67.723,0,4,26.314634146341465,0.03799324227538149,0.003897156634519455,5.612685484737824e-13,0.00021940633371184451,LAPA
360710683,464946075,0,128.498,0,4,26.431263858093125,0.03782559456398641,0.003432372336887688,1.7132110421160232e-12,0.0002176247880224172,LAPA
360710693,464946274,0,91.068,0,4,27.617960088691795,0.036200293841373826,0.0011666041647503344,3.715328094388487e-14,0.00021796416501650699,LAPA
360710693,4359597416,0,60.97300000000001,0,4,27.47671840354767,0.03638637830858618,0.0016997130808255915,4.155831793606061e-14,0.00021574711782807588,LAPA
360710693,464945959,0,58.284,0,4,26.890465631929047,0.03717965632111877,0.003207055876713201,1.3134487391222888e-13,0.0002189009783353615,LAPA
360710718,7169682195,0,26.439,0,4,27.846563192904657,0.03590311176227028,0.0059564031444360324,1.9159096292076895e-15,0.0002199353258062956,LAPA
360710718,751215679,0,26.521,0,4,28.025277161862526,0.03567416174818425,0.022725121878736848,1.4359549656004889e-15,0.0002205294937414229,LAPA
360710718,7169682196,0,39.225,0,4,28.342128603104214,0.035275341683421606,0.01687109510433103,1.4778434817196045e-15,0.00022101731668792293,LAPA
360713612,464946664,0,122.44200000000001,0,4,26.587583148558757,0.03760320240180135,0.000840016910895853,6.5081460446944306e-15,0.00020051910300943168,LAPA
360713612,2098758059,0,161.739,0,5,25.992239467849224,0.03846449136276391,0.000533772261885388,1.7519201164580397e-14,0.00023935418785911466,LAPA
360713612,464947872,0,49.226000000000006,0,4,26.58381374722838,0.03760853427639645,0.0009591980414493842,8.868034630376006e-15,0.00020626702464847117,LAPA
366076076,8669178842,0,96.496,0,4,27.669844789356983,0.036132413395196766,0.06762125076948114,8.552004110689389e-14,0.00022105062328127163,LAPA
366076083,366076085,0,179.176,0,4,24.734146341463415,0.04042097336644226,0.004576643859363612,1.635885141908e-11,0.00021596322291595306,LAPA
366076083,1833706416,0,103.44000000000001,0,5,24.770288248337028,0.04036199581073097,0.005011577595539486,3.180075270888637e-11,0.00024075366650086962,LAPA
366076085,7119525867,0,29.847,0,3,25.329046563192904,0.03947161090393403,0.004440657968286764,3.646588766669638e-12,0.00017657051373831797,LAPA
366076085,7119525867,1,77.339,0,3,25.329046563192904,0.03947161090393403,0.0,3.64659058085302e-12,0.000176570513738318,LAPA
366076090,7119525867,0,164.81599999999997,0,4,25.807317073170733,0.03874010877129675,0.004312189996391399,1.3679290134411648e-12,0.0002199212328419061,LAPA
366076090,1707745168,0,41.839,0,4,26.261640798226164,0.038069908814589666,0.002901695688782911,3.476723096743277e-13,0.00020538582927520302,LAPA
366076090,1707745166,0,28.067,0,5,26.34390243902439,0.03795103147015007,0.0015672650340694408,3.7679848804657843e-13,0.00024339799497000356,LAPA
366077039,7158788737,0,57.80200000000001,0,4,22.625277161862527,0.04418855350842807,0.001597557826065422,4.5407705831491463e-10,0.0002237834615231095,LAPA
366077039,394912972,0,21.451999999999998,0,5,22.368736141906872,0.04469534014650635,0.0958696109786385,8.449159203572251e-10,0.00024749903250462815,LAPA
366077039,432487967,0,42.165000000000006,0,4,22.13569844789357,0.045165878676175976,0.09579531624790383,1.6070017884646004e-09,0.0002107712585153058,LAPA
366077041,366077042,0,141.579,0,6,23.32350332594235,0.042865698884864384,0.016340418456226254,6.177804624634151e-10,0.0002563211747542466,LAPA
366077041,432483821,0,118.06800000000001,0,6,22.919955654101997,0.04362042778782807,0.04290299584657077,1.4041288377145614e-09,0.00025622731843846737,LAPA
366077041,1837045837,0,91.704,0,5,23.203547671840354,0.04308730219402186,0.016577011795172965,7.048953187677894e-10,0.00022227174195462728,LAPA
366077042,4664714607,0,99.127,0,5,24.09667405764967,0.04149030144650153,0.01678707130171444,2.7065279388735536e-10,0.0002283299258414792,LAPA
366077042,432484475,0,117.026,0,6,23.925277161862528,0.04178753139393715,0.001376442556021765,3.2978739424806665e-10,0.00025377280638712985,LAPA
366077042,432483820,0,116.96000000000001,0,5,24.026164079822617,0.04161206371472342,0.0019595235231268885,3.2475533063963406e-10,0.00022180566535256682,LAPA
366077048,2632416343,0,9.87,0,5,23.32993348115299,0.04285388431637172,0.05411774122791501,2.265222558501228e-10,0.00024072572219839764,LAPA
366077048,394912561,0,49.162,0,5,23.58048780487805,0.042398540640162484,0.00847158934118263,2.2676366105820603e-10,0.00024070597937609598,LAPA
366077048,12346048968,0,65.378,0,5,23.376274944567626,0.04276893016020564,0.06015153471686632,2.411206182048819e-10,0.00023889011441055033,LAPA
389152610,7845052416,0,830.561,0,3,28.124833702882484,0.03554788202738819,0.0032806872616377393,1.788852269376191e-09,0.00018595784591315725,LAPA
394903228,394903230,0,105.197,0,5,25.844345898004434,0.03868460337342782,0.020075718713073752,6.297154180856831e-09,0.00022984816374232262,LAPA
394903228,394909235,0,111.33200000000001,0,5,25.243458980044345,0.039605438830721665,0.015413503244203243,1.7587818733238346e-08,0.0002252052905032781,LAPA
394903230,394909281,0,90.333,0,5,26.28780487804878,0.03803201808397578,0.0007577620304396126,5.124080248295442e-09,0.00022507032972891248,LAPA
394903230,394905648,0,273.275,0,5,26.197339246119736,0.038163351671603896,0.0029277872906480623,3.058044594009879e-09,0.00023335715005675365,LAPA
394903230,394908236,0,101.702,0,6,25.798447893569843,0.0387534271299774,0.016661035597789555,4.721193855718056e-09,0.0002603276548819364,LAPA
394903234,394908236,0,102.733,0,5,26.163636363636364,0.03821251207647587,0.0001585396486213021,3.146977049142691e-09,0.00022119294107414718,LAPA
394903234,394908051,0,92.053,0,4,25.85210643015521,0.03867299065981663,0.001278267376122381,1.8084254183081408e-09,0.00018809927628294214,LAPA
394903234,394908050,0,77.435,0,5,26.46407982261641,0.03777869010414485,0.0011464826751763615,1.869854652348809e-09,0.00022634022990322637,LAPA
394905648,394908049,0,74.712,0,4,26.936141906873615,0.03711660986812861,0.0005198419998726376,1.0144590837545967e-09,0.000197988861537345,LAPA
394905648,394911333,0,91.236,0,4,26.666962305986697,0.037491269498120865,0.0029401697457705073,7.668898663809817e-10,0.0002056054297192343,LAPA
394905666,394910918,0,189.89200000000002,0,4,26.23170731707317,0.03811335108406238,0.001587828754183501,1.2884432700915047e-10,0.0002051464152878634,LAPA
394905666,394905668,0,120.26,0,4,25.676274944567627,0.03893782383419689,0.0018458702743244487,1.4483843211571291e-10,0.00019803326328436248,LAPA
394905666,394911064,0,137.758,0,5,26.188248337028824,0.03817659958174229,9.507956611877251e-05,2.8095322536010857e-10,0.00023183233019410447,LAPA
394905668,394911065,0,136.07899999999998,0,5,25.521064301552105,0.03917463075586446,0.00029828449928889333,3.4454909871831894e-10,0.00022735327944926854,LAPA
394905668,394906269,0,232.707,0,4,25.196230598669622,0.039679676156113876,0.0019599657536669758,9.457876477886202e-11,0.00020263624771237206,LAPA
394906269,394906776,0,176.745,0,4,24.778270509977826,0.0403489932885906,0.0006704214987723681,3.697613075104366e-11,0.0002098180648440387,LAPA
394906269,394906784,0,127.647,0,4,25.514412416851442,0.039184844007995136,0.001710326613787687,2.798037519084921e-11,0.00020641757665814007,LAPA
394906377,394906773,0,55.934,0,4,23.99068736141907,0.04167359840292797,0.009089164290414564,7.069925230658278e-11,0.00021145557724976336,LAPA
394906377,394910893,0,171.874,0,4,23.348337028824833,0.042820106171831226,0.16513551712670435,1.975182358481102e-10,0.00021030104631585296,LAPA
394906377,2522578875,0,428.87299999999993,0,4,23.775831485587585,0.04205019164591668,0.17032796701313957,5.090170028062386e-11,0.0002067635881498933,LAPA
394906773,394906776,0,28.691,0,4,24.402882483370288,0.040969679347974235,0.008240966114527097,4.67870805720079e-11,0.000211305343683332,LAPA
394906773,394907774,0,109.36200000000001,0,4,24.590243902439024,0.04065751744783683,0.002380748112560055,1.191746725135332e-10,0.00020485381755973656,LAPA
394906776,1707702755,0,8.723,0,4,24.193348115299333,0.04132451059461838,0.007357610610702687,4.7377819583230506e-11,0.0002075404846167756,LAPA
394906781,1707704060,0,30.666,0,5,25.319955654101996,0.03948578284133003,0.0014843468078030695,1.7070685888008218e-11,0.00024614980922539034,LAPA
394906781,394906784,0,36.169,0,4,25.198669623059867,0.03967583548915052,0.00042100347416312297,1.7147338613755476e-11,0.0002040605306437421,LAPA
394906781,1707702755,0,47.141999999999996,0,4,24.457871396895786,0.040877566746747654,0.002041778403583129,4.015672843521002e-11,0.00020360736499396115,LAPA
394906784,1707704060,0,22.901,0,5,25.749667405764967,0.03882684210073107,0.0017300058728215724,1.5296007873371974e-11,0.0002467426957205102,LAPA
394907767,394907948,0,152.696,0,6,23.302660753880264,0.0429040392026262,0.004275705976834195,2.3885519561240016e-08,0.00025608157644515427,LAPA
394907767,394907768,0,146.421,0,6,23.090687361419068,0.04329789992221934,0.0009755605714326148,1.4192654624237437e-08,0.000259327659562512,LAPA
394907767,5138649831,0,110.921,0,5,22.87139689578714,0.04371303926320892,0.0011880523459445692,1.503886768095514e-08,0.00023200131875701627,LAPA
394907768,394907975,0,127.60999999999999,0,5,22.658093126385808,0.044124554742239794,0.005917044626368262,7.775625998222016e-09,0.0002266973288060552,LAPA
394907768,394907769,0,93.613,0,5,23.30221729490022,0.04290485569923782,0.0017041353862264645,7.629950863755012e-09,0.00022057361279946444,LAPA
394907768,394908029,0,227.40699999999998,0,6,23.163414634146342,0.043161955450046426,0.004766802991601158,1.8580771077731558e-08,0.0002501089073430464,LAPA
394907769,394911487,0,123.95400000000001,0,4,24.122838137472282,0.04144530029229553,0.002800424895102916,2.0366786072645053e-09,0.00018498865589564904,LAPA
394907769,394907770,0,115.24799999999999,0,5,23.958758314855874,0.041729135432283855,0.002702249715203532,2.1348531893113228e-09,0.0002215805413781085,LAPA
394907770,394910892,0,96.486,0,5,24.04079822616408,0.04158673356452446,0.02192402125536868,8.200520942442328e-10,0.00022884249806212826,LAPA
394907770,394907771,0,137.124,0,6,24.68980044345898,0.040493574372928845,0.00012404566649449158,9.207575550749393e-10,0.00026037042018981415,LAPA
394907770,394910891,0,118.35799999999999,0,6,24.602882483370287,0.04063663154859002,0.019811264850101536,1.1053387772951225e-09,0.00025546168872903004,LAPA
394907771,394907774,0,224.32800000000003,0,5,24.940133037694014,0.040087126600284496,0.0,3.7620787193437945e-10,0.00023108412385987323,LAPA
394907771,394911065,0,117.495,0,6,25.2430155210643,0.0396061346028846,0.0018785953342909099,5.574025534074775e-10,0.0002589964420708707,LAPA
394907771,394911066,0,96.194,0,5,24.933259423503326,0.04009817784062108,0.0021837344069511565,4.028795436144315e-10,0.00022944730813862443,LAPA
394907774,394911066,0,55.99900000000001,0,4,25.00310421286031,0.03998616579759498,0.0024565906501850293,2.048110350404361e-10,0.00019696563785041968,LAPA
394907948,394907950,0,104.277,1,6,23.71707317073171,0.04215436969447665,0.02836466684120032,4.449018254782705e-08,0.0002480055452829018,LAPA
394907948,394908595,0,116.419,0,5,23.352549889135254,0.04281238131409039,0.03053955663734973,2.7727106937583173e-08,0.00022231850159626574,LAPA
394907948,394908029,0,123.29899999999999,0,6,23.577161862527717,0.04240452164426848,0.006068729701618211,2.8273636024348245e-08,0.00024686282422568866,LAPA
394907950,394907953,0,100.494,0,6,24.19911308203991,0.041314665835914165,0.02804228077747667,7.903175889159383e-08,0.00024742794858981785,LAPA
394907950,394908030,0,122.775,0,6,24.100221729490023,0.041484193868914,1.768922160349256e-05,4.964434530645347e-08,0.0002416026992919024,LAPA
394907950,394908359,0,130.497,0,5,23.87560975609756,0.04187446020115343,4.4444169278775056e-05,5.220299853712875e-08,0.00021884388880023077,LAPA
394907953,394907955,0,102.363,0,6,24.636141906873615,0.04058177105365002,0.027446596239979058,1.1291077473169898e-07,0.00025439753058483004,LAPA
394907953,394908593,0,143.44299999999998,0,5,24.27339246119734,0.04118823819571949,3.95796333378146e-05,1.241941876600897e-07,0.0002222601836674014,LAPA
394907953,394908031,0,120.96499999999999,0,6,24.4980044345898,0.04081060043806455,0.0003533422015297639,7.977758130001956e-08,0.00024458144626523425,LAPA
394907955,4360284777,0,76.892,0,5,25.198669623059867,0.03967583548915052,0.011542880442089027,8.639023957846916e-08,0.00023002942594386772,LAPA
394907955,394908032,0,119.97500000000001,0,6,24.848780487804877,0.0402345004818503,0.015750261800479733,9.502570064491077e-08,0.0002534324667574775,LAPA
394907955,394910259,0,128.966,0,5,25.017294900221728,0.039963484241500334,0.00012006559163370575,1.9737191459675402e-07,0.00023217914048804877,LAPA
394907975,394921503,0,47.964,0,4,22.48159645232816,0.04447096417863342,0.09199699813909389,2.988317460056309e-09,0.00019460060583360308,LAPA
394907975,394912523,0,143.09,0,4,22.74190687361419,0.04396193670417097,0.09256062096243517,2.1827189864280525e-09,0.0001993898980770492,LAPA
394908029,394908030,0,102.81,0,6,23.582261640798226,0.04239535146113054,0.004433582279645367,3.342779877764037e-08,0.00024045997823468919,LAPA
394908029,394908053,0,90.116,0,5,23.793569844789356,0.0420188427811274,0.006037331333272011,1.760574343545237e-08,0.00021043288559854627,LAPA
394908030,394908234,0,89.799,0,6,24.316629711751663,0.04111500164131743,0.0001779977923851439,3.143198046094966e-08,0.00024108123833979972,LAPA
394908030,394908031,0,102.08,0,6,24.06430155210643,0.04154611628121257,0.004191239943677518,5.039016772209829e-08,0.00023875619696731883,LAPA
394908031,394908032,0,103.80099999999999,0,6,24.498226164079824,0.040810231067908445,0.004195662249078392,6.189250721800145e-08,0.00024361638243788168,LAPA
394908031,394908383,0,91.997,0,5,24.714634146341464,0.04045288571095341,6.522900466287882e-05,3.917208002266922e-08,0.00020741082694600708,LAPA
394908032,394909235,0,161.274,0,6,24.805764966740576,0.040304270876164255,0.015524503109765159,4.621118757853753e-08,0.0002513630632325852,LAPA
394908032,394908033,0,95.776,0,6,25.046563192904657,0.03991678470254958,0.004188586560436995,5.218696077833892e-08,0.0002574014933907892,LAPA
394908033,8035324480,0,249.18100000000007,0,5,25.662305986696232,0.038959019155499104,0.0026131402613759386,3.766659597214356e-08,0.00023769941249000883,LAPA
394908033,4360284759,0,87.492,0,5,25.672062084257206,0.03894421364472582,0.008717469521471177,3.624261744284495e-08,0.00023452803509293161,LAPA
394908033,4646305922,0,163.67000000000002,0,5,25.588026607538804,0.03907211313495433,0.010058754749556,2.8839027837325126e-08,0.0002282412951929219,LAPA
394908049,394908050,0,36.878,0,5,27.008647450110864,0.03701696918946876,0.0005134296570413715,1.400485956278254e-09,0.0002317376051720349,LAPA
394908049,394910888,0,33.545,0,4,27.05920177383592,0.03694781090980604,0.0006655569628314076,7.205160500396484e-10,0.00019564171732019256,LAPA
394908050,394910888,0,24.738,0,5,26.92261640798226,0.03713525666894524,0.017232397455582367,1.323295431573568e-09,0.00023109321944808024,LAPA
394908050,394908236,0,167.567,0,6,26.130155210643014,0.038261474623876725,0.016521732977662053,3.280387729618088e-09,0.00026058183447184597,LAPA
394908051,4360284357,0,24.843,0,5,25.298447893569843,0.039519352124526716,0.0017748922726404349,3.084971422561643e-09,0.0002277612077752548,LAPA
394908051,4360284478,0,16.985,0,4,26.026829268292683,0.038413371840417106,0.00016340418456226252,2.4977199268905183e-09,0.00018794650604511326,LAPA
394908053,394908234,0,101.958,0,5,24.404434589800445,0.04096707370257305,0.001527243170191539,1.5609925122765347e-08,0.00021102450439669035,LAPA
394908053,4360284357,0,67.75,0,5,24.639911308203992,0.040575562874574804,0.004378524577404496,7.298457379918113e-09,0.00022038069751109077,LAPA
394908234,394908235,0,91.439,0,6,24.963414634146343,0.04004974019629613,1.9679259033885473e-05,1.4942646229772877e-08,0.0002487109045487391,LAPA
394908234,394908383,0,101.81400000000001,0,5,24.867849223946784,0.040203648554665905,0.0010728512902518238,2.021389277462201e-08,0.00020962633842307375,LAPA
394908235,4360284478,0,86.035,0,5,25.722172949002218,0.03886834415164602,0.003728666798746188,6.043926999184993e-09,0.00021976958040977425,LAPA
394908235,394908236,0,92.788,0,6,25.478270509977825,0.039240429216670876,0.00032725059966461236,6.765165563235373e-09,0.00025385679675017804,LAPA
394908235,394909239,0,88.441,0,5,25.709312638580933,0.03888778687181433,0.0031210420366662188,7.51678183735268e-09,0.0002178098154716831,LAPA
394908359,394908595,0,106.36,0,4,23.49889135254989,0.04254576335157577,0.05566709592511091,3.54399229198675e-08,0.0001914095252452273,LAPA
394908359,394908593,0,100.759,0,4,23.980931263858093,0.04169055236052296,0.055286335430095736,9.736542731142749e-08,0.00019187746381500845,LAPA
394908383,394908384,0,69.012,0,5,25.24412416851441,0.039604395218311654,0.000794246049996816,1.7320812747097005e-08,0.00021463025040894496,LAPA
394908384,394909239,0,29.959000000000003,0,5,25.949445676274944,0.03852792398660195,0.0016829083203022735,1.059352703809014e-08,0.0002191849924851909,LAPA
394908384,394909235,0,104.752,0,6,25.516629711751662,0.03918143899895725,0.0023139713010068706,2.1296259046253555e-08,0.0002555660795613447,LAPA
394908384,394909281,0,24.012,0,5,25.94390243902439,0.03853615595648124,0.00018905355588732674,1.0244797160137941e-08,0.00022025313612128084,LAPA
394908533,394910259,0,28.076,0,4,24.79711751662971,0.040318326105423165,0.00048203128869517227,4.1983332426426015e-07,0.00020544237928720133,LAPA
394908533,394908593,0,102.555,0,4,24.460975609756098,0.04087237919125445,0.05494095337828755,3.588400554152307e-07,0.00020106495026182814,LAPA
394908533,394910395,0,21.571,0,4,24.811308203991132,0.0402952662669014,0.054203976183232035,1.4618364206977403e-06,0.00021213801974631508,LAPA
394909235,4646305922,0,112.92099999999999,0,5,25.496230598669623,0.039212787421296136,0.0022867741227915006,2.2863254640236225e-08,0.00022245721399301278,LAPA
394909239,394909281,0,13.15,0,4,26.102660753880265,0.03830177620346067,0.0011800921962229975,5.712012804364374e-09,0.00018313689849084512,LAPA
394910228,8035324475,0,167.09799999999998,0,4,26.809977827050997,0.03729127554522673,0.0071431287987603394,2.3268629724896486e-06,0.00022072448994187537,LAPA
394910228,1684166698,0,33.725,0,4,26.4059866962306,0.03786180315892888,0.004856796906508926,6.370504926433357e-07,0.0002200736606091041,LAPA
394910228,1684166695,0,34.608000000000004,0,4,26.77339246119734,0.037342233411733525,0.0024745009870585657,5.908094299555252e-07,0.00021942719177754343,LAPA
394910258,394910259,0,23.869,0,4,25.18980044345898,0.03968980511592698,0.0002237686532841809,4.426740413895229e-07,0.00020888298394623932,LAPA
394910258,394910395,0,24.829,0,4,25.241463414634147,0.039608569997979605,0.00587282157235953,1.4846771378224174e-06,0.00021557862440535307,LAPA
394910258,1684166698,0,139.569,0,4,25.838359201773837,0.03869356651878041,0.005100908164637124,4.92713813769793e-07,0.00021740154381585,LAPA
394910395,7868883975,0,291.41700000000003,0,4,25.156762749445676,0.039741928660197254,0.04890008420069483,6.3047489271698615e-06,0.00021564585708943714,LAPA
394910888,394910889,0,27.661,0,4,26.63968957871397,0.03752965167089767,0.018035267001110883,4.848403402227045e-10,0.0001945969967294999,LAPA
394910889,394911063,0,134.822,0,4,26.808647450110865,0.03729312612172993,0.0002951888855082821,2.5268265160042995e-10,0.000196260554300281,LAPA
394910889,394910890,0,101.951,0,5,26.072505543237252,0.03834607567163037,0.017884908617481196,5.452468129073242e-10,0.0002271196245772397,LAPA
394910890,394911064,0,134.171,0,6,26.12461197339246,0.03826959311503794,0.00023283437935597083,5.924687616572714e-10,0.00026083845083432137,LAPA
394910890,394910891,0,123.922,0,6,25.36829268292683,0.03941054618874059,0.01812946210614948,8.537886425486543e-10,0.00025544670759611483,LAPA
394910890,394911410,0,173.41500000000002,0,5,25.565631929046564,0.03910633906037242,0.00031884821940295343,1.01201432826317e-09,0.00022262272401628842,LAPA
394910891,394911487,0,146.237,0,5,24.83436807095344,0.040257850236154386,3.758959590742169e-05,1.0071641883575482e-09,0.00021985513515865857,LAPA
394910891,394911065,0,134.385,0,6,25.401330376940134,0.039359287709497204,0.0013264705049918985,7.419837689416018e-10,0.0002540877106100865,LAPA
394910892,394911066,0,135.937,0,4,24.354767184035477,0.04105061908230153,0.0007577620304396126,3.0217408157960755e-10,0.00019639586982144472,LAPA
394910892,394910893,0,78.14999999999999,0,4,23.60487804878049,0.042354731443386126,0.022934518039468194,3.4335669906753504e-10,0.0002031295185968512,LAPA
394910893,394912523,0,17.507,0,4,22.80620842572062,0.04383798708874543,0.15702169229245236,6.927339920205288e-10,0.00020625400155890316,LAPA
394910918,394911333,0,48.474,0,4,26.638137472283812,0.03753183838585627,0.0016276295027913593,2.0957468572788034e-10,0.0002113715151855749,LAPA
394910918,4661264813,0,55.619,0,4,26.969179600886918,0.03707114140309625,0.00037523261326408597,1.1981461274359088e-10,0.00021120162876605707,LAPA
394911063,4661264813,0,5.802,0,4,26.966740576496672,0.037074494326591025,0.002166266300617708,1.5102906266726996e-10,0.00020475195665334512,LAPA
394911063,394911064,0,103.854,0,5,26.439911308203992,0.037813223306833045,0.002213142737866963,2.999045971749076e-10,0.00023147671819986467,LAPA
394911064,394911065,0,121.566,0,6,25.76807095343681,0.03879911198306572,0.0025125328135060746,4.806638916472567e-10,0.000259479453848293,LAPA
394911333,4661264813,0,70.646,0,4,27.104434589800444,0.036886151127690385,0.0014507372867564336,2.1280805766971067e-10,0.00021131633575550824,LAPA
394911410,4360284357,0,37.686,0,5,25.35809312638581,0.0394263979364316,0.003061340913754431,2.7747130706687355e-09,0.00022542028876073282,LAPA
394911410,394911487,0,122.68199999999999,0,4,24.88470066518847,0.04017642341619888,0.002476933255029046,1.1653898632282e-09,0.00018596371442735843,LAPA
394912435,2122138787,0,51.043,0,4,22.93259423503326,0.043596387755496686,0.09640095097255341,9.539231753714849e-09,0.00020853853131908592,LAPA
394912435,394912439,0,31.613,0,4,23.023725055432372,0.043423827729999906,0.08952758280324633,3.559250295634621e-09,0.00020812377198446127,LAPA
394912523,394912597,0,28.305,0,4,22.260532150776054,0.04491259524876737,0.07142332783788183,1.3366509054752276e-09,0.00019659180588455855,LAPA
394912560,394912561,0,4.899,0,4,23.054545454545455,0.043365776717704085,0.008900774080337369,4.722765329961637e-10,0.00020752602423733382,LAPA
394912560,394912600,0,166.68299999999996,0,4,22.398226164079823,0.04463649322879544,0.0506913390033185,1.5984415383196628e-09,0.0002114557549936612,LAPA
394912560,394912604,0,50.702,0,4,22.817738359201773,0.043815835503556576,0.04220648274593325,7.046886837774805e-10,0.00021155027475421533,LAPA
394912561,2632416343,0,40.345,0,4,23.593348115299335,0.04237542995695731,0.0002334977251661018,2.382081049207296e-10,0.0002032487999342024,LAPA
394912563,13120278388,0,17.611,0,5,21.49490022172949,0.04651234758928019,0.08542169335380566,2.5551696542721573e-08,0.00024353182533018298,LAPA
394912563,2634685307,0,119.664,0,5,21.547450110864744,0.04639891334547588,0.005054252842657912,7.165152042762943e-08,0.0002481009328895562,LAPA
394912563,432487968,0,55.464,0,5,21.457871396895786,0.046592611728235596,0.005635564887602686,2.553662850545705e-08,0.00023394137561610423,LAPA
394912597,394912598,0,115.895,0,5,21.88359201773836,0.04568620497492274,0.06447566493784007,3.4636146814796263e-09,0.00022436353277077573,LAPA
394912597,394913054,0,126.04599999999999,0,5,22.378935698447894,0.044674969533038074,0.006800621245462715,1.4952958289164067e-09,0.00022705951127012774,LAPA
394912598,1833706362,0,118.304,0,6,21.50820399113082,0.04648357765819262,0.06537560408691777,9.33217272378459e-09,0.0002542956251804675,LAPA
394912598,394921503,0,122.596,0,5,22.01352549889135,0.045416544958249816,0.006016767613157951,4.004182290989724e-09,0.0002266701996808936,LAPA
394912598,1833706360,0,111.42699999999999,0,6,22.014855875831486,0.04541380039682939,0.0049804003424633305,4.132598167231323e-09,0.00025664363198190515,LAPA
394912600,9344479035,0,215.42900000000003,0,4,22.37649667405765,0.044679839077270654,0.03392859038130886,1.6377101244364234e-09,0.00020709551845820854,LAPA
394912600,13120278388,0,52.638,0,4,22.02328159645233,0.045396425874653916,0.0846798516228092,6.554092526015555e-09,0.00021041328422501845,LAPA
394912604,432487967,0,26.424,0,4,22.258536585365853,0.044916621839698766,0.09605667449709543,1.5889751758729232e-09,0.00021050997619307513,LAPA
394912604,2632416343,0,47.253,0,4,22.852328159645232,0.043749514864550185,0.05399458002250069,4.706202515031945e-10,0.00020727305045108388,LAPA
394912972,394913040,0,148.051,0,5,22.173835920177385,0.045088196472141115,0.019198112206270476,1.5468314942776265e-09,0.00023436950107339621,LAPA
394912972,1837045837,0,93.618,0,5,22.569844789356985,0.04429708222811671,0.0166647945573803,7.586449501297756e-10,0.00023467436395251982,LAPA
394912972,432484477,0,94.764,0,5,22.5430155210643,0.04434980180782736,0.09326045079212335,5.856566531659116e-10,0.00024507991149725066,LAPA
394913040,394913044,0,141.775,0,5,21.848337028824833,0.04575992530648697,0.017831619837400677,5.324605599347187e-09,0.00022031291785496205,LAPA
394913040,1837045824,0,66.768,0,4,22.41419068736142,0.044604700854700856,0.0026023056131437993,1.5524486119666295e-09,0.00018832943086278742,LAPA
394913044,394913048,0,112.85800000000002,0,6,21.607760532150778,0.04626940718925409,0.054421111378414905,1.1786995762386902e-08,0.0002443792977450811,LAPA
394913044,432487968,0,47.32,3,5,21.69356984478936,0.046086387702119834,0.005670058869729496,9.546661244350689e-09,0.0002224449856400148,LAPA
394913044,1833706377,0,145.466,0,6,21.85809312638581,0.04573950091296409,0.041552202661874066,6.775582379320931e-09,0.00025009198166780225,LAPA
394913048,1833706375,0,158.866,1,6,21.692682926829267,0.046088271970889466,0.02117598829681099,1.138613152644228e-08,0.00023576125842023152,LAPA
394913054,1707721350,0,40.327000000000005,0,5,22.746784922394678,0.043952509065387765,0.005387252439343659,9.252160573045477e-10,0.00022973703445902625,LAPA
394913054,1833706360,0,118.409,0,6,22.280266075388028,0.044872815572628476,0.018622549158346838,2.1642793158766806e-09,0.0002594493590045661,LAPA
394921803,1833706370,0,119.77799999999999,0,5,24.593126385809313,0.040652752107469686,0.001990037430392913,6.73124837084661e-10,0.00022054044638652198,LAPA
394921803,394921896,0,55.587999999999994,0,4,25.4450110864745,0.03929172076648919,0.005241095245844802,2.802082357934861e-10,0.00020238582194408703,LAPA
394921896,1842306711,0,23.828,1,4,25.784257206208427,0.0387747555616707,0.045362239879996324,1.1193454416441881e-10,0.0002263017876908014,LAPA
394921896,1837045836,0,56.091,0,4,25.894235033259424,0.03861007167139053,0.044713045447148145,1.1119522753463844e-10,0.00021165200200337262,LAPA
394922048,432483819,0,121.905,0,6,24.98181818181818,0.04002023644690595,0.0014454305202753859,3.5196959195480316e-10,0.0002348574144493311,LAPA
394922048,394922049,0,116.31400000000001,0,6,24.919955654101997,0.04011958465686144,0.0007971205485073835,3.5614776356790265e-10,0.00023288325962394308,LAPA
394922049,394922051,0,118.15299999999999,0,6,25.322172949002216,0.03948232533295973,0.0005311188786448641,2.3337829416292634e-10,0.00023344863501549476,LAPA
394922049,394923340,0,124.565,0,6,25.299113082039913,0.03951831304393553,0.015870106276843394,2.2169127940554663e-10,0.0002339767798529188,LAPA
394922051,432484474,0,129.517,0,6,25.419955654101997,0.03933044904225254,0.013426119197050853,1.5892774916652697e-10,0.00023326366861575322,LAPA
394922051,12988032173,0,118.313,0,5,25.514855875831486,0.03918416295884316,0.00026578055459247575,1.3062829267296454e-10,0.00020312398632169848,LAPA
394923340,432484474,0,119.93,0,6,25.74279379157428,0.03883720930232558,0.013266695087349376,1.4724069708823113e-10,0.0002337918134531773,LAPA
394923340,1833706381,0,57.938,0,5,25.999113082039912,0.038454322166882715,0.013413294511388322,1.3394115569048657e-10,0.0002044497174042166,LAPA
394923340,394923341,0,120.792,0,6,25.713968957871398,0.03888074502026386,0.0154690031769842,1.334918106942742e-10,0.00023641335929333132,LAPA
394923341,1833706380,0,56.471,0,5,26.40332594235033,0.037865618622930995,0.012479966956534045,9.262752776149299e-11,0.00020594610986283336,LAPA
394923341,432480625,0,121.381,0,6,26.143237250554325,0.03824232863467508,0.010625915417217982,9.731896636980057e-11,0.0002363491764928374,LAPA
394923341,394923342,0,118.28699999999999,0,6,26.254988913525498,0.03807955409171523,0.01676518088998012,8.960114206747375e-11,0.00024086059332903545,LAPA
394923342,432484473,0,120.62100000000001,0,6,26.808869179600887,0.03729281767955801,0.006302227426784312,6.437842342011856e-11,0.0002441977190243393,LAPA
394923342,1258936625,0,140.796,0,5,26.96962305986696,0.03707053184579843,0.0185175194050761,4.776035742779107e-11,0.00021626093867852298,LAPA
394923342,432480866,0,118.09199999999998,0,6,26.419290465631928,0.03784273736687061,0.008285631399075916,8.959200292712837e-11,0.00024612934427334224,LAPA
394923348,2634544159,0,114.789,0,5,29.516629711751662,0.03387169471153846,0.00548343758181265,1.1398583553325414e-12,0.0002168588885228529,LAPA
408491606,2130279046,0,364.32800000000003,0,4,27.3470066518847,0.036558965419386226,0.0011360902574843097,4.573044451553658e-11,0.00023160288941983064,LAPA
408491606,12596271453,0,21.228,0,3,26.922172949002217,0.037135868356682235,0.014129929101599813,2.7034728270807693e-11,0.00018593150527914976,LAPA
408491794,2130277080,0,328.499,0,4,28.035476718403547,0.03566118316988295,0.0026976062945326157,2.1343773742618526e-10,0.00022378426180665826,LAPA
408491794,1480312977,0,125.73599999999999,0,4,27.664745011086474,0.036139074121569636,0.006564470137056089,1.9931492627270368e-10,0.00023823926581596582,LAPA
408858056,408858058,0,36.871,0,5,22.228159645232815,0.04497800476812736,0.08587055735199428,3.2732554296901886e-07,0.0002459012072831842,LAPA
408858056,3037706862,0,34.578,0,5,21.822172949002216,0.04581478997744315,0.06865761804017577,1.2106144648169298e-07,0.00023609658747403156,LAPA
408858056,408858136,0,44.592,0,5,22.34922394678492,0.04473436182350315,0.05958260512704399,1.642891607510577e-07,0.00024334774109554798,LAPA
408858056,4638959848,0,34.532,0,5,22.46407982261641,0.044505640934529626,0.07687492482080818,1.1955532372988156e-07,0.00024127134640720757,LAPA
408858058,12386721795,0,85.98,0,4,22.495565410199557,0.04444334926814844,0.09486707434426056,1.208286476261122e-06,0.00021690278505512038,LAPA
408858058,408858136,0,35.724000000000004,0,4,22.62572062084257,0.044187687422825896,0.009337255623403548,3.0532444139993804e-07,0.00020627426152613454,LAPA
408859980,8656592467,0,77.427,0,5,25.84390243902439,0.03868526716771337,0.034004211803663795,0.10831877069642122,0.00023003528621795221,LAPA
408859980,408859990,0,281.716,0,5,25.53569844789357,0.03915218033100047,0.0029839505692391514,0.11140008148852258,0.0002204378907893508,LAPA
408859980,4243513756,0,112.35499999999999,0,8,25.397560975609757,0.0393651292527697,0.03758362579513051,0.3625655121916932,0.00031328048794443554,LAPA
408862151,1828990334,0,63.14,0,5,26.524390243902438,0.03769278996865204,0.012223694358553448,0.003002400296866293,0.00023142883233437514,LAPA
408862998,2671866215,0,149.77900000000002,0,4,26.482705099778272,0.0377521203647111,0.022343919153181586,0.0015227993837049559,0.00019783526190637535,LAPA
408862998,1828990318,0,63.596000000000004,0,4,26.843680709534368,0.037244455457811916,0.011221157724175507,0.0007306017853191677,0.00019817355307484168,LAPA
408862998,1828990334,0,67.822,0,5,26.237028824833704,0.038105620769211264,0.011585113458667366,0.0021507652018845653,0.00023388377485437684,LAPA
408863018,2130307227,0,124.69299999999998,0,4,27.04079822616408,0.03697295701658002,0.05785414706111273,2.0608941464364763e-06,0.00021223717835693618,LAPA
408863018,3457678563,0,284.897,0,5,27.63259423503326,0.03618112226475049,0.002396005066193067,4.8128984821402825e-06,0.0002532576413673701,LAPA
408863018,12892639738,0,218.01399999999995,0,4,27.154323725055434,0.03681838224486796,0.059905875651847816,6.176992185209135e-06,0.00022708478938304822,LAPA
408864649,408864658,0,205.14200000000002,0,2,32.32527716186253,0.03092868362748393,0.0006648936170212766,1.1354298736479322e-09,0.00013587251027989016,LAPA
408864658,5696770678,0,28.747999999999998,0,4,31.937250554323725,0.03130445649381756,0.0007172979360216234,4.157352732507744e-09,0.00024249940094873805,LAPA
408864658,5696770669,0,27.863,0,4,31.691352549889135,0.03154735251315348,0.0006120470674808426,2.497616282792396e-09,0.00024249940094873805,LAPA
408864663,408864666,0,156.584,0,4,28.62017738359202,0.034932637108082774,0.00307880902008788,6.969135718310492e-08,0.00021885531363950334,LAPA
408864663,5696770680,0,168.144,0,4,29.32350332594235,0.034094775763899916,0.0030237513178470094,4.2769682349685975e-08,0.00022153989864464961,LAPA
408864663,408910297,0,120.323,0,4,28.974279379157426,0.03450571651590982,4.0242979147945577e-05,1.5521723336286286e-07,0.0002194508128336408,LAPA
408864666,408864683,0,579.596,0,4,27.88957871396896,0.03584773656008014,0.00359091198550899,5.367992347692671e-08,0.00021243353968748556,LAPA
408864666,408910297,0,58.992000000000004,0,4,28.334146341463416,0.03528527941026865,0.00044864288291858006,1.5680737193188337e-07,0.0002178600706091498,LAPA
408864683,7848237307,0,15.251999999999999,0,4,27.945232815964523,0.035776344290780984,0.0023464752457032882,5.428325184201796e-08,0.00020040594109858108,LAPA
408864683,4646305913,0,57.007999999999996,0,4,27.36917960088692,0.03652934742982136,0.0019040235903459305,3.3846192115860554e-08,0.00020421070971556745,LAPA
408867460,2634678781,0,77.46199999999999,0,4,23.593126385809313,0.042375828203561866,0.045620944745947405,5.71485058236484e-09,0.0002089603289655732,LAPA
408867460,8660218396,0,10.033999999999999,0,4,24.05831485587583,0.04155645466023981,0.004628163717283785,1.803657375880027e-08,0.00021853488022619878,LAPA
408867460,8660218395,0,5.663,0,4,24.097782705099778,0.04148839263532724,0.04081522546681856,1.2305361818984109e-08,0.0002149335259508573,LAPA
408908965,2123383618,0,117.352,0,5,28.534146341463416,0.03503795973237806,0.022330652236978964,2.3804028659433592e-05,0.00022488527100262128,LAPA
408908965,7848237305,0,71.783,0,6,28.411973392461196,0.03518862476392639,0.021979521188149637,9.968730832617631e-06,0.00026813495987009005,LAPA
408908965,2123401661,0,61.159,0,5,27.91840354767184,0.03581072495075926,0.0003537844320698512,1.1362880359352679e-05,0.0002299777857188926,LAPA
408908965,929764398,0,50.327,0,5,28.308869179600887,0.035316785851354636,0.00029297773280784553,9.050358094729115e-06,0.00023085918654166155,LAPA
408908966,8677725501,0,70.652,0,4,28.13968957871397,0.03552911512095185,0.0310443627988594,1.3472658083939915e-06,0.00019878225593303943,LAPA
408908966,8677725508,0,84.88000000000001,0,5,27.803104212860312,0.03595923184892178,0.031496985756638764,3.9804179509787835e-07,0.00023549665757274294,LAPA
408908966,2123399252,0,254.40800000000002,0,4,28.189356984478934,0.035466515644910095,0.00036174458179142287,5.398863979482896e-07,0.00020726761745123445,LAPA
408908972,8035348392,0,8.904,0,4,27.407982261640797,0.036477631259606826,0.0012362554748140864,8.520758559838623e-07,0.0002188170968463094,LAPA
408908972,929764410,0,177.666,0,4,27.074944567627494,0.03692632751334884,0.002159190611976311,3.6546129851488518e-06,0.00021363701224196517,LAPA
408908972,8035348385,0,11.887,0,4,26.7430155210643,0.03738464982464286,0.0014242034543511949,8.47019389030475e-07,0.0002175172868725243,LAPA
408910294,7987301225,0,160.78799999999998,0,4,28.894678492239468,0.03460077504508307,0.007888508374077507,7.65172768279376e-07,0.00021681222349913962,LAPA
408910294,408910297,0,70.314,0,4,28.56230598669623,0.03500341572475469,0.000847755945347381,6.404891182026744e-07,0.00021590819815885847,LAPA
408910294,929764398,0,291.337,0,4,28.57161862527716,0.03499200670505518,0.007659211839042235,2.676830354994958e-06,0.0002039105108233969,LAPA
408910357,5820771050,0,12.723,0,4,29.326829268292684,0.03409090909090909,0.0020136967642875843,4.210994841774325e-05,0.00021868488218253578,LAPA
408910357,2123384933,0,15.202000000000002,0,5,28.853436807095342,0.034650231693166014,0.0015449323917950315,0.00012798022485521252,0.00023296768936306007,LAPA
408910357,2123384935,0,33.983000000000004,0,5,28.78691796008869,0.03473029908572045,0.001119064381690948,7.669139538200951e-05,0.00023136302123517294,LAPA
408910365,7987770912,0,5.629,0,4,29.286031042128602,0.03413840096910963,0.0008030906607985623,1.4436784254203077e-06,0.00022571698161889955,LAPA
408910365,7987770913,0,26.97,0,4,29.428159645232817,0.03397352340624317,0.0006889951814560353,2.137291602009013e-06,0.00022848601009439382,LAPA
408910365,7987339397,0,14.301,0,4,29.101773835920177,0.03435454746321877,0.0012269686334722527,3.914201508280597e-06,0.00022432471371218617,LAPA
408943146,8669272602,0,8.149,0,4,27.87760532150776,0.035863133112751334,0.06827973204367116,1.1940199673819541e-12,0.00021792165174861787,LAPA
408943146,8669178842,0,21.185,0,4,27.863636363636363,0.0358811124815979,0.06748858160745495,2.954546371909993e-13,0.0002208914806489533,LAPA
408943146,8669178845,0,17.954,0,4,27.590022172949002,0.036236950599127224,0.0004999416255687085,3.068782793831386e-13,0.00022122831429661997,LAPA
408943607,8669023838,0,113.28,0,4,26.80820399113082,0.03729374302138042,0.03439226910259041,1.0210095554888273e-12,0.00022227769243532167,LAPA
408943607,10839555036,0,169.743,0,4,26.28048780487805,0.03804260704492723,0.03251544269045985,1.0426088282264199e-12,0.00022255688005603865,LAPA
408943607,1837045831,0,220.38299999999998,0,4,26.643015521064303,0.03752496671105193,0.0025647160172363776,3.9873518276975583e-13,0.0002238661828965147,LAPA
408943819,2735425566,0,16.919,0,4,28.67827050997783,0.03486187460858674,0.08435237990787454,1.4337706105880646e-15,0.00020847903001824168,LAPA
408943819,751215679,0,351.83899999999994,0,4,28.19356984478936,0.035461216015351585,0.022630263427888122,1.934202831898378e-15,0.00021783457099886457,LAPA
408944948,464945990,0,83.6,0,4,24.94057649667406,0.0400864138262122,0.006130863092500478,3.0353701417243487e-12,0.00021835760340675316,LAPA
408944948,3845468214,0,24.2,0,4,25.671840354767184,0.03894455000863707,0.003410260809883322,8.885506621389272e-13,0.0002207326488899932,LAPA
408944948,3845468212,0,23.148,0,4,25.258536585365853,0.0395817971136627,0.002872508473137148,1.1331035284119059e-12,0.0002207923294825999,LAPA
408944988,416006623,0,54.511,0,4,28.229933481152994,0.03541553759513655,0.06656542535502268,1.2220902474306767e-17,0.00022020519633135854,LAPA
408944988,8660322097,0,161.017,0,4,27.789356984478935,0.03597702066544323,0.03274230695752464,7.601838686845919e-17,0.00021825596984374277,LAPA
408944988,4639696402,0,111.189,0,4,28.338137472283815,0.035280309847032586,0.07862394660685351,1.0899150879980778e-17,0.0002126310162356511,LAPA
408945238,8660322097,0,8.441,0,4,28.070731707317073,0.035616395074210695,0.03253158410517304,1.4132860382200836e-16,0.00021929698016650643,LAPA
408945238,408945240,0,95.949,0,4,28.327272727272728,0.035293841385140426,0.03298862936835328,1.0444253547198304e-16,0.00021952664938465014,LAPA
408945238,3809391092,0,12.873000000000001,0,4,27.662527716186254,0.0361419708555764,0.00038208718663543934,3.392110726116993e-16,0.00021812007539679615,LAPA
408945240,1707745194,0,8.562,0,4,29.276718403547672,0.03414926006149745,0.031452541587359995,8.589712228723119e-17,0.00021800611454280563,LAPA
408945240,1707745200,0,15.334,0,4,29.227272727272727,0.03420703258354512,0.0016450976091248082,6.944439637461258e-17,0.00021914776361413294,LAPA
408945242,1707745192,0,29.762,0,5,28.523059866962306,0.03505157844821555,0.001651731067226118,8.255550491953021e-16,0.000245621443593252,LAPA
408945242,1707745193,0,19.366,0,5,28.39268292682927,0.03521253250657941,0.03179969256132853,8.188792393356366e-16,0.000245621443593252,LAPA
408945242,8660337696,0,8.819,0,5,28.507982261640798,0.03507011690038967,0.03334926837379448,1.301249242547507e-15,0.00024398090005126773,LAPA
408945242,1707745188,0,12.27,0,5,27.61640798226164,0.03620232838217583,0.0002713084363435671,1.9305374754408984e-15,0.00024033828539064665,LAPA
411055733,411055740,0,66.972,0,4,26.827272727272728,0.03726723475299816,0.0020665433138280184,9.020348063583438e-10,0.00021214253962767923,LAPA
411055733,4663726752,0,23.067,0,5,27.29490022172949,0.03662875710804224,0.001809607370037289,1.3123022455595905e-09,0.00024823401092708997,LAPA
411055733,8669023837,0,24.463,0,4,27.48758314855876,0.03637199622486267,0.0007166345902114924,7.004426764053582e-10,0.00020696880684993067,LAPA
411055740,1675174233,0,130.971,0,4,26.73192904656319,0.03740015427874686,0.002086664803401991,2.500888237674013e-09,0.00021795069457004545,LAPA
411055740,411055759,0,253.373,0,4,26.33880266075388,0.0379583796343065,0.0,7.733632682166482e-10,0.00021856866441155072,LAPA
411055759,411055762,0,46.669,0,4,25.97782705099778,0.038485831341754866,0.00017003764266357223,4.002785220122393e-10,0.00022050974087188335,LAPA
411055759,4663726771,0,52.141000000000005,0,4,26.46407982261641,0.03777869010414485,0.0004948559743577044,7.296266434687281e-10,0.00022052255110009442,LAPA
411055762,4663726771,0,23.825,0,4,25.80221729490022,0.03874776570878592,0.0014368070247436832,6.456861948393779e-10,0.00022078213596882505,LAPA
411055762,411055786,0,536.999,0,4,25.37161862527716,0.03940537989617744,0.001289986485434695,1.9743196635416435e-10,0.00021982226423919067,LAPA
411055786,10839548493,0,19.493000000000002,0,4,25.46252771618625,0.03926469051516946,0.00018839021007719577,5.2038567963021455e-11,0.00021887520273776732,LAPA
411055786,411055788,0,28.936,0,4,25.02860310421286,0.039945428290470326,0.0016873306257031465,5.918278346252205e-11,0.00021621029046761677,LAPA
411055788,10839548493,0,21.041,0,4,25.086031042128603,0.03985398363061041,0.033035063575062446,3.2695506273594076e-11,0.00021621029046761677,LAPA
411055788,1833706386,0,64.965,0,4,24.613747228381374,0.0406186941481695,0.03508126428404645,6.471543885033552e-11,0.00020510104384725684,LAPA
411056164,4947094341,0,10.819,0,5,28.24988913525499,0.03539052014410511,0.0008163575770011817,2.1685179664346822e-13,0.0002486182502458512,LAPA
411056164,4638964893,0,35.504000000000005,0,4,27.824833702882483,0.03593114989242171,0.0018885455214428745,3.4158071619672766e-13,0.00020993653257708563,LAPA
411056164,411056393,0,105.263,0,4,28.16031042128603,0.035503098352007434,0.000747811843287648,1.390980031026825e-13,0.0002066717384809148,LAPA
411056393,8035402803,0,3.525,0,4,28.24279379157428,0.03539941118743867,0.017470096370879297,7.839660376630028e-14,0.0002103420893313903,LAPA
411056393,4947094341,0,106.13000000000001,0,5,28.105543237250554,0.03557228060210168,0.01696794359261015,1.785068903496498e-13,0.0002486374655881678,LAPA
411056666,411056672,0,220.76099999999997,0,4,27.860532150776052,0.03588511034532157,0.0007469273822074733,7.408874188763826e-14,0.0002221472328939163,LAPA
411056666,13121268960,0,317.15399999999994,0,4,27.95720620842572,0.03576102215137167,0.017436044619292573,2.832906052778748e-14,0.000222658124298434,LAPA
411056666,8035402803,0,179.013,0,4,28.406651884700665,0.03519521676007306,0.0170917681438346,4.7038341227393886e-14,0.00021728243174650949,LAPA
411056672,925079439,0,25.642,0,4,27.513747228381376,0.03633740843118135,0.0011128731541297258,2.2410292364176236e-13,0.00022123763423609425,LAPA
411056672,432486279,0,53.345000000000006,0,4,27.998447893569846,0.035708346202276024,0.00010790425178130462,1.3477500860353047e-13,0.00022680803154556713,LAPA
411057242,1837045834,0,215.442,0,4,28.064745011086476,0.03562399266820466,0.0006093936842403188,4.6031543511607625e-14,0.00023973764429198132,LAPA
411057242,3809385606,0,52.983999999999995,0,2,28.512860310421285,0.03506411702036658,0.0006648936170212766,2.5203411961423052e-14,0.0001349490435344417,LAPA
411057242,432486279,0,81.806,0,4,27.881818181818183,0.0358577142993471,0.0014177911115199288,1.017034557495673e-13,0.00023960110233010843,LAPA
411058573,7170061299,0,12.941,0,5,27.713968957871398,0.03607488599087927,0.001336420692143863,1.628039152300878e-14,0.00025301316853810373,LAPA
411058573,1707745173,0,154.22700000000003,0,5,27.840133037694013,0.03591140420041574,0.003988477241047485,2.1026184989014773e-14,0.0002447781650137044,LAPA
411058573,411059654,0,194.718,0,5,27.341685144124167,0.036566080884917,0.005166137169300002,1.3246820982075064e-14,0.0002532939385987762,LAPA
411058573,4359597285,0,178.25,0,5,27.879157427937916,0.0358611365172784,0.0006861206829454677,9.489945355479571e-15,0.00026114835268341513,LAPA
411059652,411059654,0,72.418,0,4,26.817073170731707,0.037281408904874115,0.006153637965314975,2.3821816556317762e-14,0.00021520181823519988,LAPA
411059652,3845468223,0,23.082,0,4,26.90709534368071,0.03715667773648342,0.005075258793312059,4.200042877485335e-14,0.0002194105068059958,LAPA
411059652,3845468219,0,25.65,0,4,26.426829268292682,0.03783194193900239,0.0015416156627443766,7.731480035473521e-14,0.00021939129146367927,LAPA
411059654,3809392977,0,322.31100000000004,0,4,27.380266075388025,0.03651455642385715,0.0006887740661859915,6.923313010129948e-15,0.0002151633875505668,LAPA
416002333,4663733899,0,79.161,0,4,28.87028824833703,0.03463000652816712,0.03789937840075285,7.004945199023642e-10,0.00019220129816082957,LAPA
416002333,416002341,0,178.349,0,5,29.336363636363636,0.034079829487479875,0.00021779854099300216,2.3238619692741785e-10,0.0002311216846632533,LAPA
416002334,416002438,0,159.158,0,5,28.685144124168513,0.034853520909020635,0.02417320578225276,1.271505597946267e-11,0.00023967092282442415,LAPA
416002341,432487960,0,33.179,0,5,29.787139689578716,0.033564091112103615,0.02000429848084965,1.0702174008887829e-10,0.00023366135681646052,LAPA
416002341,432487959,0,95.278,0,5,29.15720620842572,0.03428923413866265,0.051504158735998985,2.2480330579623364e-10,0.00023668089052437727,LAPA
416002341,8669272569,0,235.06100000000004,0,6,29.22128603104213,0.034214040732084866,0.03151710724621274,1.1560202117502986e-10,0.0002691913222920266,LAPA
416002438,8669272602,0,32.61,0,4,28.319955654101996,0.03530296031255138,0.026207908497194492,3.406938383419715e-12,0.000210962917367922,LAPA
416002602,416006623,0,172.83599999999998,0,4,28.742572062084257,0.03478388323600429,0.066192182779189,-3.0070086579023188e-18,0.0002252890165518201,LAPA
416003354,4639696402,0,36.625,0,5,28.945454545454545,0.03454007844098542,0.0630965689985778,-1.022381605846637e-17,0.0002496240384433031,LAPA
416003354,1707848244,0,17.372,0,5,28.283148558758313,0.0353489028434347,0.007775297355815155,1.7590317155966415e-18,0.00024893059375134975,LAPA
416003377,577319840,0,353.892,0,5,26.633259423503326,0.03753871257784142,0.001436364794203596,8.28950862334449e-15,0.00024369757867940308,LAPA
416003377,3845468240,0,14.462,0,4,26.536585365853657,0.0376754679144385,0.001844322467434143,1.1837516215066354e-14,0.0002119048739256008,LAPA
416003377,3845468231,0,15.190999999999999,0,4,27.088913525498892,0.036907285689729966,0.00018441013521640996,6.123110599736081e-15,0.00021174911662141132,LAPA
432480481,1837045836,0,55.768,0,4,25.92239467849224,0.03856812933025404,0.044211777129959176,8.408969983833669e-11,0.0002072280496790953,LAPA
432480481,1833706369,0,152.93699999999998,0,5,25.409312638580932,0.03934692310377325,0.0030153489375853507,1.566802702802759e-10,0.00023399271091579415,LAPA
432480481,1842301946,0,82.629,0,4,26.207538802660753,0.03814849910318454,0.04137442598475897,4.948634633631863e-11,0.00021929892638522462,LAPA
432480498,432483819,0,117.88100000000001,0,6,25.038137472283815,0.03993021731814881,0.015224891918856004,3.06127805086929e-10,0.00023683869704351838,LAPA
432480498,432480624,0,123.19999999999999,0,6,25.031263858093126,0.039941182202301334,0.013946845658003667,2.8531428811691357e-10,0.00023639459649731559,LAPA
432480498,4638959869,0,87.324,0,5,25.30687361419069,0.03950619447316312,0.003724686723885402,2.860673966825658e-10,0.00020596737901159572,LAPA
432480499,432480626,0,116.25,0,6,26.411086474501108,0.037854492335073965,0.020178095083103965,6.433798345384999e-11,0.0002442589116008097,LAPA
432480499,12988032173,0,132.28,0,5,26.021729490022175,0.03842090015167266,0.002051286360195006,7.558633245172474e-11,0.000207102113040127,LAPA
432480499,432487986,0,79.783,0,6,26.561862527716187,0.037639614671853346,0.010666600626906015,5.1733454002787536e-11,0.00025305131799171674,LAPA
432480499,432484474,0,117.46900000000001,0,6,25.92660753880266,0.038561862326711084,0.01594373766176793,1.0388577828882364e-10,0.0002374247362808264,LAPA
432480624,432483818,0,117.40799999999999,0,6,25.46230598669623,0.039265032437845605,0.010701315724302869,2.0508211766604333e-10,0.000237348774590807,LAPA
432480624,432480865,0,117.15199999999999,0,6,25.57028824833703,0.03909921784221571,0.026709397929653506,1.800286373362618e-10,0.00024241464843547398,LAPA
432480625,432480626,0,117.194,0,6,26.31507760532151,0.037992602017172084,0.01060645727345414,7.152007380251888e-11,0.00024056180597266665,LAPA
432480625,432484474,0,117.405,0,6,25.829046563192904,0.038707517447999384,0.010529509159478947,1.1106786634077512e-10,0.00023372763065268335,LAPA
432480625,432484473,0,119.653,0,6,26.364079822616407,0.03792198617348741,0.010317017384966992,7.209623797484287e-11,0.0002396863021881412,LAPA
432480626,469057221,0,95.811,0,5,26.922838137472283,0.037134950832633296,0.02899285532339435,3.854874887878054e-11,0.00021475545975548584,LAPA
432480626,432487988,0,128.99,0,5,26.902660753880266,0.03716280258136832,0.00023747780002688764,3.582253800881025e-11,0.0002138690248461235,LAPA
432480865,432480866,0,115.55,0,6,25.997782705099777,0.03845628997867804,0.009297233759525646,1.1681174674983265e-10,0.00024858992454100806,LAPA
432480865,4639843361,0,51.098,0,5,26.194235033259424,0.038167874314349565,0.018573240453127103,7.925331371906298e-11,0.00022686747792679364,LAPA
432480866,432483818,0,117.14300000000001,0,6,25.965853658536584,0.03850357795501511,0.0011719109312313821,1.4186520859025574e-10,0.00024352405069634101,LAPA
432480866,432483637,0,210.255,0,5,26.638802660753882,0.03753090119110046,0.0019241450799199033,6.46988072672518e-11,0.0002245786431350934,LAPA
432480982,1833706373,0,117.419,0,6,27.184257206208425,0.03677784031125358,0.0005729096646831153,3.020173093803378e-11,0.0002565871041888713,LAPA
432480982,4639843360,0,147.98600000000002,0,5,26.626164079822615,0.037548715898870794,0.019632161481366175,2.8018529821505395e-11,0.0002293117673227433,LAPA
432480982,9423624575,0,53.638000000000005,0,5,27.44611973392461,0.03642694414373657,0.0014149166130093612,1.6049379327949695e-11,0.00022310070359603688,LAPA
432480984,9423624575,0,67.58500000000001,0,5,27.805986696230597,0.035955504166500535,0.0012397933191347849,1.0625018381514571e-11,0.00022985313196902866,LAPA
432480984,4639843361,0,184.035,0,5,26.98470066518847,0.03704981881825129,0.01747385533047004,2.1304006501687047e-11,0.00023811307729628496,LAPA
432480984,432481045,0,110.80099999999999,0,6,27.61441241685144,0.03620494455641114,0.01590238910626977,9.241754463467738e-12,0.00026989075458164815,LAPA
432480984,432480985,0,72.218,0,5,27.817960088691795,0.03594002821638942,0.0021415013903728184,8.590181558508119e-12,0.00023797947524898587,LAPA
432480985,9356146496,0,22.724,0,4,28.26541019955654,0.035371086548946086,0.001668314712479392,5.516207070538985e-12,0.0002043382899038001,LAPA
432480985,9356146500,0,32.573,0,4,28.454767184035475,0.0351357037660425,0.0003641768497619031,3.66166275791348e-12,0.00020318096083260512,LAPA
432481045,432482186,0,128.615,0,5,28.266740576496673,0.03536942180526031,0.008424934019203419,3.733659188943321e-12,0.00022960988781401358,LAPA
432481045,4638959856,0,72.319,0,6,28.303547671840356,0.03532342595711678,0.01119418166123018,4.208163044786388e-12,0.0002775078590767527,LAPA
432481045,432481051,0,67.919,0,5,28.384257206208424,0.03522298516556912,0.002053276397625399,5.706561966025543e-12,0.00022609726854201848,LAPA
432481051,9423624575,0,110.808,0,4,27.989135254988913,0.03572022720250968,0.00041945566727281735,7.08982043863296e-12,0.00018576130323814024,LAPA
432482181,1833706372,0,118.332,0,6,28.64079822616408,0.034907486258419135,0.0015254742480311897,3.830232299648232e-12,0.0002609377800238999,LAPA
432482181,432482622,0,103.02,0,5,28.62971175166297,0.034921003717472116,0.018471969659447106,2.994263814074814e-12,0.00022756886769635307,LAPA
432482181,4638959860,0,59.313,0,5,28.73082039911308,0.03479811076125208,0.0014080620396380078,3.1073197309744844e-12,0.00022733443016112242,LAPA
432482186,4638959860,0,60.49,0,4,29.066075388026608,0.03439674112046869,0.0011531161332776713,1.551914082717159e-12,0.0001919350641990498,LAPA
432482186,432482607,0,100.006,0,5,28.86341463414634,0.034638253414660376,0.00849701759723765,1.175249871675229e-12,0.00023420508112482002,LAPA
432482376,1833706368,0,126.5,0,5,26.39068736141907,0.03788375258355598,0.0011000484684671936,6.150834110874659e-11,0.00022546929309022972,LAPA
432482376,432482388,0,236.83599999999998,0,4,27.22039911308204,0.03672900850412173,0.015902610221539812,1.9535492313661638e-11,0.0002014215500868924,LAPA
432482388,4638959868,0,82.713,0,4,28.097117516629712,0.03558294796319386,0.0003882784141966617,9.797618101125526e-12,0.0001998403263234746,LAPA
432482389,4638959867,0,79.706,0,5,28.593569844789357,0.034965143419899654,0.0010976162004967135,4.427438742098825e-12,0.0002391783695287286,LAPA
432482389,453551178,0,17.466,0,5,29.389135254988915,0.034018635180504735,0.000450632920348973,2.0399897172055178e-12,0.0002559917857007383,LAPA
432482389,469064837,0,126.686,0,5,29.179379157427938,0.03426317829162836,0.013749610837124724,2.1332465034055555e-12,0.00023578897473597232,LAPA
432482518,432483014,0,118.21299999999998,0,6,29.96829268292683,0.033361202157490916,0.011636854431857581,1.7687726346798528e-13,0.0002635916976653202,LAPA
432482605,8651877922,0,48.859,0,5,30.291352549889137,0.03300540208177786,0.01061441742317571,2.421411771739589e-13,0.00024138867420661657,LAPA
432482607,469064628,0,58.24100000000001,0,5,29.592017738359203,0.03378540386632699,0.003161948361624295,7.031790416010112e-13,0.0002368400371017218,LAPA
432482622,469064628,0,60.17,0,4,29.29290465631929,0.03413039035356632,0.002910540299584657,9.668028727711325e-13,0.0001946177666061773,LAPA
432482623,432482682,0,118.218,0,4,29.825277161862527,0.03352117283216367,0.00029496777023823846,2.0788315074113991e-13,0.00019092693428597083,LAPA
432482682,432483014,0,68.46600000000001,0,5,29.76341463414634,0.03359084576817921,0.018085460167410795,2.0792953785096877e-13,0.00022680097772903422,LAPA
432483637,9356146496,0,26.866,0,4,27.472727272727273,0.03639166437991316,0.0023639433520367373,1.5422314827506536e-11,0.0002025695194880851,LAPA
432483637,1828179133,0,83.315,0,4,27.4430155210643,0.03643106457242583,0.0024919690933920143,1.5520686525392465e-11,0.000204747788534759,LAPA
432483642,1828177922,0,41.003,0,4,28.621064301552106,0.03493155460524787,0.0061388232422220496,2.126914177356966e-12,0.0002115907623251338,LAPA
432483642,1828179133,0,25.445999999999998,0,4,28.08869179600887,0.03559362172402905,0.013642591046423593,4.3754034543350045e-12,0.00021219543035269248,LAPA
432483642,4638959857,0,97.356,0,4,28.752328159645234,0.03477208054105326,0.017750028302754566,1.524338133848654e-12,0.0002111211829582714,LAPA
432483818,1833706380,0,60.031,0,5,25.992682926829268,0.03846383512330777,0.010733819668999285,1.294186544437852e-10,0.00020654720705829465,LAPA
432483818,432483819,0,121.55699999999999,0,6,25.427050997782704,0.039319473996302624,0.0013488031472663079,2.258956266706041e-10,0.00023779287513700975,LAPA
432483819,1833706381,0,58.647000000000006,0,5,25.580931263858094,0.03908295050706423,0.015163864104323955,1.89553837993999e-10,0.0002051675931047489,LAPA
432483820,2634685313,0,27.976,0,4,24.34966740576497,0.04105921669686843,0.003768025316813959,2.882394802380223e-10,0.00019252742605346476,LAPA
432483821,1837045824,0,87.676,0,5,23.051884700665187,0.043370782193836326,0.0020099378046968424,1.4634955835795066e-09,0.00022377771406355807,LAPA
432483821,2634685311,0,71.347,0,5,23.246119733924612,0.04300839374284624,0.0020044099229457506,1.3518027949439523e-09,0.0002268494217316548,LAPA
432483821,1833706377,0,128.377,0,6,22.55277161862528,0.044330616538692205,0.04268453395976764,3.505181926547541e-09,0.00025299519462849973,LAPA
432483848,3845468211,0,11.302,0,4,24.303547671840356,0.04113713289967065,0.03188283190286495,7.619224471929705e-12,0.00022001319692296198,LAPA
432483848,464948257,0,20.305,0,4,24.25809312638581,0.0412142152023692,0.002856588173694005,7.59076136589277e-12,0.00021789050156831026,LAPA
432483848,4272312982,0,625.8719999999998,0,4,23.723946784922394,0.04214215617552222,0.029589866552512226,3.2954020900900746e-11,0.0002178213367969183,LAPA
432483950,7156584138,0,127.22800000000001,0,4,23.70709534368071,0.0421721115984998,0.005197756652916245,3.851001293366189e-11,0.00020766150583364208,LAPA
432483950,7158788737,0,416.85699999999997,0,4,23.145232815964523,0.04319586147434976,0.0005193997693325503,1.1279716618332717e-10,0.00022223840733752055,LAPA
432484045,469057221,0,13.01,0,4,27.668957871396895,0.03613357160601665,0.028170748749372036,1.5135733853987282e-11,0.0001896936541945911,LAPA
432484045,1675174232,0,53.058,0,4,28.39689578713969,0.03520730850316233,0.007902880866630345,6.797848715568556e-12,0.00019546201686263066,LAPA
432484045,8973852752,0,212.70200000000003,0,4,28.275609756097563,0.03535832751738902,0.020032380120145195,4.241769587868603e-12,0.00019627911453659754,LAPA
432484047,1675174232,0,30.902,0,4,28.37250554323725,0.03523757424195061,0.0062078112064756705,5.157470750720956e-12,0.00019351721874578164,LAPA
432484047,432488009,0,200.38299999999998,0,4,28.929046563192905,0.03455966888939986,0.000770365600832101,2.2032842920192956e-12,0.00019390011924450484,LAPA
432484047,432484471,0,125.578,0,5,28.37250554323725,0.03523757424195061,0.005129432034472755,5.919182498764281e-12,0.00022768161539189484,LAPA
432484470,9749143068,0,166.02100000000002,0,5,28.84922394678492,0.034655291676273924,0.0050458504623962525,2.043265397100324e-12,0.00022156796356904575,LAPA
432484470,432484471,0,75.30499999999999,0,6,28.275609756097563,0.03535832751738902,0.01344469287973452,5.796567732541208e-12,0.000257431493517477,LAPA
432484470,2634544159,0,166.589,0,5,28.901108647450112,0.034593076781439885,0.001903139129265756,2.2393398054013455e-12,0.0002193235929495994,LAPA
432484470,1741785617,0,116.34699999999998,0,6,28.870953436807095,0.034629208650774145,0.009995294667053472,2.236912320520412e-12,0.0002495781489098086,LAPA
432484471,1707751758,0,39.531,0,6,27.6589800443459,0.03614660659601417,0.014376472627698492,1.607021879117868e-11,0.0002589748218630043,LAPA
432484471,439660013,0,174.09,0,5,28.30088691796009,0.03532674694641836,0.005533851863382604,5.465861608892853e-12,0.00022841584197973318,LAPA
432484473,469057221,0,122.10900000000001,0,5,26.973170731707317,0.037065656108969246,0.0015900399068839376,3.912491287280508e-11,0.00021391511115300608,LAPA
432484473,1707751758,0,78.022,0,6,27.023725055432372,0.036996315957891976,0.01481538643873515,3.915924166756561e-11,0.0002507794543899395,LAPA
432484475,9720803591,0,119.14799999999998,0,5,24.52350332594235,0.040768166653104405,0.0013611856023887526,1.7486526121815905e-10,0.00021778194869095347,LAPA
432484476,464948839,0,132.411,0,4,23.841463414634145,0.04193443385259242,0.045001821989825164,4.849739767290906e-11,0.000214163336901255,LAPA
432484476,432484477,0,31.934,0,4,23.16008869179601,0.04316815379312986,0.06319319637158687,1.4502055701235998e-10,0.00020967281673380062,LAPA
432484476,1834141731,0,96.05600000000001,0,4,23.83370288248337,0.04194808819425063,0.0179249304813591,7.860738928302649e-11,0.00020689588493718147,LAPA
432484477,4272312982,0,120.554,0,4,23.104212860310422,0.0432725527831094,0.02990163908327378,1.3723146282688043e-10,0.00021211831212865123,LAPA
432486279,10839555035,0,24.302,0,4,27.46829268292683,0.0363975395941299,0.0019486888748947492,3.9007975137789206e-13,0.0002273786035426916,LAPA
432486548,432486693,0,23.212,0,4,28.91552106430155,0.034575834489950844,0.02293849811432898,2.2248460176916117e-11,0.00022045592643083953,LAPA
432486548,8049246364,0,26.966,0,4,28.35631929046563,0.035257688428065405,0.02069351477757573,2.1054913805505792e-11,0.0002211976179587689,LAPA
432486548,4663734093,0,28.106,0,4,28.751662971175165,0.034772885015809364,0.002489757940691578,4.526106543862819e-11,0.00022056305940997519,LAPA
432486693,432487952,0,85.223,0,4,29.401552106430156,0.03400426844443104,0.0028212097304870197,2.0443294779830614e-11,0.0002198610250473519,LAPA
432486693,4663733925,0,68.207,0,4,29.203547671840354,0.034234822486105626,0.020155099095019422,4.3643046267364256e-11,0.00021773262804003095,LAPA
432487024,8049246364,0,130.88400000000001,0,4,27.75609756097561,0.036020131011343666,0.025125770365600833,1.2113329461569804e-11,0.00022151773372037524,LAPA
432487024,432487025,0,21.367,0,4,28.03968957871397,0.03565582520817024,0.0003241549858840012,3.127378627685211e-12,0.00022169105933753986,LAPA
432487024,8669023838,0,23.388,0,4,27.32638580931264,0.03658655328540595,0.02499862908532573,3.0322373387574754e-12,0.00022180635139143918,LAPA
432487025,8669023838,0,16.337,0,4,27.495565410199557,0.03636143703882908,0.009385016521732977,1.5107096128215005e-12,0.00022180635139143918,LAPA
432487025,3931456879,0,270.357,0,4,28.15011086474501,0.035515962097403056,0.009242397172554819,1.6738233180830502e-12,0.00022151480566821272,LAPA
432487952,3931456880,0,42.894999999999996,0,4,28.76940133037694,0.034751445086705204,0.0034969379957404357,1.1808943705654938e-11,0.00022045299837867698,LAPA
432487952,4663733925,0,99.95,0,4,29.050776053215078,0.03441485586060037,0.0010797058636231771,4.212150523754656e-11,0.00021773262804003097,LAPA
432487955,8049246367,0,129.299,0,4,28.794678492239466,0.034720938828312696,0.011787876161297398,3.1261368731833462e-12,0.00021756417134245382,LAPA
432487955,3931456879,0,75.656,0,4,28.603547671840357,0.034952946465946266,0.008847927530796934,1.9534653778870384e-12,0.00022068064941069423,LAPA
432487955,3931456880,0,72.08,0,4,28.897560975609757,0.03459732367564913,0.003186049926059054,3.4306421278640725e-12,0.00022053385926625247,LAPA
432487959,4663733925,0,70.972,0,4,29.08470066518847,0.0343747141158174,0.02105150039977641,1.709867785407185e-10,0.0002083883662613241,LAPA
432487959,4663733905,0,134.387,0,4,29.137250554323725,0.03431271830696528,0.03388281952040983,6.916178820562095e-10,0.0001985645530403273,LAPA
432487960,4663733918,0,47.291999999999994,0,4,30.78070953436807,0.03248067655469994,0.01804654387988311,2.6524557579069943e-11,0.00019582760487158555,LAPA
432487960,4663733921,0,48.416999999999994,0,4,30.78159645232816,0.032479740680713125,0.0017846213445223556,2.7958464409197853e-11,0.00019441464948504738,LAPA
432487967,432487968,0,282.266,0,4,21.918847006651884,0.045612721791733264,0.00015146395997990504,6.530973012451379e-09,0.00020063678715088727,LAPA
432487973,8655969836,0,13.148,0,4,27.047671840354766,0.03696356109357708,0.0006710848445824991,7.636460443270087e-13,0.00022108860804585006,LAPA
432487973,8653246703,0,14.01,0,4,26.17960088691796,0.038189209790802064,0.0004227723963234722,1.9794637355925634e-12,0.00022045449731679888,LAPA
432487973,432487978,0,141.79500000000002,0,4,26.771175166297116,0.037345326243601845,0.0005611905553708015,1.5806897055516379e-12,0.0002207813940759178,LAPA
432487978,464948410,0,157.33499999999998,0,4,26.786031042128602,0.037324614047431814,0.001667209136129174,1.3567014713260736e-12,0.00021266568660073244,LAPA
432487978,432487982,0,65.60900000000001,0,4,26.180487804878048,0.03818791605264495,0.0025576403285949806,5.1648701304630554e-12,0.00022719101400918242,LAPA
432487982,4664714620,0,68.088,0,4,26.33281596452328,0.037967009371763456,0.001993354159443568,5.038911414609993e-12,0.0002647309619871279,LAPA
432487984,464947756,0,121.837,0,4,26.78181818181818,0.03733048532114649,0.0008196743060518365,7.351163971632459e-12,0.0002040371690977336,LAPA
432487984,432487985,0,62.611,0,4,26.818625277161864,0.03727925127323236,0.0011157476526402932,9.53829692046047e-12,0.000200220685440936,LAPA
432487984,1675174240,0,121.84,0,5,26.26740576496674,0.038061553525906164,0.002103690679195353,2.3341828727446715e-11,0.000237431657442813,LAPA
432487985,464947756,0,156.74,0,4,27.30643015521064,0.03661329089255554,0.00021934634788330776,6.6540364146144055e-12,0.00020332231472045817,LAPA
432487985,432487986,0,67.687,0,5,27.32461197339246,0.036588928380154824,0.000900602494887815,1.855875425573295e-11,0.00023237065608053433,LAPA
432487986,432487988,0,100.65199999999999,0,5,27.005764966740575,0.03702092022726526,0.000420340128352992,2.321799741678377e-11,0.00022227422531797801,LAPA
432487986,432487997,0,107.65299999999999,0,5,27.158093126385808,0.03681327204591658,0.00908894317514452,1.7632529775743618e-11,0.0002317586476001311,LAPA
432487988,432487994,0,220.66299999999998,0,5,27.317073170731707,0.03659902597402597,0.0003086769169809452,1.2337701956274675e-11,0.00022406339697570858,LAPA
432487994,464947526,0,276.985,0,5,27.63547671840355,0.03617734843865336,0.0003208382568333463,4.068096352359032e-12,0.0002318605207564089,LAPA
432487994,432488000,0,89.063,0,6,27.785365853658536,0.0359821884576098,0.0012537235811475352,4.4174140548110426e-12,0.0002690430106421109,LAPA
432487994,432487998,0,78.775,0,5,27.92350332594235,0.03580418469845555,0.0014766077733515414,4.7875200542319814e-12,0.00023299683738557447,LAPA
432487997,464947747,0,265.434,0,4,27.614855875831484,0.03620436315168255,7.296803911440682e-05,4.813281488480644e-12,0.00020255945031337843,LAPA
432487997,432487998,0,67.025,0,4,27.511973392461197,0.0363397512874862,0.008735822088884801,5.024015776985124e-12,0.00019785888899672004,LAPA
432487998,464947723,0,260.074,0,4,27.78780487804878,0.03597903018599938,0.007003826178632835,2.213379033133857e-12,0.00019893075595975312,LAPA
432488009,9749143068,0,127.75200000000001,0,4,29.410421286031042,0.0339940139172654,0.0022529434864748212,9.90536428016486e-13,0.00019106485490277657,LAPA
439660013,2634544159,0,25.975,0,4,28.96851441241685,0.03451258343028596,0.007384144443107926,1.9086429894298814e-12,0.0001891301789315752,LAPA
439660013,1828177922,0,16.941,0,4,28.83259423503326,0.034675279732379743,0.011080749527697784,2.3418621638476956e-12,0.00020217458386796272,LAPA
453543118,453543165,0,85.971,0,4,26.84966740576497,0.037236151025666436,0.0125111442096102,2.54738819291973e-14,0.0002135039956471112,LAPA
453543118,1853399828,0,190.59799999999998,0,4,26.718625277161863,0.037418776607663004,0.0456417295813315,2.909899120103206e-14,0.0002106958525121932,LAPA
453543136,1853394745,0,162.649,0,4,26.839246119733925,0.03725060927754141,0.0062350083846910405,3.3476466692576044e-14,0.0002173247660356623,LAPA
453543136,2348890943,0,87.159,0,4,26.617073170731707,0.03756154044800613,0.007809349107401878,1.2747841090383442e-13,0.0002196051440210749,LAPA
453543165,453543176,0,169.755,0,4,27.670509977827052,0.03613154478580701,0.0006379175540759505,6.486807663336743e-15,0.00020869758528839458,LAPA
453543165,453543166,0,125.333,0,4,27.63769401330377,0.03617444603116025,0.011390532021028948,6.108235954538338e-15,0.00021027278013249876,LAPA
453543166,1853394143,0,92.595,0,4,28.120620842572063,0.035553207594777016,0.008746877852386984,1.822765602734268e-15,0.000204246848088553,LAPA
453543166,453543167,0,249.374,0,4,27.948558758314856,0.035772086824067025,0.002169361914398319,2.0008781435317297e-15,0.00020389675447467028,LAPA
453543167,453543194,0,92.231,0,4,28.446341463414633,0.035146110855619556,9.286841341833595e-05,1.2185826598707348e-15,0.00019810111642659794,LAPA
453543167,453543171,0,285.005,0,5,28.063858093126385,0.03562511851336831,0.0018175675197588607,2.51100306104922e-15,0.0002371361398362894,LAPA
453543171,453543187,0,165.69299999999998,0,5,28.417738359201774,0.03518148622077963,0.000809724118899872,2.702061866915133e-15,0.0002347693237233629,LAPA
453543171,1853394739,0,66.401,0,5,28.07649667405765,0.03560908193484699,0.0033299959668574744,5.831436168818686e-15,0.00024091972533859474,LAPA
453543171,12156837811,0,154.85500000000002,0,6,28.310643015521066,0.03531457303749187,0.0010138135131501675,2.8108415026190757e-15,0.00026908763070410916,LAPA
453543175,1853394143,0,65.162,0,5,28.495565410199557,0.035085398591604096,0.002999649753412251,1.4609128417292947e-15,0.0002390428798817934,LAPA
453543175,453543177,0,95.829,0,5,28.282039911308203,0.03535028850978424,0.003295944215270751,1.1887245205076285e-15,0.00024208725552390907,LAPA
453543175,453543176,0,125.96900000000001,0,5,27.957649667405764,0.03576045491676514,0.00025251363838985633,2.5458713134287286e-15,0.00024150260232299033,LAPA
453543175,12156837811,0,253.50800000000004,0,6,28.13148558758315,0.03553947648435837,0.0009718016118418725,1.935206136957699e-15,0.00027069849458414744,LAPA
453543176,1853399827,0,72.36500000000001,0,4,27.71529933481153,0.03607315434093891,0.0004263102406441707,3.848972266634364e-15,0.00020706280620482836,LAPA
453543177,453543178,0,93.641,0,4,28.534368070953438,0.035037687466003574,0.0018531670782358893,3.928808766194296e-16,0.00020891103988362355,LAPA
453543177,1853399830,0,248.622,0,4,27.956541019955655,0.03576187303702294,0.0010219947781417826,5.899843659400003e-16,0.00021005438319505258,LAPA
453543178,453543197,0,140.774,0,4,28.84988913525499,0.034654492633326414,0.0010671022932306888,3.2251099236346317e-16,0.0002082150978265989,LAPA
453543178,453543179,0,65.215,1,4,28.63547671840355,0.0349139733325074,0.0007226047025026711,2.1231436745935936e-16,0.000213153663436941,LAPA
453543187,453543188,0,63.704,0,4,28.39490022172949,0.03520978283786633,0.0005202842304127249,2.911916606282274e-15,0.0002021491968167757,LAPA
453543187,453543195,0,84.949,0,5,28.805764966740576,0.03470757578090121,0.000709780016840139,1.6527323731953883e-15,0.00023512471414645816,LAPA
453543188,453543193,0,42.354,0,4,28.596230598669624,0.034961890066605154,0.004222417196753674,2.575714088422804e-15,0.0002064745371842651,LAPA
453543192,453543197,0,63.87,0,4,28.96230598669623,0.03451998162609095,0.0004926448216572678,4.004092714582153e-16,0.00020794112170813533,LAPA
453543192,453543193,0,140.56,0,4,28.551884700665187,0.03501619178528994,0.0008207798824020549,7.720000425813237e-16,0.00020751047256840774,LAPA
453543193,453543195,0,65.759,0,5,28.680266075388026,0.03485944892847203,0.0037375114095479344,1.317962767325199e-15,0.00023972375669997678,LAPA
453543194,12156837811,0,57.327,0,5,28.745232815964524,0.03478066352465655,0.005129874265012843,1.5161801687434823e-15,0.00023131196980868187,LAPA
453543194,1853394143,0,248.506,0,4,28.662084257206207,0.0348815620503458,0.0052831071471530966,1.0388624965266589e-15,0.00019845121004048063,LAPA
453543195,12156837811,0,137.971,0,6,28.687139689578714,0.034851096391222684,0.0045613869057306005,1.7518159747281485e-15,0.00026945547970209206,LAPA
453543195,453543197,0,152.937,0,5,29.07738359201774,0.0343833642165946,0.00022664315179474843,9.371054258853528e-16,0.0002401808401223893,LAPA
453550899,453551002,0,562.973,1,4,26.795565410199558,0.03731133324506818,0.0,1.4062685355587043e-13,0.000230651574297604,LAPA
453550899,453551020,0,277.556,0,4,26.313968957871396,0.037994202703158175,0.0007321126591145484,2.3431897856923085e-13,0.00023092525041736676,LAPA
453550899,4663682952,0,93.458,0,4,27.12350332594235,0.03686021892141555,0.0009866163349347976,6.911957549499495e-14,0.0002514989387894523,LAPA
453550919,1842239466,0,47.479,0,4,25.204878048780486,0.03966606260006686,0.04611557960503506,3.5734607592653082e-12,0.00020248893456293468,LAPA
453550922,453551020,0,292.02799999999996,0,4,25.32239467849224,0.03948197961542503,0.0013824126683129436,9.016803991730384e-13,0.00022288044311781214,LAPA
453550922,1842234188,0,43.002,0,4,24.5019955654102,0.04080395279808876,0.05593707766983422,3.890137529057825e-12,0.00021619059297140535,LAPA
453550930,453550988,0,87.33600000000001,0,4,26.524390243902438,0.03769278996865204,0.005077912176552583,1.3013728680379242e-14,0.00019751676492256015,LAPA
453550930,10081156661,0,249.54700000000003,0,4,25.81640798226164,0.038726466950666484,0.031055418562361582,5.1046993884751826e-14,0.00020143071575709593,LAPA
453551002,453551020,0,195.32699999999997,0,4,26.135920177383593,0.03825303504619378,3.537844320698512e-06,2.6195771374113727e-13,0.00022592949133688737,LAPA
453551160,1842209921,0,99.354,0,2,32.49490022172949,0.0307672362028495,0.0006648936170212766,-1.5369480867680853e-17,0.0001570886762536602,LAPA
453551178,1842209922,0,77.816,0,2,29.597782705099778,0.033778823247381747,0.0006648936170212766,6.774303160731226e-13,0.00012290193940038246,LAPA
453551186,1833706363,0,40.102999999999994,0,5,30.763636363636362,0.03249870264660094,0.0005795431227844251,3.5307416162702316e-13,0.000228363038676311,LAPA
461151891,9749143068,0,116.275,0,5,29.44722838137472,0.03395152363956719,0.0027466938844823074,7.125720997310876e-13,0.00022856892582680678,LAPA
464945882,464946274,0,41.016,0,4,28.128159645232817,0.035543678758927305,0.0013295661187725095,1.9535624854443456e-14,0.00021721527251851113,LAPA
464945882,464945909,0,62.46,0,4,27.684478935698447,0.03611331363079363,0.00015544403484069088,3.427984480072701e-14,0.0002169826366500249,LAPA
464945882,7170061299,0,110.373,0,4,28.149667405764966,0.03551652160214249,0.0008789331984235366,1.7732950460449593e-14,0.00021416832980309877,LAPA
464945909,464945959,0,198.624,0,4,26.999113082039912,0.03703004122661498,0.00032680836912452505,1.2979864699147594e-13,0.00021834190327773976,LAPA
464945909,7170061299,0,145.801,0,4,27.52660753880266,0.036320431753191836,0.00018264121305606068,3.3816469233300766e-14,0.00021435814724347286,LAPA
464945985,464945990,0,122.215,0,4,25.1039911308204,0.03982547098985153,0.0012882175632743457,3.2506922120996036e-12,0.0002174844940082353,LAPA
464945985,464946058,0,165.924,0,4,25.853658536585368,0.03867066895368782,0.0007124334000806629,2.1837690236317014e-12,0.00021718232835464096,LAPA
464945990,7156584138,0,204.103,0,4,24.27871396895787,0.04117921038932573,0.005057790686978611,1.2518475565865246e-11,0.00021149749377184706,LAPA
464946058,7169399338,0,44.101,0,4,25.768514412416852,0.038798444276175396,0.0008886622703054575,5.65173852514336e-12,0.00021172822092125495,LAPA
464946058,464946075,0,30.749000000000002,0,4,26.59379157427938,0.03759442378562257,0.0002330554946260145,2.581711867639744e-12,0.0002158591169687338,LAPA
464946075,7169399338,0,36.486,0,4,25.89911308203991,0.038602799537691024,0.00363867288383842,5.583150678193457e-12,0.00021181736503874703,LAPA
464946168,1833706465,0,39.74999999999999,0,4,28.500886917960088,0.03507884766491104,0.0,5.792820245460058e-16,0.00021998759153739664,LAPA
464946168,3809392963,0,10.188,0,4,28.767849223946786,0.034753320024972445,0.00041083217174111474,7.918307319619258e-16,0.00022014206781876503,LAPA
464946168,3809392977,0,19.08,0,4,28.00931263858093,0.035694495020661486,0.0002540614452801619,1.7096186178182853e-15,0.0002191971034748567,LAPA
464946238,1707848233,0,73.435,0,4,27.068070953436806,0.036935704514363885,0.0017269102590409613,1.4228330081064794e-15,0.00020891627806556178,LAPA
464946238,577319840,0,69.059,0,5,26.42128603104213,0.03783987915407855,0.0015805319502720603,6.090487933287389e-15,0.0002431598912916392,LAPA
464946238,3809391092,0,257.435,0,4,26.95831485587583,0.03708608182132223,2.36593338946713e-05,1.3917598113566794e-15,0.00021167683679258764,LAPA
464946274,4359597416,0,110.397,0,4,28.071840354767183,0.03561498846797889,0.00047185998627316403,2.527019346375816e-14,0.00021542067863894037,LAPA
464946664,464946683,0,79.6,0,4,27.04678492239468,0.03696477320238398,0.01967063553835377,3.118494692003438e-15,0.00020131948264226197,LAPA
464946683,8034592517,0,13.613,0,4,27.25720620842572,0.03667941104693728,0.0009297897105335777,1.7852125727453882e-15,0.00020495932458439433,LAPA
464946688,8034592516,0,18.33,0,4,26.966075388026606,0.03707540886553689,0.024139817376476167,4.090976995300142e-15,0.00020286991877305354,LAPA
464946688,2098758059,0,161.486,0,5,26.147006651884702,0.03823681554912952,0.02496170283522844,1.646579412520422e-14,0.0002393779017044083,LAPA
464946688,8034592517,0,25.395,0,4,26.996674057649667,0.037033386719231245,0.0009547757360485109,4.137566132566857e-15,0.00020418878359302822,LAPA
464947445,8973852752,0,6.458,0,4,28.676274944567627,0.0348643006263048,0.0006118259522107989,1.4538765352858953e-12,0.00019320471449643474,LAPA
464947516,2392159033,0,30.129,0,5,27.62860310421286,0.0361863488624052,0.0250344497590728,6.494319896803101e-13,0.00024193150553333102,LAPA
464947516,464947526,0,76.616,0,5,28.011973392461197,0.03569110453242991,0.059849933488526776,1.285355685453327e-12,0.00023608848947159896,LAPA
464947516,464947723,0,68.46,0,5,27.62727272727273,0.03618809139720223,0.00831680865215207,1.1588638052704929e-12,0.0002389073124870262,LAPA
464947526,464947532,0,31.981,0,4,28.307538802660755,0.035318445643745054,0.059107428411720175,1.0158539789135624e-12,0.00020269786558245294,LAPA
464947718,464948569,0,102.77499999999999,0,5,27.935254988913524,0.035789122773597484,0.021461890340977438,2.110504591496075e-13,0.00023920096803834869,LAPA
464947723,464947747,0,66.786,0,4,27.37538802660754,0.03652106299053157,0.0007975627790474709,2.002647126949557e-12,0.00020363131727641154,LAPA
464947747,464947756,0,163.556,0,4,27.179157427937916,0.03678474114441417,0.0007305648522242427,3.552372418648954e-12,0.00020695563254322154,LAPA
464947808,464947812,0,51.480999999999995,0,4,27.24057649667406,0.036701802938423345,0.0006617980032406654,1.825853834035998e-14,0.00020360697752518997,LAPA
464947808,464947842,0,130.966,0,4,26.64478935698448,0.037522468544038345,0.0007661644107012716,1.66294699437744e-14,0.00020704955057611414,LAPA
464947808,464948141,0,34.787,0,5,27.469179600886918,0.0363963643995286,0.00041901343673273004,1.3901219941661698e-14,0.00024596316919094725,LAPA
464947812,464948141,0,42.70099999999999,0,5,27.43370288248337,0.036443431453372775,0.009530068138881617,1.9762214170214295e-14,0.00024501898634483654,LAPA
464947812,464948569,0,67.333,0,4,27.704656319290464,0.036087012197073984,0.009868374502048412,5.6796675319711113e-14,0.00020248662645878644,LAPA
464947842,13444709363,0,226.853,0,4,26.553215077605323,0.03765187257317022,0.0010337138874540964,1.616673065026267e-14,0.00021114824147118574,LAPA
464947842,464948269,0,73.956,0,4,26.01840354767184,0.0384258115098472,0.002135310162811596,4.9134987836074375e-14,0.00020571137539370218,LAPA
464947872,13444709363,0,41.032,0,4,26.89379157427938,0.03717505833079124,0.0005567682499699283,1.0416472220547415e-14,0.00021176548099670483,LAPA
464947872,464947940,0,43.427,0,4,27.19068736141907,0.03676914295033842,0.0006472043954177841,1.7492095785486926e-14,0.0002089423424448748,LAPA
464947940,464947998,0,367.212,0,5,27.181152993348114,0.03678204051000514,0.0006761704957935032,6.460438830319282e-14,0.0002458160143372944,LAPA
464947940,13444709363,0,27.131999999999998,0,4,26.888470066518845,0.037182415661309344,0.000450632920348973,1.854703430110385e-14,0.00020985580863913927,LAPA
464948141,4639008470,0,53.233999999999995,0,5,27.663858093126386,0.036140232759449845,0.0013890461264142533,1.170579731722911e-14,0.00024712244844944783,LAPA
464948141,4639008475,0,45.28,0,5,27.104212860310422,0.03688645287958115,0.008838861804725146,1.5174169022981955e-14,0.0002467794614596349,LAPA
464948147,2392147472,0,145.552,0,4,27.49689578713969,0.036359677770520356,0.002180196562630458,1.1026432601360488e-14,0.00021606372401849333,LAPA
464948147,4639008470,0,38.7,0,4,28.05410199556541,0.03563750750845689,0.002975769304247536,8.318778067035e-15,0.0002107005948084407,LAPA
464948147,464948180,0,71.556,0,4,28.030155210643017,0.03566795342361726,0.0008891045008455449,1.454951298555712e-14,0.000213836474152094,LAPA
464948180,1707736052,0,59.832,0,4,28.489135254988913,0.03509331755988979,0.012720098139801456,4.3417365919444636e-14,0.0002131780792492498,LAPA
464948180,464948555,0,79.335,0,4,28.75011086474501,0.03477476226834178,0.01251224978596042,2.2503354314842087e-14,0.0002074977293743167,LAPA
464948257,4639696206,0,64.91799999999999,0,4,24.72749445676275,0.040431846916724204,0.014707703302223889,1.8153784333944847e-12,0.00021138098168460277,LAPA
464948257,3845468215,0,30.215,0,4,24.7940133037694,0.04032337396374563,0.012175048999143843,2.1022283673142516e-12,0.00021846441929562632,LAPA
464948410,464948517,0,170.47400000000002,0,5,27.23769401330377,0.03670568698002312,0.00043228035293534946,7.981823917887889e-13,0.000246431513324571,LAPA
464948410,2392147606,0,79.062,0,4,27.566075388026608,0.036268429815882824,0.0010228792392219573,4.0813460502405616e-13,0.000199498550070977,LAPA
464948517,464948542,0,111.684,0,5,27.567849223946784,0.03626609614657648,0.0011252556092521706,5.841351752441557e-13,0.0002483578266065909,LAPA
464948517,464948523,0,25.418,0,5,27.890465631929047,0.035846596600575584,0.0005797642380544687,8.477743568534977e-13,0.0002474258112609782,LAPA
464948517,1707729896,0,30.717999999999996,0,5,27.14368070953437,0.03683281870313189,0.0014693109694401008,1.4815541520790907e-12,0.00024652774009112897,LAPA
464948523,1833706422,0,149.937,0,4,27.54079822616408,0.03630171726686472,0.038443543080330295,7.201343695974196e-13,0.00021013879003103155,LAPA
464948523,1707729896,0,22.024,0,4,27.155875831485588,0.03681627787349048,0.03829782811737153,1.3850366717641329e-12,0.000205485988592369,LAPA
464948542,464948546,0,43.484,0,4,27.75809312638581,0.03601754147728634,0.0005441646795774399,1.510544933710834e-13,0.0002094570100048744,LAPA
464948542,1707736052,0,26.801000000000002,0,4,28.138580931263856,0.03553051495212955,0.0008740686624825762,1.4517847651853263e-13,0.0002107342643400035,LAPA
464948546,1707736052,0,40.889,0,4,28.290243902439023,0.03534003715053806,0.011783896086436613,7.22521893077147e-14,0.00021213735432714146,LAPA
464948546,464948569,0,30.934,0,4,27.87560975609756,0.03586570049077705,0.012238509081646372,8.380715893408334e-14,0.0002065504816300157,LAPA
464948555,2392147557,0,35.188,0,5,28.69068736141907,0.034846786970130224,0.0005945789611473937,4.9260185076738345e-14,0.00023887153302262092,LAPA
464948555,1707739926,0,30.146,0,4,29.257871396895787,0.034171257947905695,0.012080190548295114,2.4649733736906957e-14,0.0002008209008395598,LAPA
464948680,2392153461,0,40.599999999999994,0,4,28.357427937915745,0.03525631001157226,0.030023252481797793,3.773626006732799e-14,0.00022132061767939011,LAPA
464948680,1707792976,0,35.626,0,4,28.627050997782707,0.03492424946556372,0.015319087023894602,3.7829074733213336e-14,0.00022091392617822663,LAPA
464948839,464948867,0,34.425000000000004,0,4,24.607760532150778,0.04062857606256927,0.044943447558533633,1.9916148450957864e-11,0.0002166376342990331,LAPA
464948839,4272312982,0,48.43,0,4,23.798447893569843,0.04201023003605668,0.00020320493317012078,4.070830331599231e-11,0.00021660883229610557,LAPA
464948867,8653246703,0,121.58800000000001,0,4,25.353658536585368,0.03943329397874852,0.04660667661980202,7.464491194327543e-12,0.00021840333409917342,LAPA
469064628,4638959860,0,102.56500000000001,0,4,29.266075388026607,0.03416167891506933,0.00025339809947003096,1.0798479334266261e-12,0.0001944153775137156,LAPA
469064837,1833706372,0,106.20700000000001,0,5,29.159645232815965,0.03428636605581325,0.001812260753277813,2.1374878854113532e-12,0.0002240345321936406,LAPA
479049853,1853372004,0,108.11,0,4,26.671618625277162,0.037484724289003984,0.00023084434192557793,6.605749231071387e-14,0.00021018165944179827,LAPA
577319840,1707745188,0,255.923,0,5,26.664523281596452,0.0374946988532892,7.960149721571653e-05,6.254117734716652e-15,0.0002377200109600699,LAPA
577319840,2098758059,0,166.60800000000003,0,6,25.950332594235032,0.0385266071977853,0.00017932448400540584,1.8280231548136016e-14,0.0002769935026803284,LAPA
751215679,2735425489,0,76.39300000000001,0,4,28.364079822616407,0.03524804177545692,0.0,3.0822466177786637e-15,0.00022112019597051884,LAPA
925038703,1707729896,0,147.608,0,4,26.548780487804876,0.0376581617739174,0.040050829978277636,5.068540937638804e-12,0.00020532333402059692,LAPA
925038703,4272312983,0,69.847,0,4,26.5549889135255,0.03764935748102503,0.002142164736182949,9.703591154592007e-12,0.00020350216976327095,LAPA
925038703,9720803590,0,101.99100000000001,0,4,25.887139689578714,0.038620654212811883,0.04164971449596332,1.713751965853548e-11,0.00020352393398374705,LAPA
925070199,4638959857,0,102.21700000000001,0,4,29.498226164079824,0.033892826807579844,0.02178317082835087,6.324471046721786e-13,0.0002102212003344556,LAPA
925070199,8651877922,0,28.993,0,4,30.08048780487805,0.03323677052696756,0.010793741907181117,2.0142825400857382e-13,0.0002088011328852055,LAPA
925070199,8651877923,0,33.878,0,4,30.288248337028826,0.03300878477306003,0.010646921367872129,1.8142781991751025e-13,0.00021135662284173432,LAPA
925079438,10839555035,0,26.842,0,4,26.89689578713969,0.03717076789909732,0.0035652626141839255,1.0100903286445232e-12,0.00022316110350317436,LAPA
925079438,10839548487,0,170.298,0,4,26.19090909090909,0.038172721192675306,0.002293628696162854,3.6218005030783034e-12,0.00022138279560160725,LAPA
925079438,925079439,0,20.557,0,4,26.969844789356983,0.037070227074666624,0.0018754997205102986,8.687481967950173e-13,0.0002201053386077813,LAPA
925079439,4947094337,0,97.393,0,4,27.793348115299334,0.03597185435746881,0.0017609620106276845,2.359232695578047e-13,0.0002143564324597249,LAPA
925079867,8669662425,0,192.387,0,4,24.85388026607539,0.04022624474757117,0.0006916485646965592,1.2421027443774317e-07,0.00022979966052689738,LAPA
925079867,925079870,0,87.44099999999999,0,3,24.131042128603106,0.04143120985748546,0.003751441671560685,2.2651181486314904e-07,0.0001831063625127931,LAPA
925079867,8660218396,0,96.189,0,4,24.471840354767185,0.04085423311104668,0.004284108357095855,6.652698561577977e-08,0.00022754488087643537,LAPA
925079875,925079876,0,73.87799999999999,0,2,26.582483370288248,0.03761041647551444,0.0006648936170212766,1.56703314827777e-08,0.00013417595615770338,LAPA
925079875,925079877,0,71.92500000000001,0,2,26.582483370288248,0.03761041647551444,0.0006648936170212766,1.5670331471355346e-08,0.00013417595615770338,LAPA
925079882,2634685306,0,73.169,0,4,22.96319290465632,0.043538295160480474,0.0006511844702785698,1.650171548667326e-08,0.0002295129678705885,LAPA
925079882,13120278388,0,69.491,0,4,22.274279379157427,0.0448848761161492,0.0017087788068973814,9.626926323878663e-09,0.00021901313118089346,LAPA
925079882,1681888764,0,82.281,0,4,23.132150776053216,0.04322029024404271,0.0008552738645288653,7.817729411649576e-09,0.00023842967230028228,LAPA
925979792,8065616648,0,342.07800000000003,0,4,27.582261640798226,0.036247146210489085,0.0554654387988311,1.1061002278915052e-07,0.0002279763189060501,LAPA
925979792,939852880,0,248.18599999999998,0,3,27.258536585365853,0.03667762087590291,0.0034686352411748473,1.0597066412411386e-07,0.0001815597676483413,LAPA
925979792,2130307227,0,243.45100000000002,0,4,27.007538802660754,0.03701848871958228,0.05719234905787206,4.907129297033405e-07,0.00021987323916546726,LAPA
929375577,4663682960,0,91.655,0,5,26.33259423503326,0.037967329067025934,0.007406698200652379,6.797542854234693e-13,0.0002418684063844196,LAPA
929375580,12966192176,0,22.872,0,4,26.15720620842572,0.03822190575490171,0.0029715681141167065,8.440116370555261e-13,0.00021990754916458073,LAPA
929375593,1842285597,0,205.59,0,5,24.960975609756098,0.04005365359674525,0.00480019139737775,5.256843838070552e-12,0.00024319524850808488,LAPA
929375593,2522578875,0,31.858,0,5,24.27339246119734,0.04118823819571949,0.09470831358036921,1.4030594850355103e-11,0.00023814028357804177,LAPA
929416284,929416307,0,43.782,0,4,24.419290465631928,0.040942150711425485,0.006269281251547808,1.6317848254732128e-11,0.0002123290113573825,LAPA
929416284,929416291,0,164.577,0,4,25.274057649667405,0.03955748951625638,0.0008125986174104395,4.597960439599485e-12,0.00021797921121453296,LAPA
929416284,929416379,0,49.54,0,4,25.410421286031042,0.03934520641181141,0.004800633627917837,3.958128957611453e-12,0.00021879702002511642,LAPA
929416291,929416374,0,49.062999999999995,0,4,26.07849223946785,0.03833727277364939,0.005057348456438523,1.9234521319918668e-12,0.0002198377124583415,LAPA
929416307,1842245024,0,103.13900000000001,0,5,23.558536585365854,0.04243804647573154,0.008902985233037806,7.061590366818901e-11,0.00024240661646810624,LAPA
929416322,929416324,0,161.42300000000003,0,2,29.913968957871397,0.03342178605313093,0.0006648936170212766,2.3259304654184294e-15,0.00014398904662544606,LAPA
929416324,929416326,0,61.585,0,4,29.025942350332596,0.03444430015201632,0.00298992068153033,5.1356042441242935e-15,0.000271385848220859,LAPA
929416324,929416351,0,82.455,0,4,29.18758314855876,0.03425354766173387,0.004039775983697614,8.470511699640767e-15,0.0002517123421205914,LAPA
929416325,929416326,0,103.048,0,2,29.093126385809313,0.034364758783629296,0.0006648936170212766,3.559502656265286e-15,0.00014798591996085088,LAPA
929416326,4663682952,0,38.29,0,4,28.11441241685144,0.03556105870847661,0.0019710215171691585,1.5749549888449115e-14,0.0002713666328785425,LAPA
929416351,929416355,0,48.921,0,4,29.297339246119734,0.03412522420930743,0.002963607964395135,2.0312228037246992e-14,0.0002315867103187578,LAPA
929416351,929416353,0,208.43499999999997,0,4,28.794235033259422,0.03472147356424512,0.0016216593905001805,2.1922593537636667e-14,0.0002315867103187578,LAPA
929416353,929416361,0,49.658,0,4,28.15077605321508,0.03551512287334593,0.002281025125770366,7.036979401655532e-14,0.0002250586644343949,LAPA
929416353,929416355,0,163.697,0,4,28.871175166297117,0.03462894269981338,1.105576350218285e-06,2.933029961026826e-14,0.00022713771128178697,LAPA
929416355,929416357,0,48.471999999999994,0,4,28.692239467849223,0.03484490193350953,0.0036247426218256693,5.936234242821482e-14,0.00022507787977671146,LAPA
929416357,929416368,0,49.246,0,4,27.955654101995567,0.0357630076142132,0.0037412703691386768,1.9794719353868855e-13,0.00022237376914690444,LAPA
929416357,929416361,0,164.389,0,4,28.137028824833703,0.035532474901101674,0.0005439435643073962,1.0040150877130402e-13,0.0002229988329293194,LAPA
929416361,929416366,0,49.057,0,4,27.39379157427938,0.03649652760914963,0.003483228848997729,2.60890694227669e-13,0.0002223333038966143,LAPA
929416366,929416379,0,48.458,0,4,26.4019955654102,0.037867526643319646,0.004142152353727827,9.999621807908184e-13,0.0002210177493101629,LAPA
929416366,929416368,0,164.908,0,4,27.25720620842572,0.03667941104693728,6.63345810130971e-07,3.584266337168656e-13,0.00022170824011419934,LAPA
929416368,929416374,0,49.177,0,4,27.069623059866963,0.03693358671078929,0.0043997516433286876,6.420897647750277e-13,0.00022134601207296142,LAPA
929416374,929416379,0,165.67000000000002,0,4,26.26541019955654,0.03806444532615211,2.21115270043657e-07,1.2836282372686114e-12,0.00022065552126892496,LAPA
929471686,1694816094,0,41.199,0,4,28.035254988913525,0.035661465212474,0.03212207862505218,3.6049768688752704e-13,0.00022307820610803874,LAPA
929471686,929471693,0,36.307,0,4,27.98647450110865,0.03572362322629715,0.0009123216042001288,3.604759225645638e-13,0.00022444997764961447,LAPA
929471693,1694816094,0,26.23,0,4,28.441463414634146,0.035152138831068595,0.0005461547170078329,1.5567061535976437e-13,0.00022413361524899094,LAPA
929764398,7848237305,0,94.727,0,5,28.90487804878049,0.03458856559860694,0.007901554175010083,5.233388459565419e-06,0.0002328846106696699,LAPA
929764401,1681888737,0,9.917,0,5,26.837028824833702,0.03725368695005577,0.0034025217754317942,5.255853744676849e-05,0.0002475874671204879,LAPA
929764401,8953951465,0,96.917,0,4,26.993126385809312,0.03703825396955782,0.001443440482844993,8.038010409337697e-05,0.0002088459786597195,LAPA
929764401,8953951466,0,94.59899999999999,0,4,26.374057649667407,0.03790763953693662,0.001838573470413008,0.0001775103384758604,0.00021014076733577675,LAPA
929764410,1681888737,0,94.627,0,5,27.108869179600887,0.03688011712647533,0.0026120346850257202,1.604076797068071e-05,0.0002488024589036733,LAPA
929764410,2123399249,0,79.033,0,4,27.455654101995567,0.03641429436705027,0.0007590887220598746,3.6805139517843598e-06,0.00021283912651295009,LAPA
929764415,929764417,0,39.2,0,4,28.660532150776053,0.03488345105563249,0.0026922995280515677,9.718710461532572e-05,0.00021870904417813596,LAPA
929764415,1828990318,0,38.251999999999995,0,4,27.760532150776054,0.03601437699680511,0.00037302146056364936,0.0002484015364338123,0.00020339101020702428,LAPA
929764417,4360284360,0,69.571,0,4,29.21108647450111,0.0342259871567154,0.002750673959343093,2.3456835315261114e-05,0.0002403861746058303,LAPA
929764417,5820771050,0,23.969,0,4,29.495121951219513,0.03389639385670147,0.0019402864946330902,2.9863137962726047e-05,0.00023447829125384308,LAPA
929764420,8789665566,0,103.72500000000002,0,4,27.493791574279378,0.03636378299474987,0.010918008688945652,6.52573461740162e-05,0.00022258823610621904,LAPA
929764420,8674237059,0,27.872999999999998,0,4,27.212638580931262,0.03673948292579586,0.005236894055713972,0.00010622096135885382,0.0002247543513527172,LAPA
929764420,7990740516,0,20.665,0,4,26.948337028824835,0.03709981322560208,0.0061187017526480765,0.0002461152731094582,0.00022086560537047623,LAPA
939852879,7845052416,0,214.52700000000002,0,4,27.455432372505545,0.036414588448119914,0.0012033092995775816,5.31251851205583e-09,0.00023929482551712195,LAPA
939852879,939852880,0,104.006,0,3,27.253436807095344,0.03668448414732372,0.0031393946040798423,1.9791130856286518e-08,0.0001863009354438972,LAPA
972127568,2130315501,0,86.392,0,6,29.431929046563194,0.03396917235456313,0.0005443857948474836,3.070881498331144e-08,0.00026385154896148316,LAPA
1258936625,1828177923,0,58.307,0,4,27.720177383592016,0.0360668063798813,0.019380753419326536,1.3819605750713035e-11,0.00019706512241525817,LAPA
1258936625,1707751758,0,159.634,0,5,27.496230598669623,0.036360557383394616,0.001407398693827877,2.254117231115938e-11,0.00022255602739538655,LAPA
1416648198,1833706363,0,48.982,0,5,30.393569844789358,0.032894400875433154,0.01387277204253904,2.7685498562414726e-13,0.00022998450483339975,LAPA
1456482889,1456482918,0,11.062000000000001,0,4,30.32350332594235,0.032970407797658655,0.0012689805347805476,1.5820893519699637e-16,0.000216602288415392,LAPA
1456482889,2819458644,0,38.331,0,4,29.584257206208427,0.03379426644182125,0.00029695780766863134,2.832239564478119e-16,0.00021327352105016917,LAPA
1456482889,1456482915,0,4.748,0,4,29.93370288248337,0.03339975259442523,0.0009430566267361972,2.1080590252413396e-16,0.00021771640303149396,LAPA
1456482899,1456482901,0,14.641,0,4,29.90709534368071,0.03342946745649869,0.00013753369796715465,2.9572482984706104e-16,0.0002188158732074701,LAPA
1456482899,1456482918,0,5.687,0,4,30.02217294900222,0.033301329394387,0.005187585350494237,2.277500999950778e-16,0.00021755008105674457,LAPA
1456482901,1456482915,0,22.603,0,4,29.52949002217295,0.03385694333898992,2.078483538410376e-05,2.848897612051079e-16,0.0002189527316573341,LAPA
1456482902,1842239359,0,46.548,0,5,25.61130820399113,0.03903659518470742,0.03962584642925373,3.1578837861558303e-12,0.00023513253204526306,LAPA
1456482902,1842242991,0,55.324000000000005,0,5,25.16119733924612,0.03973492425777911,0.034185084094559504,6.1188690196227044e-12,0.00022266063198400502,LAPA
1456482918,2819458644,0,35.714,0,4,29.713747228381376,0.03364699385862144,0.0035725594180953664,2.9112933019339283e-16,0.0002132440575252838,LAPA
1480312977,1480312996,0,250.347,0,2,27.924611973392462,0.03580276322058123,0.0006648936170212766,5.4574511076271615e-11,0.00013554776306530275,LAPA
1675174232,1707751758,0,124.22399999999999,0,5,27.786474501108646,0.03598075281087163,0.001478155580241847,1.530849756953664e-11,0.0002262238322938784,LAPA
1675174233,4663726771,0,65.083,0,4,26.13259423503326,0.03825790357888306,0.002271959399698576,2.4571516145287595e-09,0.0002199045812585891,LAPA
1675174240,4272312983,0,72.304,0,5,26.431485587583147,0.037825277251145074,0.0015212730579003601,2.3868572355022575e-11,0.00023745924506959692,LAPA
1675174240,4272324894,0,110.21800000000002,0,5,26.29889135254989,0.03801598543099959,0.003258796849903417,2.3379642640112355e-11,0.00023830020773971943,LAPA
1676356904,1707724938,0,90.804,0,4,24.2430155210643,0.04123984780859003,0.034761973834103406,1.0276008175031739e-10,0.00023021095208468464,LAPA
1676356904,1707706885,0,75.95100000000001,0,4,24.5430155210643,0.040735755133753125,0.04883529742657204,7.994006850479893e-11,0.0002192140436358151,LAPA
1681888691,4646305922,0,26.529,0,4,26.106873614190686,0.03829559545446824,0.012303295855769163,2.0071561859614604e-08,0.0001926484384285302,LAPA
1681888691,2123396436,0,38.802,0,4,26.442572062084256,0.037809418394043066,0.0005886088488562149,3.4478976973567314e-08,0.00020022837725484167,LAPA
1681888706,2671866217,0,24.371,0,5,26.696674057649666,0.03744954402750785,0.005170117244160788,0.008633768222778075,0.00023397676127241067,LAPA
1681888735,2123399248,0,110.035,0,4,27.191574279379157,0.03676794363716424,0.0014315002582626355,2.967094234378691e-07,0.00021610052244069167,LAPA
1681888735,8035348385,0,68.937,0,4,26.743458980044345,0.03738402991385672,0.005326445740081654,2.4894764178936454e-07,0.00021638411075157056,LAPA
1681888735,2123396436,0,256.281,0,4,26.711529933481152,0.037428716101237665,0.003774437659645225,1.0649616695583209e-07,0.00020912145450770086,LAPA
1681888737,2123401661,0,219.368,0,5,27.36031042128603,0.03654118886502695,0.00046633210452207266,1.753721545878772e-05,0.0002397451702996596,LAPA
1681888737,8035324454,0,309.213,0,5,27.461862527716185,0.03640606202514271,0.0007148656680511431,1.6587091796027586e-05,0.0002487491834251721,LAPA
1681888764,1681888765,0,26.29,0,2,23.96230598669623,0.041722957342463216,0.0006648936170212766,4.009549512578518e-09,0.00013458396828331187,LAPA
1681888764,2634685306,0,87.05799999999999,0,4,23.165853658536584,0.043157411129615804,0.00047407113897360065,1.5682997790575106e-08,0.00023966211377149206,LAPA
1684166695,1684166698,0,29.828999999999997,0,4,26.62660753880266,0.0375480905351165,0.0004459894996780562,3.2348707843717714e-07,0.0002188852493845659,LAPA
1684166695,4360284784,0,25.132,0,4,26.333259423503325,0.03796636999738976,0.002673504730097857,1.7544514635987835e-07,0.0002137305012855747,LAPA
1707702755,1707702759,0,154.42499999999998,0,5,23.686917960088692,0.04220803534653836,0.005090957977485159,1.5377037246439596e-10,0.0002417508085077283,LAPA
1707702759,1707721350,0,122.271,0,5,23.230155210643016,0.043037950519242515,0.001296398828265961,3.538357547572248e-10,0.00023697053979919328,LAPA
1707704059,1707705190,0,154.158,0,4,25.87139689578714,0.038644154953719576,0.00034272866856766834,6.156932799408109e-12,0.00021306008257733827,LAPA
1707704059,1707704060,0,56.976000000000006,0,5,25.824168514412417,0.038714829093219535,0.0013549943748275301,1.0343530317707684e-11,0.0002495452387219807,LAPA
1707704059,1707705193,0,11.872,0,4,26.488470066518847,0.037743903970266945,0.0009970087526268495,4.990930187901155e-12,0.00021273132247626804,LAPA
1707705190,1707705195,0,22.726,0,4,25.506873614190688,0.03919642546681039,0.000593694500067219,1.507237750516597e-11,0.00021697093374214708,LAPA
1707705190,1707705193,0,145.879,0,4,26.13370288248337,0.03825628059696427,8.84461080174628e-07,5.680151562460319e-12,0.00021593047040283021,LAPA
1707705193,1707705197,0,19.422,0,4,26.002439024390245,0.038449403518346394,0.0009861741043947104,7.072268313937985e-12,0.0002155760144910543,LAPA
1707705195,1707706885,0,63.993,0,4,24.83991130820399,0.04024886635483986,0.0009852896433145356,6.004057225594617e-11,0.00021730529470548665,LAPA
1707705195,1707705197,0,154.38799999999998,0,4,25.378270509977828,0.03939505137345355,4.42230540087314e-07,1.6464499456170187e-11,0.00021661647783037115,LAPA
1707721350,1707723636,0,91.584,0,4,23.231042128603104,0.04303630741037682,0.004073827735284336,5.350048667196723e-10,0.00020060678225183905,LAPA
1707721366,1833706360,0,29.642000000000003,0,5,22.40310421286031,0.044626774084997725,0.004738721352305613,2.3169015160290217e-09,0.00022022722839331663,LAPA
1707721366,1833706361,0,113.756,0,5,22.886252771618626,0.043684664347927185,0.005668068832299104,2.0240911777780685e-09,0.00022625710234089886,LAPA
1707721366,2522578907,0,108.89299999999999,0,4,22.5980044345898,0.0442418831009547,0.0013421696891649981,2.318040774032605e-09,0.00018170883036516933,LAPA
1707723636,1833706361,0,118.6,0,5,22.957871396895786,0.043548387096774194,0.03184789569019805,1.4812577779235708e-09,0.00023834872441439868,LAPA
1707723636,1707724938,0,5.0169999999999995,0,4,23.59490022172949,0.042372642440303344,0.03525815650008137,3.754550213119174e-10,0.0002226868194520538,LAPA
1707724938,1707724939,0,54.683,0,2,24.587361419068735,0.04066228390552715,0.0006648936170212766,8.159011785110013e-11,0.00012975544384687834,LAPA
1707739926,2392147557,0,18.369,0,5,29.098226164079822,0.03435873598866139,3.8252941717552665e-05,4.938039635393685e-14,0.00023753848885817733,LAPA
1707739926,2392147646,0,21.883,0,4,29.68359201773836,0.0336811754423969,0.012442377360626623,2.331464008795573e-14,0.00020066598005657037,LAPA
1707743799,1707792976,0,21.314,0,4,29.33392461197339,0.03408266311906634,0.014948497831301432,1.283180409256253e-14,0.00021846909835337706,LAPA
1707743799,2392147550,0,18.856,0,4,29.61729490022173,0.03375656939224699,0.0005923678084469572,6.786899021868753e-15,0.00021708468058997222,LAPA
1707743799,2392147614,0,19.365,0,4,29.76651884700665,0.033587342733915844,0.014079957050569948,1.344952433958673e-14,0.00021144328030995452,LAPA
1707745154,3845468230,0,15.692,0,4,28.408869179600888,0.0351924697948862,0.0006140371049112355,2.926616749211744e-15,0.00021696391072291608,LAPA
1707745154,8660337696,0,170.513,0,4,27.983813747228382,0.03572701989588533,0.033926158113338385,1.9560996257437697e-15,0.0002094425117732657,LAPA
1707745154,3845468246,0,18.458,0,4,27.721729490022174,0.03606478704259148,0.03364401502876268,5.174125629926442e-15,0.00021751739236852132,LAPA
1707745162,4359597416,0,66.589,0,4,27.813968957871396,0.03594518538595834,0.0018719618761896002,4.9815914666030826e-14,0.0002049387176589855,LAPA
1707745162,1707745166,0,33.008,0,5,26.982039911308203,0.03705347237630353,0.0018410057383834882,1.4560736528135123e-13,0.00023732124466724938,LAPA
1707745162,4243767343,0,27.747,0,5,27.667627494456763,0.036135309061475704,0.00018640017264680286,7.94920116166053e-14,0.000235099603054039,LAPA
1707745166,1707745168,0,24.261,0,5,26.760532150776054,0.03736017897091723,0.0023953417203829365,1.9214304406362738e-13,0.00024056086551314562,LAPA
1707745166,4243767343,0,11.276,0,6,26.83680709534368,0.037253994745278185,0.0017826313070919628,1.5515255952007123e-13,0.0002747426979467631,LAPA
1707745168,1707745175,0,10.594999999999999,0,4,26.65920177383592,0.03750218326083521,0.005156629212688125,1.0087899548769283e-13,0.00020400217260045355,LAPA
1707745171,4243767343,0,19.289,0,5,27.66940133037694,0.03613299249132536,0.0007509074570682592,5.737665283374546e-14,0.00023568903975007476,LAPA
1707745171,1707745173,0,37.96,0,4,28.042572062084258,0.03565216016193307,0.0029078869163441335,2.6256563290998968e-14,0.00019696500015202443,LAPA
1707745171,1707745176,0,11.026,0,4,28.04811529933481,0.03564511411337818,0.003516617254774321,1.7446880330967483e-14,0.00020167829037475959,LAPA
1707745173,4243767343,0,24.108,0,5,27.499556541019956,0.03635615974456351,0.0013841815904732928,5.789849571580962e-14,0.00023473116772058028,LAPA
1707745175,1707745177,0,11.954,0,5,27.282039911308203,0.03664602330911396,0.0010993851226570627,2.7084219862816957e-14,0.0002468566169765635,LAPA
1707745175,1707745183,0,34.913,0,4,27.117073170731707,0.036868959426973456,0.003923911582194737,2.427862170000894e-14,0.00020875207257657077,LAPA
1707745176,1707745177,0,12.578,0,5,27.98492239467849,0.03572560453839572,0.0032101514904938123,1.2310269570462025e-14,0.00024701723777426917,LAPA
1707745176,1707745185,0,19.331,0,4,28.811973392461198,0.03470009696633883,0.00016782648996313567,6.272133150417452e-15,0.00021065268046225615,LAPA
1707745177,8049135975,0,6.08,0,5,28.141241685144124,0.03552715554259871,0.000793582704186685,1.0316506883183379e-14,0.0002482671394535525,LAPA
1707745177,8049183035,0,10.776,0,5,27.886474501108648,0.03585172698937727,0.0033764301735666425,1.085868376529872e-14,0.0002475704408355805,LAPA
1707745183,7169682195,0,66.79400000000001,0,4,27.474944567627496,0.036388727484020916,0.008107191376150685,6.226908443471793e-15,0.00021574211040295292,LAPA
1707745183,8049183035,0,22.461999999999996,0,4,27.717516629711753,0.0360702686271059,0.00427902270588485,8.050781492795463e-15,0.00020942468065663302,LAPA
1707745185,4359597790,0,234.76699999999997,0,4,28.925277161862528,0.034564172537235635,0.0006432243205569982,2.6741491226850163e-15,0.00022388701811166468,LAPA
1707745185,8049135975,0,14.742,0,4,28.568736141906875,0.03499553727346812,0.0011394069865349645,4.280523890665257e-15,0.00021183564945267966,LAPA
1707745188,8660337696,0,13.138000000000002,0,4,27.608869179600887,0.03621221369141315,0.0004174656298424244,1.9698031647616966e-15,0.00019990015991774645,LAPA
1707745192,1707745202,0,34.625,0,4,28.979157427937917,0.03449990818387709,0.0012619048461391506,2.8125211952971554e-16,0.00021147678712076464,LAPA
1707745192,1707745193,0,17.621,0,4,29.05388026607539,0.03441117886333977,0.00027285624323387275,3.913096813963351e-16,0.00020640401875379654,LAPA
1707745193,1707745194,0,11.418,0,4,28.868957871396894,0.03463160239325955,0.03195425213508905,2.425149469109266e-16,0.00021145757177844807,LAPA
1707745194,1707745200,0,16.258000000000003,0,4,29.491352549889136,0.033900726283024825,0.00038695172257639977,9.42397706194523e-17,0.0002176527738744269,LAPA
1707745200,1707745202,0,26.487000000000002,0,4,29.31352549889135,0.03410638104747209,0.001369366867380368,1.2719757161627203e-16,0.00021767198921674347,LAPA
1707745202,1833706465,0,121.742,0,4,28.888913525498893,0.034607679850179214,0.001968147018658591,2.68623529841935e-16,0.00021819133537188048,LAPA
1707792976,2392153461,0,20.418999999999997,0,4,29.027272727272727,0.03444272150206626,0.00018949578642741405,1.7162659951384664e-14,0.0002207986341243273,LAPA
1707848233,13441797348,0,34.002,0,4,27.64079822616408,0.03617038344296487,0.0012389088580546102,3.885128238281327e-16,0.00021110369692761742,LAPA
1707848233,1707848237,0,26.513,0,4,27.70022172949002,0.03609278944672131,0.0006425609747468672,4.589597027443299e-16,0.00020942231984777754,LAPA
1707848237,13441797348,0,22.698,0,4,27.978270509977825,0.0357340983658525,0.02197111880788798,2.7546838475713385e-16,0.00020935917792264295,LAPA
1707848244,4639696402,0,45.28,0,4,28.374057649667407,0.035235646690162305,0.015284814157037835,1.1659372161593136e-17,0.00020713150953944215,LAPA
1707848244,13441797348,0,103.461,0,4,27.88691796008869,0.035851156873658266,0.02307404177486574,1.099026535707285e-16,0.00020875585772566318,LAPA
1707884023,4665680935,0,10.55,0,5,30.581374722838138,0.03269239135163353,8.84461080174628e-07,4.092789056726693e-17,0.0002483407521208335,LAPA
1741789730,8024919230,0,86.894,0,4,28.6410199556541,0.03490721601597882,0.0002005515499295969,8.539969424232917e-15,0.00019948513808130234,LAPA
1741789731,4663682062,0,148.51700000000002,0,5,29.7430155210643,0.03361388389828613,1.768922160349256e-05,7.588618160875588e-15,0.0002240709909798121,LAPA
1828177922,1828177923,0,35.333,0,4,28.411086474501108,0.0351897232584638,0.00526453346446943,4.224659097173317e-12,0.0002084601930649627,LAPA
1828177923,1828179133,0,39.311,0,4,28.007760532150776,0.03569647310295689,0.013697206518124377,6.473147120110982e-12,0.00020906486109252136,LAPA
1828990334,2123384298,0,68.652,0,5,26.53348115299335,0.037679875653903364,0.016047440723418408,0.001978653976657414,0.0002303432152272288,LAPA
1828990384,2123388725,0,141.901,0,4,25.46718403547672,0.039257511514317806,0.04859715628073503,0.0031824526215589836,0.00020728759838333795,LAPA
1828990384,2486942060,0,71.56099999999999,0,5,25.298447893569843,0.039519352124526716,0.02602394059251817,0.01310922354898844,0.00024123379550013797,LAPA
1833706360,2522578907,0,105.154,0,5,22.237472283813748,0.044959168818737474,0.018692421583680632,2.9407880134580357e-09,0.00021768833419645302,LAPA
1833706361,1833706364,0,115.89800000000001,0,6,22.607760532150778,0.044222791067172744,0.03100809989457224,4.1666292116649385e-09,0.0002534261330832236,LAPA
1833706361,8047464952,0,60.714,0,5,23.236141906873613,0.04302686196860537,0.005756293825046523,1.580751487485911e-09,0.00023721830122678947,LAPA
1833706364,1833706375,0,119.47899999999998,0,6,22.153880266075387,0.04512881077726845,0.03107509782139547,6.841777454736516e-09,0.00023653515096228554,LAPA
1833706366,1833706370,0,115.57399999999998,0,6,23.77450110864745,0.04205254469656697,0.009016417366570202,1.4017251729993733e-09,0.00024401936219851198,LAPA
1833706367,1833706368,0,121.826,0,6,25.69068736141907,0.03891597980408234,0.007758713710561881,1.2731851157539798e-10,0.0002519556840906863,LAPA
1833706367,1833706369,0,118.971,0,6,25.14789356984479,0.03975594487598861,0.008020956420833659,2.0063281251334966e-10,0.0002554620648742307,LAPA
1833706368,1833706373,0,236.04500000000002,0,6,26.309534368070953,0.038000606796116505,0.006401065952493827,6.489068131700056e-11,0.00025327840844424084,LAPA
1833706369,1837045844,0,55.272999999999996,0,5,25.068736141906875,0.03988147886078189,0.008722112942142094,2.480943552338378e-10,0.0002239993314366058,LAPA
1833706370,1837045844,0,57.29900000000001,0,5,24.529046563192903,0.040758953591379966,0.00909071209730487,5.85281627421292e-10,0.00021968238886660714,LAPA
1833706371,4638960036,0,56.065,0,5,27.782039911308203,0.03598649608530132,0.005630258121121639,9.646065824260568e-12,0.00023226357594550442,LAPA
1833706371,1833706373,0,112.089,0,6,27.098447893569844,0.036894300162010896,0.00575187151964565,2.6151533595725e-11,0.00025772035527797947,LAPA
1833706371,4638959867,0,46.977000000000004,0,5,27.930155210643015,0.03579565752391537,0.0014235401085410638,1.0682833436363115e-11,0.00022716162280088384,LAPA
1833706372,2033283105,0,150.111,0,6,28.9529933481153,0.034531084868814045,0.0038454156613292392,2.0594713284312472e-12,0.0002593173020391104,LAPA
1833706372,4638960036,0,69.711,0,5,28.393569844789358,0.035211432587560036,0.004523797309823179,3.39492450247728e-12,0.0002325258801310174,LAPA
1833706373,4638959868,0,48.421,0,5,27.19889135254989,0.03675805228790139,0.000625313983683462,2.377461241725588e-11,0.00022528097238879108,LAPA
1833706375,1833706376,0,137.601,0,6,22.337028824833702,0.044758784991066114,0.021054374898286977,5.679948318190501e-09,0.0002355727627876003,LAPA
1833706375,1833706377,0,116.569,0,6,22.245454545454546,0.044943036271392546,0.03109345038880909,6.3747181382464926e-09,0.00024147394234295264,LAPA
1833706376,1833706378,0,117.198,0,5,22.96141906873614,0.04354165861949091,0.0009326642090441453,2.371939279746066e-09,0.0002091242065172654,LAPA
1833706377,9091333649,0,70.71100000000001,0,5,22.64611973392461,0.044147884152192216,0.029565543872807423,3.174805910567919e-09,0.00022165990046456242,LAPA
1833706378,2634685314,0,26.957,0,4,23.625277161862527,0.04231816048803379,0.02796864939255213,8.231312994705162e-10,0.00018916893557226173,LAPA
1833706378,1833706379,0,150.844,0,5,23.50709534368071,0.04253091485327825,0.026891154681629392,1.0826207750076024e-09,0.00021022638141004695,LAPA
1833706380,1833706381,0,121.087,0,4,26.0470066518847,0.03838361481885045,0.0017485795555052396,9.307685958980263e-11,0.0001729272377224652,LAPA
1833706385,12346048968,0,16.736,0,4,23.41529933481153,0.042697650634925144,0.0604679506682988,2.8308840576945745e-10,0.00019969233180954911,LAPA
1833706385,4947094327,0,39.701,0,4,23.87272727272727,0.04187951628183456,0.0022803617799602347,2.145332788823774e-10,0.00019900158714793065,LAPA
1833706385,12346048960,0,10.946,0,5,23.44478935698448,0.04264394340621926,0.058097152742890706,6.776785827218352e-10,0.00024073114468833087,LAPA
1833706386,3810229663,0,68.947,0,5,24.233924611973393,0.041255318175579855,0.03483472075794777,1.8407007126645322e-10,0.00023515422706885935,LAPA
1833706386,1833706391,0,41.538,0,5,24.942128603104212,0.040083919316555396,0.0006774971874137651,1.0336106705484785e-10,0.00023684552834680648,LAPA
1833706391,1833706394,0,33.432,0,5,25.214634146341464,0.03965071492639688,0.02014514890786746,7.330233028856462e-11,0.00024188919759838046,LAPA
1833706391,1833706393,0,11.01,0,5,25.010421286031043,0.039974467406048035,0.0023223736812685294,8.589090360836921e-11,0.00023941351441070143,LAPA
1833706391,3810229663,0,57.751000000000005,0,6,24.490465631929048,0.0408231630029334,0.022377086443688132,1.9783997331915964e-10,0.0002743353670078645,LAPA
1833706393,4947094327,0,68.87,0,4,24.646563192904658,0.040564611896793695,0.0019387386877427846,9.235201534723117e-11,0.00019998844268343446,LAPA
1833706393,1833706395,0,32.504,0,4,25.370066518847008,0.03940779066413795,0.0036731668659652304,3.656736069409348e-11,0.00020635596480703564,LAPA
1833706394,1833706395,0,12.299,0,4,25.98492239467849,0.03847532254761417,1.105576350218285e-06,2.3978796311993438e-11,0.0002086748490283696,LAPA
1833706394,1833706396,0,29.359,0,4,26.08691796008869,0.03832489035460511,0.019569806975213863,1.8568032215387758e-11,0.00021070893572420324,LAPA
1833706395,4947094326,0,27.49,0,4,26.22949002217295,0.0381165729743438,0.003100036086012071,1.2106421752232702e-11,0.00021395920323052356,LAPA
1833706396,1833706398,0,27.89,0,4,26.817738359201773,0.037280484175017364,0.01914681346362035,4.853892480863421e-12,0.0002156140648581855,LAPA
1833706396,4947094326,0,12.411,0,4,26.80687361419069,0.0372955938427944,1.326691620261942e-06,6.6956714770496695e-12,0.0002159932899263572,LAPA
1833706398,4638964894,0,11.958,0,4,27.435033259423502,0.03644166424207158,1.326691620261942e-06,1.874377245906667e-12,0.00021657523332813654,LAPA
1833706398,4638964892,0,28.665,0,4,27.35388026607539,0.03654977870726132,0.01875212270659242,1.3114651294620031e-12,0.0002126849946627142,LAPA
1833706416,7169399338,0,75.164,0,5,24.92261640798226,0.04011530146528945,0.004732751240014435,2.2777204256439153e-11,0.00024407863811467265,LAPA
1833706416,7156584138,0,147.32199999999997,0,5,24.186031042128604,0.04133701262387811,0.00036484019557203406,2.8577020501722767e-11,0.0002434299471133909,LAPA
1833706422,7826439116,0,16.645,0,4,27.75410199556541,0.03602272091778447,0.03764133688061191,4.500677917404296e-13,0.00021421445531659967,LAPA
1833706422,2392159016,0,18.651,0,4,27.408647450110866,0.03647674597331996,0.000778104635283629,1.537944074919378e-12,0.00021357570839801242,LAPA
1833706465,3809392963,0,11.340000000000002,0,4,28.500886917960088,0.03507884766491104,0.0013258071591817674,5.827578899761723e-16,0.00021998759153739664,LAPA
1837045824,1837045837,0,131.439,0,4,22.883148558758315,0.04369059038981425,0.00025207140784976896,7.642620679340806e-10,0.0001886143395336059,LAPA
1837045831,8669178845,0,573.101,0,4,27.045454545454547,0.036966591514654645,0.0002660016698625194,1.6386628199879115e-13,0.00022360410069817362,LAPA
1837045831,1837045834,0,126.922,0,4,27.29290465631929,0.0366314352795899,0.0022728438607787504,1.0952630980160445e-13,0.00022763247212412088,LAPA
1837045834,13121268960,0,319.366,0,4,27.785365853658536,0.0359821884576098,0.0022863318922514133,3.334817108010523e-14,0.0002274554649119578,LAPA
1837045836,1837045844,0,164.21599999999998,0,4,25.307760532150777,0.039504809966882194,0.0002671072462127377,1.7550379525979266e-10,0.000198027236561285,LAPA
1842234185,1842234188,0,313.082,0,4,24.006873614190688,0.04164550064190781,0.0,1.6527592945723087e-11,0.00020710007815907428,LAPA
1842234185,1842245024,0,52.25,0,5,23.491352549889136,0.04255941706152191,0.037351012531044586,7.082351037399493e-11,0.00023916905827223368,LAPA
1842234188,1842239466,0,24.799,0,4,24.45011086474501,0.04089054139838578,0.05643127029838179,4.473014034540505e-12,0.00021055904068866118,LAPA
1842239358,1842239359,0,75.4,0,4,26.24878048780488,0.03808856076092649,0.013836288022981837,1.1750865554301265e-12,0.00020216634641167467,LAPA
1842239359,1842239362,0,64.428,0,4,25.97450110864745,0.038490759315378376,0.02541388356246772,8.436742152764573e-13,0.00020591128128805706,LAPA
1842239360,1842242988,0,20.656,0,5,25.26407982261641,0.03957311240027734,0.015635502975327075,6.4599606377378005e-12,0.0002226840937196171,LAPA
1842239360,1842239361,0,53.141999999999996,0,5,25.64212860310421,0.03898967538868616,0.07230513553481593,3.7100271584507595e-12,0.00023585583138671662,LAPA
1842239361,1842239466,0,54.7,0,4,25.0039911308204,0.039984747446084,0.010834648232139194,2.2260037994265407e-12,0.00020556154644633883,LAPA
1842239361,1842239464,0,31.946,0,4,25.43880266075388,0.039301310043668124,0.06107844992888933,1.2904871170800139e-12,0.00020665084222141154,LAPA
1842242979,1842242988,0,25.284,0,6,24.81108647450111,0.0402956263740192,0.0004594775311507193,1.5095666296500025e-11,0.00024798858058594795,LAPA
1842242979,1842242989,0,73.578,0,6,24.13148558758315,0.04143044848529398,0.11525456558809587,2.678845191115252e-11,0.00025215781154724654,LAPA
1842242979,1842242991,0,42.286,0,6,24.694456762749446,0.040485939015192325,0.018899385476441495,1.5045952470949816e-11,0.00024799677913200306,LAPA
1842242988,1842242991,0,21.645,0,4,25.344345898004434,0.03944778352274218,0.015689676216487772,7.288696767566294e-12,0.00017813879840238746,LAPA
1842242989,1842245022,0,155.23199999999997,0,4,24.12838137472284,0.0414357786783558,0.0693724837082269,2.1150899919284047e-11,0.0001926029420076712,LAPA
1842242989,1842245024,0,132.308,0,5,23.553215077605323,0.04244763473758532,0.046194959986980734,7.282418179159255e-11,0.00023073614674710144,LAPA
1842245022,2522578875,0,18.678,0,4,24.292239467849225,0.04115628251702295,0.07757674468792676,1.6096341304144672e-11,0.00020080133206124392,LAPA
1842285597,12966192176,0,16.201,0,4,25.465853658536584,0.03925956238953078,0.003833917667286969,1.949684852480759e-12,0.00022262776416321793,LAPA
1842301944,1842301946,0,93.767,0,2,26.93880266075388,0.03711294384907897,0.0006648936170212766,1.439476536651799e-11,0.0001264198028191716,LAPA
1842306709,1842307418,0,125.096,0,2,26.95321507760532,0.03709309882443916,0.0006648936170212766,1.2011427206539388e-11,0.00016000932031971776,LAPA
1842306711,1842307418,0,82.15599999999999,0,4,25.953880266075387,0.038521340942487096,0.001993354159443568,5.83897943807644e-11,0.0002684189137547509,LAPA
1842307418,1842307421,0,41.257000000000005,0,2,26.95321507760532,0.03709309882443916,0.0006648936170212766,1.2011414826061949e-11,0.00016000932031971776,LAPA
1853366979,4898686111,0,177.522,0,5,28.18558758314856,0.03547125876161332,0.0018323822428517856,5.279476682356323e-15,0.0002493727729795117,LAPA
1853366979,1853378078,0,29.581,0,5,28.166962305986697,0.035494713971960044,0.0007290170453339371,4.308151770445717e-15,0.00024734884510493177,LAPA
1853366979,1853378168,0,21.911,0,5,28.1980044345898,0.03545563916869147,0.0023400629028720223,4.585087066857773e-15,0.0002457081283367473,LAPA
1853372004,1853372007,0,19.174,0,4,27.533259423503328,0.03631165693577612,7.164134749414487e-05,2.3908454186339207e-14,0.00020438668106344263,LAPA
1853372007,1853378111,0,156.093,0,4,28.079157427937915,0.03560570765258179,0.0033673644474948527,1.014665202871723e-14,0.00020233277299954816,LAPA
1853372010,1853378081,0,141.235,0,4,28.357649667405767,0.0352560343412071,0.00418040529544538,1.0008019834372062e-14,0.00020234719101873825,LAPA
1853378078,1853378135,0,20.875,0,4,28.914855875831485,0.034576629909666735,0.0029191637951163597,1.89031659890767e-15,0.00020385768654583418,LAPA
1853378078,4898686117,0,178.75300000000001,0,4,28.919955654101997,0.03457053262694646,0.001754770783066462,1.950200016677509e-15,0.00020908396977989448,LAPA
1853378081,1853378124,0,43.965,0,4,28.841906873614192,0.034664083581263404,0.0008707519334319213,3.5055866885185595e-15,0.00020178404115606813,LAPA
1853378111,1853378168,0,27.083,0,4,28.490909090909092,0.035091132659890736,0.002806837237934182,3.584381729346211e-15,0.000201991247882837,LAPA
1853378135,1853378168,0,29.764,0,4,28.938359201773835,0.034548547260022065,0.00014372492552837705,2.172797561234864e-15,0.00020233019588304925,LAPA
1853394737,1853394739,0,23.95,0,4,27.793126385809312,0.03597214133565223,0.0005656128607716746,1.3849943995624903e-14,0.0002116132555457413,LAPA
1853394737,1853394745,0,34.73,0,4,27.26230598669623,0.03667254967345246,0.004152544771419879,1.7869702818868973e-14,0.000216081619078436,LAPA
1853394739,1853394745,0,29.363,0,4,27.641685144124168,0.036169222871077454,0.0024643296846365574,1.2133331081066025e-14,0.0002112640889136597,LAPA
1853399822,10081156662,0,12.994,0,5,26.54390243902439,0.03766508232188651,0.06685818197256048,1.896015850789312e-14,0.0002484942772568025,LAPA
1853399822,1853399827,0,59.381,0,4,27.270953436807094,0.03666092103551451,0.0001578763028111711,5.972789522280568e-15,0.00020847794996543977,LAPA
1853399822,1853401025,0,115.453,0,4,27.158314855875833,0.03681297149015381,0.06653955486842757,4.679757764192273e-15,0.0002110986866979797,LAPA
1853399825,1853399828,0,25.969,0,4,27.01929046563193,0.03700238804500357,0.0011102197708892018,1.378594681387251e-14,0.00020614019740223066,LAPA
1853399825,10081156662,0,25.040999999999997,0,5,26.5470066518847,0.037660678042546795,0.00044820065237849275,2.0518590363787175e-14,0.00024723818382294026,LAPA
1853399825,1853399827,0,27.641,0,4,27.273835920177383,0.036657046461525955,0.0009129849500102598,7.531512625659916e-15,0.00020731356145358245,LAPA
1853399828,10081156662,0,23.11,0,5,26.298447893569843,0.038016626477581236,0.044088615924544855,2.3659160376647654e-14,0.00024792816162683433,LAPA
1853399830,1853401025,0,39.349000000000004,0,4,27.69356984478936,0.036101458790372944,0.0005406268352567414,1.2153014560660625e-15,0.00021420938650482368,LAPA
1853399830,1853401027,0,42.846,0,4,28.004434589800443,0.03570071258907363,0.0011298990299230874,6.532036378092788e-16,0.00021396694226320223,LAPA
1853401025,1853401027,0,32.68,0,4,27.634368070953435,0.03617879981705996,0.06557549229103724,1.252717007923474e-15,0.00021414407274118294,LAPA
2122138787,4638959848,0,28.174999999999997,0,4,22.459423503325944,0.04451486790664613,0.07713517749364958,3.373368186658647e-08,0.0002038612738077781,LAPA
2122138787,5138649831,0,140.268,0,4,22.820842572062084,0.04380987543965333,0.019557866750631505,1.4298419397746712e-08,0.00020397044844731025,LAPA
2123383618,2123384935,0,58.407,0,5,28.57450110864745,0.03498847684894196,0.010838849422270022,6.221017618279047e-05,0.00022313344723167518,LAPA
2123383618,6097071112,0,51.78,0,5,28.19490022172949,0.03545954277715301,0.011483621549717327,4.692776376887422e-05,0.00022522104308970856,LAPA
2123384298,6097071114,0,84.872,0,4,27.415077605321507,0.03646819042073082,0.011618722979714,0.0004945140404446754,0.00019170677512859343,LAPA
2123384933,6097071114,0,8.258000000000001,0,5,28.262971175166296,0.03537413898608256,0.0029233649852471893,0.00020297132657133907,0.00022984777049166378,LAPA
2123384933,2123384935,0,25.51,0,6,28.341463414634145,0.03527616961351901,0.009846705205584134,0.00014188682498768524,0.0002639754221615411,LAPA
2123384935,6097071112,0,9.153,0,6,28.23370288248337,0.03541080936749022,0.00017357548698427076,7.53155831005771e-05,0.000264511562510636,LAPA
2123385034,8953951465,0,181.464,0,4,27.072727272727274,0.03692935183213484,0.0034615595525334503,6.214636193953372e-05,0.00020456058359747943,LAPA
2123385034,6097071112,0,20.378,0,5,27.7490022172949,0.03602934125994822,0.0005465969475479201,5.127419530295156e-05,0.00023359432070527364,LAPA
2123385034,8677725500,0,25.29,0,4,27.640576496674058,0.036170673597574185,0.0032358008618188767,5.368953082391826e-05,0.0001971427328060647,LAPA
2123388725,8953951466,0,111.994,0,4,25.779822616407984,0.03878142551196814,0.004457241613540038,0.0007285752507323396,0.00021202582064940083,LAPA
2123388725,7840479113,0,341.20399999999995,0,4,25.392239467849222,0.03937337908993267,0.049053759313375175,0.000731446494982409,0.00020962497177157673,LAPA
2123399248,2123399252,0,22.378999999999998,0,4,27.83991130820399,0.03591169021488077,0.0005249276510836418,4.6294404170258274e-07,0.00021548075881262847,LAPA
2123399248,2123399249,0,26.828,0,4,27.545011086474503,0.036296165115754904,0.0007489174196378663,9.206821373100765e-07,0.00021643581283263032,LAPA
2123399249,2123399252,0,25.448999999999998,0,4,28.164966740576496,0.035497228870134775,0.0003305673287152672,9.561245332369335e-07,0.00021484755966703044,LAPA
2123401661,4360284609,0,99.202,0,4,27.887583148558758,0.035850301734076474,0.0007221624719625837,6.239655515382114e-06,0.00019400947178911833,LAPA
2130277080,2130279046,0,44.97,0,4,27.975831485587584,0.03573721378129681,0.0017806412696615699,8.625163773382685e-11,0.00022334686574471317,LAPA
2130281421,6130372773,0,301.308,0,4,28.71662971175166,0.03481530668972759,0.01674771278364667,9.556660959461138e-10,0.00020363805224877154,LAPA
2130281421,2130282105,0,85.324,0,4,28.519955654101995,0.03505539358600583,0.018407182885324315,3.310024600291819e-09,0.00020288638694606844,LAPA
2130282105,13482736657,0,20.151,0,4,28.130155210643014,0.035541157274941476,0.017316642373469,1.1759791201702371e-08,0.00021039309614799702,LAPA
2130282353,2130283554,0,86.231,0,5,29.407538802660753,0.033997345960129086,0.0034765953908964193,5.801653512131104e-09,0.00024390889699568572,LAPA
2130283554,2130285332,0,19.022,0,4,30.395787139689578,0.03289200131305395,0.0027144110550559332,1.7333950668887427e-09,0.00021103400552419197,LAPA
2130283554,2130285336,0,21.612000000000002,0,4,30.021507760532153,0.03330206725407505,0.001044990766226323,1.5432851321848408e-09,0.00021110409505517252,LAPA
2130285326,2130285335,0,15.027999999999999,0,4,31.640354767184036,0.0315982003952403,0.003133866722328751,1.0497345579941256e-09,0.0002166007215550288,LAPA
2130285326,2868993116,0,9.097000000000001,0,4,31.105764966740576,0.032141253287902655,0.0010387995386651006,6.755170928221081e-10,0.00021814043818929577,LAPA
2130285326,2868993118,0,3.039,0,4,31.266740576496673,0.03197577528312993,0.004351106283919082,1.6771771805277568e-09,0.00021662103104154315,LAPA
2130285328,2130294742,0,19.037,0,4,30.707538802660753,0.03255807236571329,0.001601316785656164,5.616273338620567e-09,0.0002101041384445119,LAPA
2130285328,2868993118,0,10.327000000000002,0,4,31.652328159645233,0.03158624747814391,0.0021722364129088865,2.5135946267512477e-09,0.00021477763623068126,LAPA
2130285328,2130285332,0,3.355,0,4,30.949445676274944,0.032303592153716094,0.0034743842381959825,1.8477964461144527e-09,0.00021452182311472592,LAPA
2130285329,2130285336,0,4.421,0,4,30.024168514412416,0.03329911601149111,0.0013264705049918985,5.434162814892479e-10,0.00021503128741746496,LAPA
2130285329,7986629778,0,12.059000000000001,0,4,30.401773835920178,0.03288552424295466,0.0008404591414359403,2.85054171012334e-10,0.00021565638577419825,LAPA
2130285332,2130285336,0,16.479,0,4,30.589356984478936,0.032683860305310314,0.0004634576060115051,9.670210331497678e-10,0.00021473017672384094,LAPA
2130285335,2868993116,0,14.453000000000001,0,4,31.08447893569845,0.032163262976938604,0.0012179029074004628,8.596246227055098e-10,0.00021667081108600936,LAPA
2130294742,2130294746,0,61.937999999999995,0,5,29.735254988913525,0.03362265670439801,0.004254700026180048,2.296524198051334e-08,0.00023854339346396345,LAPA
2130294742,2868993118,0,19.163,0,4,30.72638580931264,0.03253810183581573,0.0023573098939354276,5.591406040310995e-09,0.00021049821563860172,LAPA
2130294746,2130315501,0,185.783,0,6,29.28159645232816,0.03414357110404362,0.00213133008795081,4.1135657600109534e-08,0.00026331190674651073,LAPA
2130294746,2130315125,0,85.95299999999999,0,5,29.435476718403546,0.03396507826506169,0.004287867316686597,4.4858302871982753e-08,0.00022908810406111786,LAPA
2130307227,7845124605,0,511.983,0,5,27.080931263858094,0.03691816432636018,0.001571687339470314,5.98686357342218e-07,0.00024211585755069947,LAPA
2130307245,2130308393,0,57.821,0,4,28.67760532150776,0.034862683243644464,0.0023095489956059976,8.823656531873032e-07,0.0002194721215677294,LAPA
2130307245,2130307253,0,201.80399999999997,0,5,28.395787139689578,0.035208683090618045,0.0007119911695405756,3.7279909345776316e-06,0.00024706230156880984,LAPA
2130307245,3457678547,0,163.76500000000001,0,4,28.816629711751663,0.03469448997022229,0.001809607370037289,1.0261586878203929e-06,0.00021541400706727998,LAPA
2130307253,2130313511,0,48.668,0,5,28.03880266075388,0.03565695306630817,0.022242427244231547,1.0053683642761592e-05,0.0002406544189178074,LAPA
2130307253,2130308468,0,162.32800000000003,0,5,28.282261640798225,0.03535001136782357,0.022845850816180686,3.724521310377644e-06,0.00023854824529123157,LAPA
2130307253,3457678563,0,72.151,0,6,28.29889135254989,0.03532923809822296,0.0016243127737407045,6.163729898139181e-06,0.00028537521444694483,LAPA
2130308391,2130308468,0,17.258,0,5,28.748337028824835,0.03477690794801589,0.021627947908780223,9.599380834324415e-07,0.00024269228054894223,LAPA
2130308391,2130308471,0,27.694,0,5,29.168957871396895,0.034275419605935296,0.0026120346850257202,3.0890432590885173e-07,0.0002662655159682268,LAPA
2130308391,7851788722,0,233.301,0,5,28.773170731707317,0.03474689250734008,0.0018987168238648827,3.618204967045875e-07,0.0002404013224448684,LAPA
2130308393,8789823181,0,35.476,0,4,29.071840354767183,0.034389920222096804,0.000658260158919967,2.136827801605458e-07,0.00023972043588483847,LAPA
2130308468,7851788721,0,240.155,0,4,28.11640798226164,0.03555853475809313,0.0012517335437171424,9.247805104309717e-07,0.0001952637634239726,LAPA
2130308471,8789823181,0,44.324,0,4,29.487139689578715,0.033905569717340794,0.0013012633642069216,1.1082463765325694e-07,0.0002469116122600866,LAPA
2130308471,8789823186,0,17.171999999999997,0,2,29.835476718403548,0.03350971328349114,0.0006648936170212766,7.161157380736546e-08,0.0001308643467172728,LAPA
2130312989,7845124605,0,9.1,0,6,27.741463414634147,0.036039132311332066,0.0008862300023349773,3.0136918094278763e-07,0.00026503384986337056,LAPA
2130312989,7851788722,0,138.66199999999998,0,5,28.369844789356986,0.035240879107137274,0.0017189501093193896,2.1884113295235818e-07,0.0002255701992692696,LAPA
2130312989,2130314820,0,222.992,0,5,28.029933481152995,0.03566823557331013,0.0020316071011611207,1.404033886236701e-07,0.000220140524611221,LAPA
2130312989,2130315127,0,80.012,0,6,28.384257206208424,0.03522298516556912,0.0006410131678565617,1.5241323549786475e-07,0.0002562621377803669,LAPA
2130313510,3457678563,0,252.26600000000002,0,3,28.320177383592018,0.03530268391218565,0.0006648936170212766,3.6122485048298052e-06,0.0001579577597214477,LAPA
2130313511,3457678563,0,31.843999999999998,0,5,27.818181818181817,0.03593974175035868,0.000650521124468439,1.0195442564159348e-05,0.0002455414170863645,LAPA
2130314820,2130315127,0,231.16000000000003,0,5,28.596008869179602,0.03496216115625581,0.0007416206157264256,8.597082878056374e-08,0.00021845664929739578,LAPA
2130315125,2130315127,0,203.219,0,5,28.976274944567628,0.034503340143706526,0.0005470391780880075,7.5230441090352e-08,0.0002219262932099319,LAPA
2130315127,2130315501,0,85.91,0,6,28.990465631929048,0.03448645093195255,0.0006752860347133286,7.150779581810398e-08,0.0002558118453443344,LAPA
2348728256,2488893957,0,226.647,0,4,27.435476718403546,0.03644107520972409,0.0006892162967260789,1.890657583632118e-11,0.00023156028545408494,LAPA
2348728294,2407100501,0,532.302,0,4,26.53968957871397,0.037671061206075496,0.001282247450983167,1.1057082555538123e-12,0.00022684671467043026,LAPA
2348890943,2407100501,0,161.708,0,4,26.5509977827051,0.037655016910935736,0.001921049466139292,5.490533433228837e-13,0.00022212247226434585,LAPA
2392147472,2392147631,0,32.736,0,4,27.70177383592018,0.03609076719894345,0.030687261637738893,1.0384711332185745e-14,0.0002187127734766563,LAPA
2392147506,2392147614,0,35.468999999999994,0,5,29.26341463414634,0.034164785039930895,0.0009892697181753214,4.5324638854107554e-14,0.00024188844649052213,LAPA
2392147506,2392147646,0,15.771999999999998,0,5,29.264966740576497,0.03416297306512104,0.0004778300985643428,4.7004538079535934e-14,0.00023943434778383587,LAPA
2392147506,2392147557,0,18.560000000000002,0,6,29.096008869179602,0.03436135433574907,0.00047694563748416815,7.306729920579186e-14,0.00027514723549860266,LAPA
2392147506,2392147606,0,22.701999999999998,0,5,28.516629711751662,0.03505948215535339,0.0006635669254010147,1.1817417811486394e-13,0.00023558816065132317,LAPA
2392147550,2392147592,0,18.274,0,4,29.62017738359202,0.033753284376473756,0.001030839388943529,7.260718123182546e-15,0.00021451843751079053,LAPA
2392147550,2392147631,0,33.184,0,4,28.678713968957872,0.03486133553938813,0.0012395722038647413,6.244572488370047e-15,0.00021882630224031953,LAPA
2392147557,2392147606,0,24.278,0,5,28.43370288248337,0.035161733054680434,0.0005554415583496664,1.190974754548993e-13,0.00023486612689878252,LAPA
2392147592,2392147646,0,27.419,0,4,29.672949002217294,0.03369325611806464,0.013247679174125622,1.561034494809729e-14,0.00020657891763582614,LAPA
2392147592,2392147614,0,9.152,0,4,29.826829268292684,0.03351942848222184,0.012932589914313411,1.3932583729362756e-14,0.00020887703723077285,LAPA
2392147631,2392153461,0,40.586,0,4,28.641685144124168,0.03490640531376283,0.02982601766091885,1.2189308927178244e-14,0.00022061741150488786,LAPA
2392159015,7826439120,0,11.67,0,4,28.207538802660753,0.03544365488617784,0.02801397802291108,1.688256583279806e-13,0.0002140640759442029,LAPA
2392159015,8027358392,0,21.869,0,4,27.922172949002217,0.03580589062090543,0.0030843369018389716,3.998386893440237e-13,0.0002152322323475441,LAPA
2392159015,7826439116,0,25.301,0,4,28.334146341463416,0.03528527941026865,0.025009021503017783,2.0384238625426573e-13,0.00021523772783201922,LAPA
2392159016,4272324894,0,174.976,0,4,26.880487804878047,0.03719345711905371,0.0033061155176927594,6.348979858895634e-12,0.00020789957258021707,LAPA
2392159016,8027358392,0,20.176,0,4,27.319512195121952,0.03659575849558887,0.0038690749952239104,1.4950257738382516e-12,0.00021384391586533525,LAPA
2392159033,8027358392,0,38.031,0,4,27.504656319290465,0.0363494187640069,0.0006721904209327173,4.7586833453436e-13,0.00021032308411308845,LAPA
2392159033,7826439120,0,12.54,0,4,28.069844789356985,0.03561752043919586,0.024799846457556483,2.448508124945558e-13,0.0002091549277097472,LAPA
2407100501,2488892912,0,765.06,0,4,26.527937915742793,0.037687749182972394,0.0009039192239384699,1.8589894797883257e-12,0.00022366034208187615,LAPA
2488891971,2488891973,0,448.33500000000004,0,4,28.653880266075387,0.034891549110493775,0.0008568216714191709,8.807292757528663e-09,0.00022737108936959013,LAPA
2488891973,7845052416,0,183.422,0,4,28.243680709534367,0.03539829956272227,0.003715178767273525,4.8413171545593926e-09,0.00023278308909021169,LAPA
2488891973,13482736657,0,126.783,0,4,28.090687361419068,0.03559109314936577,0.003755863976961558,1.2467211023554642e-08,0.00022210297111191333,LAPA
2488892912,2488892991,0,204.57500000000002,0,4,26.789135254988913,0.03732028902738808,0.0017390715988933624,6.6107795688587175e-12,0.000224307584156739,LAPA
2488892991,2488893957,0,172.281,0,4,27.08669623059867,0.036910306890087674,0.0012090582965987166,1.753692870707142e-11,0.0002262253599933078,LAPA
2633614412,8024919229,0,87.696,0,5,28.237915742793792,0.035405526371581356,0.004364594315391746,4.4134569838515434e-14,0.00022749266249814815,LAPA
2634678781,4638967940,0,24.837000000000003,0,4,23.747893569844788,0.0420996610739195,0.006352862823624309,1.4975444071214177e-09,0.00019890250974145135,LAPA
2634678781,12346048960,0,35.319,0,5,23.251884700665187,0.04299773043693857,0.039579633337814606,1.6563388938553485e-09,0.00024241691128741068,LAPA
2634685300,2634685305,0,16.858,0,4,24.996230598669623,0.03999716143454002,0.0006036446872191837,4.398932193452504e-08,0.00020364210929342647,LAPA
2634685300,6136077443,0,43.831,0,4,25.21529933481153,0.03964966892658348,0.0921287828400399,5.787865393563495e-08,0.00019840331830646234,LAPA
2634685305,8660218395,0,274.391,0,4,24.575388026607538,0.04068209500609014,0.040803285242236205,2.720405762646861e-08,0.00020777090608582505,LAPA
2634685306,2634685307,0,63.800999999999995,0,4,22.28580931263858,0.044861654180222664,0.0009481422779472013,6.359201858613737e-08,0.00022432821423309517,LAPA
2634685307,5194655281,0,67.646,0,4,21.963414634146343,0.04552016556458533,0.005830588555781191,2.688886015748577e-07,0.00023053029939402466,LAPA
2634685311,2634685313,0,40.098,0,4,23.97361419068736,0.041703276884231553,0.001908888126286891,5.289385786970209e-10,0.00019728012579271634,LAPA
2634685311,9091333649,0,124.84199999999998,0,4,23.469844789356983,0.04259841850182808,0.00035002547247910907,1.0214267755168188e-09,0.000193817429643939,LAPA
2634685313,2634685314,0,123.97200000000001,0,4,24.027050997782705,0.041610527675753496,0.002352445357994467,4.3873990444729e-10,0.00019912708682341552,LAPA
2634685314,9091333649,0,40.266,0,4,23.403769401330376,0.04271868575380622,0.02897339717963051,9.312280941812722e-10,0.0001956643906746381,LAPA
2671866215,8674237058,0,109.923,0,4,26.340576496674057,0.03795582342839826,0.04361918820624217,0.0017945186733306908,0.00020047934856491162,LAPA
2671866215,2671866217,0,12.688,0,5,26.64478935698448,0.037522468544038345,0.03204513051107699,0.004249529227956824,0.00023622693124455364,LAPA
2735425489,7169682196,0,9.664,0,4,28.158758314855877,0.03550505527733157,0.01941591074726348,3.1119065464719166e-15,0.0002216080189170189,LAPA
2735425489,13121268960,0,226.65200000000002,0,4,28.135033259423505,0.035534995153244174,0.01943603223683745,1.1578954648283492e-14,0.00022336944745906083,LAPA
2735425566,4665680932,0,12.128,0,5,29.27649667405765,0.03414951869551717,0.025958932703125333,6.246474905314756e-16,0.00023722849518077776,LAPA
2735425566,4665680931,0,12.175,0,4,29.319955654101996,0.03409890118200449,0.05818449327455795,4.8608183594178225e-16,0.00019930504114735708,LAPA
2858317533,2858317537,0,30.287,0,4,26.38669623059867,0.03788948270646365,0.05415732086125282,0.01666558167915197,0.00021431316273419826,LAPA
2858317533,2858317554,0,291.38100000000003,0,4,26.445454545454545,0.0378052972691982,0.05435743018064233,0.0039920915040580944,0.00022009874046261815,LAPA
2858317537,4360214375,0,71.756,0,4,26.344789356984478,0.037949753818962255,0.0002047527400604264,0.033342292304965514,0.00020835143811131078,LAPA
2858317553,4360214509,0,42.777,0,4,26.601773835920177,0.03758314301431977,0.019135536584848123,0.00874698636520971,0.00021521500101552668,LAPA
2858317553,4360214384,0,28.348,0,4,26.858536585365854,0.037223854968133935,0.0007327760049246793,0.011914755988654876,0.00021382464698613997,LAPA
2858317554,8669641892,0,12.881,0,4,26.222172949002218,0.03812720907814852,0.06882632899121907,0.0009748196265003127,0.0002214875381824492,LAPA
2858317560,8046680322,0,17.824,0,4,26.147450110864746,0.038236167055331775,0.01266769382080111,0.00010786741293522036,0.00022172949002217295,LAPA
2858317560,8669641892,0,24.875,0,4,26.3490022172949,0.03794368615042833,0.04596500010613533,0.00024059126104850366,0.0002217102746798564,LAPA
2858317571,4360214643,0,693.8320000000001,0,4,26.58780487804878,0.03760288880920016,0.001230727593062995,0.00012978870621104663,0.00022093699965986322,LAPA
2868993116,7986629778,0,1.72,0,4,30.587139689578713,0.03268622959375997,0.0019509000275951859,3.7279701594633814e-10,0.0002171304953442822,LAPA
3037706862,4638959848,0,36.111000000000004,0,4,22.048337028824832,0.045344837989500994,0.000566055091311762,5.4326507892290684e-08,0.00019507496169514094,LAPA
3809391092,8660322097,0,11.636,0,4,27.391352549889135,0.03649977739102279,0.0002954100007783258,3.288327184791955e-16,0.00021786486107651398,LAPA
3809392963,3809392977,0,14.765,0,4,28.00931263858093,0.035694495020661486,0.00033145178979544185,1.706043084326869e-15,0.0002191971034748567,LAPA
3810229663,4947094327,0,16.104,0,5,24.279822616407984,0.0411773300944275,0.0002582626354109914,2.043010889736995e-10,0.0002360720513463715,LAPA
3810229663,4638967940,0,11.535,0,5,23.766962305986695,0.04206588362611835,0.057721477899086535,5.086519102559295e-10,0.00023429685699308494,LAPA
3845468210,3845468215,0,3.249,0,4,25.314634146341465,0.03949408333260342,0.03963159542627486,7.846804863861182e-13,0.00022069419308726556,LAPA
3845468210,3845468224,0,12.76,0,4,25.86430155210643,0.03865475618956176,0.005152428022557296,1.8470527299227476e-13,0.00022121353924240257,LAPA
3845468210,3845468234,0,16.117,0,4,25.820620842572062,0.038720148388592626,0.03419945658711234,1.8155904474922766e-13,0.0002206498094142285,LAPA
3845468211,3845468212,0,6.074999999999999,0,4,24.814855875831487,0.04028950542822678,0.005318264475090038,1.9822220038627113e-12,0.00022107699728052965,LAPA
3845468211,3845468215,0,12.965,0,4,24.843680709534368,0.04024275960551564,0.027783133680985502,2.130688031619197e-12,0.00022058711465027802,LAPA
3845468212,3845468214,0,6.0809999999999995,0,4,25.45210643015521,0.03928076732091054,0.0023398417876019785,7.35051180142696e-13,0.0002211840757175172,LAPA
3845468214,3845468219,0,3.046,0,4,25.89379157427938,0.038610732910319315,0.005417324116069597,3.0436673990551713e-13,0.00022078898877602723,LAPA
3845468219,3845468223,0,12.166,0,4,26.41729490022173,0.037845596011482095,0.003548236738390564,8.289925891537926e-14,0.0002204727977694605,LAPA
3845468223,3845468224,0,3.032,0,4,26.414855875831485,0.03784909049701589,0.008605142964288999,6.208916823280557e-14,0.00022089734823583587,LAPA
3845468224,3845468243,0,16.757,0,4,26.454767184035475,0.03779198900352859,0.0038677483036036486,5.420500886892252e-14,0.00022115589321545292,LAPA
3845468230,3845468231,0,3.095,0,4,27.50709534368071,0.03634619570036354,0.001006958939778814,4.417558633729187e-15,0.00021710233157736135,LAPA
3845468230,3845468246,0,9.322,0,4,27.724833702882485,0.03606074904629755,0.0002954100007783258,5.517579843380417e-15,0.00021895018468254861,LAPA
3845468231,3845468240,0,12.352,0,4,26.9470066518847,0.037101644847816605,0.0009213873302719187,1.1268300633443427e-14,0.00021596371742196882,LAPA
3845468234,3845468243,0,12.506,0,4,26.47450110864745,0.03776381909547739,0.03074873168281103,5.105342567832675e-14,0.00022059216338727886,LAPA
3845468234,3845468240,0,12.403,0,4,26.33259423503326,0.037967329067025934,0.0031033528150627263,4.363477746180246e-14,0.0002181473492148524,LAPA
3845468243,3845468246,0,9.359,0,4,27.254545454545454,0.03668299191330806,0.03427662581635758,1.9790815897402633e-14,0.00022025638469958252,LAPA
3931456879,3931456880,0,28.981,0,4,28.59667405764967,0.034961347899915486,0.000502152778269145,3.2189705585696205e-12,0.00022119176185444385,LAPA
4243513755,4243513756,0,12.368,0,7,25.92017738359202,0.03857142857142857,0.024614330745989853,0.3609539680689453,0.00027380882437498446,LAPA
4243513755,4243513759,0,21.499,0,5,25.336585365853658,0.03945986627927329,0.0005384156825563049,0.19764758423078194,0.0002126281607632924,LAPA
4243513755,4243513760,0,13.879,0,4,25.715077605321508,0.03887906876482,0.024680665327002953,0.11958001734913717,0.00018281747248864345,LAPA
4243513756,4243513763,0,27.112000000000002,0,7,25.63569844789357,0.03899945509743377,0.021923800140098638,0.34199427077641154,0.00027688897479174855,LAPA
4243513756,4243513759,0,21.456999999999997,0,8,25.27472283813747,0.0395564484292344,0.03540740930736084,0.3860623662313422,0.0003101168745661264,LAPA
4243513756,8669754037,0,18.489,0,7,25.738359201773836,0.03884390075809786,0.04776974294023166,0.35580334783751366,0.0002761813747520499,LAPA
4243513760,4243513763,0,15.674999999999999,0,4,26.308869179600887,0.03800156759626811,0.00012669904973501548,0.10062032005660328,0.00018553771813600172,LAPA
4272312983,4272324894,0,146.367,0,4,27.075166297117516,0.036926025108714344,0.00034339201437779933,1.0799995574779321e-11,0.0002017906508510179,LAPA
4272328872,7158788737,0,77.938,0,2,23.401108647450112,0.04272354295568463,0.0006648936170212766,9.67165915382205e-11,0.0001281818023792293,LAPA
4359597285,4359597790,1,21.491,0,3,28.431929046563194,0.035163926755466826,0.0005085651211004112,2.517825986062241e-15,0.00017521359185258999,LAPA
4359597285,4359597790,0,88.35900000000001,0,3,28.431929046563194,0.035163926755466826,0.0,2.5079365743096052e-15,0.00017521359185258999,LAPA
4360214375,4360214384,0,26.509999999999998,0,4,26.760532150776054,0.03736017897091723,0.0016024223620063824,0.025767323066902725,0.00021111925723919783,LAPA
4360214384,4360214509,0,41.403999999999996,0,4,26.928824833702883,0.0371266951559914,0.0009242618287824863,0.00860946869855014,0.0002166388538556797,LAPA
4360214558,8049106967,0,5.062,0,4,28.499113082039912,0.03508103103531444,0.0024037441006445953,0.0005249336468613787,0.00023682829099657012,LAPA
4360214558,4360214641,0,373.844,0,2,29.22771618625277,0.034206513575638954,0.0006648936170212766,0.00011418400783671832,0.00013415277038709552,LAPA
4360214558,8049106961,0,36.513999999999996,0,4,28.944567627494457,0.03454113681630152,0.0019234817341097724,0.00014432039571240856,0.00023878357927478863,LAPA
4360214578,8049106967,0,16.799,0,4,28.435033259423502,0.035160087958703075,2.388044916471496e-05,0.0008509450688782659,0.00022383017967320885,LAPA
4360214612,8656556531,0,23.743000000000002,0,4,28.387583148558758,0.03521885837473053,0.001142944830855663,1.1767634032382004e-05,0.00022197717955234748,LAPA
4360214681,4978486290,0,20.950000000000003,0,2,29.93680709534368,0.03339628930118876,0.0006648936170212766,9.883574025203003e-08,0.0001417055636066626,LAPA
4360284357,4360284478,0,35.693000000000005,0,5,25.295343680709536,0.03952420188986869,0.003911308011802249,3.702284491025799e-09,0.00022549703855181136,LAPA
4360284360,7987770913,0,195.24099999999999,0,4,29.46230598669623,0.03393414863593603,0.0017600775495475098,5.495099803064069e-06,0.00024100401587629825,LAPA
4360284360,4360284620,0,54.263,0,2,29.851884700665188,0.0334912947887575,0.0006648936170212766,4.939601072442179e-06,0.00013577557216541849,LAPA
4360284609,8677725501,0,47.303,0,4,28.236141906873613,0.03540775059876713,0.001097173969956626,2.826198019181792e-06,0.0001960629197260043,LAPA
4360284609,7848237305,0,18.622999999999998,0,5,28.461862527716185,0.035126944680320654,0.0002624638255418209,4.845505988646602e-06,0.00023321395884667384,LAPA
4360284759,4360284784,0,48.718,0,4,26.228159645232815,0.03811850636999214,0.00033167290506548553,5.3355879397561395e-08,0.00020450637916844382,LAPA
4360284759,4360284777,0,39.319,0,4,25.98669623059867,0.03847269624573379,0.008836208421484621,4.0376364081218655e-08,0.00019913623272916592,LAPA
4360284777,4360284784,0,43.609,0,4,25.820177383592018,0.03872081340329243,0.002554765830084413,6.066476166377022e-08,0.00020385207557886622,LAPA
4360285393,8058025464,0,14.231,0,4,25.818403547671842,0.03872347369053856,0.03387485937068825,6.552648411865833e-07,0.00021005163450717691,LAPA
4360285393,5140512943,0,475.8159999999999,0,5,25.745676274944568,0.038832861092211894,0.0357992255658782,2.328202880444077e-07,0.00023711418828732377,LAPA
4360285393,8058025466,0,16.726,0,4,26.285365853658536,0.038035547082591714,0.0018454280437843614,3.507041567245008e-07,0.00021005163450717691,LAPA
4360285394,8058025460,0,16.198999999999998,0,4,26.16563192904656,0.03820959773572754,0.0010003254816775043,1.5629036878154575e-05,0.0002217102746798564,LAPA
4360285394,8046680322,0,315.6040000000001,0,4,25.86031042128603,0.03866072194118152,0.03592747242250352,6.417622924330307e-05,0.00022172949002217295,LAPA
4360285394,8058025459,0,13.89,0,4,25.686031042128604,0.03892303442560685,0.03511531603563317,1.5933597562596174e-05,0.0002217102746798564,LAPA
4638959856,4638959857,0,75.338,0,5,28.915742793791573,0.03457556935817806,0.010605793927644009,1.7996513005652053e-12,0.0002489477049971426,LAPA
4638959856,9711797493,0,107.469,0,3,29.025942350332596,0.03444430015201632,0.0006648936170212766,1.4852992312885464e-12,0.00015667083266235357,LAPA
4638959856,9356146500,0,80.11500000000001,0,5,28.794235033259422,0.03472147356424512,0.0005861765808857347,2.697785335703853e-12,0.000246537583050362,LAPA
4638959867,4638959868,0,112.18299999999999,0,4,27.951441241685146,0.03576839783914137,4.4444169278775056e-05,8.305923932300596e-12,0.00019334234202337728,LAPA
4638959869,4638959870,0,114.117,0,4,24.910421286031042,0.04013494027379702,0.00012935243297553935,2.970063076021056e-10,0.0001737166981333576,LAPA
4638960036,4639840506,0,63.543,0,2,28.596008869179602,0.03496216115625581,0.0006648936170212766,2.224973559223132e-12,0.00011194922482724007,LAPA
4638960169,8651877923,0,60.516999999999996,0,4,30.679379157427938,0.03258795640484519,0.010321218575097822,1.0496540016213954e-13,0.00020825552325042646,LAPA
4638964892,4638964893,0,11.915,0,4,27.95011086474501,0.03577010035302051,1.326691620261942e-06,5.416077816795975e-13,0.0002113130283264043,LAPA
4638964892,4947094341,0,36.939,0,5,27.763192904656318,0.036010925470402196,0.01836583432982615,4.1687859252651595e-13,0.00025010182319102806,LAPA
4638964893,4638964894,0,26.677999999999997,0,4,27.407538802660753,0.036478221474338234,0.0022819095868505403,1.1045079643386298e-12,0.00021520326699182662,LAPA
4638964894,4947094326,0,26.576999999999998,0,4,26.866518847006652,0.03721279545754655,0.0026774848049586427,3.716142930343972e-12,0.00021695445839630824,LAPA
4638967940,12346048960,0,33.084,0,5,23.353436807095342,0.0428107553833884,0.05179691535353678,8.975493144524503e-10,0.0002383629164985146,LAPA
4639008470,4639008475,0,30.388,0,4,27.320620842572062,0.036594273470977795,0.0015007093377863,1.1488335985178406e-14,0.00020634452748661107,LAPA
4639696206,8027459144,0,25.872000000000003,0,4,25.402882483370288,0.039356882872031214,0.01238179177663466,4.573122222766608e-13,0.0002056219875660497,LAPA
4639843360,8669891092,0,10.619,0,2,26.728159645232815,0.037405428723121845,0.0006648936170212766,1.863465584634544e-11,0.0001101929386078348,LAPA
4639843361,6831533620,0,11.798,0,2,27.095343680709533,0.03689852700490998,0.0006648936170212766,1.7156468286311155e-11,0.00011211514476012669,LAPA
4661191727,8656512826,0,18.498,0,4,31.029711751662973,0.03222003086949066,0.0007626265663805731,3.4893250882534725e-10,0.0002054352338946997,LAPA
4663682045,4663682047,0,47.763999999999996,0,2,28.962749445676273,0.03451945307834821,0.0006648936170212766,1.895086690656608e-15,0.0001296490505164562,LAPA
4663682074,5499308300,0,16.163,0,5,26.62039911308204,0.03755684752369688,0.03733509223160144,1.0527001511528317e-13,0.00022972779338982985,LAPA
4663682688,4663683291,0,70.16900000000001,0,2,27.61618625277162,0.036202619049530704,0.0006648936170212766,9.40630780027221e-14,0.0001168396975582008,LAPA
4663682896,4663682900,0,71.625,0,2,29.60487804878049,0.03377072754235384,0.0006648936170212766,1.97517959424367e-15,0.00012341606108651462,LAPA
4663682952,4663682953,0,42.833,0,2,28.118847006651883,0.03555545041635125,0.0006648936170212766,1.448564360589017e-14,0.0001439698312831295,LAPA
4663682959,4663682960,0,35.701,0,2,27.073835920177384,0.03692783961082037,0.0006648936170212766,1.5195079697230232e-13,0.00011458710727076834,LAPA
4663726752,8035402807,0,11.472,0,5,27.69356984478936,0.036101458790372944,0.002080915806380856,1.7553193146233967e-09,0.00024698007237741325,LAPA
4663726752,8669023837,0,10.353,0,5,27.719733924611972,0.03606738337492801,0.022651048263272223,1.2711828689055405e-09,0.0002477767288395466,LAPA
4663726788,4663734093,0,223.04999999999998,0,4,28.3920177383592,0.0352133574909409,0.006692053647871279,1.7819628900410438e-10,0.00021763023095931587,LAPA
4663726788,4663733892,0,23.444000000000003,0,4,28.611086474501107,0.03494373663163768,0.00028170085403561904,6.232746881028033e-10,0.0002102221330197806,LAPA
4663733899,4663733905,0,39.128,0,4,29.17827050997783,0.03426448014347159,0.00024344791231806638,1.1078772246937075e-09,0.00019483680468177528,LAPA
4663733918,8669272598,0,41.718,0,4,31.61529933481153,0.0316232422765368,0.017231070763962103,9.43923904912711e-12,0.00019614234262522407,LAPA
4663733918,8669272563,0,16.174,0,5,31.209312638580933,0.03203461358114157,0.0006600290810803162,1.1045971431297778e-11,0.00023360320053025332,LAPA
4663733921,8669272568,0,13.302,0,5,30.605764966740576,0.03266633824040802,0.0009346542464745382,1.4031838348549812e-11,0.00023064759520782327,LAPA
4663733921,8669272599,0,23.251,0,4,30.604656319290466,0.03266752157186637,0.0006861206829454677,1.629170526162791e-11,0.00019122989871073168,LAPA
4663734093,8049246364,0,22.21,0,4,28.11862527716186,0.03555573078894453,0.0044881977513461496,4.378389930981081e-11,0.00022070984955441694,LAPA
4663786882,8659989967,0,29.698999999999998,0,4,26.84390243902439,0.03724414782019725,9.706960354916543e-05,0.011880772110364585,0.00018537162005264528,LAPA
4663788037,5696770672,0,9.546,0,4,30.93968957871397,0.032313778325617395,0.0006038658024892273,2.613077342208423e-08,0.00022443360065197996,LAPA
4663788037,5696770685,0,47.926,0,4,30.911751662971174,0.03234298338736981,0.0014403448690643817,5.917547755668221e-08,0.00022433752394039722,LAPA
4663788037,5696770678,0,7.168,0,4,31.468070953436808,0.03177119665165832,0.0013810859766926816,1.6061004661800704e-08,0.00022984602636772882,LAPA
4663903407,6130372773,0,13.826999999999998,0,4,28.450776053215076,0.03514063267167006,0.01690846358496841,3.255399260418165e-10,0.00021085318597976958,LAPA
4664524728,8656464043,0,20.525,0,4,28.78359201773836,0.034734312169719755,0.03279205789328447,1.687589050621743e-06,0.00022841123736856467,LAPA
4664524759,6881991226,0,6.591,0,2,29.92416851441242,0.03341039434490731,0.0006648936170212766,9.164205805661533e-09,0.0001235174220038605,LAPA
4664524781,12388796640,0,104.499,0,5,29.602439024390243,0.033773510003220805,0.0009428355114661534,1.5692745847150526e-09,0.00022533476707136836,LAPA
4664714605,4664714607,0,85.226,0,2,24.86940133037694,0.040201139433492926,0.0006648936170212766,8.521507380838443e-11,0.00010964318933114598,LAPA
4664714608,4664714610,0,62.954,0,2,24.95410199556541,0.0400646863865367,0.0006648936170212766,4.455420292166962e-11,0.00011678430726235937,LAPA
4664714618,4664714620,0,13.751,0,2,27.332150776053215,0.03657883635655645,0.0006648936170212766,1.0365470369413485e-12,0.00015827267701660518,LAPA
4664714619,4664714620,0,10.263,0,2,27.332150776053215,0.03657883635655645,0.0006648936170212766,1.0365567493969483e-12,0.00015827267701660518,LAPA
4665680931,4665680932,0,4.976000000000001,0,5,30.010643015521065,0.033314123592517064,1.7468106333448905e-05,4.483209113274183e-16,0.00023484516659708126,LAPA
4665680931,4665680933,0,7.793,0,4,29.817960088691795,0.033529398642167176,0.05796382023505438,2.652481402634292e-16,0.00019561195850687198,LAPA
4665680932,4665680956,0,12.162999999999998,0,6,29.751662971175165,0.0336041138768818,0.024735280798703733,5.528567963971669e-16,0.0002678472605860259,LAPA
4665680933,4665680951,0,10.228,0,4,30.225720620842573,0.03307706979269062,0.05779090809388024,1.7578506802396261e-16,0.00019386816531846989,LAPA
4665680933,4665680956,0,8.876000000000001,0,5,30.151219512195123,0.03315880042946861,6.567123520296613e-05,3.545995703433848e-16,0.00022975658212816903,LAPA
4665680934,4665680951,0,24.189999999999998,0,4,30.637472283813747,0.03263253121042157,0.057470733182857024,9.741511931804247e-17,0.00019524960092247531,LAPA
4665680934,4665680935,0,4.471,0,4,30.553215077605323,0.03272252258790232,0.057241436647821754,4.627348305754089e-17,0.00020127434414694029,LAPA
4665680934,4665680938,0,11.054,0,5,30.805764966740576,0.03245425885672334,5.439435643073963e-05,1.1288466696954914e-16,0.00023260041643807043,LAPA
4665680935,4665680954,0,24.927999999999997,0,4,30.24390243902439,0.03305718475073314,0.05695774575635574,2.0361788335727943e-17,0.00020992274835502137,LAPA
4898686111,4898686117,0,33.537000000000006,0,4,28.66740576496674,0.03487508701369015,2.21115270043657e-07,2.9133444893476804e-15,0.00021097694822157356,LAPA
4947094337,8035402803,0,76.71600000000001,0,4,28.20620842572062,0.03544532662526531,0.0003046968421201594,9.491982397266134e-14,0.00021197682421058667,LAPA
4947094337,4947094341,0,82.42999999999999,0,5,27.961862527716185,0.03575506708535541,0.001890756674143311,1.9501427671726193e-13,0.00025038696380014897,LAPA
5140512943,6136077446,0,23.093,0,5,25.67427937915743,0.038940850325154805,0.0002788263555250515,1.1228580521790387e-07,0.0002301206707349652,LAPA
5140512943,6136077443,0,46.516,0,5,25.5039911308204,0.0392008554810777,0.006781605332238961,1.0861205653311551e-07,0.00022938699849291938,LAPA
5194655281,12386721795,0,146.87499999999997,0,4,22.269844789356984,0.0448938140326772,0.005518373794479548,1.1915861393854944e-06,0.0002340962791514332,LAPA
5194655281,5194655282,0,41.906,0,2,22.619512195121953,0.044199815711569,0.0006648936170212766,2.491772162123195e-07,0.00013186934901454763,LAPA
5591073991,12596271453,0,263.83199999999994,0,3,26.81529933481153,0.037283875075452506,0.01380378407828542,1.8566895807150374e-11,0.00018478280655008449,LAPA
5696770661,5696770669,0,4.702,0,4,31.02660753880266,0.03222325448438505,0.001275835108151901,4.673239280197539e-09,0.00022984602636772882,LAPA
5696770661,5696770671,0,7.132000000000001,0,4,30.69379157427938,0.03257265457382485,0.0007170768207515796,8.334452016827071e-09,0.00022443360065198,LAPA
5696770661,5696770680,0,12.239,0,4,30.213525498891354,0.03309042073049911,0.0012218829822612486,1.1885691037202619e-08,0.00022424144722881444,LAPA
5696770669,5696770678,0,14.168999999999997,0,4,31.326164079822615,0.03191511951359348,6.63345810130971e-07,4.6729790276136635e-09,0.00023384289970313366,LAPA
5696770671,5696770680,0,8.088000000000001,0,4,30.030820399113082,0.03329174019300202,0.001851619271345584,1.3886907065772207e-08,0.0002228258948484704,LAPA
5696770671,5696770672,0,2.379,0,4,30.329490022172948,0.03296389981430848,0.00262110041109751,1.8403960520886975e-08,0.00022301804827163594,LAPA
5696770672,5696770685,0,45.714,0,4,30.47228381374723,0.03280943025540275,0.002070523388688804,5.9516957127116146e-08,0.00022292197156005317,LAPA
5696770685,7987770906,0,125.767,0,4,30.28780487804878,0.033009268071274835,0.004170455108293415,2.451299186998797e-07,0.00022233533846227133,LAPA
5820771049,5820771050,0,122.93699999999998,0,2,30.049667405764968,0.033270859773914585,0.0006648936170212766,1.2279605256758987e-05,0.00012986768881343127,LAPA
6097071112,8677725500,0,21.437,0,5,28.198669623059867,0.03545480279297981,0.011385446369817942,6.244850620762509e-05,0.00023159294824916802,LAPA
6097071114,8677725500,0,4.888,0,4,27.814634146341465,0.03594432575491853,0.014580340906678743,0.00013881542020519814,0.00019410888978455422,LAPA
6831533617,6831533619,0,44.785,0,2,29.341685144124167,0.0340736486537546,0.0006648936170212766,1.0715961404060697e-14,0.00011400825085456956,LAPA
6892826150,6892826152,0,27.194000000000003,0,4,29.147228381374724,0.03430097220320416,8.247599572628406e-05,3.555350686570118e-09,0.00018476790114329135,LAPA
6892826152,12388796640,0,247.25099999999998,0,5,29.252328159645234,0.03417773330907768,0.0020742823482795465,2.836973670849173e-09,0.00022454223473389572,LAPA
7169682195,7169682196,0,43.205,0,4,27.99467849223947,0.035713154226333796,0.0025326543030800472,2.1741239041217746e-15,0.000220139761977687,LAPA
7826439116,7826439117,0,42.371,0,4,27.901108647450112,0.03583292273948217,0.012517556552441467,1.7601778702570848e-13,0.00021020958900361592,LAPA
7840479113,7840479117,0,28.89,0,4,25.71529933481153,0.0388787335310754,0.0020576987030262723,0.00017591832479976367,0.0002107889919078913,LAPA
7840479117,8656170691,0,4.516,0,4,25.839467849223947,0.03869190636369877,0.007197080924650992,5.6273498874766836e-05,0.0002109339886203835,LAPA
7840479117,8035324474,0,69.184,0,4,26.347450110864745,0.037945921381504204,0.008395746803557657,4.317064254607219e-05,0.0002159216147674222,LAPA
7843280520,7843280547,0,301.731,0,4,28.072505543237252,0.03561414455756791,0.06533204437871916,4.700397316024032e-15,0.00021449064744549147,LAPA
7845124605,12292242712,0,235.53300000000002,0,5,27.417073170731708,0.03646553606521581,0.0021485770790142153,2.468466205879698e-07,0.00023531885205636067,LAPA
7845124605,7851788721,0,141.969,0,5,27.725720620842573,0.03605959549914829,0.0013297872340425532,4.091909717027106e-07,0.00023364149388574283,LAPA
7848237305,8677725501,0,42.173,0,5,28.673392461197338,0.034867805470278464,0.02978201572218016,4.132453227985502e-06,0.00023415641853239826,LAPA
7848237307,8677725508,0,10.003,0,5,28.058758314855876,0.03563159350428701,0.0003451609365381486,1.4359269220160594e-07,0.00023157826663596954,LAPA
7851788721,7851788722,0,14.592,0,4,28.42128603104213,0.03517709471056327,0.00012868908716540838,3.2666292370553223e-07,0.00019309763207639923,LAPA
7868883975,8656170690,0,2.943,0,4,25.747450110864744,0.03883018575451469,0.047897105335776805,1.4068082732720553e-05,0.00021419077829147755,LAPA
7868883975,8656170694,0,27.651000000000003,0,4,25.231263858093126,0.039624581476892254,0.0012212196364511177,1.9938728319268804e-05,0.000213055594972291,LAPA
7868883978,8058086914,0,160.589,0,5,24.342128603104214,0.04107193281291275,0.00866373851085057,0.00021767132286812886,0.00024398041898988937,LAPA
7868883978,8656170694,0,18.726,0,4,24.86829268292683,0.040202931630942615,0.0012344865526537371,6.459452880419778e-05,0.00020574617859058858,LAPA
7959715633,8669272561,0,71.262,0,4,30.41840354767184,0.03286754575870891,0.017681703684311077,2.2590924084474818e-11,0.0001938055864347189,LAPA
7987301225,7987339403,0,11.697999999999999,0,4,29.652549889135255,0.03371643498612908,0.006755292615103765,4.314139296949415e-07,0.00022084516849727023,LAPA
7987301225,7987770912,0,3.66,0,4,29.28181818181818,0.0341433125601048,0.0018967267864344899,7.360887550869297e-07,0.0002228857846600292,LAPA
7987339395,8789665560,0,2.357,0,4,29.71929046563193,0.03364071802676933,0.005608146594117272,1.7603148820326795e-06,0.0002217871360491226,LAPA
7987339395,7987339403,0,7.604000000000001,0,4,29.815964523281597,0.03353164274559381,0.005815552717418223,6.429242814414296e-07,0.00022153967258179883,LAPA
7987339395,8789665565,0,11.768,0,4,29.720177383592016,0.03363971411092377,0.00034073863113727546,1.192159125033392e-06,0.00022169105933753983,LAPA
7987339397,8789665560,0,5.791,0,4,29.235033259423503,0.034197952218430035,0.00012625681919492817,4.263715819970714e-06,0.00022232252823406028,LAPA
7987339397,8789665566,0,28.947000000000003,0,4,28.3410199556541,0.03527672158850866,0.0011013751600874556,1.5097188697878418e-05,0.00022247929026203103,LAPA
7987339403,7987770906,0,26.834,0,4,29.813968957871396,0.033533887149433665,0.0009337697853943636,3.844127436395981e-07,0.0002216357492933816,LAPA
7987724186,8024919229,0,16.367,0,4,29.087139689578713,0.034371831715999786,0.0005165252708219828,1.4855743861302437e-14,0.00019547476229900284,LAPA
7987724186,8024919230,0,26.292,0,4,29.551884700665187,0.033831286249146525,0.0007617421053003984,8.782230248601742e-15,0.00019935526635578448,LAPA
7987770906,8789665565,0,13.115,0,4,29.717738359201775,0.03364247502368926,0.0038967144039793677,9.336475872270442e-07,0.0002217871360491226,LAPA
7987770912,7987770913,0,28.201,0,4,29.77050997782705,0.03358283990615574,0.00113852252545479,1.6740901384988677e-06,0.00022827697731170316,LAPA
7990740516,8674237059,0,17.376,0,4,26.662527716186254,0.03749750515601091,0.0558366913372344,0.0002460943963883957,0.00022267865201203524,LAPA
7990740516,8674237058,0,35.534,0,4,26.362749445676275,0.037923899878885746,0.062364677454733286,0.0010249554100261642,0.000210625465096256,LAPA
8034592516,8034592517,0,16.11,0,4,27.459645232815966,0.03640900171991958,0.0004050831747199796,1.9470182641621084e-15,0.00020531699058865137,LAPA
8035324452,8035324460,0,2.561,0,4,28.418181818181818,0.035180937222040166,0.0015683706104196592,1.795351913038121e-06,0.00021862591859622568,LAPA
8035324452,8035324453,0,18.615,0,4,28.660753880266075,0.034883181185208105,0.0002354877625964947,6.454712757299774e-07,0.00022087557084787712,LAPA
8035324452,8035324463,0,10.195,0,4,28.367627494456762,0.035243633635041974,0.0014516217478366083,9.497242264139174e-07,0.00022085635550556058,LAPA
8035324453,8035324481,0,52.314,0,4,28.05388026607539,0.03563778917667144,0.007857552236271395,3.055616845162737e-07,0.00022121353924240257,LAPA
8035324453,8035324463,0,18.891,0,4,28.079157427937915,0.03560570765258179,0.007922117895124143,7.325912711769277e-07,0.00022132189870221125,LAPA
8035324454,8035324472,0,14.901,0,4,27.641241685144124,0.03616980314771141,0.00037744376596452253,6.199601658678084e-06,0.00021311691254399223,LAPA
8035324454,8035324460,0,16.234,0,4,28.061862527716187,0.03562765192518904,0.0008705308181618777,4.8839562602711855e-06,0.00021331313509847185,LAPA
8035324460,8035324472,0,7.7749999999999995,0,4,27.88980044345898,0.03584745156340682,0.0005786586617042504,4.043744993513058e-06,0.00021664558698674533,LAPA
8035324463,8035324475,0,7.600999999999999,0,4,27.416407982261642,0.036466420807453416,0.009946649307643867,2.393098661331317e-06,0.00022106803012078192,LAPA
8035324472,8035324474,0,10.583,0,4,27.066740576496674,0.03693751996788754,0.0014839045772629823,1.0822243554745611e-05,0.00021730645622527916,LAPA
8035324474,8035324475,0,12.19,0,4,26.821286031042128,0.0372755530571079,0.0077262097658654634,1.0017224909186579e-05,0.00021949846244998094,LAPA
8035324478,8035348385,0,8.911000000000001,0,4,26.511529933481153,0.03771107412580394,0.00671991417189678,2.0890418253510978e-07,0.00021644570063456914,LAPA
8035324478,8035324480,0,14.77,0,4,26.23170731707317,0.03811335108406238,0.0017151911497286475,6.087286071776974e-08,0.00021050128688744981,LAPA
8035324478,8035348388,0,5.9350000000000005,0,4,26.988248337028825,0.03704494852814315,0.005291067296874669,6.758699034608032e-08,0.00021545143522363176,LAPA
8035324480,8035348388,0,14.838,0,4,26.444345898004435,0.03780688221089348,0.00126610603626998,4.2629568475515925e-08,0.00021069750944192946,LAPA
8035324481,8035348390,0,13.634,0,4,27.706873614190688,0.036084124265753297,0.006725663168917915,1.5045418298956422e-07,0.00022051198642953447,LAPA
8035324481,8035348392,0,13.913,0,4,27.89778270509978,0.03583719470032348,0.0011161898831803807,2.624380324714148e-07,0.00022066088649391687,LAPA
8035348388,8035348390,0,5.937,0,4,26.989135254988913,0.037043731155675684,0.006844844299471446,8.373350777624679e-08,0.0002177928330984515,LAPA
8035348390,8035348392,0,5.943,0,4,27.476053215077606,0.03638725921382861,0.00040640986634024156,2.3010716692338773e-07,0.00022008690848317398,LAPA
8035682143,8058086920,0,24.293000000000003,0,4,24.429046563192905,0.04092579986385296,0.004316170071252185,0.002278991354108659,0.0002138054241092566,LAPA
8035682143,10009604013,0,5.88,0,4,24.43481152993348,0.04091614413662308,0.0011086719639988962,0.0022923279279468615,0.0002092155223036337,LAPA
8046680322,8669641892,0,29.501,0,4,26.138802660753882,0.03824881665337699,0.023254692950491408,0.00023671895695424785,0.0002217102746798564,LAPA
8047464948,8047464952,0,11.972999999999999,0,2,24.072062084257205,0.04153272233224336,0.0006648936170212766,4.625811144712727e-10,0.00011322551745420842,LAPA
8049106961,9668894939,0,15.424,0,4,29.01640798226164,0.03445561804621592,0.0016910895852938889,6.0131606171256084e-05,0.00022751311093890746,LAPA
8049106976,8656592467,0,27.151,0,4,26.827050997782706,0.03726754277212993,0.02085625561632786,0.026167786925409713,0.00020754610701034822,LAPA
8049135975,8049183035,0,12.065,0,4,28.470288248337027,0.035116548936534764,0.0010093912077492942,5.7318342259728934e-15,0.00020713397777146384,LAPA
8049246367,8669272600,0,20.201999999999998,0,4,28.931485587583147,0.034556755389673594,0.0008966224200270291,8.871539846827812e-12,0.0002100882837474941,LAPA
8049246367,8669272601,0,34.927,0,4,29.010421286031043,0.0344627284330885,0.010748634392092211,4.067164320197846e-12,0.00021462212839349655,LAPA
8058025451,8058025452,0,15.088,0,4,24.71130820399113,0.04045833034240184,0.006578621514338884,9.002548015321388e-06,0.0002207072875087747,LAPA
8058025451,8058025463,0,5.274,0,4,25.386474501108648,0.0393823203165259,0.027323877265104827,4.692973550026851e-06,0.00022072650285109128,LAPA
8058025451,8058025464,0,2.636,0,4,25.215964523281595,0.039648622981956316,0.03398409031408982,2.5663034755590645e-06,0.00021763180478735322,LAPA
8058025452,8058025463,0,14.742,0,4,24.75121951219512,0.04039309133909055,0.00884461080174628,9.55827841081094e-06,0.00022136362344552717,LAPA
8058025452,8058086916,0,114.428,0,4,24.159866962305987,0.04138177880158956,0.014977685046947195,3.594807932148166e-05,0.00022131714061744714,LAPA
8058025453,8058025468,0,14.572,0,4,26.60620842572062,0.037576878843942195,0.0003831927629856576,6.294600780278858e-07,0.00022067526193824714,LAPA
8058025453,8058025470,0,14.889,0,4,26.63148558758315,0.03754121290838246,0.0005627383622611071,1.185190473511422e-06,0.0002213315978749996,LAPA
8058025459,8058025460,0,5.266,0,4,25.74589800443459,0.03883252665483921,0.0005379734520162175,7.205284795122612e-06,0.00022169105933753986,LAPA
8058025459,8058025463,0,5.269,0,4,25.230155210643016,0.039626322635075754,0.035910888777250245,6.379274712544693e-06,0.00022153694906269179,LAPA
8058025460,8058025470,0,5.276999999999999,0,4,26.149667405764966,0.03823292491626744,0.001619448237799744,4.289626316223935e-06,0.00022153694906269179,LAPA
8058025464,8058025466,0,7.91,0,4,25.81219512195122,0.0387327875752708,0.00019082247804767599,6.908031121317384e-07,0.00021519344266036764,LAPA
8058025466,8058025468,0,5.275,0,4,26.246784922394678,0.038091456666638504,0.001778651232231177,4.766550792389914e-07,0.00021763180478735322,LAPA
8058025468,8058025470,0,5.274,0,4,26.858536585365854,0.037223854968133935,0.0011383014101847462,1.1227981262997028e-06,0.00022072650285109128,LAPA
8058086912,8058086923,0,2.5919999999999996,0,4,24.475609756097562,0.04084794129637179,0.0018759419510503861,0.00028993927079652975,0.0002092233026516667,LAPA
8058086912,8058086913,0,5.17,0,4,24.064079822616407,0.04154649909240848,0.0015570937316474326,0.0001442182936486951,0.00020660991196379524,LAPA
8058086912,8058086914,0,18.56,0,5,24.448558758314856,0.04089313731714174,0.0001877268642670648,0.00025563407912826993,0.0002466845893082646,LAPA
8058086913,8058086914,0,18.573999999999998,0,5,23.800665188470067,0.042006316319020694,0.008805694514218598,0.00022435941622172664,0.00024736958427321764,LAPA
8058086913,8058086924,0,2.578,0,4,23.318181818181817,0.042875481386392814,0.010724753942927497,7.535789991154855e-05,0.0002130233853835524,LAPA
8058086914,10009604013,0,25.42,0,5,24.163858093126386,0.04137494379651126,0.00014682053930898826,0.0006221313308647514,0.0002474575367848286,LAPA
8058086915,8058086916,0,17.813,0,4,24.17450110864745,0.04135672814990782,0.005498915650715706,0.0001320701486442622,0.00022085899733809126,LAPA
8058086915,8058086928,0,7.7059999999999995,0,4,23.717960088691797,0.0421527933587615,0.000313320337651862,0.0001341093523361428,0.00022058430142369052,LAPA
8058086915,8058086920,0,5.534000000000001,0,4,24.079157427937915,0.04152048399127048,0.005450270291306102,0.0005439631519367136,0.0002184834207465037,LAPA
8058086916,8058086928,0,19.676000000000002,0,4,23.752328159645234,0.042091801013787886,0.009544882861974541,6.006750945874571e-05,0.00022101517721728287,LAPA
8058086920,8058086923,0,7.888999999999999,0,4,24.7470066518847,0.04039996774453673,0.0012010981468771448,0.0006430999486948056,0.00021451493734864362,LAPA
8058086923,10009604013,0,16.844,0,4,24.76807095343681,0.04036560910979016,0.0014153588435494484,0.0006564365225330082,0.0002099250355430207,LAPA
8058086924,8058086928,0,10.417,0,4,23.23769401330377,0.043023988091830306,0.009727524075030603,4.993944111579814e-05,0.00021976143934847553,LAPA
8058086924,12569763608,0,769.1269999999998,0,4,22.878935698447894,0.04369863544735618,0.0026434330533719195,2.3169737669793828e-05,0.00022262285274542485,LAPA
8651877922,8651877923,0,19.908,0,4,30.69467849223947,0.03257171339203802,0.00016539422199265545,1.2454438160854066e-13,0.00020832658736347478,LAPA
8653246703,8655969835,0,15.478,0,4,26.266740576496673,0.03806251741049948,0.04587854403554826,1.7931095403409677e-12,0.00022076261477676923,LAPA
8655969835,8655969836,0,8.929,0,4,27.16851441241685,0.03679915122827063,0.0004221090505133412,5.773019017365476e-13,0.0002213967255058204,LAPA
8656170690,8656170691,0,27.622999999999998,0,4,25.919733924611972,0.03857208848739927,0.0007577620304396126,3.018556588766359e-05,0.0002105820087617144,LAPA
8656170690,8656170696,0,15.980999999999998,0,4,25.93880266075388,0.03854373247623607,0.0468131982820228,2.602664762777611e-05,0.00021016303451232502,LAPA
8656170694,8656170696,0,19.953,0,4,25.487139689578715,0.03922677407848835,0.0003261450233143941,3.1897293214328966e-05,0.0002090278511931385,LAPA
8656556531,9668894939,0,8.505,0,4,28.762084257206208,0.03476028585304933,0.0013830760141230747,2.0607696176953458e-05,0.00022377010618493192,LAPA
8660218395,8660218396,0,10.431000000000001,0,4,24.543458980044345,0.04073501910724449,0.00024256345123789173,2.116856841992205e-08,0.00021829026684855885,LAPA
8669178842,8669178845,0,28.054000000000002,0,4,27.47782705099778,0.03638491022796046,0.0004212245894331666,1.4530765471462629e-13,0.0002217727433809561,LAPA
8669272561,8669272598,0,5.565,0,4,30.893126385809314,0.032362482774460265,0.01857390379893723,9.229442077323313e-12,0.00019589910119403593,LAPA
8669272563,8669272598,0,33.804,0,5,31.295343680709536,0.031946550282694025,0.0011847356168939143,8.525264364226114e-12,0.00023358704786182857,LAPA
8669272569,8669272599,0,139.153,0,5,29.60931263858093,0.03376566969701508,0.0014107154228785318,3.8002675765052076e-11,0.00022874759467389374,LAPA
8669272569,8669272600,0,90.95599999999999,0,5,28.992239467849224,0.03448434094298497,0.03310847384471694,3.595283007093276e-11,0.00023721682596249515,LAPA
8669272600,8669272601,0,25.607,0,4,28.692682926829267,0.03484436338907607,0.03244822364836658,8.851562332945223e-12,0.00020960481627858578,LAPA
8669272601,8669272602,0,80.21000000000001,0,4,28.32350332594235,0.03529853842600929,0.04289680461900955,2.9891027531751984e-12,0.0002148174564286034,LAPA
8669662424,8669662425,0,23.276,0,4,24.250332594235033,0.04122740447475976,0.0004468739607582308,2.975897024229919e-07,0.0002265100673646182,LAPA
8674237059,12892639735,0,111.598,0,4,26.871175166297117,0.03720634711071137,0.06067403009997949,6.51141070466216e-05,0.0002342673936956721,LAPA
8677725505,8677725508,0,11.998,0,5,27.333481152993347,0.03657705598909746,0.008517360202081667,1.4410313740688302e-07,0.00022855538911833656,LAPA
8789665560,8789665564,0,13.45,0,4,29.236807095343682,0.034195877383245615,0.005596648600075003,4.218738871226497e-06,0.00022187040253249433,LAPA
8789665564,8789665566,0,14.692,0,4,28.415077605321507,0.03518478057306948,0.009810221186026931,1.5052211749137573e-05,0.00022202716456046507,LAPA
8789665564,8789665565,0,5.561999999999999,0,4,29.237250554323726,0.03419535871378735,0.0042155626233823205,3.6505831142297032e-06,0.00022177432582091156,LAPA
8789823181,8789823188,0,15.771,0,2,29.79889135254989,0.03355085458320002,0.0006648936170212766,5.536545942142089e-08,0.00013663638390825174,LAPA
8953951465,8953951466,0,7.941,0,4,26.598226164079822,0.03758815585454909,0.002503909317974372,0.00017890773834231604,0.0002114052113788217,LAPA
8973852752,8973852753,0,6.665,0,5,28.727050997782705,0.03480267677274446,0.01925272767797126,1.474350410537268e-12,0.0002334965924584831,LAPA
9344479035,12346048960,0,27.603,0,5,22.857427937915745,0.04373975380018819,0.033370274324448626,9.204922606324683e-10,0.00024263858181443904,LAPA
9344479035,12346048968,0,18.238,0,4,23.034146341463416,0.0434041815871549,0.0007380827714057271,5.259020727658574e-10,0.0002014760655706669,LAPA
9356146496,9356146500,0,48.379000000000005,0,4,28.21929046563193,0.035428894703344885,0.000776777943663367,4.657405696470661e-12,0.00020524585992974555,LAPA
9668894929,9668894939,0,13.165,0,4,28.88869179600887,0.03460794547464079,0.00010878871286147925,4.087476779581218e-05,0.0002239773304648163,LAPA
9720803590,9720803591,0,6.683,0,4,25.21130820399113,0.0396559457534102,0.004173992952614113,5.4433936421002947e-11,0.00019267719351831242,LAPA
9801580405,9801580409,0,11.487,0,4,29.03059866962306,0.03443877551020408,0.0005359834145858246,1.1951829734237749e-08,0.0002000153323792714,LAPA
10081156661,10081156662,0,20.854,0,5,25.8,0.03875109575620069,0.024387687594195104,5.630350934468666e-14,0.00024708940235536504,LAPA
10839548487,10839555036,0,175.351,0,4,25.925942350332594,0.03856285171818073,0.03017891763190853,3.651458475334492e-12,0.00022189368700612497,LAPA
10839548487,10839548493,0,82.793,0,4,25.46252771618625,0.03926469051516946,0.03279603796814525,1.569771657049277e-11,0.0002200912790316224,LAPA
10839555035,10839555036,0,117.422,0,4,26.61330376940133,0.03756686051355539,0.002438901428581537,1.0397632181065678e-12,0.00022367199490769209,LAPA
12292242712,12303168152,0,55.953,0,4,27.62749445676275,0.03618780096308186,0.0014096098465283134,6.131191462601065e-08,0.0002068604957947747,LAPA
12292242721,12292242726,0,72.599,0,3,27.421064301552107,0.036460228513208646,0.0021481348484741277,3.514498119669588e-09,0.00018517618755094082,LAPA
12292242721,12292242726,1,78.515,0,3,27.421064301552107,0.036460228513208646,0.0,3.51449810132563e-09,0.00018517618755094082,LAPA
12292242721,12303168152,0,308.0,0,4,27.68492239467849,0.03611273516526642,0.0016380219204834112,1.5244989086081263e-08,0.00022890021740269918,LAPA
12292242725,12292242726,0,3.974,0,4,27.06053215077605,0.03694599444458101,0.00272812020179864,1.8396501325312814e-09,0.0002373701660150814,LAPA
12303168149,12303168152,0,42.70700000000001,0,4,27.668736141906873,0.03613386117032359,0.0001353225452667181,2.10128505356719e-08,0.0002119922473757661,LAPA
12386721795,12569763608,0,28.443,0,4,22.539246119733924,0.04435721874631094,0.09881928868102088,5.257759193782788e-06,0.00022575314336799486,LAPA
12892639735,12892639738,0,57.435,0,3,27.047228381374723,0.036964167138043826,0.06028553057051278,1.4665362790171881e-05,0.0001839545590387443,LAPA
12892639735,12892639738,1,62.787000000000006,0,3,27.047228381374723,0.036964167138043826,0.0,1.4665362790190653e-05,0.0001839545590387443,LAPA
12966192175,12966192176,0,7.861,0,2,26.38558758314856,0.03789107471491357,0.0006648936170212766,4.766514540337487e-13,0.0001274564795156372,LAPA
13734280906,13734280912,0,88.816,0,2,26.468957871396896,0.0377717277486911,0.0006648936170212766,6.921441766744218e-10,0.00013355457912423829,LAPA
