u,v,key,length,flood_count,Degree,Mean Shortest Path Length,Closeness,bet,Eigenvector,Pagerank,district
25717097,1378100588,0,132.379,1,4,24.964423489069866,0.04004841866694138,0.016161149175509006,2.302190271900045e-12,0.0001964133082832603,MOEMA
25717097,304693645,0,166.421,0,4,25.123660522931846,0.03979458657135301,0.02022262982435457,1.4033349423955754e-12,0.00020228489416320388,MOEMA
25717097,1378100606,0,8.638,0,4,24.553364766395198,0.04071888692980465,0.036109076060055714,5.629544481574361e-12,0.00019374713315565905,MOEMA
25720903,304693546,0,34.447,0,4,26.600728675525076,0.03758489836366712,0.027338501423660726,2.2891415758064e-14,0.00019267272257325558,MOEMA
25720903,4007241051,0,56.777,0,4,27.213459065580796,0.036738647639748614,0.027606024101129594,7.671692475093744e-15,0.0001910989873485424,MOEMA
25720915,4007241051,0,21.859,0,5,27.42756108015431,0.03645186244403291,0.017146698086877004,7.145724435436119e-15,0.0002150145428411437,MOEMA
25720915,1389167690,0,15.946,0,5,26.80968709815688,0.03729195644875054,0.028363889209941838,1.310462038660769e-14,0.0002115385048464087,MOEMA
25721007,307825576,0,425.633,0,5,25.833261894556365,0.03870148832733246,0.01943071637477356,7.628157679577286e-14,0.0002238007832800533,MOEMA
25721007,304693420,0,88.398,0,4,25.74517788255465,0.03883390078833235,0.019475419298367925,9.890332029986691e-14,0.0001970233464977212,MOEMA
25721007,4358353966,0,43.052,0,4,26.066223746249463,0.03835560123329908,2.8026185258643474e-05,1.1080876362296617e-13,0.00019377608267069011,MOEMA
25947878,3317179780,0,412.44,0,4,16.946849549935706,0.058995371424235526,0.022971743814725144,2.3229584280193018e-06,0.00021025987179280897,MOEMA
25947878,8693966316,0,137.428,0,4,17.576296613801972,0.05688261330797088,0.030992096847378428,4.852973877237574e-07,0.0002131873073960459,MOEMA
25947878,3278570096,0,434.02,0,4,17.162023146163737,0.05825570069182547,0.053621967526221274,4.812048416082177e-07,0.00021306377934181492,MOEMA
25947939,315793801,0,82.845,0,4,18.87612516073725,0.05296562060039057,0.018680494771031855,8.039754598880833e-06,0.000212742373329014,MOEMA
25947939,315793888,0,376.592,0,4,18.76746678096871,0.053272276718930214,0.00028628400809655645,8.037825738948134e-06,0.0002132120858418297,MOEMA
25947939,315793946,0,708.7059999999999,0,4,18.906558079725674,0.052880364551452085,0.01847991066827165,3.889472278904096e-05,0.00021094690926871078,MOEMA
26358405,26358414,0,164.671,0,4,21.19845692241749,0.047163134907796826,0.003892628673196382,2.2194894433926102e-10,0.00020265866677185543,MOEMA
26358414,142853459,0,97.274,0,5,21.241105872267468,0.04706843841753186,0.003732578309446608,3.178389122025744e-10,0.00023467974623313313,MOEMA
26358414,8001911201,0,90.93200000000002,0,4,20.741963137591085,0.04820111177698332,0.002693988105316382,1.9699681550943355e-10,0.00019965038897691947,MOEMA
26358426,8001911201,0,10.346,0,4,20.254179168452637,0.04936194527331598,0.022911290638258152,5.622312436753614e-10,0.0001951820983574936,MOEMA
26358426,298290110,0,99.02,0,5,20.255465066438063,0.04935881157948197,0.0023539679403602777,1.205831308848468e-09,0.00022182596625050624,MOEMA
26358426,298290509,0,115.125,0,4,19.72053150450064,0.05069770474700052,0.02085240831789384,1.9835989632007514e-09,0.00018786298357481232,MOEMA
28618175,28636359,0,11.982,0,5,20.945135019288468,0.0477335516218152,0.04085800892251825,1.3293246465849336e-12,0.0002272312397699862,MOEMA
28618175,302806063,0,132.671,0,6,20.858551221603086,0.04793169348375562,0.06373803067639693,1.7123990663288859e-12,0.00025799044996860224,MOEMA
28618175,302806083,0,92.155,0,5,21.036005143591943,0.04752735497279785,0.011858550684892798,1.4655957395567435e-12,0.00023542081801821574,MOEMA
28621516,28636797,0,10.927,0,5,23.86990998714102,0.04188476974599783,0.003452084835494399,6.427465134332982e-13,0.00021440462696057549,MOEMA
28636359,303987295,0,32.47,0,4,21.441920274324904,0.046627618743003356,0.07872346979923754,3.374917563609012e-13,0.0001996419998663706,MOEMA
28636359,303987260,0,136.953,0,5,21.224174882126018,0.04710598594393731,0.0381415535447218,5.281035934402877e-13,0.00022638551057245536,MOEMA
28636604,304693515,0,69.453,0,4,25.206600942991855,0.03966364548438111,0.049697375104548094,2.1513306556452933e-14,0.00020559626927789051,MOEMA
28636604,28638248,0,63.069,0,4,25.730818688384055,0.038855572213893054,0.029426799657478325,2.944119056072712e-14,0.00019812414875227785,MOEMA
28636797,2577302635,0,76.387,0,5,23.757179597085297,0.04208351751450145,0.0737651512221154,7.283243383088562e-13,0.00021415134006598193,MOEMA
28636797,304693497,0,129.24899999999997,0,5,23.80818688384055,0.04199335667797892,0.06204788957034468,9.196539210247199e-13,0.00021243607657987881,MOEMA
28636797,304693592,0,52.763,0,6,23.3349764252036,0.042844940806936016,0.012196254636191162,1.997669524846534e-12,0.00024418374688072445,MOEMA
28638248,304693538,0,147.173,0,5,25.39605657951136,0.03936775304224544,0.0013952871074220518,1.1313466284824541e-13,0.00021830868200506853,MOEMA
28638248,304693546,0,74.568,0,4,25.894342048864125,0.038610198389379506,0.028146396747480134,4.0761335467205806e-14,0.00018933755422084698,MOEMA
28800788,28800790,0,37.37,0,6,20.384697813973425,0.049045891815171105,0.010142931228605424,1.7949415778871347e-11,0.0002481520982761054,MOEMA
28800788,466909349,0,179.915,0,6,20.334333476210887,0.049167369308600335,0.0038951765082198947,1.868490550074428e-11,0.00025547132615943833,MOEMA
28800788,1393378491,0,259.229,0,6,19.864337762537506,0.05033068283578064,0.014008691823372032,5.6268428593122265e-11,0.0002554419906599535,MOEMA
28800788,3278570119,0,65.276,0,5,20.00921560222889,0.04996626072426979,0.0005362034617666085,2.115751695797271e-11,0.0002168963477636846,MOEMA
28800790,3317179764,0,75.389,0,6,21.248392627518218,0.047052297140551716,0.008156083152996799,5.578274082820087e-12,0.0002501339047095146,MOEMA
28800790,4181805790,0,121.126,0,5,21.187526789541362,0.04718746522895783,0.0014599094684729736,5.236499604817641e-12,0.0002151421002304771,MOEMA
28800790,40257873,0,82.939,0,5,20.82340334333476,0.048012597517548015,0.00034488421363735645,5.341417964022086e-12,0.00021160040115522768,MOEMA
40257017,1942703874,0,30.278999999999996,0,5,20.740034290612943,0.04820559453566594,0.018362247014458502,6.200115213861712e-13,0.00020891726121240905,MOEMA
40257017,1363061412,0,40.065,0,5,20.283326189455636,0.04929101244690518,0.03857607522691366,7.098740377830892e-13,0.00021380428609355618,MOEMA
40257017,1942703798,0,13.876000000000001,0,5,20.723103300471497,0.04824497900593625,0.05672013491481313,4.707562777185596e-13,0.0002172771759041119,MOEMA
40257041,142833320,0,121.179,0,4,19.274967852550365,0.05186964208279129,0.021976698427360414,8.769234127374117e-10,0.00020647617537489547,MOEMA
40257041,142777332,0,154.60199999999998,0,4,19.79511358765538,0.05050669091853969,5.9295069638121726e-05,2.36067193593743e-10,0.00020197103450847253,MOEMA
40257041,1001237110,0,24.072000000000003,0,4,19.66116588084012,0.050850783200165686,0.02193500658152111,1.9527326539289446e-10,0.000204125256222288,MOEMA
40257123,1393378957,0,150.357,12,5,18.780325760822976,0.053235800933480924,0.003823373884829982,1.2453409775126848e-08,0.00023976596673535054,MOEMA
40257123,1393379136,0,115.512,0,4,18.266609515645094,0.0547329641449221,0.02555756474222511,1.1565852434670875e-08,0.00020690643180277618,MOEMA
40257123,142833320,0,488.68600000000004,0,4,18.782254607801114,0.0532303338734339,0.021921340920940446,4.128351234019537e-09,0.0002047855821014865,MOEMA
40257778,4167937342,0,12.774,0,6,22.86562366052293,0.04372440037116533,0.015780595271542467,6.175167091984666e-13,0.00025039591077196126,MOEMA
40257778,4167937334,0,171.235,0,5,22.361123017573938,0.0447108887547083,0.020940192815522153,2.024002438040316e-12,0.00022345583515195872,MOEMA
40257778,40257912,0,93.917,0,5,22.942991855979425,0.04357695325636139,0.00433942628777426,5.746974864562927e-13,0.00021894518370142312,MOEMA
40257778,1393378253,0,136.817,0,5,22.683240462923276,0.04407596371882086,0.0011865962568597562,6.370638149825857e-13,0.00022359062862883797,MOEMA
40257873,1942703888,0,89.92200000000001,0,5,20.858122588941278,0.047932678476018245,0.01344446217634678,1.988223958143552e-12,0.00021557110941690486,MOEMA
40257873,3317179764,0,17.006,0,5,21.286540934419204,0.04696797317841789,0.013054643417749284,2.6563232690366845e-12,0.00021432201216330446,MOEMA
40257903,1393378253,0,37.21000000000001,0,4,22.606515216459496,0.04422555507100737,0.001895589257493704,5.191196007141337e-13,0.0001907120204885694,MOEMA
40257903,1393378276,0,52.291000000000004,0,4,21.814187741105872,0.045831900574740875,0.004166868370272695,1.8167850094006366e-12,0.00019268458416912826,MOEMA
40257903,3317179768,0,12.704,0,5,22.598799828546934,0.04424065398402974,0.00502016148178379,5.438409113567667e-13,0.0002302251944169596,MOEMA
40257912,1393378158,0,160.221,0,4,23.83776253750536,0.041941255270752605,0.004400111085607025,1.3500887296564852e-13,0.000183441786253513,MOEMA
40257912,4167937343,0,11.626,0,5,23.763823403343334,0.04207175195252611,0.0006411279404621912,1.809853467117644e-13,0.0002145765695995791,MOEMA
40257921,4252790481,0,11.102,0,5,27.15816545220746,0.03681344696969697,2.8257806624417387e-05,1.260815038949811e-15,0.0002559078432424705,MOEMA
40257921,466909078,0,42.010999999999996,0,4,27.253107586798112,0.036685199311120374,0.0023470192993870604,6.646756763586035e-16,0.00022302165523773517,MOEMA
40257921,8754308409,0,100.34799999999998,0,4,26.4127732533219,0.03785235552814787,0.0027796880106527298,2.433533755380801e-15,0.00020699689176415008,MOEMA
40257931,466909099,0,94.688,0,5,28.283326189455636,0.03534894294157763,0.01688589242901558,9.019505809020239e-16,0.0002545543004326798,MOEMA
40257931,1393378087,0,137.118,0,5,28.355550792970423,0.035258905424505126,0.010775952421265528,8.672966096230298e-16,0.00024299991362848388,MOEMA
40257931,466909274,0,108.501,0,5,28.47813973424775,0.03510712753708261,0.026082650378434567,1.2554884188499527e-15,0.0002462046255039783,MOEMA
40258256,303987386,0,24.041,0,4,21.18795542220317,0.047186510625815525,0.004372779764445703,5.913059340615749e-13,0.0002147592401601805,MOEMA
40258256,40258557,0,49.622,0,4,21.711958851264466,0.04604769613455995,0.0029267675779191646,1.4081629925157314e-13,0.00021370834426158252,MOEMA
40258256,2577302530,0,71.13,0,4,21.76403771967424,0.045937509231814555,0.0017021854170724865,1.29426822809e-13,0.00021484160447830434,MOEMA
40258269,40258282,0,45.300999999999995,0,4,19.922631804543506,0.05018341419335406,0.003117391961951095,4.8986542599643535e-11,0.0002130914308708642,MOEMA
40258269,303987400,0,268.223,1,4,20.58594084869267,0.04856643138234743,1.852970926191304e-05,1.4032238051746598e-11,0.00021411317345336543,MOEMA
40258269,303987416,0,60.674,0,4,20.489712816116587,0.04879451911510904,0.003306394996422608,1.1044664599691438e-11,0.0002142679476958423,MOEMA
40258282,303987434,0,80.931,0,4,19.156236605229317,0.05219113254198226,0.002947845122204591,2.2511630276169522e-10,0.0002097056043647089,MOEMA
40258282,303987359,0,277.625,0,4,19.986283754822118,0.0500235909753796,1.8066466530365212e-05,5.6199711169041355e-11,0.00021285112760162025,MOEMA
40258320,1389167390,0,87.055,0,4,18.838405486498072,0.05307167235494881,0.009700997662708799,8.71359194031973e-11,0.00020478898022704723,MOEMA
40258320,40258603,0,64.618,0,4,18.693956279468495,0.05348176002568042,0.009725549527480833,5.899860532016777e-11,0.00020269778189336229,MOEMA
40258320,40258696,0,96.617,0,4,18.436562366052293,0.05422842197035745,0.0005183686166020172,2.263273111306152e-10,0.00020462932720801964,MOEMA
40258370,8061591458,0,9.245,0,4,20.62087441063009,0.048484155606597586,0.006621128362013077,2.48537340996511e-12,0.0002095626063221954,MOEMA
40258370,5046802426,0,87.388,0,4,20.658808401200172,0.04839512832748926,0.010011601914211615,2.2827233243978736e-12,0.000202286388754327,MOEMA
40258370,8062402671,0,91.685,0,4,19.993999142734676,0.05000428761308579,0.009552065124516172,8.728025731066958e-12,0.00020918896309212186,MOEMA
40258557,1389167308,0,36.940999999999995,0,4,22.338619802828976,0.04475592908128022,0.019702176615460587,5.424546560766335e-14,0.00021115464224182555,MOEMA
40258557,303788711,0,48.08,0,4,22.157951135876555,0.045120854249484955,0.019238007398449667,1.0584029360428768e-13,0.00021260025351429014,MOEMA
40258603,40258616,0,44.828,0,5,18.87033861980283,0.05298186237208827,0.06411812133763192,3.319055439173289e-11,0.00023763568295345294,MOEMA
40258603,302727645,0,74.785,2,4,19.256536648092585,0.05191928860001558,0.05445094039432611,2.2361010031313325e-11,0.00020091669452005988,MOEMA
40258616,8008441178,0,12.209,0,5,18.935705100728676,0.05279896778866831,0.05869470705803574,4.099098964235989e-11,0.00023452465095895808,MOEMA
40258616,40258628,0,16.619999999999997,0,5,18.529789969995715,0.05395558639833449,0.005839174631160347,2.3644820201473683e-11,0.00023100989469993112,MOEMA
40258616,8008441182,0,29.06,0,5,18.499785683669096,0.05404309545875811,0.011446033032449458,6.159933843399224e-11,0.0002362316307169884,MOEMA
40258628,4343783341,0,678.3789999999999,0,4,18.825117873982,0.05310913272160113,0.013104442011390676,5.355233190325989e-12,0.00018735696445545442,MOEMA
40258628,1001579159,0,362.203,0,4,18.667809687098156,0.05355666789125643,0.007710906887979338,6.75366825672786e-12,0.0001802941408382253,MOEMA
40258696,8008441182,0,5.838,0,4,18.250107158165452,0.0547824555222829,0.01404760421282205,2.2349164336214261e-10,0.00020052646236106612,MOEMA
40258696,303987296,0,40.681,0,4,17.92627518216888,0.055772081679498826,0.014130987904500658,1.045968588261373e-09,0.00020107847814113453,MOEMA
142777323,1393378560,0,94.22,0,4,19.06450921560223,0.05244224607947839,0.037326246337197624,1.5420627363512868e-09,0.00020683225726982572,MOEMA
142777323,388512094,0,290.242,1,4,19.112087441063007,0.05231169471949045,0.02395891407565356,3.897426390495255e-09,0.0002052175412670397,MOEMA
142777323,3278570111,0,196.2,0,4,18.573510501500213,0.0538285793409028,0.013818993924803197,4.894453545954932e-09,0.00020691505376095473,MOEMA
142777332,1393378491,0,115.66900000000001,0,5,19.966566652378912,0.05007298956678545,0.03078085816179262,1.2002948217683314e-10,0.0002307490523494841,MOEMA
142777332,142833093,0,140.054,0,4,19.72631804543506,0.050682833023695445,0.03069562149918782,2.8428787109687125e-10,0.0002022170148272639,MOEMA
142777360,3278570116,0,42.715,0,4,19.738534076296613,0.0506514657980456,0.040654645363368755,4.043775622605811e-10,0.00019497897457599787,MOEMA
142777360,142835392,0,127.12,0,4,19.003643377625377,0.052610210779172446,0.0005690936957065042,9.297866337378789e-10,0.00020732094455092309,MOEMA
142777360,304116597,0,24.715,0,4,19.815902271753107,0.05045370480526925,0.039954917217365764,2.485599412950826e-10,0.0001933484116199969,MOEMA
142808165,2578181814,0,9.893,0,3,28.42584654950707,0.035171711840766014,0.0008922055009611128,1.4723357147828986e-16,0.0001746593295854688,MOEMA
142811320,303788719,0,109.12899999999999,0,6,20.935276468066867,0.04775602964661562,0.00039676739957071296,1.6275843432935448e-12,0.0002473584884472435,MOEMA
142811321,303788422,0,108.42399999999999,0,6,20.449421345906558,0.04889065889726149,0.007582820272706363,9.524181225741583e-12,0.00025382670410524017,MOEMA
142811323,303788415,0,108.502,0,6,21.157951135876555,0.04725342625325405,0.00647451203747819,1.779528259539938e-12,0.00025930483333362067,MOEMA
142811324,1389167280,0,40.138,0,4,22.737033861980283,0.04397168468578862,0.014464754292580867,1.257006668610069e-13,0.00018677646233152304,MOEMA
142814786,142814901,0,115.757,0,6,21.895842263180455,0.04566098310592565,0.022390605807998395,5.979876172771875e-11,0.00024584224772231534,MOEMA
142814786,6019407349,0,67.394,0,5,21.094727818259752,0.04739505018897062,0.024074261515808968,7.931721285640888e-11,0.0002137420812817519,MOEMA
142814786,304116591,0,72.00300000000001,0,6,21.180454350621517,0.047203221759015666,0.0002656697065426782,1.0314177394191912e-10,0.00024379409603619758,MOEMA
142814786,4264821018,0,131.19400000000002,0,5,21.688812687526788,0.04609683794466403,0.001519899402208417,6.983393018445264e-11,0.00021519001354185398,MOEMA
142814901,304112215,0,115.674,0,6,22.68002571795971,0.044082211197732105,0.004086032513617599,3.1944450695676646e-11,0.00025083369650706036,MOEMA
142814901,1393378395,0,44.813,0,5,22.72631804543506,0.04399241802698956,0.03013278158035721,2.7263228636451133e-11,0.00021833559641768418,MOEMA
142814901,304116594,0,71.019,0,6,22.073939134162025,0.0452925813373205,0.005625851353282573,6.251896174221671e-11,0.00024222632543324639,MOEMA
142826761,142830960,0,60.29,0,4,18.378054007715388,0.0544010635320459,0.002878127091106643,3.5060025714923615e-07,0.00021250476691104912,MOEMA
142826761,7986909692,0,425.91700000000003,0,4,18.20102871838834,0.05493017450486306,0.00783065513408445,8.008535752556863e-08,0.0002095437890386212,MOEMA
142826761,304693382,0,141.214,0,4,18.190527218174026,0.05496188602330431,0.010830615063588171,1.0017277837696873e-07,0.0002101616683035805,MOEMA
142827943,2466359875,0,322.6920000000001,0,4,18.849335619374195,0.05304089777262339,0.04516222876269488,6.872345642785628e-09,0.00021090128417229246,MOEMA
142827943,142828845,0,233.61100000000002,0,4,19.48435490784398,0.05131222913962646,0.00825035304886678,5.168071210291826e-09,0.00020927760009988874,MOEMA
142827943,387095734,0,192.16600000000003,0,4,19.46999571367338,0.05135007209924378,0.0367830942344578,5.454716359528667e-09,0.0002071950060535829,MOEMA
142828845,387095743,0,87.164,0,4,20.282897556793827,0.04929205409974641,0.0014636154103253563,4.076662577686477e-09,0.00020553296959368916,MOEMA
142828845,142828846,0,71.87100000000001,0,4,20.066223746249463,0.04982430657168185,0.0069590639346772155,1.5920673938199142e-08,0.00020952854707592157,MOEMA
142828846,142830639,0,202.23799999999997,0,4,19.84912130304329,0.05036926664939104,0.0026312187151916514,7.465301898361922e-08,0.0002116841653739318,MOEMA
142828846,576409683,0,9.733,0,4,20.439562794684957,0.04891424017783184,0.00919328362893238,1.5680249958262914e-08,0.00020660674916344305,MOEMA
142830639,142830640,0,45.620999999999995,0,4,19.823189027003856,0.05043515865722471,0.004505962049765703,8.72555539195758e-08,0.00021323400373114124,MOEMA
142830639,142830960,0,321.04299999999995,0,4,18.983711958851263,0.052665447402289504,0.0018122055658150952,3.4807089995766e-07,0.0002134125221632875,MOEMA
142830640,387095742,0,55.341,0,4,20.206600942991855,0.04947817233040601,0.003843524943652312,8.963135384410798e-08,0.0002130615991493483,MOEMA
142830640,6359618936,0,39.298,0,4,20.616588084012,0.048494235786978805,0.000819939634839652,3.339635968779091e-08,0.0002121519841783689,MOEMA
142830960,315793888,0,337.19,0,4,18.609515645092156,0.05372443338861249,0.0007699094198324867,1.6645475673475372e-06,0.0002136088851551547,MOEMA
142833093,142833320,0,153.837,0,4,19.386626660951563,0.051570894779897854,0.0002068378796361043,9.251440957277517e-10,0.00020672215569368684,MOEMA
142833093,1393378560,0,48.572,0,4,19.627303900557223,0.050938513447112393,0.03088161345590427,4.968760311714089e-10,0.00020629694212874212,MOEMA
142835392,3278570098,0,88.591,0,4,18.211315902271753,0.05489914562101349,0.012695398679433945,4.2730642136811465e-09,0.00021353762189148945,MOEMA
142836459,304465095,0,178.01300000000003,0,4,18.0484354907844,0.055394589973163606,0.006931269370784346,2.8269034267615944e-08,0.0002186803327180808,MOEMA
142836459,142845844,0,142.579,0,4,17.32726103729104,0.057700157082957115,0.015929527809735094,1.120035897276056e-07,0.00021417363930482773,MOEMA
142836459,1393379136,0,385.91,0,4,17.810544363480496,0.05613448209472468,0.021041642973731126,2.8615761166184462e-08,0.00021359872876918384,MOEMA
142836883,304465121,0,147.512,0,4,19.11508786969567,0.05230348353533428,0.0535534076019522,1.8676362463838482e-08,0.00021263594615189481,MOEMA
142836883,304465094,0,266.033,0,5,19.285469352764682,0.05184139755073011,0.010783364304970294,5.199019713939116e-09,0.0002563121691963063,MOEMA
142836883,2466359875,0,87.059,0,4,18.714744963566226,0.05342235149960491,0.06312168622207254,8.699121885062756e-09,0.000211070259020906,MOEMA
142838902,8723130199,0,110.585,0,5,19.22096013716245,0.05201538718849306,0.06660365021375178,1.4551904428863428e-08,0.00021298894979185422,MOEMA
142838902,302727636,0,13.318999999999999,0,6,19.1408058294042,0.05223320755562025,0.014236375625927788,2.1419130602111005e-08,0.00023661169564843655,MOEMA
142838902,302727638,0,18.181,0,6,18.831761680240035,0.05309039593030534,0.05145630775623519,3.2122238930886156e-08,0.00024597246636509277,MOEMA
142838902,304465016,0,337.32200000000006,0,5,18.95970852978997,0.052732123075531843,0.023403717661893492,2.7045149948871963e-08,0.0002123069003102556,MOEMA
142840597,2380750801,0,170.07,0,5,19.241963137591085,0.051958611318401036,0.018716627704092586,6.741637982329293e-08,0.0002247218828570642,MOEMA
142840597,1393379726,0,74.571,0,4,19.491427346763825,0.051293610564394646,0.018099588385670884,2.8536669056504903e-08,0.00019161370235274057,MOEMA
142840597,2513875329,0,27.508000000000003,0,4,18.871624517788256,0.052978252228720685,0.03310239911094455,9.338123717927008e-08,0.0001944119182257286,MOEMA
142840598,304465011,0,75.62,0,6,19.264894984997856,0.051896762709978866,0.013578802568495649,8.787919180932491e-08,0.00025377475158339455,MOEMA
142840598,304465016,0,94.743,0,5,18.882768966995286,0.05294698491606796,0.02342502682754469,8.222014948795758e-08,0.00021458641890331043,MOEMA
142840598,142842350,0,12.295,0,6,18.554222031718815,0.053884538083027234,0.015912156207302047,2.693084491905444e-07,0.0002505009357204265,MOEMA
142840598,2380750801,0,7.796,0,6,19.174882126018,0.052140382251033866,0.023277252396180934,1.111801100225362e-07,0.000252689887464345,MOEMA
142840599,304693439,0,139.278,0,6,20.001285897985426,0.04998607033409768,0.004177522953098295,1.164112403535512e-08,0.00022051285291243514,MOEMA
142840599,304693496,0,115.613,0,5,19.924560651521645,0.050178556062301004,0.016937775614948934,1.0073062594961112e-08,0.00019195670984270904,MOEMA
142840599,304693483,0,116.88499999999999,0,6,19.675096442348906,0.05081477931244826,0.019736224956229353,1.7728890251076117e-08,0.00022032557646401254,MOEMA
142840599,812198091,0,16.626,0,6,19.656665237891126,0.05086242613227502,0.007029708451238259,2.410319945002235e-08,0.00022281391722001124,MOEMA
142840602,304693588,0,140.241,0,6,20.749249892841835,0.048184184432325236,0.0030928400971790603,2.2714325692466274e-09,0.0002269876506665276,MOEMA
142840602,304693621,0,116.44800000000001,0,5,20.68152593227604,0.048341968911917096,0.01601175339458483,2.0890093221269583e-09,0.0001952124275729425,MOEMA
142840602,843749253,0,15.839,1,6,20.327046720960137,0.04918499462286233,0.003423363786138434,4.514788203661871e-09,0.00023084399240432994,MOEMA
142840602,2552447617,0,231.399,0,6,20.435062151735963,0.048925013109596224,0.01604441200715895,4.207828515450039e-09,0.0002283384765763054,MOEMA
142840605,5501996778,0,40.19,0,5,23.13009001285898,0.04322446143154969,0.016460635601454675,5.917309558979505e-11,0.00022142482769269234,MOEMA
142840605,2380689239,0,14.988,0,6,22.60715816545221,0.04422429729345405,0.03759168442237453,1.624724938266099e-10,0.0002467420405994807,MOEMA
142840605,304693625,0,115.934,0,5,22.856836690955852,0.043741209563994375,0.018470877435006465,1.1419512826382992e-10,0.000209186773890821,MOEMA
142840605,4085223744,0,80.292,0,5,23.111015859408486,0.04326013576171223,0.021770787033187404,6.282502691446692e-11,0.00021572814986645176,MOEMA
142842346,3270746610,0,16.134,0,6,21.92906129447064,0.04559181399712669,0.004183545108608417,5.977608488738992e-10,0.0002307087908222659,MOEMA
142842346,298290616,0,116.347,0,6,21.560437205315043,0.04637130843629785,0.015868843011902327,1.162245289257493e-09,0.00022910306502661097,MOEMA
142842346,1399167323,0,113.37899999999999,0,5,21.96892413201886,0.04550908718428985,0.0055468684675536685,7.35207756539871e-10,0.0002031254628114025,MOEMA
142842346,2380689239,0,232.686,0,6,22.029147021003002,0.04538467525392069,0.017115892445229073,4.73862464909822e-10,0.00023756327467345872,MOEMA
142842350,2380750803,0,8.572,0,5,18.697813973424775,0.05347072578056944,0.014005217502885423,2.888401546506098e-07,0.00021719619404706207,MOEMA
142842350,2583653802,0,409.11199999999997,0,5,18.443634804972138,0.05420762741406958,0.016939396964509353,2.4780691155299505e-07,0.00021801592805617006,MOEMA
142842350,8732206070,0,12.902999999999999,0,5,18.12773253321903,0.055152274661874584,0.01333143094984911,8.664995067137106e-07,0.00021579414674372497,MOEMA
142842351,1434789113,0,397.4190000000001,0,6,18.034933561937418,0.055436061365878,0.01194564031842379,1.3852099232813543e-06,0.00025492245210536886,MOEMA
142842351,304465062,0,318.604,0,5,18.37141020145735,0.05442073704226502,0.01230326370717871,4.179389910839732e-07,0.00023164867498600246,MOEMA
142842351,2513875329,0,19.907,0,5,18.421988855550794,0.05427132170736531,0.029813375716954985,4.029378283576577e-07,0.00023091359774032118,MOEMA
142842351,8732206066,0,174.156,0,5,18.35726532361766,0.05446267001342595,0.019683646906198674,5.38524183467598e-07,0.00022402887210940106,MOEMA
142845844,3317179777,0,50.545,0,4,16.987998285469352,0.05885247142532738,0.016514603379679995,5.322121568327842e-07,0.00020986849136348076,MOEMA
142845844,5046773406,0,113.382,0,4,17.090655807972567,0.05849896545237946,0.001562517733510817,1.1144460862953737e-07,0.00021170368366827834,MOEMA
142853459,8728650809,0,106.179,0,5,21.269609944277754,0.04700536052557334,0.01200076620347798,3.0948965087013303e-10,0.00023206072915457957,MOEMA
142853459,298290110,0,115.341,0,6,20.711315902271753,0.048272436593921705,0.006993343896811755,9.799216120421224e-10,0.0002608537823900259,MOEMA
142853459,298290225,0,57.17,0,5,21.23896270895842,0.04707318795975823,0.0036244111316301904,2.7960927508709907e-10,0.000237816783254977,MOEMA
142853460,298290223,0,50.554,0,4,22.16952421774539,0.045097299962298075,0.02889152268117481,5.1933793829920565e-11,0.00020022830312568758,MOEMA
142853460,8728650809,0,11.077,0,4,21.68345477925418,0.04610822831727205,0.009677603904765632,1.1303401500114488e-10,0.00019634207493988504,MOEMA
142853460,8728650810,0,9.984,0,4,22.041148735533646,0.04535996266189569,0.025848017934905595,1.0022213155128491e-10,0.00019354365272196238,MOEMA
142853754,5078807935,0,47.855000000000004,0,5,21.13973424774968,0.04729414627222774,0.0011669084407689738,9.278083485686078e-10,0.00022619226369904833,MOEMA
142853754,313925604,0,116.094,0,6,20.623660522931846,0.04847760573625688,0.007669909906237355,2.6286832301342317e-09,0.0002512882033214022,MOEMA
142853754,298290110,0,116.596,0,6,20.630304329189883,0.04846199395393773,0.00025756295874059123,1.46637185085704e-09,0.000253920403739563,MOEMA
142853754,8728650808,0,107.57300000000001,0,5,21.144020574367765,0.04728455877881165,0.008101652132039928,8.79465148198459e-10,0.00022308862041958043,MOEMA
142854458,313925607,0,116.014,0,6,23.27239605657951,0.0429601525016346,0.000986185870123878,1.2422584186800013e-10,0.00022842066403381558,MOEMA
142854458,1378100587,0,115.983,0,6,23.062794684954994,0.04335058683591826,0.001064763418462678,8.851811929233001e-11,0.0002371380010875603,MOEMA
142854458,1914356414,0,116.548,0,6,22.74560651521646,0.04395511207846906,0.0006169814130802607,1.5873168024730342e-10,0.0002345602595570014,MOEMA
142854458,142856450,0,116.86800000000001,0,6,23.334333476210887,0.04284612134682856,0.00038194363216118254,7.440445036792946e-11,0.00024014927002638308,MOEMA
142855010,1933826736,0,116.58200000000001,0,6,22.078011144449206,0.04528422769278559,0.002720624562380382,5.028669386206749e-10,0.00023106182459902092,MOEMA
142855010,1399167393,0,59.225,0,5,21.888126875267897,0.04567707823362381,0.002318529871396869,8.011038032791491e-10,0.00020570066376487424,MOEMA
142855010,142855768,0,116.0,0,6,22.111015859408486,0.045216632742076185,0.0016313092791456693,6.897825068703031e-10,0.00023633061379853482,MOEMA
142855010,298289727,0,116.253,0,6,21.797471067295326,0.04586704946562183,0.0009230111426090432,7.000365880489586e-10,0.000241521442281138,MOEMA
142855011,142855013,0,46.292,0,5,23.486498071153022,0.04256852940102931,0.0019074019471481735,4.854306931857064e-11,0.00020545776703161512,MOEMA
142855011,142855766,0,116.454,0,6,23.307543934847835,0.042895368403630244,0.0024354986611126953,7.664465886170118e-11,0.00023249215455820493,MOEMA
142855011,2426181724,0,116.712,0,6,23.000214316330904,0.04346853772398177,0.002073937709139617,1.2247548246084824e-10,0.00023204034649796165,MOEMA
142855011,142855913,0,86.434,0,5,23.475567938276896,0.04258834914229895,0.0024046930194647647,4.890030824411124e-11,0.00020844539561938098,MOEMA
142855013,462048124,0,125.601,0,5,23.664166309472783,0.0422489290598368,0.03002971007258782,3.000925648061812e-11,0.0002047398995519335,MOEMA
142855013,142855913,0,97.231,0,4,23.428418345477926,0.0426740580147644,0.028252479333004586,2.5589575166097808e-11,0.00017563198001555535,MOEMA
142855766,2426181722,0,116.143,0,6,23.226960994427774,0.043044188342545,0.017572707683876674,1.2871662407740964e-10,0.00022461883185806187,MOEMA
142855766,142856449,0,116.01400000000001,0,6,23.564723531933133,0.04242721890262203,0.0027201034143073907,7.263804904601342e-11,0.00023159582954958963,MOEMA
142855766,462048124,0,92.83,0,6,23.68795542220317,0.0422064997104806,0.0176270807994921,5.8110834054128305e-11,0.00023172949335677906,MOEMA
142855767,1933826736,0,115.768,0,6,22.288469781397342,0.04485663185830497,0.01914698020170052,3.5345702732877463e-10,0.00022489812256815318,MOEMA
142855767,142855768,0,117.017,0,6,22.340977282468923,0.04475120631601163,0.01783785624234636,5.403726007808731e-10,0.00023016691176766708,MOEMA
142855767,1845965092,0,116.234,0,6,22.560651521645948,0.04431546148877152,0.019383986764228676,3.0171027863641555e-10,0.0002258539399477496,MOEMA
142855767,2426181722,0,116.04599999999999,0,6,22.64230604372053,0.04415564747418338,0.017768196116589856,2.649256012127018e-10,0.00022241089336602203,MOEMA
142855768,142855769,0,116.069,0,6,22.0437205315045,0.04535467060745119,0.01675989040603457,1.2776275302247965e-09,0.00024140024198623667,MOEMA
142855768,1399167391,0,41.371,0,5,22.741320188598372,0.04396339682031081,0.0036751362107346774,4.923303392369659e-10,0.000210781243429362,MOEMA
142855769,12531792338,0,110.622,0,5,21.60137162451779,0.04628343519326931,0.01718306264130351,2.93458967118942e-09,0.00020930911133138343,MOEMA
142855769,298289540,0,116.624,0,6,21.767038148306902,0.04593117707871806,0.0011249849735638954,2.1929892520158826e-09,0.00024714308483253614,MOEMA
142855769,1399167383,0,41.867000000000004,0,5,22.323831975996573,0.04478557645229112,0.001701490552975165,1.1410293937771595e-09,0.00021611200581386243,MOEMA
142855913,298289892,0,34.297,0,4,22.999142734676383,0.04347056302066832,0.03025229820509655,3.260086478463749e-11,0.00017972714404135,MOEMA
142856449,301269619,0,102.042,0,6,23.966566652378912,0.041715849340057946,0.009277593806074085,4.657871852726741e-11,0.00023607455291182816,MOEMA
142856449,6346211783,0,58.903,0,5,24.14959279897128,0.041399691166290976,0.003269567199264556,4.214330350725622e-11,0.00021406673637200526,MOEMA
142856449,313925607,0,115.643,0,6,23.515002143163308,0.04251692930250362,0.009472561090714276,1.0213042773422849e-10,0.00023002261307125037,MOEMA
142856450,298288936,0,105.50100000000002,0,5,23.8446206600943,0.041929192245121746,0.00022513596753224343,2.79146241603277e-11,0.00021321494216304824,MOEMA
142856450,6346211783,0,56.717,0,5,24.01693099014145,0.041628369756297794,0.00362024194704626,3.061174470366536e-11,0.00022021330547234742,MOEMA
142856450,1378100597,0,116.559,0,6,23.722674667809688,0.04214472852109495,0.003346233871335721,3.537083020472909e-11,0.00025039547844522765,MOEMA
142856452,142857542,0,74.104,0,4,23.849549935705102,0.04192052623065725,0.019285721399799092,1.1076546601261701e-11,0.0001922536359835913,MOEMA
142856452,1378100597,0,102.406,0,5,24.150235747963993,0.041398588986999156,0.0037145118429162426,1.9335646370303953e-11,0.0002223584644100675,MOEMA
142856452,1378100588,0,21.996,0,4,24.467638234033434,0.04086155247621884,0.01799582201380417,5.524862875298438e-12,0.00019180512230526387,MOEMA
142857542,298290845,0,43.519000000000005,0,4,23.124517788255464,0.043234877060955156,0.02374466431231269,3.629724532930885e-11,0.00018652946259140252,MOEMA
260748689,304465094,0,55.291,0,4,19.69181311615945,0.050771641888509175,0.005841490844818086,1.7533608645738405e-09,0.00021185138363305527,MOEMA
260748689,304465094,1,302.09099999999995,0,4,19.69181311615945,0.050771641888509175,0.0,1.7533608963522105e-09,0.00021185138363305527,MOEMA
260748689,304465106,0,117.67500000000001,0,4,19.438276896699527,0.05143386365891575,0.005530654971949494,2.378487565996909e-09,0.0002274556032442762,MOEMA
265577204,2577302530,0,35.632000000000005,0,4,22.012216030861552,0.04541958348343378,0.0616339821897067,3.459823205779702e-14,0.00021634620832365934,MOEMA
265577204,5046262359,0,9.712,0,4,22.279682811830263,0.0448743230374097,0.08172736729195942,2.8992572056105134e-14,0.00022838100984455187,MOEMA
265577259,303994133,0,163.61899999999997,0,4,23.723103300471497,0.04214396704368879,9.056395401759998e-05,2.6700367446690417e-14,0.00019577114550366383,MOEMA
265577259,265577260,0,78.953,0,4,23.522288898414057,0.04250375837091704,0.0044922963891850425,1.912789737327347e-14,0.0001989145209576613,MOEMA
265577259,303987549,0,76.066,0,4,23.327046720960137,0.04285950534710228,0.004612044635290156,7.385179704955125e-14,0.00019845518421952532,MOEMA
265577260,303987567,0,70.69800000000001,0,4,23.909987141020146,0.041814563837797136,0.0005456999377633391,6.599777700186199e-15,0.00019619918271586542,MOEMA
265577260,303987587,0,144.15699999999998,0,4,23.556150878696958,0.04244265919408987,0.003940574295911581,1.2412658633856544e-14,0.00019220895414147115,MOEMA
265577323,5052154290,0,29.799,0,5,20.254179168452637,0.04936194527331598,0.020838742657313176,2.3817124437926074e-10,0.0002089438920486278,MOEMA
265577323,303987846,0,47.53,0,4,20.02100300042863,0.049936843006701065,0.01995997119556695,1.0396568560875217e-10,0.0001769137192342948,MOEMA
265577323,304693434,0,174.998,0,5,20.354693527646806,0.0491181889971045,0.040378089452634706,8.495379630378146e-11,0.00021309686158386553,MOEMA
298288936,1378100606,0,116.192,0,4,24.113159022717532,0.04146224402730375,0.035742882680767155,1.2024555650090166e-11,0.00018264281744588394,MOEMA
298288936,301269619,0,117.116,0,5,24.187098156879554,0.04133549536138653,0.03533244962061578,2.218430773266729e-11,0.0002078740359455877,MOEMA
298288941,298291976,0,116.439,0,6,20.241105872267468,0.049393827095134735,0.012478369459703788,1.1449628365150382e-07,0.00021724169133053916,MOEMA
298288941,1845965085,0,115.846,0,6,20.829404200600084,0.047998765305072535,0.012706516504991093,2.2236797794035922e-07,0.00021644437342869827,MOEMA
298288941,298288942,0,116.176,0,6,20.504929275610802,0.0487583092938668,0.00431394793753913,1.4779508682604795e-07,0.00021887427657196588,MOEMA
298288941,298290342,0,116.08900000000001,0,6,20.685597942563223,0.04833245267771112,0.004548580381068103,1.408219832197774e-07,0.0002172457707571195,MOEMA
298288942,1845965102,0,116.51,0,6,20.71024432061723,0.04827493428813875,0.0033761130275205557,2.0970224981235694e-07,0.00022031813809552433,MOEMA
298288942,298292027,0,114.331,0,6,20.1213030432919,0.04968791939160258,0.003686948900389147,1.074929058841693e-07,0.00022166751931838614,MOEMA
298288942,298288943,0,116.625,0,6,20.340120017145306,0.049153381731589875,0.00435425005518379,1.2952290760739197e-07,0.0002288614670806829,MOEMA
298288943,812244181,0,115.917,0,6,20.49164166309473,0.048789926161440796,0.026669578919305662,1.757775827287605e-07,0.00023367751726551764,MOEMA
298288943,304693398,0,13.636000000000001,0,5,20.211958851264466,0.04946505635729358,0.003056012300021008,9.099539335232493e-08,0.00021291814663254794,MOEMA
298288943,298292028,0,114.21199999999999,0,5,19.91063009001286,0.05021366371376597,0.02564650734668229,7.835527958361816e-08,0.00020006553080770175,MOEMA
298289114,812244181,0,13.322,0,6,20.687526789541362,0.048327946295375436,0.01375460318511805,2.2743468700178076e-07,0.00024316483305132273,MOEMA
298289114,304693398,0,115.813,0,5,20.503214744963568,0.048762386586946524,0.05405880542207087,1.4265249763825055e-07,0.0002219287754075171,MOEMA
298289114,298289191,0,115.795,0,6,20.773896270895843,0.04812701818819572,0.01683215627215603,3.9068791317795846e-07,0.0002495266530134255,MOEMA
298289114,1933826014,0,60.426,0,5,21.147449635662237,0.047276891582382394,0.049565582547422736,1.4028660100975488e-07,0.00023612043351999202,MOEMA
298289181,1845965079,0,117.193,0,6,20.90634376339477,0.04782212016525028,0.004081863329033669,1.367499473259261e-08,0.0002295213622602646,MOEMA
298289181,298289344,0,116.61900000000001,0,6,20.487569652807544,0.04879962341126628,0.023248299725459196,2.463382084838784e-08,0.00022378030646465116,MOEMA
298289181,298289539,0,114.68800000000002,0,6,20.588512644663524,0.0485603647492349,0.013803012050564797,1.9039351549666773e-08,0.00022929957878893277,MOEMA
298289181,12531792338,0,5.317,0,5,21.117659665666523,0.04734358349824935,0.021567191852672134,1.0203945284548272e-08,0.00020114977469779492,MOEMA
298289183,298289184,0,115.734,0,6,19.677025289327048,0.05080979817672879,0.018763183598613144,7.001397445739535e-08,0.00021601579467171175,MOEMA
298289183,298289537,0,116.13799999999999,0,6,19.689027003857692,0.050778826372334517,0.00041020143878559993,7.01487504716678e-08,0.00021562117584705934,MOEMA
298289183,298289344,0,116.416,0,6,19.99421345906558,0.05000375162123632,0.018505852261238326,4.417029558889504e-08,0.00021725091714854764,MOEMA
298289183,1845965077,0,115.781,0,6,20.022931847406774,0.049932032495959414,0.0005095670047026086,4.44855580612821e-08,0.00021672291081775458,MOEMA
298289184,298289185,0,116.15499999999999,0,6,19.841191598799828,0.0503893971635036,0.019413344772340517,1.0081337307692864e-07,0.00021729343580914444,MOEMA
298289184,1845965090,0,113.352,0,6,19.620660094299186,0.05095576187875478,0.0044661231748525905,6.633546954426397e-08,0.00021805623094345815,MOEMA
298289184,298289536,0,115.887,0,6,19.2816116588084,0.051851769518050865,0.0035574725569215296,1.1195840133168762e-07,0.00021572343631107627,MOEMA
298289185,1933826449,0,116.336,0,6,19.99849978568367,0.04999303419673572,0.018276547109122153,1.2949736535150013e-07,0.00022014797799049,MOEMA
298289185,298289535,0,115.77700000000002,0,6,19.53000428632662,0.05119229207589408,0.0009996778146802085,1.6267181652418923e-07,0.00021764986690106958,MOEMA
298289185,1845965081,0,114.94699999999999,0,6,19.87141020145735,0.050312769628990506,0.002206888373093843,9.007381435538492e-08,0.00022112940478039792,MOEMA
298289189,298289190,0,114.326,0,6,21.138876982426062,0.04729606423748403,0.02318993114128417,5.37157598429803e-07,0.00022001448163586578,MOEMA
298289189,298289531,0,115.595,0,6,21.47535362194599,0.046555027743403456,0.01696580180020758,8.915983154606999e-07,0.00022201024694956136,MOEMA
298289189,1845965085,0,116.3,0,6,21.16652378911273,0.047234288144345556,0.012409114671337389,4.34864695486295e-07,0.00021725001885882417,MOEMA
298289189,3270516961,0,117.672,0,6,21.322117445349335,0.04688960588607786,0.018243656875182257,5.159435423379977e-07,0.00021911132811446466,MOEMA
298289190,812244201,0,117.046,0,6,20.96163737676811,0.047695972680891964,0.021912770930406812,4.477705297305902e-07,0.00022666506716092057,MOEMA
298289190,298289530,0,115.809,0,6,21.369481354479213,0.046785678467555915,0.0020783385150893213,6.829795336453008e-07,0.00022641260510692095,MOEMA
298289190,1845965102,0,116.02699999999999,0,6,21.048006858122587,0.04750025455656247,0.003412014339215512,3.865680438547534e-07,0.00022065269772929833,MOEMA
298289191,304465157,0,123.683,0,5,20.68795542220317,0.04832694499119445,0.029349438121309836,7.375606993318118e-07,0.00020899756074735007,MOEMA
298289191,812244201,0,13.166999999999998,0,6,20.763394770681526,0.04815135938564439,0.0361926913731001,4.804126369836598e-07,0.00023750837767408405,MOEMA
298289191,2532735411,0,107.136,0,5,20.621731675953708,0.04848214007337276,0.010819033995299475,7.152631336432325e-07,0.000210884590479752,MOEMA
298289344,298289538,0,116.52000000000001,0,6,19.997642520360053,0.04999517731408546,0.0010869990695769737,4.0019553892563334e-08,0.00021884531210439946,MOEMA
298289344,1845965096,0,115.42,0,6,20.319117016716675,0.04920418947568269,0.0061829007379688335,2.6967414702496104e-08,0.0002191854484576665,MOEMA
298289348,8740483893,0,45.887,0,5,20.904200600085726,0.04782702303693907,0.001110161206154365,1.0172752065995353e-06,0.00023041534432691549,MOEMA
298289348,304465077,0,115.492,0,6,20.216245177882556,0.049454568584422605,0.0008637160729709216,3.4142093188956382e-06,0.0002566092807672129,MOEMA
298289348,1393381024,0,44.525,0,5,20.901628804114875,0.04783290781014488,0.029390666724417595,1.192822330370664e-06,0.00022443958385065066,MOEMA
298289348,304465157,0,107.209,0,5,20.54672096013716,0.04865913571361517,0.029195178291704413,1.2941625448430287e-06,0.00021640385142766486,MOEMA
298289525,1936800575,0,33.633,0,4,21.052721817402485,0.0474896164182751,0.011541229413782536,3.35771789682647e-05,0.00020487908616593202,MOEMA
298289525,5046434093,0,12.193,0,4,20.668666952421773,0.048372044794690996,0.04171801905363679,2.0043672365908858e-05,0.00019809478469936143,MOEMA
298289525,1936800596,0,31.103,0,4,20.26318045435062,0.04934001776875238,0.030123053482994707,8.089082658709724e-05,0.00019928252021801418,MOEMA
298289530,298289733,0,115.684,0,6,22.011358765537935,0.045421352417116985,0.001847643634778504,1.2312982409570527e-06,0.00023748766280783508,MOEMA
298289530,298289531,0,116.617,0,6,21.79854264894985,0.04586479471448797,0.0001711681893069217,1.037420250680521e-06,0.00022840837042061658,MOEMA
298289530,1363061408,0,115.60999999999999,0,5,21.676810972996144,0.046122360199319784,0.0003170896497444869,6.315729615061241e-07,0.00020173510491723232,MOEMA
298289531,298289614,0,113.908,0,6,21.43849121303043,0.04663507677543186,0.013260786433288067,2.0243982262315875e-06,0.00023366903167911494,MOEMA
298289531,298289532,0,116.624,0,6,21.312901843120446,0.046909880739295695,0.004060090920650921,1.0268376249414241e-06,0.0002277885519453837,MOEMA
298289532,5078772911,0,56.2,0,5,21.48006858122589,0.04654480873226508,0.004171037554856625,5.916346720618017e-07,0.00019987233713024503,MOEMA
298289532,3270516961,0,115.56900000000002,0,6,21.079297042434632,0.047429745007930374,0.0031989226827035125,6.511828518503263e-07,0.00022488963311028694,MOEMA
298289532,298289732,0,115.44800000000001,0,6,20.884269181311616,0.04787266793916631,0.0028169790505423297,1.2262601262624438e-06,0.00023675429211543968,MOEMA
298289533,298291788,0,115.276,0,6,20.341191598799828,0.0491507923128793,0.001483071605050365,6.296063721805933e-07,0.00022992760818467612,MOEMA
298289533,2529206490,0,58.138000000000005,0,5,20.939348478354052,0.04774674267934455,0.004458016427050503,2.673409280545163e-07,0.00019751898317241137,MOEMA
298289533,5078772911,0,60.114,0,5,20.977068152593226,0.0476608874222254,0.003904441362850851,3.5997949563340075e-07,0.0002008429215084105,MOEMA
298289533,3270516962,0,116.023,0,6,20.61851693099014,0.04848969918716088,0.001005931591556104,3.267595758922867e-07,0.00022772083526728459,MOEMA
298289534,2529206490,0,57.644999999999996,0,5,20.32426060865838,0.049191737053557304,0.004549970109262747,2.055173778571101e-07,0.00019307169789507242,MOEMA
298289534,1933826449,0,116.118,0,6,19.989712816116587,0.05001500986362467,0.003008529920037356,2.0100860414801037e-07,0.0002222630423419477,MOEMA
298289534,298289730,0,116.184,0,6,19.68495499357051,0.05078933043004899,0.004859184632570921,4.326464993985329e-07,0.00022123262106560576,MOEMA
298289534,298289535,0,116.516,0,6,19.699314187741106,0.050752309148470905,0.006291299537151024,2.341830553420989e-07,0.0002197649312525273,MOEMA
298289535,298289610,0,116.096,0,6,19.184097728246893,0.05211533520270799,0.0008122961297691129,2.890683676405428e-07,0.00021679498297269009,MOEMA
298289535,298289536,0,115.87799999999999,0,6,19.529361337333906,0.05119397743733813,0.00669408909223186,1.738168447640269e-07,0.0002160798674030014,MOEMA
298289536,298289728,0,116.348,0,6,18.93784826403772,0.052792992621429544,0.0008576939174607998,1.7718608494466694e-07,0.00021546055484740343,MOEMA
298289536,298289537,0,116.255,0,6,19.360908701243034,0.051639398702650045,0.003998942880086608,1.1209317733635133e-07,0.00021532881748642386,MOEMA
298289537,298289608,0,116.304,0,6,19.351264466352337,0.051665134617301454,0.0003052769600900173,1.0199380861415756e-07,0.00021594270829750366,MOEMA
298289537,298289538,0,116.452,0,6,19.688169738534075,0.05078103739182496,0.0039074524406059125,6.599800877093153e-08,0.00021721557080291116,MOEMA
298289538,298289539,0,116.13,0,6,20.194384912130303,0.049508102773090513,0.004056848221530086,3.4425084592114324e-08,0.00022436458442868102,MOEMA
298289538,298289607,0,116.113,0,6,19.670167166738107,0.05082751331975027,0.0011182679539564519,5.411307406292114e-08,0.00021978477148569444,MOEMA
298289539,313925602,0,116.267,0,6,20.268538362623232,0.0493269749294196,0.005011128248518608,2.270260701992972e-08,0.00023123938997513313,MOEMA
298289539,12531792348,0,108.19299999999998,0,5,20.871624517788256,0.04790167065419409,0.011276949435434502,1.3443740325442303e-08,0.00020234184574748277,MOEMA
298289540,12531792348,0,6.758,0,5,21.390055722246036,0.04674067691321163,0.0026180162973425385,3.8667336327748135e-09,0.00021124861716137748,MOEMA
298289540,1399167393,0,58.316,0,5,22.03536219459923,0.04537187430094245,0.0027247937469643125,1.753574759830287e-09,0.00021170268774454277,MOEMA
298289540,12531792335,0,35.125,0,5,21.50192884697814,0.04649748823857747,0.0006795770871806607,2.742792215114571e-09,0.0002126843001055514,MOEMA
298289607,313925602,0,116.262,0,6,19.843334762108874,0.05038395489745002,0.0038013698550814603,4.2390596492904945e-08,0.00022665957703214655,MOEMA
298289607,298290232,0,116.008,0,6,19.305615087869697,0.05178730017761989,0.0008180866639134607,6.55154039410047e-08,0.00022295704853961718,MOEMA
298289607,298289608,0,116.24799999999999,0,6,19.32426060865838,0.05173733183980835,0.003998711258720834,9.010887391574235e-08,0.00021851190898028694,MOEMA
298289608,298289987,0,116.366,0,6,18.97428204029147,0.05269162129803239,0.000354149068268313,1.3249850811477425e-07,0.0002186859172551718,MOEMA
298289608,298289728,0,115.83300000000001,0,6,18.984997856836692,0.052661880249254944,0.004224078847618851,1.6708671621011327e-07,0.00021607444565848328,MOEMA
298289610,298289985,0,115.969,0,6,18.796399485640805,0.0531902763842014,0.0004352165462891825,4.5737596382781706e-07,0.0002184592405420998,MOEMA
298289610,298289730,0,116.75500000000001,0,6,19.337548221174455,0.05170178102383934,0.004218519934840278,4.87531811690702e-07,0.00021826267278576855,MOEMA
298289610,298289728,0,116.011,0,6,19.154736390912987,0.0521952201933405,0.004240755585954573,2.9243760781948875e-07,0.00021617567041709216,MOEMA
298289614,298289915,0,117.124,0,6,21.20831547363909,0.04714121142302795,0.012308822619957284,5.626639045514353e-06,0.00023785176306596005,MOEMA
298289614,298289733,0,115.19399999999999,0,6,21.751821688812687,0.04596330817585276,0.00493909400376292,2.2182762165142245e-06,0.0002427483240663335,MOEMA
298289614,10051767161,0,73.35,0,5,21.827475353621946,0.0458040001178238,0.0059267275074228855,1.8611003379174204e-06,0.00022195634158410826,MOEMA
298289727,1399167395,0,58.291,0,5,21.41598799828547,0.0466840793779459,0.0067251263552455635,1.263283749752638e-09,0.00021212498317192772,MOEMA
298289727,1933826007,0,116.74199999999999,0,6,21.75632233176168,0.045953799931044675,0.00555289062306379,5.349600076566467e-10,0.00024400830363316238,MOEMA
298289727,5078807935,0,67.556,0,5,21.514359194170595,0.04647062339370032,0.0019280162487020519,5.864762345173296e-10,0.00022228000650980202,MOEMA
298289728,298290231,0,116.69,0,6,18.55529361337334,0.05388142621189896,0.0005223061798201738,2.5084152282100114e-07,0.00021790670262421881,MOEMA
298289730,298289918,0,115.46199999999999,0,6,19.330904414916418,0.05171955032262356,0.004925196721816486,8.374370218061443e-07,0.00022060668763640407,MOEMA
298289730,298291788,0,116.135,0,6,19.84183454779254,0.05038776436024281,0.004216435342548312,7.403680224591747e-07,0.00022392954686808206,MOEMA
298289732,10051767161,0,42.359,0,5,21.237033861980283,0.04707746336737577,0.005595972197097738,1.242781110709507e-06,0.00022292614540581963,MOEMA
298289732,298289916,0,114.855,0,6,20.605229318474066,0.04852096854717923,0.002379214669229634,3.0865488972092695e-06,0.00023628628259104664,MOEMA
298289732,10049462107,0,56.418,0,5,21.188598371195884,0.0471850787935185,0.0048228200781444165,1.0708242217522386e-06,0.00020722452491435888,MOEMA
298289733,8027805775,0,114.156,0,5,22.010287183883413,0.045423563777994155,0.0017385499714989909,1.9291504023971843e-06,0.00021253243370956103,MOEMA
298289733,1393381159,0,65.972,0,5,22.314830690098585,0.044803641916616246,0.004971289373605495,1.2019215816481764e-06,0.0002122759877018972,MOEMA
298289892,298289894,0,130.506,0,5,22.548006858122587,0.04434031309108536,0.028399327278905245,4.2012640733685e-11,0.00022739764204128847,MOEMA
298289892,2305263398,0,102.185,0,5,22.572010287183883,0.04429316090808101,0.0022828601810676863,8.740392261484311e-11,0.00021294164099120631,MOEMA
298289894,298290226,0,136.59,0,5,22.241320188598372,0.044951723872111625,0.032425369858787405,7.236932815463533e-11,0.0002411657642157593,MOEMA
298289894,2305267577,0,47.187,0,5,22.26939562794685,0.04489505240162065,0.020900585561974813,4.331323936704468e-11,0.00023042752532553948,MOEMA
298289914,3359537178,0,135.423,0,5,21.09279897128161,0.04739938426523334,0.02792774617818956,2.4347182384986527e-05,0.0002085671681804077,MOEMA
298289914,298289915,0,115.535,0,5,21.367766823831975,0.046789432508876454,0.0052017526325505384,8.951600787993942e-06,0.0002045618535529116,MOEMA
298289914,8027805775,0,2.905,0,4,21.663737676810975,0.04615019340541931,0.0333736277302658,5.877975883122298e-06,0.00017692447770624085,MOEMA
298289915,298289916,0,117.495,0,6,20.78096870981569,0.048110639000041255,0.005126938931405564,6.489367215167145e-06,0.0002315032738078357,MOEMA
298289915,3359537179,0,116.083,0,6,20.891984569224174,0.047854988613282454,0.012360474184524867,1.3647830142004354e-05,0.00023524843013552097,MOEMA
298289916,298289917,0,115.39399999999999,0,6,20.131804543506217,0.04966200031936978,0.005644149441178712,3.3837302952700767e-06,0.00022653128709391313,MOEMA
298289916,298290230,0,117.72,0,6,20.253964852121733,0.04936246759430718,0.0018726587422820866,5.892273474164302e-06,0.0002324453747497851,MOEMA
298289917,298289918,0,116.84899999999999,0,6,19.499142734676383,0.051273314795071606,0.005022709316807304,1.6347533201067698e-06,0.00022273493742025143,MOEMA
298289917,298291788,0,115.608,0,6,19.99957136733819,0.04999035555841317,0.001171540868084452,1.5376843207435374e-06,0.00022605779665192948,MOEMA
298289917,298290118,0,115.91999999999999,0,6,19.65195027861123,0.05087462920956203,0.0015826687923331474,2.5233703589429155e-06,0.00022929077673355925,MOEMA
298289918,298289985,0,116.563,0,6,18.959494213459067,0.052732719154467866,0.005019466617686468,8.072811739233236e-07,0.00022080325539273533,MOEMA
298289918,298290117,0,116.045,0,6,18.951993141877413,0.052753590410494176,0.004908519983480764,1.1352819930533618e-06,0.00022759786923349433,MOEMA
298289985,298290231,0,116.038,0,6,18.768752678954137,0.053268626891236084,0.005065327648109704,4.1577987882679507e-07,0.00022019027274922646,MOEMA
298289985,298290116,0,115.153,0,6,18.388555507929706,0.054369995687695946,0.00036989932114093907,5.686208245307644e-07,0.00022743106425671654,MOEMA
298289987,298290231,0,115.554,0,6,18.597728246892412,0.05375848439102527,0.010406979585587684,2.1625331471625664e-07,0.0002205181742209073,MOEMA
298289987,298290114,0,115.592,0,6,18.575439348478355,0.05382298985843342,8.755287626253911e-05,1.4538204118943367e-07,0.0002276296957633298,MOEMA
298289987,298290232,0,116.426,0,6,18.948778396913845,0.05276254029293672,0.010116294771541424,1.0790503815091924e-07,0.00022313105681450205,MOEMA
298289989,1399167392,0,58.689,0,5,20.172096013716246,0.04956280611540219,0.004869144351299199,1.846313873786191e-08,0.00020581314376594143,MOEMA
298289989,622002765,0,58.202999999999996,0,5,20.2573939134162,0.04935411178468277,0.00643073559934692,1.683548515186255e-08,0.0002071827323122963,MOEMA
298289989,298290232,0,116.603,0,6,19.519074153450493,0.05122095832052352,0.009995156797241667,4.825655015092382e-08,0.00023213264681327375,MOEMA
298289989,298290160,0,116.27600000000001,0,6,19.64123446206601,0.05090238526504157,0.0004194662934165564,2.6107237618388327e-08,0.0002416073080385295,MOEMA
298290110,298290159,0,115.609,0,6,20.203600514359195,0.04948552031399173,0.009447372267186362,2.5499108787626674e-09,0.00025060949426388514,MOEMA
298290114,298290161,0,116.06200000000001,0,6,18.54136305186455,0.05392190859282891,0.008190826357862885,1.0447780210620528e-07,0.00023558555236551407,MOEMA
298290114,298290229,0,117.172,0,6,18.178954136305187,0.05499687584735272,0.008062971363955685,2.2930726626803642e-07,0.00023447171470722871,MOEMA
298290114,1832316608,0,99.16,0,5,18.189027003857692,0.05496641922940969,0.00018298087896139126,1.1886965882625901e-07,0.00020892448585906298,MOEMA
298290116,298290229,0,115.702,0,6,18.351693099014145,0.054479206810776726,0.013714764310204935,4.530194854984763e-07,0.00023460098467229635,MOEMA
298290116,298290117,0,117.265,0,6,18.549721388769825,0.05389761186787286,0.013883384664488345,8.966216436415309e-07,0.0002342256780974756,MOEMA
298290116,6153207472,0,158.219,0,5,18.03257608229747,0.055443308771095795,0.00017441088842775647,5.264375064822257e-07,0.00021088043277489474,MOEMA
298290117,3359537183,0,79.48299999999999,0,5,18.61808829832833,0.053699696104613684,0.010192034958149493,9.007821802098794e-07,0.0002086284747707664,MOEMA
298290117,298290118,0,115.44999999999999,0,6,19.115730818688384,0.05230172433123304,0.00869251823612918,2.0238990318926247e-06,0.00023415370854680214,MOEMA
298290118,3359537184,0,80.562,0,5,19.33776253750536,0.05170120802393882,0.00046949650842372165,2.17077979889958e-06,0.00020874947051765792,MOEMA
298290118,298290230,0,116.20700000000001,0,6,19.782683240462923,0.05053842653781986,0.009894169881764241,5.031913537831012e-06,0.00023520486438943127,MOEMA
298290159,298290509,0,99.705,0,5,19.814187741105872,0.05045807058721729,0.00019039276266615647,3.3276785366576617e-09,0.0002180479454868652,MOEMA
298290159,313925604,0,115.77,0,6,20.198885555079297,0.049497071555895084,0.0027071905231654952,3.7122222619798286e-09,0.00024797729384572437,MOEMA
298290159,622002744,0,57.92099999999999,0,5,20.337548221174455,0.04915959744981295,0.007422075044859268,5.256735973194693e-09,0.00021251007889867135,MOEMA
298290160,298290161,0,116.577,0,6,19.10780111444492,0.05232342945590363,0.007678943139502538,4.4851486522094133e-08,0.00024056157464194208,MOEMA
298290160,622002744,0,58.398,0,5,19.85147878268324,0.050363285003292776,0.007527694387652172,1.6280452532249206e-08,0.0002103261075122184,MOEMA
298290160,298290579,0,99.615,0,5,19.251607372481782,0.05193258226833504,0.00018992951993460866,1.860412631910174e-08,0.00021478145154543488,MOEMA
298290161,298291635,0,99.856,0,5,18.53986283754822,0.05392627186239264,0.000287442114925426,4.8059255184101684e-08,0.0002101770078440012,MOEMA
298290161,298290232,0,115.111,0,6,18.918774110587226,0.05284621920135939,0.0008034945178697041,6.700079906075199e-08,0.00023108691341668634,MOEMA
298290223,2305267577,0,59.764,0,4,21.955636519502786,0.04553662941090341,0.02076022301431582,4.073565512030508e-11,0.00019407042409458716,MOEMA
298290223,298290225,0,114.08099999999999,0,4,21.652164594942136,0.046174860683566105,0.008058107315274433,7.083505144613773e-11,0.00020283961190170824,MOEMA
298290225,3060053042,0,16.291,0,4,21.7816116588084,0.045900445721370024,0.01109095747871805,7.076864684989128e-11,0.00021681918860997094,MOEMA
298290226,3060053042,0,77.099,0,4,22.108015430775826,0.045222769397805264,0.010408600935148102,6.972533752699265e-11,0.00021797541157788633,MOEMA
298290226,8001902283,0,135.04399999999998,0,4,21.911487355336476,0.04562838055927777,0.04180371895897314,2.705061645559036e-10,0.0002066389430987351,MOEMA
298290229,298290231,0,115.13,0,6,18.150450064294898,0.05508324477506199,0.00585654623359339,3.00178539804563e-07,0.00022736019316480627,MOEMA
298290229,3805865211,0,98.85600000000001,0,5,17.764252036005143,0.05628076440498021,0.0003279758539358608,3.1230570228301684e-07,0.00021090737360904927,MOEMA
298290230,3359537185,0,79.944,0,5,19.97171024432062,0.05006009357427995,0.002500121022163617,5.8117229465527515e-06,0.0002105809059711343,MOEMA
298290230,3359537179,0,115.659,0,6,20.45777968281183,0.04887068387529333,0.009444129568065528,1.305073640100222e-05,0.00023619053107747025,MOEMA
298290339,1399167309,0,116.32,0,6,20.591941705957993,0.0485522782623176,0.002647895453527373,1.3089515686372578e-08,0.0002257890009636035,MOEMA
298290339,1845965077,0,115.724,0,6,20.352764680668667,0.0491228439652086,0.003724471561644521,2.5818173230641624e-08,0.00021984400247466318,MOEMA
298290339,298290340,0,115.94,0,6,20.288041148735534,0.04927955717062452,0.004573595488571686,2.072655014125536e-08,0.0002252342282646074,MOEMA
298290339,313925600,0,116.355,0,6,20.57972567509644,0.048581098672220775,0.0032301915670829907,1.5091893256690115e-08,0.0002221820867397082,MOEMA
298290340,1399167308,0,116.801,0,5,20.197385340762967,0.04950074808204497,0.0018170696144963474,1.5221393924539493e-08,0.00019671097882108983,MOEMA
298290340,298291133,0,116.833,0,5,20.455207886840977,0.048876828297221404,0.004778812018647373,2.4700597763901753e-08,0.00019583522979257456,MOEMA
298290340,1845965090,0,117.965,0,6,19.95585083583369,0.05009987756943102,0.0016035147152527996,3.5715430051757807e-08,0.00022415357287944516,MOEMA
298290341,1845965084,0,116.57600000000001,0,6,20.553364766395198,0.048643406811119685,0.004005891521059826,6.38869681506523e-08,0.0002282522833494236,MOEMA
298290341,1935200898,0,116.57,0,6,20.767252464637806,0.04814241486068111,0.0043869086677579125,7.057199993445415e-08,0.00022657583749644732,MOEMA
298290341,298291133,0,115.21299999999998,0,5,20.566438062580367,0.04861248606233653,0.004921722401329877,3.824876823993687e-08,0.00019670368730128886,MOEMA
298290341,315774121,0,117.23400000000001,0,5,20.618945563651952,0.04848869116913354,0.004648177568350886,3.549143639494813e-08,0.00019773822535464172,MOEMA
298290342,298291819,0,116.166,0,6,20.496785255036432,0.04877768251113574,0.0037281775034969035,9.870087148229756e-08,0.00021900110876172063,MOEMA
298290342,1845965100,0,116.515,0,6,20.97728246892413,0.0476604004903964,0.0032616920728282426,1.8703133047234052e-07,0.00021769539776652112,MOEMA
298290342,1935200898,0,115.758,0,6,20.84076296613802,0.047972604711907285,0.004256274217461426,1.103985406575132e-07,0.00022035020482850611,MOEMA
298290509,298290579,0,116.656,0,4,19.2475353621946,0.051943569130042645,0.02100574166203617,7.31094611916346e-09,0.0001849248413063096,MOEMA
298290579,298291635,0,115.823,0,4,18.685169309901415,0.05350691059241842,0.021170192831735647,2.1811894980792502e-08,0.0001828967596585418,MOEMA
298290616,304693603,0,16.031,0,6,21.448349764252036,0.0466136413597394,0.006205368010448903,1.2530119664616171e-09,0.00022442582479943464,MOEMA
298290616,298290728,0,115.86099999999999,0,6,21.083154736390913,0.04742106654197247,0.01965029342952723,2.2167779164261824e-09,0.00022567000382954218,MOEMA
298290616,1399167312,0,113.664,0,6,21.47128161165881,0.04656385686480012,0.009636143680292102,1.9927990102711803e-09,0.00023030480323557156,MOEMA
298290728,298290880,0,116.19100000000002,3,5,20.69759965709387,0.04830442661144189,0.010185086317176276,3.009183911982186e-09,0.0001950704285523414,MOEMA
298290728,1399167310,0,113.503,0,6,20.95777968281183,0.04770475206822853,0.008806939190821494,4.394641866915618e-09,0.00022534923272009668,MOEMA
298290728,4167937621,0,15.387,0,6,20.944920702957564,0.04773404004952471,0.018703888528975022,2.0532545382942436e-09,0.0002250815416216494,MOEMA
298290845,1378100587,0,113.07300000000001,0,5,23.11551650235748,0.04325171291617605,0.00023833838538135646,6.407665255147713e-11,0.00021129744884490866,MOEMA
298290845,2380689239,0,116.811,0,5,22.52614659237034,0.04438334268887895,0.023968178930284516,1.4375074701370278e-10,0.000211452602996088,MOEMA
298290880,1399167309,0,114.19899999999998,0,5,20.706600942991855,0.04828342838216877,0.00010214502230629564,5.631853824621604e-09,0.00019687771029487346,MOEMA
298290880,843749253,0,116.521,0,5,20.43399057008144,0.04892757879280508,0.010234884910817667,4.524818683195406e-09,0.00019863041430038674,MOEMA
298291133,1845965081,0,118.316,0,5,20.211958851264466,0.04946505635729358,4.7482379983652166e-05,4.458107852124391e-08,0.00019366542661444747,MOEMA
298291224,315774121,0,112.66599999999998,0,5,20.42434633519074,0.04895068205666317,0.00754413950462212,1.600742814217454e-08,0.0001991554025575633,MOEMA
298291224,298291789,0,116.797,0,5,20.027003857693956,0.04992188001626608,0.009463585762790537,1.4329452749428337e-08,0.00019841503869220625,MOEMA
298291224,843749253,0,231.551,0,6,20.205957993999142,0.04947974671460846,0.01140109848748932,8.667938540601466e-09,0.0002332330862783501,MOEMA
298291224,2552447617,0,16.098,0,6,20.28246892413202,0.04929309579661447,0.005469043688653634,8.36097885080399e-09,0.00023072757045032556,MOEMA
298291486,8027382399,0,4.346,0,4,20.571153021860265,0.04860134395999375,0.04413128206363519,9.409114602798137e-06,0.00020351961974753296,MOEMA
298291486,5046708003,0,24.558,0,4,19.907843977711103,0.05022069114005814,0.04326872409749314,2.4507871319098543e-06,0.0002046903747270467,MOEMA
298291486,5046708006,0,34.618,0,4,20.680882983283325,0.04834347181777672,0.0009014703555920694,2.440196727863186e-06,0.00020205174555023935,MOEMA
298291489,1393381231,0,76.18299999999999,0,4,21.603086155165023,0.04627976190476191,0.00045397787691686946,0.00012654110607638965,0.00018866744818473,MOEMA
298291489,298291490,0,33.312,0,5,21.444492070295755,0.04662202678392964,0.03531623612501161,0.00010733987766914714,0.00022068949151626631,MOEMA
298291489,8027382399,0,107.459,0,4,21.228461208744108,0.04709647457900901,0.035482540265637276,4.0973763016318486e-05,0.000196108444156552,MOEMA
298291490,1393381217,0,64.183,0,5,21.20060008572653,0.04715836719839874,0.010614743950686885,9.287444058467458e-05,0.00021581489655278567,MOEMA
298291490,1393381226,0,14.748,0,6,21.549078439777112,0.04639575128296933,0.017147392950974328,0.00012441872074653865,0.0002452319181484824,MOEMA
298291490,315793654,0,59.601,0,6,21.72953279039863,0.046010454679948715,0.028448199387083543,0.00028656371426346374,0.00024832757538165515,MOEMA
298291514,1434789113,0,274.16900000000004,0,5,17.53107586798114,0.057029339853300734,0.03214788746259025,1.3522645508728762e-06,0.00022201111832822378,MOEMA
298291514,304693389,0,71.805,0,4,17.804543506215175,0.05615340170446338,0.017491582300514362,3.801780192237059e-07,0.0001996648700005892,MOEMA
298291514,3317179777,0,169.002,0,4,17.1795970852979,0.058196107784431135,0.016480555038911233,7.402163352837191e-07,0.00020119024162314582,MOEMA
298291565,304465072,0,96.36,0,4,18.224174882126018,0.054860408777665404,0.043781302179950805,6.361775980888011e-06,0.0002018047914106901,MOEMA
298291565,389461771,0,155.76999999999998,0,4,17.39605657951136,0.05747197240359739,0.023400474962772654,7.865156530003547e-06,0.00020432628658054901,MOEMA
298291565,8743915499,0,13.601,0,4,18.178954136305187,0.05499687584735272,0.022107796120388448,2.7268816217744425e-05,0.0002023965751245016,MOEMA
298291635,1832316608,0,117.244,0,4,18.143377625375052,0.055104716680250895,0.021243616804685977,6.24511119101829e-08,0.0001818664055283645,MOEMA
298291788,10049462107,0,60.012,0,5,20.64702100300043,0.048422757138853426,0.004556223886138642,7.058256440866121e-07,0.0001996737318116267,MOEMA
298291789,298292025,0,114.54599999999999,0,5,20.246035147878267,0.049381801244865985,0.00316742217695826,3.1592836927686847e-08,0.00019637983169181795,MOEMA
298291789,812198091,0,115.05099999999999,0,5,19.699742820402914,0.05075120486515301,0.01269864137855478,2.4996313007542003e-08,0.00019363623674955384,MOEMA
298291819,812198091,0,114.629,0,6,19.891984569224174,0.05026073090846406,0.003973927772583025,5.005718273895078e-08,0.0002217173415624823,MOEMA
298291819,298291976,0,116.278,0,6,20.134590655807973,0.049655128368884915,0.0018457906638523127,7.237517193261805e-08,0.0002189970293351403,MOEMA
298291819,298292025,0,115.48100000000001,0,6,20.398414059151307,0.049012912512213826,0.0020378047760788863,5.665370667865189e-08,0.000224577606685545,MOEMA
298291976,298292027,0,116.069,0,6,19.951778825546505,0.05011010258338257,0.0018040988180130083,7.419410273263736e-08,0.00022003493407695942,MOEMA
298291976,298291977,0,115.41499999999999,0,6,19.63737676810973,0.050912384860522984,0.012868419839667059,5.857812920087149e-08,0.00021799937873253825,MOEMA
298291977,304693483,0,17.376,0,6,19.40484354907844,0.05152248103111229,0.012908258714580172,2.9885830889017405e-08,0.00021823135020388156,MOEMA
298291977,298292112,0,116.259,0,6,19.226103729104157,0.05200147142427181,0.009836496161686538,3.917328250352655e-08,0.00021918478758675312,MOEMA
298291977,812198091,0,116.652,0,6,19.441920274324904,0.05142422505401473,0.009708177925047788,3.626014006003191e-08,0.00022071969095988027,MOEMA
298292025,1935200898,0,116.031,0,6,20.7475353621946,0.04818816626725064,0.003763847193826086,6.835137586572598e-08,0.00022592670275233044,MOEMA
298292025,315774121,0,116.648,0,5,20.627518216888127,0.04846853960601779,0.0026138471127586083,3.32708123228996e-08,0.00019712019555717506,MOEMA
298292027,298292028,0,116.612,0,5,19.760394342048865,0.050595431769375934,0.0018381471587817736,5.632527787949099e-08,0.00019316177493450753,MOEMA
298292027,298292112,0,117.00500000000001,0,6,19.472138876982427,0.05134442035286219,0.0037223869693525555,5.478925601408273e-08,0.00022122034293117434,MOEMA
298292028,302727637,0,116.183,0,5,19.231890270038576,0.051985825086921636,0.024373516320388866,3.7462504737599894e-08,0.0001967949131024215,MOEMA
298292112,302727637,0,116.44899999999998,0,6,19.00685812258894,0.0526013124957716,0.00990297149366365,3.5926482879631965e-08,0.00022501030778461901,MOEMA
298292112,304693451,0,18.415,0,6,19.231247321045863,0.051987563103874826,0.003949144286445216,2.9574741325737027e-08,0.0002205133116933888,MOEMA
301269619,462048124,0,115.44399999999999,0,6,23.90634376339477,0.04182093646624293,0.04166057695492486,3.205149883986063e-11,0.00023620821671901753,MOEMA
302727636,302727637,0,18.14,0,6,18.983711958851263,0.052665447402289504,0.024357997688882013,2.6502070484398132e-08,0.00022965963503177917,MOEMA
302727636,304693451,0,116.05199999999999,0,6,19.254607801114446,0.05192448965962467,0.014816818768557213,2.0150328919593423e-08,0.00022516263894054896,MOEMA
302727636,304693419,0,136.73499999999999,0,6,19.340120017145306,0.051694905863188576,0.0240517942433289,1.3597149171750244e-08,0.00023733131445325176,MOEMA
302727637,302727638,0,13.195,0,6,18.855765109301327,0.05302281174344461,0.010412306877000484,3.720517880681716e-08,0.0002390204057484354,MOEMA
302727638,2583653802,0,26.83,0,5,18.648306900985855,0.053612678565271854,0.010385207177204937,6.579570084402251e-08,0.00021596467706847726,MOEMA
302727638,2583653816,0,23.384999999999998,0,5,19.146806686669525,0.05221683699168336,0.0512564185175723,3.489581205500595e-08,0.0002216705259521787,MOEMA
302727645,1389167383,0,26.491999999999997,0,4,19.63009001285898,0.05093128370853986,0.009996546525436311,2.750607500878619e-11,0.0002000102215954051,MOEMA
302727645,303788744,0,157.459,0,4,19.594299185597944,0.051024314480405134,0.04481248050037627,2.016469585773372e-11,0.0001997607230887011,MOEMA
302805834,1389167638,0,10.888,0,5,24.285683669095587,0.04116769769760936,0.0251332344001273,1.5179411213050871e-13,0.00021710105756894948,MOEMA
302805926,303987821,0,13.972,0,6,21.022288898414057,0.047558364767050665,0.004616213819874086,4.275929190666544e-13,0.0002569995979470461,MOEMA
302805926,302806063,0,123.925,0,6,20.668881268752678,0.04837154322331788,0.053854978620189835,9.298604259759579e-13,0.00025373181677825873,MOEMA
302806063,303987260,0,10.404,0,6,20.758036862408915,0.048163787852194474,0.02018765499812271,9.11175003642141e-13,0.0002571788288239249,MOEMA
303788415,5046802426,0,33.969,0,5,21.137162451778824,0.047299900634721066,0.00983371670529725,2.00951474523634e-12,0.00023072623771242461,MOEMA
303788415,1398427088,0,40.67,0,5,21.250107158165452,0.04704850080179117,0.015334029278330361,1.7686822080957097e-12,0.00023076338353061903,MOEMA
303788415,303788751,0,77.25399999999999,0,5,20.541577368195455,0.04867131991611631,0.018740484704767302,5.683231136027574e-12,0.00022523065741379076,MOEMA
303788422,303788736,0,234.581,0,6,19.996785255036432,0.049997320615186754,0.0074181374816411115,3.0471258258827064e-11,0.00025717005196768973,MOEMA
303788422,303788751,0,104.08899999999998,0,5,20.36305186455208,0.04909802765908182,0.01880719165811019,1.1704408780131704e-11,0.0002201568303469501,MOEMA
303788422,303788725,0,104.48599999999999,0,5,20.227389627089583,0.0494273211769318,0.01879862166757655,9.24374071856238e-12,0.00021802707375909023,MOEMA
303788470,303788550,0,96.594,0,4,22.278396913844833,0.04487691316100855,0.023956829483361596,4.976032832325718e-14,0.00019072292419861623,MOEMA
303788550,303788683,0,25.146,0,4,22.24517788255465,0.04494392847508574,0.02394941759965683,1.144948308802276e-13,0.00019206254017023076,MOEMA
303788683,303788687,0,71.015,0,4,21.468066866695242,0.046570829589697514,0.00030110777550608687,3.039287550444787e-13,0.00018638803673547643,MOEMA
303788687,1942703798,0,175.606,0,5,20.79511358765538,0.048077914047201895,0.03656073772331484,4.660616844194532e-13,0.0002218557081171378,MOEMA
303788687,1942703888,0,70.739,0,5,21.026360908701243,0.04754915451181849,0.03617624625613015,9.91931630756578e-13,0.00022006127445237756,MOEMA
303788688,1942703798,0,95.17099999999999,0,5,20.7038148306901,0.04828992588298621,0.019732982257108518,3.3879345345635055e-13,0.00022041893088129626,MOEMA
303788707,1398427088,0,137.14600000000002,2,4,21.839477068152593,0.04577882888629383,0.01561382788818525,5.355143177494993e-13,0.00020260729948955202,MOEMA
303788707,303788711,0,17.583,0,4,22.36605229318474,0.044701034879264086,0.01567265971509182,1.979946215821428e-13,0.00021047881169212015,MOEMA
303788707,5046800119,0,15.94,0,4,21.821474496356622,0.045816596116638346,0.0003214904556941912,3.2812640345484476e-13,0.0002103455965911836,MOEMA
303788711,5046800119,0,16.835,0,4,21.81847406772396,0.04582289671430676,0.003519486652934608,2.6891616386112856e-13,0.0002121273168415684,MOEMA
303788715,303788723,0,101.50800000000001,0,4,20.388126875267897,0.04903764282936162,0.04521017438541008,1.486526308888578e-12,0.00019070171102904206,MOEMA
303788715,303788719,0,162.073,0,5,20.556150878696958,0.04863681384559245,0.0005778953076059129,1.2739419236321694e-12,0.00021552762266983016,MOEMA
303788715,1363061412,0,104.61,0,5,20.145949421345907,0.04962713162625929,0.044611433154884514,9.400147030179824e-13,0.00021800679316798553,MOEMA
303788719,303788725,0,72.999,0,5,20.452636090870126,0.04888297426439769,0.01863972941065565,2.6864483556388575e-12,0.00021509786264640985,MOEMA
303788719,1942703874,0,192.625,0,6,20.472138876982427,0.04883640589177476,0.018373828082747196,1.2275292899339142e-12,0.0002443804691405785,MOEMA
303788723,303788730,0,70.789,0,4,20.301114444920703,0.04924782264449723,0.045442953858012856,4.476324080051773e-12,0.00019991822559866176,MOEMA
303788723,303788724,0,177.964,0,4,20.7573939134162,0.04816527969934128,0.0001248439161521391,2.60750745244941e-12,0.00019772414538845722,MOEMA
303788724,303788725,0,63.641,0,4,20.865409344192027,0.0479159391113211,0.0007583283515437911,3.4300579260038104e-12,0.00018945522945849517,MOEMA
303788724,303788726,0,171.081,0,4,20.506000857265324,0.04875576133192588,0.0005283283353302955,6.916080287695919e-12,0.0001958198170490305,MOEMA
303788726,303788736,0,103.797,0,5,20.127518216888127,0.04967257626577224,0.0016259819877328693,2.8435129282233737e-11,0.00022877593786902963,MOEMA
303788726,303788730,0,94.446,0,4,20.5630090012859,0.04862059261884165,0.0007942296632387477,8.784897338133907e-12,0.0001980138972592351,MOEMA
303788730,303788744,0,139.003,0,4,19.902057436776683,0.050235292850758645,0.04487802934689029,1.5118845653039213e-11,0.0001994285314464729,MOEMA
303788736,303788749,0,104.173,0,6,19.373981997428203,0.05160455314771181,0.008891249367963198,7.254443521693282e-11,0.00026561104439564104,MOEMA
303788736,303788753,0,103.749,0,5,19.471067295327902,0.051347246070532294,0.0009408459877736345,5.913473220802238e-11,0.00022989054977107172,MOEMA
303788740,303788766,0,68.398,0,4,18.861551650235747,0.05300654485955822,0.010509587850625527,1.8536193217801857e-10,0.00020779942741438106,MOEMA
303788740,303788753,0,109.066,0,4,18.977925417916847,0.05268150557305959,0.0006906949127378086,1.884059504868673e-10,0.0002020288316971541,MOEMA
303788740,8062402669,0,3.688,0,4,18.33733390484355,0.05452186718403029,0.01031317293244925,8.839044063440797e-10,0.000207925768138283,MOEMA
303788744,303788749,0,109.944,0,5,19.34183454779254,0.051690323438486854,0.0003777744475772521,6.113689421396775e-11,0.00023436693389517697,MOEMA
303788749,1389167383,0,114.819,0,5,19.311187312473212,0.05177235700175349,0.00924354546530532,6.84782687010257e-11,0.00023462782378612726,MOEMA
303788749,303788750,0,168.856,0,5,18.892413201885983,0.0529199564388783,0.00025570998781439995,2.0608269035680187e-10,0.00023558303828372941,MOEMA
303788750,8062402669,0,110.81200000000001,0,4,18.30925846549507,0.05460547108192577,0.009273656242855928,8.881714354225346e-10,0.0002042941417955782,MOEMA
303788750,1389167390,0,80.048,0,4,18.72717531075868,0.053386891887252375,0.009431622014313737,1.9864095251844086e-10,0.00020199916927779118,MOEMA
303788751,303788759,0,64.832,0,4,19.965280754393486,0.05007621460314734,0.0010010675428748519,1.8284422654763684e-11,0.00019338175329366872,MOEMA
303788753,303788759,0,169.64600000000002,0,4,19.529789969995715,0.0511928538507122,3.752266125537391e-05,5.0009378013043876e-11,0.00019879998307491866,MOEMA
303788759,303788766,0,165.223,0,4,19.459494213459067,0.05137778365162228,0.0007574018660806954,4.696536105943021e-11,0.00020457057879214561,MOEMA
303788766,8062402671,0,13.888,0,4,19.347835405057864,0.05167429134774084,0.010277966484851615,4.0095459769193925e-11,0.00020933645357088936,MOEMA
303858337,8754311020,0,10.588,0,4,26.890484354907844,0.03717990611376334,0.027228944517649664,1.1581162353752413e-14,0.00019502625195658277,MOEMA
303858337,8754311021,0,10.222999999999999,0,4,27.506215173596228,0.036347628249080596,0.026018028017383645,1.1064823028866636e-14,0.00019005755495896993,MOEMA
303858337,7991967535,0,11.062000000000001,0,5,26.776468066866695,0.037338221051873316,0.0012336153941118605,2.3535575707395405e-14,0.00022427767077488772,MOEMA
303858338,12586159042,0,30.346,0,4,28.058508358336905,0.03563217512851261,0.023163063062854396,3.4036519674304773e-15,0.00019886015048657278,MOEMA
303858338,466909279,0,107.051,0,4,27.49314187741106,0.03636491195248007,0.0007015811169291824,2.384541441147518e-15,0.0002083856121930334,MOEMA
303858338,303866181,0,78.697,0,4,27.45863694813545,0.0364106086386413,0.02251104891820083,6.6500112101313634e-15,0.0001952685326157653,MOEMA
303858540,303858554,0,152.889,0,5,26.15645092156022,0.0382232928567917,0.00016537765516257388,1.1375589106412125e-14,0.00023017012407113105,MOEMA
303858554,1393378122,0,6.854,0,5,25.449207029575653,0.039285533828507906,0.0017554583312004866,1.6429870409961856e-14,0.00022900637398796416,MOEMA
303858554,303858859,0,92.059,0,6,25.415773681954565,0.03933721224386542,0.01893689962294358,3.6472410448703814e-14,0.00025972729351308,MOEMA
303858554,8754308410,0,68.35,0,5,26.210030004286327,0.03814515601491463,0.019614392117832273,1.1412392497258513e-14,0.00023081580046528405,MOEMA
303858859,303858897,0,156.559,0,5,25.373124732104586,0.03940333302362511,2.1309165651199994e-05,3.4114345528286056e-14,0.00022134498230486017,MOEMA
303858859,4167937343,0,164.706,0,6,24.557865409344192,0.040711424507143046,0.019197705280805003,1.0039490307658314e-13,0.00025113597933587486,MOEMA
303858859,1393378158,0,14.545,0,5,24.635233604800685,0.04058356822215262,0.00030203426096918253,5.441774805314052e-14,0.00022107079096772732,MOEMA
303859169,4167937343,0,169.07500000000002,0,5,24.506215173596228,0.040797229461459084,1.5750252872626084e-05,9.809249249601484e-14,0.00021317434814869954,MOEMA
303859922,2578181814,0,66.842,0,3,28.651093013287614,0.034895202190206906,0.0008018731683092868,1.7816306289936787e-16,0.00018569487261580045,MOEMA
303859922,4252790480,0,4.376,0,2,28.783754822117444,0.03473437325490488,0.0006805035726437564,1.8528108625341007e-16,0.00013069061850498045,MOEMA
303859922,4252790481,0,68.553,0,5,27.883411915988,0.035855930640103305,0.0013850957673279998,8.915949089196468e-16,0.00027132352821154445,MOEMA
303864106,4264819363,0,157.328,0,5,23.418774110587226,0.04269163189106084,0.03425818972615637,2.220238402563021e-12,0.00024233064954923652,MOEMA
303864106,4264811461,0,120.716,0,5,23.53536219459923,0.042480148612224086,0.035157343868090704,1.1520470361733968e-12,0.00024379774305671595,MOEMA
303864106,477231880,0,257.985,0,5,22.793399057008145,0.04386294826710796,0.013389567912658362,3.3368434619056927e-12,0.00023800173548375062,MOEMA
303864203,4167937331,0,61.762,0,6,21.268324046292328,0.04700820250307342,0.015436174300636658,2.9713187967580024e-11,0.0002617757545581413,MOEMA
303864203,6359780732,0,75.95,0,5,22.02871838834119,0.045385558344521626,0.003900272178266921,1.068371067573334e-11,0.00022681122544165227,MOEMA
303864203,477231880,0,224.15300000000002,0,5,22.029361337333906,0.04538423372150716,0.013581118782153389,1.031803719996288e-11,0.0002267391775439786,MOEMA
303864203,304111065,0,65.376,0,5,22.093870552936135,0.0452517217964885,0.005777563347864486,1.4767692930874226e-11,0.0002259100441661549,MOEMA
303866181,8754311021,0,16.415,0,4,27.552721817402485,0.036286276553542676,0.03389060661867317,1.0612221828102667e-14,0.00018853132648294607,MOEMA
303987211,303987719,0,117.192,0,5,19.98692670381483,0.050021981792641994,0.03335208694324883,2.0999521988008472e-12,0.00020902334253296604,MOEMA
303987211,8021599594,0,165.465,0,5,20.1455207886841,0.049628187533909934,0.00863507613741725,2.076321271742492e-12,0.0002166150793159744,MOEMA
303987211,303994117,0,31.580000000000002,0,6,19.74067723960566,0.05064596677885137,0.009082105373360903,4.153601368495019e-12,0.0002306369981714248,MOEMA
303987211,303987232,0,74.087,0,7,19.45049292756108,0.05140156022742298,0.03302086839019213,5.858035783708694e-12,0.00026428676859053944,MOEMA
303987213,8729006462,0,88.789,0,4,24.023574796399487,0.04161685728049672,0.01129339455240445,1.9674108870225924e-15,0.0002134418703587468,MOEMA
303987213,8729014164,0,4.558,0,4,24.554864980711532,0.04071639915163258,0.0017401713210594082,7.62900341273665e-16,0.0002141558755368024,MOEMA
303987213,8729014165,0,4.63,0,4,24.446635233604802,0.04089665813374478,0.009746858693132033,8.007930279085376e-16,0.00021413730262770522,MOEMA
303987214,303987759,0,94.44200000000001,0,4,22.441705957994,0.04455034236436737,0.004088811970006886,8.689085329643666e-15,0.00020744265327335328,MOEMA
303987214,8021577763,0,7.679,0,4,22.540720102871838,0.044354647016876636,0.008846314823003059,1.2977106558936643e-14,0.00020342384631586547,MOEMA
303987214,8021577755,0,10.246,0,4,23.241963137591085,0.04301640432653739,0.0065386711557975635,4.318765342327011e-15,0.00020914933605758784,MOEMA
303987216,8021577766,0,101.768,0,4,22.909558508358337,0.04364054782218231,0.0035970798104688687,5.457449775252189e-15,0.0002079722513764406,MOEMA
303987216,8021599598,0,11.065,0,4,22.73446206600943,0.04397665890515559,0.0007110775929259129,1.3759796783013067e-14,0.0002036128010520052,MOEMA
303987216,8021599597,0,12.784,0,4,23.178311187312474,0.04313453536754508,0.003634602471724243,4.122413201416143e-15,0.00020932125078872182,MOEMA
303987219,5046267597,0,123.858,0,4,21.765966566652377,0.04593343836155967,0.03562776686197752,3.687407139539363e-14,0.00021127797383329612,MOEMA
303987219,8021599596,0,119.246,0,4,22.340548649807115,0.04475206492646847,0.0039042097414850774,1.0499385932996858e-14,0.00020858691886427338,MOEMA
303987219,1389167490,0,42.905,0,4,22.10094299185598,0.045237240964673256,0.03922114073059401,9.275918710417961e-15,0.00020286795637396675,MOEMA
303987223,1393380081,0,23.759,0,5,21.222674667809688,0.04710931582933603,0.07049697375104548,2.1645166320157922e-11,0.0002174029990777185,MOEMA
303987223,304693434,0,96.729,0,6,20.65130732961852,0.048412706649093494,0.03770888483345613,4.548328857396622e-11,0.0002510517255287123,MOEMA
303987223,303987227,0,15.085,0,6,21.042863266180884,0.047511865235369606,0.053080205151676094,1.7583029915933735e-11,0.00025389913287746806,MOEMA
303987223,1393380015,0,33.114,0,5,21.202743249035578,0.04715360045283629,0.02009477483044737,1.6564586906183786e-11,0.00022114887899677186,MOEMA
303987227,303987630,0,98.142,0,5,21.03150450064295,0.04753752560300816,0.04183105028013446,6.542462241633341e-12,0.0002170500159746437,MOEMA
303987227,303987646,0,40.405,0,5,21.442563223317617,0.04662622062747999,0.02167929659370671,6.494423542532114e-12,0.00022152605600086464,MOEMA
303987227,1393379973,0,90.78500000000001,0,5,20.711744534933562,0.04827143758860111,0.00941286068368605,1.3245489787866713e-11,0.00022029438613443454,MOEMA
303987232,8728983401,0,160.46,0,6,19.599228461208742,0.051011481683980314,0.02067035392439554,5.060521497662621e-12,0.0002403006740431384,MOEMA
303987232,303994117,0,52.388,0,7,19.32876125160737,0.05172528496030514,0.026872015992992063,6.574100440779146e-12,0.0002569563224938396,MOEMA
303987232,303987263,0,126.984,0,7,18.92584654950707,0.052826470987905966,0.07716465800757911,9.859779338311714e-12,0.0002644608310284758,MOEMA
303987232,303994123,0,53.49,0,7,19.202957565366482,0.05206415106974253,0.038187646196510806,6.815788191864301e-12,0.00025928873995777657,MOEMA
303987241,8728983398,0,8.46,0,4,21.402271753107588,0.04671399817750318,0.0009565962406462607,2.8324051651939066e-13,0.0002070192390196781,MOEMA
303987241,5046323032,0,100.956,0,4,22.164166309472783,0.04510820166702122,0.004441571310080556,1.0318254188961572e-13,0.00021078336052167217,MOEMA
303987241,8728983397,0,8.975,0,4,21.80197171024432,0.04585758100031456,0.0036670294629325907,1.9618970043512474e-13,0.0002083580409918183,MOEMA
303987245,5078771900,0,81.889,0,5,20.695027861123016,0.048310429460559426,0.019876587503888342,1.960503565862456e-12,0.00022899799709426532,MOEMA
303987245,303987298,0,116.949,0,5,20.47428204029147,0.04883129389844347,0.010166324986548589,1.763895675702496e-12,0.00022793746790089083,MOEMA
303987245,303987268,0,134.973,0,6,19.855122160308614,0.050354043435084844,0.010259436775589702,6.4352021262311245e-12,0.00026096092972712886,MOEMA
303987245,8728983400,0,112.191,0,5,20.69652807543935,0.04830692761727245,0.01959215646671798,1.8291506802267868e-12,0.00023208927416684596,MOEMA
303987260,303987821,0,117.96100000000001,0,6,21.010930132876126,0.047584075400104044,0.04055342682652556,4.089066102104975e-13,0.00026044660999271216,MOEMA
303987260,303994106,0,73.814,0,5,21.379554222031718,0.04676363563459206,0.018959366895423647,3.1624322975716116e-13,0.00023975405356006996,MOEMA
303987263,1001579159,0,15.724,0,5,18.855550792970423,0.053023414412366444,0.006578741652076451,8.142840808224887e-12,0.00020607604603646356,MOEMA
303987263,303987473,0,143.789,0,5,18.785469352764682,0.05322122460155385,0.06033111200722844,1.7840444002150115e-11,0.00020862867200176086,MOEMA
303987263,303987493,0,119.87400000000001,0,6,19.165666523789113,0.0521654533865611,0.01023673788174386,1.1377751119103413e-11,0.0002442372663053472,MOEMA
303987268,303987297,0,46.478,0,5,19.441705957994,0.0514247919307722,0.018767816025928623,1.798042148824529e-11,0.00022329715267767732,MOEMA
303987268,303987493,0,117.431,0,6,19.572010287183883,0.0510824217338458,0.010654582825599997,1.0640080946583468e-11,0.00025384021034115413,MOEMA
303987268,5078771904,0,83.132,0,5,19.96549507072439,0.05007567706823817,0.005463948018606607,6.0758089480995436e-12,0.0002263608136607443,MOEMA
303987279,8021736166,0,5.652,0,4,22.57093870552936,0.04429526377758365,0.0038854484108573903,3.519756138408686e-14,0.0002142048934498316,MOEMA
303987279,8021736165,0,5.239,0,4,22.401628804114875,0.0446300441995293,0.0009297281622164868,5.276644083493652e-14,0.00021416009996318532,MOEMA
303987279,8761785632,0,2.875,0,4,22.209815687955423,0.04501548764365875,0.00250266885718713,1.228059549851277e-13,0.00021424203926802602,MOEMA
303987294,303987295,0,217.855,0,4,22.174667809687097,0.04508683928208994,0.0024484694575960344,9.182253605089735e-14,0.00021100556676056416,MOEMA
303987294,8021921022,0,146.511,0,4,22.623660522931846,0.044192038801841575,0.000282114823512626,2.772930380247956e-14,0.00021259465864857088,MOEMA
303987294,8021736165,0,121.418,0,4,22.105015002143162,0.04522890771945473,0.002537412062053217,4.745053017589101e-14,0.00021326651353414835,MOEMA
303987295,303987352,0,73.396,0,4,21.609515645092156,0.04626599226420708,0.0783670045173115,1.616082965122066e-13,0.0002148128740082444,MOEMA
303987296,303987447,0,63.007,0,5,17.96420917273896,0.05565431097219074,0.01156925559904118,1.1058255085686675e-09,0.00023386353266885272,MOEMA
303987296,1389167385,0,155.68599999999998,0,4,17.51800257179597,0.05707189958281848,0.0027326688734006254,4.986507142911293e-09,0.00020084164079784236,MOEMA
303987297,303994087,0,89.255,0,4,19.856622374624948,0.050350239069195155,0.008027301673626502,2.212042287230786e-11,0.00019050364566079324,MOEMA
303987297,303987469,0,106.411,0,4,19.271538791255892,0.051878871453831694,0.010404200129198397,6.718943761198017e-11,0.00018707045151335422,MOEMA
303987298,8729014171,0,39.364999999999995,0,4,21.21538791255894,0.04712549625723551,0.01800601335389822,3.7699410757559373e-13,0.00019831900025116348,MOEMA
303987298,1400686811,0,101.646,0,5,20.940634376339478,0.04774381070321056,0.008487764948785042,4.3065037544237957e-13,0.0002288339436655756,MOEMA
303987299,303987643,0,19.548,0,4,22.327046720960137,0.04477912803087024,0.037014715600231715,1.8831697486387734e-13,0.00019930489769503357,MOEMA
303987299,303987793,0,115.474,0,4,23.013930561508786,0.043442630583984426,0.02576208640820347,4.0364608853270794e-14,0.00020564114453280533,MOEMA
303987299,8728859792,0,115.935,0,4,22.6553793399057,0.04413016743922051,0.011251702706565146,4.4624855130727316e-14,0.00020658510385225504,MOEMA
303987300,303987302,0,14.617,0,6,19.66116588084012,0.050850783200165686,0.012807271799102744,4.216124761368066e-12,0.00023890033884420216,MOEMA
303987300,303994123,0,296.181,0,6,19.238534076296613,0.051967872380718975,0.04604933859360896,5.06785163181839e-12,0.00023562808781192173,MOEMA
303987300,304465039,0,240.586,0,6,19.777111015859408,0.050552665799739924,0.017406577259275337,4.879109455992208e-12,0.00025782518750088536,MOEMA
303987300,304465038,0,112.38300000000001,0,5,19.444063437633947,0.05141855697374512,0.04129206736197857,5.576522821723634e-12,0.00021576693394733976,MOEMA
303987302,303987694,0,135.75,0,7,19.855765109301327,0.05035241292216693,0.01269099787348424,2.8127457803421833e-12,0.0002692190155796898,MOEMA
303987302,9246341955,0,98.70600000000002,0,5,19.655593656236604,0.050865199044846425,0.02961186512873168,3.774578572608315e-12,0.00021289684711304222,MOEMA
303987302,303994117,0,301.17199999999997,0,6,19.412344620660093,0.05150257236856632,0.029411281025971472,4.259618392682126e-12,0.0002290756313734145,MOEMA
303987323,303987681,0,98.668,0,5,20.813973424774968,0.04803434996602072,0.032466830083260935,8.174104210624078e-13,0.00021234487520401587,MOEMA
303987323,303987630,0,116.411,0,5,21.011358765537935,0.0475831046828303,0.0430329335471353,1.7328584164758194e-12,0.00021491324395893726,MOEMA
303987323,303987500,0,45.102,0,5,21.34183454779254,0.04684628593808056,0.02782235845676243,6.502172737118673e-13,0.00021796129417719288,MOEMA
303987323,303987649,0,66.813,0,6,20.81504500642949,0.04803187710429044,0.029607232701416204,9.63217649043465e-13,0.0002505191662979352,MOEMA
303987341,303987727,0,118.877,0,6,23.116159451350192,0.043250509920267015,0.0017670393994891822,2.449351464099695e-15,0.0002597060671262644,MOEMA
303987341,303987556,0,70.539,0,5,23.637591084440633,0.04229642860380985,0.0005591339769782259,4.410043518669943e-15,0.00022405619907154574,MOEMA
303987341,303987816,0,117.614,0,5,23.290184312044577,0.04292734098939929,0.024247051054676307,2.271155204735388e-15,0.00021780153803726779,MOEMA
303987341,303987546,0,88.68,0,5,23.52100300042863,0.042506082059973214,0.02529791719119255,5.006886419829949e-15,0.00022808156649646653,MOEMA
303987347,303987724,0,119.333,0,6,22.811830261465925,0.043827508455467866,0.0368159844683977,1.3143749309688957e-15,0.0002524599092234572,MOEMA
303987347,303987816,0,117.932,0,5,23.262751821688813,0.04297796285377359,0.03285549073502956,1.3625048967892127e-15,0.00021399355710202835,MOEMA
303987347,303987560,0,208.349,0,5,22.986498071153022,0.043494475782014826,0.04422277250311588,2.601444677545756e-15,0.00021913572996493303,MOEMA
303987352,303987391,0,69.964,0,4,21.370552936133734,0.046783332497618214,0.006293615750808764,4.719513630800997e-13,0.00021859062978014254,MOEMA
303987352,5046262359,0,136.822,0,4,21.779897128161167,0.0459040590405904,0.08218922029531261,1.094602142538124e-13,0.00022967278973330825,MOEMA
303987359,303987400,0,49.886,0,4,20.50835833690527,0.04875015675291561,0.006250997419506364,2.1245400301151214e-11,0.00021387287018412152,MOEMA
303987359,303987366,0,97.144,0,4,19.885126446635233,0.050278065183652354,0.006098590560827129,5.6160378612295544e-11,0.0002125673626845897,MOEMA
303987366,303987509,0,59.755,0,4,19.801114444920703,0.050491384535457616,0.007010947120610573,4.874061456915262e-11,0.00021132146048255122,MOEMA
303987366,303987434,0,273.624,0,4,19.177239605657952,0.05213397257518356,0.0005070191696790956,2.250769761138776e-10,0.00020942183944767836,MOEMA
303987374,303994087,0,102.187,0,4,20.610587226746677,0.048508355083238884,0.007408641005644381,1.3364314945244677e-11,0.00019772662991205954,MOEMA
303987374,303987509,0,20.86,0,4,20.311830261465925,0.04922184120284885,0.007968006603988382,1.3007221230719954e-11,0.00020684051439328905,MOEMA
303987374,8013565995,0,87.263,0,4,21.007072438919845,0.04759281363817219,0.002446616486669843,8.640340586314169e-12,0.00019854726229419497,MOEMA
303987386,303987416,0,36.053,0,4,20.867338191170166,0.04791151005987655,0.0035577041782873034,2.559249400965091e-12,0.00021483382313632,MOEMA
303987386,303987391,0,230.17,0,4,21.177882554650665,0.04720895401554404,0.0006140282406666434,8.688748735229645e-13,0.00021607677276912186,MOEMA
303987391,303987394,0,34.196,0,4,21.225889412773252,0.047102180936995156,0.006643132391761598,1.8119447182918566e-12,0.0002160210540418302,MOEMA
303987394,303987400,0,56.33,0,4,20.962280325760823,0.04769450976382783,0.006457603677776694,6.489894759681041e-12,0.00021462333016655143,MOEMA
303987394,303987416,0,243.477,0,4,21.00192884697814,0.04760446961579672,6.137966193008694e-05,3.5023192404828524e-12,0.0002147781044090283,MOEMA
303987434,1389167371,0,78.437,0,4,18.252893270467208,0.054774093556265266,0.003018026396034086,1.0777570543160964e-09,0.00019935670116758665,MOEMA
303987447,303987469,0,101.061,0,5,18.597299614230604,0.05375972342264477,0.011144925256943371,2.952545546519515e-10,0.00022719279245367763,MOEMA
303987447,303994098,0,88.82499999999999,0,5,18.63737676810973,0.05364412042041351,0.0009816113481498432,2.9543370136959786e-10,0.00022740803728630823,MOEMA
303987447,303987454,0,118.70300000000002,0,5,18.328332618945563,0.05454864359214219,0.0010056999701903303,2.933708535181882e-10,0.00022878059403506174,MOEMA
303987454,303987473,0,110.91,0,4,18.63694813544792,0.053645354185832564,0.06294217966359776,6.442808617731202e-11,0.0001833992183961768,MOEMA
303987454,8008441178,0,100.174,0,4,18.744320617231033,0.053338059249265386,0.061735895590647225,7.39856650696242e-11,0.00019151549613727738,MOEMA
303987458,8013565996,0,8.715,0,5,21.48842691813116,0.04652670423378048,0.00014383686814559997,1.8872893831136793e-11,0.00022875531457980326,MOEMA
303987458,303994093,0,101.87,0,6,20.510287183883413,0.04874557214658154,0.0009017019769578433,4.3621717223694856e-11,0.0002637487249103109,MOEMA
303987458,8013565995,0,9.989,0,5,21.34612087441063,0.04683687914779972,0.001509244819382817,1.7322453997259605e-11,0.00023030091096975911,MOEMA
303987458,303987459,0,102.098,0,5,20.561294470638664,0.04862464691105807,0.00036040284514420864,2.686250629139164e-11,0.0002278071137758659,MOEMA
303987459,8013565996,0,140.93400000000003,0,4,20.599014144877838,0.04853560838578786,0.0,1.988820821285316e-11,0.0001906008379874441,MOEMA
303987459,303994098,0,100.531,0,4,19.627303900557223,0.050938513447112393,0.0005591339769782259,6.830990869907271e-11,0.00018799588910055852,MOEMA
303987469,303994093,0,87.29,0,5,19.52764680668667,0.051198472277097326,0.0010483183014927302,8.488997553541262e-11,0.00022455591380364287,MOEMA
303987473,303987493,0,163.24599999999998,0,5,19.1408058294042,0.05223320755562025,0.0029506245785938775,1.7777173154140573e-11,0.0002145428060045903,MOEMA
303987493,8728983402,0,115.767,0,5,19.65345049292756,0.050870745777128336,0.00368532755082873,6.903384960581059e-12,0.00022266567594825091,MOEMA
303987500,303987734,0,117.98299999999999,0,5,21.386840977282468,0.046747702698640155,0.004526576351319582,2.5245086761049665e-13,0.00022371347219656885,MOEMA
303987500,303987643,0,97.524,0,4,21.880840120017144,0.04569228960977903,0.0229330630466409,3.0100684996665145e-13,0.0001885858672646573,MOEMA
303987509,8761785634,0,72.092,0,4,20.52614659237034,0.04870790916209867,0.002321309327786156,1.0610069058501359e-11,0.00021229367530745986,MOEMA
303987537,303994133,0,63.704,0,5,23.964852121731678,0.04171883384010016,0.001387180359619965,1.636705411242112e-14,0.0002310454309902934,MOEMA
303987537,303987592,0,257.563,0,5,23.823617659665665,0.041966157195419254,0.0,5.565374068270308e-15,0.00023059849624523419,MOEMA
303987537,303987543,0,71.213,0,5,24.30004286326618,0.0411433711987582,0.0018140585367412865,5.596200853461099e-15,0.00023190612926274475,MOEMA
303987537,303987556,0,99.39200000000001,0,5,23.884269181311616,0.041859588672337675,0.0010883887977716172,6.873303100656295e-15,0.00022896920511107318,MOEMA
303987543,303987580,0,115.086,0,4,24.480925846549507,0.04083937388381133,0.0018323566246374256,2.7870065830456095e-15,0.00019292389760728934,MOEMA
303987543,303987567,0,71.536,0,4,24.518645520788684,0.040776546274605786,0.0002976334550194782,3.3992065533374552e-15,0.00019391571585641328,MOEMA
303987546,303987793,0,23.305,0,4,23.60137162451779,0.04236133812792852,0.026024281794259543,1.0556139653678487e-14,0.000200674656663962,MOEMA
303987546,12315840440,0,66.92699999999999,0,4,24.070081440205744,0.04153644789913722,0.001892809801104417,1.159900117892498e-14,0.0001963838643908137,MOEMA
303987549,303987600,0,111.274,0,5,23.609944277753964,0.04234595693693039,0.0003868076808424347,1.04777956715639e-13,0.00023618778386141984,MOEMA
303987549,303987638,0,114.821,0,4,23.0096442348907,0.04345072324730121,0.004495307466940103,3.112793152088911e-13,0.00019734349019317522,MOEMA
303987556,12315840440,0,87.64800000000001,0,4,23.83197599657094,0.041951438848920865,0.0008178550425476868,1.10074750510428e-14,0.00019258329499027127,MOEMA
303987560,303987563,0,70.008,0,4,23.07715387912559,0.043323612994297815,0.044699912516610145,9.051586414942911e-15,0.00018448082963427702,MOEMA
303987560,303987592,0,46.495,0,4,23.46742391770253,0.04260312879569676,0.002321772570517704,3.1940566041123685e-15,0.00018842303659761335,MOEMA
303987563,303987584,0,115.92,0,5,23.5096442348907,0.04252661901983664,0.0004854783826621216,1.1576938460168648e-14,0.00022545043698817663,MOEMA
303987563,1550389899,0,57.565000000000005,0,5,22.883840548649808,0.04368959316700382,0.04539894579851582,3.926028160945831e-14,0.0002178879820072188,MOEMA
303987567,303987584,0,127.939,0,5,24.127518216888127,0.04143756828538182,0.0004588419255981216,6.3040230430639465e-15,0.000231462450432524,MOEMA
303987580,303987592,0,61.996,0,4,24.29768538362623,0.04114736312878728,0.002123504681415234,2.7535375801026586e-15,0.0001916850440780874,MOEMA
303987580,303987584,0,70.228,0,5,24.39027003857694,0.04099116910504811,0.00023185298713968692,5.690667892407601e-15,0.00023038812887907754,MOEMA
303987584,303987587,0,68.583,0,5,23.718816973853407,0.042151583056238257,2.1772408382747823e-05,1.2113222592214314e-14,0.00022723429504395063,MOEMA
303987587,1550389899,0,108.95400000000001,0,5,23.127518216888127,0.043229268021461736,0.00403461257041579,3.979709273765126e-14,0.0002196718400629928,MOEMA
303987600,303987606,0,66.187,0,5,23.719245606515216,0.04215082133111661,0.0005519537146392347,8.313388182671021e-14,0.0002351920706283329,MOEMA
303987600,303994133,0,49.777,0,5,23.70681525932276,0.042172922542850946,0.001365639572602991,5.762827501543467e-14,0.00023333664132620693,MOEMA
303987600,303987603,0,100.427,0,5,23.410844406343763,0.04270609236966174,0.0015608963839503997,1.2948581351668405e-13,0.00023522993508457866,MOEMA
303987603,303987638,0,61.288,0,4,23.074367766823833,0.04332884409975386,0.0017417926706198258,3.3598662045059446e-13,0.00019645804105810765,MOEMA
303987603,303987610,0,64.594,0,4,23.16395199314188,0.04316127420593433,0.0008312890817625737,2.2836566492028366e-13,0.00019447763276658704,MOEMA
303987606,12315840440,0,47.819,0,4,23.727818259751395,0.04213559260798092,0.0011731622176448693,4.600666339324739e-14,0.0001963020059428908,MOEMA
303987606,303987610,0,99.879,0,4,23.05722246035148,0.04336106334526189,0.0008444914996116868,1.8201268318861717e-13,0.00019444373053094865,MOEMA
303987610,303987617,0,58.67,0,5,22.31354479211316,0.044806223887047976,0.001775377768657043,7.808716140235292e-13,0.00023017465710283035,MOEMA
303987617,303987643,0,105.476,0,5,22.04307758251179,0.045355993505293964,0.014303082579270675,7.917769178254928e-13,0.00022998460450780934,MOEMA
303987617,303987646,0,107.19,0,5,21.88062580368624,0.04569273715656986,0.014976174268209666,1.8169607495952407e-12,0.0002264750226127976,MOEMA
303987617,303987630,0,99.99000000000001,0,5,21.459494213459067,0.046589433736143014,0.0013088923379883824,1.8649943931862284e-12,0.00022199898258657677,MOEMA
303987638,303987646,0,84.739,0,4,22.298328332618947,0.04483679981546269,0.006310755731876033,1.432333673386783e-12,0.00019206092677407076,MOEMA
303987649,8003253776,0,8.674,0,5,21.16395199314188,0.04724002794908406,0.019526375998838188,7.890443853290812e-13,0.00021191046606486487,MOEMA
303987649,303987656,0,107.149,0,5,21.162880411487354,0.0472424199461244,0.0009311178904111302,5.882775888461502e-13,0.00023308201162453262,MOEMA
303987649,303987694,0,50.292,0,7,20.493356193741963,0.04878584426178076,0.00977094731517252,1.4467568299616268e-12,0.0002773557716662339,MOEMA
303987656,303987669,0,90.233,0,4,21.67188169738534,0.04613285074316908,0.0004294260121448347,3.3322249729642777e-13,0.00021233475943092153,MOEMA
303987656,6631785718,0,82.892,0,2,21.941705957994,0.045565540144559484,0.0006805035726437564,1.4733680380894647e-13,0.00011699578827266012,MOEMA
303987659,1393379973,0,273.62300000000005,0,4,20.359408486926704,0.049106813899386294,0.004576838187692521,1.1080038349321799e-11,0.0001919830377565285,MOEMA
303987659,303987677,0,55.81,0,4,20.732747535362194,0.048222536929263274,0.001397371699714017,3.8912381524877316e-12,0.00020442834469350756,MOEMA
303987659,303987840,0,113.283,0,4,20.08679811401629,0.04977327287276607,0.005639748635229007,1.1019081576293785e-11,0.00019616066843097113,MOEMA
303987665,10187204470,0,71.255,0,4,21.079297042434632,0.047429745007930374,0.02304331481674928,7.485520374953459e-13,0.00020381900945288156,MOEMA
303987665,303987669,0,103.84,0,4,21.715602228889843,0.046039970392301996,0.0004970594509508173,4.021290766223089e-13,0.00020705801559804188,MOEMA
303987665,5046326808,0,14.248,0,4,21.444492070295755,0.04662202678392964,0.02376782644889008,4.870044988959469e-13,0.00019213132554343884,MOEMA
303987669,303987677,0,68.332,0,4,21.24217745392199,0.04706606400581137,0.0008973011710081389,9.464024812628186e-13,0.00020984531741042277,MOEMA
303987677,10187204470,0,103.68,0,4,20.770038576939562,0.04813595699235397,1.621349560417391e-06,1.2928231135920635e-12,0.00020660631126526245,MOEMA
303987681,303987786,0,25.565,0,4,20.78889841405915,0.04809228770837414,0.040682208305895855,4.653980546164624e-13,0.00017789877143522425,MOEMA
303987681,303987694,0,110.30000000000001,0,6,20.484783540505788,0.04880626059299868,0.00850536817258386,1.3009451095348203e-12,0.00023977887489398333,MOEMA
303987694,5046326808,0,26.334,0,6,20.677882554650665,0.04835048661422219,0.0046546629665925555,1.2765768697300685e-12,0.0002438646931388105,MOEMA
303987694,8003253776,0,42.189,0,6,20.678954136305187,0.04834798109609485,0.00019363546178699127,1.3182131608300826e-12,0.0002396430806245254,MOEMA
303987700,303987808,0,115.863,0,4,22.998714102014574,0.04347137319218727,0.0018589930817014258,8.022541534143475e-16,0.0001981973035252215,MOEMA
303987700,1389167490,0,64.087,0,4,22.35876553793399,0.04471560301363035,0.036757152641491125,3.0155246187019938e-15,0.00019551645813272882,MOEMA
303987700,303987724,0,126.716,0,5,22.634804972138877,0.044170280455242676,0.03771699158125822,1.1156714002776272e-15,0.0002243883855195713,MOEMA
303987709,8021920995,0,14.084000000000001,0,4,24.09129875696528,0.0414998665599146,0.006380242141608207,4.2808789992396708e-16,0.00020912593014573995,MOEMA
303987709,8021577755,0,91.26499999999999,0,4,23.7038148306901,0.042178260790944104,0.006525005495216903,1.4552992997235215e-15,0.0002105522915916699,MOEMA
303987709,8021920994,0,14.422999999999998,0,4,23.54607801114445,0.04246081590300912,0.0005528802001023303,6.430440543490664e-16,0.00020907014343917309,MOEMA
303987712,8729006463,0,7.318,0,4,22.90184312044578,0.04365524985962942,0.0009880967463915128,8.804385723268002e-15,0.00021057155368993342,MOEMA
303987712,303987782,0,92.893,0,4,23.161808829832832,0.04316526792075727,0.0009723464935188868,3.618178523510277e-15,0.00021237187228383814,MOEMA
303987712,8729006461,0,2.501,0,4,23.706172310330047,0.042174066339399525,0.0013081974738910606,3.7423812487362966e-15,0.0002124441002636607,MOEMA
303987715,303987719,0,135.454,0,5,20.732318902700385,0.048223533911533334,7.759315753426085e-05,5.129794529673429e-13,0.00022238422608634355,MOEMA
303987715,8728989968,0,87.4,0,5,21.40184312044578,0.046714933757923516,0.004920795915866781,1.7722509354717898e-13,0.00023291076667860164,MOEMA
303987715,303987734,0,128.117,0,6,21.094942134590656,0.04739456867386644,0.005547331710285216,2.3845124878763734e-13,0.0002642578467395577,MOEMA
303987715,8729006464,0,111.546,0,5,21.352764680668667,0.046822306086397945,0.0008129909938664347,1.5930649509492002e-13,0.0002339195228587573,MOEMA
303987719,303987786,0,134.234,0,4,20.500214316330904,0.04876952349091517,0.033621925834375434,5.335935042357442e-13,0.00018068764375337495,MOEMA
303987724,303987813,0,122.142,0,6,23.07136733819117,0.043334479010877745,0.0031266568165820513,9.844521489413836e-16,0.00025365205779946285,MOEMA
303987727,303987813,0,112.863,0,6,23.041148735533646,0.04339131243605246,0.006672316683849111,1.2097361236416858e-15,0.0002569299970923777,MOEMA
303987727,8021902784,0,118.512,0,5,23.473639091298757,0.04259184865970345,0.00460579085841426,9.56926726045098e-16,0.0002303191405646003,MOEMA
303987727,303987768,0,99.371,0,5,22.900342906129445,0.04365810973954873,0.004841581408772103,1.4445509566991583e-15,0.00023022059489397854,MOEMA
303987730,8728859791,0,7.069000000000001,0,4,22.47728246892413,0.04447982913643341,0.011275328085874085,3.0248350841057153e-14,0.00020409313555535473,MOEMA
303987730,303987734,0,113.429,0,5,21.655593656236604,0.04616754911178188,0.005813464659559443,1.303795809247043e-13,0.00023209241617041962,MOEMA
303987730,8728859792,0,5.692,0,4,22.45392198885555,0.04452610480099265,0.01502782583277725,3.524592204263155e-14,0.00020376214446476086,MOEMA
303987734,303987786,0,89.294,0,5,21.073081868838404,0.0474437336642021,0.007026928994848972,2.590637336292525e-13,0.00022287515931298748,MOEMA
303987739,1400686812,0,18.603,0,4,22.088084012001715,0.045263576647293406,0.006671390198386016,3.0160501163376134e-14,0.0002050552591032355,MOEMA
303987739,303987782,0,106.29599999999999,0,4,22.64702100300043,0.0441464545618003,0.002031319377837217,7.05464133329283e-15,0.0002111617823888152,MOEMA
303987739,8729014172,0,86.62899999999999,0,4,22.95863694813545,0.043547257876312716,0.007646516148294189,7.333366466384248e-15,0.00021147402576646152,MOEMA
303987748,303987789,0,18.265,0,4,23.28461208744106,0.04293761390203045,0.006836304610817042,3.133280419508158e-15,0.0002098001965818212,MOEMA
303987748,303987782,0,127.89,0,4,22.99421345906558,0.04347988181674139,0.0027762136901661213,3.006504367736584e-15,0.0002121529158943163,MOEMA
303987748,8728859793,0,92.187,0,4,23.266180882983285,0.04297162859248342,0.005521158495952764,5.046442868446782e-15,0.00021145541996879156,MOEMA
303987759,303987775,0,103.101,0,4,22.289541363051864,0.04485447535167255,0.0025760928301374604,6.797638201440042e-15,0.00020695509515351694,MOEMA
303987759,1400686812,0,15.443,0,4,21.879339905700814,0.04569542262143816,0.007041521140892729,3.029978978153952e-14,0.0002036793694284968,MOEMA
303987768,303987775,0,131.714,0,4,22.596870981568795,0.04424443032332104,0.0011710776253529042,1.9700812485238555e-15,0.00020262613512714116,MOEMA
303987768,303987789,0,15.888,0,4,23.090441491641663,0.04329868201225172,0.00619749288401259,2.4893594398781695e-15,0.00020310421337520565,MOEMA
303987775,8021920994,0,88.381,0,4,22.956493784826403,0.043551323344069456,0.0029397383744025037,1.6163746725981536e-15,0.0002071796297852547,MOEMA
303987789,303987793,0,116.674,0,4,23.41405915130733,0.04270022883295194,0.0017714402054388866,9.045473217858611e-15,0.0002068270527041631,MOEMA
303987808,8022013388,0,14.643,0,4,23.82618945563652,0.04196162737355293,0.0005730312589246608,3.4407878799514736e-16,0.00019947065747385573,MOEMA
303987808,8021976282,0,15.123000000000001,0,4,23.802614659237033,0.0420031873801356,0.0011970192183195824,5.065683045137198e-16,0.0002061357917539691,MOEMA
303987813,8022013388,0,119.613,0,5,23.569652807543935,0.04241834582090638,0.005873917836026433,6.092285504720987e-16,0.00022569263397856956,MOEMA
303987813,303987816,0,117.306,0,5,23.202957565366482,0.043088717498729966,0.008564431620856208,1.0307396775699999e-15,0.00021514701108757005,MOEMA
303987821,303987825,0,154.636,0,6,21.48349764252036,0.04653737954150955,0.010233958425354572,1.9766073340487934e-13,0.000260637458706305,MOEMA
303987821,5046267597,0,71.646,0,5,21.351050150021432,0.046826066008190795,0.03588116063613418,1.7670055490749148e-13,0.000237395531055092,MOEMA
303987825,8021921016,0,104.959,0,5,22.26060865837977,0.044912773905341395,0.0014944210519732867,6.43228501358535e-14,0.00023233397370977073,MOEMA
303987825,303987829,0,133.37,0,6,21.671453064723533,0.04613376318990496,0.009436254441629216,9.680801952687147e-14,0.0002628085979197163,MOEMA
303987825,8021599598,0,145.922,0,5,22.016716673810546,0.045410298841623675,0.0021049749721533213,6.189328026897906e-14,0.00023163979591550295,MOEMA
303987829,8021921012,0,111.075,0,5,22.051650235747964,0.04533836121018923,0.0050412390260692165,6.090476767163541e-14,0.00023134584560970345,MOEMA
303987829,1400686811,0,106.212,0,6,21.429918559794256,0.04665373229858389,0.008295519215192695,1.6496351892266683e-13,0.00026485188922813555,MOEMA
303987829,8021577763,0,108.43,0,5,22.033219031290184,0.04537628760687502,0.0065423770976499466,5.5657022740069025e-14,0.00023194997685650358,MOEMA
303987840,303987858,0,11.777999999999999,0,5,19.81204457779683,0.05046352887725409,0.057867587160857104,4.412879438470836e-11,0.00022808824637944076,MOEMA
303987840,9246341955,0,31.462,0,4,19.779897128161167,0.05054554516593891,0.052838392445808124,9.820293169213125e-12,0.00019081178338448655,MOEMA
303987846,303987858,0,175.12900000000002,0,5,19.61808829832833,0.05096244182743778,0.03450278188841363,8.848445558433541e-11,0.000220287472788875,MOEMA
303987846,5052154290,0,58.266000000000005,0,5,19.870981568795543,0.050313854914903255,0.014570605256739545,2.3865790642446266e-10,0.00021000493051256285,MOEMA
303987858,304693426,0,111.951,0,6,19.72224603514788,0.050693297400678086,0.05004550201730629,1.1907056921938784e-10,0.0002630282229445764,MOEMA
303987858,303987861,0,17.461,0,5,19.555507929704245,0.05112552879030314,0.04399532032192591,4.7615118669491093e-11,0.00022787135560423908,MOEMA
303987861,304465038,0,25.263,0,4,19.4659237033862,0.051360813845950586,0.02597263022969196,1.4542025102754649e-11,0.00018945965052474486,MOEMA
303987861,1393379809,0,28.504,0,4,19.546935276468066,0.051147950792711006,0.06478982329837626,3.1589433267272783e-11,0.0001959423257315972,MOEMA
303994087,303994093,0,100.825,0,5,20.235747963994857,0.0494069053166702,0.0005176737525046956,3.982096140095126e-11,0.0002281921141505724,MOEMA
303994093,303994098,0,102.393,0,5,19.578439777111015,0.051065646448392496,1.852970926191304e-05,8.506911846521807e-11,0.00022477115863627346,MOEMA
303994106,303994111,0,93.865,0,2,22.37076725246464,0.04469161349657987,0.0006805035726437564,6.147331056511234e-14,0.00011793359250828924,MOEMA
303994106,8021736183,0,93.902,0,4,22.264252036005143,0.04490542426721856,0.018578118127359787,6.828534629910093e-14,0.00021303853661934496,MOEMA
303994117,303994123,0,15.715,0,6,19.458851264466354,0.051379481248967455,0.006440463696709425,5.111360742641475e-12,0.00022580338034113403,MOEMA
303994123,1001579159,0,182.566,0,5,18.967852550364338,0.052709482057308146,0.0015148037321613909,5.098850273758067e-12,0.00020130465405894738,MOEMA
304111065,304112516,0,218.092,0,4,22.328546935276467,0.04477611940298507,0.00032635450437544343,1.048379100450281e-11,0.00018816325749690486,MOEMA
304111065,304111306,0,53.457,0,4,21.71260180025718,0.0460463325798778,0.005501239058496208,3.1167827586036054e-11,0.00018600935205081434,MOEMA
304111306,304112750,0,116.336,0,5,21.085726532361765,0.04741528266216738,0.0011159517402987127,1.245313618775106e-10,0.00021524768913854105,MOEMA
304111306,304115730,0,76.396,0,4,21.934204886412346,0.04558112267331086,0.004462185611634434,4.516055965949145e-11,0.0001822619911662878,MOEMA
304112215,304112516,0,53.413,0,5,22.907843977711103,0.043643814085772024,0.000667996018891965,1.3602663066065445e-11,0.00022271109937997723,MOEMA
304112215,304116600,0,71.126,0,5,22.860908701243034,0.043733418331474,0.004056384978798538,2.3524522625208878e-11,0.0002169851573432798,MOEMA
304112215,304115359,0,45.093,0,5,23.474496356622375,0.04259029324763539,0.0007282175739931825,1.3092838049836479e-11,0.00022417090910470557,MOEMA
304112516,477231880,0,64.025,0,4,22.858979854264895,0.04373710856928558,0.0003986203704969043,6.034136831624854e-12,0.0001889479624525832,MOEMA
304112750,304115729,0,75.318,0,6,21.079297042434632,0.047429745007930374,0.005841259223452312,1.7173608981714275e-10,0.00024269262167619617,MOEMA
304112750,317497002,0,115.592,0,6,20.263823403343334,0.0493384522638576,0.0013809265827440693,3.583025066147692e-10,0.0002462028302007678,MOEMA
304112750,1393378488,0,17.828,0,5,20.906129447063865,0.047822610407184156,0.0059876439266214245,1.7253127557091974e-10,0.0002104011478791785,MOEMA
304115359,1393378395,0,115.509,0,4,23.53450492927561,0.04248169598950934,0.00034720042729509556,8.411611046689539e-12,0.00019015191994076154,MOEMA
304115359,4264819363,0,116.95499999999998,0,4,23.923917702528932,0.041790215804136915,0.00048154081944396513,4.407699021934892e-12,0.00019438025634908776,MOEMA
304115727,304115729,0,116.13900000000001,0,6,20.89369909987141,0.047851061647348446,0.0006721652034758955,2.1435026209986807e-10,0.0002413627377176102,MOEMA
304115727,317497002,0,73.602,0,6,20.207029575653664,0.049477122796597585,0.0007025076023922781,4.009166939703062e-10,0.0002448729462421818,MOEMA
304115727,304116591,0,71.585,0,6,20.820188598371196,0.04802001091129937,0.0003615609519730782,2.0814630309569225e-10,0.00024201271425526035,MOEMA
304115727,3278570116,0,71.65799999999999,0,5,20.037719674239177,0.04989518268161205,0.0010913998755266781,3.5545249984129854e-10,0.00021686132089960083,MOEMA
304115729,304116594,0,71.164,0,6,21.705743677668238,0.046060881327817216,0.0057323971815385726,1.1206593572656294e-10,0.0002395281972094786,MOEMA
304115729,304115730,0,116.135,0,5,21.764252036005143,0.04593705687726485,0.0002946223772644173,9.236527974188447e-11,0.0002110699955981646,MOEMA
304115730,304116600,0,70.3,0,4,22.577368195456494,0.04428264955480037,0.0042690133925789905,3.4398387625152487e-11,0.0001789955191919492,MOEMA
304116591,304116594,0,116.043,0,6,21.359408486926704,0.04680774209084615,0.0006346425422205216,1.0586196893674358e-10,0.00024017817374712868,MOEMA
304116591,304116597,0,59.321,0,5,20.515430775825116,0.04873335074431966,0.0011303122649766954,1.2215602313630045e-10,0.00021452127698624304,MOEMA
304116594,304116600,0,115.892,0,5,22.234676382340336,0.044965155618957656,0.00030759317374775646,5.4099031276311136e-11,0.00020876425083648153,MOEMA
304116597,6019407349,0,61.72,0,4,20.43891984569224,0.048915778877610935,0.03845956967992938,9.833147001313172e-11,0.00018307293395490804,MOEMA
304465010,4024247137,0,51.43899999999999,0,6,17.987998285469352,0.05558070819234619,0.01895959851678942,4.5073248620365095e-06,0.0002386959879317281,MOEMA
304465011,9051297964,0,9.575,0,5,20.157951135876555,0.04959758444347576,0.0023192247354941907,3.455409185512618e-08,0.0002225276530834759,MOEMA
304465011,5046399481,0,25.034,0,5,20.188598371195884,0.049522292993630576,0.0020669890681663996,2.650198903015086e-08,0.00022549884003686356,MOEMA
304465011,304693392,0,26.784,0,5,20.186669524217745,0.04952702487498806,0.013714301067473388,2.5887470119337456e-08,0.00022409182345852104,MOEMA
304465014,304465056,0,178.463,0,6,20.809472781825974,0.04804473876638825,0.0001674622474545391,3.2289671380474455e-09,0.000262190934054558,MOEMA
304465014,5046375344,0,90.796,0,5,21.10394342048864,0.04737435387068274,0.001030483456328139,1.7399221064096286e-09,0.00022267080061291592,MOEMA
304465014,2380750797,0,31.703000000000003,0,5,20.930347192456065,0.04776727659966619,0.0008440282568801389,2.759380669738475e-09,0.00022387920792406497,MOEMA
304465014,5046399484,0,3.9029999999999996,0,5,21.17659665666524,0.047211820665924505,0.0018571401107752344,3.5330350685876724e-09,0.0002256252058990462,MOEMA
304465015,304693393,0,128.367,0,4,20.87033861980283,0.04790462205152956,0.01645623479550497,3.199885842834609e-11,0.0001969269480409688,MOEMA
304465015,2466359867,0,216.364,0,4,20.6311615945135,0.048459980262816185,0.016122236786058987,1.0809174820533626e-10,0.00019905817813612646,MOEMA
304465015,304465035,0,109.53500000000001,0,5,20.75825117873982,0.04816329059034876,0.00044656599321210425,6.168890966723588e-11,0.00022921039985574756,MOEMA
304465016,304465025,0,236.47099999999998,0,4,19.416630947278183,0.05149120289631118,0.00023810676401558257,1.884411529883075e-08,0.00018653212357949331,MOEMA
304465025,304465028,0,79.749,0,5,20.15966566652379,0.04959336628926806,0.002427855156042156,4.5824010124461554e-09,0.0002320522727090454,MOEMA
304465025,304465027,0,61.373999999999995,0,4,20.164166309472783,0.04958229704738218,0.00295965781185906,4.015360755544692e-09,0.00020032709909369027,MOEMA
304465026,304693393,0,73.443,0,4,20.997642520360053,0.047614187292676705,0.016230403963875404,1.1720957888444871e-11,0.0001998545120764604,MOEMA
304465026,304465036,0,110.835,0,5,20.86926703814831,0.04790708182714427,0.0008590836456554432,1.7615640442604093e-11,0.0002296015210025857,MOEMA
304465026,8743846002,0,72.711,0,4,21.476639519931418,0.0465522402953797,0.016966728285670675,5.056268434338659e-12,0.00021807416235763706,MOEMA
304465027,1393379932,0,35.154,0,4,20.821688812687526,0.048016551042674514,0.0055603025067685555,8.410279047610088e-10,0.00020986445152572017,MOEMA
304465027,8743596170,0,127.65700000000001,0,4,20.7426060865838,0.04819961770935579,0.002239778607033739,8.470713077917078e-10,0.00020785315042629786,MOEMA
304465028,5046375342,0,46.77,0,5,20.991427346763825,0.04762828497335266,0.0018247131195668865,1.6014411901216596e-09,0.0002302279560926533,MOEMA
304465028,304693391,0,80.434,0,5,20.804114873553363,0.04805711224657986,0.013975106725334814,1.5472068750804933e-09,0.00023310783026879353,MOEMA
304465028,2380750797,0,95.215,0,5,20.903557651093013,0.04782849409448819,0.014334119842284379,2.653120992795495e-09,0.00022823094560240454,MOEMA
304465029,1393380339,0,106.461,0,4,19.838405486498072,0.050396473867294685,0.02475870265167088,1.042386699429895e-09,0.0001963073876390147,MOEMA
304465029,304693396,0,108.916,0,4,20.225460780111444,0.04943203492561353,0.007709517159784694,8.204790456445399e-10,0.00020456391973658068,MOEMA
304465029,8723130199,0,58.412000000000006,0,4,19.604586369481353,0.050997540311560535,0.03073708172366135,3.7004067319130274e-09,0.00019003363439737555,MOEMA
304465030,304465145,0,46.808,0,4,21.29661380197171,0.04694575827714602,0.004308157403394782,6.030577906734987e-10,0.0002025933332979822,MOEMA
304465030,304465056,0,42.758,0,5,21.01007286755251,0.04758601695347485,0.0019808259200985038,2.338538774054759e-09,0.0002298891515186267,MOEMA
304465030,5046382431,0,48.854,0,4,21.445135019288468,0.046620629003727654,0.002694219726682156,9.695473280059824e-10,0.00019024685412588372,MOEMA
304465031,5046375344,0,17.211,0,5,21.253536219459924,0.04704090996178241,0.0009100403461257041,6.420520097008217e-10,0.0002210856187430936,MOEMA
304465031,1393379735,0,58.173,0,5,21.254607801114446,0.047038538326577534,0.01904483517939422,4.3746807451379533e-10,0.0002244603432018798,MOEMA
304465031,304465050,0,72.69099999999999,0,6,20.95692241748821,0.04770670348212916,0.0012257402676755476,3.5716253773631776e-10,0.0002543948820630023,MOEMA
304465031,5046382431,0,145.793,0,5,20.97278182597514,0.04767062814866287,0.01889914534032243,7.621055958369192e-10,0.00022195175675177162,MOEMA
304465033,8050222057,0,5.013,0,4,21.04136305186455,0.04751525275262531,0.036560042859217524,1.5847582758380152e-11,0.0002005029193822957,MOEMA
304465033,304465048,0,38.554,0,4,21.241320188598372,0.04706796351602228,0.004454310485198121,4.5415949621243734e-11,0.00020977347748958792,MOEMA
304465033,1393379785,0,125.30199999999999,0,4,21.45435062151736,0.046600603360437934,0.03239757529489453,2.7054638871889713e-11,0.00020936991909405026,MOEMA
304465035,304693394,0,132.57,0,5,20.883197599657095,0.047875124434273046,0.0009225478998774955,4.832963124946209e-11,0.00022401234190866706,MOEMA
304465035,2466359879,0,213.13,0,5,20.75825117873982,0.04816329059034876,0.000772225633490226,6.938441437745046e-11,0.00022855907296277192,MOEMA
304465035,304465050,0,71.679,0,6,21.040077153879125,0.047518156723335335,0.0009054079188102259,1.280369239356121e-10,0.000256617077751824,MOEMA
304465036,304465051,0,72.033,0,6,20.803686240891555,0.04805810240032966,0.0014930313237786431,4.8131437059664384e-11,0.0002527379947275959,MOEMA
304465036,304465037,0,200.59,0,6,20.423917702528932,0.04895170937480325,0.0017202518836028518,2.0736475589293567e-11,0.0002546521994885174,MOEMA
304465036,304693394,0,73.451,0,5,20.8688384054865,0.047908065808121264,0.0017858007301168692,2.4534261937001443e-11,0.00022109539350109676,MOEMA
304465037,304465052,0,72.061,0,6,20.553150450064294,0.04864391403634999,0.0009957402514620519,1.936647693335523e-11,0.00025430841320277816,MOEMA
304465037,1393379752,0,173.071,0,5,20.342906129447062,0.04914664981036662,0.0021839578578822256,1.0276143424821883e-11,0.0002223587370269065,MOEMA
304465037,304465039,0,110.363,0,6,20.335190741534504,0.04916529657265714,0.0011310071290740172,9.775110917880646e-12,0.00026303942821491325,MOEMA
304465038,1393379752,0,40.024,0,4,19.882126018002573,0.05028565268944702,0.018450494754818362,6.174002677120847e-12,0.00018824558463394637,MOEMA
304465039,5046345728,0,12.039,0,3,20.67338191170167,0.04836101262673384,0.0006805035726437564,2.830693826073062e-12,0.00014857899194185527,MOEMA
304465039,1393379577,0,86.084,0,5,20.67231033004715,0.04836351949573385,0.017614341624374537,3.0507953082046304e-12,0.00025188659957708974,MOEMA
304465040,1393379932,0,24.994,0,4,21.337976853836263,0.046854755280576116,0.006328127334309077,2.1133107273739076e-10,0.00021279342090897192,MOEMA
304465040,304693396,0,73.105,0,4,21.20145735105015,0.04715646038452985,0.0054375431829083816,2.0776511614867656e-10,0.00021154899829666657,MOEMA
304465040,1393379907,0,82.058,0,4,21.593870552936135,0.04629951268894469,0.0017526788748111995,8.644636925217976e-11,0.00021339023467237088,MOEMA
304465042,304465045,0,100.65700000000001,0,4,20.49849978568367,0.04877360265980804,0.05710068881877967,9.507023419883214e-12,0.0001950183181914718,MOEMA
304465042,8050222057,0,94.692,0,4,21.214744963566226,0.047126924475694026,0.035342409339344065,9.422698351487709e-12,0.0001924620473481116,MOEMA
304465042,304465052,0,67.561,0,5,20.74667809687098,0.048190157431511095,0.021759669207630256,1.6353498429543234e-11,0.00022402412381207943,MOEMA
304465045,1393379752,0,29.819,0,4,20.17081011573082,0.049565965766014644,0.016111813824599162,8.221483588997265e-12,0.00019409284163722935,MOEMA
304465045,1393379809,0,54.005,0,4,20.04136305186455,0.04988611209136697,0.04172728390826775,2.546527126806588e-11,0.00019908724522302458,MOEMA
304465048,1393379907,0,107.38799999999999,0,4,21.64616373767681,0.0461876615083019,0.0020109366976491126,5.991959710783056e-11,0.00021276084912486102,MOEMA
304465048,304693396,0,255.671,0,4,20.991855979425633,0.04762731245150488,0.0022057302662649735,1.8123835320605903e-10,0.0002109196127491567,MOEMA
304465050,304465051,0,206.281,0,6,20.961851693099014,0.04769548503189923,0.021338813186019056,1.2547469356504798e-10,0.0002505969584324195,MOEMA
304465050,2466359887,0,218.76300000000003,0,5,21.039434204886412,0.04751960884180503,0.021188954162363334,1.3878400341905526e-10,0.0002238012583978356,MOEMA
304465051,8743596172,0,71.247,0,5,21.007715387912558,0.047591357042296625,0.001757311302126678,6.592202052961453e-11,0.0002234714509650536,MOEMA
304465051,304465052,0,200.74,0,6,20.794042006000858,0.048080391651636176,0.02155398943482302,4.676143310501176e-11,0.0002523942084418567,MOEMA
304465052,8050222057,0,70.019,0,5,20.906558079725674,0.047821629933367506,0.0011991038106115475,1.722749046633468e-11,0.00022495266672677361,MOEMA
304465056,1393379726,0,66.557,0,5,20.234676382340336,0.04940952179208812,0.01796316340123005,7.464671514624506e-09,0.00022838360847277154,MOEMA
304465056,5046382431,0,23.338,0,5,20.76168024003429,0.04815533579701468,0.016323052510184972,2.3604623756207997e-09,0.0002249277503500645,MOEMA
304465062,304693382,0,63.2,0,4,18.380840120017144,0.0543928175829301,0.01156809749221231,1.2130811187460715e-07,0.00020387116898241508,MOEMA
304465062,304693389,0,137.508,0,4,18.19117016716674,0.054959943449575874,0.0018779860336948866,1.6607575146542346e-07,0.00020157017346276817,MOEMA
304465071,2532735411,0,140.34700000000004,0,4,20.394127732533217,0.04902321377904349,0.010004884894604172,1.1546994123967237e-06,0.00018129563334631131,MOEMA
304465071,304465073,0,132.685,0,4,20.070295756536648,0.04981419784725782,0.0070644516561043464,2.1099542031742577e-06,0.00018855626543247677,MOEMA
304465071,304465075,0,117.04,0,5,20.093870552936135,0.04975575417564368,0.0028649246732575296,2.6866568089927485e-06,0.00022012373951091672,MOEMA
304465072,304465074,0,77.563,0,5,19.020574367766823,0.05256338028169014,0.0006615106206502955,2.6033857549848733e-06,0.00023383749509378783,MOEMA
304465072,5046708003,0,128.249,0,4,19.07972567509644,0.052400422348527396,0.043363920478826215,2.053227552997367e-06,0.00020157812604143646,MOEMA
304465073,304465074,0,116.39500000000001,0,5,19.70788684097728,0.05073023260871929,0.00018946627720306083,2.6575616074856937e-06,0.00023004086284483712,MOEMA
304465073,304465085,0,131.886,0,4,20.269609944277754,0.04932436718898687,0.006958832313311442,6.698075360872808e-06,0.00019436095709263575,MOEMA
304465074,5046708006,0,96.126,0,5,19.873124732104586,0.0503084289534984,0.000921158171682852,1.9763980382330295e-06,0.00023386844994228322,MOEMA
304465074,304465075,0,131.588,0,6,19.74560651521646,0.05063332356484647,0.0012848037159478953,3.234264213309565e-06,0.00026061339137648215,MOEMA
304465075,304465082,0,114.97500000000001,0,5,19.72224603514788,0.050693297400678086,0.0016899094846864692,7.062833113467227e-06,0.00021985643072287538,MOEMA
304465075,304465076,0,190.281,0,6,20.15195027861123,0.04961235363558051,0.00014499497497446953,3.2423064908969303e-06,0.0002504504787481097,MOEMA
304465076,304465157,0,115.618,0,5,20.498714102014574,0.04877309272637929,7.319235158455651e-05,1.7326466599921753e-06,0.00021072810336828738,MOEMA
304465076,2532735411,0,119.175,0,5,20.438062580368623,0.0489178306279099,0.0005093353833368347,1.7103490943002249e-06,0.0002126151331006893,MOEMA
304465076,304465077,0,116.064,0,6,20.177239605657952,0.04955017154025088,0.00034349448544271295,3.85269343404007e-06,0.00025067185247684676,MOEMA
304465077,304465082,0,245.881,0,5,19.75825117873982,0.050600919819507116,0.0006026787937437216,7.673220056611685e-06,0.00022007377489915156,MOEMA
304465077,5046434093,0,97.351,0,5,20.422203171881698,0.048955819078602164,0.0005253172575752347,6.324459178530594e-06,0.00022479691328343172,MOEMA
304465082,8743915499,0,36.853,0,4,18.95049292756108,0.052757766644425094,0.0022884190938462605,2.7338994892002144e-05,0.00019242525628771905,MOEMA
304465085,1393381217,0,20.597,0,4,20.76789541363052,0.048140924429584224,0.015532528788798605,2.414067041633231e-05,0.00018902954777721764,MOEMA
304465085,8027382399,0,111.20100000000001,0,4,21.119159879982856,0.047340220413630736,0.008914643125906363,1.2985829666557739e-05,0.00019943798760903872,MOEMA
304465087,304465088,0,81.19,0,2,20.311187312473212,0.049223399316253746,0.0006805035726437564,1.0627989742520309e-08,0.00011950358790529103,MOEMA
304465087,2583653816,0,90.53800000000001,0,4,19.45049292756108,0.05140156022742298,0.05783932935423269,2.3639500127558094e-08,0.00020598676837917053,MOEMA
304465087,304693398,0,116.205,0,4,20.13930561508787,0.049643503245716716,0.057271857008086596,4.283469542069694e-08,0.00020290019392682393,MOEMA
304465094,2466359864,0,183.327,0,5,19.741320188598372,0.05064431730591773,0.01601105853048751,1.6357639578302068e-09,0.00025709389944127527,MOEMA
304465095,2466359869,0,43.749,0,4,18.319117016716675,0.054576084794740104,0.006503696329565703,2.6718398610203934e-08,0.0002188875335486682,MOEMA
304465095,304465106,0,143.225,0,4,18.831118731247322,0.05309220859035349,0.005916536167328833,9.47473869908098e-09,0.0002295867436804937,MOEMA
304465106,1393379424,0,43.658,0,2,19.670595799399916,0.05082640576141551,0.0006805035726437564,1.8951108099154292e-09,0.00012883341735342771,MOEMA
304465121,1393379645,0,40.566,0,4,19.651093013287614,0.05087684858002879,0.024864785237195333,1.7741019415928325e-08,0.00022824611619541108,MOEMA
304465121,2513875329,0,122.525,0,4,18.960994427775397,0.052728546884890135,0.0309399820400793,8.517466746058012e-08,0.00020645586665055365,MOEMA
304465145,2466359907,0,48.095,0,4,21.147878268324046,0.047275933357655356,0.024671381396774116,2.8658268067289763e-10,0.00022504318141846794,MOEMA
304465145,2466359887,0,56.045,0,4,21.371195885126447,0.0467819250285806,0.022477000577432064,1.7723752067155042e-10,0.00020237926471504446,MOEMA
304693382,304693388,0,184.262,0,4,18.325975139305616,0.054555660807634285,0.0004965962082192695,7.455042882064057e-08,0.00020971626380853967,MOEMA
304693388,304693389,0,136.05100000000002,0,4,18.236176596656666,0.0548243036784581,0.015735429105216553,1.1931806841093538e-07,0.0002074152682888928,MOEMA
304693388,8693966316,0,125.48300000000002,0,4,18.238105443634804,0.05481850550535259,0.015909608372278537,1.2548675498572594e-07,0.00021212768158751098,MOEMA
304693391,8743596171,0,42.306,0,4,21.226103729104157,0.0471017053543482,0.03245154307311986,3.7992663339568093e-10,0.00019921957520215174,MOEMA
304693391,1393379735,0,104.547,0,4,21.430775825117873,0.046651866074642986,0.018174865329547405,4.603242687612766e-10,0.0001927875307697825,MOEMA
304693392,2380750797,0,51.489000000000004,0,4,20.945777968281185,0.047732086398657565,0.013597563899123337,6.103873397146337e-09,0.00018714034617123222,MOEMA
304693392,5046399484,0,41.02,0,4,20.950921560222888,0.04772036785089559,5.095670047026086e-06,6.877527800917001e-09,0.00018880853922797922,MOEMA
304693393,304693394,0,110.365,0,4,20.990141448778395,0.047631202777210536,0.0005482477727868521,1.8639578432565e-11,0.0001920294239086613,MOEMA
304693419,304693470,0,58.942,0,5,19.95777968281183,0.05009503559807996,0.023989256474569943,5.3679987701665766e-09,0.00020975930443252661,MOEMA
304693419,304693421,0,138.471,0,6,19.74174882126018,0.050643217716984205,0.036640647094506845,4.875752208078347e-09,0.000252326027260915,MOEMA
304693419,8723130199,0,30.906999999999993,0,5,19.64852121731676,0.05088350785340314,0.03660405091871457,6.729922995744734e-09,0.00021367395548780818,MOEMA
304693420,304693553,0,19.744999999999997,0,4,25.921988855550794,0.038569019115020836,0.0033485500849934602,2.6531584352663427e-13,0.00019606639239618987,MOEMA
304693420,13427163465,0,25.856,0,4,25.65816545220746,0.03896559500839452,0.022787836450300657,1.66160622705585e-13,0.00020311416203508252,MOEMA
304693421,1393380339,0,13.148,0,5,19.870124303471925,0.05031602562719762,0.0012681269776121736,1.5407078212348325e-09,0.00022712573412961854,MOEMA
304693421,304693423,0,136.955,0,5,20.164809258465496,0.04958071613047221,0.03661099955968778,1.4409109602288224e-09,0.0002250009853918199,MOEMA
304693421,304693468,0,59.683,0,5,20.278396913844833,0.04930299411323307,0.0013718933494788867,1.8193602871664137e-09,0.00022095699436813787,MOEMA
304693422,4358353966,0,48.528,0,4,26.627303900557223,0.037547386975523775,0.002709738358189008,2.4068585721007335e-13,0.00018776211414636918,MOEMA
304693422,304693549,0,71.744,0,5,25.96849549935705,0.038499946355916116,0.0005651561324883477,8.173481331460833e-13,0.00020981491113121568,MOEMA
304693422,304693552,0,135.377,0,5,26.62280325760823,0.037553734443174315,0.002509617498160347,3.000267306987665e-13,0.0002197093381625132,MOEMA
304693423,304693463,0,49.576,0,4,20.58101157308187,0.04857806333371516,0.0006063847355961042,4.134722529613079e-10,0.00018897623719433464,MOEMA
304693423,304693622,0,70.91,0,4,20.159879982854694,0.049592839070439904,0.03619361785856319,3.6307942732743796e-10,0.00018976372940836375,MOEMA
304693425,304693552,0,71.566,0,6,26.282683240462923,0.03803971133852489,0.003210503750992208,4.664683101725932e-13,0.0002462632055869193,MOEMA
304693425,304693540,0,71.541,0,6,25.588084012001715,0.03907231519171818,0.003390705173564312,8.002917390852381e-13,0.00023697417047802323,MOEMA
304693425,304693548,0,113.899,0,6,25.881054436348048,0.03863002128170519,0.001126374701758539,4.814032272024723e-13,0.0002357130064239133,MOEMA
304693425,304693549,0,135.276,0,6,25.754607801114446,0.03881968195321667,0.0016220444245147127,9.837804559635168e-13,0.0002359859536957488,MOEMA
304693426,304693622,0,44.591,0,5,20.078011144449206,0.049795055719226336,0.04800283319254615,1.772592817351374e-10,0.00022732638004663888,MOEMA
304693426,304693473,0,91.732,0,5,20.115945135019288,0.04970115383386071,0.0017188621554082083,2.1471765126570456e-10,0.0002243552211278789,MOEMA
304693426,1393379920,0,57.675999999999995,0,5,19.839691384483498,0.05039320744933673,0.0004850151399305738,1.72537658074796e-10,0.00022959040803659356,MOEMA
304693427,307825576,0,118.58099999999999,0,5,26.336690955850838,0.03796170465549651,0.004416092959845425,1.0397962473921527e-13,0.00021354346491897985,MOEMA
304693427,304693548,0,72.15100000000001,0,5,26.367766823831975,0.03791696469211262,0.001966928638152069,2.1278552160560149e-13,0.00020562218798484094,MOEMA
304693427,304693552,0,113.555,0,5,26.745820831547363,0.037381005801468,0.0026367776279702256,1.9784929019388903e-13,0.00021576837755419258,MOEMA
304693428,2552447712,0,5.876,0,4,23.723960565795114,0.04214244417142444,0.006211158544593251,2.4782233702593962e-12,0.00020613294043613683,MOEMA
304693428,304693632,0,48.653999999999996,0,4,23.62430347192456,0.042320218450345184,0.003884058682662747,4.1768886798394525e-12,0.0002001304391833439,MOEMA
304693428,2552447688,0,86.96600000000001,0,4,23.094727818259752,0.04329064587973274,0.003865992216132382,9.76178220016539e-12,0.00021148106982336347,MOEMA
304693429,2552447744,0,7.079,0,4,24.817616802400345,0.040285321980327984,0.02750411070018907,6.481323789605846e-13,0.00019547580778760988,MOEMA
304693429,304693633,0,52.828,0,4,24.79039862837548,0.040329552527837334,0.027080475222188587,4.0869733723571235e-13,0.00019665654058531232,MOEMA
304693429,2552447712,0,116.806,0,4,24.368624089155595,0.04102758038415535,0.001935659753772591,7.025664018919265e-13,0.0002022416835273265,MOEMA
304693431,304693532,0,84.165,0,6,24.579297042434632,0.040675926652541265,0.01667812806391638,4.583595545126967e-13,0.00025214107815531804,MOEMA
304693431,304693511,0,74.334,0,6,24.02957565366481,0.04160646438700701,0.018244814982011127,7.851472456961118e-13,0.0002541721826111195,MOEMA
304693431,304693517,0,79.70600000000002,0,5,24.757608229747106,0.04038296730407985,0.001725115932284104,4.18779866154542e-13,0.00022096676494841934,MOEMA
304693431,304693520,0,114.63000000000001,0,6,24.574367766823833,0.04068408567641108,0.0010283988640361738,1.1485316478304887e-12,0.00025231494120463665,MOEMA
304693432,5052150669,0,8.581,0,4,22.69952850407201,0.04404433702179085,0.004323676034901634,1.6670676895626126e-11,0.00021354315185859602,MOEMA
304693432,1399167284,0,108.178,0,2,23.45049292756108,0.04263388777188814,0.0006805035726437564,3.327271002003173e-12,0.00012438731364583427,MOEMA
304693432,304693567,0,65.467,0,4,23.013501928846978,0.04344343971466088,0.0037200707556948164,4.14025269071884e-12,0.0002173802429538667,MOEMA
304693434,1393379973,0,11.181000000000001,0,5,20.474067723960566,0.04883180504961688,0.005359950025374121,4.114574736085126e-11,0.0002175541779035624,MOEMA
304693434,304693501,0,53.89999999999999,0,5,20.60780111444492,0.048514913265942844,0.005320111150461007,1.0258908807490565e-10,0.00020839616475460619,MOEMA
304693435,5052154290,0,118.73700000000001,0,6,20.09022717531076,0.04976477741863219,0.01775377768657043,4.205733005179971e-10,0.00023465659756850946,MOEMA
304693435,304693501,0,111.44500000000001,0,5,20.499785683669096,0.04877054321916949,0.0044640964879020684,3.0351635943200456e-10,0.00019826957985438206,MOEMA
304693435,304693436,0,116.741,0,6,20.25675096442349,0.049355678283501556,0.003783361293892538,7.488994432189577e-10,0.00022565968235044862,MOEMA
304693435,304693491,0,116.002,0,6,20.333690527218174,0.04916892397525217,0.017123535950299612,4.597640932748017e-10,0.00022500866408171433,MOEMA
304693436,304693492,0,115.81400000000001,0,6,20.39027003857694,0.04903248862215028,0.004381812997710886,9.60317671261548e-10,0.0002200281502560089,MOEMA
304693436,304693437,0,113.88199999999999,0,6,20.27903986283755,0.049301430956859925,0.0037432907976136516,1.5700717657099793e-09,0.0002204506633913248,MOEMA
304693436,304693478,0,117.553,0,6,20.146806686669525,0.04962501994574757,0.004481178563627895,9.698497274842145e-10,0.0002312665817798586,MOEMA
304693437,304693493,0,116.943,0,6,20.4804972138877,0.04881647516795379,0.0015833636564304692,1.872882399391051e-09,0.00021689046422244344,MOEMA
304693437,304693480,0,115.243,0,6,20.237033861980283,0.04940376591193103,0.0019173616658764519,2.159942119179292e-09,0.00022185579748786928,MOEMA
304693437,304693438,0,136.292,0,6,20.323189027003856,0.04919433078837474,0.0037511659240499645,3.1083347053945824e-09,0.00021742701226384268,MOEMA
304693438,304693481,0,115.878,0,6,20.269181311615945,0.049325410252072405,0.0020644412331428867,4.389176328913536e-09,0.00021861252394385187,MOEMA
304693438,304693439,0,136.03500000000003,0,6,20.25203600514359,0.049367168980697596,0.004096281759053095,5.995890855376489e-09,0.00021774555294615217,MOEMA
304693438,304693494,0,116.375,0,6,20.51264466352336,0.04873996990972919,0.0015270796645474084,3.453535735338885e-09,0.00021702394086119852,MOEMA
304693439,304693495,0,115.66999999999999,0,6,20.30968709815688,0.04922703529784203,0.010698996222487146,6.100474633348341e-09,0.00022059185832866304,MOEMA
304693439,304693482,0,116.13199999999999,0,6,20.060008572653235,0.04983974358974359,0.010235116532183442,8.809463346344495e-09,0.00021883178639792243,MOEMA
304693440,304693478,0,50.679,0,5,20.44470638662666,0.04890193406363017,0.016351541938175163,5.855238091156707e-10,0.00022236582271080517,MOEMA
304693440,5501984465,0,89.61800000000001,0,2,21.229961423060438,0.047093146508646364,0.0006805035726437564,1.4841105138760673e-10,0.00011171039851035087,MOEMA
304693440,304693441,0,8.012,0,4,20.61123017573939,0.04850684190824772,0.016578994119365146,3.4273330866045387e-10,0.0001953663349173464,MOEMA
304693441,304693449,0,127.23899999999999,0,5,20.362837548221176,0.049098544409712355,0.015050293105257318,1.065530168416986e-09,0.00021477088563428258,MOEMA
304693441,304693473,0,80.778,0,4,20.470210030004285,0.04884100760097996,0.0016597987071358606,3.4420671992439333e-10,0.00018587341475262556,MOEMA
304693449,8050237373,0,65.125,0,6,20.361123017573938,0.049102678806378613,0.0016565560080150257,1.251229781977806e-09,0.0002466925626454042,MOEMA
304693449,304693480,0,112.013,0,6,20.3107586798114,0.049224438113327,0.0019398289383565214,1.9578570368009147e-09,0.00023287998348216682,MOEMA
304693449,304693457,0,136.832,0,6,20.208529789969997,0.04947344977888072,0.015540635536600692,2.768475446410798e-09,0.00023576472288238217,MOEMA
304693451,304693483,0,115.977,0,6,19.46356622374625,0.05136703480625874,0.020269185718875125,2.0287289706958842e-08,0.00021955987431051724,MOEMA
304693451,304693454,0,136.328,0,6,19.714744963566226,0.0507125852004044,0.010718510322553597,1.4652569580484138e-08,0.00022418067208310844,MOEMA
304693454,304693482,0,115.977,0,6,19.984997856836692,0.05002680965147453,0.010608721795176763,9.262509449631192e-09,0.00022326530772209108,MOEMA
304693454,304693457,0,136.88,0,6,20.00192884697814,0.04998446356437977,0.023507484033760205,6.311162781203971e-09,0.00022949259889456277,MOEMA
304693454,304693470,0,58.155,0,5,20.19224174882126,0.049513357462029145,0.02376134105064841,6.060441233949132e-09,0.0002012874242261022,MOEMA
304693457,304693465,0,43.425,0,5,20.395199314187742,0.049020638056407884,0.011819406674077005,2.4786215348250395e-09,0.00020449760115289931,MOEMA
304693457,304693481,0,115.809,0,6,20.234247749678527,0.04941056845985193,0.002153383837600069,4.251402147103965e-09,0.00022592604856809377,MOEMA
304693463,8050237373,0,5.554,0,5,20.771538791255892,0.048132480396203055,0.012298862901229005,5.428407984213654e-10,0.00022154402532158338,MOEMA
304693463,304693622,0,88.18800000000002,0,4,20.57715387912559,0.04858717048732984,0.011796707780231163,2.3928682195668623e-10,0.000189262305541181,MOEMA
304693465,304693468,0,14.091,0,4,20.797256750964422,0.04807295960428689,0.002214531878164382,1.210456650455885e-09,0.00017897033390870416,MOEMA
304693465,8050237373,0,141.005,0,5,20.535147878268322,0.048686558752622185,0.010510977578820172,9.61375865821463e-10,0.00021494416659962934,MOEMA
304693468,304693470,0,137.889,0,4,20.40870124303472,0.048988207126130195,0.000529949684890713,2.311606850985976e-09,0.00017773615998700174,MOEMA
304693473,8050237373,0,123.69999999999999,0,5,20.558508358336905,0.048631236578195694,0.00015402820823965215,5.299063397092043e-10,0.0002194049530213358,MOEMA
304693478,304693480,0,115.666,0,6,20.01885983711959,0.04994218910585817,0.01248786593570052,1.5597200849921752e-09,0.00023267171587640302,MOEMA
304693478,5052154290,0,112.50300000000001,0,6,19.993356193741963,0.05000589565758021,0.024568078267638953,6.415235874259937e-10,0.00024026349699791944,MOEMA
304693480,304693481,0,136.222,0,6,20.0630090012859,0.049832290042087724,0.012398691709877563,3.440783741221021e-09,0.00022304130916787847,MOEMA
304693481,304693482,0,136.056,0,6,19.989284183454778,0.050016082341588934,0.01289992034541231,7.202748818580499e-09,0.00021969875739562213,MOEMA
304693482,304693483,0,137.914,0,6,19.732747535362194,0.05066631911635333,0.012556425859969597,1.4897229580849271e-08,0.00021864450994949988,MOEMA
304693487,304693576,0,110.232,0,5,21.835833690527217,0.04578646722807844,0.029305661683178566,5.692995686731633e-11,0.0002166000031005695,MOEMA
304693487,304693502,0,106.84,0,6,21.28054007715388,0.046981217583966964,0.0017262740391129736,1.2988722360303525e-10,0.00024284674487531368,MOEMA
304693487,304693606,0,204.04699999999997,0,5,21.921131590227176,0.04560830628446287,0.04095135233292514,4.1060765126006065e-11,0.00022284860021121622,MOEMA
304693487,1393380081,0,63.398,0,5,21.483283326189454,0.046537843796450554,0.07075476833115185,4.207996522938033e-11,0.00021746291503276432,MOEMA
304693491,304693502,0,114.161,0,6,20.78739819974282,0.048095758500525804,0.0009653978525456694,3.2280595939957683e-10,0.00022733456199914713,MOEMA
304693491,304693492,0,114.858,0,6,20.548006858122587,0.048656090616101884,0.0008817825395012868,6.711823224829079e-10,0.0002193771319872746,MOEMA
304693491,304693578,0,115.999,0,6,20.652164594942136,0.048410697051772984,0.01705335467647012,4.0867938578613915e-10,0.00022148660808999428,MOEMA
304693492,304693493,0,114.095,0,6,20.570295756536648,0.04860336941686375,0.0007849648086077912,1.2631283099570485e-09,0.00021646795108712754,MOEMA
304693492,304693579,0,116.388,0,6,20.676168024003427,0.048354495983415395,0.00423172235268939,7.833052234275692e-10,0.00021679743404491396,MOEMA
304693493,304693494,0,135.51399999999998,0,6,20.614444920702958,0.048499277449135535,0.0007106143501943651,2.218083420472011e-09,0.00021648739281979927,MOEMA
304693493,304693580,0,117.03,0,6,20.76639519931419,0.048144402245706736,0.0014566667693521388,1.3946357892489212e-09,0.00021593380519169177,MOEMA
304693494,304693495,0,136.405,0,6,20.547363909129874,0.04865761311721634,0.0019200832169242953,3.558119484091523e-09,0.0002198702462437094,MOEMA
304693494,304693581,0,115.762,0,6,20.79854264894985,0.04806998742864209,0.0028055716982779647,2.3310007222793067e-09,0.00021790026552339536,MOEMA
304693495,304693496,0,140.18099999999998,0,5,20.304972138876984,0.04923846616636585,0.0002818832021468521,4.532413181963248e-09,0.0001920312356764811,MOEMA
304693495,304693582,0,116.537,0,6,20.603514787826832,0.04852500624115836,0.00881852025911019,3.6192310087947026e-09,0.0002235105219702324,MOEMA
304693496,2552447617,0,116.551,0,5,20.219674239177024,0.04944618156765064,0.016862035428340867,4.997702274822152e-09,0.00019474235130435851,MOEMA
304693497,304693592,0,117.743,0,5,23.244320617231033,0.04301204152759593,0.03805145283343575,1.878307585711612e-12,0.00020834521069775148,MOEMA
304693497,1389167638,0,21.25,0,4,23.747749678525505,0.04210022832492532,0.09981676433753625,5.051160192220126e-13,0.0001779052847182865,MOEMA
304693501,304693502,0,116.081,0,5,20.882768966995286,0.04787610710290541,0.0028670671708909386,1.665582282537294e-10,0.00020050096815537553,MOEMA
304693502,304693577,0,116.045,0,6,21.26403771967424,0.04701767824386704,0.0023132604853255126,1.829623451962363e-10,0.00023393969506830967,MOEMA
304693503,304693591,0,115.848,0,4,24.04607801114445,0.041577910676565744,0.005087563299223999,7.796896753205843e-13,0.00019637458294756758,MOEMA
304693503,304693506,0,113.157,0,5,23.605015002143162,0.04235479975667553,0.005526949030097112,1.778337863030886e-12,0.0002307884939281107,MOEMA
304693503,5052199157,0,100.731,0,4,23.771324474924988,0.04205847615784776,0.0011282276726847303,1.7358966130919618e-12,0.00019830183631613073,MOEMA
304693504,1389167638,0,112.76399999999998,0,5,24.15816545220746,0.04138500026614148,0.0744069740266749,2.0957771529742562e-13,0.00022327404906995435,MOEMA
304693504,304693510,0,125.513,0,5,24.43334762108873,0.04091889900531551,0.07683343945452242,1.4578695297748502e-13,0.00023163958460173698,MOEMA
304693504,304693591,0,64.164,0,5,24.38491213030433,0.04100017577781684,0.006434441541199303,3.641224761350632e-13,0.0002320446615875226,MOEMA
304693506,5052199154,0,100.833,0,5,23.13073296185169,0.043223259951078494,0.022249085153510536,5.276554684375948e-12,0.00022459254758520376,MOEMA
304693506,304693511,0,116.52799999999999,0,6,23.579939991427345,0.04239984003490148,0.017653485635190327,1.7027939360087443e-12,0.00026103281094468317,MOEMA
304693506,304693636,0,54.238,0,5,23.80818688384055,0.04199335667797892,0.009754733819568345,1.6279563139341773e-12,0.00023010352359342714,MOEMA
304693507,304693632,0,66.259,0,5,23.865195027861123,0.04189304476673701,0.0037900204081585385,1.0432198864476074e-11,0.00022258338345680818,MOEMA
304693507,5078801976,0,116.539,0,5,23.150235747963993,0.043186846758440645,0.0019442297443062256,2.8950510584069973e-11,0.00021007537511621342,MOEMA
304693507,304693512,0,116.537,0,6,23.72953279039863,0.04213254818373945,0.0020788017578208693,1.2265944171968382e-11,0.0002498699439470761,MOEMA
304693507,304693627,0,64.792,0,5,23.69609944277754,0.042191993922182223,0.00596841935326219,1.6403561791658925e-11,0.00021268207543626163,MOEMA
304693508,304693627,0,69.684,0,5,23.595370767252465,0.042372111611684346,0.005151722417543373,3.767971020646081e-11,0.00020427656182502068,MOEMA
304693508,304693509,0,136.534,0,6,22.980282897556794,0.04350623915841307,0.0035549247218980167,8.942523920380304e-11,0.00023262950662542844,MOEMA
304693508,304693601,0,116.473,0,6,22.879339905700814,0.04369818743852747,0.002420443272337391,7.23810291040167e-11,0.00023469935826872973,MOEMA
304693508,304693513,0,116.647,0,6,23.446420917273898,0.04264129212712864,0.0006165760756901564,4.419295341012964e-11,0.0002337492018778752,MOEMA
304693509,304693625,0,141.621,0,5,22.735747963994857,0.04397417165480511,0.00899849006031652,1.2580411756336804e-10,0.00019989381093905303,MOEMA
304693509,304693514,0,116.42399999999999,0,6,23.16845263609087,0.04315288980981277,0.005745599599387686,8.247546859472143e-11,0.00023368679029806423,MOEMA
304693509,304693602,0,116.17399999999999,0,6,22.65645092156022,0.04412808021567422,0.015825298195136832,1.9678895431462758e-10,0.00023073399424387153,MOEMA
304693510,304693556,0,124.073,0,4,24.37483926275182,0.04101711904196671,0.021834946151506777,1.387029300378959e-13,0.0001950111508691615,MOEMA
304693510,304693515,0,121.772,0,4,24.707243891984568,0.04046528572915582,0.054752048169832195,5.546348334396792e-14,0.00020050030650344176,MOEMA
304693511,304693633,0,55.743,0,5,24.23596228032576,0.04125215545828359,0.022020474865491683,6.401810299549828e-13,0.000226331649793158,MOEMA
304693511,304693556,0,113.898,0,5,23.986498071153022,0.0416811858364382,0.021875711511882986,5.421547887797557e-13,0.00022695534579905057,MOEMA
304693512,304693626,0,66.188,0,5,24.256536648092585,0.04121716542529223,0.02127859163091784,9.132359961107223e-12,0.000211072592745612,MOEMA
304693512,304693521,0,73.739,0,6,24.220102871838833,0.04127916751466671,0.00428615337364626,6.513970232829997e-12,0.00024715515946197784,MOEMA
304693512,304693628,0,65.7,0,5,24.447706815259323,0.04089486556853945,0.024460142711188307,5.286388573341415e-12,0.00021914728423760843,MOEMA
304693513,304693514,0,136.042,0,6,23.53986283754822,0.04247202673051886,0.02302663807841356,3.724318335754804e-11,0.00023480648555051099,MOEMA
304693513,304693522,0,74.19800000000001,0,6,24.012430347192456,0.04163617214972957,0.002171913546861982,1.9898415689453703e-11,0.00023450495257756936,MOEMA
304693513,304693626,0,69.006,0,5,24.15580797256751,0.04138903922421059,0.022120766916871787,1.978322514879876e-11,0.0002040466111639474,MOEMA
304693514,304693527,0,116.061,0,6,23.728246892413203,0.042134831460674156,0.004918016459477495,2.9492864005415233e-11,0.00023758888605156188,MOEMA
304693514,4085223744,0,62.25,0,5,23.398414059151307,0.0427287798712183,0.022659981456393457,3.709952728784738e-11,0.00020847059513402516,MOEMA
304693515,304693555,0,87.217,0,4,24.94427775396485,0.040080762952143655,0.0057981776494183635,4.090606563959767e-14,0.00020427174155257397,MOEMA
304693516,304693555,0,17.138,0,4,25.24517788255465,0.03960303580827546,0.005802810076733843,5.469937020652295e-14,0.000201375140091775,MOEMA
304693516,304693529,0,29.617,0,4,25.94706386626661,0.038531746359513994,0.004676435374975303,7.074896638020044e-14,0.00019517990882385994,MOEMA
304693516,304693517,0,29.332,0,4,25.462494642091727,0.039265032657733484,0.001253766452934191,1.0634518537513382e-13,0.00019481384182803128,MOEMA
304693517,304693529,0,31.542,0,4,25.576082297471068,0.03909065008630947,0.00040186306961773906,1.2093258174460745e-13,0.00019060406789708176,MOEMA
304693520,8742952027,0,74.60600000000001,0,5,25.101800257179598,0.03982924226254002,0.0030807957861588168,9.781332192660127e-13,0.00022682422947799036,MOEMA
304693520,2552447744,0,74.211,0,5,25.096870981568795,0.03983706512271353,0.0033988119213663993,1.2430031259246212e-12,0.00022330669236974709,MOEMA
304693520,304693521,0,113.941,0,6,24.623446206600942,0.040602995830903536,0.0009179154725620172,3.300163496646195e-12,0.0002501715108228858,MOEMA
304693521,8740299733,0,74.314,0,5,24.856836690955852,0.04022175854874032,0.0019426083947458083,3.0397797171044803e-12,0.00022091720921441971,MOEMA
304693521,304693522,0,134.513,0,6,24.324474924989286,0.04110204585102821,0.0032304231884487645,7.717859349286591e-12,0.00024051869449592193,MOEMA
304693522,304693534,0,84.139,0,6,24.665666523789113,0.04053349552524112,0.00015495469370274779,7.541731028494021e-12,0.0002382255995222656,MOEMA
304693522,304693526,0,101.904,0,5,24.660951564509215,0.040541245176765044,0.002758842087733078,7.978362241497749e-12,0.0002018704242672847,MOEMA
304693526,304693527,0,47.859,0,5,24.39069867123875,0.04099044874216876,0.01074885272146998,9.675010291651328e-12,0.00020384914398563324,MOEMA
304693526,304693534,0,101.35,0,5,24.95863694813545,0.04005770370179551,0.007958973370723198,5.068647103792474e-12,0.00020474828748077116,MOEMA
304693527,304693545,0,71.11,0,5,24.373553364766394,0.04101928301986336,0.0054433337170527295,8.678038598166709e-12,0.0002100010926008592,MOEMA
304693527,304693542,0,117.447,0,6,24.327903986283754,0.04109625244463238,0.0012213394617258432,9.295758053868121e-12,0.00023846709414219634,MOEMA
304693529,304693532,0,77.494,0,5,25.373981997428203,0.03940200177372355,0.004638681092354155,1.605131568922879e-13,0.00022330355479508395,MOEMA
304693532,304693538,0,74.843,0,6,25.12237462494642,0.0397966234719035,0.016254724207281666,2.08768774144213e-13,0.0002493516451950294,MOEMA
304693532,8742952030,0,106.258,0,5,25.37226746678097,0.03940466436348586,0.00594178289619819,1.4516141380127967e-13,0.0002264433578823197,MOEMA
304693534,304693541,0,74.805,0,6,25.228889841405916,0.039628603951817054,0.0010126486111635476,3.681949900493932e-12,0.00023648025044453687,MOEMA
304693534,8740299743,0,133.591,0,5,25.42327475353622,0.039325605900948364,0.007656707488388242,2.825483043015889e-12,0.0002177911744051976,MOEMA
304693538,304693547,0,70.849,0,6,25.456708101157307,0.039273957956238795,0.016288540926684657,1.6179672214232724e-13,0.0002439666999918779,MOEMA
304693538,304693539,0,114.05900000000001,0,6,25.31204457779683,0.0394984166765448,0.0014142800594155128,2.667692534645182e-13,0.00024296071360256866,MOEMA
304693539,304693548,0,71.53,0,6,25.67188169738534,0.03894477605710231,0.002196697032999791,3.262882159397239e-13,0.00023887970326949613,MOEMA
304693539,8742952029,0,65.63799999999999,0,5,25.84312044577797,0.038686724606913026,0.003330483618463095,2.133579453324717e-13,0.00021893515166598252,MOEMA
304693539,304693540,0,113.809,0,6,25.314830690098585,0.03949406954004013,0.0014339678755062952,6.451855831180993e-13,0.00024014086732360607,MOEMA
304693540,8740299735,0,65.392,0,5,25.759108444063436,0.03881289936102236,0.003079406057964173,5.933722653027602e-13,0.00021680492906647037,MOEMA
304693540,304693541,0,135.336,0,6,25.19181311615945,0.03968692841039602,0.000771994012124452,1.8352720080472654e-12,0.00023530749656069277,MOEMA
304693541,304693549,0,71.488,0,6,25.2766823831976,0.03955367514265607,0.0009121249384176694,2.0187587368885837e-12,0.00023431927977841835,MOEMA
304693541,304693542,0,136.746,0,6,24.88019717102443,0.040183993591234465,0.0005213796943570781,3.7393210069993306e-12,0.00023465002599153616,MOEMA
304693542,304693544,0,70.578,0,5,25.00107158165452,0.03998971325703999,0.0005987412305255651,3.2668637966472005e-12,0.00020973568872181375,MOEMA
304693542,304693550,0,71.275,0,6,24.883840548649808,0.0401781100354842,0.0012871199296056344,3.289475051268648e-12,0.00024115734502995332,MOEMA
304693544,304693545,0,116.549,0,4,25.031933133304758,0.03994041044871959,0.0002388016281129043,2.649146978603305e-12,0.0001798645218838712,MOEMA
304693544,1378100585,0,58.9,0,4,25.225675096442348,0.03963365419742912,0.0008426385286854955,1.4593319639398962e-12,0.00018195664825518363,MOEMA
304693545,304693638,0,68.943,0,5,24.61251607372482,0.04062102715034569,0.005226304497322573,3.1651910264157854e-12,0.00022181292080004618,MOEMA
304693546,304693547,0,118.304,0,5,25.939562794684957,0.03854288877505494,0.001658408978941217,8.942148368514491e-14,0.00021677866111692465,MOEMA
304693547,304693548,0,114.567,0,6,25.881697385340765,0.03862906164088636,0.0011620443920877215,2.2131852693914265e-13,0.0002398856896588054,MOEMA
304693547,307825576,0,78.54299999999999,0,6,25.885340762966138,0.03862362457671323,0.015453545903069701,1.1250917444706844e-13,0.00024818724411559474,MOEMA
304693549,304693550,0,135.90200000000002,0,6,25.437205315045006,0.03930406942455135,0.0014436959728687997,1.5688989135507053e-12,0.00024082659881683556,MOEMA
304693550,304693639,0,129.87,0,6,25.052293184740677,0.03990795079302616,0.0014223868072175997,1.5864214052900581e-12,0.000252961618397446,MOEMA
304693550,304693553,0,73.962,0,5,25.52464637805401,0.03916942349997481,0.0006904632913720347,1.1171510171232673e-12,0.0002188107227130507,MOEMA
304693552,5191172621,0,55.558,0,3,27.1941705957994,0.03676470588235294,0.0006805035726437564,1.5417089009832445e-13,0.00014108624886703924,MOEMA
304693553,4358353966,0,87.613,0,4,26.08101157308187,0.038333853764359785,0.002675226774688695,2.7721391941209136e-13,0.0001928191285691588,MOEMA
304693555,304693556,0,116.425,0,4,24.592156022288897,0.04065465763810819,7.041289519526955e-05,1.2414404987991195e-13,0.0001987825859182936,MOEMA
304693557,304693558,0,63.774,0,4,22.52271753107587,0.044390100008564005,0.0016266768518301909,2.755788158828146e-13,0.00019052289615983838,MOEMA
304693557,1550389901,0,46.26,0,5,22.325332190312903,0.04478256695785735,0.04610770717778399,2.4160208669584483e-13,0.00021826880699042113,MOEMA
304693557,304693561,0,105.473,0,5,22.647235319331333,0.04414603679309562,0.04744624705059143,6.374400990650866e-13,0.00021882830175746007,MOEMA
304693558,304693605,0,141.468,0,4,22.192884697813973,0.045049830037082815,0.002794280156696486,4.873939338453806e-13,0.00019895227298767832,MOEMA
304693558,1389167599,0,34.113,0,4,22.319759965709387,0.04479374711937317,0.004654894587958329,3.572278409123315e-13,0.00019503673230653165,MOEMA
304693560,304693562,0,115.957,0,5,22.181954564937847,0.04507202828958174,0.04059326570143867,2.1706322532379546e-12,0.00021929442626141004,MOEMA
304693560,304693605,0,90.925,0,4,22.02378911273039,0.04539571635705458,0.0030282177361281386,1.1374258619209982e-12,0.00019580927564137623,MOEMA
304693560,304693566,0,119.148,0,5,22.523146163737678,0.044389255231081046,0.042859912386902184,3.1778505180198062e-12,0.00024208379560555017,MOEMA
304693561,304693562,0,215.626,0,6,22.498285469352766,0.04443830553359307,0.0026812489301988166,1.8824704347881825e-12,0.00024921850306207523,MOEMA
304693561,304693609,0,141.166,0,5,22.90634376339477,0.0436466724675106,0.044637606369216966,9.837553442143975e-13,0.00021451619293644958,MOEMA
304693562,304693590,0,113.86099999999999,0,6,22.468281183026146,0.044497648730887,0.002588137141157704,4.1454525728864576e-12,0.00024839269990596067,MOEMA
304693562,304693610,0,115.55,0,6,22.338619802828976,0.04475592908128022,0.040282893071301624,3.233351758963875e-12,0.00024105607199345175,MOEMA
304693563,304693590,0,114.772,0,5,22.653021860265753,0.044134760026111886,0.0029781875211209734,7.38949304433016e-12,0.00021438500590866759,MOEMA
304693563,304693612,0,115.9,0,5,22.367338191170166,0.044698465017342814,0.0022288924028423646,1.5709506042208774e-11,0.00020739286492765053,MOEMA
304693563,5052127789,0,46.203,0,4,22.410844406343763,0.04461169180158556,0.0043037565974450775,1.511130447166758e-11,0.00018029263841149964,MOEMA
304693566,304693606,0,56.357,0,5,22.366266609515645,0.04470060654842326,0.042608371583671714,1.0749088596039558e-11,0.00024222081973846533,MOEMA
304693566,8747304806,0,69.117,0,3,22.95327903986284,0.04355742296918767,0.0006805035726437564,2.721860161770755e-12,0.00015889540578225897,MOEMA
304693566,5052150662,0,23.297,0,5,22.77239605657951,0.043903403101942476,0.0019873113183401735,3.097270955328236e-12,0.0002593402664112956,MOEMA
304693567,5052150662,0,75.132,0,4,23.02378911273039,0.043424028893501755,0.0009167573657331477,1.9212024794437816e-12,0.00021532738381895938,MOEMA
304693567,304693590,0,210.118,0,5,23.039005572224603,0.0433953488372093,0.003088207669863582,3.976595184882082e-12,0.0002303588385207021,MOEMA
304693568,304693569,0,113.785,0,6,21.56215173596228,0.046367621186971346,0.0017964553129424692,1.901849035225916e-10,0.00023608238291261625,MOEMA
304693568,304693583,0,114.837,0,5,21.893056150878696,0.045666793926756925,0.02542994136968368,8.864263656562752e-11,0.00021151997092527146,MOEMA
304693568,5052150669,0,59.818000000000005,0,5,22.130518645520787,0.045176785039850474,0.02484787687749384,7.423807513128509e-11,0.00022348017497091983,MOEMA
304693568,304693577,0,115.853,0,6,21.654736390912987,0.04616937678764066,0.002350261998507895,1.4627052948128593e-10,0.0002403251054964783,MOEMA
304693569,304693570,0,117.21600000000001,0,6,21.254607801114446,0.047038538326577534,0.0007170997484360346,3.6099311360556946e-10,0.00022246625662260126,MOEMA
304693569,304693578,0,116.22300000000001,0,6,21.00150021431633,0.04760544120498403,0.017687070733227544,3.127501490935473e-10,0.00022384901857529465,MOEMA
304693569,4369035945,0,116.0,0,6,21.24217745392199,0.04706606400581137,0.01683146140805871,2.0664278272659355e-10,0.0002312004457785009,MOEMA
304693570,304693571,0,114.329,0,6,21.368624089155595,0.04678755541291397,0.0005097986260683825,6.007106891690209e-10,0.00021839983694518772,MOEMA
304693570,304693585,0,115.915,0,6,21.243463351907415,0.04706321502794536,0.0031046527868335296,3.7854650779946063e-10,0.0002206355823954995,MOEMA
304693570,304693579,0,116.51299999999999,0,6,21.007501071581654,0.04759184256434846,0.0030997887381522776,5.690452372430787e-10,0.00021752414819494023,MOEMA
304693571,304693572,0,134.573,0,6,21.40827261037291,0.046700903985344024,0.0007411883704765216,8.890800244405865e-10,0.00022007171987220337,MOEMA
304693571,304693580,0,115.46000000000001,0,6,21.241534504929277,0.04706748862409573,0.003681621608976347,9.464781647826629e-10,0.00021713897689972574,MOEMA
304693571,304693586,0,116.089,0,6,21.47428204029147,0.046557350871765185,0.0037944212141082425,6.130834132394054e-10,0.00022031918498189885,MOEMA
304693572,304693575,0,135.764,0,5,21.28204029147021,0.04697790578236088,0.0014281773413619475,1.0273719930865828e-09,0.00019159624709949195,MOEMA
304693572,304693581,0,116.079,0,6,21.27368195456494,0.04699636319676012,0.001552094772050991,1.4501549757456292e-09,0.0002202794208677656,MOEMA
304693572,304693587,0,115.83,0,6,21.38984140591513,0.04674114523320475,0.0018735852277451822,9.230721089881867e-10,0.00022173597904660153,MOEMA
304693575,304693588,0,115.861,0,5,21.18152593227604,0.04720083372962472,0.00813014156003012,1.1942005887479414e-09,0.00019329986687083214,MOEMA
304693575,304693582,0,115.93299999999999,0,5,21.08144020574368,0.04742492324583698,0.009066355120488276,1.969329297608408e-09,0.0001927969991433107,MOEMA
304693576,304693577,0,82.491,0,5,21.827475353621946,0.0458040001178238,0.003926213771233599,1.1000508139802424e-10,0.00020806161498677586,MOEMA
304693576,304693607,0,35.248,0,4,22.492498928418346,0.04444973797046212,0.028444261823865384,3.304305927082947e-11,0.00018798170696536525,MOEMA
304693577,304693578,0,114.673,0,6,21.217745392198886,0.0471202601967637,0.0037292777049843296,2.6883576585686267e-10,0.0002280917411591567,MOEMA
304693578,304693579,0,114.63000000000001,0,6,20.921988855550794,0.047786359632050156,0.0048531045717193555,5.208022931411385e-10,0.00021890691014763363,MOEMA
304693579,304693580,0,114.415,0,6,20.90184312044578,0.04783241735706669,0.005781674627106973,9.148127094685926e-10,0.0002162632881494782,MOEMA
304693580,304693581,0,134.966,0,6,20.94599228461209,0.04773159801092762,0.005425904209278242,1.507553098564308e-09,0.0002173466778952879,MOEMA
304693581,304693582,0,136.108,0,6,20.87912558936991,0.04788446141528607,0.004329466569045982,2.3921122534741394e-09,0.00022154054124991842,MOEMA
304693582,2552447617,0,140.624,0,6,20.638662666095158,0.04844236760124611,0.004784834174157495,4.084520105407653e-09,0.0002263489038058099,MOEMA
304693583,5052127789,0,72.782,0,4,22.07972567509644,0.045280711290573074,0.025942751073507124,3.863339292909481e-11,0.0001800696180464727,MOEMA
304693583,4369035945,0,114.229,0,5,21.561723103300473,0.04636854294432793,0.003282074753016347,1.0510051171065235e-10,0.00020682400245438087,MOEMA
304693585,4369035945,0,115.918,0,6,21.20231461637377,0.04715455372485596,0.0032308864311803125,2.2419618295135228e-10,0.0002293697715513991,MOEMA
304693585,304693614,0,232.354,0,6,21.200171453064723,0.04715932066316215,0.002993937773993599,2.2180601444559787e-10,0.0002244503656958537,MOEMA
304693585,304693586,0,114.129,0,6,21.295970852978996,0.046947175621685266,0.0032911079862815297,3.9091923163945245e-10,0.00022255493043221063,MOEMA
304693586,10147155593,0,112.482,0,5,21.560008572653235,0.04637223034026183,0.004101319523758677,3.6034967063071765e-10,0.0001916735920695599,MOEMA
304693586,304693587,0,135.481,0,6,21.206600942991855,0.047145022738756946,0.0025228199160094605,6.470754782036267e-10,0.000221983444156297,MOEMA
304693587,304693588,0,136.154,0,6,21.01114444920703,0.04758359003651645,0.002517955867328208,1.089900699418276e-09,0.00022351951065835679,MOEMA
304693587,304693619,0,114.396,0,6,21.411058722674667,0.04669482703395259,0.0018701109072585735,6.698961133686922e-10,0.0002227503757241499,MOEMA
304693588,304693620,0,115.993,0,6,21.121945992284612,0.047333975952513825,0.00820055445522539,1.1112543163163704e-09,0.00022520785361991748,MOEMA
304693590,304693611,0,115.297,0,6,22.534719245606514,0.044366458386829864,0.0027324372520348516,7.27572647927981e-12,0.00024315638982955732,MOEMA
304693591,5052203605,0,163.959,0,4,24.005572224603515,0.04164806713686278,0.0019444613656719996,9.983333040146613e-13,0.00020181716711206038,MOEMA
304693592,304693610,0,116.335,0,6,22.723103300471497,0.04399864184256692,0.03962532001386949,3.3266014649088105e-12,0.00023825130326047184,MOEMA
304693592,304693593,0,112.867,0,6,23.049721388769825,0.04337517433751743,0.010614049086589562,4.999069030743229e-12,0.00024312565104349463,MOEMA
304693593,304693611,0,117.19800000000001,0,6,22.825546506643807,0.04380117178697514,0.002377130076937669,8.036092977082049e-12,0.0002406941097000712,MOEMA
304693593,304693594,0,116.671,0,6,22.826832404629233,0.04379870434700967,0.01027356567890191,1.1768949112625873e-11,0.0002468748228190464,MOEMA
304693593,5052203605,0,69.497,0,5,23.374624946420916,0.0427722663341463,0.0025758612087716866,4.259736376569276e-12,0.00022772739828986983,MOEMA
304693594,5052203606,0,89.84700000000001,0,5,23.1067295327904,0.043268160569859763,0.002164733284522991,1.0097577407902446e-11,0.00022935629127096324,MOEMA
304693594,304693595,0,114.229,0,6,22.37912558936991,0.044674921711150055,0.009953928194133911,2.6889386030270728e-11,0.00024385686716895056,MOEMA
304693594,304693612,0,116.233,0,6,22.41791684526361,0.044597617636374064,0.0016148641621757213,1.9328593411266185e-11,0.00024205979884370362,MOEMA
304693595,304693613,0,116.366,0,6,21.895199314187742,0.04566232393332224,0.023312227222412794,4.8392918252871554e-11,0.00023684373807570123,MOEMA
304693595,304693596,0,114.74799999999999,0,6,22.120017145306473,0.045198232763632135,0.010844975588266154,5.593556594436413e-11,0.00024210483804116043,MOEMA
304693595,5052199154,0,132.319,0,5,22.484783540505788,0.04446499037306746,0.02238736310887756,2.2659753003611363e-11,0.00021337451388422977,MOEMA
304693596,2552447688,0,145.54500000000002,0,5,22.35233604800686,0.04472846513768505,0.004980554228236451,4.506718425957946e-11,0.00023148634393763227,MOEMA
304693596,304693597,0,114.26100000000001,0,6,22.156665237891126,0.0451234729114071,0.010505187044675825,9.499386970105513e-11,0.0002377014842982367,MOEMA
304693596,304693614,0,116.69399999999999,0,6,21.66545220745821,0.04614654123512479,0.002813273108689947,1.1185351437175856e-10,0.000235056260242433,MOEMA
304693597,5078801976,0,116.28400000000002,0,5,22.489284183454778,0.04445609186639348,0.002271047491413217,7.840605998889225e-11,0.00020063679574673795,MOEMA
304693597,304693615,0,115.84899999999999,0,6,21.98156879554222,0.04548290856619153,0.010577916153528832,1.6062987454645737e-10,0.0002285071529597392,MOEMA
304693597,304693598,0,134.892,0,6,22.136733819117016,0.045164101074644206,0.017905489681152343,1.4225995121223186e-10,0.00023082509381845044,MOEMA
304693598,304693616,0,116.095,0,6,21.888555507929706,0.045676183762190105,0.0010469285732980867,2.7355476226979e-10,0.0002263916413702894,MOEMA
304693598,304693601,0,115.894,0,6,22.388555507929706,0.044656104915521945,0.012143213343428936,1.2742105813033452e-10,0.00023290754840382569,MOEMA
304693598,2552447717,0,75.274,0,5,22.441063009001287,0.044551618756565756,0.009617845592395964,1.547786102562387e-10,0.0001993340552329841,MOEMA
304693601,5078801976,0,134.843,0,5,22.6941705957994,0.04405473552993172,0.00017024170384382606,6.356715951071186e-11,0.00020262175339252057,MOEMA
304693601,2552447765,0,75.248,0,5,22.978354050578655,0.043509891155320515,0.009842055074465112,9.043077272865814e-11,0.0002027091708841976,MOEMA
304693602,2552447765,0,61.129,0,5,22.70488641234462,0.04403394342133829,0.009696133614027545,1.8445398557767467e-10,0.0001999378432548,MOEMA
304693602,3270746610,0,141.345,0,6,22.18795542220317,0.04505983830617508,0.004279204732673043,3.7495885806825234e-10,0.00022934664316328355,MOEMA
304693602,4170137969,0,116.408,0,6,22.04222031718817,0.04535775748913456,0.006060836278205982,3.7372542241038526e-10,0.00022853024918834716,MOEMA
304693603,4170137969,0,141.469,0,6,21.707243891984568,0.04605769800367277,0.006408036705501077,6.872940794527866e-10,0.00022521515662015312,MOEMA
304693603,3270746610,0,116.719,0,6,21.784183454779253,0.04589502680899208,0.009844602909488624,6.885275269995942e-10,0.0002260315505950895,MOEMA
304693603,4167937621,0,116.146,0,6,21.306900985855123,0.04692309239775493,0.009996314904070536,1.0894885876588293e-09,0.00022383736259154192,MOEMA
304693604,1393380015,0,374.75899999999996,0,4,21.381697385340765,0.046758948349654696,0.020056094062363125,5.222160541248994e-12,0.0001936297736703375,MOEMA
304693604,304693605,0,82.902,0,4,21.678311187312474,0.04611916837203785,0.0004942799945615304,1.2782638373671093e-12,0.00019965247477062004,MOEMA
304693604,1389167599,0,162.233,0,4,21.780754393484784,0.04590225230987218,0.019589608631694466,1.1480937963651686e-12,0.00019573693408947332,MOEMA
304693606,304693607,0,123.661,0,4,22.393484783540504,0.044646275170354494,0.0018015509829894952,1.7173868058067136e-11,0.00019380464848963596,MOEMA
304693607,5052150669,0,83.813,0,4,22.873553364766394,0.0437092421857432,0.02655979039192883,2.2563367871251567e-11,0.0001972832386500088,MOEMA
304693609,304693610,0,128.728,0,5,22.684097728246893,0.04407429802350629,0.004612971120753252,2.3346363979751388e-12,0.000206730258151972,MOEMA
304693609,2577302635,0,64.294,0,4,23.243891984569224,0.04301283469794202,0.04208560216111999,6.950057972767365e-13,0.00017727952340120597,MOEMA
304693610,304693611,0,112.59199999999998,0,6,22.484783540505788,0.04446499037306746,0.003955398063321112,6.363624386338968e-12,0.0002358197619170484,MOEMA
304693611,304693612,0,116.842,0,6,22.262323189027004,0.0449093149524433,0.0037951160782055643,1.5595740505455227e-11,0.00023587908572472846,MOEMA
304693612,304693613,0,114.129,0,6,21.813973424774968,0.045832350860646076,0.0043290033263144335,4.083213308605417e-11,0.0002350466697504543,MOEMA
304693613,5052127784,0,122.517,0,5,21.717745392198886,0.04603542704889722,0.03815382947710782,5.2052530851657065e-11,0.00020412679316015735,MOEMA
304693613,304693614,0,114.78799999999998,0,6,21.553579082726102,0.046386063299824004,0.018974653905564725,1.0431087876571795e-10,0.0002297951602769738,MOEMA
304693614,304693615,0,114.123,0,6,21.59129875696528,0.04630502754479131,0.01887737293193968,1.7748949602203769e-10,0.00022586192890393554,MOEMA
304693615,304693616,0,135.021,0,6,21.57136733819117,0.04634781226403847,0.009937483077163963,2.919246799932758e-10,0.0002240737005115782,MOEMA
304693615,10147155593,0,120.179,0,5,21.76018002571796,0.045945653137403605,0.0017779256036805561,2.196073575752579e-10,0.00019313566926994858,MOEMA
304693616,4170137966,0,136.171,0,6,21.43291898842692,0.046647201167929926,0.009614371271909354,5.391134367748429e-10,0.00022245047039744654,MOEMA
304693616,304693619,0,118.598,0,6,21.621517359622803,0.046240310845905276,0.0012875831723371824,4.55487609179299e-10,0.0002233224945606537,MOEMA
304693619,304693620,0,135.993,0,6,21.420488641234464,0.046674270620722776,0.0027544412817833734,6.912497279357547e-10,0.0002244387186857106,MOEMA
304693619,10147155593,0,136.105,0,5,21.620445777968282,0.04624260267047313,0.0022478853548358255,3.831702883740299e-10,0.00019240434290488642,MOEMA
304693620,304693621,0,141.027,0,5,21.128375482211744,0.047319571942993355,0.002624733316949982,9.288310644465464e-10,0.0001935148535182302,MOEMA
304693620,4170137966,0,116.571,0,6,21.35190741534505,0.04682418597181515,0.008263555466715894,7.748755419584585e-10,0.00022356669452250339,MOEMA
304693621,4167937621,0,115.712,0,5,20.930775825117873,0.047766298393455045,0.018569316515460378,1.1431104250790896e-09,0.00019328099375210843,MOEMA
304693625,3270746610,0,116.50999999999999,0,5,22.400342906129445,0.04463260619977038,0.009822135637008554,3.039740203632348e-10,0.00019856530207582496,MOEMA
304693626,304693627,0,116.593,0,4,24.001285897985426,0.04165550495579962,0.0008296677322021563,1.3269975473382257e-11,0.00017338585049529232,MOEMA
304693628,304693632,0,116.681,0,4,24.205100728675525,0.04130475203867506,0.00016630414062566954,3.4526457285945232e-12,0.00019026494201774923,MOEMA
304693628,2552447744,0,47.747,0,4,24.774967852550365,0.04035467128027682,0.02439343575784542,1.6995470024521283e-12,0.00018950156753082552,MOEMA
304693633,304693636,0,116.72,0,4,24.56708101157308,0.040696152839570794,0.005258731488530921,5.653433823106376e-13,0.00019408396033200858,MOEMA
304693636,2552447712,0,54.711000000000006,0,4,24.270252893270467,0.04119387169411453,0.004297734441934956,8.592205489337971e-13,0.00019966910327402277,MOEMA
304693638,1378100585,0,117.517,0,5,24.766609515645094,0.04036829034016667,0.003702467531895999,1.9753761873526922e-12,0.0002240321623376993,MOEMA
304693638,5080376204,0,39.624,0,5,24.422203171881698,0.04093757130070028,0.015805378757680275,4.790349524938551e-12,0.00022886268379790792,MOEMA
304693639,4358353980,0,6.093,0,5,25.39284183454779,0.03937273701712482,0.003603796830076312,8.691465905450464e-13,0.00023051036866889528,MOEMA
304693639,1378100588,0,128.462,0,5,24.84654950707244,0.04023841150999707,0.001405710068881878,1.841643823195394e-12,0.00022774848051893958,MOEMA
304693639,1378100585,0,72.696,0,5,25.3204029147021,0.039485378137034996,0.003314270122858921,1.2361776976174538e-12,0.00022265927768124887,MOEMA
304693645,13427163465,0,75.029,0,4,25.48264037719674,0.03923399101781299,0.0200616529751417,3.743583371936357e-13,0.00020490261392298588,MOEMA
304693645,4358353980,0,74.75399999999999,0,4,25.621517359622803,0.039021329987452946,0.0004560624692088347,4.712653297812001e-13,0.00020148615217342866,MOEMA
307825576,1389167690,0,23.84,0,5,26.20488641234462,0.038152643287097616,0.039010828530471296,5.09171468486645e-14,0.00021621736572999386,MOEMA
313925600,1845965096,0,116.485,0,6,20.63823403343335,0.048443373694157715,0.0060223871314875116,1.655639717970843e-08,0.00022099552639191853,MOEMA
313925600,1399167310,0,116.03999999999999,0,6,20.859622803257608,0.047929231180199525,0.006235710409365286,9.019689339044117e-09,0.00022362999869252493,MOEMA
313925600,1935200893,0,116.11099999999999,0,6,21.06708101157308,0.04745724778481979,0.0031405540985284864,9.183956784859285e-09,0.00022865985149622719,MOEMA
313925602,1914358318,0,115.469,0,6,20.44320617231033,0.04890552270725877,0.003527593400736695,1.5672763770826394e-08,0.00023954289917536175,MOEMA
313925602,1399167392,0,56.403999999999996,0,5,20.501285897985426,0.04876697435682999,0.005676808053752834,1.702498149633006e-08,0.00020283477230648254,MOEMA
313925604,1399167394,0,57.879999999999995,0,5,20.769609944277754,0.04813695039778766,0.004872850293151582,3.9913999089377685e-09,0.00021157265598882884,MOEMA
313925604,622002765,0,57.886,0,5,20.743463351907415,0.04819762576325822,0.005942014517563964,5.4641863506096735e-09,0.0002111261580270416,MOEMA
313925605,1845965092,0,116.251,0,6,22.667381054436348,0.04410680180776431,0.012821863945146502,3.038392952590324e-10,0.00023931465180744305,MOEMA
313925605,1399167385,0,45.17,0,5,23.11937419631376,0.04324449594438007,0.0017825580309960344,2.6033307455034293e-10,0.00022037749347066028,MOEMA
313925605,1399167389,0,41.980999999999995,0,5,23.09815687955422,0.043284219121140145,0.0006402014549990955,2.660030031245521e-10,0.0002186567689863729,MOEMA
313925605,1845965088,0,116.758,0,6,22.418345477925417,0.04459676494206723,0.01165449226164598,6.478644771165319e-10,0.0002536000612598255,MOEMA
313925607,2426181722,0,115.809,0,6,23.015430775825116,0.04343979886395381,0.0005931823177469912,1.5820899682411904e-10,0.00022304561537972266,MOEMA
313925607,1845965092,0,117.29,0,6,22.930990141448778,0.043599760738719205,0.009310715661379754,1.949936743363476e-10,0.00022648866196145023,MOEMA
315793486,386252244,0,233.767,0,4,17.78396913844835,0.056218365871294286,0.009609738844593875,1.6817206449805002e-08,0.00021266434144516093,MOEMA
315793486,1393379207,0,294.212,0,4,17.445349335619373,0.05730958230958231,0.007725035791291546,2.789288538705085e-08,0.00021316077952442662,MOEMA
315793486,5046773406,0,82.96199999999999,0,4,17.278825546506642,0.057861900450243725,0.0034991039727465035,2.8807003376613737e-08,0.00021204593932463886,MOEMA
315793801,1393379346,0,172.959,0,4,19.036005143591943,0.05252077188084033,0.03844775699027491,1.6774805482887694e-06,0.0002125547408183382,MOEMA
315793801,1393379547,0,211.01100000000002,0,4,18.811401628804116,0.05314785699637706,0.02068031364312382,1.6757005996009947e-06,0.00021087430456228446,MOEMA
315793888,315793952,0,201.774,0,4,18.873981997428203,0.052971634910181004,0.0007912185854836868,1.6746404059997095e-06,0.0002131074123251215,MOEMA
315793939,389461771,0,304.73400000000004,0,4,16.883197599657095,0.05921779199512548,0.02314152227583742,1.211135960243761e-05,0.00020068188434796164,MOEMA
315793939,3270516970,0,67.298,0,5,17.063437633947707,0.0585922781280615,0.0007578651088122433,5.323761876341649e-05,0.00022819680150822064,MOEMA
315793939,3317179780,0,687.5029999999999,0,4,16.74410630090013,0.05970970714724554,0.02308408017712549,1.1197626423346315e-05,0.00020263720508557122,MOEMA
315793946,389461774,0,460.24899999999997,0,4,19.068581225889414,0.05243104727223683,0.0020931622824988515,0.00013413611474149612,0.00021057202784469738,MOEMA
315793947,1393379132,0,244.11100000000002,0,4,19.537076725246465,0.051173760421237384,0.02573475508704215,1.4329633461027928e-07,0.00020256698527379766,MOEMA
315793947,315793952,0,226.985,0,4,19.458851264466354,0.051379481248967455,0.0004081168464936347,4.142110742449975e-07,0.00021060517798581765,MOEMA
315793947,1393379346,0,103.095,0,4,19.523360480068582,0.05120971283042065,0.025910324082298777,4.151223566040682e-07,0.00021052221899185003,MOEMA
315793952,576412391,0,557.293,0,4,19.463780540077153,0.051366469202140545,0.00038217525352695643,3.5767994242719637e-07,0.0002126156605314315,MOEMA
317497002,1393378488,0,128.43900000000002,0,5,20.13823403343335,0.049646144841164266,0.013475731060726259,3.3043700119934517e-10,0.00021128646087286953,MOEMA
317497002,3278570115,0,84.912,0,5,19.40912987569653,0.051511102768238684,0.014370947639442432,1.0408990827166465e-09,0.00021999924762165416,MOEMA
387095682,387095743,0,95.54400000000001,0,4,21.20638662666095,0.0471454991965558,0.0010133434752608694,2.827696323461702e-09,0.00020421026679291932,MOEMA
387095682,6359618936,0,98.234,0,4,21.295327903986284,0.04694859305180951,0.009118933170518954,9.721464002432188e-09,0.00020868429698048382,MOEMA
387095733,4265779806,0,134.777,0,5,20.537076725246465,0.048681986099805896,0.04478862349970156,1.6733912969074647e-09,0.00023635007192495782,MOEMA
387095733,387095734,0,187.037,0,5,19.990570081440207,0.050012865045670915,0.05183361896108089,4.389683215116191e-09,0.00024461265562391855,MOEMA
387095734,6359618940,0,142.028,0,4,20.005572224603515,0.049975360486791076,0.016682528869866084,1.7687159282320977e-08,0.00020769116621757673,MOEMA
387095742,1393379346,0,39.063,0,4,19.693956279468495,0.05076611674574501,0.02933600408209495,3.6145082089121075e-07,0.00021265568575749378,MOEMA
387095742,6359618940,0,41.842,0,4,20.25932276039434,0.04934941288479848,0.025499891022147402,7.850865910404418e-08,0.00021175697398009982,MOEMA
387095764,4265779806,0,159.375,0,5,20.504500642948994,0.048759328553211946,0.03994495749863749,2.6445496694029823e-09,0.00022452582127282231,MOEMA
387095764,476453413,0,130.678,0,5,20.65345049292756,0.04840768296858949,0.029788128988085628,2.483306527350374e-09,0.00022235888493089557,MOEMA
387095764,1393378874,0,487.312,0,5,19.96742391770253,0.050070839773312725,0.0072654990015961025,8.978858930122143e-09,0.00022402818959554464,MOEMA
388395421,388512049,0,117.795,0,5,22.0,0.045444803803140706,0.00023277947260278255,1.3259682973156124e-09,0.0002231912140500499,MOEMA
388395421,388512089,0,170.481,0,5,21.59087012430347,0.04630594681516333,0.0009987513292171128,1.8858171983505025e-09,0.0002439904853533862,MOEMA
388395421,5058324153,0,57.660000000000004,0,5,21.62816116588084,0.046226106602455484,0.0001301712075649391,3.8718611856421235e-09,0.00023274827642635757,MOEMA
388395421,388395429,0,115.9,0,6,21.822546078011143,0.04581434632306725,0.0006770292521571477,1.4591908610425322e-09,0.0002601502005895094,MOEMA
388395429,476453414,0,117.41300000000001,0,6,22.21903129018431,0.04499681694542508,0.016958621537868587,6.676699037330527e-10,0.0002526745279117131,MOEMA
388395429,388395430,0,126.57000000000001,0,6,21.912987569652806,0.04562525673375976,0.01692040401251589,8.489439741156985e-10,0.00025579177316176926,MOEMA
388395430,5058324145,0,10.223,0,5,21.981354479211316,0.04548335202066982,0.012887181170294745,5.398744795876912e-10,0.0002288812504347327,MOEMA
388395430,1393378473,0,67.373,0,6,21.3446206600943,0.04684017109464426,0.03311768612108563,5.481523217459498e-10,0.0002578894217945043,MOEMA
388395430,389062988,0,113.07900000000001,0,5,21.62430347192456,0.04623435316504623,0.008339527274689737,1.5685015248300324e-09,0.00022773949389736368,MOEMA
388512049,476453414,0,117.589,0,5,22.50728675525075,0.04442053342728459,0.0004477241000409738,5.344473358108046e-10,0.0002161010941772012,MOEMA
388512049,1393378596,0,300.85600000000005,0,5,22.161380197171024,0.0451138726367197,0.0,5.421310892837656e-10,0.00021851773116363267,MOEMA
388512089,5058324122,0,76.293,0,4,20.848478354050577,0.04795485150957555,0.0019451562297693214,4.1698836110285844e-09,0.00021707206510479066,MOEMA
388512089,5058324128,0,134.041,0,2,21.724174882126018,0.04602180239727717,0.0006805035726437564,9.68194132215569e-10,0.00011955013995845514,MOEMA
388512094,6245550737,0,209.92100000000002,0,4,19.582726103729104,0.05105446904446609,0.014918268926766188,6.251438656473859e-09,0.00020772842520127037,MOEMA
388512094,1393378957,0,87.704,0,5,19.288684097728247,0.05183275741380651,0.03551774671323491,1.1689024143047487e-08,0.00023998010145200092,MOEMA
388512101,576412391,0,37.712,0,4,20.047792541791683,0.049870113209967606,0.011551883996608137,7.428040786874551e-08,0.0002136761155157466,MOEMA
388512101,5058324122,0,24.298000000000002,0,4,20.517145306472354,0.04872927830528658,0.00010677744962177389,1.6302199726778647e-08,0.00021482148825484418,MOEMA
388512101,6245550737,0,38.482,0,4,20.03000428632662,0.04991440188315857,0.011980151901924101,1.6589127342688604e-08,0.00021361628998671592,MOEMA
389062985,389062988,0,56.716,0,4,21.502786112301756,0.04649563449348164,0.008322850536354016,3.8926521189569105e-09,0.00020168355817056362,MOEMA
389062985,5058324150,0,133.097,0,4,20.947278182597515,0.047728667894413754,0.010404431750564172,1.5477190834121533e-08,0.00020793656764583218,MOEMA
389062988,5058324153,0,96.41099999999999,0,4,21.507929704243463,0.046484515126150906,9.45015172357565e-05,3.980781540522638e-09,0.0001961682470367837,MOEMA
389461771,3359537180,0,1074.391,0,4,17.102014573510502,0.05846011178225018,0.0,3.4517307002808083e-06,0.00020071225157737766,MOEMA
466909065,1393378098,0,25.379,0,2,28.416202314616374,0.0351836488422958,0.0006805035726437564,2.81356098872089e-16,0.00012746913145868634,MOEMA
466909065,1393378100,0,87.276,0,4,27.565366480925846,0.03626963147255481,0.0006897684272747129,9.094029477739623e-16,0.00022766548473324036,MOEMA
466909065,466909274,0,191.25199999999998,0,4,28.125375053579084,0.03554746138547469,0.000670775475281252,7.646918948993929e-16,0.0002210034847087895,MOEMA
466909078,7991681750,0,13.814,0,4,27.90912987569653,0.03582288978990048,0.0014756597213455996,3.4126683414754157e-16,0.0002254785259684078,MOEMA
466909078,6732176119,0,11.885,0,2,28.100085726532363,0.035579453151813295,0.0006805035726437564,1.6685710725567486e-16,0.00012744197345600618,MOEMA
466909099,5402259218,0,13.967,0,2,29.024432061723104,0.03444634787488555,0.0006805035726437564,1.9337686001351577e-16,0.00012206891791807546,MOEMA
466909099,7991681750,0,33.508,0,4,28.401200171453066,0.03520223362511319,0.017723898530385595,3.7522808873205207e-16,0.00022010547043047708,MOEMA
466909274,12586159042,0,22.2,0,4,28.084226318045435,0.03559954518051602,0.02546839051640215,2.423026146250389e-15,0.00020113725370340604,MOEMA
466909279,1393378103,0,103.435,0,4,26.884054864980712,0.03718879792093494,0.0003937563218156521,3.2986260244120892e-15,0.00021470609579090033,MOEMA
466909279,1393378100,0,54.335,0,4,27.664380625803688,0.0361398181001224,0.00032913396076473037,1.5536687041924292e-15,0.00021732471543431755,MOEMA
466909341,466909349,0,19.073,0,5,21.15387912558937,0.04726252228886367,0.008612840486302955,6.071360108193553e-12,0.00022466017982433804,MOEMA
466909341,3317179767,0,17.298000000000002,0,4,21.950278611230175,0.045547744581136494,0.0003696676997751651,1.5597942540174684e-12,0.00018643225901654654,MOEMA
466909341,4181805790,0,69.92999999999999,0,4,21.987998285469352,0.045469608951616045,0.008437734733777876,2.3089979621689044e-12,0.00018421949466280947,MOEMA
466909349,1393378276,0,12.282,0,5,21.0728675525075,0.047444216178833674,0.004322054685341217,6.335109562683846e-12,0.00022817478739993897,MOEMA
466909349,1393378375,0,180.001,0,5,20.737033861980283,0.04821256937339162,0.008248036835209041,9.085389374927602e-12,0.00022925928350860694,MOEMA
476453413,1393378596,0,118.763,0,5,21.46463780540077,0.046578269465023865,0.016406436201863578,7.088266297038596e-10,0.00022175699089748487,MOEMA
476453414,1393378596,0,71.85900000000001,0,6,22.20488641234462,0.045025480657864256,0.022737574613927718,4.944698935402485e-10,0.0002549327555227787,MOEMA
576412391,5058324150,0,45.092,0,4,20.142948992713244,0.049634523923521336,0.011446264653815232,7.402556168977808e-08,0.00021022098597175666,MOEMA
622002744,622002765,0,116.27199999999999,0,4,20.30882983283326,0.04922911324278976,0.00019178249086079997,7.008700065664133e-09,0.000174961182863735,MOEMA
812244181,1845965102,0,116.61000000000001,0,6,20.84076296613802,0.047972604711907285,0.010819960480762572,2.5595692493607007e-07,0.00022513418828035907,MOEMA
812244181,812244201,0,115.891,0,6,20.818045435062153,0.04802495444578276,0.0235936471818281,3.17159410803274e-07,0.0002311465577119813,MOEMA
812244201,1363061408,0,116.584,0,5,21.172096013716246,0.04722185668444867,0.037446921068765834,3.963639576036514e-07,0.00020197590647537904,MOEMA
843749253,1399167308,0,114.278,0,5,20.319759965709387,0.049202632578154666,0.002614310355490156,6.477324326475462e-09,0.00019899810864516414,MOEMA
1001237099,1001237110,0,95.578,0,5,19.799614230604373,0.05049521026140607,0.02130175376749523,5.988410197988716e-11,0.00023819217126232596,MOEMA
1001237099,5539630556,0,99.627,0,5,20.296828118302614,0.04925822290269785,0.0007069084083419824,3.4802693131654515e-11,0.00024475755866282554,MOEMA
1001237099,1393378491,0,20.139,0,6,19.92477496785255,0.05017801632802332,0.05167634805372041,6.554993984602636e-11,0.00026710343144186453,MOEMA
1001237099,3278570119,0,280.894,0,5,19.867766823831975,0.05032199605190771,0.05380031597786719,3.0439027906280005e-11,0.00022800479889953845,MOEMA
1001237110,5539630556,0,45.819,0,4,20.252250321474495,0.04936664656020826,0.0006536354942139825,4.8488313524224176e-11,0.00020921033613547675,MOEMA
1363061408,1393381159,0,126.549,0,4,21.873553364766394,0.045707511120691345,0.03691442354885161,6.02196302191935e-07,0.000175372417907441,MOEMA
1363061412,1942703874,0,20.673,0,6,20.130518645520787,0.04966517263039104,0.006442085046269842,8.936015983980851e-13,0.0002469852566351929,MOEMA
1363061412,4343783341,0,20.775,0,5,19.495499357051006,0.05128289690653651,0.00036271905880194775,1.515628733213695e-12,0.00022030863301861388,MOEMA
1378100578,1378100587,0,116.043,0,5,22.877411058722675,0.043701871732898655,0.0014877040323658431,8.272551398221106e-11,0.00020586396344850135,MOEMA
1378100578,1914356414,0,115.916,0,5,22.57415345049293,0.04428895576800752,0.02322444272478448,1.5293907621323811e-10,0.0002034011756719386,MOEMA
1378100578,2380689239,0,112.863,1,5,22.59558508358337,0.04424694824102968,0.024416597894422812,1.6239960412965591e-10,0.00020601911759968064,MOEMA
1378100587,1378100597,0,116.82900000000001,0,6,23.50535790827261,0.04253437397425143,0.00019618329681050432,4.948449054594306e-11,0.00024738420950640475,MOEMA
1378100597,1378100606,0,106.6,0,5,24.026360908701243,0.041612031362894375,9.98288086485565e-05,1.948075051123449e-11,0.00022080656775040158,MOEMA
1389167277,1389167280,0,14.063,0,5,23.548221174453495,0.04245695147256908,0.0005366667044981564,7.456329968935858e-14,0.00022629316130834756,MOEMA
1389167280,1389167293,0,44.569,0,4,23.163309044149162,0.04316247224278312,0.01522377750822198,6.400330335070253e-14,0.00019279172785622792,MOEMA
1389167293,1389167308,0,88.185,0,4,22.921131590227176,0.04361851332398317,0.04395316523335505,4.9778914262910506e-14,0.00020257927539401785,MOEMA
1389167308,2577302530,0,60.377,0,4,22.233176168024002,0.04496818970503181,0.05971314620334364,4.285163962629863e-14,0.00021228790245854737,MOEMA
1389167371,1389167385,0,107.316,0,4,17.52036005143592,0.05706422018348624,0.0041152168057051125,5.0143992849080105e-09,0.00019743466879898377,MOEMA
1389167383,1389167390,0,139.661,0,4,19.268324046292328,0.051887526972615845,0.00022583083162956518,6.103653084158029e-11,0.00020108960771909938,MOEMA
1389167385,5046773406,0,2021.6760000000002,0,4,17.15387912558937,0.05828335832083958,0.002542044489368695,2.4022588190079197e-08,0.000207153822273908,MOEMA
1389167599,1550389901,0,69.379,0,5,22.11937419631376,0.045199546551172864,0.02113058557818831,3.232470430073527e-13,0.0002230621686290854,MOEMA
1389167690,4007241051,0,34.367000000000004,0,4,26.920488641234464,0.03713846717246101,0.010659910117012797,1.2616538739881241e-14,0.00018198026641777672,MOEMA
1393378100,1393378103,0,145.831,0,4,26.81847406772396,0.037279737883086264,0.0010402115536906433,3.0964401184463963e-15,0.00021767484211960528,MOEMA
1393378103,4264807779,0,35.775,0,4,26.01993141877411,0.03842384007775371,0.002025528843692869,1.3619429088130557e-14,0.00021046744797562924,MOEMA
1393378122,8754308409,0,68.612,0,4,25.552293184740677,0.039127043371048505,0.0019678551236151647,9.175796075463385e-15,0.00019750713965628342,MOEMA
1393378122,1393378158,0,97.96699999999998,0,4,24.728246892413203,0.04043091643410584,0.0035533033723375994,3.437700107350727e-14,0.00018926381956774094,MOEMA
1393378253,8438910624,0,12.082,0,4,23.109087012430347,0.0432637465569848,0.0002545518809855304,2.492014526909747e-13,0.00018856457230925522,MOEMA
1393378276,1393378359,0,181.457,0,4,21.43741963137591,0.046637407899867034,0.0004201611575138782,3.965367580022073e-12,0.00019613627364153849,MOEMA
1393378359,1393378375,0,13.323,0,4,21.00107158165452,0.04760641283383168,0.0005686304529749564,6.715643377850675e-12,0.00019713905889000549,MOEMA
1393378359,4167937332,0,178.809,0,4,21.22053150450064,0.0471140736252083,0.00044494464365168687,9.934361503561249e-12,0.00019702862496185746,MOEMA
1393378375,4167937330,0,171.578,0,4,20.51993141877411,0.048722662043322956,0.008191289600594433,1.901879821058616e-11,0.00019752002063173815,MOEMA
1393378395,4264820699,0,66.007,0,4,23.30518645520789,0.04289970756469441,0.02956739382650309,7.84780471684009e-12,0.00019418537757424936,MOEMA
1393378436,1393378491,0,153.303,0,5,19.7426060865838,0.050641018682356514,0.01643839995034038,1.0856724319861882e-10,0.00022999662916965675,MOEMA
1393378436,4167937330,0,83.42099999999999,0,4,19.970210030004285,0.05006385421920778,0.022496688393522847,8.091713057627604e-11,0.00019823173742734195,MOEMA
1393378436,1393378560,0,293.842,0,4,19.443849121303042,0.051419123725544226,0.006544693311307685,3.562834891994212e-10,0.00020137053260897312,MOEMA
1393378473,4264821018,0,47.455,0,5,21.522288898414057,0.04645350168786035,0.01855449274805085,1.5551105400137507e-10,0.00022042179158354496,MOEMA
1393378473,6019407349,0,155.752,0,5,20.946635233604802,0.04773013290770128,0.013950786481928554,1.6499433438817805e-10,0.00021897385932344283,MOEMA
1393378488,4167937331,0,244.79000000000002,0,5,20.65495070724389,0.04840416701253424,0.019354049702702394,9.411323662803038e-11,0.00021782916420115967,MOEMA
1393378874,1393378957,0,85.559,0,5,19.407843977711103,0.05151451571938116,0.007653233167901633,1.5996795760799906e-08,0.000232153509670079,MOEMA
1393378874,1393379132,0,211.39300000000003,0,4,19.905057865409344,0.050227720533608966,0.00022235651114295646,3.242131641544703e-08,0.00019236456069167835,MOEMA
1393378957,1393379132,0,139.102,0,5,19.285683669095587,0.05184082145198751,0.025539729897060517,3.451150775003341e-08,0.00023651500270306945,MOEMA
1393379136,1393379207,0,199.463,0,4,17.719674239177024,0.05642235123367199,0.005011128248518608,2.7142662066814957e-08,0.0002122436133324222,MOEMA
1393379207,3278570096,0,292.029,0,4,17.318688384054866,0.05772871833582893,0.0028241593128813212,1.0169294232622872e-07,0.00021335650781183723,MOEMA
1393379524,8740245700,0,14.803,0,4,18.82233176168024,0.05311699402220325,0.0010909366327951301,7.975936308613772e-08,0.00021194057777279432,MOEMA
1393379541,1393379645,0,126.31500000000001,0,2,20.54714959279897,0.048658120638761695,0.0006805035726437564,3.4258910454198744e-09,0.00013054042208096784,MOEMA
1393379577,8743845997,0,12.237,0,2,21.570724389198457,0.04634919373267494,0.0006805035726437564,6.40639020494494e-13,0.00012441565090900297,MOEMA
1393379577,8743846005,0,5.281,0,4,21.29897128161166,0.046940562079270685,0.016937543993583163,9.56035617512745e-13,0.0002334616274518791,MOEMA
1393379645,2466359901,0,72.17099999999999,0,4,20.406129447063865,0.048994381137425824,0.024521522373118394,3.686678227923082e-09,0.00023418783481599027,MOEMA
1393379726,5046399478,0,184.823,0,4,20.408486926703816,0.04898872156763909,1.158106828869565e-06,1.0224157661334179e-08,0.0001933427891929324,MOEMA
1393379735,5046375342,0,15.522,0,4,21.431847406772395,0.046649533504664956,0.002269889384584347,5.145585727651664e-10,0.00019011313417816793,MOEMA
1393379785,8743596173,0,71.918,0,4,21.66845263609087,0.046140151327827506,0.032349861293545105,5.5126145116485634e-11,0.00020924839551442849,MOEMA
1393379785,1393379876,0,88.178,0,4,21.73253321903129,0.0460041024022721,0.00028998994994893905,5.2827201123396064e-11,0.00021223077644264932,MOEMA
1393379809,1393379920,0,132.489,0,4,19.713244749249892,0.05071644452175426,0.023912589802498777,1.0995797113826845e-10,0.00019700580090744831,MOEMA
1393379876,1393379907,0,31.068,0,4,21.9515645092156,0.04554507644543378,0.00031662640701293906,6.167467647238175e-11,0.00021351478241572877,MOEMA
1393379876,1393379932,0,82.005,0,4,21.325332190312903,0.046882537385431744,0.0004616213819874086,1.865593934540676e-10,0.0002129179686523298,MOEMA
1393379920,1393380339,0,200.464,0,4,19.601800257179598,0.05100478887406792,0.024239175928239994,4.581546610910086e-10,0.0001938673490720824,MOEMA
1393380015,1393380081,0,27.038,0,4,21.596870981568795,0.046293080350497666,0.0005417623745451825,1.367175891972545e-11,0.0001848967419660228,MOEMA
1393380658,8726319258,0,8.487,0,4,19.253964852121733,0.0519262235777335,0.03427440322176055,9.613906554846278e-06,0.00018914484041777588,MOEMA
1393380658,1393380694,0,19.674,0,5,18.571581654522074,0.053834169984420976,0.0005144310533838608,1.880357320347383e-05,0.00022572392293996804,MOEMA
1393380658,3270516969,0,38.09,0,4,18.272610372910417,0.05471498944405348,0.034934755735581975,1.5249667914720431e-05,0.0001835541013110173,MOEMA
1393380693,1393380694,0,26.88,0,5,18.818259751393057,0.053128487802655854,0.0006383484840729042,1.7430452476463196e-05,0.0002298922174957465,MOEMA
1393380693,1936800747,0,190.75,1,4,19.778396913844833,0.05054937910408946,0.03455813939483359,6.661299098114773e-06,0.00020169453624029445,MOEMA
1393380693,8726319258,0,32.262,0,4,19.540505786540933,0.05116478020531719,0.0340439399628155,8.240785827836743e-06,0.00019301585817589698,MOEMA
1393380694,3270516970,0,27.700999999999997,0,6,17.844406343763396,0.05602795993370325,0.0008310574603967998,5.7478009710477025e-05,0.0002602172077190722,MOEMA
1393380694,8726319258,0,11.588,0,5,18.832190312901844,0.053089187559035404,0.00011928500337356519,1.7837448486436528e-05,0.00022754437397295762,MOEMA
1393380960,3472243418,0,28.727,0,4,21.17809687098157,0.04720847627432527,0.0076974728487644506,7.194444986356562e-07,0.00020762148043042608,MOEMA
1393380960,1936800747,0,11.6,0,4,20.598371195885125,0.048537123356084566,0.03487314445228611,3.3291664041970825e-06,0.00020768482089121923,MOEMA
1393380960,8073390310,0,11.625,0,4,21.38019717102443,0.04676222935044106,0.027254422867884796,7.783876835564959e-07,0.0002030208721127944,MOEMA
1393380991,8729102174,0,10.576,0,5,22.31504500642949,0.04480321161714143,0.04035909650064124,2.7389997920302873e-07,0.00023934789043446482,MOEMA
1393380991,8073390310,0,35.157,0,5,21.79318474067724,0.045876070687501845,0.02712100896119902,3.9425831813618455e-07,0.00023759115464324688,MOEMA
1393380991,1393381024,0,12.506,0,5,21.800685812258894,0.045860285877194706,0.027348692763754776,5.553236953838885e-07,0.0002322815368077237,MOEMA
1393380991,1936800737,0,21.595,0,5,22.27046720960137,0.04489289219931867,0.039277656343842844,4.326689289381561e-07,0.00023639370142564624,MOEMA
1393380994,8740483892,0,6.658,0,4,21.749678525503644,0.0459678372945489,0.048192299469749206,1.0276135211015122e-07,0.00020863071535403416,MOEMA
1393380994,3472243418,0,68.356,0,4,21.57672524646378,0.04633630322715218,0.007637019672297459,1.8435916654427583e-07,0.00020818943699153357,MOEMA
1393380994,8729102174,0,45.262,0,4,22.22760394342049,0.044979462753340915,0.04035052651010761,1.2294401253362778e-07,0.0002052224542263664,MOEMA
1393381000,1933826014,0,177.56,0,4,21.392627518216887,0.046735057805205475,0.04901108099775999,8.124722636651409e-08,0.00021213117884973543,MOEMA
1393381000,8740483892,0,21.711,0,4,21.81847406772396,0.04582289671430676,0.0479321886759851,1.0320336866347103e-07,0.000209147146791137,MOEMA
1393381000,8740483893,0,14.752,0,4,21.279682811830263,0.046983110251684446,0.0010960323028421563,2.2926262149165449e-07,0.00020474355906522577,MOEMA
1393381021,5046434093,0,69.373,0,4,21.252893270467208,0.04704233305770123,0.041279791429592545,4.573387905935277e-06,0.00019542074634138916,MOEMA
1393381021,1936800737,0,36.129000000000005,0,4,21.97128161165881,0.04550420413976082,0.03923179531341961,1.0570426410725458e-06,0.0001968937982200497,MOEMA
1393381021,1393381024,0,59.353,0,4,21.67188169738534,0.04613285074316908,0.002489003196606469,1.1796974075201078e-06,0.00019300066566628119,MOEMA
1393381032,5046434088,0,13.918,0,4,19.462923274753535,0.051368731693351245,0.011809910198080276,4.2014587883915005e-05,0.00021335676833991252,MOEMA
1393381032,1936800575,0,15.723,0,4,20.35340762966138,0.049121292211142586,0.011600987726152206,2.7201072845970263e-05,0.00020919917408809445,MOEMA
1393381032,1936800747,0,157.387,0,4,20.422203171881698,0.048955819078602164,0.00023810676401558257,1.2663589088583426e-05,0.0002097038774951249,MOEMA
1393381104,8743915499,0,196.32800000000003,0,4,18.902700385769396,0.052891156462585034,0.020910313659337317,0.00012899056210699026,0.00019907734999824965,MOEMA
1393381104,1393381122,0,64.813,0,4,19.44706386626661,0.05141062376019396,9.704935225926955e-05,0.0004559387831042656,0.00019688187658400546,MOEMA
1393381104,3270516973,0,38.439,0,4,19.558936990998713,0.051116565492757116,0.0213029118743241,0.00029624227689797937,0.00019126467304255015,MOEMA
1393381159,8027805775,0,130.548,0,4,22.142948992713244,0.045151424229812526,0.03188847153292347,1.536659505780491e-06,0.00017982026587999052,MOEMA
1393381217,3359537178,0,21.395,0,5,20.91020145735105,0.04781329752887759,0.013113938487387405,3.843273400594377e-05,0.0002124700289838396,MOEMA
1393381226,3359537181,0,13.595,0,5,21.282683240462923,0.04697648658174312,0.03186415128951721,6.313404191188543e-05,0.0002093691218807956,MOEMA
1393381226,1393381272,0,58.833000000000006,0,6,21.731890270038576,0.04600546345696788,0.030476970929897245,0.00015830458399924142,0.00024204896142395306,MOEMA
1393381226,3359537178,0,85.053,0,6,21.23060437205315,0.0470917203367588,0.0224322976538377,6.997701416781185e-05,0.00024173638337404577,MOEMA
1397984418,3270516972,0,53.842,1,6,19.14380625803686,0.052225020990764065,0.028113274892174463,0.0011987282347021564,0.0002499454899336783,MOEMA
1397984459,3270516973,0,54.040000000000006,0,5,19.761465923703387,0.050592688190701354,0.00906241755727012,0.0007726155939300623,0.00022162368969451943,MOEMA
1397985624,8001911199,0,326.23799999999994,0,4,22.637162451778824,0.044165680473372784,0.007454038793336068,7.707384080482664e-10,0.0002154599432031879,MOEMA
1398427088,5046802426,0,25.692999999999998,0,4,21.36305186455208,0.04679975922953451,0.0004461027504805564,1.0546627162408508e-12,0.00019648036171917427,MOEMA
1399167308,1399167309,0,116.21500000000002,0,5,20.52828975567938,0.04870282403299055,0.0007305337876509216,7.584359465780694e-09,0.00019724540463965091,MOEMA
1399167309,1399167310,0,115.684,0,6,20.806900985855123,0.04805067724159242,0.0027838571952366604,7.017311767913429e-09,0.00022723691291642027,MOEMA
1399167310,1399167312,0,116.372,0,6,21.268538362623232,0.047007728816291984,0.00033770395129836513,4.170662958626096e-09,0.0002299840321261261,MOEMA
1399167312,1399167323,0,115.958,0,5,21.7766823831976,0.04591083554768231,0.0016331622500718604,1.5657614727051473e-09,0.0002042743659118933,MOEMA
1399167312,1399167316,0,63.22,0,5,21.906558079725674,0.04563864756985208,0.008192447707423302,2.095770640317584e-09,0.00020452613332052689,MOEMA
1399167316,1399167335,0,116.517,0,4,22.109087012430347,0.04522057754383924,0.0022105943149462255,1.3288351907959126e-09,0.00017641783338266583,MOEMA
1399167316,1935200893,0,52.233,0,5,21.687741105872266,0.046099115568951035,0.010173273627521807,4.050221680215998e-09,0.0002044999015788378,MOEMA
1399167323,1399167335,0,61.117,0,4,22.429704243463352,0.04457418041793669,0.0064003932004305375,7.988260232783435e-10,0.00017618113795046043,MOEMA
1399167335,1914356413,0,54.374,0,5,22.21110158594085,0.045012881499850436,0.003960493733368139,1.366560660418931e-09,0.0002171718905625756,MOEMA
1399167366,1399167369,0,41.516,0,4,23.178954136305187,0.04313333888102965,0.003986203704969043,3.7454179468103033e-10,0.00018966365218098957,MOEMA
1399167366,1399167379,0,116.03,0,4,23.054864980711532,0.043365497239109825,0.00036341392289926947,3.269071111981894e-10,0.00019134669017249598,MOEMA
1399167366,1914356413,0,28.372999999999998,0,5,22.32233176168024,0.04478858635124237,0.00457382710993746,1.1699673991295804e-09,0.00022245729939699126,MOEMA
1399167369,1399167385,0,116.315,0,4,23.239177025289326,0.04302156150284966,0.0015395872182991997,2.2910814860429216e-10,0.00018919539122362069,MOEMA
1399167369,1845965088,0,47.878,1,5,22.69374196313759,0.04405556762269924,0.0022566869667352343,6.166395518862232e-10,0.00022376170165530049,MOEMA
1399167378,1399167383,0,31.725,0,4,22.999357051007287,0.04347015794623305,0.004822588456778643,3.757836190110192e-10,0.00018609628149272238,MOEMA
1399167378,1399167389,0,116.522,0,4,23.358122588941278,0.04280248465441466,0.000399315234594226,2.3588313751715204e-10,0.00018647764894822523,MOEMA
1399167378,1845965088,0,39.737,0,5,22.676168024003427,0.044089710510646744,0.005560534128134329,6.177446134530702e-10,0.00022258419329043678,MOEMA
1399167379,1914356415,0,28.811,0,4,22.77946849549936,0.04388977222478337,0.00029508561999596516,3.187019970039731e-10,0.00018652353615595673,MOEMA
1399167379,1399167385,0,41.991,0,4,23.624946420917272,0.0423190667126295,0.0004333635753629912,1.8147346074653112e-10,0.00019087842921512716,MOEMA
1399167383,1399167391,0,116.531,0,4,23.036219459922847,0.04340059728153172,0.0030479055522189213,3.5573220824506177e-10,0.00018396932639669008,MOEMA
1399167389,1399167391,0,32.468,0,4,23.417702528932704,0.042693585437506294,0.0007008862528318608,2.1583172302383046e-10,0.000184350693852193,MOEMA
1399167392,1399167394,0,115.874,0,4,20.684526360908702,0.0483349565866092,0.000425951691658226,7.255937500769275e-09,0.0001735135720019692,MOEMA
1399167393,1399167395,0,116.422,0,4,21.506429489927132,0.04648775772553787,7.319235158455651e-05,1.3643509677898924e-09,0.00017537860656559573,MOEMA
1399167394,1914358318,0,58.226,0,5,21.10094299185598,0.04738109022212743,0.004829073855020312,5.903719770806832e-09,0.00021116499717878568,MOEMA
1399167395,1914358318,0,58.687,0,5,20.972567509644236,0.04767111528950111,0.006984542284912346,4.715554830177726e-09,0.00021174643086794035,MOEMA
1400686804,1400686811,0,116.788,0,5,21.602228889841406,0.046281598476130004,0.001014501582089739,2.438342853438377e-13,0.00023113214236027824,MOEMA
1400686804,8021754001,0,94.975,0,4,21.87226746678097,0.04571019832248961,0.019782549229384133,1.5276608829263545e-13,0.00019913262404167367,MOEMA
1400686804,5078771900,0,25.294,0,4,21.218174024860694,0.04711930831077532,0.019772357889290083,6.328507685795737e-13,0.00019342872403173343,MOEMA
1400686811,1400686812,0,81.784,0,5,21.38984140591513,0.04674114523320475,0.0012943001919446257,1.4388657885027508e-13,0.0002341324044275442,MOEMA
1434789113,4033623326,0,50.243,0,6,18.015859408486925,0.05549475387214199,0.029665832906957002,1.8197315189533577e-06,0.00024143111187355741,MOEMA
1434789113,4024247137,0,145.516,2,6,17.602228889841406,0.0567988116690206,0.04733970122233543,4.132585252859862e-06,0.00024521939732486515,MOEMA
1550389899,1550389901,0,12.321000000000002,1,6,22.41555936562366,0.0446023080379765,0.04616792873288521,1.33739348398987e-13,0.0002516599196323819,MOEMA
1832316608,3805865211,0,116.437,0,4,17.775825117873982,0.05624412239878469,0.02143725226647297,2.0186809483870507e-07,0.0001835425826795321,MOEMA
1845965077,1845965096,0,115.83800000000001,0,6,20.32340334333476,0.04919381201952989,0.012369044175058502,2.7282677167510605e-08,0.00021865744212687345,MOEMA
1845965077,1845965090,0,116.424,0,6,20.01800257179597,0.04994432786604428,0.012800323158129527,4.0807053155198025e-08,0.00021876334708950093,MOEMA
1845965079,12531792346,0,12.609,0,5,21.439562794684957,0.046632745884022914,0.013793283953202293,7.0102450324184555e-09,0.0002028051846702961,MOEMA
1845965079,1935200893,0,116.06,0,6,21.23681954564938,0.04707793846060691,0.009132135588368067,8.636148187318423e-09,0.0002325908293575886,MOEMA
1845965079,1845965096,0,116.287,0,6,20.81033004714959,0.048042759600828,0.012002850795769945,1.6008588582763875e-08,0.00022492650425327994,MOEMA
1845965081,1845965090,0,117.945,0,6,20.181954564937847,0.04953859550382823,0.010012296778308937,5.5595910815971086e-08,0.0002218921999147117,MOEMA
1845965081,1845965084,0,114.44200000000001,0,6,20.328975567938276,0.04918032786885246,0.012448721924884727,7.021927842861187e-08,0.00022507982439912323,MOEMA
1845965084,1933826449,0,115.96199999999999,0,6,20.288041148735534,0.04927955717062452,0.0031558411086695646,1.096428294252285e-07,0.0002240983976092153,MOEMA
1845965084,1933826218,0,57.955,0,5,20.90634376339477,0.04782212016525028,0.011873374452302328,7.541534829923512e-08,0.00019427185283699589,MOEMA
1845965085,1845965100,0,116.067,0,6,21.190098585512217,0.04718173818939447,0.01052973890944786,2.6857732519769286e-07,0.0002168940004380999,MOEMA
1845965085,1845965102,0,116.30799999999999,0,6,21.009429918559793,0.04758747322248291,0.010530665394910954,2.8427514092329365e-07,0.00021788823495225672,MOEMA
1845965088,12531792346,0,102.832,0,5,21.951993141877413,0.04554418713632991,0.017573807885364102,1.9875962988907633e-09,0.00021553962512458512,MOEMA
1845965092,1914356414,0,115.796,0,6,22.815473639091298,0.04382050968935815,0.022458297152145822,2.2949951566035748e-10,0.00023262825748463607,MOEMA
1845965098,1933826218,0,58.43899999999999,0,5,21.361123017573938,0.04680398511101524,0.01200192431030685,1.1642557157807702e-07,0.00019290777617059272,MOEMA
1845965098,1935200898,0,116.046,0,6,20.928846978139735,0.04777070063694268,0.0035021150505015644,1.2502500449016546e-07,0.00022312999685745175,MOEMA
1845965098,3270516962,0,116.23599999999999,0,6,20.84183454779254,0.04797013820335637,0.001517351567184904,2.145804742525194e-07,0.00022346124032824515,MOEMA
1845965098,1845965100,0,115.869,0,6,21.046506643806257,0.04750364041831716,0.010589265600451755,2.0165779431038666e-07,0.00022047518979546676,MOEMA
1845965100,3270516961,0,116.177,0,6,21.134804972138877,0.047305176697257006,0.0031614000214481384,3.4965617206686463e-07,0.00021875530969374038,MOEMA
1914356413,1935200893,0,116.203,0,6,21.57372481783112,0.046342747583521256,0.002127673865999165,4.087947152866309e-09,0.0002443353760916893,MOEMA
1914356413,1914356415,0,116.1,0,5,22.063223317616803,0.0453145793466541,0.0014763545854429214,1.1617622900861655e-09,0.00021734661104633076,MOEMA
1914356414,1914356415,0,116.488,0,5,22.485640805829405,0.04446329514477973,0.001347109863341078,3.2322183094144784e-10,0.0002093934898009422,MOEMA
1914358318,12531792335,0,80.732,0,5,21.01414487783969,0.04757679598580345,0.00863438127331993,5.2899556524767645e-09,0.0002117144938243961,MOEMA
1933826007,8728650810,0,110.65999999999998,0,5,21.786112301757395,0.04589096346430047,0.02197716167009196,2.2935599978433904e-10,0.0002153995494838585,MOEMA
1933826007,2305263398,0,114.933,0,6,22.11358765537934,0.045211374076873874,0.002398670863954643,2.2903652874758415e-10,0.00024214679559612012,MOEMA
1933826007,1933826736,0,116.136,0,6,22.0195027861123,0.04540455310824095,0.018667292353182745,3.3779036209760495e-10,0.0002335486859510453,MOEMA
1933826014,1933826215,0,16.755,0,2,21.87076725246464,0.045713333790629994,0.0006805035726437564,3.541914611404753e-08,0.00011740926402150874,MOEMA
1933826218,3270516963,0,116.214,0,5,21.073081868838404,0.0474437336642021,7.435045841342607e-05,1.1152082178091657e-07,0.00019537071239147203,MOEMA
1933826449,3270516963,0,58.01800000000001,0,6,20.595799399914274,0.04854318418314256,0.018454432318036517,1.4574830289407573e-07,0.00022523476823966746,MOEMA
1933826736,2426181724,0,115.86,0,6,22.406772396056578,0.04461979913916786,0.0029084694900230255,2.6307888334587947e-10,0.00022665425299994967,MOEMA
1936800575,1936800596,0,22.726,0,4,20.29939991427347,0.04925198222072067,0.00032473315481502604,8.187742351196034e-05,0.00020158786014651243,MOEMA
1936800596,3270516972,0,72.259,0,5,19.33776253750536,0.05170120802393882,0.03000492658645001,0.00037044431195644526,0.00022585154647909012,MOEMA
1936800737,8073390310,0,34.901,0,4,22.025503643377625,0.04539218261961059,0.00041460224473530426,4.2566154789381586e-07,0.0001977139311351259,MOEMA
1936800777,3270516971,0,64.586,0,6,18.288255465066438,0.054668182297587097,0.01593879266436605,0.0004289147204864871,0.0002599139047760143,MOEMA
1942703798,5539613720,0,15.441,0,5,19.983926275182167,0.050029492197973084,0.03662142252114761,8.097543737636155e-13,0.00022430970745069645,MOEMA
1942703818,1942703888,0,49.05800000000001,0,6,21.033861980282897,0.04753219758721878,0.027554140915196236,1.016433047498634e-12,0.0002573854904062008,MOEMA
1942703850,1942703878,0,46.507000000000005,0,5,22.52271753107587,0.044390100008564005,0.02658295252850622,1.907519621570744e-13,0.0002283258822686611,MOEMA
1942703864,1942703874,0,105.191,0,6,20.766180882983285,0.04814489911760153,0.0060756600456155115,5.762389340832632e-13,0.0002433692529776055,MOEMA
1942703878,3315170392,0,39.795,0,4,22.951993141877413,0.04355986329766373,0.0007006546314660868,1.3918337148727862e-13,0.00019174281693618483,MOEMA
1942703878,8000060788,0,14.558,0,4,22.534933561937418,0.04436603644386959,0.027149730010554984,4.743007787143e-13,0.00018860267223709266,MOEMA
1942703888,3278570118,0,134.262,0,5,20.26939562794685,0.04932488871501528,0.0053893659388274074,2.429480408696054e-12,0.00022150018129183123,MOEMA
2305263398,2426181724,0,114.676,0,6,22.47899699957137,0.044476436545997124,0.0010719436808016693,1.5432504547779022e-10,0.00023525236264502455,MOEMA
2305263398,2305267577,0,119.812,0,5,22.180240034290613,0.045075512353492504,0.000516515645675826,8.870452277344266e-11,0.00021597152427545727,MOEMA
2380750801,2380750803,0,12.851,0,5,19.016288041148737,0.05257522822044405,0.006257946060479581,1.3071181548268837e-07,0.00021929922943195954,MOEMA
2380750801,9051297964,0,67.803,0,5,19.749249892841835,0.050623982637004884,0.0025830414711106777,5.7855010070237144e-08,0.0002214974436618236,MOEMA
2380750803,8732206066,0,3.884,0,4,18.573510501500213,0.0538285793409028,0.020045902722269075,2.9226302795033546e-07,0.00018280250461169474,MOEMA
2426181722,2426181724,0,116.239,0,6,22.744963566223745,0.04395635459068295,0.0004917321595380173,1.745474573454265e-10,0.00022416702379781858,MOEMA
2466359864,2466359867,0,37.574,0,4,20.292541791684528,0.04926862755452289,0.016298037402681386,4.66599339051322e-10,0.0002072720433342505,MOEMA
2466359864,2466359901,0,260.769,0,4,20.338619802828976,0.04915700737618546,8.73212548967652e-05,1.0587655221689353e-09,0.0002193468382741945,MOEMA
2466359867,2466359879,0,110.388,0,4,20.63009001285898,0.04846249740286723,0.0005334240053773216,1.1578724867853156e-10,0.00019846341754061473,MOEMA
2466359869,2466359875,0,68.003,0,4,18.375482211744536,0.054408677396780965,0.01847226716320111,2.366210345373558e-08,0.00021427421420505666,MOEMA
2466359869,8693966316,0,153.84699999999998,0,4,18.05679382768967,0.055368948286707895,0.01674923582320897,1.057079518807312e-07,0.00021504235213341724,MOEMA
2466359879,2466359887,0,68.49600000000001,0,4,21.083154736390913,0.04742106654197247,0.0011689930330609389,8.013149279249846e-11,0.00019423747455280253,MOEMA
2466359901,2466359907,0,36.982,0,4,20.816759537076724,0.04802792105506996,0.02429569154148883,8.331502958082431e-10,0.00023355875945962662,MOEMA
2466359907,4583150341,0,90.628,0,2,21.55872267466781,0.04637499627210641,0.0006805035726437564,1.790245337570681e-10,0.00012991134672460418,MOEMA
2529206490,3270516963,0,115.94500000000001,0,5,20.788041148735534,0.04809427095683372,0.0002726183475158956,1.502570766074445e-07,0.00019591678833519153,MOEMA
2552447688,8740365000,0,9.54,0,4,23.336262323189025,0.04284257992230477,0.002040120989736626,9.334144614112118e-12,0.00024848529064529733,MOEMA
2552447717,2552447765,0,116.333,0,4,22.617873981997427,0.04420334486189416,0.00017695872345126952,1.1778834270321974e-10,0.00016822950113589308,MOEMA
2552447717,4170137969,0,60.795,0,5,22.21753107586798,0.044999855305931494,0.00982537833612939,3.0705977670176137e-10,0.00019791226832008296,MOEMA
2583653802,2583653816,0,36.267999999999994,0,4,18.995070724389198,0.05263395425979624,0.006938218011757564,5.9497945249537984e-08,0.00018775237505770762,MOEMA
2816494718,4264811461,0,17.320999999999998,0,4,24.425203600514358,0.04093254246806121,0.0013932025151300867,2.514515322428492e-13,0.00020372748591333828,MOEMA
3060053042,7086326197,0,32.567,0,2,22.53000428632662,0.044375743162901306,0.0006805035726437564,2.2462382017409545e-11,0.00012469891938930497,MOEMA
3270516961,3270516962,0,116.015,0,6,20.93291898842692,0.047761407963306135,0.01837753402459958,3.625788519698306e-07,0.00022174136022651872,MOEMA
3270516962,3270516963,0,58.027,0,6,21.17123874839263,0.04722376879080832,0.01895844040996055,2.0967572444459823e-07,0.00022603646721431432,MOEMA
3270516969,3270516970,0,71.444,0,5,17.5872267466781,0.056847261826423925,0.02330435209597648,5.3924104421724564e-05,0.0002187607825460079,MOEMA
3270516969,4024247137,0,129.272,0,5,17.704243463351908,0.05647152818128995,0.05840077954486865,1.3039520923987353e-05,0.00021218196194218436,MOEMA
3270516970,3270516971,0,220.497,0,6,17.711315902271753,0.056448978110139034,0.02314129065447165,0.0001982707679821392,0.00025759595150801447,MOEMA
3270516971,3270516972,0,42.979,0,6,18.440848692670382,0.0542158173048986,0.028587635449279437,0.00046015509223024776,0.0002558985576462098,MOEMA
3270516971,5046434088,0,26.689,0,5,18.499785683669096,0.05404309545875811,0.011761269711267754,0.00018640171882370699,0.00023754232936094237,MOEMA
3270516972,3270516973,0,11.542,0,5,19.339477068152593,0.05169662448192557,0.030185591251753664,0.0004953423438517494,0.0002197283659594281,MOEMA
3278570096,3278570097,0,220.04700000000003,0,4,17.41320188598371,0.05741538461538462,0.05620709358962392,9.98118367792689e-08,0.00021287541362610023,MOEMA
3278570097,3278570098,0,372.6529999999999,0,4,17.7087441063009,0.05645717605199143,0.011902327123024067,2.0640635523839243e-08,0.00021270486781095762,MOEMA
3278570097,3278570111,0,201.73400000000004,0,4,17.90334333476211,0.05584351844093036,0.04416208770528312,2.0748178060834256e-08,0.00020929925237157977,MOEMA
3278570098,8062402669,0,1870.9859999999999,0,4,17.96163737676811,0.05566227970742999,0.0010964955455737041,4.266560090223145e-09,0.00021090306065590518,MOEMA
3278570111,3278570115,0,46.541,0,4,18.643591941705957,0.05362623719695141,0.05675117217782684,4.425352718215093e-09,0.0001987124495547673,MOEMA
3278570115,3278570116,0,66.076,0,4,19.438062580368623,0.05143443074819731,0.04195265149716577,9.954348929337743e-10,0.00019018481961191212,MOEMA
3278570118,3278570119,0,19.734,0,4,19.857908272610374,0.05034697864165686,0.05437450534362072,8.990780322078004e-12,0.00018496071984092782,MOEMA
3278570118,5539613720,0,288.317,0,4,19.850621517359624,0.050365459982941604,0.049067133368277276,2.208129642554874e-12,0.00018726282407052926,MOEMA
3315170398,3317179766,0,83.224,0,5,22.735747963994857,0.04397417165480511,0.0015845217632593387,5.700605606893976e-13,0.00022867462594530958,MOEMA
3315170400,3317179768,0,103.569,0,5,23.34804972138877,0.042820950597565674,0.0033473919781645905,2.411333878496917e-13,0.00022751873376879595,MOEMA
3315170402,3317179769,0,135.293,0,5,24.1262323189027,0.041439776855906836,0.0015729406949706432,8.094005604421819e-14,0.00021089027801812071,MOEMA
3317179764,8000060788,0,30.594,0,5,21.74903557651093,0.045969196204215565,0.008079184859559859,1.823457860618871e-12,0.00022039265948431343,MOEMA
3317179764,3317179765,0,39.45,0,5,21.68388341191599,0.04610731688031865,0.012766506438726536,1.882950970525757e-12,0.0002186880702073963,MOEMA
3317179765,8000060788,0,57.811,0,4,22.570510072867553,0.044296104981294035,0.019361924829138708,8.132361561343159e-13,0.0001849577221120084,MOEMA
3317179765,3317179766,0,47.905,0,5,22.45006429489927,0.04453375591874141,0.03164109991427693,9.058164199242922e-13,0.000223969385814334,MOEMA
3317179766,4181805790,0,12.553999999999998,0,5,21.956065152164594,0.04553574043163782,0.00995740251462052,1.5742705265880858e-12,0.0002231450268454917,MOEMA
3317179766,3317179767,0,79.844,0,5,22.7766823831976,0.043895140953743084,0.02308894422580674,8.250622131923688e-13,0.00022550723245043423,MOEMA
3317179767,3317179768,0,50.019000000000005,0,5,22.65430775825118,0.04413225486022421,0.02288233796753641,5.505978449104555e-13,0.00022706507983483556,MOEMA
3317179768,8438910624,0,40.986,0,5,23.378911273039005,0.04276442439909796,0.0210099108466201,2.7392483755891413e-13,0.00022793194257458952,MOEMA
3317179769,8438910624,0,76.272,0,4,23.858551221603086,0.041904710574539185,0.020809558365225665,1.2860363714815057e-13,0.0001827572892246912,MOEMA
3317179769,4167937342,0,59.393,0,5,23.633304757822547,0.042304099824979825,0.02234127045708855,2.0038378892020193e-13,0.0002113414224316652,MOEMA
3317179777,3317179780,0,169.466,0,4,16.836690955850838,0.05938136456211813,0.0004083484678594086,2.3651281949397344e-06,0.0002076025677582459,MOEMA
3359512166,3359537186,0,74.90099999999998,0,4,20.695885126446637,0.04830842834508683,0.014103193340607788,3.020607532346186e-05,0.00019010662100016362,MOEMA
3359537178,3359537179,0,54.153,0,6,21.07415345049293,0.04744132123825408,0.010201531434146224,2.904341173900741e-05,0.0002394328666021392,MOEMA
3359537179,3359537181,0,79.128,0,5,21.034719245606514,0.0475302604230346,0.011704522476653146,2.220043948307844e-05,0.00020716217848556687,MOEMA
3359537180,3805865211,0,94.509,0,4,17.388555507929706,0.05749676465150675,0.021695741710676657,7.689847575593028e-07,0.00019136393110866218,MOEMA
3359537180,6153207472,0,97.77799999999996,0,4,17.630304329189883,0.056708362204150105,0.021856023695792204,8.438144023467238e-07,0.0001913586573196593,MOEMA
3359537181,3359537186,0,37.25,0,4,20.849549935705102,0.04795238682619958,0.0200776348493801,1.99796233212455e-05,0.0001834754102093397,MOEMA
3359537183,6153207472,0,43.838,0,4,18.19995713673382,0.05493340869749532,0.02229633591212841,5.305980430517566e-07,0.00018345617508614694,MOEMA
3359537183,3359537184,0,112.933,0,4,18.785683669095587,0.053220617427613116,0.03170456416849898,1.04766294722229e-06,0.00018153340089291083,MOEMA
3359537184,3359537185,0,116.34,0,4,19.477068152593226,0.05133142605633803,0.03142175448088904,2.95058920762065e-06,0.0001823954662490653,MOEMA
3359537185,3359537186,0,79.654,0,4,20.15237891127304,0.04961129840159097,0.033895470667354426,9.424692531459208e-06,0.00018688598313484163,MOEMA
3472243418,8729102174,0,26.376,0,4,21.852764680668667,0.04575099298778993,0.0003444209709058086,2.079494132312736e-07,0.0002051001692217378,MOEMA
4024247137,8732206070,0,496.34,0,5,17.79897128161166,0.05617098133654425,0.013264260753774675,3.743760157379207e-06,0.00021149474946514408,MOEMA
4085223744,5080376201,0,40.584999999999994,0,4,23.660094299185598,0.04225620029348358,0.0009081873751995128,2.0007452444556523e-11,0.00018664878973290362,MOEMA
4167937330,4167937332,0,16.499,0,4,20.70917273896271,0.04827743224083867,0.027841814651487436,2.2237512750249863e-11,0.00019740958670359018,MOEMA
4167937331,4167937332,0,64.72800000000001,0,5,20.97856836690956,0.04765747910835053,0.027914312138974672,2.9217283137741145e-11,0.00022862254351357767,MOEMA
4167937331,6359780729,0,57.48,0,5,21.25932276039434,0.047028105972015004,0.017690776675079928,2.674520367668617e-11,0.00022571015256512655,MOEMA
4167937333,4167937342,0,157.55100000000002,0,6,23.61808829832833,0.04233135514781946,0.013397674660460449,2.0248390485031715e-13,0.00024410124455790245,MOEMA
4167937334,6359780729,0,95.136,0,4,22.06408058294042,0.04531281871958504,0.017144845115950814,6.522046699515385e-12,0.0001892582525088943,MOEMA
4167937334,6359780732,0,100.886,0,4,22.62666095156451,0.04418617867697204,0.0038101714669808687,4.308072328252555e-12,0.00018943806859113966,MOEMA
4167937342,4167937343,0,91.371,0,6,23.68109729961423,0.04221872284969592,0.020403062868292448,2.2381486018443115e-13,0.0002458154114016074,MOEMA
4167937621,4170137966,0,141.494,1,6,21.203171881697386,0.04715264721935836,0.01055104807509906,9.891548955030381e-10,0.0002233149867035458,MOEMA
4170137966,4170137969,0,116.065,0,6,21.564937848264037,0.046361630657311526,0.009271108407832416,5.869603970412512e-10,0.00022469278073215706,MOEMA
4252790481,8754308410,0,101.22000000000001,0,5,27.058508358336905,0.03694903172151598,0.017829749494544276,2.9821212027347676e-15,0.00024741042246105094,MOEMA
4252790481,7991681750,0,54.354,0,5,27.870124303471925,0.03587302563787084,0.01668044427757412,9.416459189443883e-16,0.00025870635747327487,MOEMA
4264807779,4264809996,0,60.439,0,4,25.2038148306901,0.03966803003375822,0.030144362648645905,6.158743223430142e-14,0.00020100527147263444,MOEMA
4264807779,8754311020,0,90.209,0,4,26.102657522503215,0.038302064945194794,0.02756062631343791,1.7185917019416896e-14,0.00020237845524255586,MOEMA
4264809996,4264811461,0,63.115,0,4,24.36605229318474,0.04103191077648383,0.033509357850609316,2.508008213396493e-13,0.00019840222029598054,MOEMA
4264819363,4264820699,0,129.724,0,4,23.66952421774539,0.04223936545879285,0.0343645039330466,3.843885560551985e-12,0.00019841371398257558,MOEMA
4264820699,4264820768,0,31.368000000000002,0,4,23.02678954136305,0.04341837067096042,0.021706396293502257,9.566406668148566e-12,0.00019708164456321763,MOEMA
4264820768,4264821018,0,85.85499999999999,0,4,22.265966566652377,0.04490196644624758,0.0194383598798441,3.90169900880876e-11,0.00018904476094690269,MOEMA
4343783341,5539613720,0,63.35099999999999,0,4,19.396913844834977,0.051543544074426004,0.012799628294032205,1.5810262584605524e-12,0.00018770119461771097,MOEMA
4358353980,13427163465,0,133.252,0,4,25.859622803257608,0.038662036614979155,0.00272525698969586,3.00721247194361e-13,0.00020162175626031975,MOEMA
4369035945,5052127784,0,110.322,0,5,21.45477925417917,0.046599672353857834,0.01662323380022796,9.925041988178381e-11,0.0002054205507690397,MOEMA
5046262358,5046262359,0,48.49,0,2,22.5387912558937,0.04435844284274385,0.0006805035726437564,2.213284606865002e-14,0.00012958842688760923,MOEMA
5046267597,7008896855,0,9.51,0,2,22.066866695242176,0.04530709762635484,0.0006805035726437564,3.415058070072044e-14,0.00011717279103883332,MOEMA
5046323032,8021599595,0,8.658,0,4,22.880411487355335,0.04369614087673286,0.0015027594211411476,5.48876449686002e-14,0.0002120521058003477,MOEMA
5046323032,8728989970,0,7.977,0,4,21.980925846549507,0.04548423895556877,0.003261228830096695,1.1108433007791681e-13,0.00020988555057945604,MOEMA
5046326808,8003253776,0,40.176,0,4,21.489712816116587,0.04652392017632217,0.01935775564455478,6.18862257754502e-13,0.00017700463340748654,MOEMA
5046375342,5046375344,0,57.934,0,4,21.175525075010714,0.04721420980719599,0.0004752870425680695,7.191425095680783e-10,0.00018691750622537448,MOEMA
5046399478,9051297964,0,10.843,0,4,20.63351907415345,0.04845444347500935,0.0006751762812309564,1.799956774662625e-08,0.00018987900473916653,MOEMA
5046399478,5046399481,0,26.533,0,4,20.63351907415345,0.04845444347500935,6.022155510121738e-06,9.947464920863084e-09,0.0001926967799579382,MOEMA
5046399481,5046399484,0,39.531,0,4,20.867338191170166,0.04791151005987655,0.0019604432399104,7.492046707153576e-09,0.00019008837675088747,MOEMA
5046434087,5046434088,0,59.322,0,2,19.48306900985855,0.05131561578738945,0.0006805035726437564,3.6519526795182225e-05,0.00011770018490599053,MOEMA
5046708003,5046708006,0,21.589000000000002,0,4,19.949421345906558,0.05011602423617378,0.00035924473831533903,1.4262398362488268e-06,0.0002016090808899318,MOEMA
5046800119,8061591458,0,89.689,0,4,21.18345477925418,0.047196535885554725,0.003511611526498295,1.0499278086558064e-12,0.00021149487638867426,MOEMA
5052127784,5052127789,0,120.47300000000001,0,4,21.91941705957994,0.04561187375337322,0.02180715158761391,3.2783308147532165e-11,0.00017877060830272587,MOEMA
5052150659,5052150662,0,58.04,0,2,23.485640805829405,0.0425700832238283,0.0006805035726437564,8.023643199135692e-13,0.00012233445451092703,MOEMA
5052199154,5052199157,0,114.246,0,4,23.27325332190313,0.042958570073577486,0.0001424471399509565,5.234111916343998e-12,0.00019240990767062577,MOEMA
5052199157,5052203606,0,42.395,0,4,23.83347621088727,0.041948798187164474,0.0015509366652221215,3.065258545198852e-12,0.00020480329632396307,MOEMA
5052203603,5052203605,0,49.338,0,2,24.20145735105015,0.041310970210052776,0.0006805035726437564,8.406654806275344e-13,0.00011371204481990008,MOEMA
5052203606,7008896854,0,12.912,0,2,24.00192884697814,0.04165438911360531,0.0006805035726437564,2.1044907161518102e-12,0.00011477092066323964,MOEMA
5058324122,6245550737,0,36.858,0,4,20.29039862837548,0.04927383152891471,0.0024507856712537735,6.924888505345724e-09,0.00021373940723845732,MOEMA
5058324150,5058324153,0,194.627,0,4,20.9562794684955,0.04770816714732773,0.000593877181844313,1.5565320251736822e-08,0.00020242125651205226,MOEMA
5078771900,5078771904,0,139.448,0,4,20.699742820402914,0.04829942537661128,0.00014128903312208692,1.6011155542817124e-12,0.0001931346758761706,MOEMA
5078771904,8761785636,0,117.179,0,4,20.813973424774968,0.04803434996602072,0.005109104086240972,1.345296808123651e-12,0.00020105362248795542,MOEMA
5078772911,10049462107,0,115.825,0,4,21.109944277753964,0.047360886912557486,2.31621365773913e-07,4.361987675453963e-07,0.00016946895079774954,MOEMA
5078807935,5078807937,0,66.874,0,2,21.836262323189025,0.04578556846733668,0.0006805035726437564,2.421059842042013e-10,0.00010824470429886974,MOEMA
5080376201,5501996778,0,79.84,0,4,23.97128161165881,0.04170764416629415,0.0004840886544674782,1.6355520359038198e-11,0.00019202159447506304,MOEMA
5080376201,5080376204,0,113.38300000000001,0,4,24.40827261037291,0.04096093564786766,0.00045050355643026075,8.859239806169599e-12,0.0001931249046234229,MOEMA
5080376204,5501996778,0,36.068,0,4,23.865195027861123,0.04189304476673701,0.01580375740811986,1.425793251933985e-11,0.00019138890582489948,MOEMA
5539630556,5539630557,0,87.513,0,2,20.798756965280756,0.04806949210176512,0.0006805035726437564,1.3316674751109597e-11,0.00011801038261120482,MOEMA
6346211782,6346211783,0,26.531,0,2,24.784183454779253,0.04033966604117845,0.0006805035726437564,1.1632177719672486e-11,0.00010588652138954292,MOEMA
6359618936,6359618940,0,20.951,0,4,20.636090870124303,0.04844840478564307,0.009697986584953737,2.2273664950364363e-08,0.00021084735900912046,MOEMA
6359780729,6359780732,0,33.998000000000005,0,4,22.106943849121304,0.04522496146426113,0.00016329306287060866,7.715721920959908e-12,0.00018972182051911436,MOEMA
7991967535,8754311021,0,12.113,0,5,26.775610801543078,0.03733941649657822,0.00790639532069252,2.3413406283494853e-14,0.00022306245903184108,MOEMA
8008441178,8008441182,0,30.189999999999998,0,4,18.84312044577797,0.05305839266622688,0.0029587313263959645,6.396337545540826e-11,0.00019569777097910667,MOEMA
8013565995,8013565996,0,10.874,0,4,21.347406772396056,0.046834057847340044,0.0005366667044981564,1.034815886676622e-11,0.0001929086288034731,MOEMA
8021577755,8021577766,0,10.244,0,4,23.265323617659664,0.042973211982755444,0.0001767271020854956,3.791120886557467e-15,0.00020921744643560266,MOEMA
8021577763,8021577766,0,12.801,0,4,22.5679382768967,0.04430115287458928,0.0036223265393382255,1.2446293552552864e-14,0.0002034919566938803,MOEMA
8021577784,8021599594,0,8.267,0,4,21.103729104157736,0.04737483497511932,0.01088852040503165,4.3906871228216905e-13,0.00019809170779865157,MOEMA
8021577784,8021599585,0,6.282,0,4,21.904629232747535,0.04564266635357656,0.007387795082724729,1.0690972211787605e-13,0.00020507692350881288,MOEMA
8021577784,8728989968,0,10.878,0,4,21.722674667809688,0.04602498076126206,0.0034511583500313036,1.2695322018321582e-13,0.00020084938171286419,MOEMA
8021599585,8728989968,0,11.047999999999998,0,4,22.39069867123875,0.04465183058147882,0.0016600303285016344,7.081672814623472e-14,0.000202911200293435,MOEMA
8021599585,8021599589,0,5.74,0,4,22.6408058294042,0.04415857329471233,0.008855116434902468,3.1856476121930267e-14,0.0002098360950057709,MOEMA
8021599589,8021599593,0,4.298,0,4,23.555507929704245,0.04244381766900191,0.0007492951182786086,1.2428616010125379e-14,0.00021308699773260115,MOEMA
8021599589,8728989969,0,10.871,0,4,23.47385340762966,0.042591459796035756,0.007962216069844033,9.115416105722096e-15,0.00021322728822747956,MOEMA
8021599593,8728989969,0,10.79,0,4,23.631804543506217,0.042306785409827144,0.0010951058173790606,8.60036079209616e-15,0.0002137808380379226,MOEMA
8021599593,8021599595,0,7.787,0,4,22.944920702957564,0.04357328999355507,0.0018930414224701908,2.8248914156541507e-14,0.00021300911795980838,MOEMA
8021599594,8728989970,0,8.612,0,4,21.098799828546934,0.04738590307475088,0.003916948916602643,4.3602961380469535e-13,0.0002006064443019251,MOEMA
8021599595,8728989970,0,5.268,0,4,22.04307758251179,0.045355993505293964,0.00046440083837669555,1.0077502186768025e-13,0.0002102111331556809,MOEMA
8021599596,8021599597,0,10.780000000000001,0,4,23.1408058294042,0.043204445473489235,0.0023602217172361733,4.920747545884249e-15,0.000209816705739143,MOEMA
8021599596,8021599598,0,13.419,0,4,22.460780111444492,0.04451250930325757,0.001722336475894817,1.4559146441948776e-14,0.00020410825600242644,MOEMA
8021599597,8021976282,0,89.891,0,4,23.562366052293186,0.042431463862764,0.0014601410898387474,1.589790663769984e-15,0.0002099278976652194,MOEMA
8021736153,8761785632,0,6.94,0,4,21.548221174453495,0.046397597071928705,0.0045328301281954775,5.556956386006544e-13,0.00021422346635892878,MOEMA
8021736153,8761785633,0,2.403,0,4,21.636305186455207,0.04620870684958645,0.0020558712426092516,9.25654592542973e-13,0.00021405310543979775,MOEMA
8021736153,8761785634,0,5.266,0,4,21.20531504500643,0.04714788163001293,0.0025524674508285213,2.302755301492046e-12,0.00021392731950250013,MOEMA
8021736164,8761785633,0,6.248,0,4,21.48264037719674,0.046539236616851894,0.0029513194426911992,6.194558777073019e-13,0.0002131696716298129,MOEMA
8021736164,8761785635,0,2.607,0,4,22.097942563223317,0.04524338321582015,0.00043544816765495644,2.3272690091109414e-13,0.00021243802582986186,MOEMA
8021736164,8761785636,0,4.016,0,4,21.625375053579084,0.04623206215809086,0.00298745237575193,4.0454447373784186e-13,0.0002102795688571437,MOEMA
8021736165,8761785632,0,5.287,0,4,21.900985855122162,0.04565025932087288,0.0020672206895321734,1.2450458455685376e-13,0.00021416009996318532,MOEMA
8021736166,8021736167,0,6.245,0,4,23.151093013287614,0.043185247586162205,0.0035440385177066425,1.647192681111472e-14,0.0002137965807894431,MOEMA
8021736166,8761785637,0,4.244,0,4,23.069652807543935,0.043337699618182325,0.0008000201973830955,2.8116619585042283e-14,0.00021401595962160328,MOEMA
8021736167,8761785637,0,6.483,0,4,22.996785255036432,0.043475019337763154,0.0016496073670418084,2.5270859446029225e-14,0.00021364479277940937,MOEMA
8021736167,8021921011,0,127.899,0,4,23.45777968281183,0.04262064428892503,0.005046334696116242,1.4445440291977583e-14,0.00021168522390835874,MOEMA
8021736182,8021921022,0,9.491999999999999,0,4,22.904629232747535,0.043649939647993415,0.018803022473526255,1.2482454727143895e-14,0.00021060582858746843,MOEMA
8021736182,8021921010,0,121.159,0,4,23.31204457779683,0.04288708698769927,0.018787967084750952,1.0248385831909314e-14,0.00020811777558183764,MOEMA
8021736182,8021921016,0,14.463000000000001,0,4,23.03793399057008,0.043397367319410206,0.001075418001288278,1.8330282452557677e-14,0.00020454565893690676,MOEMA
8021736183,8021921016,0,15.092,0,4,22.639948564080584,0.04416024536625078,0.0005482477727868521,2.7613434689663797e-14,0.00020536237751104614,MOEMA
8021736183,8021921022,0,12.356,0,4,22.89369909987141,0.04367077942745876,0.018316154362669493,2.1768635860117027e-14,0.00021142254716160775,MOEMA
8021754001,8021921011,0,11.16,0,4,22.605872267466783,0.04422681292010732,0.019201179601291612,3.5691414260826005e-14,0.00020681802627510232,MOEMA
8021754001,8021921012,0,11.655000000000001,0,4,22.375267895413632,0.04468262406252694,0.0005341188694746434,4.3118666122970747e-14,0.0002008255090850182,MOEMA
8021902784,8021920994,0,15.238,0,4,23.387055293613372,0.04274953264176533,0.002369718193232904,5.629282060135508e-16,0.00020313552268706416,MOEMA
8021902784,8021920995,0,15.573,0,4,23.872053150450064,0.04188100945352689,0.0020280766787163823,3.5013497157900255e-16,0.00020319130939363097,MOEMA
8021920995,8022013386,0,97.633,0,4,24.25932276039434,0.04121243175433327,0.0059827798779401725,2.484245424526201e-16,0.00020734482791646253,MOEMA
8021921010,8021921012,0,11.027999999999999,0,4,22.86026575225032,0.043734648341552135,0.004653504859763686,2.0332025663349956e-14,0.0002028591721826141,MOEMA
8021921010,8021921011,0,11.516,0,4,23.142948992713244,0.043200444506181414,0.023000464864081107,1.2904225760362313e-14,0.00020885168937269822,MOEMA
8021976282,8022013386,0,16.025,0,4,24.154522074582083,0.041391242624550816,0.0005387512967901216,4.1713397407688035e-16,0.000208132641179728,MOEMA
8022013386,8022013388,0,13.682999999999998,0,4,24.3688384054865,0.04102721955938613,0.005502860408056625,2.5351515506177226e-16,0.0002014675068996146,MOEMA
8061591458,8073365127,0,96.327,0,4,20.382340334333477,0.04905156460296097,0.0034564856414441036,3.4844503939585006e-12,0.00020932477786852138,MOEMA
8062402671,8073365127,0,189.69599999999997,1,4,19.80668666952422,0.05047717977017464,0.0006244512021264695,9.727100305601706e-12,0.00020895113463844777,MOEMA
8728650808,8728650809,0,11.799,0,4,21.664166309472783,0.04614928030865113,0.002644189511674991,2.453409167086704e-10,0.00019172517626276438,MOEMA
8728650808,8728650810,0,9.74,0,4,21.501714530647234,0.04649795169794771,0.005477382057821494,2.3252903338824746e-10,0.00018892675404484172,MOEMA
8728859791,8728859793,0,7.025,0,4,23.216673810544364,0.04306326099197814,0.000598972851891339,1.0220982200161393e-14,0.0002097572265011771,MOEMA
8728859791,8729006463,0,115.397,0,4,22.73489069867124,0.04397582979044315,0.011575972618648624,1.3364380115174252e-14,0.00020865440383279702,MOEMA
8728859792,8728859793,0,6.311999999999999,0,4,22.92134590655808,0.043618105487559726,0.005418781852280695,1.521850234820421e-14,0.0002094262354105832,MOEMA
8728983396,8728983402,0,5.764,0,4,20.363266180882984,0.04909751091932853,0.0007062135442446608,1.735119530108871e-12,0.00019563771102554017,MOEMA
8728983396,8728983399,0,6.3740000000000006,0,4,20.922417488212602,0.04778538064410391,0.0002656697065426782,8.908960248055295e-13,0.0001994982893904241,MOEMA
8728983396,8728983401,0,7.166,0,4,20.48349764252036,0.04880932451661505,0.0012136959566553041,1.4102214196448313e-12,0.00019193539900449574,MOEMA
8728983397,8728983398,0,6.13,0,4,21.306043720531505,0.04692498038505643,0.019504371969089666,3.3826809427238787e-13,0.00020553708219227495,MOEMA
8728983397,8728983400,0,4.9639999999999995,0,4,21.227389627089583,0.04709885206013307,0.022929125483422744,5.023955739386297e-13,0.0002024508149894033,MOEMA
8728983398,8728983401,0,4.976,0,4,20.490141448778395,0.04879349838400954,0.020532770833125838,1.133906420258123e-12,0.00019495479540542117,MOEMA
8728983399,8728983400,0,5.154999999999999,0,4,21.099228461208742,0.047384940426007376,0.003517170439276869,7.787075674471534e-13,0.00019943141858847787,MOEMA
8728983399,8728983402,0,6.974,0,4,20.576510930132876,0.04858868867826268,0.003327935783439582,1.6480611524115043e-12,0.00019697651299768043,MOEMA
8728989969,8729014173,0,89.791,0,4,23.8688384054865,0.04188665014545846,0.00862743263234671,3.990350655684421e-15,0.00021406301099131627,MOEMA
8729006460,8729006462,0,7.186,0,4,23.161594513501928,0.043165667332889186,0.01042272983846031,7.39908968634075e-15,0.00021140886841740706,MOEMA
8729006460,8729006461,0,6.213,0,4,23.04414916416631,0.04338566273576132,9.033233265182606e-06,7.645338674352202e-15,0.00021126698595889178,MOEMA
8729006460,8729006464,0,3.791,0,4,22.268538362623232,0.04489678071315144,0.01064995039828452,3.3370341933648527e-14,0.00020528369361421094,MOEMA
8729006461,8729006462,0,8.217,0,4,23.891984569224174,0.04184607104413348,0.0010874623123085215,3.3147824087328194e-15,0.00021270929227159402,MOEMA
8729006463,8729006464,0,7.038,0,4,22.172096013716246,0.04509206901551399,0.010375710701208206,3.434928884846867e-14,0.00020471157089467067,MOEMA
8729014162,8729014173,0,6.354,0,4,24.289541363051864,0.041161159394714784,0.0016591038430385388,2.3570408846272845e-15,0.00021422346635892878,MOEMA
8729014162,8729014163,0,2.723,0,4,23.86262323189027,0.04189755979271261,0.0008282780040075129,4.544514534048012e-15,0.00021400284933282876,MOEMA
8729014162,8729014164,0,4.327,0,4,24.324903557651094,0.041101321585903086,0.0023340485029037213,1.3366338453434593e-15,0.00021426061217712326,MOEMA
8729014163,8729014169,0,3.857,0,4,23.069009858551222,0.04333890746934225,0.007951793108384207,1.9767285899204106e-14,0.0002126778178672102,MOEMA
8729014163,8729014173,0,6.338,0,4,23.59172738962709,0.04237865532935437,0.007246274428236868,4.881439427269992e-15,0.00021398427642373158,MOEMA
8729014164,8729014165,0,4.574,0,4,24.86026575225032,0.04021621062432111,0.000441933565896626,6.973348120933809e-16,0.00021426061217712326,MOEMA
8729014165,8729014168,0,2.367,0,4,24.12558936990999,0.04144088122945723,0.010066496177900033,1.5051506355706262e-15,0.00021410015680951074,MOEMA
8729014167,8729014172,0,7.394,0,4,23.387698242606085,0.042748357418420736,0.007706506082029633,5.623069024206193e-15,0.00021326366754466364,MOEMA
8729014167,8729014168,0,3.733,0,4,23.75589369909987,0.04208579548017502,0.00946080630640125,4.8259575553020995e-15,0.00021371908441579826,MOEMA
8729014167,8729014170,0,2.156,0,4,23.007501071581654,0.04345477070971468,0.017319719247110118,1.9925975009104896e-14,0.00021251736249959768,MOEMA
8729014168,8729014172,0,7.448,0,4,23.947706815259323,0.041748702344728834,0.0004833937903701564,3.0774649918956986e-15,0.0002135028574798609,MOEMA
8729014169,8729014171,0,4.136,0,4,22.195456493784825,0.045044610096172416,0.004311168481149843,8.169238788773818e-14,0.00020900704563157305,MOEMA
8729014169,8729014170,0,4.633,0,4,23.16116588084012,0.04316646617932821,0.0035285198861997906,3.2467508759325846e-14,0.0002115734034276916,MOEMA
8729014170,8729014171,0,5.043,0,4,22.192456065152165,0.045050700144857556,0.01394406946232111,8.170410813417855e-14,0.00020898847272247587,MOEMA
8732206066,8732206070,0,14.892999999999999,0,4,18.343977711101587,0.05450212050050822,0.00048362541173593035,8.699223800154062e-07,0.00018148634466288804,MOEMA
8740299733,8740299737,0,7.009,0,4,25.848906986712386,0.03867806418983343,0.0016523868234310953,7.024330964212369e-13,0.00019977848959923828,MOEMA
8740299733,8740299739,0,6.993,0,4,25.81311615945135,0.03873169273687357,0.0007099194860970433,7.782744133960957e-13,0.00019772618146215467,MOEMA
8740299734,8742952028,0,94.166,0,4,28.29039862837548,0.03534010590668394,0.008215841465366467,1.6107114912933632e-14,0.0002134937331187519,MOEMA
8740299734,8740299750,0,7.338,0,4,28.279254179168454,0.03535403293646884,0.00596309206184939,2.991255082819685e-14,0.0002126311932245436,MOEMA
8740299734,8740299752,0,7.257,0,4,27.720317188169737,0.03606689190756361,0.002270815870047443,4.633594791987535e-14,0.00021265760802859296,MOEMA
8740299735,8740299746,0,7.753,0,4,26.72717531075868,0.03740708369083226,0.001860382809896069,2.5450847159610823e-13,0.00019676426905734025,MOEMA
8740299735,8740299748,0,7.773,0,4,26.751178739819974,0.03737351887903478,0.0016632730276224693,1.7602979157792132e-13,0.00019881657719442386,MOEMA
8740299737,8740299752,0,2.3560000000000003,0,4,26.800257179597086,0.037305077968812474,0.0024496275644249037,1.8994376547509674e-13,0.000208716712370818,MOEMA
8740299737,8740299739,0,1.5670000000000002,0,4,26.63737676810973,0.03753318851074101,0.0008208661203027476,3.8544493172251823e-13,0.0002035125822964052,MOEMA
8740299739,8740299743,0,3.161,0,4,26.038576939562795,0.03839632580496477,0.001490946731486678,7.40111461411104e-13,0.00019682921237117016,MOEMA
8740299743,8740299746,0,2.9459999999999997,0,4,26.342477496785254,0.0379533657679353,0.006259799031405773,6.399410473253267e-13,0.00019663710941387764,MOEMA
8740299746,8740299748,0,1.963,0,4,27.11123017573939,0.03687717883653094,0.004484652884114503,1.8245477095345014e-13,0.0002031283763818202,MOEMA
8740299748,8740299750,0,1.955,0,4,27.529147021003002,0.036317350585047994,0.0061877647866500855,7.070781435140795e-14,0.00020849819460947604,MOEMA
8740299750,8740299752,0,1.75,0,4,27.539648521217316,0.03630350194552529,0.0002640483569822608,5.3862665410424346e-14,0.00021184211950409765,MOEMA
8740299761,8742952027,0,6.084,0,4,26.09365623660523,0.038315277652296045,0.002098026331180104,2.1265167047075023e-13,0.00020243271459693453,MOEMA
8740299761,8742952026,0,2.263,0,4,27.009858551221605,0.03701558383851208,0.000780100759926539,8.594412429639074e-14,0.00020695856765675806,MOEMA
8740299761,8740299763,0,2.949,0,4,27.078868409772824,0.0369212504946577,0.002581651742916034,5.2462737593586685e-14,0.0002099523180140139,MOEMA
8740299763,8740299765,0,2.975,0,4,27.775610801543078,0.0359950926304581,0.0001959516754447304,1.470561198381598e-14,0.00021223985653154136,MOEMA
8740299763,8742952028,0,6.394,0,4,27.961423060437205,0.035755894165619154,0.0024644513318344344,1.4846740955288573e-14,0.0002129274954621726,MOEMA
8740299765,8742952028,0,6.551,0,4,28.516288041148737,0.035060162186130756,0.005791692251176694,9.692568861474199e-15,0.00021285314555783357,MOEMA
8740299765,8740299767,0,2.958,0,4,27.807972567509644,0.03595320303347925,0.00578196415381419,1.4898271152571853e-14,0.00020940970386008846,MOEMA
8740299767,8740299768,0,1.4729999999999999,0,4,27.551864552078868,0.03628740558662694,0.003218147256062747,2.113293069127408e-14,0.00020602203915758504,MOEMA
8740299767,8742952029,0,5.988,0,4,26.8349764252036,0.03725681244609143,0.0026870394643431646,4.762799895250385e-14,0.00020046341868935322,MOEMA
8740299768,8742952029,0,6.086,0,4,26.836262323189025,0.03725502723250651,0.0010825982636272693,4.8518436464264555e-14,0.00019983155675396376,MOEMA
8740299768,8740299770,0,2.9640000000000004,0,4,27.087655379339907,0.03690927360334201,0.0042215310125953386,2.1236911792704208e-14,0.00020561799553854912,MOEMA
8740299770,8740299772,0,2.944,0,4,27.247106729532792,0.036693278798127976,0.00020984895739116518,2.561285246030529e-14,0.00020592016375924174,MOEMA
8740299770,8742952030,0,6.368,0,4,26.365195027861123,0.03792066330677939,0.004307230917931686,3.7539167306840123e-14,0.00020135665104422675,MOEMA
8740299772,8742952030,0,6.554,0,4,26.365195027861123,0.03792066330677939,0.0015034542852384693,4.270390366866829e-14,0.0002014310009485658,MOEMA
8740299772,8742952026,0,2.1799999999999997,0,4,26.90141448778397,0.03716479979605169,0.0016998692034147474,5.880282010214192e-14,0.00020616060969247467,MOEMA
8740364995,8740365000,0,14.656,0,2,24.335619374196312,0.04108322324966975,0.0006805035726437564,1.776360581106631e-12,0.00015099874950643603,MOEMA
8740364996,8740365000,0,14.698,0,2,24.335619374196312,0.04108322324966975,0.0006805035726437564,1.7763643181055825e-12,0.00015099874950643603,MOEMA
8740483892,8740483893,0,9.68,0,4,21.587655379339907,0.0463128425065523,0.00046440083837669555,2.3222819120847645e-07,0.000204546120985995,MOEMA
8742952026,8742952027,0,6.41,0,4,26.094942134590656,0.038313389564631775,0.0011254482162954432,2.1352623838276744e-13,0.00020180085266154507,MOEMA
8743596170,8743596171,0,3.843,0,4,21.228246892413203,0.04709695005603174,0.03214418152073787,2.468313188502529e-10,0.00020577163028080692,MOEMA
8743596170,8743596173,0,3.921,0,4,21.231247321045863,0.04709029425124918,0.03355104969644862,1.9490174984557288e-10,0.00020792428662468656,MOEMA
8743596171,8743596172,0,3.9450000000000003,0,4,21.244963566223745,0.047059891656326604,0.0006320947071970086,1.2194004659415133e-10,0.00019916119508000358,MOEMA
8743596172,8743596173,0,3.841,0,4,21.245392198885554,0.047058942207785656,0.0017946023420162779,7.001048115240536e-11,0.00020131385142388322,MOEMA
8743846002,8743846005,1,39.230999999999995,0,3,21.63073296185169,0.04622061052819309,0.016946808848214118,1.1442012930815246e-12,0.00017974967028650115,MOEMA
8743846002,8743846005,0,39.42,0,3,21.63073296185169,0.04622061052819309,0.0,1.144179319617589e-12,0.00017974967028650115,MOEMA
8754308409,8754308410,0,7.056,0,4,26.320188598371196,0.03798550606628125,0.001320936649008626,4.153190841720355e-15,0.00019919601451917076,MOEMA
8761785633,8761785634,0,5.58,0,4,21.181740248606943,0.04720035615274096,0.0004294260121448347,2.3115528087041366e-12,0.00021377553149246628,MOEMA
8761785635,8761785636,0,3.993,0,4,21.676810972996144,0.046122360199319784,0.002065599339971756,3.3281313179878346e-13,0.0002102795688571437,MOEMA
8761785635,8761785637,0,6.118,0,4,22.405272181740248,0.0446227867958639,0.0024255389423844167,9.896002871624412e-14,0.00021315109872071565,MOEMA
9246341955,10187204470,0,99.12400000000001,0,4,20.250750107158165,0.04937030373584506,0.02333029368894316,2.4999465065524374e-12,0.00019657383362187717,MOEMA
10051767158,10051767160,0,12.658,0,2,23.09365623660523,0.043292654633195676,0.0006805035726437564,1.0056046355638522e-07,0.0001470995411203957,MOEMA
10051767159,10051767160,0,10.879,0,2,23.09365623660523,0.043292654633195676,0.0006805035726437564,1.0056046355906269e-07,0.0001470995411203957,MOEMA
10051767160,10051767161,0,37.318,0,4,22.094299185597944,0.045250843906413686,0.002040120989736626,5.28408521081837e-07,0.00023659833237248183,MOEMA
12531792335,12531792348,0,38.823,0,4,21.53686240891556,0.046422067647849063,0.008372185887263859,4.051910656342752e-09,0.00017489271300696728,MOEMA
12531792338,12531792346,0,119.65899999999999,0,4,21.5437205315045,0.046407289873959194,0.004081631707667894,3.5391955835474134e-09,0.0001730818998846644,MOEMA
