u,v,key,length,flood_count,Degree,Mean Shortest Path Length,Closeness,bet,Eigenvector,Pagerank,district
440375472,2513876981,0,8.307,0,5,36.03832558139535,0.027743074556286332,0.04223791292740609,1.3425009184574934e-13,0.000196982456969211,PARELHEIROS
440375472,1360579511,0,34.412000000000006,0,5,36.448,0.027431243236621272,0.010637068066643546,3.523857339628862e-13,0.00019769304702900795,PARELHEIROS
440375472,1360579509,0,85.576,0,6,36.6833488372093,0.02725525300117156,0.08653854805359137,9.189258253164825e-14,0.00024075734012288323,PARELHEIROS
440375472,1209207201,0,377.18800000000005,0,5,36.098046511627906,0.027697176166203673,0.04463149526573878,9.072637329501763e-14,0.0001996961557297388,PARELHEIROS
577321904,6283318095,0,24.974,0,6,44.93897674418605,0.02224825810297789,0.012098091774110791,0.10012472169435133,0.00019868951780430556,PARELHEIROS
577321904,6277557340,0,39.153,1,6,44.90790697674419,0.022263650675283787,0.0005823366242812618,0.10390977149967455,0.00019811280912255755,PARELHEIROS
577321904,2513876542,0,65.898,0,10,44.86995348837209,0.022282482502404884,0.022543591250486182,0.3384796277411121,0.00028416306694819523,PARELHEIROS
577321904,2513876529,0,21.482,0,7,44.4273488372093,0.02250447032416655,0.001669448511385632,0.10439221988878805,0.00022979540327042886,PARELHEIROS
577321904,13151847411,0,39.059,0,6,44.224372093023256,0.022607759164682422,0.03385046602305543,0.10188689684288106,0.00020011241842132652,PARELHEIROS
593879870,5311488272,0,265.792,0,2,68.6887441860465,0.01455571746631925,0.0004772130756382725,2.5065638081056903e-18,0.00015004794548019261,PARELHEIROS
593879870,593879912,0,1801.9769999999999,0,4,67.68948837209302,0.014770594039540336,0.0019074855825273957,-3.6435029291390015e-18,0.00026267951152383727,PARELHEIROS
593879912,5311486780,0,2132.3160000000003,0,2,67.69004651162791,0.014770472248333031,0.0004772130756382725,-5.472136070762651e-21,0.0001331963674153743,PARELHEIROS
593879912,5494626541,0,258.175,0,4,66.69116279069767,0.014991700723920047,0.002859861653765399,-4.187615602587269e-18,0.00023313157349068764,PARELHEIROS
593879948,5494626569,0,47.081,0,4,62.73618604651163,0.015936798465037795,0.011113142208927073,-1.964384211034588e-18,0.0002310380953731989,PARELHEIROS
593879948,5311488875,0,215.06699999999998,0,2,63.72874418604651,0.015688587092969622,0.0004772130756382725,3.957388402009216e-18,0.000126190403333949,PARELHEIROS
593879948,6648413453,0,383.336,0,4,63.7213023255814,0.015690419326018536,0.010169877604527032,4.751243319603843e-20,0.00022791115024052832,PARELHEIROS
593879953,2289236622,0,13.442,0,4,60.76297674418605,0.016454328063906724,0.013938380288708216,4.047805717897927e-19,0.00020643391020275703,PARELHEIROS
593879953,593879962,0,220.091,0,4,60.753860465116276,0.016456797079791273,0.029067287613131675,-1.4112630991716596e-18,0.00018887721167831745,PARELHEIROS
593879953,1214961422,0,396.571,0,4,59.78641860465116,0.016723094923946327,0.04305942555618387,-3.836697480466923e-19,0.00018689197625814194,PARELHEIROS
593879962,5311475976,0,90.09100000000001,0,4,61.713488372093025,0.016200898375086672,0.010245388885946644,-3.747277228270828e-18,0.00018308143224731143,PARELHEIROS
593879962,5311475981,0,75.914,0,4,61.72483720930232,0.016197919649396722,0.01837771471883437,-3.40065414184276e-18,0.00018233504763132943,PARELHEIROS
593879977,3094000636,0,29.153,0,4,63.6626976744186,0.015704863130393616,0.009302010388211128,-1.656690155022298e-18,0.00021145615836872607,PARELHEIROS
593879977,5311475993,0,370.965,0,4,64.63013953488372,0.015469778661838239,0.007074142852993886,-1.3030941512872397e-18,0.0002123295292342796,PARELHEIROS
593879977,5311465487,0,5.77,0,4,64.63720930232559,0.015468086637403755,0.0019791244905408736,-2.169784230848864e-18,0.00021294708655866308,PARELHEIROS
593880050,3094000357,0,567.328,0,3,66.6546976744186,0.014999902308042282,8.086426818691491e-06,2.9306362224559197e-18,0.00017052617495512368,PARELHEIROS
593880050,5311485221,0,911.1150000000001,0,4,67.62232558139534,0.014785264258398217,0.0019048660358114815,2.5044268598376513e-18,0.00021797953243539762,PARELHEIROS
615537878,2334793782,0,175.22600000000003,0,5,37.371348837209304,0.026753488557332814,0.024856423213967423,-5.25296057446378e-18,0.00022584944529344662,PARELHEIROS
615537878,2152524987,0,32.319,0,5,37.250418604651166,0.026840341422727884,0.1300953458057925,-8.619249072735954e-18,0.00022363224962740374,PARELHEIROS
615537878,8945679843,0,148.51900000000003,0,3,37.49246511627907,0.026667063645656554,0.0004772130756382725,-8.399915280271712e-18,0.000141577066211358,PARELHEIROS
615537878,5846949136,0,167.898,0,5,36.84781395348837,0.027133602952685337,0.10499951880065762,-6.949618522943213e-18,0.00022080970328765671,PARELHEIROS
615537879,8945679842,0,24.638,0,4,38.09153488372093,0.026247667796543944,0.13089647152752032,-1.1247170521574291e-17,0.00019607134523237592,PARELHEIROS
615537879,2152524987,0,42.79600000000001,0,4,37.74325581395349,0.026489870360329276,0.13017643786065036,-1.3845466788782647e-17,0.0001883259706742038,PARELHEIROS
615537879,7975914909,0,13.696000000000002,0,4,38.44874418604651,0.026003812989325567,0.00039862667416084815,-1.2439908444319639e-17,0.00019236944387341975,PARELHEIROS
615537884,2330727393,0,364.211,0,4,39.85525581395349,0.025086125608014116,0.0027639634652958465,3.637670349571224e-18,0.0002129528920340589,PARELHEIROS
615537884,7961668107,0,466.674,0,4,39.76074418604651,0.025145755542453935,0.09457497569800954,6.792954600062461e-18,0.00019413498562633174,PARELHEIROS
615537884,8945679838,0,44.251999999999995,0,4,40.07013953488372,0.02495159650287635,0.09399320854040565,3.864203906762001e-18,0.00021496635970948998,PARELHEIROS
615537887,4655014908,0,9.165,0,4,39.2786976744186,0.025454355991531005,0.0032398098209084247,8.898607548002864e-18,0.0001690147450261838,PARELHEIROS
615537887,7333070592,0,7.713000000000001,0,5,39.7073488372093,0.025179569595224598,0.0003785814471173312,2.780223174344437e-17,0.00019361599377080334,PARELHEIROS
615537887,5052297961,0,25.634999999999998,0,5,39.13302325581395,0.025549110963202434,0.003120905178673017,2.43715364012752e-17,0.00019676028902471479,PARELHEIROS
810843918,5497596135,0,182.328,0,5,46.08074418604651,0.02169700101742543,0.0014309558669019702,4.677148845376422e-13,0.0002577406463966715,PARELHEIROS
810843918,6968023855,0,127.78899999999999,0,2,47.08018604651163,0.02123640617096611,0.0004772130756382725,7.873390317549e-14,0.00012549326808605112,PARELHEIROS
810843918,8922003669,0,72.479,0,2,47.08018604651163,0.02123640617096611,0.0004772130756382725,7.873551374021779e-14,0.00012549326808605112,PARELHEIROS
1038236271,6283318095,0,75.62299999999999,0,5,45.82753488372093,0.021816882710912096,0.01406400463773662,0.020825536351900324,0.0001875453518818186,PARELHEIROS
1038236317,2513876542,0,53.35699999999999,0,8,45.72539534883721,0.02186561637927527,0.021291334026943744,0.3004194024380164,0.0002376409729189102,PARELHEIROS
1045095325,5303219290,0,60.044,0,4,45.006511627906974,0.0222148732999876,0.046222243482311506,7.730641788531474e-07,0.0001923289318498287,PARELHEIROS
1045095325,1209207411,0,216.37900000000002,0,4,44.521302325581395,0.022456979047396176,0.002249279482286454,4.29770887626452e-06,0.00018870343267681286,PARELHEIROS
1045095325,1209207142,0,57.391999999999996,0,4,44.25618604651163,0.02259150737566053,0.047438282625173044,7.948138031895848e-07,0.00018559543507965583,PARELHEIROS
1049969457,1049969643,0,59.731,0,4,46.793302325581394,0.02136660384710195,0.003156212112670121,6.315298646253726e-08,0.0001819836154896036,PARELHEIROS
1049969457,5303435708,0,38.216,0,4,46.80260465116279,0.02136235709401981,0.0036453839885332187,4.639618877368312e-08,0.00017814323915224452,PARELHEIROS
1049969457,1049970493,0,142.657,0,4,45.81395348837209,0.021823350253807106,9.87455218564158e-05,1.2612752151971116e-07,0.00018247356461544392,PARELHEIROS
1049969458,1049969941,0,45.629,0,4,47.4706976744186,0.02106170758950442,8.883680167013186e-05,3.4545966973047435e-09,0.00019956458366650765,PARELHEIROS
1049969458,1049970173,0,61.645,0,5,46.56539534883721,0.021471179316709884,0.00043256688813225747,4.3049567709913556e-09,0.0002281673335455719,PARELHEIROS
1049969458,1049969460,0,201.672,0,4,46.47423255813953,0.021513296690539193,0.00013257184249235062,1.8150137113360528e-08,0.0001874499259175319,PARELHEIROS
1049969460,1049969760,0,65.651,0,4,46.47330232558139,0.021513727311304513,0.0023717148179215716,1.8602552035704752e-08,0.0001840495216953333,PARELHEIROS
1049969460,1049969495,0,74.21799999999999,0,4,45.478883720930234,0.021984135750197382,0.0021546341205071215,9.960503370652797e-08,0.00018450036054481334,PARELHEIROS
1049969495,1049969588,0,63.217,0,4,45.35460465116279,0.022044375894758,0.0024785467665966792,5.549721339411016e-07,0.00018180721692671512,PARELHEIROS
1049969495,5303273341,0,204.473,0,4,44.57116279069768,0.02243185707726343,0.0006833600128471683,9.95625799611646e-08,0.00018464804375701194,PARELHEIROS
1049969503,1049969644,0,135.614,0,5,43.098418604651165,0.02319839070337659,0.0027035999974943463,5.59324932758557e-06,0.00019604808392347797,PARELHEIROS
1049969503,1049970286,0,64.032,0,6,42.12,0.02373727334967645,0.01377904351237935,1.3717014983655136e-05,0.00022839347604274783,PARELHEIROS
1049969503,1049969511,0,168.92399999999998,0,5,43.10232558139535,0.02319628790331283,2.2778667094905607e-07,5.596139006499712e-06,0.0001969236216343712,PARELHEIROS
1049969503,1049970267,0,63.848,0,5,43.1019534883721,0.02319648815356127,0.0106180478796193,3.803751305741604e-06,0.0001995668704103511,PARELHEIROS
1049969511,1049969647,0,65.042,0,4,43.07925581395349,0.023208709960224744,2.7334400513886727e-05,2.834282631308069e-06,0.00017063049697450643,PARELHEIROS
1049969511,1049970286,0,224.57399999999998,0,5,42.118697674418605,0.023738007314875346,0.0004496508884534367,1.2890505944700476e-05,0.0001964589862394615,PARELHEIROS
1049969524,1049970000,0,331.10799999999995,0,4,42.23404651162791,0.023673174513673526,0.028246572237702224,6.582231105001678e-17,0.00020478778754318204,PARELHEIROS
1049969524,3899128995,0,264.897,0,4,42.27516279069768,0.023650150288915588,0.02971363229194962,3.6048267779590424e-16,0.0001995630480888533,PARELHEIROS
1049969524,5059554107,0,76.824,0,4,42.53302325581395,0.023506769022155153,0.0013360827184516885,6.262243343719837e-17,0.00021108633592539853,PARELHEIROS
1049969547,1049969782,0,25.529,0,4,46.85060465116279,0.021340470649903503,0.000117765708880662,2.4004996183107173e-08,0.00017581993893243155,PARELHEIROS
1049969547,1049969616,0,62.597,0,4,46.89581395348837,0.021319897645448595,8.052258818049132e-05,2.4719252835954688e-08,0.0001713693353804677,PARELHEIROS
1049969547,5303435709,0,97.943,0,5,45.9633488372093,0.02175241749746006,0.0004383754482414584,5.261135792479533e-08,0.0002041191146221256,PARELHEIROS
1049969570,2513876500,0,17.945,0,4,45.415627906976745,0.022014755703394794,0.0020725170256299867,0.00038088835419790095,0.0001815936457454098,PARELHEIROS
1049969570,1049970273,0,336.087,0,4,46.330976744186046,0.02157981600536484,0.0022033804680902194,9.027125187639019e-05,0.00018214040106041926,PARELHEIROS
1049969570,5303273342,0,24.009,0,4,46.29227906976744,0.02159785548647421,0.000590764731106377,0.00021317839101568536,0.00018192822986591188,PARELHEIROS
1049969583,5846949317,0,5.929,0,4,46.587348837209305,0.021461061392053737,0.0014715018943309021,2.9491337009471693e-06,0.0001826396722115365,PARELHEIROS
1049969583,1049970493,0,58.561,0,4,45.74623255813953,0.021855656686431923,0.0015325487221452493,5.649376843833736e-07,0.0001834010805980022,PARELHEIROS
1049969583,1049970123,0,127.44399999999999,0,4,46.66344186046511,0.021426065322786424,0.00029589488556282386,6.446935880347877e-07,0.00018277380788996587,PARELHEIROS
1049969588,1049969809,0,56.063,0,4,46.20613953488372,0.0216381191666868,0.0008663866029547348,6.759460861015885e-07,0.00017780533015671003,PARELHEIROS
1049969588,5303273366,0,196.92300000000003,0,4,46.07832558139535,0.021698139871038597,0.0014937110947484352,2.976551531861675e-06,0.00017813560990487313,PARELHEIROS
1049969592,1049969647,0,133.175,0,4,44.0433488372093,0.02270067966865625,0.0025315071675923347,6.335110851111833e-07,0.00017734707767183425,PARELHEIROS
1049969592,1049970267,0,25.794,0,4,44.06697674418605,0.022688507979397112,0.007437348699822155,7.764707205905915e-07,0.0001734550900845869,PARELHEIROS
1049969592,1049970440,0,65.725,0,4,44.99888372093023,0.022218639015334746,0.004460518590524416,2.3541912951909908e-07,0.00017880545517207053,PARELHEIROS
1049969594,1049969868,0,137.191,0,4,42.11144186046511,0.023742097380593685,0.0004524982218402999,3.536314719636025e-10,0.00018950894163983893,PARELHEIROS
1049969594,1049970009,0,35.374,0,4,42.10902325581395,0.023743461049059805,0.008438471118643256,3.6514776777450506e-10,0.00018923213827842377,PARELHEIROS
1049969594,1049969608,0,79.642,0,4,41.19720930232558,0.024268972836272495,0.00933424220215042,1.095151399092573e-09,0.00019428726287300555,PARELHEIROS
1049969608,1049969791,0,260.07899999999995,0,4,41.15906976744186,0.024291461375039552,0.01031395267390231,1.139103283093016e-09,0.00019873952073558385,PARELHEIROS
1049969608,5303263682,0,61.879,0,4,40.24260465116279,0.02484466306679488,0.02010923509805362,5.742781210534719e-09,0.0002045056598036038,PARELHEIROS
1049969616,1049969930,0,58.82,0,4,45.948837209302326,0.021759287377264905,6.081904114339797e-05,3.282901426542843e-08,0.0001737433559682918,PARELHEIROS
1049969616,5303435714,0,97.051,0,5,45.984,0.021742648605784013,0.00044543683504087917,6.211331157541416e-08,0.00020326602434857536,PARELHEIROS
1049969620,1049970270,0,86.404,0,5,47.90958139534884,0.020868768299975922,4.407672082864235e-05,1.253960862064677e-06,0.00021172464822430956,PARELHEIROS
1049969620,1049969809,0,160.271,0,5,47.056558139534886,0.02124706933566337,8.724229497348848e-05,8.94837637280384e-07,0.0002109770348597395,PARELHEIROS
1049969620,1049970006,0,52.037000000000006,0,5,47.9086511627907,0.02086917350461537,0.0006370054253090353,8.20181200622468e-07,0.00021115222712639786,PARELHEIROS
1049969620,5303273366,0,53.294,0,5,46.92911627906977,0.021304768398851905,0.00030978987249071627,3.1954430830419887e-06,0.00021133216263651353,PARELHEIROS
1049969634,1049970267,0,33.518,0,4,44.08353488372093,0.022679985988546057,0.0027330983713822494,7.162472113124988e-07,0.00016871548590715208,PARELHEIROS
1049969634,1049969858,0,59.993,0,4,45.04502325581395,0.022195880504053824,0.0004862106491407602,2.2564176833596922e-07,0.00016835812340664055,PARELHEIROS
1049969634,5303435709,0,87.878,0,5,45.02009302325581,0.022208171648421583,0.00178812536695009,1.6509656952626245e-07,0.00020224573384330994,PARELHEIROS
1049969636,1049969868,0,103.355,0,4,42.97153488372093,0.02326688949309873,3.0978987249071624e-05,6.810131589898486e-10,0.00018955671770968336,PARELHEIROS
1049969636,1049969791,0,53.816,0,4,42.04148837209302,0.02378160222681471,0.000995427752047375,7.771216360547184e-10,0.00019485438295324719,PARELHEIROS
1049969636,1049970026,0,64.983,0,4,42.89953488372093,0.02330593924149446,0.0006195797449814325,3.2826816902780724e-09,0.00018894226004934354,PARELHEIROS
1049969643,1049970123,0,26.539,0,4,47.64130232558139,0.020986285107313568,0.001105448714115769,2.163140039905508e-07,0.000182259492012096,PARELHEIROS
1049969643,1049969782,0,34.477,0,4,47.713302325581395,0.02095461652739814,0.002103609906214533,4.94620621204771e-08,0.00018114306278806683,PARELHEIROS
1049969644,1049970356,0,63.446,0,4,43.09339534883721,0.023201094863724868,0.0022400541221130176,2.8142274336831304e-06,0.00016668435647110253,PARELHEIROS
1049969644,1049970286,0,201.647,0,5,42.114976744186045,0.023740104608425218,0.0,1.2887616265787853e-05,0.00019558344852856828,PARELHEIROS
1049969647,1049970165,0,52.179,0,4,44.00893023255814,0.02271843346804877,0.002167731854086692,5.505755193398677e-07,0.0001793536383148522,PARELHEIROS
1049969713,1049970713,0,82.915,0,2,47.649302325581395,0.02098276165004002,0.0004772130756382725,3.8020727468298715e-10,0.0001126665832398929,PARELHEIROS
1049969713,1049970173,0,46.857,0,5,46.650232558139535,0.021432132245907197,0.0018186487808572638,1.7445535896265613e-09,0.0002364289718147636,PARELHEIROS
1049969713,1049969941,0,59.509,0,4,47.563906976744185,0.02102043370779485,0.0008658171362773622,8.941935232534089e-10,0.000207100881451234,PARELHEIROS
1049969747,1049970672,0,146.768,0,4,46.776372093023255,0.021374337272246375,7.551128141961209e-05,4.500874288566247e-08,0.00018041194636560747,PARELHEIROS
1049969747,1049969779,0,56.674,0,4,46.76911627906977,0.021377653311268816,0.0005438406768908713,7.74409621624893e-08,0.00017976063424547304,PARELHEIROS
1049969747,1049969930,0,63.372,0,4,45.89860465116279,0.02178310127480189,0.0009332419908782828,3.731463876740584e-08,0.00017845992417713224,PARELHEIROS
1049969760,1049970173,0,190.838,0,5,46.560372093023254,0.021473495776426304,0.00012778832240242045,4.757371688161056e-09,0.00022458937950403505,PARELHEIROS
1049969760,1049970359,0,61.984,0,4,45.648930232558136,0.02190224279944409,0.002610663035747132,6.594485533146319e-09,0.0001842531282570347,PARELHEIROS
1049969779,1049970006,0,148.248,0,4,47.625860465116276,0.020993089546816463,4.327946748032065e-05,1.9024129664187945e-07,0.0001776057451087476,PARELHEIROS
1049969779,1049969809,0,60.594,0,4,47.116837209302325,0.021219886832535055,0.0006739068660027824,2.6489773330934176e-07,0.00017744644722425372,PARELHEIROS
1049969782,1049970672,0,58.726,0,4,47.70362790697674,0.020958866177600455,0.0015320931488033511,3.9808861724893484e-08,0.00018014598170873085,PARELHEIROS
1049969791,6968023858,0,47.474,0,4,42.10306976744186,0.023746818438914026,0.00997363938750442,2.9064816461502856e-10,0.00020756582943985306,PARELHEIROS
1049969828,1049969941,0,97.478,0,2,48.46976744186046,0.0206275789271663,0.0004772130756382725,6.266010234216744e-10,0.00011499909958307073,PARELHEIROS
1049969858,1049970356,0,44.085,0,4,44.0766511627907,0.022683528061052206,2.1298053733736744e-05,5.341239688732704e-07,0.00016961513776103622,PARELHEIROS
1049969858,5303435714,0,88.876,0,5,45.035162790697676,0.02220074030008593,6.833600128471683e-07,1.5055061547681474e-07,0.00020193374448947897,PARELHEIROS
1049969868,1049970009,0,118.29599999999999,0,4,43.03888372093023,0.023230480603802294,4.214053412557537e-06,3.1299117746376204e-10,0.0001883867308974382,PARELHEIROS
1049969907,6283318160,0,21.234,0,5,42.49041860465116,0.02353033898750361,0.03499327175120684,0.00541722921878412,0.00019433269697684621,PARELHEIROS
1049969907,2513876618,0,18.627,0,5,42.32279069767442,0.023623535617733036,0.0003387187797012464,0.002588261407311031,0.00019675745883219618,PARELHEIROS
1049969907,1209207151,0,107.248,0,6,41.601116279069764,0.024033344364641378,0.03819299111802823,0.002024582844008996,0.00022944818524160915,PARELHEIROS
1049969907,5645100903,0,29.916,0,5,42.52651162790698,0.023510368361186456,0.0031787629930940774,0.004436064046569141,0.00019504130768496905,PARELHEIROS
1049969930,5303435718,0,98.286,0,4,44.99497674418605,0.022220568290827296,0.0013382466918257045,1.0369553901931624e-07,0.0001736697927838049,PARELHEIROS
1049969955,13190720642,0,88.49,0,4,42.86976744186047,0.023322122165563633,0.0008249294288420066,1.1869667582598912e-14,0.00018530337164123016,PARELHEIROS
1049969955,2327678694,0,182.37399999999997,0,4,42.34493023255814,0.023611184337709354,0.037719194842454194,1.0997989988965669e-14,0.00019289057579197587,PARELHEIROS
1049969955,5303320632,0,172.096,0,4,42.35795348837209,0.023603924910178587,0.03681659015881856,6.048777229015897e-14,0.00018903584973976374,PARELHEIROS
1049969959,5306591770,0,571.4560000000001,0,4,42.156837209302324,0.023716531402117453,0.00950098204528513,2.166964854001508e-18,0.0002196170203454306,PARELHEIROS
1049969959,5303320726,0,250.36299999999997,0,4,41.76390697674419,0.023939665272339306,0.03488974270926049,-1.932638693507683e-18,0.000211127113878259,PARELHEIROS
1049969959,5303341325,0,71.327,0,4,41.55906976744186,0.02405765959351777,0.035712508164728485,6.484455483322151e-19,0.00021813962418667105,PARELHEIROS
1049969964,5303318953,0,484.9720000000001,0,4,42.202604651162794,0.023690811544752003,0.04201035404312799,2.6460658005123167e-18,0.00021170199201004248,PARELHEIROS
1049969964,1049970000,0,227.50100000000003,0,4,42.117209302325584,0.02373884618782578,0.028755675447273366,9.261787315954345e-18,0.00020576130548973897,PARELHEIROS
1049969964,5059554951,0,611.4900000000002,0,4,41.884651162790696,0.023870652511882022,0.01629107491960554,1.6313951870455354e-17,0.00020430920111600846,PARELHEIROS
1049969976,1049970074,0,114.594,0,2,45.81581395348837,0.021822464062373103,0.0004772130756382725,4.099519928937534e-10,0.00010862248669955065,PARELHEIROS
1049970000,5303318994,0,92.521,0,4,42.692279069767444,0.02341908127824431,0.0023837875114818717,1.1903025670659205e-17,0.00021718319288804546,PARELHEIROS
1049970006,1049970672,0,60.526,0,4,47.63237209302326,0.02099021966690623,0.0009918970586476647,1.5780907735918323e-07,0.00017825705722888198,PARELHEIROS
1049970009,1049970470,0,61.288000000000004,0,4,42.97562790697675,0.023264673541304102,0.008014674017342538,7.724558437482555e-10,0.00018781933629847007,PARELHEIROS
1049970026,5303273341,0,119.623,0,4,43.74139534883721,0.02285738590447025,0.0010481603663720816,1.7962006301996026e-08,0.00018646703382951563,PARELHEIROS
1049970026,1049970470,0,200.74699999999999,0,4,43.820651162790696,0.02281604510563141,0.0008727646297413083,3.362608067436275e-09,0.0001874816819995454,PARELHEIROS
1049970074,1049970173,0,58.17,0,5,45.734697674418605,0.021861168966414997,0.0025995014888706277,1.7709712711640514e-09,0.00023218257663042157,PARELHEIROS
1049970074,1049970438,0,82.146,0,4,44.818232558139535,0.02230819683019369,0.003550966413424835,1.07421272941608e-09,0.00019318757363899947,PARELHEIROS
1049970123,1049970270,0,101.144,0,4,47.56632558139535,0.021019364881937192,0.0004236832079652443,7.439723779301186e-07,0.00017965364449445433,PARELHEIROS
1049970165,1049970440,0,134.046,0,4,44.94753488372093,0.022244021970835248,1.7311786992128262e-05,1.5248356374466984e-07,0.00018081201581508847,PARELHEIROS
1049970165,1049970493,0,61.903,0,4,44.89413953488372,0.022270478148077543,0.0017907449136660043,2.008741894999798e-07,0.0001825458269538423,PARELHEIROS
1049970270,5846949317,0,155.763,0,4,47.44167441860465,0.021074592449382156,8.507832159947245e-05,3.0484124908352936e-06,0.00017951950881602507,PARELHEIROS
1049970273,5846949317,0,54.85,0,4,47.30288372093023,0.021136427102138422,0.0011347193013327228,1.6209787042400036e-05,0.00018173456412926144,PARELHEIROS
1049970273,5303273366,0,220.493,0,4,46.79460465116279,0.021366009200027035,0.0014365366403402222,1.6231757085682978e-05,0.000179034327967482,PARELHEIROS
1049970286,2513876731,0,87.686,0,5,41.13674418604651,0.024304644746958527,0.014694290356252658,5.442874273204447e-05,0.0001968351469989662,PARELHEIROS
1049970356,5303435718,0,99.077,0,4,44.06511627906977,0.022689465906691998,0.0017927949937045458,5.16553189727303e-07,0.00017078880781926906,PARELHEIROS
1049970359,1049970438,0,96.06,0,4,44.73953488372093,0.022347437363551305,0.002995053042973664,3.95410278257031e-09,0.00018765313533524526,PARELHEIROS
1049970359,5303273341,0,157.96099999999998,0,4,44.65469767441861,0.02238989413338111,6.719706792997155e-06,1.845358792318815e-08,0.00018555537207036042,PARELHEIROS
1049970436,2327678743,0,407.32499999999993,0,3,40.87069767441861,0.02446285506190823,0.0004772130756382725,5.6457957762377954e-11,0.00015436465587345758,PARELHEIROS
1049970436,5306567806,0,901.9940000000001,0,5,40.863813953488375,0.024466975956438403,0.014217305067285335,5.904073536348944e-11,0.00024839635809723883,PARELHEIROS
1049970436,1049970642,0,295.839,0,5,40.708651162790694,0.024560232897184304,0.040596368283211726,5.904094944929476e-11,0.0002498160491636192,PARELHEIROS
1049970436,5303192428,0,761.4139999999999,0,5,40.03739534883721,0.024972002918202053,0.05157021894285345,2.737527198860504e-10,0.0002460929234082303,PARELHEIROS
1049970438,1049970470,0,71.994,0,4,43.89562790697674,0.022777073735160358,0.006769250393928574,1.3203172992084397e-09,0.00018861186015577217,PARELHEIROS
1049970440,5303435708,0,20.266,0,4,45.93525581395349,0.021765720812306096,0.004014740075477113,7.141067689798835e-08,0.00017731257724401946,PARELHEIROS
1049970642,2327678766,0,260.67999999999995,0,2,41.53562790697674,0.024071237245469286,0.0004772130756382725,1.0018614816152259e-11,0.00011576843009711284,PARELHEIROS
1049970642,2327678718,0,94.205,0,4,41.35944186046512,0.024173777703805997,0.039915969497086895,1.0491068608433443e-11,0.0002137353400636484,PARELHEIROS
1049970674,13190720640,0,130.871,0,2,42.50604651162791,0.02352168774893859,0.0004772130756382725,3.1840125467889347e-13,0.00011627562103866604,PARELHEIROS
1049970674,5303320632,0,117.82400000000001,0,4,42.160372093023256,0.023714542919174623,0.03720530811279312,3.339559507544818e-13,0.0002008191465357568,PARELHEIROS
1049970674,2327678718,0,169.974,0,4,41.84483720930233,0.02389336463390777,0.03787887329878949,1.875866807679762e-12,0.00021424253100520163,PARELHEIROS
1049970700,5303320759,0,7.039,0,5,37.647441860465115,0.026557287934570434,0.02097072428758295,6.449751044031983e-08,0.0001995026103112048,PARELHEIROS
1049970700,1209207473,0,294.13200000000006,2,5,37.354232558139536,0.02676574741382316,0.07529966760230042,1.2772552539460577e-07,0.00020071329719112082,PARELHEIROS
1049970700,1209207308,0,172.434,0,5,37.4606511627907,0.02668971100218027,0.05467358454786339,3.277586846182853e-08,0.00019335224324775992,PARELHEIROS
1049970741,6968023858,0,27.713,0,2,43.099162790697676,0.023197990140638353,0.0004772130756382725,4.931870502938092e-11,0.00011821879775272737,PARELHEIROS
1209207065,1209207551,0,169.241,0,5,38.57172093023256,0.025920906025863024,0.00253139327425686,6.875169163137599e-08,0.00022263564236405154,PARELHEIROS
1209207065,8916340195,0,231.746,0,4,39.48893023255814,0.02531884119423518,0.002102812652866211,1.345261569571839e-08,0.00019718446626589052,PARELHEIROS
1209207065,1209207221,0,154.438,0,4,39.39851162790698,0.025376947305293083,4.749352089287819e-05,1.9538496363727034e-08,0.000186412879213284,PARELHEIROS
1209207068,5238559267,0,29.565,0,4,44.72651162790698,0.02235394438551611,5.6832774401789494e-05,7.701162479698617e-09,0.00018552456423217266,PARELHEIROS
1209207068,1209207158,0,13.527000000000001,0,4,45.5326511627907,0.021958175681749462,0.04223574895403208,8.880675201136719e-09,0.00018495958506033043,PARELHEIROS
1209207068,1209207413,0,28.857999999999997,0,4,45.4286511627907,0.02200844462464012,0.04192971756161202,3.624886128615965e-08,0.0001857581086544987,PARELHEIROS
1209207073,1209207107,0,108.33699999999999,0,2,38.351255813953486,0.026069914329235756,0.0004772130756382725,3.310774022278498e-11,0.00012141192178739408,PARELHEIROS
1209207093,7976407434,0,54.375,0,4,38.072186046511625,0.026261007242056704,0.004286717360590287,1.613360069240108e-18,0.00022137756814291306,PARELHEIROS
1209207093,5306662490,0,98.82399999999998,0,4,37.47237209302325,0.026681362765249683,0.04918472303133946,9.264579249024861e-19,0.00021813422479389984,PARELHEIROS
1209207093,1209207186,0,492.999,0,4,37.63497674418605,0.026566083999050857,0.048942130226778714,-2.738829261919715e-19,0.00020785958912765146,PARELHEIROS
1209207094,1209207413,0,95.336,0,4,45.79274418604651,0.021833457925699615,0.040624386043738456,8.036535581110824e-08,0.0001858822907863214,PARELHEIROS
1209207094,1209207362,0,129.28300000000002,0,4,46.030511627906975,0.021720678700477742,5.626330772441685e-05,1.7431646814635463e-07,0.00018596473312515075,PARELHEIROS
1209207094,1209207146,0,102.882,0,4,45.25004651162791,0.022095313277334418,0.04060844097677202,1.925629454146374e-07,0.000185484785939544,PARELHEIROS
1209207105,2513876761,0,55.03,0,4,39.34306976744186,0.02541270824565303,0.028706131846341944,7.4046359316284e-07,0.0001789909298053659,PARELHEIROS
1209207105,2513876788,0,55.947,0,4,38.53172093023256,0.02594781466674392,0.002398479751758086,3.7095159953997525e-07,0.00017705485246916124,PARELHEIROS
1209207105,1209207284,0,314.747,0,4,38.91962790697674,0.025689196101207977,0.027411050728661086,1.797667389166496e-07,0.00017926433548551908,PARELHEIROS
1209207107,5846949984,0,57.772999999999996,0,4,37.906976744186046,0.026375460122699385,0.06058157353893358,8.786592479144397e-11,0.0002237916952001353,PARELHEIROS
1209207107,7308926060,0,100.98,0,4,37.78716279069767,0.0264590903272183,0.060506176150849446,1.4191128628854454e-10,0.00021274893988663203,PARELHEIROS
1209207108,1209207146,0,259.008,0,4,45.04037209302326,0.02219817259554219,3.667365402279803e-05,8.004940236108204e-07,0.00018589744496826175,PARELHEIROS
1209207108,1209207362,0,85.484,0,4,45.51627906976744,0.021966073983241366,0.0005661637706438789,7.822475463423344e-07,0.0001863773921538685,PARELHEIROS
1209207108,1209207411,0,70.30799999999999,0,4,44.99925581395349,0.022218455292283903,0.0002140055773566382,4.2995807972873136e-06,0.0001876642609234083,PARELHEIROS
1209207109,1209207553,0,59.239,0,4,42.23386046511628,0.02367327879757012,0.0017087417121243443,1.0107391996215161e-07,0.0001769954525601971,PARELHEIROS
1209207109,1209207148,0,59.215,0,4,43.10679069767442,0.02319388516998347,0.0012680883971733952,2.0203409834353787e-08,0.00018246244777007995,PARELHEIROS
1209207109,1209207539,0,167.63,0,4,43.184558139534886,0.023152117251213827,3.587640067447633e-05,2.9250252897720135e-08,0.00017999444571941287,PARELHEIROS
1209207115,5846949984,0,23.861,0,4,37.84762790697675,0.02641681946212721,0.06067610500737744,3.689716040266815e-10,0.0002179599346934845,PARELHEIROS
1209207115,1209207282,0,134.719,0,2,38.24539534883721,0.026142073950838892,0.0004772130756382725,3.496158867741587e-10,0.00011558016128074326,PARELHEIROS
1209207115,2513876865,0,256.747,0,4,37.60186046511628,0.0265894809757063,0.06077929236931736,2.0574625776506304e-09,0.000190776676668572,PARELHEIROS
1209207120,1360579822,0,26.581,0,4,38.54958139534884,0.025935792745313796,0.0023837875114818717,1.7040103225003061e-18,0.00022310257012016829,PARELHEIROS
1209207120,1360579612,0,157.954,0,4,38.10158139534884,0.026240746889587687,0.026618239220422897,7.003272293701702e-18,0.00020267096186722151,PARELHEIROS
1209207120,6228438529,0,100.51100000000001,0,4,37.99404651162791,0.02631501630610426,0.027928240365050917,3.675033924092622e-18,0.000203933566592904,PARELHEIROS
1209207138,1209207451,0,121.00399999999999,0,4,37.693953488372095,0.026524518151082154,0.020108323951369824,2.1353254259381975e-10,0.00019782480257746324,PARELHEIROS
1209207138,7308926060,0,61.155,0,4,37.62027906976744,0.026576462966534625,0.07277761358155246,1.6077842906885356e-10,0.00020071669678682505,PARELHEIROS
1209207138,5306663088,0,92.717,0,4,37.42641860465116,0.026714123091759582,0.06260169963024528,5.725163667809186e-11,0.00020162480821066454,PARELHEIROS
1209207142,1209207146,0,61.813,0,4,44.31906976744186,0.02255945259534454,0.04058794017638661,2.8126603191400904e-07,0.00018380699865192478,PARELHEIROS
1209207142,3899164176,0,38.434,0,4,43.394232558139535,0.023040249695597745,0.021654425980436542,1.6419588067338027e-07,0.00017705146101080793,PARELHEIROS
1209207148,5238559266,0,154.606,0,4,44.02381395348837,0.022710752742701623,0.0008831289232694904,4.734977745433954e-09,0.00018480642012691712,PARELHEIROS
1209207148,5238559267,0,236.35200000000003,0,4,43.93562790697674,0.022756336966555723,0.0,5.158288164993849e-09,0.00018493038180551893,PARELHEIROS
1209207151,2513876681,0,61.489000000000004,0,5,41.59423255813954,0.024037321811163442,0.020195452353007837,0.000483315890632645,0.00020280735923083117,PARELHEIROS
1209207151,2513876661,0,74.68,0,5,41.456558139534884,0.02411714812703912,0.010019993975042553,0.0006456448592021254,0.0001986487698208434,PARELHEIROS
1209207151,6283318281,0,315.72599999999994,0,5,40.80706976744186,0.024500998458999352,0.028442810454724837,0.0004806681809744925,0.00019743976421369904,PARELHEIROS
1209207155,3899129045,0,432.7200000000001,0,4,40.926325581395346,0.02442960464407966,0.041898396894356524,4.758711086541525e-14,0.00021263577023971828,PARELHEIROS
1209207155,3899129054,0,385.38500000000005,0,4,40.46158139534884,0.024710204569594586,0.05530478141306322,4.725794413040951e-14,0.00020894519274919203,PARELHEIROS
1209207155,1209207289,0,271.63800000000003,0,4,40.52781395348837,0.024669821931076905,0.014041909330654561,2.639399478026532e-13,0.00021383680456353327,PARELHEIROS
1209207158,5303241178,0,38.188,0,4,44.732651162790695,0.022350876317387434,0.04250146210569415,1.3344443549148128e-08,0.0001823377937573652,PARELHEIROS
1209207158,5238559266,0,13.876999999999999,0,4,44.78920930232558,0.02232265246612556,0.0001060346953267856,4.339956791883703e-09,0.000184787160292394,PARELHEIROS
1209207186,1360579366,0,46.317,0,4,38.19106976744186,0.026179260219118556,0.024885466014513427,-4.900651667723126e-19,0.00020774676889038086,PARELHEIROS
1209207186,1209207386,0,215.44099999999995,0,4,37.74846511627907,0.026486214748297175,0.02470243942440586,-4.414892710281389e-19,0.00020003979008377428,PARELHEIROS
1209207189,2513876686,0,96.204,0,4,42.5566511627907,0.023493717813081988,0.00496871065341176,4.981953300847322e-05,0.00017995299995919887,PARELHEIROS
1209207189,6466792729,0,122.328,0,4,41.77953488372093,0.023930710484714894,0.025583518267636808,2.2643580738924116e-05,0.00017704466345051648,PARELHEIROS
1209207189,2513876681,0,68.458,0,4,42.116837209302325,0.02373905591532746,0.02024989336736466,9.561791095464463e-05,0.00017596712806332803,PARELHEIROS
1209207201,5060533498,0,9.888,0,5,35.73990697674419,0.02797472176239706,0.003964513114532846,3.231963166569621e-14,0.00020449953787848965,PARELHEIROS
1209207201,13041665773,0,135.327,0,4,36.42772093023256,0.027446514027140077,0.048648627101260854,1.8853408021569412e-14,0.00017250760094006731,PARELHEIROS
1209207217,5306663058,0,38.338,0,4,37.709767441860464,0.026513394839409937,0.013626312549508008,3.8214847684124546e-09,0.00020613126565168307,PARELHEIROS
1209207217,7308926060,0,14.902999999999999,0,4,37.83739534883721,0.026423963496184408,0.01403382290383587,7.031527954527709e-10,0.00020201094148248336,PARELHEIROS
1209207217,1209207451,0,209.61400000000003,0,4,37.71813953488372,0.026507509803437985,0.0,7.559069109006524e-10,0.0001991190472731216,PARELHEIROS
1209207221,1209207248,0,113.22300000000001,0,4,40.176,0.024885851092402732,0.026962766560233345,9.896361412540324e-09,0.00018803451318631637,PARELHEIROS
1209207221,1209207284,0,241.446,0,4,39.350325581395346,0.025408022391588025,0.02728109843288465,4.3502080505429655e-08,0.0001824367952506608,PARELHEIROS
1209207228,5303192443,0,31.994,0,5,40.480372093023256,0.024698734270298093,0.05938967978319264,1.626158948566015e-15,0.00022539079629279614,PARELHEIROS
1209207228,3899129667,0,462.41400000000004,0,5,41.08948837209302,0.024332596805158112,0.0195897675949543,3.623138773519458e-16,0.00023382439530580316,PARELHEIROS
1209207228,7976235271,0,237.01600000000002,0,3,41.264558139534884,0.024229362885882136,0.0004772130756382725,3.461143668782431e-16,0.00014370358287047824,PARELHEIROS
1209207228,7976948408,0,61.724999999999994,0,5,40.79088372093023,0.024510720589643833,0.062041002739704185,4.3242747427558185e-16,0.00022596820289777476,PARELHEIROS
1209207240,8950304756,0,65.83,0,2,38.35869767441861,0.026064856580236495,0.0004772130756382725,1.0149966879269507e-16,0.00011669504770956917,PARELHEIROS
1209207240,5059554630,0,60.648,0,4,37.478325581395346,0.02667712439065556,0.07497860228959773,6.125294865248661e-16,0.00020631826401050393,PARELHEIROS
1209207240,1209207532,0,31.915000000000003,0,4,38.23590697674419,0.026148561196586186,0.07428772531660924,1.0576307222211713e-16,0.00020995880822538532,PARELHEIROS
1209207248,1209207280,0,347.132,0,4,41.0813023255814,0.02433744542869047,3.416800064235841e-07,2.407240340288668e-09,0.0001969391245462019,PARELHEIROS
1209207248,5283814845,0,101.358,0,4,40.98344186046511,0.02439555850122114,0.026600699646759818,3.2357595578856404e-09,0.00018901744654451971,PARELHEIROS
1209207280,8916340195,0,11.965,0,4,40.31553488372093,0.024799719422601247,0.0013736675191582826,2.741465036328347e-09,0.00020516624790734375,PARELHEIROS
1209207280,7092086379,0,40.67,0,4,41.21637209302325,0.02425768942574186,0.0010084115922914712,8.33349978402948e-10,0.00021091538931424566,PARELHEIROS
1209207284,1209207551,0,50.592,0,5,38.564093023255815,0.025926033133605426,0.054320856887898776,9.271527577616173e-08,0.00021848907248498052,PARELHEIROS
1209207289,8950313372,0,18.718,0,4,40.569488372093026,0.024644480214251974,0.014084505438122036,1.4849892533982097e-12,0.00021353900533538145,PARELHEIROS
1209207289,7977018015,0,79.45400000000001,0,2,41.073860465116276,0.024341854945373508,0.0004772130756382725,2.519949354064322e-13,0.00011904547840650927,PARELHEIROS
1209207308,2513876861,0,7.125,0,5,37.83144186046512,0.026428121803446378,0.03624826241480066,1.5828010408036084e-08,0.00019317743317649402,PARELHEIROS
1209207308,2513876865,0,16.445,0,5,37.695813953488376,0.026523209041778743,0.03646796265893103,9.355962765485405e-09,0.0001986593604647074,PARELHEIROS
1209207308,2513876875,0,36.67100000000001,0,6,37.57711627906977,0.02660698990479114,0.05472221700211101,1.0066886128431966e-08,0.0002228793965948546,PARELHEIROS
1209207326,5497581632,0,19.198,0,4,37.952,0.026344170359621947,0.0641531546460793,2.1523061945083173e-09,0.00020868236721223639,PARELHEIROS
1209207326,1209207449,0,276.794,0,4,37.708837209302324,0.026514048893603374,0.044758030761450976,4.0419634785645293e-10,0.00020726356448385984,PARELHEIROS
1209207326,1209207451,0,221.293,0,4,37.59627906976744,0.026593428345209818,0.02002427066978962,5.080398857505452e-10,0.0002004171435477628,PARELHEIROS
1209207358,1209207411,0,29.72,0,4,44.48353488372093,0.022476045487434076,0.002823871359755448,2.3959869192588088e-05,0.00019070268036415835,PARELHEIROS
1209207358,6278662673,0,12.332,0,4,44.57506976744186,0.022429890939142123,0.00234449431074316,4.872825042450014e-05,0.00019774262763608941,PARELHEIROS
1209207358,6278548720,0,84.893,0,4,43.66586046511628,0.02289692548912673,0.0017032748320215667,0.0001089628003057621,0.00019012487830450764,PARELHEIROS
1209207362,1209207413,0,78.329,0,4,46.208,0.021637247954647942,0.0009438340710774139,1.5463026443730395e-07,0.0001860256323263195,PARELHEIROS
1209207376,2513876761,0,8.795,0,4,40.20353488372093,0.024868807093209436,0.0239269397031598,3.7264589838123463e-06,0.00017820406787555902,PARELHEIROS
1209207376,5645100899,0,17.279,0,4,40.458418604651165,0.02471213626163411,0.046202198255267994,1.7286784584138445e-05,0.0001744736456808988,PARELHEIROS
1209207376,6466792729,0,129.131,0,4,40.962976744186044,0.02440774653004869,0.06884419334760417,6.973590612939572e-06,0.00017654746210859677,PARELHEIROS
1209207386,1360579712,0,83.13900000000001,0,4,38.141767441860466,0.026213099720991943,0.006546247243069448,8.064267782860906e-19,0.00019753261127253096,PARELHEIROS
1209207386,6228438529,0,48.641999999999996,0,4,37.86902325581396,0.02640189441207393,0.03102636687662903,2.8643479113647757e-18,0.0001988449890590934,PARELHEIROS
1209207388,1209207504,0,63.483,0,2,38.66827906976744,0.025856179213056073,0.0004772130756382725,3.899836357988002e-12,0.00012090427015536429,PARELHEIROS
1209207388,5306663088,0,156.462,0,4,37.8033488372093,0.02644776148784653,0.0431844804385349,1.2443588749805144e-11,0.0002131493996784418,PARELHEIROS
1209207388,5238559280,0,109.95499999999998,0,4,38.168,0.026195083669261477,0.04307764848985979,1.46224017188336e-11,0.00022200911110481584,PARELHEIROS
1209207420,4339118250,0,1058.7220000000004,0,4,33.525023255813956,0.029822916030788526,0.024040605251963377,-9.903725348129564e-20,0.00022084221746223513,PARELHEIROS
1209207420,2097474674,0,838.1160000000001,0,4,33.65339534883721,0.02970915543958383,0.05931189063506354,-3.743462905692586e-19,0.00020916844846940032,PARELHEIROS
1209207420,5306662959,0,190.48,0,4,33.795162790697674,0.029584528403679623,0.052151188847109016,2.1066075355741253e-18,0.00021971956117670927,PARELHEIROS
1209207442,5303192212,0,285.01699999999994,0,4,40.480744186046515,0.024698507243179645,0.033814020155703575,4.670851063854834e-11,0.00022190536497126225,PARELHEIROS
1209207442,5303192428,0,12.780000000000001,0,4,40.04,0.024970378458750553,0.033808781062271746,2.6327876146184497e-10,0.00021298851397076477,PARELHEIROS
1209207442,7959345119,0,71.05199999999999,0,2,40.8753488372093,0.024460071459457,0.0004772130756382725,4.4664918663926204e-11,0.00012091981713917199,PARELHEIROS
1209207449,5238559280,0,41.093,0,4,37.91813953488372,0.026367695402580837,0.04302092960879347,7.257609696178008e-11,0.00021696118714715433,PARELHEIROS
1209207449,5284087622,0,290.204,0,4,37.60037209302325,0.026590533492988688,0.08721108819956845,7.231599527826989e-11,0.00021666639708873094,PARELHEIROS
1209207473,2513876817,0,10.24,0,6,37.59758139534884,0.026592507187498452,0.01137316069381542,2.565000511507731e-07,0.00024027802331153837,PARELHEIROS
1209207473,5284123948,0,235.505,1,5,37.66548837209302,0.026544563649655226,0.07836670123329398,4.119249879834737e-07,0.00020490803237350672,PARELHEIROS
1209207473,1209207478,0,152.719,0,5,37.4113488372093,0.026724883880528728,0.013299210890025165,1.2075323474629603e-07,0.00022109588204750875,PARELHEIROS
1209207478,5306663058,0,165.602,0,4,37.605209302325584,0.026587113116441068,0.013018349924744979,2.1425406135691904e-08,0.00020511618125864756,PARELHEIROS
1209207478,8913503383,0,145.623,0,2,38.010046511627905,0.02630393922781737,0.0004772130756382725,2.0485992148800696e-08,0.00010965883899020988,PARELHEIROS
1209207494,5306663058,0,109.45800000000001,0,2,38.19479069767442,0.0261767098398905,0.0004772130756382725,3.6377307142595923e-09,0.0001160221436401673,PARELHEIROS
1209207532,5059554824,0,19.429,0,4,38.989209302325584,0.025643350336646515,0.058964629855201706,1.3322627114934656e-17,0.00020500652796021448,PARELHEIROS
1209207532,8950334393,0,68.2,0,4,39.05879069767442,0.02559766791622408,0.015367286075571645,1.8792599760201593e-17,0.00021136322383603337,PARELHEIROS
1209207539,5303241178,0,18.371,0,4,43.96409302325581,0.02274160308412362,0.04285259525896212,2.2786307568371464e-08,0.00017988905154122124,PARELHEIROS
1209207539,5303241180,0,9.042,0,4,43.97953488372093,0.022733618173357586,0.043218534545841784,5.8941478045367295e-08,0.00017611776275142755,PARELHEIROS
1209207551,5497511304,0,14.136,0,5,38.2333023255814,0.02615034257240735,0.06297823099732408,6.754986629835225e-08,0.0002316736947234167,PARELHEIROS
1209207551,2513876788,0,407.53399999999993,0,5,38.136,0.02621706402056776,0.006664240738621059,2.839001364002078e-07,0.00021614745511937933,PARELHEIROS
1209207553,2513876764,0,44.358,0,4,41.24837209302326,0.024238870596725453,0.0038933297798612663,3.5004787318566147e-07,0.0001739042196372812,PARELHEIROS
1209207553,1209207611,0,153.56,0,5,42.17488372093023,0.02370638316643875,0.0017779888600928573,3.0198035753131643e-07,0.0002067709117402748,PARELHEIROS
1209207588,5846949984,0,101.497,0,2,38.37953488372093,0.026050705317756558,0.0004772130756382725,6.582402220928367e-11,0.00012294457478447088,PARELHEIROS
1209207602,5303303901,0,145.37199999999999,0,4,36.63293023255814,0.02729276492874628,0.01750517787576401,3.692334752913654e-18,0.00021448177737656675,PARELHEIROS
1209207602,5306663055,0,97.519,0,4,35.98213953488372,0.027786395317573577,0.05060497292470682,3.777946303850123e-18,0.0002143644757744494,PARELHEIROS
1209207602,6266892301,0,158.436,0,4,36.29990697674419,0.027543154700889746,0.049587905438919284,3.568239455830762e-18,0.0002182799227848489,PARELHEIROS
1209207611,5303241180,0,56.937,0,5,43.09953488372093,0.02319778986445653,0.04405804232162453,2.642716605552355e-07,0.00020640190657140946,PARELHEIROS
1209207611,5303241179,0,66.06200000000001,0,6,42.10567441860465,0.02374534946402849,0.04268460258913719,1.1164588438782124e-06,0.0002424889075703984,PARELHEIROS
1209207611,5303244183,0,236.59400000000002,0,5,43.05897674418605,0.023219640341856706,0.0,2.639776956642765e-07,0.00020649501686500148,PARELHEIROS
1214961372,5494645024,0,814.371,0,4,58.87255813953488,0.016982682341044116,0.0006445223854503542,1.969461510080517e-18,0.00019681124351351022,PARELHEIROS
1214961372,1214961422,0,47.504,0,4,58.84260465116279,0.016991327277498663,0.07785406733032313,-1.1309368261704558e-18,0.00018342477503059977,PARELHEIROS
1214961372,1214961421,0,264.043,0,4,57.9326511627907,0.017258211620229426,0.07765167887318489,9.876766349461188e-18,0.0001781660206362696,PARELHEIROS
1214961380,3093941594,0,20.395,0,4,46.64260465116279,0.021435637245516625,0.14577253564719034,-3.2595894427256516e-18,0.00019611976245616762,PARELHEIROS
1214961380,3093942733,0,49.021,0,4,45.777488372093025,0.0218407341477887,0.1455250454292042,-6.257829575976808e-18,0.00018951413891796811,PARELHEIROS
1214961380,5310285429,0,25.374000000000002,0,4,46.70641860465116,0.021406350205340034,0.0006486225455274372,-9.109289926514117e-18,0.00018915280288755407,PARELHEIROS
1214961405,3093942733,0,20.722,0,4,44.91013953488372,0.022262543911977198,0.1489830748808818,-5.572991318260912e-18,0.0001892517699258589,PARELHEIROS
1214961405,2152525598,0,97.32700000000001,0,5,44.04372093023256,0.022700487887300145,0.15025412450477754,-6.032779517530217e-19,0.00022507637411313158,PARELHEIROS
1214961405,5310294506,0,252.498,0,4,44.91181395348837,0.022261713911707077,0.0008742452431024772,-3.042181434474027e-18,0.00020222157688699866,PARELHEIROS
1214961418,3093999951,0,124.875,0,4,55.24353488372093,0.018098297938262373,0.08036222636414318,1.791081342215728e-17,0.00017198382426026113,PARELHEIROS
1214961418,3094000204,0,93.606,0,4,55.27720930232558,0.01808727260488363,0.022122185909230426,2.1831940674151437e-17,0.00017173202238762768,PARELHEIROS
1214961418,5588829878,0,363.206,0,4,54.34530232558139,0.01839743106954325,0.10290991777470646,1.2303969923054941e-17,0.00018574636833739794,PARELHEIROS
1214961421,5310263458,0,77.966,0,5,57.97748837209302,0.0172448648874142,0.002203722148096643,3.606887087902566e-17,0.0002003827894548681,PARELHEIROS
1214961421,3094000373,0,84.473,0,4,57.03386046511628,0.01753018198899389,0.07950073717461385,2.7511396356572058e-17,0.00016723770298222884,PARELHEIROS
1214961422,3093999512,0,479.892,0,5,59.777116279069766,0.016725697319033183,0.034355924645891385,-1.5460167957756634e-18,0.0002142589774541275,PARELHEIROS
1360579328,1360579772,0,127.019,0,3,44.87981395348837,0.02227758685730157,0.0004772130756382725,1.1149076486865771e-14,0.00015955763373603707,PARELHEIROS
1360579332,1360579621,0,69.877,0,4,38.99944186046512,0.025636622110274686,0.001378678825919162,2.4648002677586116e-15,0.0001858720625261401,PARELHEIROS
1360579332,1360579512,0,63.943,0,4,38.25581395348837,0.02613495440729483,0.0014147830132645873,1.1263768838493551e-14,0.00018562026679070677,PARELHEIROS
1360579332,1360579356,0,153.522,0,4,38.859906976744185,0.02572867593550117,3.075120057812257e-06,2.535878193524181e-15,0.00018574017817818856,PARELHEIROS
1360579339,1360579497,0,72.955,0,4,38.49041860465116,0.02597565809189602,0.001279249944049899,1.107929339062954e-14,0.00018632753167414944,PARELHEIROS
1360579339,5306663111,0,121.398,0,4,37.758697674418606,0.026479037018422986,0.045877830035836537,6.144184250267457e-14,0.0001862821510602019,PARELHEIROS
1360579339,6725082933,0,100.315,0,4,38.12297674418605,0.026226020077009044,0.04484208404303118,1.1022060288969025e-14,0.0001879167418996673,PARELHEIROS
1360579340,1360579351,0,42.601,0,4,40.885209302325585,0.024454172316821232,0.00024407341792191358,-3.1815848039841748e-18,0.00018780407693055618,PARELHEIROS
1360579340,1360579567,0,21.466,0,4,41.40688372093023,0.024146080642697316,0.005272008605780428,-4.438183593182249e-19,0.00018778694622944675,PARELHEIROS
1360579340,4782121021,0,50.713,0,4,40.90009302325581,0.024445273337639534,0.0052288430316355826,7.615465861158316e-18,0.00019109928658915672,PARELHEIROS
1360579341,1360579488,0,84.513,0,4,37.20874418604651,0.02687040305604584,0.027865826817210875,5.837123080789572e-15,0.00018863189974860259,PARELHEIROS
1360579341,1360579702,0,30.352,0,4,37.479069767441864,0.026676594688508314,0.0031701070995980136,2.85815486373127e-15,0.00018726257843227657,PARELHEIROS
1360579341,1360579620,0,134.644,0,4,36.85023255813954,0.027131822083101935,0.031004271569546972,3.975018439772508e-15,0.00019472763560504218,PARELHEIROS
1360579344,1360579366,0,73.311,0,2,39.03479069767442,0.025613406287533603,0.0004772130756382725,-1.7027888481371089e-18,0.00011652488557185682,PARELHEIROS
1360579351,1360579506,0,366.174,0,4,40.64520930232558,0.024598568211362762,4.5557334189811215e-07,4.0457017180849918e-19,0.00018679267517657613,PARELHEIROS
1360579351,1360579384,0,62.917,0,4,39.88986046511628,0.02506436327002724,0.0004752768889352055,9.209070125063888e-18,0.00018732621649382832,PARELHEIROS
1360579356,1360579853,0,66.33,0,4,38.46474418604651,0.025992996304680095,0.0018222933675924487,2.876781082044556e-15,0.00018535584938064135,PARELHEIROS
1360579356,1360579498,0,68.967,0,4,39.21413953488372,0.02549626143393935,0.0017187643256461025,9.632745627739374e-16,0.00018583473775148757,PARELHEIROS
1360579361,1360579841,0,55.002,0,4,39.886883720930236,0.02506623381469458,0.000739167747229687,4.0861776712935214e-17,0.00018608077303012584,PARELHEIROS
1360579361,1360579889,0,49.837,0,4,39.63386046511628,0.025226257088136993,0.0009957694320537986,1.2790108196761305e-16,0.00018603965934746322,PARELHEIROS
1360579361,1360579870,0,271.095,0,4,40.00688372093023,0.02499104805219567,0.00021992803080131363,8.920759063260806e-17,0.0001860602161887945,PARELHEIROS
1360579364,1360579895,0,63.02,0,4,39.1726511627907,0.02552326492617061,0.0004768713956318489,1.2771491247385467e-12,0.00018629360075887632,PARELHEIROS
1360579364,1360579532,0,14.224,0,4,38.53488372093023,0.025945684972842487,0.0011449697015254304,1.7297644338700354e-12,0.00017878765558129847,PARELHEIROS
1360579364,2513876961,0,92.805,0,4,38.17506976744186,0.026190232515071323,0.0005733390507787742,6.476541570176899e-12,0.0001744981647070925,PARELHEIROS
1360579366,1360579589,0,55.019,0,4,38.87479069767442,0.025718825376162945,0.024685697104091103,1.5775606553781115e-18,0.00020843928006194357,PARELHEIROS
1360579374,1360579578,0,292.574,0,2,39.42511627906977,0.025359822566183757,0.0004772130756382725,3.3659282259188634e-18,0.00011440004752154683,PARELHEIROS
1360579375,1360579822,0,62.475,0,2,39.5486511627907,0.02528060816468618,0.0004772130756382725,-2.655362665015455e-18,0.00012976088719283702,PARELHEIROS
1360579381,5306623667,0,3.898,0,4,40.472,0.024703843484096957,0.04565767421836427,2.4790927818527502e-17,0.00020899375094354735,PARELHEIROS
1360579381,5060727417,0,181.38799999999998,0,4,40.70176744186047,0.024564386667398023,0.0029359424018623836,2.4436123955676913e-17,0.00020087083149305152,PARELHEIROS
1360579381,13340877666,0,39.965,0,4,39.991441860465116,0.025000697823720424,0.04835854077580723,1.3487879712959197e-16,0.00021264284975031365,PARELHEIROS
1360579384,5306663131,0,82.774,0,4,38.89711627906977,0.025704063671845107,0.0007096693733417841,5.635075626532947e-17,0.0001894199466135424,PARELHEIROS
1360579384,1360579716,0,470.15099999999995,0,4,39.649674418604654,0.025216195798551968,0.0,1.2384137649822211e-17,0.00018695894374616757,PARELHEIROS
1360579386,1360579466,0,97.791,0,2,40.8913488372093,0.024450500702940522,0.0004772130756382725,5.6785483130313926e-12,0.00012372667644881298,PARELHEIROS
1360579397,5060727759,0,66.31200000000001,0,4,41.48520930232558,0.024100491965755238,0.0009327864175363846,1.9346328659505828e-17,0.00020581487296953262,PARELHEIROS
1360579397,1360579828,0,29.845,0,2,42.477395348837206,0.023537553215718564,0.0004772130756382725,3.3367421242926566e-18,0.00011633845110773187,PARELHEIROS
1360579397,5060727185,0,107.94500000000002,0,4,41.754046511627905,0.023945318765929386,2.141194706921127e-05,6.663025675081317e-18,0.00020876883316618932,PARELHEIROS
1360579398,5306640393,0,163.07099999999997,0,4,40.013023255813955,0.024987213465383365,0.03101121906301092,-2.9510789950772494e-18,0.00021148726713017812,PARELHEIROS
1360579398,5306640412,0,120.973,0,4,40.77079069767442,0.024522800180703925,0.0023837875114818717,-5.895560269782759e-18,0.00021799736267246735,PARELHEIROS
1360579398,1360579418,0,69.531,0,4,40.50586046511628,0.024683192555541775,0.0313658829096786,-4.678961779452262e-18,0.0002018672656901364,PARELHEIROS
1360579404,5846949878,0,8.896,0,5,37.908093023255816,0.02637468344490469,0.0012155835695196377,2.70010919094442e-10,0.0001999059831591973,PARELHEIROS
1360579404,1360579416,0,129.873,0,6,37.413023255813954,0.026723687809244386,0.0837264077073898,1.0771995644361118e-09,0.0002236543301104348,PARELHEIROS
1360579404,1360579648,0,104.55600000000001,0,4,37.40539534883721,0.026729137445661365,0.08257893235248392,2.0929487745013985e-10,0.00016291503303736735,PARELHEIROS
1360579410,1360579786,0,35.894,0,2,39.714232558139535,0.02517520518682307,0.0004772130756382725,1.6424101711714722e-15,0.00013730734410780432,PARELHEIROS
1360579410,5060568672,0,58.191,0,4,38.71479069767442,0.02582511581415912,0.0014309558669019702,9.767910369383607e-15,0.00023729467010469123,PARELHEIROS
1360579410,1360579467,0,40.989000000000004,0,2,39.714232558139535,0.02517520518682307,0.0004772130756382725,1.6436547053273147e-15,0.00013730734410780432,PARELHEIROS
1360579415,5060727747,0,106.46999999999998,0,2,42.44,0.023558292966267016,0.0004772130756382725,-1.797571088293725e-19,0.00011618255500971414,PARELHEIROS
1360579416,1360579645,0,199.589,0,6,37.905488372093025,0.026376495764250867,0.0085549840008337,1.0633102175484659e-09,0.00024205931150828432,PARELHEIROS
1360579416,2513876922,0,41.629999999999995,0,6,37.905116279069766,0.02637675468734662,0.000138038722595128,1.1574538824670884e-09,0.0002224408151436897,PARELHEIROS
1360579416,2513876875,0,440.58900000000006,0,7,37.38437209302326,0.026744168686330814,0.07893400393729261,3.360975115182282e-09,0.0002531126016927408,PARELHEIROS
1360579416,2513876918,0,28.013,0,6,37.77879069767442,0.026464953880853535,0.005004017587408864,1.4150276782606586e-09,0.00022232850070531157,PARELHEIROS
1360579418,5306633032,0,191.73899999999998,0,4,40.89693023255814,0.024447163828751575,0.0299596418965746,-9.320023877465427e-18,0.00019437608325597374,PARELHEIROS
1360579418,13045074296,0,210.76600000000002,0,4,41.219906976744184,0.024255609166038538,0.0014738936543758673,-1.0444631253320482e-17,0.00019669682845604351,PARELHEIROS
1360579428,5060727271,0,61.321,0,2,44.075348837209305,0.022684198307338383,0.0004772130756382725,4.145058731064869e-18,0.00011456368938351449,PARELHEIROS
1360579432,7309631342,0,8.949,0,5,37.72037209302326,0.026505940901714944,0.001080392180311373,7.875187095044424e-14,0.0002173518767791698,PARELHEIROS
1360579432,5306663099,0,79.274,0,5,37.11181395348837,0.026940584330947082,0.028922984757085445,3.570481362575772e-13,0.0002214837937973611,PARELHEIROS
1360579432,5238515172,0,46.517,0,5,37.330232558139535,0.02678295539496636,0.027570159718319002,7.904093849884465e-14,0.00021791505489972978,PARELHEIROS
1360579432,1360579865,0,201.40299999999996,0,5,37.330418604651165,0.026782821914667757,0.0005255038498794723,7.854636185948059e-14,0.0002249493909956555,PARELHEIROS
1360579437,5306623691,0,17.871,0,4,41.4046511627907,0.024147382610649294,0.03617616793344529,2.273625893491037e-18,0.00019744913549143717,PARELHEIROS
1360579437,8759086118,0,111.51599999999999,0,4,41.821023255813955,0.0239069701229603,0.011861990889672096,3.1802235591934125e-18,0.00019618195909076603,PARELHEIROS
1360579437,5306633032,0,243.45899999999997,0,4,41.19088372093023,0.02427269976197036,0.031014749756410626,3.577169057704092e-19,0.0001935754268116065,PARELHEIROS
1360579466,7308863436,0,25.398,0,4,39.89395348837209,0.025061791726903884,0.0066602544718794504,3.3465195341206193e-11,0.00022354681324530522,PARELHEIROS
1360579466,3899169321,0,39.548,0,4,40.8893023255814,0.02445172445172445,0.005711522987376632,5.945535486327041e-12,0.0002221591256077264,PARELHEIROS
1360579478,1360579844,0,179.731,0,2,40.53227906976744,0.024667104254547625,0.0004772130756382725,7.287930867225333e-14,0.0001129878885371793,PARELHEIROS
1360579488,5238515172,0,120.948,0,4,37.36781395348837,0.02675601935753689,0.027461733262947253,1.7089076286057965e-14,0.00018389944573050156,PARELHEIROS
1360579488,1360579865,0,82.50200000000001,0,4,37.368186046511624,0.026755752934967687,0.0004286945147261235,1.6597776280025013e-14,0.00019031532022482434,PARELHEIROS
1360579497,1360579621,0,99.048,0,4,39.118697674418605,0.025558467252916585,0.001551455015834021,2.3796474506154e-15,0.00018600479522908904,PARELHEIROS
1360579497,1360579510,0,73.695,0,4,39.48204651162791,0.025323255550948092,0.0027730749321338084,2.0558905729548097e-15,0.0001860394193990961,PARELHEIROS
1360579498,1360579621,0,173.868,0,4,39.35832558139535,0.02540285793969303,2.847333386863201e-06,8.897361669346368e-16,0.00018596662209943905,PARELHEIROS
1360579498,1360579889,0,64.609,0,4,39.608744186046515,0.025242253296194873,0.0016179687237511454,3.48405227765682e-16,0.00018600160903723426,PARELHEIROS
1360579505,1360579663,0,80.85799999999999,0,3,42.88353488372093,0.023314634770649764,0.0004772130756382725,2.2751040397664064e-13,0.0001558133909035652,PARELHEIROS
1360579506,1360579716,0,20.803,0,4,40.366511627906974,0.024768401161450893,0.00047493520892878194,2.97061415176634e-18,0.00018642540242891532,PARELHEIROS
1360579506,1360579567,0,319.353,0,4,41.36186046511628,0.024172364159769703,0.0004703794755098008,2.1619668285562525e-18,0.0001867755444754667,PARELHEIROS
1360579509,7999471214,0,34.631,0,5,37.57730232558139,0.026606858172672273,0.037230478539933,2.0615776893378306e-14,0.00021725116458877307,PARELHEIROS
1360579509,7999471213,0,25.911,0,5,37.586046511627906,0.02660066823412944,0.048904659319407594,2.061329281618813e-14,0.00021925865054865212,PARELHEIROS
1360579509,8921263190,0,124.386,0,3,37.62158139534884,0.02657554298374016,0.0004772130756382725,1.9182343919960315e-14,0.00013590015571881121,PARELHEIROS
1360579510,1360579889,0,262.44,0,4,39.735441860465116,0.025161767597786287,0.0005957760378672562,4.2528031015780415e-16,0.00018603244429923123,PARELHEIROS
1360579510,1360579870,0,58.211000000000006,0,4,40.10772093023256,0.024928216570259627,0.0035365019598195702,3.7712586940581683e-16,0.00018605300114056257,PARELHEIROS
1360579511,5060568631,0,8.918,0,5,36.44706976744186,0.027431943359723945,0.00011184325543598654,5.390146495508771e-13,0.00020099439475400002,PARELHEIROS
1360579511,8719576254,0,360.81,0,4,36.82920930232558,0.027147309769293332,0.010425682036002823,1.5897861692812616e-12,0.00016478377019818745,PARELHEIROS
1360579512,5306663111,0,194.78300000000002,0,4,37.64204651162791,0.026561094471298795,0.0007113777733739022,6.154128779383658e-14,0.00018570761887970813,PARELHEIROS
1360579512,1360579853,0,134.929,0,4,37.86976744186047,0.026401375583394743,0.0018152319807930278,1.160662347214616e-14,0.0001852359379931595,PARELHEIROS
1360579514,1360579663,0,133.22500000000002,0,3,42.88353488372093,0.023314634770649764,0.0004772130756382725,2.2751024168678744e-13,0.0001558133909035652,PARELHEIROS
1360579524,1360579872,0,185.7,0,3,43.881116279069765,0.022784606187542664,0.0004772130756382725,5.090917364855264e-14,0.00015277450101531143,PARELHEIROS
1360579525,5290556242,0,282.754,0,2,36.65432558139535,0.02727683397879371,0.0004772130756382725,6.59443463729484e-20,0.0001254883599024164,PARELHEIROS
1360579529,8921795186,0,278.057,0,2,38.68539534883721,0.02584473919609107,0.0004772130756382725,3.1832205323443944e-13,0.00013463772458361872,PARELHEIROS
1360579532,2513876963,0,17.344,0,5,37.61897674418605,0.026577383013026576,0.002286522602986625,3.4223885260118607e-12,0.0002068169808298015,PARELHEIROS
1360579532,1360579604,0,63.166,0,4,38.61655813953488,0.025890809581623018,0.0014306141868955468,8.289548537807941e-13,0.00018428180151623485,PARELHEIROS
1360579543,1360579626,0,46.853,0,2,36.87162790697674,0.027116078411585136,0.0004772130756382725,9.482752957089511e-17,0.0001272788396663958,PARELHEIROS
1360579545,1360579580,0,117.61200000000001,0,2,40.08520930232558,0.024942216116366066,0.0004772130756382725,-9.562380995642606e-19,0.00011676102053028667,PARELHEIROS
1360579545,1360579689,0,145.275,0,4,39.628837209302326,0.025229454707635973,0.02484958961383895,-2.4009193570361146e-18,0.00020879126086559838,PARELHEIROS
1360579545,1360579589,0,56.298,0,4,39.25841860465116,0.025467504525766065,0.024548683421515248,-2.3214083587380573e-19,0.00020867541502037345,PARELHEIROS
1360579564,5060568632,0,50.602,0,2,40.709581395348835,0.024559671684627127,0.0004772130756382725,3.011073478974513e-16,0.00013365006326806702,PARELHEIROS
1360579567,7309771307,0,33.654,0,4,42.12651162790698,0.02373360420438988,0.004606415953267286,2.418967250856128e-18,0.00018712568652201806,PARELHEIROS
1360579578,8759078410,0,214.62599999999998,0,4,39.42213953488372,0.02536173747250984,0.0052368155651187995,1.1819241111091156e-17,0.00020128002162205893,PARELHEIROS
1360579578,6228438529,0,20.0,0,4,38.4286511627907,0.026017409490980567,0.006186002622963516,4.216482913752503e-18,0.0002044271298153899,PARELHEIROS
1360579579,2513876963,0,6.708,0,5,37.20874418604651,0.02687040305604584,7.198058801990172e-05,9.36255170842865e-12,0.00020103141268177401,PARELHEIROS
1360579579,1360579648,0,407.365,0,4,37.34083720930233,0.026775349140787316,0.08193418218036262,4.1803860182622e-11,0.00016614571095496772,PARELHEIROS
1360579579,8719576254,0,222.57299999999998,0,4,37.141953488372096,0.026918722888428056,0.08215969098460219,7.921425725068638e-12,0.00016631176896991936,PARELHEIROS
1360579589,1360579712,0,146.231,0,4,38.97562790697675,0.025652285984324133,0.000286441738718438,-2.426349993266523e-18,0.0002011939003690971,PARELHEIROS
1360579604,1360579844,0,63.925,0,4,39.61506976744186,0.025238222710643354,0.0009541983646055959,2.2467682267554073e-13,0.0001983970230449311,PARELHEIROS
1360579604,1360579895,0,33.922000000000004,0,4,39.53302325581395,0.02529060191067815,3.416800064235841e-07,3.763422167876579e-13,0.0001917877466938127,PARELHEIROS
1360579607,5060568673,0,18.356,0,2,41.708651162790694,0.02397138065160761,0.0004772130756382725,5.972046262016386e-17,0.00014469869718035556,PARELHEIROS
1360579612,5306663131,0,32.23,0,4,38.35813953488372,0.026065235843336972,0.054467209823983544,6.21252313688129e-17,0.00019469740550494524,PARELHEIROS
1360579612,5060727390,0,68.038,0,4,38.46958139534884,0.02598972791550195,0.03883193273004033,1.3364528030834858e-17,0.0002023092017673226,PARELHEIROS
1360579620,5238515190,0,6.758,0,4,36.500651162790696,0.027391674439704167,0.12700439457434928,3.0124003753656312e-15,0.00021178153888087197,PARELHEIROS
1360579620,7620365429,0,196.251,0,4,36.753488372093024,0.027203239686155404,0.14764300589568852,1.5894028006793364e-14,0.00019755818042534217,PARELHEIROS
1360579626,5290570510,0,84.903,0,4,36.32353488372093,0.027525238297676183,0.12656841088615278,1.014585573602031e-16,0.00023487275967665173,PARELHEIROS
1360579626,5238515190,0,570.331,0,4,36.41804651162791,0.027453805166873565,0.12667979856824688,5.403706767945752e-16,0.00022878839458214209,PARELHEIROS
1360579645,7308863436,0,27.158,0,4,38.8993488372093,0.02570258843335693,0.007608074809698473,1.886326511997224e-10,0.00020635523500838105,PARELHEIROS
1360579645,1360579880,0,132.75799999999998,0,2,38.90213953488372,0.025700744623360226,0.0004772130756382725,1.8038780720184527e-10,0.0001065350982118888,PARELHEIROS
1360579647,13340877666,0,18.707,0,4,39.40595348837209,0.025372154839075196,0.04873689443625361,7.486820657249641e-16,0.00021679175271622884,PARELHEIROS
1360579647,1360579910,0,56.72,0,2,39.44688372093023,0.025345828597301286,0.0004772130756382725,7.14220967340646e-16,0.00011741025162505952,PARELHEIROS
1360579647,7999471213,0,120.998,0,4,38.48725581395349,0.025977792709395802,0.04912071497680277,4.21451457207038e-15,0.0002008615192249523,PARELHEIROS
1360579648,2513876945,0,7.84,0,5,37.88706976744186,0.026389318562386136,0.000741331720603703,6.355186509089186e-11,0.00020318914166473528,PARELHEIROS
1360579651,5060727763,0,265.565,0,5,40.18920930232558,0.02487767166473009,0.03368532068661736,2.683492552195677e-17,0.00022911727311451368,PARELHEIROS
1360579651,5060727425,0,128.07399999999998,0,5,40.8593488372093,0.024469649711545905,0.002361236631057915,4.956938698265315e-18,0.00022602870039106115,PARELHEIROS
1360579651,5497462555,0,55.539,0,5,40.58102325581395,0.024637475186018897,0.03586501134092888,3.634166712094233e-18,0.00023161463738417907,PARELHEIROS
1360579651,1360579908,0,88.618,0,5,40.863813953488375,0.024466975956438403,0.0009430368177290922,5.6123621767597075e-18,0.00023110493859974387,PARELHEIROS
1360579652,2513876945,0,314.253,0,3,38.27813953488372,0.026119711293105544,0.0004772130756382725,3.192847404781017e-11,0.00013099826223661654,PARELHEIROS
1360579655,1360579865,0,49.892,0,2,37.930418604651166,0.026359159489101218,0.0004772130756382725,1.3711418282976935e-14,0.0001067038734878678,PARELHEIROS
1360579663,3899169321,0,38.205,0,5,41.88539534883721,0.023870228397310046,0.004761880356190017,1.1042215719411336e-12,0.0002545303238411507,PARELHEIROS
1360579663,1360579872,0,93.652,0,6,42.882418604651164,0.023315241677621446,0.0033357080093779773,2.472705375608073e-13,0.0002867571944199134,PARELHEIROS
1360579689,1360579712,0,56.101,0,4,38.80613953488372,0.025764324034077562,0.0064875921753000665,-2.4281573898955945e-18,0.000201309746214322,PARELHEIROS
1360579689,5306640393,0,293.515,0,4,39.44241860465116,0.025348697895784495,0.03091691538123801,-3.306070902995558e-19,0.00020984224097694306,PARELHEIROS
1360579694,1360579853,0,60.24,0,4,38.0673488372093,0.026264344222235256,0.0027263786645892523,4.856633479529356e-15,0.0001841917256281184,PARELHEIROS
1360579694,1360579702,0,63.785,0,4,37.72520930232558,0.02650254225168045,0.0028311605332258178,4.128147343548281e-15,0.00018420993460173532,PARELHEIROS
1360579694,7309631342,0,314.65700000000004,0,4,37.91944186046511,0.026366789816354867,0.0,1.5063184771631106e-14,0.00018119644196535212,PARELHEIROS
1360579702,5238515168,0,188.69899999999998,0,4,37.78660465116279,0.026459481149958396,0.0004988528093784328,5.893696188645828e-15,0.00018353086457647324,PARELHEIROS
1360579710,5306623667,0,7.98,0,4,40.90586046511628,0.0244418267240948,0.04527203138444752,6.848559362315865e-18,0.0002055060731889879,PARELHEIROS
1360579710,5060727729,0,72.89,0,4,41.516651162790694,0.02408223990822399,0.006503195562260076,4.333089352335999e-18,0.00019343892897735531,PARELHEIROS
1360579710,8759086155,0,73.208,0,4,41.25395348837209,0.024235591232975556,0.039785219947962136,1.3989620111694782e-18,0.00020212884785074907,PARELHEIROS
1360579716,1360579841,0,44.784,0,4,40.072186046511625,0.024950322209222428,0.000483363315753897,1.2289430850103056e-17,0.00018624704159971722,PARELHEIROS
1360579764,1360579778,0,77.971,0,4,42.16837209302326,0.023710043899318346,0.0005051169428295318,-8.898395459478383e-19,0.00018572401939187207,PARELHEIROS
1360579764,5060727425,0,81.032,0,4,41.82139534883721,0.02390675741803461,1.3097733579570724e-05,3.97573637805665e-18,0.0001873957303811852,PARELHEIROS
1360579764,1360579908,0,112.56700000000001,0,4,41.82586046511628,0.023904205254121184,3.0295627236224457e-05,4.151882637349365e-18,0.00019199087050501644,PARELHEIROS
1360579772,1360579872,0,37.778,0,6,43.880558139534884,0.022784895996743805,0.0019074855825273957,5.511625250248454e-14,0.00029050143725238526,PARELHEIROS
1360579772,8921263210,0,159.168,0,3,44.87981395348837,0.02227758685730157,0.0004772130756382725,1.1151657565259247e-14,0.00015955763373603707,PARELHEIROS
1360579772,5303186230,0,195.932,0,3,44.87981395348837,0.02227758685730157,0.0004772130756382725,1.1146861068469009e-14,0.00015955763373603707,PARELHEIROS
1360579773,5060568660,0,74.51899999999999,0,2,37.72055813953489,0.026505810168287725,0.0004772130756382725,5.22463454247693e-14,0.00010994428744917976,PARELHEIROS
1360579778,5060727890,0,26.310000000000002,0,4,42.351255813953486,0.023607657772428153,0.00039338758072901986,-7.242758495359003e-19,0.00018323713904754582,PARELHEIROS
1360579778,7309308497,0,131.175,0,4,42.74288372093023,0.02339135468762922,0.0005839311309779053,3.749266648412484e-18,0.0001805132502411939,PARELHEIROS
1360579783,5060727696,0,54.693000000000005,0,3,43.625116279069765,0.022918310339680576,0.0004772130756382725,1.0305983593638657e-17,0.0001448616391591932,PARELHEIROS
1360579794,5060727345,0,33.370000000000005,0,2,40.54902325581396,0.024656918298149585,0.0004772130756382725,6.926314122336627e-18,0.00012104411921585435,PARELHEIROS
1360579822,3899177584,0,209.45,0,4,39.54827906976744,0.02528084601923113,0.0014309558669019702,-2.225404336237044e-18,0.00025261250240521095,PARELHEIROS
1360579841,5846949193,0,290.20399999999995,0,4,40.25488372093023,0.024837084623561493,0.0002209530708205844,1.7553327705858e-17,0.00018617851879527958,PARELHEIROS
1360579844,1360579895,0,244.469,0,4,40.17116279069767,0.02488884772137829,0.0,2.811212723491536e-13,0.00019880169935151054,PARELHEIROS
1360579870,5846949193,0,63.448,0,4,40.372465116279066,0.02476474871199344,0.003944581780824804,7.252782849053892e-17,0.00018615796195394825,PARELHEIROS
1360579872,8921263211,0,120.95800000000001,0,3,43.881116279069765,0.022784606187542664,0.0004772130756382725,5.09045729335911e-14,0.00015277450101531143,PARELHEIROS
1360579877,5497462523,0,158.15300000000002,0,2,41.31423255813954,0.024200230564161682,0.0004772130756382725,5.972818889627896e-13,0.00014468648186049065,PARELHEIROS
1360579877,5846949966,0,42.778,0,4,40.31479069767442,0.024800177210049287,0.0014309558669019702,3.5480083148345987e-12,0.000255367206884003,PARELHEIROS
1360579877,7975757946,0,50.899,0,2,41.31423255813954,0.024200230564161682,0.0004772130756382725,5.972783896650148e-13,0.00014468648186049065,PARELHEIROS
1360579878,5060727734,0,29.663,0,2,40.37506976744186,0.02476315110406606,0.0004772130756382725,1.28588468731678e-16,0.00011582235809386556,PARELHEIROS
1360579908,7309308503,0,48.965999999999994,0,2,41.84706976744186,0.023892089913216674,0.0004772130756382725,4.662321912000785e-19,0.00010808415847095327,PARELHEIROS
1421270330,2513877085,0,9.858,0,5,35.76260465116279,0.027956966871982687,0.0015200204552430511,4.424721547806496e-15,0.00020637516231234668,PARELHEIROS
1421270330,13041665773,0,529.799,0,5,36.204279069767445,0.027615905610540704,0.0494219628491329,4.3216213181518685e-15,0.0002108517940345519,PARELHEIROS
1421270330,2328417260,0,15.256,0,5,36.47013953488372,0.027414590847179215,0.008273667462211615,1.6252322901792522e-15,0.000209170244509182,PARELHEIROS
1421270330,8706682363,0,9.84,0,5,35.87720930232558,0.027867662310723917,0.041267427815827644,1.6358537620554403e-15,0.00020887725439295847,PARELHEIROS
1421270346,7892001468,0,28.939,0,4,34.61488372093023,0.028883932170594716,0.21304454539190412,1.2184983097301874e-16,0.0001809638611968986,PARELHEIROS
1421270346,5060535954,0,51.697,0,4,35.19144186046512,0.028410712964039884,0.045187522529525424,9.813764705251875e-17,0.0001709536423817364,PARELHEIROS
1421270346,2152524522,0,18.277,0,4,34.872,0.028670966778170798,0.17088248542592405,6.550037513508506e-16,0.00017762580466180105,PARELHEIROS
1816993079,7333070303,0,52.784,0,4,44.16669767441861,0.02263728116733222,0.020291464434812865,-2.9599314116459404e-18,0.00023055319989342238,PARELHEIROS
1816993079,2351467566,0,647.2340000000002,0,4,44.19051162790698,0.022625082096967043,0.02058189244027291,-3.64516448494005e-18,0.00023404904461889138,PARELHEIROS
1816993079,5049891705,0,333.69300000000004,0,2,44.69451162790698,0.02236994917434324,0.0004772130756382725,1.0717959186376822e-18,0.0001273662982292865,PARELHEIROS
1816993123,7961887931,0,49.101000000000006,0,4,42.42046511627907,0.023569141704311215,0.01850117509448876,2.954708800035016e-18,0.0002174655498132596,PARELHEIROS
1816993123,7333070490,0,916.6969999999998,0,4,42.02511627906977,0.023790867034110277,0.018955153929690226,2.3154429049106073e-18,0.00019527308664591943,PARELHEIROS
1816993123,7961887929,0,183.588,0,2,42.72558139534884,0.023400827345961245,0.0004772130756382725,-3.1787641570514598e-18,0.00011645902918583698,PARELHEIROS
1816993127,2329789092,0,16.272,0,4,39.89562790697674,0.025060739884069594,0.1026767781169901,4.756746077802443e-18,0.00018097342543150303,PARELHEIROS
1816993127,7333070482,0,39.891,0,4,40.744,0.02453892483527322,0.08346536418248218,1.0683895339254892e-17,0.00016274262561296227,PARELHEIROS
1816993127,7333070487,0,50.067,0,4,40.690976744186045,0.024570900811104912,0.018827593393958755,1.158858106848806e-17,0.00016301562809185286,PARELHEIROS
2097474620,5303304625,0,47.108,0,3,45.566511627906976,0.021941858566062386,0.0004772130756382725,-1.3925208171284286e-18,0.000159486844821126,PARELHEIROS
2097474621,2331450033,0,133.43,0,4,34.17004651162791,0.029259952957574702,0.0006472558255017428,3.8161816281488317e-19,0.00018951400782054223,PARELHEIROS
2097474621,2097474635,0,97.697,0,4,33.91888372093023,0.02947661726471911,0.048151027118572644,4.452678120566805e-19,0.00019009470451496907,PARELHEIROS
2097474621,5306698762,0,64.089,0,5,34.074046511627905,0.029342389761285954,0.04875318118322647,-1.6996118655690785e-18,0.00023218651383965426,PARELHEIROS
2097474623,2097474624,0,86.129,0,4,37.24837209302326,0.026841816093102242,0.002464537886333312,8.579163764859691e-20,0.000191951136486788,PARELHEIROS
2097474623,5306698442,0,75.263,0,4,36.752,0.0272043413552561,0.002689705010566454,-1.8150427832477965e-18,0.00018896729302893348,PARELHEIROS
2097474623,2152524735,0,277.488,0,4,36.65060465116279,0.027279603242688976,1.1389333547452804e-07,-2.2473102694147774e-18,0.00019004487975049397,PARELHEIROS
2097474624,5645100860,0,5.321,0,4,37.815627906976744,0.02643917366512676,0.0022747915894327487,-1.6928272806484926e-18,0.0002002115993548726,PARELHEIROS
2097474624,2097474641,0,192.499,0,4,36.89209302325581,0.027101036334753775,9.111466837962243e-07,-3.2926787355504466e-20,0.00019198293343907836,PARELHEIROS
2097474633,5303304695,0,66.643,0,3,44.568558139534886,0.022433168027517575,0.0004772130756382725,-7.44011315415389e-18,0.00014653395091929753,PARELHEIROS
2097474635,2331450033,0,56.352,0,4,33.83144186046512,0.02955280350190273,0.003390376810405751,-6.243206586546909e-19,0.00019158977070170556,PARELHEIROS
2097474635,2097474674,0,164.799,0,4,33.74362790697674,0.029629711311558563,0.05142591608680722,1.2849430854342346e-18,0.0001984880128080524,PARELHEIROS
2097474641,2152524764,0,62.88999999999999,0,4,36.455627906976744,0.027425503574909797,0.02862652040484525,-4.533027226885829e-19,0.00018876510225848925,PARELHEIROS
2097474641,2152524735,0,119.119,0,4,36.31516279069768,0.027531583962621804,0.028795993688031346,-1.9683245721118052e-19,0.00019007667670278432,PARELHEIROS
2097474669,5303304626,0,109.597,0,3,43.57172093023256,0.022946395784763318,0.0004772130756382725,-1.7540640585761368e-17,0.00013659984979615665,PARELHEIROS
2097474674,5309078047,0,45.331,0,4,34.051906976744185,0.029361467308459316,0.009750408449974345,-2.0102344529639594e-18,0.0002134091527140406,PARELHEIROS
2097474678,5497492048,0,214.749,0,3,42.76818604651163,0.023377515997546536,0.0,-1.8114371056821874e-18,0.00018985814230959228,PARELHEIROS
2097474678,5497492048,1,205.709,0,3,42.76818604651163,0.023377515997546536,0.0009541983646055959,8.614289667001015e-19,0.00018985814230959228,PARELHEIROS
2097474678,2328417236,0,802.7439999999999,0,2,43.76762790697674,0.02284368610547883,0.0004772130756382725,-1.9277242587967515e-18,0.00013580739621975104,PARELHEIROS
2097474680,5303304683,0,115.469,0,3,41.583255813953485,0.024043666950024606,0.0004772130756382725,-3.760048477892411e-18,0.0001321219060796395,PARELHEIROS
2111053895,5306698470,0,42.878,0,4,35.605023255813954,0.02808069935258678,0.03962679431831707,-3.2140509787706053e-18,0.00019151731600375863,PARELHEIROS
2111053895,5306702555,0,41.782,0,4,34.796093023255814,0.02873351191526448,0.03912133569548111,-6.491026345182435e-18,0.00019193426691525855,PARELHEIROS
2111053895,5306698657,0,240.176,0,4,35.410976744186044,0.028234577111813968,0.00025580443147579,-8.867171331381514e-18,0.00020026371699377723,PARELHEIROS
2111053910,5306697808,0,282.3330000000001,0,4,36.202418604651164,0.02761732480934076,1.332552025051978e-05,-6.107176968917211e-18,0.00018794679202115052,PARELHEIROS
2111053910,2111053913,0,118.98299999999999,0,4,35.95274418604651,0.02780911377208325,0.01098956793993721,-3.2528454963015033e-18,0.00018615524953214844,PARELHEIROS
2111053910,2111053943,0,302.73100000000005,0,4,35.42902325581395,0.028220195241321005,0.011064623648014924,-9.833146642386907e-18,0.0001911808289272779,PARELHEIROS
2111053913,5306698730,0,235.331,0,4,36.6673488372093,0.027267145981216417,3.1662347261918795e-05,-4.7695579461575355e-18,0.00018382424051868686,PARELHEIROS
2111053913,2331233484,0,45.982,0,4,36.373953488372095,0.027487085059587746,0.011080454821645883,-2.543606152832365e-18,0.0001824583304569237,PARELHEIROS
2111053925,5499715232,0,134.38,0,4,36.62846511627907,0.027296091996058473,0.0012276562630799378,4.130298314493531e-18,0.0002014047706533202,PARELHEIROS
2111053925,5052323409,0,38.992000000000004,0,4,36.70102325581395,0.027242127461118884,0.06291433683612287,-2.2443902887940118e-18,0.00019614462612092506,PARELHEIROS
2111053925,2152524830,0,21.894000000000002,0,4,37.19646511627907,0.02687927334930551,0.06164043987884027,1.8418694986247174e-18,0.00019835847241408912,PARELHEIROS
2111053930,2330753557,0,210.04700000000003,0,5,36.055627906976746,0.027729761247478057,0.04303095222231523,3.1630627546411817e-18,0.00021585525751320552,PARELHEIROS
2111053930,5207513016,0,128.698,0,5,36.41246511627907,0.02745801335601915,0.05984024181832988,9.25554733379697e-18,0.0002163118226760473,PARELHEIROS
2111053930,2152524865,0,156.67300000000003,0,5,36.09041860465116,0.02770303011557535,0.029992443177191266,3.3694408638654912e-18,0.00022088431026710267,PARELHEIROS
2111053930,5308649126,0,214.996,0,5,36.10753488372093,0.027689897876111667,0.054148080697983915,2.6671804517720767e-18,0.00022989991884888136,PARELHEIROS
2111053931,2331233397,0,126.105,0,4,36.65432558139535,0.02727683397879371,0.014237008614322429,-4.869839459870849e-18,0.00018787854500728273,PARELHEIROS
2111053931,7981093653,0,75.21199999999999,0,4,36.733023255813954,0.02721839546191248,0.014172431093108371,9.277774744368537e-19,0.00018624109951971346,PARELHEIROS
2111053931,5306698694,0,99.44299999999998,0,5,36.66288372093023,0.027270466805031892,0.00036024462010593217,5.888188536348313e-19,0.0002162359454262282,PARELHEIROS
2111053940,5207512965,0,73.548,0,4,38.962976744186044,0.02566061520537087,0.03874013470164787,-2.389830305927967e-18,0.00017383916288864258,PARELHEIROS
2111053940,2330753504,0,70.464,0,4,39.42195348837209,0.02536185716375718,0.0026526896765372327,4.015617203843186e-18,0.00018183807757945445,PARELHEIROS
2111053940,2152524919,0,119.248,0,4,38.838511627906975,0.025742849341578965,0.03956551970383177,2.37012375267184e-18,0.00018023185608176655,PARELHEIROS
2111053942,7981093653,0,7.932,0,4,36.64446511627907,0.02728417375764099,0.053871092106109866,4.1340760640931994e-18,0.00019957193507436468,PARELHEIROS
2111053942,5308649126,0,480.2009999999999,0,4,36.38753488372093,0.02747682569548478,0.05380435061152179,9.146231967295248e-19,0.0002055113989861059,PARELHEIROS
2111053942,8932926924,0,81.488,0,2,37.01711627906977,0.02700950408861771,0.0004772130756382725,2.7791898914037157e-18,0.00011478754965504759,PARELHEIROS
2111053943,5306702539,0,56.126000000000005,0,4,34.85097674418605,0.02868826204864299,0.011515185683152157,-9.517338989553132e-18,0.0001925310923093182,PARELHEIROS
2111053943,5306698657,0,63.727999999999994,0,4,35.63981395348837,0.028053287674093253,0.0006983939331298059,3.880112263286063e-19,0.00020037234010210185,PARELHEIROS
2111053951,5306698264,0,147.054,0,4,34.760558139534886,0.02876288549438551,0.00010090949523043184,-4.930067565909088e-18,0.00019408045406393425,PARELHEIROS
2111053951,2152524685,0,59.82599999999999,0,4,35.20725581395349,0.028397951796405602,0.010592763559143955,2.1631893281700437e-18,0.00020765668303430497,PARELHEIROS
2111053951,7294349232,0,112.75800000000001,0,4,34.50213953488372,0.028978317488905305,0.01071690729481119,-2.7506935411518467e-18,0.00019281955625989502,PARELHEIROS
2111053966,5308686887,0,4.216,0,5,38.19367441860465,0.026177474901481312,0.01236870233919827,-6.077789733986008e-18,0.00020364165942300753,PARELHEIROS
2111053966,5308680176,0,40.794,0,5,38.24986046511628,0.026139022242975197,0.0001498836294844789,-1.5301500555853323e-17,0.00020854964400681845,PARELHEIROS
2111053966,5207512965,0,158.06199999999998,0,5,38.53097674418605,0.025948315822002473,0.03409362829429354,-4.6210611617103725e-18,0.00020426352442977624,PARELHEIROS
2111053966,5308680138,0,196.67600000000002,0,5,37.9586976744186,0.026339522026388534,0.029587210689572895,-1.0440076036080562e-17,0.0002082234965552245,PARELHEIROS
2111053975,2129227579,0,124.292,0,4,33.45116279069767,0.02988876529477197,0.004801856916941577,3.5999973221277684e-18,0.00018221437879292616,PARELHEIROS
2111053975,2129227610,0,34.586999999999996,0,4,33.928558139534886,0.029468212276411172,0.025153343139549516,-4.831968012334793e-18,0.0001828544424935639,PARELHEIROS
2111053975,2152524657,0,104.08700000000002,0,4,33.9426976744186,0.029455936681246644,0.02202161809400642,-7.924600620159273e-19,0.00018454563418030835,PARELHEIROS
2111053976,2152524615,0,94.63,0,5,33.70716279069767,0.02966176535523469,0.0014311836535729192,7.53930737161935e-18,0.00022814665112674614,PARELHEIROS
2111053976,6266892418,0,148.237,0,4,33.967255813953486,0.02943464020068575,0.007964105376391847,3.761671837673233e-18,0.00019203814584211758,PARELHEIROS
2111053976,2152524584,0,53.11900000000001,0,4,34.028837209302324,0.02938137284382603,0.009197114626239088,2.4224823527815754e-18,0.0002057950227757247,PARELHEIROS
2111053987,5308680234,0,5.607,0,4,36.842976744186046,0.027137165393297007,0.001441889627107525,-2.4647844353445862e-18,0.0001807223575077644,PARELHEIROS
2111053987,5308668327,0,251.17900000000003,0,4,37.098046511627906,0.026950582240900293,0.00020660251055079385,-3.465124550875506e-18,0.0001781436758805056,PARELHEIROS
2111053987,2330760174,0,137.23999999999998,0,4,37.47125581395349,0.026682157610422624,0.000877662043166713,1.2276046693406776e-19,0.00017977853582247603,PARELHEIROS
2111054004,5052323407,0,14.132,0,5,37.437209302325584,0.026706423158156294,0.0035105342793313775,1.126437812877717e-17,0.0002235574149925986,PARELHEIROS
2111054004,5052312692,0,3.172,0,5,37.437767441860466,0.026706025006460334,0.004755957902745342,1.528524698907247e-17,0.0002379641927430956,PARELHEIROS
2111054004,5207513016,0,17.573,0,5,36.77320930232558,0.02718865098959809,0.057236526276046695,7.171807948427667e-18,0.0002200426503332027,PARELHEIROS
2111054004,2152524830,0,245.30000000000004,0,5,37.094325581395346,0.02695328565266674,0.06144704899520452,1.1820858854646436e-18,0.0002318350416642336,PARELHEIROS
2111054027,5306698275,0,115.64300000000001,0,2,36.608558139534885,0.027310935046322884,0.0004772130756382725,-3.7685121927100106e-21,0.0001156656593958655,PARELHEIROS
2122615217,2346789073,0,75.433,0,4,49.877581395348834,0.020045357563821375,0.03057056574805997,-1.9149296880721297e-19,0.0002174478365542652,PARELHEIROS
2122615217,2122615241,0,71.874,0,4,50.45004651162791,0.019817899538664082,0.028291560105214664,4.773346218388192e-19,0.0002161454792361596,PARELHEIROS
2122615241,2122615254,0,182.094,0,4,50.02232558139535,0.019987354483579425,0.02601665462244644,1.6111004353492165e-18,0.0002126942618236636,PARELHEIROS
2129227531,5654854369,0,50.811,0,5,34.095441860465115,0.029323977016637293,0.10290160356121682,-5.580225103347055e-18,0.00021754834666198858,PARELHEIROS
2129227531,2129227633,0,219.37500000000003,0,4,33.80855813953488,0.02957280666516253,0.09896157751381099,-5.271612417653272e-18,0.000180910685928535,PARELHEIROS
2129227531,2129227610,0,219.29499999999996,0,4,34.077023255813955,0.029339826603481032,0.003959160127765544,-3.983901040038931e-18,0.00018085747550765108,PARELHEIROS
2129227548,5052335692,0,221.16099999999997,0,4,38.35404651162791,0.026068017443355178,0.0,-4.829433525572404e-18,0.00019306139797221336,PARELHEIROS
2129227548,2129227598,0,152.504,0,4,38.29841860465116,0.026105880867022258,0.007376529658678757,-4.9260153668024855e-18,0.0001909320619661458,PARELHEIROS
2129227548,2129227558,0,65.81700000000001,0,4,37.735255813953486,0.026495486301133478,0.007591104702712769,-1.8863420659938597e-18,0.0001909314909195301,PARELHEIROS
2129227552,13256248304,0,191.51099999999997,0,4,36.15330232558139,0.027654844486527656,0.12830778990551978,1.4083398040676655e-18,0.00021088552662853848,PARELHEIROS
2129227558,2152524771,0,126.85100000000001,0,4,37.168,0.026899858843316082,0.010393222435392582,2.4771208346005338e-18,0.00019281936098908178,PARELHEIROS
2129227558,2331233452,0,71.028,0,4,37.474976744186044,0.026679508310661876,0.0032296733140511915,6.018716622159156e-19,0.00019243874644832168,PARELHEIROS
2129227579,2152524615,0,56.028999999999996,0,5,33.384,0.029948896282302063,0.0049996896406608315,3.71579985497774e-18,0.00022200842498328402,PARELHEIROS
2129227579,2129227645,0,131.932,0,4,33.32093023255814,0.030005583472920157,0.0003971460607996793,6.610510269046849e-19,0.00018249814884143588,PARELHEIROS
2129227593,5306698441,0,102.08700000000002,0,4,34.349581395348835,0.0291070200239399,0.020407977317003306,-3.019796763037256e-18,0.00018820185916361334,PARELHEIROS
2129227593,5306702555,0,206.89799999999997,0,4,34.1646511627907,0.029264573746834752,0.00033370747294036713,7.393263696506768e-19,0.00018859744038846494,PARELHEIROS
2129227593,2152524657,0,179.60899999999998,0,4,33.87553488372093,0.029514337025829163,0.020761730016987192,-8.984963643272344e-19,0.0001865501857009582,PARELHEIROS
2129227598,5052335692,0,60.628,0,4,38.898976744186044,0.025702834294678643,0.00772094310515373,-1.0041848226620078e-18,0.0001933584281274035,PARELHEIROS
2129227598,2129227617,0,42.937999999999995,0,4,38.517581395348834,0.025957339928127054,0.01388086415429358,-5.104297365683864e-18,0.0001924512571159176,PARELHEIROS
2129227610,2129227633,0,86.235,0,4,34.08855813953488,0.02932989859517754,0.02118803277166835,-4.920488255529109e-18,0.0001823916940809101,PARELHEIROS
2129227617,7868200629,0,172.63400000000004,0,4,38.755348837209304,0.025798089386011233,0.0,-3.4507800343731983e-18,0.0001950790059707281,PARELHEIROS
2129227617,7985027473,0,50.223000000000006,0,4,38.96893023255814,0.025656694898261227,0.01378633268584972,-4.43303814054305e-18,0.00019737674553082417,PARELHEIROS
2129227633,2129227645,0,104.87500000000001,0,4,33.501023255813955,0.029844281049381347,0.1201940286863144,4.3966379259447035e-18,0.0001831914229629576,PARELHEIROS
2129227645,6266892420,0,139.28300000000002,0,4,33.48725581395349,0.029856550773914685,0.12008662727096192,1.4281024617893883e-17,0.00018565235695975935,PARELHEIROS
2152524522,2513877085,0,38.592,0,4,35.142697674418606,0.028450119645088198,0.17072815995635607,3.64691697472563e-15,0.00017359992493926974,PARELHEIROS
2152524522,8706682362,0,14.871,0,4,35.4893023255814,0.02817226285025294,3.587640067447633e-05,7.143530053194027e-16,0.0001788446841640704,PARELHEIROS
2152524542,5301721431,0,6.508,0,6,34.31832558139535,0.029133529580778594,0.034175289815828784,-1.995363536245932e-17,0.0002303564983528395,PARELHEIROS
2152524542,2327775222,0,265.283,0,5,34.39906976744186,0.02906514508234403,0.1960043940048826,-1.8365026667350984e-17,0.000212891458340513,PARELHEIROS
2152524542,2328410927,0,138.613,0,5,34.778418604651165,0.02874811430772358,0.0011092071941864285,-2.3702969846283865e-17,0.00021070756940765343,PARELHEIROS
2152524542,7893856868,0,133.883,0,5,34.26120930232558,0.029182097592232586,0.22900783529201396,-2.3229054343297025e-17,0.00019981579641877543,PARELHEIROS
2152524544,4116341708,0,7.742,0,6,33.74902325581395,0.029624974503999427,0.0002696994184036824,-3.693381927827442e-17,0.00021420189294419256,PARELHEIROS
2152524544,7893856868,0,26.058,0,5,34.19609302325581,0.029237666209658113,0.22732973088713226,-3.143648405893885e-17,0.00018909281890761508,PARELHEIROS
2152524544,2328410895,0,14.598,0,5,33.68148837209302,0.02968437565593964,2.5398213810819754e-05,-3.182226676336996e-17,0.00018698780590298752,PARELHEIROS
2152524544,2152524551,0,153.01999999999998,0,6,33.67702325581396,0.029688311401328073,0.2271091194963181,-4.272539578636723e-17,0.00021382524332582532,PARELHEIROS
2152524551,4116341712,0,7.708,0,5,33.66679069767442,0.02969733475538658,9.79482685080941e-06,-3.125576144583085e-17,0.0001809010394559915,PARELHEIROS
2152524551,2328411134,0,14.786999999999999,0,6,33.584,0.02977054411292199,0.0004581928886140263,-4.102772125886977e-17,0.00021484612601957518,PARELHEIROS
2152524551,2152524555,0,70.96000000000001,0,5,34.11274418604651,0.02930910360173651,0.22677620927672607,-2.861023544614193e-17,0.00018317003870922037,PARELHEIROS
2152524555,4116341714,0,6.666,0,5,34.62158139534884,0.028878344465879596,0.0010097783123171656,-2.317020700970206e-17,0.00018404015081218068,PARELHEIROS
2152524555,7893836368,0,12.838,0,4,34.542325581395346,0.02894460452966364,0.2276850780938128,-2.0623089530956816e-17,0.0001549500846687089,PARELHEIROS
2152524564,4116341718,0,9.605,0,5,34.368186046511624,0.02909126341830465,0.0010405295128952882,-2.598780948157487e-17,0.00018619416868693295,PARELHEIROS
2152524564,7893836368,0,146.72199999999998,0,4,34.3826976744186,0.02907898510337812,0.2293975782860078,-1.482994765811853e-17,0.00015553224694434345,PARELHEIROS
2152524564,5312184076,0,34.394,0,5,34.2126511627907,0.029223515848890387,0.22841148978746934,-2.594655211707034e-17,0.00018450631162198654,PARELHEIROS
2152524573,4171424395,0,7.807,0,5,33.163162790697676,0.0301483293315082,1.7653466998551847e-05,-1.0499824572851317e-17,0.00019138719801468516,PARELHEIROS
2152524573,2328411012,0,188.525,0,4,32.81674418604651,0.03046657973808039,0.227087251975907,-1.1360857603587046e-17,0.00015745351524878575,PARELHEIROS
2152524573,5306672074,0,164.635,0,5,32.58679069767442,0.03068157164552337,0.2271260896033038,-6.8396823393996856e-18,0.00020431085241524345,PARELHEIROS
2152524584,5309078005,0,98.504,0,2,34.62306976744186,0.02887710304730278,0.0004772130756382725,7.882336317871745e-19,0.00011974176287073191,PARELHEIROS
2152524584,7984784959,0,104.817,0,4,34.20911627906977,0.02922653556239599,0.008806916058903356,-2.421761973925185e-18,0.00022374237030113,PARELHEIROS
2152524615,6266892390,0,26.86,0,5,33.97990697674419,0.029423681300029567,0.001439953440404458,5.0046272857255996e-18,0.0002286986118095137,PARELHEIROS
2152524615,7984784952,0,47.292,0,5,33.57116279069768,0.029781928011305383,0.003977496954776943,9.144812270039318e-18,0.00023009780850452984,PARELHEIROS
2152524657,5306697806,0,46.48,0,4,33.85060465116279,0.02953607369178937,0.0017396068060379413,-2.0279952861570342e-19,0.00018663358023305904,PARELHEIROS
2152524667,7981038062,0,6.89,0,5,33.013209302325585,0.030285269884922736,0.0037822837777736016,6.6731263692721376e-18,0.00021242136433950493,PARELHEIROS
2152524667,7981038060,0,129.04500000000002,0,5,32.713674418604654,0.03056256966718988,0.2281478267158458,1.744560445197387e-18,0.00021279721123596777,PARELHEIROS
2152524667,7980945910,0,539.6189999999999,0,5,33.02493023255814,0.03027452129187816,0.055433594775484915,5.253489623217194e-18,0.00023158571748097727,PARELHEIROS
2152524667,2152524761,0,485.99799999999993,0,5,32.98325581395349,0.030312773218264377,0.16961530817543446,1.250106650519141e-17,0.00021050867204932053,PARELHEIROS
2152524685,2152524688,0,61.282999999999994,0,4,35.685581395348834,0.02801730879516188,0.0105456117182575,-5.1998194686782966e-18,0.0002193408781642775,PARELHEIROS
2152524685,5306698097,0,265.71400000000006,0,2,36.03553488372093,0.027745223061474204,0.0004772130756382725,6.5943922963343445e-19,0.00011940496755131485,PARELHEIROS
2152524688,2152524694,0,41.753,0,4,35.70511627906977,0.028001980043248314,0.01049982659739674,-2.2378394470408498e-18,0.00021284531392453152,PARELHEIROS
2152524688,5306698251,0,109.712,0,2,36.330418604651165,0.02752002294188738,0.0004772130756382725,-1.5249427360498098e-19,0.00012050071198469231,PARELHEIROS
2152524694,5306698275,0,30.584,0,4,35.844093023255816,0.027893409182921387,0.010477275716972783,-2.223644956118368e-18,0.0002080102613357047,PARELHEIROS
2152524694,2152524707,0,120.70800000000001,0,4,35.25841860465116,0.028356744092784703,2.5056533804396167e-06,9.322918383066216e-20,0.00019907237022048232,PARELHEIROS
2152524707,5306698441,0,66.493,0,4,34.80744186046512,0.02872414346036667,0.0390342072938431,-1.4484734082118152e-18,0.000190957474574191,PARELHEIROS
2152524707,5306698264,0,73.105,0,4,34.79218604651163,0.02873673853524983,0.039054708094228514,2.8968876992873814e-19,0.00019199170548985759,PARELHEIROS
2152524735,5306698293,0,74.607,0,4,36.04427906976744,0.027738492190484056,0.029009088118704188,-8.290581832484343e-19,0.000192851950551701,PARELHEIROS
2152524761,4116341739,0,9.895,0,5,33.44093023255814,0.029897910929372166,0.043085051556665636,7.541644456448651e-18,0.00020778142568172097,PARELHEIROS
2152524761,7984876185,0,27.452999999999996,0,4,33.63516279069768,0.02972525983328632,0.21263316266417012,5.897996524971643e-18,0.0001714819604981789,PARELHEIROS
2152524764,5306698823,0,122.754,0,4,36.971162790697676,0.02704307568438003,1.571728029548487e-05,-4.7824855876009936e-18,0.00019049009792010467,PARELHEIROS
2152524764,5306698431,0,156.498,0,4,36.58976744186047,0.02732496059388824,0.028615131071297796,-5.30961281832246e-18,0.00018494854983454236,PARELHEIROS
2152524771,2331233452,0,228.13699999999997,0,4,36.85767441860465,0.027126343950330624,0.0,3.26822609714617e-18,0.00019403015740929896,PARELHEIROS
2152524771,4339195661,0,57.18600000000001,0,4,36.48781395348837,0.027401311428600566,0.010433312889479615,-1.54566589580949e-18,0.00020056912208373456,PARELHEIROS
2152524789,7981093653,0,19.841,0,4,36.73860465116279,0.027214260393983895,0.04115193997365647,4.999345539873925e-18,0.00018479453717581588,PARELHEIROS
2152524789,5306698431,0,221.16599999999997,0,4,36.70139534883721,0.027241851269833223,0.028612283737910933,-7.255249589836226e-22,0.00018080785791984634,PARELHEIROS
2152524789,5306698694,0,50.64,0,5,36.667162790697674,0.027267284332727845,0.012414829140065455,1.1572955391532353e-18,0.00021467420407247413,PARELHEIROS
2152524801,5846948882,0,282.49099999999993,0,4,38.202418604651164,0.026171483115643476,0.001174240288742384,-6.302639351965101e-18,0.00018564760383313046,PARELHEIROS
2152524801,2152524851,0,332.726,0,4,38.88613953488372,0.02571131939161679,0.0007706023078206567,-9.003958803516204e-19,0.00018738271922029052,PARELHEIROS
2152524801,2152524844,0,301.907,0,4,38.8893023255814,0.025709228340429602,0.00043279467480320655,-1.0496144451765961e-18,0.000186501585719331,PARELHEIROS
2152524827,4232363642,0,134.99099999999999,0,4,35.02325581395349,0.028547144754316068,0.21865550056405675,4.1244271726574094e-18,0.00019213790179530466,PARELHEIROS
2152524827,2152524842,0,109.29899999999999,0,4,35.42213953488372,0.028225679380652752,0.21845185928022828,-2.4241879934231694e-19,0.0001991924875754582,PARELHEIROS
2152524827,5052284267,0,120.44700000000002,0,4,35.74362790697674,0.0279718095793298,0.0014309558669019702,5.354439066628324e-19,0.0002257180324393886,PARELHEIROS
2152524828,5052323409,0,8.988,0,4,37.08986046511628,0.026956530462785542,0.016412257428550438,-1.0185306981662154e-18,0.00019836381328057284,PARELHEIROS
2152524828,5499715235,0,235.86300000000003,0,4,37.89451162790698,0.0263841361331088,0.000761604734318169,9.719339817016544e-19,0.00020574387334933305,PARELHEIROS
2152524828,7887183039,0,236.67000000000002,0,4,37.98493023255814,0.02632133183784022,0.01564359130743285,-3.0858969491208137e-18,0.0002060746492864697,PARELHEIROS
2152524830,2330760161,0,72.12100000000001,0,2,37.67832558139535,0.026535519773258083,0.0004772130756382725,6.1575846029085646e-18,0.00010951735165413676,PARELHEIROS
2152524842,2152524850,0,59.589999999999996,0,4,35.772837209302324,0.02794896998632196,0.21489371758666856,1.6597282411873377e-20,0.0001908977827951395,PARELHEIROS
2152524842,2330727387,0,88.209,0,4,36.09060465116279,0.027702887306881387,0.0038731706594822748,-3.3383609481783964e-18,0.0001946432601058192,PARELHEIROS
2152524844,2152524867,0,76.067,0,4,39.32018604651163,0.025427498036395296,0.0006163907315881457,-2.663703494426529e-18,0.00018585389391584416,PARELHEIROS
2152524844,2152524851,0,76.74799999999999,0,4,39.36948837209302,0.025395655235313855,0.0003526137666291388,-2.8178150462568045e-18,0.00018737642160310117,PARELHEIROS
2152524850,7980945899,0,54.269,0,4,36.155906976744184,0.02765285224711585,0.21631499252005518,-1.3446452551498379e-18,0.00018640474273398574,PARELHEIROS
2152524850,2330727205,0,162.61599999999999,0,4,36.24055813953488,0.02758826035843177,0.0014734380810339691,2.676613352595977e-19,0.0001871029792408449,PARELHEIROS
2152524851,2152524863,0,62.386,0,4,38.839627906976744,0.025742109473422016,0.0010842645537175069,-5.62326546498333e-19,0.00019100202850887767,PARELHEIROS
2152524863,7887183039,0,142.09799999999998,0,4,38.58920930232558,0.025909158844260597,0.015835615471042903,-1.1857405366763709e-18,0.000201605191637852,PARELHEIROS
2152524863,2152524886,0,78.178,0,4,39.06995348837209,0.02559035433164604,0.015109431564057313,-9.396501586841991e-18,0.0001896141862881577,PARELHEIROS
2152524865,5499715232,0,192.19,0,4,36.36372093023256,0.027494819779488883,0.0010761781268988154,4.919093782210455e-18,0.00019508487418082684,PARELHEIROS
2152524865,5308680234,0,164.80200000000002,0,4,36.584372093023255,0.027328990393661545,0.03011829531289062,2.535812591495692e-18,0.00018342349701989556,PARELHEIROS
2152524867,2152524886,0,138.483,0,4,39.25172093023256,0.025471850145512804,2.2778667094905607e-07,-4.1567967418825825e-19,0.00018534718519608377,PARELHEIROS
2152524867,2330753602,0,67.618,0,4,39.417302325581396,0.025364849812147185,0.0008883680167013187,-5.23455163885859e-18,0.00018395426659736035,PARELHEIROS
2152524875,2330727468,0,24.765,0,4,37.840186046511626,0.02642201474008191,0.0006996467598200257,8.279631298454087e-18,0.00019369130214641744,PARELHEIROS
2152524875,5052294467,0,4.317,0,4,37.14641860465116,0.026915487173322917,0.031060876557277812,7.99705365802207e-18,0.00018816774535917563,PARELHEIROS
2152524875,2152524884,0,44.884,0,5,38.094697674418605,0.02624548859879175,0.031573054886906766,1.618362857800849e-17,0.00021745356394795067,PARELHEIROS
2152524884,5052294461,0,32.893,0,5,37.50344186046512,0.026659258561074706,0.12116850006463446,8.721045990614616e-18,0.00021245548317002483,PARELHEIROS
2152524884,7333070637,0,27.310000000000002,0,5,38.135627906976744,0.02621731982300626,0.00015945066966433925,1.3642096487423636e-17,0.00021187516041950216,PARELHEIROS
2152524884,7333070646,0,5.227,0,5,37.862325581395346,0.026406564787971105,0.10125789494364842,7.98883560966336e-18,0.00021379475729892036,PARELHEIROS
2152524886,2152524895,0,66.771,0,4,39.31572093023256,0.025430385856654775,0.015375258609054861,-5.770721091931974e-18,0.0001822087557864511,PARELHEIROS
2152524887,2330727253,0,240.63299999999998,0,4,38.412093023255814,0.026028624706366698,0.0008731063097477319,-1.1595789763202933e-18,0.0001805069778152631,PARELHEIROS
2152524887,2152524897,0,245.82100000000003,0,4,38.10288372093023,0.026239850002197234,0.03290629027197159,-1.73807735860948e-18,0.00018170616457279393,PARELHEIROS
2152524887,2330727406,0,69.128,0,5,37.72930232558139,0.02649966715155699,0.03389556778390334,2.0048844620299444e-18,0.00021376260705189176,PARELHEIROS
2152524891,2152524899,0,135.222,0,5,39.053767441860465,0.025600960393303923,0.013583488655369586,-7.997901481746201e-19,0.0002167738689891916,PARELHEIROS
2152524891,2330753602,0,68.981,0,4,39.57916279069767,0.025261119311077475,0.013817539459769742,-7.701421677639346e-18,0.0001832506764217915,PARELHEIROS
2152524891,2330753587,0,78.542,0,4,39.13302325581395,0.025549110963202434,0.027314469180178685,-3.631727763200925e-18,0.00019263481563068822,PARELHEIROS
2152524895,2330753602,0,135.269,0,4,39.48837209302326,0.02531919905771496,0.012634643277531294,-5.937145118163523e-18,0.0001808158371877277,PARELHEIROS
2152524895,2152524899,0,70.698,0,5,39.47367441860465,0.025328626438108882,0.003012592616636741,-8.547417901692007e-20,0.00021424342695037434,PARELHEIROS
2152524897,5207512957,0,85.923,0,4,38.736558139534885,0.02581060376832894,0.00213322217343791,5.13830942601288e-19,0.00018481706839559435,PARELHEIROS
2152524897,7070718968,0,45.346999999999994,0,4,38.368372093023254,0.026058284439703244,0.03192475750685211,2.3584844129426626e-18,0.0001878101846834793,PARELHEIROS
2152524899,2152524932,0,201.17,0,5,38.68186046511628,0.025847100978765362,0.0028944852277496555,-6.315313043684e-18,0.00021440264170186188,PARELHEIROS
2152524899,2152524913,0,123.35,0,5,38.943441860465114,0.02567348713220365,0.01371435209782982,-3.3914914150042202e-18,0.00021371323684875505,PARELHEIROS
2152524913,2330753535,0,305.40400000000005,0,4,38.57767441860465,0.025916905789587906,0.027329047527119427,-2.093282719950918e-18,0.00018087804972947568,PARELHEIROS
2152524913,2152524919,0,28.667,0,4,38.79386046511628,0.025772478982529004,0.04088941583538768,-3.160338363061706e-18,0.0001795466677800512,PARELHEIROS
2152524919,5308703560,0,228.53699999999998,0,4,38.524093023255816,0.025952952426026358,0.0011731013553876388,-2.984288179358724e-18,0.0001822934649024574,PARELHEIROS
2152524925,2152524932,0,15.187,0,4,38.39944186046512,0.026037200153103,0.0059300842981522515,-2.9380983607046024e-18,0.00018255377877643566,PARELHEIROS
2152524925,2330727339,0,160.516,0,4,38.87813953488372,0.02571661003971862,0.0008824455632566432,-7.586165446307941e-19,0.00018710405159123275,PARELHEIROS
2152524925,7070718968,0,112.53399999999999,0,4,38.40093023255814,0.026036190983745548,0.005202989244482864,-5.742592179199532e-18,0.00018834178317768803,PARELHEIROS
2152524932,2330753535,0,97.136,0,4,38.32427906976744,0.02608826513522304,0.006888838396176829,9.063630937551042e-19,0.00018153861051266746,PARELHEIROS
2152524944,2330727262,0,88.52,0,4,38.972093023255816,0.025654612722281894,0.018975199156733742,2.617978713719802e-18,0.00019562389860801913,PARELHEIROS
2152524944,13322434918,0,147.336,0,4,38.59516279069767,0.02590516223264513,0.017265887977932028,-1.5688385623404855e-18,0.00020145606724798553,PARELHEIROS
2152524944,2330753535,0,160.337,0,4,38.38809302325581,0.0260448976426799,0.0340620798403671,2.917559812356239e-18,0.00018931578330107804,PARELHEIROS
2152524957,2330727234,0,226.26399999999998,0,4,38.26958139534884,0.026125552384795258,0.11998731228242814,1.1504388378598927e-19,0.00020038228134014279,PARELHEIROS
2152524957,2152524961,0,38.024,0,4,37.97060465116279,0.02633126237187151,0.13647690328576578,1.3997221018563511e-18,0.00019609825473520582,PARELHEIROS
2152524957,13322434918,0,193.245,0,4,38.25506976744186,0.026135462817513774,0.01695905933216365,1.097488810004542e-18,0.000203416086347484,PARELHEIROS
2152524961,2330760191,0,402.372,0,4,37.91404651162791,0.026370541935737138,0.006878474102648646,2.3025126701937358e-18,0.00019474424048765518,PARELHEIROS
2152524961,2152524989,0,365.098,0,4,37.882976744186045,0.026392169766379696,0.1326851663611478,-4.0072866699367335e-18,0.00019388798394779548,PARELHEIROS
2152524964,2330727217,0,285.522,0,2,40.522604651162794,0.02467299331065291,0.0004772130756382725,6.180196389986229e-21,0.00012581719900364128,PARELHEIROS
2152524964,8945679838,0,87.099,0,4,40.15813953488372,0.024896919156821868,0.09328684207379263,1.1377050044660659e-18,0.00022788076577243187,PARELHEIROS
2152524964,5238450109,0,166.87499999999997,0,4,39.87255813953488,0.025075239717238643,0.09258047560717961,-1.1608918572562322e-19,0.00022913382530169343,PARELHEIROS
2152524987,7975914909,0,40.86,0,4,37.99906976744186,0.02631153761413988,0.00023370912439373153,-1.1441599534729562e-17,0.0001893752975550708,PARELHEIROS
2152524989,2152525046,0,430.42300000000006,0,4,37.784,0.026461305142080567,0.1272600851124896,-6.743866499626866e-18,0.0001928782759562931,PARELHEIROS
2152524989,5308718174,0,157.401,0,4,38.36781395348837,0.02605866351156735,0.005162443217053932,-1.0560809066717033e-17,0.00020025888839200274,PARELHEIROS
2152525046,5308737841,0,410.463,0,4,37.57339534883721,0.026609624821125288,0.12849844734910415,3.2264015850585335e-18,0.00019195867099415764,PARELHEIROS
2152525046,8950405552,0,85.943,0,4,38.182511627906976,0.026185127977742154,0.0014978112548255183,-4.705250944321166e-18,0.0001931196347150841,PARELHEIROS
2152525063,7975537108,0,166.862,0,5,36.823627906976746,0.027151424515099002,0.09040089884620356,1.4845866138726182e-17,0.0002217444671073552,PARELHEIROS
2152525063,5308733793,0,70.349,0,4,36.85320930232558,0.027129630564502287,0.04457659867804006,3.934532310165878e-18,0.00019020431294051375,PARELHEIROS
2152525063,5308733803,0,56.733,0,4,37.267906976744186,0.026827746299578164,0.04582976704826629,4.0852319523785096e-18,0.00018978174205256862,PARELHEIROS
2152525132,5308733776,0,75.185,0,4,39.38939534883721,0.02538282054430894,0.011274073491952582,3.872174315419797e-18,0.00019202695897507576,PARELHEIROS
2152525132,2152525136,0,103.16499999999999,0,4,39.436651162790696,0.025352405034627216,0.03882749088995683,-9.883181071302147e-19,0.0001901788033806497,PARELHEIROS
2152525132,7975594958,0,148.10199999999998,0,4,38.5693023255814,0.02592253147460325,0.05025418145144528,2.93093882431064e-18,0.00019954464700190324,PARELHEIROS
2152525136,2337271980,0,72.51400000000001,0,5,40.25544186046512,0.024836740258719896,0.001580383923044551,-1.907860193547117e-18,0.00022731787281593215,PARELHEIROS
2152525136,2152525144,0,121.025,0,4,40.30027906976744,0.024809107444578836,0.03773502601608515,-4.53990513387107e-18,0.0001906963962041542,PARELHEIROS
2152525144,2152525146,0,6.748,0,4,41.155906976744184,0.024293328149792282,0.03758172558653644,-3.510834913250683e-18,0.00019969653385231714,PARELHEIROS
2152525144,2337272327,0,131.951,0,4,41.22883720930233,0.024250355362018004,0.00017402901660507885,-1.1672647847094478e-17,0.00019465007822695246,PARELHEIROS
2152525146,8353461226,0,58.276,0,4,41.99311627906977,0.02380899638035913,0.03761566580050785,-1.292130756523729e-18,0.0001984352012721557,PARELHEIROS
2152525146,4340479955,0,180.413,0,2,42.076837209302326,0.02376162325402475,0.0004772130756382725,-2.1366606383983123e-18,0.0001128666732242133,PARELHEIROS
2152525151,7512525263,0,92.883,0,4,38.5053023255814,0.02596561754104539,0.09552849070260229,2.4804444699870694e-18,0.00020294042522359687,PARELHEIROS
2152525151,2334978396,0,375.25899999999996,0,4,38.33916279069768,0.026078137359091196,0.05567812376674872,-8.533531651374349e-19,0.00019959341339476278,PARELHEIROS
2152525151,5308737841,0,402.57800000000003,0,4,37.67795348837209,0.02653578182787788,0.12947439934078536,-3.049069000971879e-18,0.0001951206947109053,PARELHEIROS
2152525163,2337272333,0,8.625,0,4,41.755906976744185,0.0239442518646575,0.0645220551596813,-1.4922855446217585e-18,0.00019655941813604712,PARELHEIROS
2152525163,4340469373,0,14.681,0,4,40.93618604651163,0.02442372018615474,0.011232730211175327,-1.0546013618545142e-18,0.00020172391912093724,PARELHEIROS
2152525163,2152525346,0,319.84200000000004,0,4,41.70474418604651,0.023973626334408443,0.058007470263873775,-6.959317246392654e-18,0.0001981930660504413,PARELHEIROS
2152525181,2152525288,0,433.45399999999995,0,4,43.63441860465116,0.022913424435585306,0.09983867009030033,-7.979203982191488e-18,0.00018789056438953876,PARELHEIROS
2152525181,8353461226,0,134.399,0,4,42.817116279069765,0.023350800809934735,0.036957817894806975,-2.9292204437282696e-18,0.0001914652539867355,PARELHEIROS
2152525181,2337271658,0,61.076,0,4,43.61562790697674,0.02292329610892618,0.062846684194851,-8.510043520161704e-18,0.00019533345838007788,PARELHEIROS
2152525188,2152525195,0,24.467,0,4,40.34362790697674,0.024782450299058782,0.09463738924584958,-2.095535144092377e-18,0.00019563506829502783,PARELHEIROS
2152525188,7512525263,0,53.516999999999996,0,4,39.43460465116279,0.02535372073164403,0.0949346508514381,-4.975133262608574e-18,0.00020223854263698367,PARELHEIROS
2152525188,2334978476,0,298.222,0,4,40.27906976744186,0.02482217090069284,0.0,3.0271962486220956e-18,0.00019425230260213216,PARELHEIROS
2152525195,2152525213,0,33.485,0,4,41.266232558139535,0.024228379755281644,0.09329937034069483,-2.4031531518914212e-18,0.0001969833607106763,PARELHEIROS
2152525195,2334978446,0,203.774,0,4,41.25767441860465,0.024233405483405482,0.0023933545516617322,2.3360070183208054e-19,0.0001960308922112043,PARELHEIROS
2152525199,2334978395,0,147.98600000000002,0,2,44.67516279069768,0.022379637611450513,0.0004772130756382725,-5.657423484107052e-18,0.00012753830337737326,PARELHEIROS
2152525199,2152525217,0,65.137,0,4,44.49953488372093,0.022467964128185296,0.0914537288393301,-4.0739851488824684e-19,0.0002340125254679835,PARELHEIROS
2152525199,2152525214,0,83.34,0,4,43.76893023255814,0.022843006401482627,0.09178561401890288,-3.2917311715088843e-18,0.00023079793087342726,PARELHEIROS
2152525213,2334978381,0,189.932,0,4,42.205767441860466,0.02368903621680714,0.000343388406455702,2.0661405424543226e-18,0.00020217017134271665,PARELHEIROS
2152525213,2152525226,0,61.144999999999996,0,4,42.1246511627907,0.023734652415864324,0.09266737622214667,-5.3862147030504695e-18,0.00020432423235374272,PARELHEIROS
2152525214,2334978450,0,125.24000000000001,0,2,43.860651162790695,0.022795237347879756,0.0004772130756382725,-1.0059942856884904e-17,0.00012382442886778365,PARELHEIROS
2152525214,2152525226,0,58.217,0,4,42.950883720930236,0.023278076418277664,0.09218310175970898,-4.099728979660302e-18,0.0002183170618676474,PARELHEIROS
2152525217,2334978393,0,162.674,0,2,45.15311627906977,0.022142745304864483,0.0004772130756382725,6.927252219335473e-19,0.0001270390234623399,PARELHEIROS
2152525217,2152525260,0,74.914,0,4,44.800372093023256,0.022317090389614703,0.09121113603476935,-3.1538162446743256e-18,0.00022835929868632472,PARELHEIROS
2152525226,2334978369,0,170.43599999999998,0,4,43.03776744186047,0.023231083137363398,0.0011393889280871786,7.942657180583057e-19,0.00021235138058187792,PARELHEIROS
2152525260,2334978376,0,301.19,0,2,45.435162790697674,0.022005290441989404,0.0004772130756382725,2.495652681207179e-18,0.00012188507659571447,PARELHEIROS
2152525260,5055390010,0,84.426,0,4,44.439813953488375,0.022498157947618728,0.09098995517727781,3.475736779188326e-18,0.00021092879895078198,PARELHEIROS
2152525271,2334978453,0,108.823,0,4,46.68762790697674,0.021414965769528106,0.0005108116096032583,8.846420356279785e-18,0.00018253516321512468,PARELHEIROS
2152525271,2334978414,0,70.72099999999999,0,4,46.3566511627907,0.021567864123258697,0.07341849138026764,1.395293644175246e-17,0.000184530035661748,PARELHEIROS
2152525271,2152525284,0,64.814,0,4,46.158325581395346,0.021660533411796003,0.07401062283139971,7.472571051208653e-18,0.00018469842054072823,PARELHEIROS
2152525284,2585568922,0,143.501,0,4,46.12,0.0216785332499647,0.0016277635506019546,5.000012269460711e-18,0.0001828782400555967,PARELHEIROS
2152525284,2334978449,0,41.923,0,4,45.25544186046512,0.02209267907649806,0.0753386191230327,6.145775855611756e-18,0.00018720212438494996,PARELHEIROS
2152525288,2152525337,0,38.135,0,4,44.478139534883724,0.02247877190780943,0.00952091337899317,4.6254887953134595e-18,0.00018268438616171959,PARELHEIROS
2152525288,2152525326,0,80.868,0,4,44.44539534883721,0.022495332657998947,0.09039793761948123,-2.747827852628996e-18,0.00018228767144090667,PARELHEIROS
2152525302,12544993757,0,21.608,0,4,45.61953488372093,0.021916355702371486,0.058966907721911196,8.39827922153933e-18,0.00017703436284351577,PARELHEIROS
2152525302,8319810177,0,116.482,0,4,45.9966511627907,0.021736668392441108,0.062108655380976055,1.1515998473680541e-17,0.00018115776946164678,PARELHEIROS
2152525302,7889861285,0,39.075,0,4,46.30362790697674,0.021592561936982186,0.0030627056842455333,1.0969184362394506e-17,0.00017586525295537028,PARELHEIROS
2152525326,12544993757,0,39.976,0,4,45.14846511627907,0.022145026434749644,0.05888342390700837,-2.687335798040328e-18,0.00017763020789702877,PARELHEIROS
2152525326,7889715511,0,22.424,0,4,45.27404651162791,0.022083600440521392,0.0316006170740916,-5.417985457388488e-19,0.00017793600832775413,PARELHEIROS
2152525337,2334978377,0,68.03,0,4,45.34660465116279,0.0220482649402227,0.009351326202471599,1.0214593087750895e-17,0.00017906917929956913,PARELHEIROS
2152525337,7889715511,0,89.689,0,4,45.32204651162791,0.02206021198164249,0.00025660168482411166,9.14366156711128e-18,0.00017833272304856705,PARELHEIROS
2152525344,8940417553,0,756.3269999999999,0,4,42.558511627906974,0.02349269077428831,0.0063516035327434795,3.5423772585371556e-18,0.00019076034239560622,PARELHEIROS
2152525344,5055390010,0,145.135,0,4,43.47348837209302,0.022998245388796166,0.006516407189175122,1.1400601308247912e-18,0.00019468282181925453,PARELHEIROS
2152525344,7319680558,0,39.463,0,4,43.44409302325582,0.023013806570968517,0.001073672473518376,8.994561178909468e-18,0.00018889077868985938,PARELHEIROS
2152525346,2337271742,0,139.863,0,4,42.583441860465115,0.023478937112798512,0.0003556888866869511,-2.1964931837720902e-18,0.0001972275496480104,PARELHEIROS
2152525346,5494645079,0,179.77599999999998,0,4,42.096372093023255,0.02375059663761557,0.05798936122353332,-2.4982829796339355e-18,0.00020599992038883834,PARELHEIROS
2152525353,2152525355,0,61.724,0,4,46.82213953488372,0.02135344440515121,0.0005347292100529092,3.6184448682639676e-17,0.0001682019301259606,PARELHEIROS
2152525353,2334978377,0,59.318,0,4,46.15627906976744,0.021661493812729252,0.00920269539967734,1.9543537334977392e-17,0.00017483399775172531,PARELHEIROS
2152525353,2334978441,0,162.914,0,4,46.948651162790696,0.02129590368893873,0.008746552591101854,3.730220220938513e-17,0.00016866905864973663,PARELHEIROS
2152525355,2334978349,0,59.271,0,5,47.312,0.02113235444471534,0.0010810755403242202,4.563775911262907e-17,0.00020021813444912685,PARELHEIROS
2152525355,2152525376,0,162.777,0,5,47.53004651162791,0.021035408691295394,0.0004739101689095112,7.171768484217762e-17,0.00019472189865795385,PARELHEIROS
2152525357,2334978360,0,112.19,0,6,47.586046511627906,0.021010653895024923,0.0010319875127346985,-2.0658275592429755e-18,0.0002327423991142464,PARELHEIROS
2152525357,2334978481,0,48.205,0,5,47.563162790697675,0.021020762599158232,0.030895731220839745,-6.24768859665894e-19,0.00021003071294441796,PARELHEIROS
2152525357,2334978469,0,60.699,0,5,48.06102325581395,0.02080301012666068,0.011470311708975193,2.9797430985684477e-18,0.00020416823759444294,PARELHEIROS
2152525357,2152525364,0,60.506,0,5,47.57023255813954,0.021017638546677618,0.03961426605141487,-2.38812643475831e-18,0.00019819426971981854,PARELHEIROS
2152525364,2334978435,0,108.28,0,5,47.4413023255814,0.021074757742247947,0.0001978327237192552,8.021022070471946e-19,0.0001946931936004014,PARELHEIROS
2152525364,2334978348,0,58.485,0,4,47.98251162790697,0.02083704915744496,0.039056758174267056,1.7799348613488555e-17,0.00015998932284712005,PARELHEIROS
2152525376,2152525405,0,159.678,0,6,48.178046511627905,0.020752480141490674,0.006943393303869127,1.5740519512122475e-16,0.00021705279413955855,PARELHEIROS
2152525376,2334978441,0,59.962,0,5,47.53116279069767,0.021034914670424298,0.007247032936244219,7.924213073141246e-17,0.00019523702131754643,PARELHEIROS
2152525376,5846949303,0,60.813,0,5,47.97972093023256,0.020838261125824476,7.80169348000517e-05,7.691035489929577e-17,0.00019450797916353705,PARELHEIROS
2152525379,2152525413,0,157.58,0,6,49.799441860465116,0.020076810424698884,0.002377751164701722,2.010429490101665e-16,0.0002076163758332991,PARELHEIROS
2152525379,2334978445,0,66.948,0,5,49.37990697674419,0.020247384304697892,0.008890399873806184,1.3522897725834434e-16,0.00018164901029301333,PARELHEIROS
2152525379,2334978348,0,48.741,0,5,48.8926511627907,0.02044916627980426,0.037389359742919966,8.103340253721897e-17,0.00018742008292815018,PARELHEIROS
2152525379,2152525389,0,86.15299999999999,0,5,49.77972093023256,0.020084764132961588,0.025814835631985576,1.0535303993734882e-16,0.00018623222892149161,PARELHEIROS
2152525383,2337271856,0,121.579,0,4,42.013767441860466,0.023797293467479098,0.0011097766608638012,-3.168335382190943e-18,0.0002179441026638842,PARELHEIROS
2152525383,2337271670,0,223.032,0,4,41.08409302325581,0.024335792271778362,0.05796794927646411,-2.3337875300418025e-18,0.000210527305342039,PARELHEIROS
2152525383,5494645079,0,134.657,0,4,41.949953488372095,0.023833493731179125,0.057241537582807575,-2.419409877417982e-18,0.0002118207269560562,PARELHEIROS
2152525389,2152525416,0,100.658,0,5,50.69674418604651,0.019721462779133562,0.008488925866258473,1.1877452482284433e-16,0.00018515949665010955,PARELHEIROS
2152525389,5846948675,0,111.81,0,4,50.14902325581395,0.019936857960089184,0.01696281781223431,3.9607950104637756e-17,0.0001628797008870036,PARELHEIROS
2152525402,2152525405,0,61.081,0,5,48.40930232558139,0.020653343581860106,0.0008698034030189707,1.467146155800311e-16,0.00018514165310133023,PARELHEIROS
2152525402,2334978441,0,160.402,0,4,47.71925581395349,0.020952002214502653,0.0015899509632244114,6.492201509779412e-17,0.0001622096446003589,PARELHEIROS
2152525402,2152525431,0,160.926,0,4,48.62083720930232,0.020563486991891696,0.0019870970240240906,8.533135916685387e-17,0.000158132457599752,PARELHEIROS
2152525405,2152525409,0,59.898,0,6,48.83441860465116,0.0204735508695735,0.0020448409451096763,2.6387255281212945e-16,0.00020493841194689434,PARELHEIROS
2152525405,2152525432,0,159.473,0,6,49.07962790697675,0.02037126188860627,0.006274042171285326,2.275161738007534e-16,0.00020693931513203874,PARELHEIROS
2152525409,2152525410,0,58.244,0,6,49.454697674418604,0.020216764038687978,0.0006485086521919627,3.153262617707005e-16,0.00019907064684009167,PARELHEIROS
2152525409,2152525434,0,159.993,0,6,49.476093023255814,0.020208021539178896,0.0032940230485942997,3.413964551432065e-16,0.0001971640614144022,PARELHEIROS
2152525409,2334978341,0,123.58,0,5,49.20632558139535,0.020318809455392387,0.004761652569519068,2.443411306359296e-16,0.00017351256317293305,PARELHEIROS
2152525410,2152525436,0,160.533,0,6,50.08483720930233,0.01996240797010468,0.0013939405328727487,3.637089621655809e-16,0.00019430718526389402,PARELHEIROS
2152525410,2334978341,0,93.416,0,5,49.8306976744186,0.0200642174432497,0.0016603370445476698,2.4882023122703683e-16,0.00017234303581151856,PARELHEIROS
2152525410,2152525412,0,60.758,0,6,49.777488372093025,0.020085664949879276,0.0005483964103098525,3.3213442378853707e-16,0.0001980950423661398,PARELHEIROS
2152525412,2152525413,0,61.416,0,6,49.796093023255814,0.020078160610340217,0.00041161051440494434,2.8586316064487007e-16,0.00019943009571776965,PARELHEIROS
2152525412,2152525437,0,160.162,0,6,50.25227906976744,0.019895892723597403,0.0014056715464266251,3.4928018424881375e-16,0.00019452980367598848,PARELHEIROS
2152525412,2334978445,0,128.993,0,5,49.84558139534884,0.020058226336219766,0.001635622190749697,2.2590726861657538e-16,0.00017381781163048964,PARELHEIROS
2152525413,2152525416,0,58.958,0,6,50.247813953488375,0.0198976607104509,0.00046172358201373667,2.1745149551287387e-16,0.00020649065100436222,PARELHEIROS
2152525413,2152525440,0,158.166,0,6,50.26381395348837,0.01989132687809067,0.0019629516369034906,2.927703757429056e-16,0.0001971403137107141,PARELHEIROS
2152525416,2334978421,0,60.539,0,5,50.67720930232558,0.019729064943646978,0.003318851795727747,1.0256509550845001e-16,0.0001888079618302291,PARELHEIROS
2152525416,2152525441,0,156.175,0,6,51.159255813953486,0.01954316843709202,0.005714939787440868,1.9391585798036305e-16,0.00020864180136670864,PARELHEIROS
2152525417,2152525419,0,67.777,0,5,49.602046511627904,0.020156707712735034,0.020632461081223602,-4.90359837791105e-18,0.00020043048803552337,PARELHEIROS
2152525417,2334978421,0,29.527,0,4,50.51051162790698,0.019794175930223135,0.003780689271076958,2.1923230374786434e-17,0.0001653458855961999,PARELHEIROS
2152525417,5846948675,0,41.25300000000001,0,4,50.517581395348834,0.019791405801157874,0.01688366194407951,1.1391776242703805e-17,0.00016787782545845054,PARELHEIROS
2152525419,2152525421,0,48.141,0,5,49.62381395348837,0.02014786599082211,0.0006180991316202636,-1.6893363899322144e-17,0.00020342388924553592,PARELHEIROS
2152525419,2334978371,0,163.69000000000003,0,5,48.693581395348836,0.020532766841912214,0.010568732065358829,-2.110611885428219e-17,0.00020244975993607034,PARELHEIROS
2152525419,5846949213,0,156.26700000000002,0,6,49.57916279069767,0.02016601122752244,0.022446098555319986,-2.7749083286354814e-17,0.00023069775992652262,PARELHEIROS
2152525421,2152525422,0,13.101,0,4,49.61581395348837,0.0201511146108705,0.0011078404741607342,-1.4704274721811395e-17,0.0001716109775662319,PARELHEIROS
2152525421,2334978391,0,160.692,0,4,48.72372093023256,0.020520065676429035,0.0008949738301588413,-1.3427300588914428e-17,0.00017860620388823756,PARELHEIROS
2152525422,2152525423,0,48.915,0,4,50.53618604651163,0.019784119691347118,0.00029714771225304365,-1.9692339198631317e-17,0.00017478042788683532,PARELHEIROS
2152525422,2334978390,0,160.75400000000002,0,5,50.504558139534886,0.019796509272015973,0.00042755558137137827,-3.267697194961237e-17,0.000201160307451708,PARELHEIROS
2152525423,2334978413,0,170.15300000000002,0,5,50.499348837209304,0.019798551397393106,0.007467986007064803,-2.008665008281713e-17,0.00021174468254208653,PARELHEIROS
2152525423,2334978428,0,139.186,0,4,49.632558139534886,0.02014431637147409,0.007578120862468672,-6.013394403165355e-18,0.00018843512460565927,PARELHEIROS
2152525431,2152525432,0,63.304,0,5,49.314418604651166,0.02027427234829193,5.72883477436876e-05,1.6627754825980875e-16,0.00018122205673229945,PARELHEIROS
2152525431,2152525456,0,160.413,0,4,49.522976744186046,0.020188890475081333,0.0015847118697925832,8.663399518940186e-17,0.00015642520545545296,PARELHEIROS
2152525432,2152525458,0,162.866,0,6,49.98176744186046,0.020003573396066288,0.0021765016409182308,2.330952046530518e-16,0.00020350167990865648,PARELHEIROS
2152525432,2152525434,0,59.952,0,6,49.73953488372093,0.020100991210024313,0.003807454204913472,3.0562706995025372e-16,0.0001991649645995466,PARELHEIROS
2152525434,2152525460,0,161.841,0,6,50.37823255813954,0.01984614986908336,0.00597757781904513,3.3704158263421e-16,0.00019298039301383164,PARELHEIROS
2152525434,2152525436,0,58.563,0,6,50.35869767441861,0.019853848484176772,0.0007788026279748227,3.774734611735953e-16,0.00019240059983820462,PARELHEIROS
2152525436,2152525462,0,162.667,0,6,50.98586046511628,0.01960963185415747,0.0011786821288258906,3.864663639567828e-16,0.00018958210779273588,PARELHEIROS
2152525436,2152525437,0,60.303,0,6,50.68148837209302,0.01972739920635212,0.0006469141454953193,3.932908600606926e-16,0.0001907419465737427,PARELHEIROS
2152525437,2152525440,0,59.558,0,6,50.70009302325581,0.019720160139149324,0.00028291104531872767,3.599965064198148e-16,0.0001922400216689329,PARELHEIROS
2152525437,2152525463,0,161.786,0,6,51.15330232558139,0.01954544297306046,0.001421844400064008,3.783849041882973e-16,0.00018955104662523047,PARELHEIROS
2152525440,2152525441,0,60.819,0,6,51.15106976744186,0.019546296060552054,0.0003383770996948228,2.8441653287841596e-16,0.0001992914640730605,PARELHEIROS
2152525440,2510187127,0,161.5,0,6,51.16483720930233,0.019541036540356566,0.0015610220560138813,3.278839094598839e-16,0.00019241305559635863,PARELHEIROS
2152525441,2152525467,0,160.798,0,6,52.05823255813954,0.019205683795963734,0.0062026310499427965,2.3264863325024157e-16,0.0002016942227669164,PARELHEIROS
2152525441,2334978425,0,59.299,0,5,52.06679069767442,0.01920252698680407,0.0035460689999994304,1.41206040580045e-16,0.00018389016713063667,PARELHEIROS
2152525456,2152525458,0,62.99,0,5,50.222511627906975,0.019907685240751854,8.758397497991206e-05,1.5203202439698817e-16,0.0001800354757465514,PARELHEIROS
2152525456,2152525484,0,163.847,0,4,50.42418604651163,0.01982806331402428,0.0011896158890314455,6.946013460475421e-17,0.00015633307430333495,PARELHEIROS
2152525458,2152525486,0,163.341,0,6,50.882976744186045,0.019649281890777196,0.0019793522772118227,2.0130912280986774e-16,0.00020286775637158333,PARELHEIROS
2152525458,2152525460,0,59.919,0,6,50.647627906976744,0.019740587956551606,0.00036377531350564255,2.7262683387700866e-16,0.00019731710832294146,PARELHEIROS
2152525460,2152525487,0,163.964,0,6,51.27944186046511,0.01949736419146165,0.002698930370739891,2.905962236029466e-16,0.00019196684328749708,PARELHEIROS
2152525460,2152525462,0,58.574,0,6,51.266046511627906,0.019502458674311843,0.002972046589207809,3.361724810478318e-16,0.0001901619009683629,PARELHEIROS
2152525462,2152525488,0,163.152,0,6,51.885023255813955,0.019269798696222775,0.0035245431595947447,3.315876207254247e-16,0.00018856514366721725,PARELHEIROS
2152525462,2152525463,0,60.734,0,6,51.588837209302326,0.019380432038659887,0.0003195846993415257,3.645198703945911e-16,0.00018839120784422365,PARELHEIROS
2152525463,2510187127,0,58.597,0,6,51.607441860465116,0.019373445329680234,0.0005146839830093922,3.440937385397924e-16,0.00018972408055265618,PARELHEIROS
2152525463,2152525490,0,163.791,0,6,52.05246511627907,0.01920781179632714,0.0010675222334027513,3.429645498109084e-16,0.00018897746441492135,PARELHEIROS
2152525465,2337271652,0,20.537,0,4,41.04186046511628,0.024360834088848593,0.001444053600481541,-2.9596270416332347e-18,0.00018451589953759107,PARELHEIROS
2152525465,2152525476,0,66.42,0,4,40.94046511627907,0.024421167435413872,0.05526993005240802,5.7154656221305764e-18,0.0001857810611091757,PARELHEIROS
2152525465,2337271833,0,321.754,0,4,40.15144186046512,0.024901072219596504,0.05653038759610462,-4.609915606880992e-19,0.00018539657589171853,PARELHEIROS
2152525467,2152525493,0,164.355,0,6,52.95367441860465,0.01888091741443157,0.005769722481804116,2.281236097515808e-16,0.00019864105981875693,PARELHEIROS
2152525467,2334978412,0,61.419,0,6,52.95423255813954,0.018880718408876115,0.0005604691038701525,1.8552427981709062e-16,0.00020760905075598073,PARELHEIROS
2152525467,2510187127,0,60.818,0,6,52.05711627906977,0.019206095630202247,0.0005332485966917402,2.85919568929318e-16,0.00019481581429021456,PARELHEIROS
2152525471,2334978356,0,62.295,0,4,52.03553488372093,0.019214061231859446,1.21865868957745e-05,1.5909473954759887e-17,0.00018348467852706823,PARELHEIROS
2152525471,2334978367,0,143.165,0,4,51.54958139534884,0.019395190541325758,0.009743005383168501,4.9462650202829356e-18,0.0001861482288576689,PARELHEIROS
2152525471,2334978429,0,171.022,0,4,51.565023255813955,0.01938938238286634,0.009427406950568583,2.523899886615178e-17,0.00018167358188300666,PARELHEIROS
2152525476,2337271652,0,64.902,0,4,40.95032558139535,0.02441528704090719,0.11316214026078157,4.293322486656752e-18,0.00018524007238262456,PARELHEIROS
2152525476,2152525519,0,421.45099999999996,0,4,41.632,0.02401551579286059,0.16805348886607224,6.415894835112712e-18,0.000190099381421521,PARELHEIROS
2152525484,2152525486,0,62.292,0,5,51.1246511627907,0.019556396586546336,8.553389494137056e-05,1.1474347276661175e-16,0.00018050935699546387,PARELHEIROS
2152525484,2334980124,0,178.006,0,4,51.34474418604651,0.019472566653863713,0.0008008979350568812,5.14480299910056e-17,0.0001578215760322744,PARELHEIROS
2152525486,2152525505,0,174.328,0,6,51.80353488372093,0.019300110614701698,0.0013915487728277836,1.4564365129956164e-16,0.00020452456953659717,PARELHEIROS
2152525486,2152525487,0,59.233,0,6,51.54976744186047,0.019395120542803523,0.0007516960141318851,2.1578958390918863e-16,0.000197517491336139,PARELHEIROS
2152525487,2152525506,0,171.44,0,6,52.2,0.019153524013187206,0.0024980225269628236,2.2004379460141324e-16,0.0001933028347973163,PARELHEIROS
2152525487,2152525488,0,59.648,0,6,52.1659534883721,0.01916602470826557,0.00024122608453505038,2.708655675120244e-16,0.00019037008598635143,PARELHEIROS
2152525488,2152525507,0,169.197,0,6,52.8046511627907,0.018934202413458997,0.0023394830039822805,2.443213495824584e-16,0.0001902581154473765,PARELHEIROS
2152525488,2152525490,0,60.006,0,6,52.48874418604651,0.01904815916236305,0.0011219632477595758,2.9072333753666893e-16,0.00018915140023791495,PARELHEIROS
2152525490,2152525508,0,166.429,0,6,52.972093023255816,0.018874352445341996,0.0020836785725064904,2.4130561668846686e-16,0.0001921598817048545,PARELHEIROS
2152525490,2510187128,0,60.55,0,6,52.5073488372093,0.019041409928887032,0.0009303946574914196,2.8455147288543344e-16,0.00019149720594257397,PARELHEIROS
2152525493,2334978419,0,62.058,0,6,53.78251162790698,0.018589945378630904,0.0011828961822384482,1.667446014270611e-16,0.00020622603394270726,PARELHEIROS
2152525493,2510187128,0,58.712,0,6,52.95553488372093,0.018880254078893745,0.0011425779414804653,2.385886575355844e-16,0.00019606906760885113,PARELHEIROS
2152525493,2152525510,0,167.892,0,6,53.87218604651163,0.018559000977334813,0.005468816289480412,1.609943831261568e-16,0.00020247008514055997,PARELHEIROS
2152525495,5846948538,0,166.887,0,4,45.46623255813954,0.021990252924736376,5.694666773726402e-07,-4.913442376386499e-18,0.0001883037738333423,PARELHEIROS
2152525495,5055380023,0,62.00399999999999,0,4,45.06344186046512,0.022186808468474418,0.0027946007725384945,-6.646256283601396e-18,0.00018150541361552827,PARELHEIROS
2152525495,2334980147,0,190.906,0,4,44.6386976744186,0.022397919419171186,0.003152567525934936,-5.490262652508407e-18,0.0001873431176516514,PARELHEIROS
2152525505,2152525521,0,177.128,0,6,52.72837209302325,0.018961593423072173,0.0018760510219364259,1.1328688039229312e-16,0.00021017322137829349,PARELHEIROS
2152525505,2334980124,0,61.277,0,5,52.051906976744185,0.01920801775687239,0.00096889060488181,8.301990563509512e-17,0.00018324527876278842,PARELHEIROS
2152525505,2152525506,0,60.24,0,6,52.477023255813954,0.019052413636621475,0.0019246834761840494,1.5411693300140917e-16,0.00020030991299777447,PARELHEIROS
2152525506,2152525522,0,181.847,0,6,53.12483720930233,0.018820085030082718,0.0007006717998392965,1.5359196739133238e-16,0.00019843465638208198,PARELHEIROS
2152525506,2152525507,0,58.636,0,6,53.092651162790695,0.018831494219845604,0.0005995345179379156,1.761506482600248e-16,0.0001931908642583413,PARELHEIROS
2152525507,2152525508,0,58.92,0,6,53.415441860465116,0.018717695083383258,0.0007905336415286991,2.0514764495415892e-16,0.00019326659691431603,PARELHEIROS
2152525507,2152525523,0,182.641,0,6,53.72893023255814,0.01860848427766601,0.00205850814536662,1.4948230521318559e-16,0.00019560900205312223,PARELHEIROS
2152525508,2334980123,0,59.508,0,6,53.434046511627905,0.018711177961616667,0.00029919779229158516,1.7521213376703114e-16,0.00019997877829177512,PARELHEIROS
2152525508,2152525525,0,184.223,0,6,53.89637209302325,0.018550672608589093,0.000989391405267225,1.3966228053090373e-16,0.00019933350540027225,PARELHEIROS
2152525510,2334980123,0,59.236,0,6,53.88167441860465,0.018555732802972232,0.0003825677138589397,1.4649140232170458e-16,0.00020571712006120345,PARELHEIROS
2152525510,2334978411,0,62.304,0,5,54.63311627906977,0.01830051114751084,0.0029073551746582773,9.474179545759301e-17,0.0001807246669192801,PARELHEIROS
2152525510,2152525527,0,182.078,0,6,54.72744186046511,0.018268969268425347,0.0025608916481447627,8.657520523050866e-17,0.0002116266298255354,PARELHEIROS
2152525513,2334980123,0,63.044,0,3,53.93674418604651,0.018536787278810665,0.0004772130756382725,9.120088990223468e-17,0.00011352045654053854,PARELHEIROS
2152525517,2334980090,0,44.439,0,4,43.755720930232556,0.02284990241807583,0.0009131967638347659,1.8638768767820303e-18,0.00017048313672830834,PARELHEIROS
2152525517,2334980033,0,49.21000000000001,0,4,42.901767441860464,0.023304726427490385,0.007136100827492028,-8.170354703417433e-19,0.00018014317809176292,PARELHEIROS
2152525517,5055379394,0,63.073,0,5,43.78139534883721,0.022836502709019442,0.006701939432663128,-5.989924048510321e-18,0.00021258699317944788,PARELHEIROS
2152525519,2152525571,0,1038.198,0,4,42.3806511627907,0.023591283429032994,0.1625893422033463,5.9505057527483204e-18,0.00019466043575256948,PARELHEIROS
2152525519,7825953840,0,1005.1980000000002,0,4,42.39981395348837,0.02358062124011075,0.010453585903194082,8.445021900775875e-18,0.00019978834675192704,PARELHEIROS
2152525520,2152525521,0,60.466,0,5,52.989953488372095,0.018867990773152262,5.751613441463666e-05,5.157281476733362e-17,0.00019099732628961158,PARELHEIROS
2152525520,2334980124,0,173.208,0,4,52.26958139534884,0.01912802679489872,0.001298270131074145,3.173810929808023e-17,0.0001626799304442203,PARELHEIROS
2152525520,2334980046,0,157.858,0,4,53.23348837209302,0.018781672666270576,0.0008594391094907885,1.72837091330032e-17,0.00017393978184764356,PARELHEIROS
2152525521,2152525522,0,59.579,0,6,53.415069767441864,0.018717825472125277,0.0006921297996787069,8.764315333022103e-17,0.000208297964762601,PARELHEIROS
2152525521,2334980075,0,158.748,0,6,53.692279069767444,0.018621186710834525,0.0008592113228198395,6.541182835937168e-17,0.00022402644510832574,PARELHEIROS
2152525522,2152525523,0,59.113,0,6,54.030511627906975,0.018504617545986077,0.00042470824798451507,1.0979068932897053e-16,0.0002008527941768629,PARELHEIROS
2152525522,2334980152,0,156.685,0,6,54.08874418604651,0.018484695263941774,0.0011336942613134522,9.005454236680251e-17,0.00021129024652435783,PARELHEIROS
2152525523,2152525525,0,59.875,0,6,54.353302325581396,0.01839472324053822,0.00045750952860117915,1.0585123734093453e-16,0.0002016759105390785,PARELHEIROS
2152525523,2334980100,0,156.533,0,6,54.692651162790696,0.018280590394355943,0.0016425696842136434,8.217049672526027e-17,0.00020806433378742266,PARELHEIROS
2152525525,2334980034,0,59.934,0,5,54.74269767441861,0.018263878032367915,0.0007257283336436927,6.564255269162526e-17,0.00017791033043527326,PARELHEIROS
2152525525,2334980138,0,158.439,0,6,54.860093023255814,0.018224795081272276,0.0003988544608317972,6.840887698243318e-17,0.00021140607439020122,PARELHEIROS
2152525527,2152525538,0,158.987,0,6,55.61618604651163,0.017977031949875728,0.0007888252414965811,2.907702563475759e-17,0.00022379544925007675,PARELHEIROS
2152525527,2152525528,0,58.185,0,5,55.202604651162794,0.018111717006949454,0.001455898507370892,2.3860794467130048e-17,0.00019032348660329835,PARELHEIROS
2152525527,2334980034,0,61.425,0,5,55.11925581395349,0.018139104723457974,0.0012204809829450426,4.152925992349622e-17,0.00018418235299791255,PARELHEIROS
2152525528,2334980044,0,51.402,0,5,55.34139534883721,0.018066294627849123,0.00237820673804362,3.174496030478162e-18,0.00020169730281104065,PARELHEIROS
2152525528,2334980077,0,156.297,0,5,55.774511627906975,0.017926001040735454,0.0019883498507143106,3.433563901375015e-18,0.00020595736406627392,PARELHEIROS
2152525533,2334980154,0,30.224,0,4,55.186418604651166,0.018117029130861318,0.0031898106466351065,3.566209437543397e-17,0.00016099033173223593,PARELHEIROS
2152525533,2334980157,0,129.366,0,4,55.30753488372093,0.01807735520287408,0.0019208111027779154,3.519804706329726e-17,0.00016702232751217153,PARELHEIROS
2152525533,2334980044,0,45.463,0,5,55.35813953488372,0.01806083011258612,0.0021596454272680005,1.0245863180601261e-17,0.00020367273009261924,PARELHEIROS
2152525534,8991441724,0,109.80600000000001,0,4,41.185488372093026,0.024275879515024485,0.00966874692843911,6.103581379904832e-18,0.00020257067585182086,PARELHEIROS
2152525534,2334980033,0,83.204,0,4,42.06344186046512,0.023769190281789192,0.006158668222449629,-6.780116325912013e-20,0.0001894159066484506,PARELHEIROS
2152525534,2334980146,0,101.00999999999999,0,4,42.09041860465116,0.023753956045898972,0.00386223689927672,5.9993241860177525e-18,0.00018975247738749532,PARELHEIROS
2152525538,2334980043,0,60.606,0,6,56.11181395348837,0.017818243308211842,0.00041707739450772165,2.2298755289272554e-17,0.00022835079520473474,PARELHEIROS
2152525538,2334980077,0,59.291,0,6,56.19516279069767,0.017791815235276395,0.0005710611840692836,7.761681045025212e-18,0.00024018115867061957,PARELHEIROS
2152525538,11732268314,0,181.25400000000002,0,3,56.61172093023256,0.017660900199810706,0.0004772130756382725,9.60640350377999e-18,0.00012619618044416942,PARELHEIROS
2152525571,2152525598,0,563.4789999999999,0,5,43.200372093023255,0.02314364217362469,0.16180461712192679,1.2783951208876625e-19,0.00022825719855800103,PARELHEIROS
2152525571,3093943002,0,993.4820000000002,0,2,43.290232558139536,0.023095601349463868,0.0004772130756382725,5.682674641987055e-18,0.00010809607199401793,PARELHEIROS
2152525598,5310268711,0,187.99200000000002,0,6,44.09041860465116,0.022676445022068815,0.005616422052255401,-3.790711294567674e-18,0.0002643175436036436,PARELHEIROS
2152525598,3093955226,0,84.443,0,5,44.10567441860465,0.022668601413940306,0.006722440233048543,-1.2713567141294172e-18,0.00022330175624802657,PARELHEIROS
2274141096,2329789031,0,537.1379999999999,0,4,45.56893023255814,0.02194069398570221,0.0026842381304636766,7.344947436839447e-19,0.00019912403809665377,PARELHEIROS
2274141191,5312164533,0,531.4250000000001,0,4,42.561860465116276,0.02349084233072518,0.0239935673044124,-6.639892143962534e-18,0.00020524925841731577,PARELHEIROS
2274141217,5312165544,0,57.942,0,4,41.29786046511628,0.024209824485529968,0.029010227052058933,-3.7186817135755396e-18,0.00020687743777763896,PARELHEIROS
2274141217,2274141219,0,24.193,0,4,41.20093023255814,0.024266781061615228,0.030917257061244433,-7.815940116393138e-18,0.00021800792786023042,PARELHEIROS
2274141217,5312164532,0,76.06800000000001,0,4,41.75125581395349,0.02394691929611921,0.001588128669856819,-7.802841006294866e-18,0.00021225887730301257,PARELHEIROS
2274141219,2274141223,0,93.15400000000001,0,4,41.07274418604651,0.024342516510694582,0.031571232593539174,-4.6907125946422136e-18,0.00023112118263564,PARELHEIROS
2274141219,5497596173,0,89.387,0,2,41.645767441860464,0.024007576637509718,0.0004772130756382725,1.4009681458579906e-18,0.00012361629299950414,PARELHEIROS
2274141223,2274141227,0,113.146,0,4,40.59553488372093,0.0246286680629328,0.0322283971392272,2.302944069817062e-18,0.00023752611606521013,PARELHEIROS
2274141223,5497596177,0,127.286,0,2,41.34827906976744,0.024180303896115585,0.0004772130756382725,-2.944984117229651e-18,0.00012806969100786548,PARELHEIROS
2274141227,2274141228,0,44.814,0,4,39.948093023255815,0.025027826807811068,0.032887383978282815,3.0489486922720034e-18,0.0002406227484115876,PARELHEIROS
2274141227,5497596182,0,103.481,0,2,40.773767441860464,0.024521009860420974,0.0004772130756382725,-4.49794608377003e-18,0.0001300212264290743,PARELHEIROS
2274141228,2274141231,0,188.30200000000002,0,4,39.288372093023256,0.02544808807860779,0.03354637081733844,1.404080667324935e-18,0.0002422181589659856,PARELHEIROS
2274141228,2328585926,0,521.861,0,2,40.11925581395349,0.024921049336628934,0.0004772130756382725,1.36765435924755e-18,0.00013116632335424298,PARELHEIROS
2274141231,2274141233,0,74.67500000000001,0,4,38.61823255813953,0.025889687001681337,0.034217658136625306,1.4962742413571332e-18,0.0002460633239766596,PARELHEIROS
2274141231,7931214633,0,525.0179999999999,0,2,39.45488372093023,0.025340689395011082,0.0004772130756382725,3.0911610110656542e-18,0.00013161663698347222,PARELHEIROS
2274141233,2274141237,0,179.582,0,4,37.93432558139535,0.026356444675497925,0.03491172412300708,3.998241983891231e-18,0.00024088660335444166,PARELHEIROS
2274141233,5312165409,0,133.106,0,3,38.77786046511628,0.02578311287668341,0.0004772130756382725,6.571166073715833e-18,0.0002025602415010516,PARELHEIROS
2274141237,2328585895,0,67.43,0,4,37.2046511627907,0.026873359169896235,0.035690071177640004,4.5579375010575624e-18,0.00022413134828374502,PARELHEIROS
2274141237,5312165378,0,317.551,0,2,38.077209302325585,0.026257542813866563,0.0004772130756382725,1.784651652175519e-18,0.0001264399163612543,PARELHEIROS
2274141316,5506374693,0,960.337,0,4,48.5586976744186,0.020589801649789467,0.0023837875114818717,-1.4903958753788883e-19,0.0002267836676483694,PARELHEIROS
2274141316,2274141319,0,157.771,0,4,47.57841860465116,0.021014022382631954,0.04249360346554641,1.9644030844338005e-18,0.0002152116623154122,PARELHEIROS
2274141316,6124300853,0,2298.5229999999997,0,4,48.541767441860465,0.0205969828907831,0.03974991301396503,3.2702827064863333e-18,0.00020417422694463707,PARELHEIROS
2274141319,5303340631,0,1294.0089999999996,0,3,46.61655813953488,0.021447614182404495,0.0,1.8821889075692716e-18,0.0001703471957226293,PARELHEIROS
2274141319,5303340631,1,965.0430000000001,0,3,46.61655813953488,0.021447614182404495,0.042950087954128316,4.3864760482130946e-18,0.0001703471957226293,PARELHEIROS
2289236622,5311489796,0,62.438,0,4,61.755534883720934,0.01618986792634725,0.0014309558669019702,5.784058033068184e-19,0.00023721480171254647,PARELHEIROS
2289236622,5494626569,0,251.12199999999999,0,4,61.749581395348834,0.01619142884689549,0.012055495666643318,-1.8688948826761695e-18,0.00022516427361522523,PARELHEIROS
2289236630,5311489796,0,57.464,0,2,62.754976744186045,0.015932026515825298,0.0004772130756382725,-2.0988225320715266e-18,0.00013746302150830078,PARELHEIROS
2327362375,5059554823,0,39.485,0,3,42.881860465116276,0.02331554514295631,0.0004772130756382725,3.595773096760301e-18,0.00013806511678442283,PARELHEIROS
2327362388,5059534259,0,56.794999999999995,0,4,43.84669767441861,0.02280249155620428,0.0031586038727150862,-8.261805169925732e-18,0.00019574437498500228,PARELHEIROS
2327362388,5060536491,0,30.121000000000002,0,4,43.161302325581396,0.023164591882478706,0.010884786071300645,-1.0320042359477052e-17,0.00019386418189731598,PARELHEIROS
2327362388,5059538187,0,166.302,0,4,44.02623255813953,0.022709505115343497,0.011706526486749365,-7.722694417840021e-18,0.00019988534890416062,PARELHEIROS
2327362391,5059538129,0,60.244,0,4,41.22995348837209,0.024249698796539883,0.0016447336575876595,2.8533509873364007e-18,0.00019949902923531855,PARELHEIROS
2327362391,5059553902,0,111.754,0,4,41.53786046511628,0.024069943475495598,0.0009105772171188516,6.441510897913985e-19,0.00019741498838799453,PARELHEIROS
2327362391,7260683623,0,68.602,0,2,41.89097674418605,0.023867048018333305,0.0004772130756382725,-1.2588123216406562e-18,0.00011262430626876717,PARELHEIROS
2327362415,5060535420,0,164.972,0,2,40.37916279069768,0.024760640993743033,0.0004772130756382725,1.8265116525712258e-18,0.0001164830329177738,PARELHEIROS
2327362419,5060533493,0,13.633,0,4,42.21544186046512,0.02368360745324096,0.019057202358275405,-1.2016717029480657e-18,0.00018807045991358327,PARELHEIROS
2327362419,5060536148,0,459.77200000000005,0,5,42.606883720930234,0.023466019247899674,2.778997385578484e-05,-4.1435052399892516e-18,0.00022968517229689472,PARELHEIROS
2327362419,5060533494,0,28.704,0,4,43.202046511627906,0.023142745175723803,0.01856381642899975,-1.9381922543007123e-18,0.0001912095562184628,PARELHEIROS
2327362420,5060535016,0,137.71999999999997,0,2,43.15106976744186,0.02317008497997301,0.0004772130756382725,-5.362630791407088e-18,0.0001118158010582877,PARELHEIROS
2327362459,5059554847,0,40.709,0,3,42.46306976744186,0.023545493977803967,0.0004772130756382725,9.498422678045969e-18,0.00013825859510382802,PARELHEIROS
2327362526,5059554823,0,30.455,0,3,42.881860465116276,0.02331554514295631,0.0004772130756382725,5.227860731455301e-18,0.00013806511678442283,PARELHEIROS
2327362558,5059538122,0,38.703,0,5,42.541023255813954,0.023502348485511113,0.020829610444930008,2.7623864656937235e-18,0.00020988559327975685,PARELHEIROS
2327362558,5059538127,0,61.18000000000001,0,5,42.117953488372095,0.0237384267439395,0.011757892381048376,2.722962449508537e-18,0.00021108390072369272,PARELHEIROS
2327362558,5059554823,0,166.76399999999998,0,6,42.23088372093023,0.02367494746487746,0.007478691980599409,2.797046285927103e-18,0.00024962173977621885,PARELHEIROS
2327362558,5060535024,0,243.523,0,5,41.98567441860465,0.02381321646807549,0.008023671590845025,-1.6274988590881787e-19,0.0002156925369674787,PARELHEIROS
2327362573,2327362680,0,93.942,0,4,43.88725581395349,0.02278141877283865,0.017520895156059497,-1.2848771711670048e-18,0.00020096056147699226,PARELHEIROS
2327362573,5059538122,0,159.30100000000002,0,4,43.495441860465114,0.02298663746642257,0.0120958139074013,1.2219686461938314e-18,0.00018432048107102836,PARELHEIROS
2327362573,5060535016,0,132.721,0,4,43.12688372093023,0.023183079026949143,0.005896144084180842,-4.354415215808406e-18,0.00019885788757714252,PARELHEIROS
2327362630,5060535418,0,60.569,0,4,40.83572093023256,0.024483808065897616,0.0016449614442586085,2.9160820030030457e-18,0.00021429394403025474,PARELHEIROS
2327362630,5059538129,0,33.516999999999996,0,4,40.69618604651163,0.02456775562077699,0.014052843090860117,8.499771876191749e-19,0.0002006801100867565,PARELHEIROS
2327362630,8950334393,0,76.816,0,4,39.98213953488372,0.025006514536723375,0.01449463533916581,6.459540161054535e-18,0.0002113400490686927,PARELHEIROS
2327362680,5059537885,0,123.41399999999999,0,2,44.862325581395346,0.022286271175897317,0.0004772130756382725,3.817505238095868e-18,0.00011391847495813747,PARELHEIROS
2327362680,5059534259,0,110.44,0,4,44.25358139534884,0.02259283705326175,0.016603142658805747,-6.573665211073947e-18,0.00020185333509825236,PARELHEIROS
2327663461,5060535557,0,37.928,0,2,52.02827906976744,0.01921674080643085,0.0004772130756382725,-4.4136451847581055e-18,0.0001379157538111487,PARELHEIROS
2327663464,5059534723,0,51.405,0,2,49.58139534883721,0.020165103189493435,0.0004772130756382725,-4.332586924496692e-18,0.0001326283759854267,PARELHEIROS
2327663474,2327663562,0,44.033,0,2,49.0606511627907,0.0203791415277151,0.0004772130756382725,2.1783796113526717e-18,0.00012100359550156704,PARELHEIROS
2327663485,5060536639,0,174.78500000000003,0,4,45.12483720930233,0.022156621836682527,2.7562187184835785e-05,-7.139371658318047e-18,0.00020853512873613355,PARELHEIROS
2327663485,5059538162,0,48.541,0,4,45.98455813953488,0.021742384703459603,0.0024015548718158983,-2.2512238189372167e-18,0.00020928986061169907,PARELHEIROS
2327663485,5059527963,0,11.629999999999999,0,4,46.094325581395346,0.02169060813619797,0.0019345921963703331,2.8925706138136668e-18,0.00020131650829420837,PARELHEIROS
2327663490,5059534547,0,141.27000000000004,0,2,52.55702325581395,0.01902341288664538,0.0004772130756382725,-3.019959673291523e-18,0.00014566321058170762,PARELHEIROS
2327663511,5059527595,0,116.27099999999999,0,2,51.5586976744186,0.019391761207817326,0.0004772130756382725,-1.8541170212205457e-18,0.00014060855770788293,PARELHEIROS
2327663534,5059534656,0,101.49999999999999,0,2,51.55795348837209,0.019392041107951674,0.0004772130756382725,-1.4638414702893871e-18,0.00013512527514883491,PARELHEIROS
2327663539,5059534657,0,80.26400000000001,0,2,49.562790697674416,0.020172672672672674,0.0004772130756382725,2.807159316738219e-18,0.00011972244914831621,PARELHEIROS
2327663540,5059527974,0,109.07100000000001,0,4,50.033488372093025,0.019982895177183654,0.0019074855825273957,-2.337172110588673e-18,0.00021891104830413106,PARELHEIROS
2327663540,5059525486,0,119.198,0,4,50.04186046511628,0.019979552002974254,0.0014309558669019702,-9.31114526671109e-19,0.00023631003793349152,PARELHEIROS
2327663540,5059525547,0,675.2049999999999,0,4,49.051348837209304,0.020383006322752428,0.0,1.83939360452493e-18,0.00021027251026980374,PARELHEIROS
2327663549,5060536623,0,144.423,0,2,47.53432558139535,0.021033515070627052,0.0004772130756382725,1.4715275320659937e-18,0.00012182671592912918,PARELHEIROS
2327663558,8950304769,0,169.56799999999998,0,2,50.588837209302326,0.01976352904400272,0.0004772130756382725,-2.0060396939847707e-18,0.00012253023136596112,PARELHEIROS
2327663559,5060535998,0,75.434,0,2,53.031813953488374,0.01885309739480645,0.0004772130756382725,-4.98179593729268e-19,0.00013720385166469837,PARELHEIROS
2327663561,2327663707,0,52.465,0,4,47.10176744186047,0.02122667593572749,0.007960688576327611,4.07494412365645e-18,0.00018517640568357962,PARELHEIROS
2327663561,5060533504,0,50.071,0,4,48.08855813953488,0.020791098593292996,0.010787407269469923,6.064661133723716e-18,0.00018917481250879973,PARELHEIROS
2327663561,5060535308,0,79.453,0,4,48.08967441860465,0.020790615980996744,0.002358161511000103,3.1470236943168766e-18,0.00018647656163269275,PARELHEIROS
2327663562,5060536439,0,174.32,0,4,49.054511627906976,0.020381692127979124,0.0010423518062628806,-1.947402593807869e-18,0.00022425113073801435,PARELHEIROS
2327663562,5059525552,0,277.424,0,4,48.06586046511628,0.020800916571835543,0.00012459930900913366,-6.629640473831102e-19,0.00021221976184522052,PARELHEIROS
2327663599,5059538181,0,231.211,0,2,46.00130232558139,0.021734470611549924,0.0004772130756382725,-2.8411895725119158e-18,0.00011679552688328374,PARELHEIROS
2327663707,5060536621,0,64.928,0,5,46.114232558139534,0.021681244553464804,4.5443440854336684e-05,5.572986395757741e-18,0.00022701984406826078,PARELHEIROS
2327663707,5060536481,0,95.07300000000001,0,4,47.10232558139535,0.02122642440999309,0.007535069181659301,6.0195901979761545e-18,0.00018463667776547228,PARELHEIROS
2327663715,5060535929,0,59.879999999999995,0,2,47.12930232558139,0.021214274435496606,0.0004772130756382725,4.457655864051248e-18,0.00011475429159438082,PARELHEIROS
2327663725,5060535557,0,52.510999999999996,0,4,51.028837209302324,0.0195931165232609,0.0014309558669019702,-4.599804164670033e-18,0.000239112516728033,PARELHEIROS
2327663725,5060536660,0,16.28,0,4,51.0206511627907,0.019596260155486517,0.0038329663120597666,9.150771504672972e-19,0.00021471032970282028,PARELHEIROS
2327663725,5060536439,0,38.379000000000005,0,4,50.03813953488372,0.019981037720064695,0.0019728603570897747,9.241585894850736e-19,0.0002250090995250613,PARELHEIROS
2327678691,5302566155,0,27.393,0,4,49.31125581395349,0.02027557272644955,0.0027077001575714294,4.9307047893689415e-18,0.00018916349203737369,PARELHEIROS
2327678691,2327678706,0,635.2620000000002,0,4,49.3326511627907,0.020266779301787958,0.014217305067285335,-8.676678361185092e-19,0.00018609628730244883,PARELHEIROS
2327678691,3899119852,0,373.084,0,4,48.374883720930235,0.020668038382401017,0.01658332521843318,1.4148102933156133e-18,0.00019322199594575277,PARELHEIROS
2327678694,13041618337,0,91.462,0,4,42.76576744186047,0.02337883810567896,0.07829255667190006,1.9727683209431797e-15,0.00020830446240768807,PARELHEIROS
2327678694,3899128995,0,149.917,0,4,42.30027906976744,0.023636107739131964,0.04835637680243322,1.9788219352645813e-15,0.0001967811030893405,PARELHEIROS
2327678706,2327750714,0,77.01899999999998,0,4,50.32074418604651,0.019868822881312066,0.008532433120409742,-1.5115272074859036e-18,0.00018188415380255863,PARELHEIROS
2327678706,2327750638,0,244.99899999999994,0,4,50.32316279069767,0.019867867956685534,0.005214264684694842,-2.3654991474501304e-19,0.00018137073846276038,PARELHEIROS
2327678718,5303192174,0,282.63,0,4,42.1746976744186,0.02370648774311943,0.0023837875114818717,1.8756035508949006e-12,0.00022975962713140465,PARELHEIROS
2327678819,5846948201,0,619.021,0,4,44.60055813953488,0.022417072682373355,0.07565820382237423,6.233831989138937e-17,0.00022336935498173672,PARELHEIROS
2327678819,13041618337,0,68.05199999999999,0,4,43.68260465116279,0.022888148760189783,0.07653723258556663,3.4845050194403226e-16,0.00022192179801345608,PARELHEIROS
2327678819,7508991480,0,15.36,0,2,44.64130232558139,0.02239661258527925,0.0004772130756382725,6.114134423914256e-17,0.00012258038852680058,PARELHEIROS
2327678821,5306571678,0,279.107,0,2,42.84353488372093,0.023336402007955396,0.0004772130756382725,1.7922489777440186e-12,0.00011330418596386361,PARELHEIROS
2327750591,2327750720,0,62.726,0,4,58.27051162790698,0.017158146128401938,0.0014309558669019702,2.9565763205899564e-18,0.0002605649368303639,PARELHEIROS
2327750591,5306606198,0,968.5370000000003,0,2,59.269953488372096,0.01686881623223344,0.0004772130756382725,-5.222716938701672e-18,0.00014617741892819427,PARELHEIROS
2327750591,2327750700,0,117.96499999999999,0,2,59.269953488372096,0.01686881623223344,0.0004772130756382725,-5.795662152163747e-18,0.00014617741892819427,PARELHEIROS
2327750595,2327750599,0,106.595,0,5,58.075720930232556,0.017215695947872384,0.00047504910226425643,4.7909638998529895e-18,0.00020905374278414708,PARELHEIROS
2327750595,2327750747,0,110.10900000000001,0,4,58.076279069767445,0.01721553049718093,3.644586735184897e-06,7.002634677487164e-18,0.00017177456317370046,PARELHEIROS
2327750595,2327750629,0,107.73199999999999,0,4,57.08706976744186,0.017513842583992464,3.986266741608481e-06,7.079234024443638e-18,0.00017632452432666125,PARELHEIROS
2327750597,2327750669,0,48.343999999999994,0,2,57.09172093023256,0.017512415761825932,0.0004772130756382725,1.129275450628541e-19,0.00011232355161695143,PARELHEIROS
2327750597,2327750621,0,140.203,0,4,56.093767441860464,0.017823975801316068,0.000952489964573478,5.90400261372347e-18,0.00019340376466256334,PARELHEIROS
2327750597,2327750677,0,152.894,0,4,56.098418604651165,0.017822498001850567,1.9361867030669765e-06,8.691193520275785e-19,0.00020146288814003777,PARELHEIROS
2327750599,2327750748,0,95.81799999999998,0,6,58.07293023255814,0.017216523249034093,0.00237570108466318,1.4403944155007816e-17,0.00024179509078476588,PARELHEIROS
2327750599,2327750632,0,91.057,0,5,58.074046511627905,0.017216192319028153,0.0009546539379474941,7.465438747195057e-18,0.00020909975082796905,PARELHEIROS
2327750599,5293872567,0,143.147,0,3,59.06827906976744,0.01692641074420773,0.0004772130756382725,5.151657541770659e-18,0.0001330717735978106,PARELHEIROS
2327750606,2327750732,0,127.261,0,5,58.07981395348837,0.01721448271664654,0.00047584635561257816,1.47475239861566e-17,0.00021091486295066376,PARELHEIROS
2327750606,5306524857,0,152.903,0,4,58.08241860465116,0.01721371074944025,2.619546715914145e-06,1.6937577995936996e-17,0.00017811358617860298,PARELHEIROS
2327750606,2327750731,0,106.793,0,4,58.077767441860466,0.017215089310883884,3.075120057812257e-06,1.4949599510570245e-17,0.0001721864320687263,PARELHEIROS
2327750609,5293581284,0,213.897,0,2,53.138046511627905,0.01881540664596295,0.0004772130756382725,3.3963413648503436e-18,0.00012112379076751188,PARELHEIROS
2327750611,2327750756,0,171.123,0,2,57.27255813953489,0.01745712058212058,0.0004772130756382725,-7.639349173232178e-19,0.0001242485020733912,PARELHEIROS
2327750612,2327750641,0,128.527,0,2,57.096744186046514,0.017510875054986233,0.0004772130756382725,4.449393208559702e-18,0.00011234132937088281,PARELHEIROS
2327750617,5306610259,0,135.032,0,2,53.30325581395349,0.018757089754105512,0.0004772130756382725,2.740131365053672e-19,0.00012157083845240518,PARELHEIROS
2327750617,2327750652,0,72.902,0,5,52.30381395348837,0.019115507606719952,0.0014309558669019702,-4.9094312098352125e-18,0.00024321366530036725,PARELHEIROS
2327750617,5306594466,0,75.82300000000001,0,2,53.30325581395349,0.018757089754105512,0.0004772130756382725,-4.793805673487595e-18,0.00012157083845240518,PARELHEIROS
2327750620,2327750746,0,94.437,0,5,54.11274418604651,0.018476496960695327,0.0038021012181461695,-9.976004084229775e-18,0.00022718241539603417,PARELHEIROS
2327750620,2327750745,0,16.931,0,4,54.11088372093023,0.01847713222805196,0.008064787084951331,-3.728821354676744e-18,0.00018466066432414193,PARELHEIROS
2327750620,2327750722,0,315.007,0,4,53.12316279069768,0.018820678230842238,0.012303099777964942,-2.9430116199015846e-18,0.00018709093129954453,PARELHEIROS
2327750621,2327750745,0,157.00400000000002,0,4,55.10046511627907,0.018145290631911264,0.007591218596048243,6.3888574803471436e-18,0.00018362541130179165,PARELHEIROS
2327750621,2327750653,0,248.681,0,5,56.09041860465116,0.01782503996868843,0.006170399236003506,1.4335163895042928e-17,0.00021066382587928758,PARELHEIROS
2327750628,2327750752,0,222.26600000000002,0,3,56.1006511627907,0.01782178874514577,0.0004772130756382725,-4.162241485273954e-18,0.00014316953305860196,PARELHEIROS
2327750629,2327750707,0,548.6489999999999,0,4,56.097488372093025,0.017822793542139267,1.9361867030669765e-06,-5.8844357462768384e-18,0.00018411126895426428,PARELHEIROS
2327750629,2327750632,0,51.511,0,4,57.08651162790698,0.017514013818276625,0.00047835200899301773,2.0869086378823766e-18,0.00017641586513293575,PARELHEIROS
2327750632,2327750749,0,425.294,0,5,57.08446511627907,0.017514641705966515,9.3392535089113e-06,2.5363842196844392e-18,0.00021491259270432365,PARELHEIROS
2327750635,5306606389,0,27.034,0,2,55.28055813953488,0.018086176897214378,0.0004772130756382725,1.6322842544212955e-18,0.00010940899264150498,PARELHEIROS
2327750637,5306606359,2,241.369,0,3,56.27776744186046,0.017765700363314194,0.0,8.69884981152827e-18,0.0001549946905493254,PARELHEIROS
2327750637,5306606359,3,151.157,0,3,56.27776744186046,0.017765700363314194,0.0004772130756382725,4.985102739492696e-18,0.0001549946905493254,PARELHEIROS
2327750637,2327750724,0,58.175,0,4,55.28055813953488,0.018086176897214378,0.0009539705779346468,8.063882823271308e-18,0.0001933810085952235,PARELHEIROS
2327750638,2327750714,0,190.297,0,4,51.31218604651163,0.019484922208967994,3.189013393286785e-06,-6.176561928953565e-19,0.000180079344895489,PARELHEIROS
2327750638,2327750652,0,65.713,0,5,51.310511627906976,0.019485558061451663,0.004742518489159348,-8.208445218506748e-18,0.00021996558032642214,PARELHEIROS
2327750641,5306524857,0,17.463,0,4,57.091906976744184,0.01751235869377487,0.0004840466757667442,7.3860482238381e-18,0.00019310330804287357,PARELHEIROS
2327750641,2327750677,0,218.351,0,4,56.10158139534884,0.017821493238179248,0.0014264001334829892,2.4184027621030437e-18,0.00020148066589396917,PARELHEIROS
2327750652,5306606338,0,223.578,0,5,52.29990697674419,0.01911693559862261,8.428106825115075e-06,-4.18105678756141e-18,0.00021873724487340084,PARELHEIROS
2327750652,2327750675,0,65.518,0,6,52.2993488372093,0.019117139614882483,0.0028489278935598444,-6.209267281896089e-18,0.0002597405228830122,PARELHEIROS
2327750653,2327750731,0,173.85100000000003,0,5,57.08316279069768,0.01751504129430093,0.00047504910226425643,2.2696701910643793e-17,0.0002041266277741238,PARELHEIROS
2327750653,2327750732,0,92.923,0,6,57.08372093023256,0.017514870039925037,0.0014349421336435787,2.208538940077946e-17,0.00024219289473800777,PARELHEIROS
2327750653,2327750748,0,92.98100000000001,0,6,57.0813023255814,0.017515612166408092,0.0037980010580690865,2.4192428900896203e-17,0.00023826251580899636,PARELHEIROS
2327750656,5302560907,0,101.482,0,5,53.287813953488374,0.01876252522501763,0.007127444933995965,1.0493479967892804e-17,0.00021591284471243923,PARELHEIROS
2327750656,5306606338,0,96.535,0,4,52.29693023255814,0.01911802373566326,0.007597141049492918,1.4954852744005557e-19,0.00017624523565433063,PARELHEIROS
2327750656,2327750675,0,277.968,0,5,53.28986046511628,0.01876180468032664,4.100160077083009e-06,1.0062383427890093e-18,0.00021741614809872058,PARELHEIROS
2327750663,2327750675,0,147.079,0,3,53.29413953488372,0.018760298265702236,0.0004772130756382725,-9.925006667243432e-21,0.00014071620099386943,PARELHEIROS
2327750664,2327750732,0,141.145,0,3,58.08167441860465,0.017213931304434174,0.0004772130756382725,1.3705493651844213e-17,0.00013448439361492986,PARELHEIROS
2327750671,5293581280,0,14.132,0,4,51.154976744186044,0.019544803206307873,0.019846824853120306,1.9677325578570947e-18,0.00019841881281711994,PARELHEIROS
2327750671,5293872480,0,90.762,0,4,51.1486511627907,0.019547220322707365,0.027765828468664242,3.831663557663925e-18,0.0002030687112166909,PARELHEIROS
2327750671,5293872589,0,106.73500000000001,0,4,50.19144186046512,0.01992000859963155,0.04750240457304521,4.397605814712212e-18,0.00019416225109606836,PARELHEIROS
2327750675,5306594482,0,41.081,0,5,53.29339534883721,0.01876056023347716,0.0019006519823989239,-1.305684452344963e-18,0.00023027892835131834,PARELHEIROS
2327750677,5306524868,0,165.171,0,4,55.10920930232558,0.018142411516076325,0.0018984880090249078,1.3579013254869804e-18,0.0001945014592213367,PARELHEIROS
2327750680,5293581279,0,222.967,0,2,55.116837209302325,0.018139900692988764,0.0004772130756382725,-4.068844495514012e-18,0.00011919985190258601,PARELHEIROS
2327750683,2327750749,0,209.35500000000002,0,3,57.08911627906977,0.017513214753596174,0.0004772130756382725,-7.369960239538747e-19,0.000139144685796833,PARELHEIROS
2327750692,5306594482,0,138.662,0,2,54.289116279069766,0.01841647133007087,0.0004772130756382725,2.230830179309961e-18,0.00010978896716515122,PARELHEIROS
2327750703,2327750720,0,125.954,0,2,58.270883720930236,0.017158036563795075,0.0004772130756382725,-2.9359664638052923e-18,0.0001349523192738993,PARELHEIROS
2327750707,5293581279,0,593.808,0,4,55.10995348837209,0.018142166527128852,0.0004801743023606102,3.8205630982343382e-19,0.00020335016731210415,PARELHEIROS
2327750707,2327750749,0,94.686,0,5,56.096558139534885,0.017823089092229676,8.769786831538658e-06,4.391195575137757e-20,0.0002230795994269123,PARELHEIROS
2327750711,2327750757,0,643.065,0,4,48.311813953488375,0.020695019947935118,0.049705557254464475,-2.502793588538934e-18,0.00019876485099075674,PARELHEIROS
2327750711,5293872589,0,29.844,0,4,49.25358139534884,0.020299314794249408,0.04753292798695238,3.748011280075341e-18,0.0001932950839178514,PARELHEIROS
2327750711,5293872602,0,326.19300000000004,0,4,49.28018604651163,0.020288355903216915,0.0019530429167172068,-1.7786922520141044e-18,0.00019818763248759426,PARELHEIROS
2327750714,5306606338,0,77.684,0,4,51.308093023255815,0.019486476588307388,0.008062281431570891,-5.495597835449975e-19,0.00017891822063404854,PARELHEIROS
2327750719,2327750724,0,189.411,0,4,55.27888372093023,0.0180867247344543,1.1389333547452804e-07,1.0956997811832303e-17,0.00018910463336504053,PARELHEIROS
2327750719,5306606153,0,237.06199999999998,0,4,56.27404651162791,0.017766875059922704,0.0004768713956318489,6.165282327670416e-18,0.0001904372784596715,PARELHEIROS
2327750719,5306606359,0,84.491,0,4,56.27572093023256,0.01776634642722542,2.2778667094905607e-07,2.7163192644212188e-18,0.00019610597351165824,PARELHEIROS
2327750720,2327750756,0,57.736000000000004,0,4,57.27181395348837,0.01745734741875544,0.0023837875114818717,7.86885842182412e-18,0.00023863601997556078,PARELHEIROS
2327750722,5293581280,0,248.187,0,4,52.137674418604654,0.0191764202112475,0.016086750275764238,-5.042767477404584e-19,0.0001947217411647883,PARELHEIROS
2327750722,5306524852,0,255.663,0,4,53.12725581395349,0.018819228250554175,0.0033141821689732912,-5.655299878888289e-18,0.00018888155482452504,PARELHEIROS
2327750724,5302560907,0,71.447,0,5,54.28241860465116,0.01841874365934578,0.0014306141868955468,1.1476744436455945e-17,0.0002220546175106322,PARELHEIROS
2327750725,2327750746,0,221.209,0,3,55.10883720930232,0.018142534013031297,0.0004772130756382725,1.285536438829486e-18,0.0001456704089651485,PARELHEIROS
2327750727,5293581281,0,223.88899999999998,0,2,54.12874418604651,0.018471035464113123,0.0004772130756382725,1.434710744685543e-18,0.0001240477157536141,PARELHEIROS
2327750731,2327750747,0,95.737,0,4,58.075348837209305,0.01721580625010011,3.416800064235841e-06,1.4720802662418555e-17,0.00017024581695389952,PARELHEIROS
2327750732,5306524857,0,87.03,0,5,58.08,0.01721442757383561,9.90872018628394e-06,1.5658148991405786e-17,0.00021502112086202425,PARELHEIROS
2327750744,2327750756,0,54.56999999999999,0,4,56.27386046511628,0.017766933798830965,0.0033357080093779773,1.1386851623552041e-17,0.00021282756188972367,PARELHEIROS
2327750744,5306606153,0,15.537,0,4,56.27367441860465,0.01776699253812762,1.8222933675924486e-06,8.935148699589043e-18,0.00019358348450786806,PARELHEIROS
2327750744,5306606159,0,15.382000000000001,0,4,55.27758139534884,0.01808715085303096,0.003809504284952014,9.595315080168472e-18,0.0001911818055170798,PARELHEIROS
2327750745,5306529512,0,94.96100000000001,0,4,55.10362790697675,0.01814424914410734,8.428106825115075e-06,2.9122514559897545e-18,0.00018595855807200024,PARELHEIROS
2327750746,2327750752,0,94.867,0,6,55.10511627906977,0.018143759073567644,0.0023800290314112123,-7.14545189964461e-18,0.0002670092445247872,PARELHEIROS
2327750746,5293872566,0,218.6,0,3,55.10883720930232,0.018142534013031297,0.0004772130756382725,-6.705517092130416e-18,0.0001456704089651485,PARELHEIROS
2327750747,2327750748,0,157.314,0,5,58.074604651162794,0.017216026858795905,0.00047493520892878194,7.242208387825259e-18,0.0002050749511077192,PARELHEIROS
2327750748,5293872565,0,144.307,0,3,58.076837209302326,0.017215365049669563,0.0004772130756382725,8.563889505022102e-18,0.0001305540146859185,PARELHEIROS
2327750749,2327750752,0,91.834,0,6,56.095255813953486,0.01782350287882406,0.0009593235647019497,1.4378887491216332e-18,0.0002604835213564717,PARELHEIROS
2327750752,5293872568,0,219.39,0,3,56.1006511627907,0.01782178874514577,0.0004772130756382725,1.112701338417609e-18,0.00014316953305860196,PARELHEIROS
2327750757,5846948021,0,324.748,0,4,47.371348837209304,0.021105878933787865,0.05382006789181727,-4.854026826442466e-18,0.0002023856419730631,PARELHEIROS
2327750757,5998506202,0,306.398,0,4,48.3393488372093,0.02068323172609151,0.003758480070659425,-3.604619176593834e-19,0.00021218121166580558,PARELHEIROS
2327755755,5059516672,0,81.96,0,4,63.90679069767442,0.015644878151028097,0.0023785484180500437,-3.3889013142903764e-18,0.00017283634025749747,PARELHEIROS
2327755755,5059516617,0,19.355,0,4,63.91051162790698,0.015643967291474416,0.0028386774933671366,-7.911674462810829e-18,0.00017243659127345483,PARELHEIROS
2327755755,5059516671,0,20.506999999999998,0,5,62.91627906976744,0.015891180601759446,1.4350560269790533e-05,1.516058298830079e-19,0.00020780518096582965,PARELHEIROS
2327775034,5312166453,0,23.694,0,4,39.306046511627905,0.025436645051356083,0.028663307952203523,2.893527553981836e-18,0.00023912005059754872,PARELHEIROS
2327775034,2327775115,0,28.913,0,4,38.583627906976744,0.025912906787792872,0.02944302172686214,-6.5519679320973544e-18,0.0002390034059742142,PARELHEIROS
2327775034,2328411189,0,211.954,0,2,39.44781395348837,0.025345230908542106,0.0004772130756382725,-1.0007540829144446e-18,0.00013018988800151781,PARELHEIROS
2327775047,5306591501,0,66.917,0,2,50.12353488372093,0.019946996072958346,0.0004772130756382725,1.5770736967583369e-18,0.00013178946779397147,PARELHEIROS
2327775050,5303341173,0,304.46900000000005,0,2,41.48297674418605,0.024101789021890738,0.0004772130756382725,4.928086465239646e-19,0.00012556109074011513,PARELHEIROS
2327775050,5303341199,0,95.13,0,4,41.1086511627907,0.02432125416932553,0.036229128334440946,1.397294765361064e-18,0.0002295012214790758,PARELHEIROS
2327775050,5303341358,0,468.39199999999994,0,4,40.85562790697674,0.024471878287241747,0.03643709756501743,3.814824424696309e-18,0.00022881413978659455,PARELHEIROS
2327775069,5306591461,0,539.367,0,4,45.137302325581395,0.022150503064551363,0.0066602544718794504,-3.071224097870614e-18,0.00021917600284648972,PARELHEIROS
2327775069,4340292215,0,270.64500000000004,0,4,44.14306976744186,0.022649397940733933,0.007608074809698473,-1.1791597068359715e-18,0.00022877249667680073,PARELHEIROS
2327775069,5306590980,0,164.459,0,2,45.139906976744186,0.022149224941989145,0.0004772130756382725,1.845416311995376e-18,0.00012354277874957354,PARELHEIROS
2327775098,5506363428,0,22.608,0,4,40.54790697674419,0.024657597100185828,0.0023837875114818717,1.9805160721922266e-18,0.00023291390174827713,PARELHEIROS
2327775098,5303340702,0,131.18900000000002,0,4,40.223069767441864,0.02485672921706391,0.048625734540830474,-3.0821700142353884e-18,0.0002192245773670033,PARELHEIROS
2327775098,2327775283,0,169.81699999999998,0,4,39.861953488372095,0.02508191059377013,0.049682892480705045,3.8392005414242774e-19,0.00022747553502890317,PARELHEIROS
2327775115,5312167239,0,41.085,0,4,37.82995348837209,0.0264291615847661,0.030221824354836963,-6.9002274081992405e-18,0.00023538593986261,PARELHEIROS
2327775115,2328411023,0,176.228,0,2,38.70827906976744,0.02582946019600398,0.0004772130756382725,4.787817993934048e-19,0.00012937831934442602,PARELHEIROS
2327775123,2328411083,0,96.144,0,5,41.816372093023254,0.023909629253925247,0.015047587482894644,4.885530481176779e-18,0.00022027576246841894,PARELHEIROS
2327775123,2328410900,0,102.951,0,5,41.99981395348837,0.023805199580064586,0.017325909765727104,6.1373839568947345e-18,0.0002153478034049493,PARELHEIROS
2327775123,5506361976,0,160.49599999999998,0,5,41.734139534883724,0.023956740563745704,0.02095922106070002,1.6804834155190477e-18,0.00023341897626224346,PARELHEIROS
2327775123,2328411223,0,81.857,0,5,41.80818604651163,0.023914310761439843,0.010207917978575525,7.365705671221312e-18,0.00022431104522618146,PARELHEIROS
2327775134,2327775219,0,449.882,0,4,36.49302325581395,0.02739739994901861,0.04528626805138184,-1.2441362064362558e-18,0.00022058059418392678,PARELHEIROS
2327775134,5494714380,0,593.1370000000001,0,4,35.80874418604651,0.027920944345151504,0.046074182146194624,3.982932184864204e-18,0.0002263264205570002,PARELHEIROS
2327775134,7892221294,0,132.034,0,2,36.65693023255814,0.0272748958285752,0.0004772130756382725,1.797565935426587e-18,0.0001232879612794956,PARELHEIROS
2327775146,5303341211,0,163.03099999999995,0,2,42.72930232558139,0.023398789567640528,0.0004772130756382725,4.753397104662207e-19,0.00013912693587263242,PARELHEIROS
2327775173,2327775280,0,129.31600000000003,0,4,39.029581395348835,0.025616824924684437,0.0515100832617229,2.681101122469749e-18,0.0002058756032681002,PARELHEIROS
2327775173,2327775247,0,565.612,0,4,38.46306976744186,0.02599412786170002,0.0396355641051486,-1.8351804031060246e-18,0.00020334066575310823,PARELHEIROS
2327775173,2328411173,0,371.3499999999999,0,4,39.19441860465116,0.025509090046043577,0.024419642272422607,2.4752599977050597e-18,0.00020067371125797397,PARELHEIROS
2327775174,7892305563,0,105.194,0,2,35.224744186046514,0.02838385278847322,0.0004772130756382725,-5.90439216794681e-19,0.00012440176666636386,PARELHEIROS
2327775174,2328411152,0,96.576,0,4,34.629023255813955,0.028872138440130875,0.03400388034593962,-3.2984200604818308e-18,0.0002208649688083458,PARELHEIROS
2327775174,5494714390,0,144.415,0,4,34.78976744186046,0.028738736329848392,0.033904793144076774,-5.3321426755104846e-18,0.00023210671601976972,PARELHEIROS
2327775207,5506363438,0,72.04599999999999,0,2,42.54604651162791,0.02349957364934298,0.0004772130756382725,-1.8632355750644895e-18,0.0001442852019679343,PARELHEIROS
2327775219,6987792366,0,110.796,0,4,37.3233488372093,0.02678789510151386,0.04494117124489402,-3.456869671669434e-19,0.00021882536769106365,PARELHEIROS
2327775219,7963059259,0,1831.7540000000001,0,4,37.158883720930234,0.02690645825093001,0.0,2.2664684408628945e-18,0.0002157299844157374,PARELHEIROS
2327775222,7895608535,0,15.055,0,4,34.47144186046511,0.029004123399753893,0.19600644408492116,-3.891452087138189e-18,0.0001827927612094822,PARELHEIROS
2327775222,5846947474,0,178.93699999999998,0,2,34.936,0.028618443825520153,0.0004772130756382725,-3.7809680740995895e-18,0.00010319337482837054,PARELHEIROS
2327775247,6987826198,0,249.18699999999998,0,4,38.63832558139535,0.02587622363143475,0.040539649402145404,2.1361696073696246e-20,0.00021045987453929339,PARELHEIROS
2327775247,7963059259,0,276.882,0,4,37.81693023255814,0.02643826316255547,0.0009541983646055959,1.0619430000121602e-19,0.00021092366272269786,PARELHEIROS
2327775255,5312167165,0,104.533,0,4,34.96,0.02859879729657815,0.035875375634457064,3.398623524260808e-18,0.0002238214061963737,PARELHEIROS
2327775255,5494714380,0,148.237,0,4,35.10046511627907,0.02848435056846792,0.04691949848208657,4.214580592719458e-18,0.000221747960249392,PARELHEIROS
2327775255,5494714537,0,104.62200000000001,0,4,34.59479069767442,0.028900708266333956,0.08174705543017798,5.420825886473396e-18,0.0002130026939438019,PARELHEIROS
2327775260,2328411090,0,52.026,0,4,34.628837209302326,0.02887229355826573,0.020811387511254085,2.6198639012775316e-19,0.0002187907082185641,PARELHEIROS
2327775260,5312166796,0,52.89,0,4,34.80427906976744,0.02872675372715464,0.020772435990521795,-4.957509134637032e-19,0.00022063546819476145,PARELHEIROS
2327775260,2328411015,0,37.131,0,3,35.21786046511628,0.028389400726903897,0.0004772130756382725,8.167970760548163e-19,0.0001885809347388733,PARELHEIROS
2327775262,5312167267,0,82.313,0,5,41.65153488372093,0.024004252334987517,0.024793895772791907,8.339236673251001e-18,0.0002660037043643522,PARELHEIROS
2327775262,5312167118,0,151.05,0,5,41.336,0.02418748677879747,0.026443071270463074,7.141068425792528e-18,0.00026707188947262003,PARELHEIROS
2327775262,2328410979,0,131.07,0,5,42.095441860465115,0.02375112148252255,0.0014309558669019702,9.224960825377615e-18,0.00027624905064129964,PARELHEIROS
2327775262,8950168582,0,353.034,0,3,42.095813953488374,0.023750911541776235,0.0004772130756382725,1.465286671108567e-17,0.00016542292780503048,PARELHEIROS
2327775279,2328411192,0,206.723,0,5,35.56967441860465,0.02810860571063932,0.0181893351419595,4.751220141617696e-18,0.0002527455803735481,PARELHEIROS
2327775279,2328411090,0,302.587,0,4,35.00353488372093,0.028563228165660346,0.01897178235666951,3.3631073393259464e-18,0.00020899014097397435,PARELHEIROS
2327775279,5312165012,0,339.144,0,2,35.98251162790697,0.02778610798010403,0.0004772130756382725,3.13852325258641e-18,0.00011547959072997076,PARELHEIROS
2327775280,13340877668,0,859.2900000000002,0,4,39.668093023255814,0.02520448746810746,0.001993702837481613,1.0149753987717131e-17,0.0002157765767354253,PARELHEIROS
2327775280,2327775283,0,843.7450000000001,0,4,39.46455813953489,0.025334477329084205,0.05006397958120282,3.086999450046884e-18,0.00022227659489746125,PARELHEIROS
2327775283,5506363427,0,199.537,0,3,40.17060465116279,0.024889193532700065,0.0004772130756382725,5.097213613630229e-18,0.00019109509870906134,PARELHEIROS
2328410810,5506339387,0,146.799,0,4,34.45190697674418,0.029020569287014186,0.001389270906118293,-4.0108740804445834e-18,0.00021222433243391645,PARELHEIROS
2328410810,2328411090,0,568.0799999999999,0,4,34.43367441860465,0.029035935617378338,0.038271349732834706,-1.4232834300653855e-18,0.00020641155228784012,PARELHEIROS
2328410810,5312165885,0,456.03400000000005,0,4,34.24186046511628,0.029198587340396633,0.039678160212616075,-5.351762681503646e-18,0.00020281889057119584,PARELHEIROS
2328410814,5846948387,0,9.56,0,4,35.141953488372096,0.028450722121045276,0.0034924252389909277,1.0657266693785935e-18,0.00017004834088034745,PARELHEIROS
2328410814,2328411150,0,16.934,0,4,35.53227906976744,0.028138188139444777,0.004820990997301297,-1.2866768007352467e-18,0.0001742815875544067,PARELHEIROS
2328410814,2328411120,0,179.10200000000003,0,4,34.93432558139535,0.028619815520950942,0.0021943828945877315,-6.30711985001372e-18,0.00016680849154052568,PARELHEIROS
2328410822,4338787613,0,296.022,0,2,35.738232558139536,0.02797603244261894,0.0004772130756382725,1.6231695991494091e-19,0.00011061673842962086,PARELHEIROS
2328410831,2328410981,0,58.738,0,4,36.02567441860465,0.02775281711234365,0.000704658066580905,-7.170437422964512e-18,0.00017275105352640023,PARELHEIROS
2328410831,2328411040,0,46.212,0,4,36.051348837209304,0.027733052596812816,0.0030240958435196683,-6.99525371665561e-18,0.0001700762173074803,PARELHEIROS
2328410831,2328410988,0,133.6,0,5,35.434418604651164,0.028215898351359864,0.0022681857759752257,-5.843720797916763e-18,0.0002040993387369009,PARELHEIROS
2328410835,7512569068,0,89.292,0,5,34.157023255813954,0.029271109077638705,0.0037734000976065883,-1.1367620105617578e-17,0.00018698422992111276,PARELHEIROS
2328410835,4134204702,0,16.681,0,6,33.95795348837209,0.029442703425302974,0.0010041975388789138,-1.4286962775595865e-17,0.00021681862735251333,PARELHEIROS
2328410835,5846948387,0,54.451,0,5,34.54046511627907,0.028946163582989955,0.0041225970641714915,-7.333382009011373e-18,0.00019396195626742954,PARELHEIROS
2328410835,7512569050,0,185.589,0,6,33.94306976744186,0.029455613777378264,0.00021104435063430045,-1.120288544733232e-17,0.0002190672255613337,PARELHEIROS
2328410846,2328410860,0,55.257,0,6,42.2113488372093,0.023685903934134323,0.0002720911784486475,1.6407105600124734e-17,0.00024557250125799334,PARELHEIROS
2328410846,2328411212,0,147.33,0,5,42.6626976744186,0.02343531956461066,0.0008747008164443753,1.9280440875698452e-17,0.00022454868388322845,PARELHEIROS
2328410846,5312167517,0,99.30799999999999,0,5,42.094325581395346,0.023751751327030765,0.0024479094593540312,2.0112977345205367e-17,0.00021249239998541252,PARELHEIROS
2328410846,5312168192,0,376.94,0,5,42.55367441860465,0.02349536126194661,0.0013756037058613496,1.9430390505528886e-17,0.00021544387153895787,PARELHEIROS
2328410848,2328411037,0,27.28,0,4,34.74883720930232,0.028772587337705796,0.00747721136723824,-1.5216924768870848e-18,0.00020244495145348357,PARELHEIROS
2328410848,2328410988,0,82.889,0,5,34.79125581395349,0.028737506884916286,0.007906361455306262,-4.376373192394142e-18,0.00020930578568416076,PARELHEIROS
2328410848,2328410854,0,163.53,0,4,34.69693023255814,0.02881563143445436,1.5489493624535812e-05,-5.321728881000851e-18,0.00017186141791090904,PARELHEIROS
2328410849,2328411234,0,67.664,0,4,35.13693023255814,0.028454789501273423,0.0035525609201214788,4.330323854095759e-18,0.00016701572226330495,PARELHEIROS
2328410849,2328411209,0,105.583,0,4,36.12204651162791,0.02767877376954614,0.0012626215170706179,8.106816565868118e-18,0.00017055625765326112,PARELHEIROS
2328410849,2328411042,0,143.54000000000002,0,4,35.59106976744186,0.028091708398239434,0.0023341300172149775,5.2870924280087086e-18,0.00017314347049137026,PARELHEIROS
2328410854,2328411200,0,97.69,0,5,34.8306976744186,0.028704964879950858,0.00021172771064714761,-1.0733229497321712e-17,0.00019711429307511926,PARELHEIROS
2328410854,7512569050,0,222.02900000000002,0,5,34.25916279069767,0.029183840819363212,0.00024999587136658905,-8.438907340818435e-18,0.0001921953102235802,PARELHEIROS
2328410857,5312167600,0,41.049,0,2,42.85841860465116,0.023328297824312828,0.0004772130756382725,2.0703824487011105e-18,0.00010459246180185495,PARELHEIROS
2328410860,5312167600,0,105.4,0,5,42.21190697674419,0.023685590751424707,0.0013008896777900593,1.6420648839340378e-17,0.00021686207430541616,PARELHEIROS
2328410860,2328411014,0,174.53199999999998,0,5,41.754418604651164,0.023945105378068886,0.020852047432018492,1.772142749748136e-17,0.00020609971533132586,PARELHEIROS
2328410860,5312167517,0,76.227,0,5,41.672,0.02399246384834834,0.021846450144046594,1.6666855233526035e-17,0.00020983750794337474,PARELHEIROS
2328410884,2328411216,0,192.98,0,4,36.46437209302326,0.027418926916875856,0.0016907465651193688,-3.532653461466696e-18,0.0001740074843533074,PARELHEIROS
2328410884,2328411042,0,33.664,0,4,36.03590697674419,0.027744936574889127,0.0041225970641714915,3.3341053392335605e-18,0.00017300694139343653,PARELHEIROS
2328410884,2328410928,0,41.918,0,5,36.564279069767444,0.02734400838536022,0.0019858441973338707,1.546060681092353e-18,0.00020311684533689481,PARELHEIROS
2328410885,7893856867,0,55.155,0,4,34.66548837209302,0.028841767430377776,0.001287678050875014,-1.6881214379117838e-17,0.00017496505916605749,PARELHEIROS
2328410885,2328411229,0,63.799,0,4,35.20781395348837,0.028397501611692966,1.0819866870080163e-05,-1.1985613545152478e-17,0.00018213599906905588,PARELHEIROS
2328410885,2328411069,0,97.441,0,4,35.119627906976746,0.028468808272588575,0.0013105706113053942,-1.1752699821217132e-17,0.00017900654510524295,PARELHEIROS
2328410895,7893856867,0,8.009,0,4,34.12018604651163,0.029302711073305853,0.0004922469959209102,-2.2108363732415236e-17,0.00016391854065848552,PARELHEIROS
2328410895,2328411134,0,155.171,0,5,33.58846511627907,0.029766586535798556,0.0005089893162356657,-3.276634152430628e-17,0.0001879533239147269,PARELHEIROS
2328410900,2328411014,0,352.30600000000004,0,4,42.18306976744186,0.023701782705725653,0.014857613399323132,5.89561444229487e-18,0.00017114027788312652,PARELHEIROS
2328410900,5312168184,0,102.44399999999999,0,5,42.715162790697676,0.0234065350139812,0.0021149992397619857,3.818689179255343e-18,0.00021683150394319995,PARELHEIROS
2328410901,2328411123,0,51.665,0,4,37.014883720930236,0.027011133170817523,0.00022209200417532967,5.931197060182506e-18,0.00018651895715055808,PARELHEIROS
2328410901,2328411055,0,169.25699999999998,0,4,37.16948837209302,0.026898781696415165,1.3667200256943364e-05,4.818790954160235e-18,0.0001873462742841835,PARELHEIROS
2328410901,2328410995,0,52.394,0,4,37.17283720930232,0.02689635843126264,0.0002514764847277579,9.759586220015752e-18,0.00019536101951413208,PARELHEIROS
2328410906,5312167265,0,44.318,0,4,41.74455813953488,0.02395076144168074,0.02349687846840798,1.9210364952425416e-18,0.00022687145653776594,PARELHEIROS
2328410906,5312167267,0,210.67499999999998,0,4,41.73897674418605,0.0239539641715735,0.02413399778705249,4.188812722760871e-18,0.00022473940366590355,PARELHEIROS
2328410906,7929973085,0,268.316,0,2,42.248,0.023665355839054443,0.0004772130756382725,1.0975298077029174e-19,0.00012419863293665313,PARELHEIROS
2328410910,4116341708,0,15.415,0,6,34.245209302325584,0.02919573201208249,0.006754102580310462,-1.8132575788315852e-17,0.00022039105158457408,PARELHEIROS
2328410910,2328411234,0,68.356,0,5,34.6846511627907,0.028825832752239447,0.003789117377902073,2.6165181107282603e-18,0.00019517895619254377,PARELHEIROS
2328410910,2328410996,0,86.932,0,5,35.21730232558139,0.028389850654804986,0.0025382268743853317,-2.8134811397612884e-18,0.00020478678829607337,PARELHEIROS
2328410910,2328411235,0,166.615,0,5,34.7486511627907,0.028772741387987622,5.580773438251874e-06,-4.309749025695539e-18,0.00019513083921807845,PARELHEIROS
2328410926,2328411037,0,369.42500000000007,0,4,35.04725581395349,0.028527595963456647,0.006588159990524074,-2.871676189289013e-18,0.00022354350580028326,PARELHEIROS
2328410926,5234630806,0,34.323,0,4,35.40688372093023,0.02823784101895834,0.0014309558669019702,1.5553925419549843e-18,0.00023890292496493303,PARELHEIROS
2328410926,2328411152,0,558.6119999999999,0,4,34.73041860465116,0.028787846321969617,0.005153559536886919,-6.004496172177548e-19,0.00021778260017053542,PARELHEIROS
2328410927,2328411229,0,139.446,0,4,35.25786046511628,0.028357192986159116,0.00118369343558677,-9.538098655372525e-18,0.00018336641230118274,PARELHEIROS
2328410927,4338787613,0,74.896,0,4,35.25860465116279,0.02835659446481809,0.0009541983646055959,-5.8668014626868926e-18,0.00019150945140004736,PARELHEIROS
2328410928,2328411209,0,98.272,0,5,37.074976744186046,0.02696735214122984,0.0023876598848880056,-1.1592998480134722e-18,0.0002017759618868138,PARELHEIROS
2328410928,2328411046,0,193.23999999999998,0,5,36.54679069767442,0.02735709304160579,0.00012197976229321953,-3.3967953578679877e-18,0.00020240542852603547,PARELHEIROS
2328410928,2328411059,0,43.861000000000004,0,6,36.61060465116279,0.027309408380847843,0.0013394995185159243,-8.380128045839842e-18,0.00023154334752210594,PARELHEIROS
2328410934,2328411059,0,68.793,0,5,35.947348837209304,0.02781328765067256,0.00046160968867826213,-1.2560963627240047e-17,0.00019944412969779976,PARELHEIROS
2328410934,2328410965,0,478.66499999999996,0,4,35.48911627906977,0.028172410539228535,3.416800064235841e-07,-5.657835922239948e-18,0.00017116092748708324,PARELHEIROS
2328410934,5280978969,0,185.358,0,4,35.42120930232558,0.028226420644049812,1.571728029548487e-05,-1.2108952144923233e-17,0.0001686860955971638,PARELHEIROS
2328410938,5312168170,0,141.885,0,2,43.34344186046511,0.023067248713359172,0.0004772130756382725,5.767083298040206e-18,0.00010790230416290555,PARELHEIROS
2328410948,5312167267,0,443.923,0,2,42.198511627906974,0.02369310942301503,0.0004772130756382725,4.7881079894016506e-18,0.00012110557210098014,PARELHEIROS
2328410960,2328410981,0,138.008,0,4,35.62567441860465,0.02806442179144385,0.00020728587056364104,-1.2455295410821212e-17,0.0001732928054979224,PARELHEIROS
2328410960,2328411180,0,99.202,0,4,35.21730232558139,0.028389850654804986,0.0005832477709650581,-5.161304549567893e-18,0.00017250839376723365,PARELHEIROS
2328410960,2328410988,0,61.268,0,5,35.04,0.028533503238823404,0.0008518082560139952,-1.2961532810987436e-17,0.00020467192009633725,PARELHEIROS
2328410965,2328411123,0,43.126,0,4,36.01897674418605,0.027757977706841873,0.000684612839537388,1.9254144691958118e-18,0.00017836559376898785,PARELHEIROS
2328410965,2328411235,0,301.039,0,4,35.23981395348837,0.028371714867961185,0.0006596701990684664,-1.5320005692589743e-18,0.00016797864545368583,PARELHEIROS
2328410970,2328411212,0,105.024,0,2,43.66176744186046,0.02289907193564057,0.0004772130756382725,2.3379502189010907e-18,0.00010941092784105264,PARELHEIROS
2328410975,5846948407,0,171.93200000000002,0,4,35.3233488372093,0.028304619646797955,0.0002112721373052495,6.98073618441391e-18,0.00017706126493076554,PARELHEIROS
2328410975,2328411216,0,44.166,0,4,36.29562790697675,0.02754640189862063,0.0012506627168457924,2.5832007776787496e-19,0.00017752946043729365,PARELHEIROS
2328410975,2328411150,0,119.762,0,4,35.71683720930233,0.027992790840617156,0.001511136775076038,-2.798986586638615e-20,0.000177567781141877,PARELHEIROS
2328410979,5506361957,0,63.247,0,2,43.094883720930234,0.02320029356530749,0.0004772130756382725,3.91567853970998e-18,0.0001305460483414742,PARELHEIROS
2328410979,5312166050,0,172.24200000000002,0,2,43.094883720930234,0.02320029356530749,0.0004772130756382725,3.086745752486251e-18,0.0001305460483414742,PARELHEIROS
2328410981,2328410989,0,76.749,0,4,36.6113488372093,0.027308853272082365,0.0008536305493815876,-8.181647977432119e-18,0.00017496423186546292,PARELHEIROS
2328410988,2328411200,0,117.97800000000001,0,6,35.06809302325581,0.028510645070586923,0.0067362213266409605,-1.1022499521705521e-17,0.00023340050925571419,PARELHEIROS
2328410989,2328411024,0,58.616,0,4,36.753860465116276,0.027202964282821738,0.00042379710130071885,-1.2668334982523017e-17,0.00017286577342282326,PARELHEIROS
2328410989,5280978970,0,54.965,0,4,36.7453023255814,0.027209299970633805,0.0012172919695517556,-1.492249340668984e-17,0.000172400916669564,PARELHEIROS
2328410995,2328410996,0,141.96300000000002,0,4,36.21302325581395,0.02760923732949729,0.0012043081293076595,6.871136824222641e-18,0.0001903854890306851,PARELHEIROS
2328410995,4338787615,0,51.949,0,2,37.19906976744186,0.026877391282602716,0.0004772130756382725,3.1708537738957428e-18,0.00011051621692127852,PARELHEIROS
2328410996,2328411055,0,46.781,0,4,36.2093023255814,0.027612074502247914,0.0009316474841816393,4.7142181278887714e-18,0.00018237074380073645,PARELHEIROS
2328411008,2328411123,0,209.578,0,4,37.009860465116276,0.02701479932437867,0.000505800302842379,4.92321223400196e-18,0.00018195679178520125,PARELHEIROS
2328411008,2328411061,0,24.725,0,4,37.14158139534884,0.026918992566470977,0.0010438324196240494,-2.5812541925827027e-18,0.0001756899624303041,PARELHEIROS
2328411008,2328411055,0,71.96700000000001,0,4,37.16446511627907,0.026902417412982643,0.0004968027293398913,5.807043728035876e-18,0.00018278410891882667,PARELHEIROS
2328411012,4134204702,0,7.2,0,5,33.393302325581395,0.02994055346010062,0.005209481164604912,-1.916255081431409e-17,0.00018503676681232438,PARELHEIROS
2328411012,8706766831,0,48.004999999999995,0,5,33.032744186046514,0.030267359800845953,0.23224251991282605,-2.3962092153730206e-17,0.00018424729057543222,PARELHEIROS
2328411014,5312167879,0,147.39,0,5,41.93283720930233,0.023843222162572265,0.0060479639003683874,8.163166044245431e-18,0.00020908411104622528,PARELHEIROS
2328411015,2328411015,0,417.15299999999996,0,1,36.21748837209302,0.027605833491721847,0.0,5.960602157753046e-19,8.383117283132972e-05,PARELHEIROS
2328411024,2328411180,0,98.82,0,4,35.76632558139535,0.027954058384136827,0.0005026112894490922,-1.0488521670519148e-17,0.00017220070021682843,PARELHEIROS
2328411024,5301719716,0,90.78600000000002,0,5,36.309023255813955,0.027536239310108065,3.0067840565275403e-05,-2.061733420035556e-17,0.0002025440002845369,PARELHEIROS
2328411037,7983523311,0,22.964000000000002,0,3,35.40223255813954,0.02824155092045174,0.0004772130756382725,-1.3806592834871132e-19,0.00018531770667615097,PARELHEIROS
2328411040,2328411150,0,42.573,0,4,36.08037209302326,0.027710743972113937,0.00289459912108513,-4.620812375174237e-18,0.00017307657296859074,PARELHEIROS
2328411040,2328411200,0,137.48999999999998,0,5,35.48595348837209,0.028174921488751527,0.0014171747733095525,-4.074619400512553e-18,0.00020031647314619158,PARELHEIROS
2328411042,5312176456,0,4.896,0,4,35.48725581395349,0.0281738875141551,0.002777516772217315,4.1279143329595985e-18,0.00017202473203317735,PARELHEIROS
2328411046,5280978970,0,8.603,0,4,36.95851162790698,0.027052332722549987,0.002166820707402896,-1.0183225306251171e-17,0.000170147103916187,PARELHEIROS
2328411046,2328411216,0,25.186,0,4,36.46995348837209,0.02741473069898891,0.0024972252736145018,-2.1279367173460036e-18,0.00017333993720485626,PARELHEIROS
2328411052,5312168184,0,100.95400000000001,0,3,43.17767441860465,0.02315580834195105,0.0004772130756382725,6.4980721373355135e-18,0.00014118470073785385,PARELHEIROS
2328411057,2328411225,0,127.97900000000001,0,3,34.99981395348837,0.028566264804065402,0.0004772130756382725,-1.5779117725689286e-17,0.00013196004472076673,PARELHEIROS
2328411059,5301719716,0,195.61999999999998,0,6,36.40353488372093,0.02746474914268484,0.00043518643484817163,-2.2322905500856653e-17,0.0002313848476418229,PARELHEIROS
2328411059,2328411061,0,167.03900000000002,0,5,36.928,0.027074684615694653,5.8085601092009295e-06,-8.537732376993217e-18,0.0002004516982126131,PARELHEIROS
2328411061,2328411209,0,61.942,0,4,37.077209302325585,0.026965728335591348,0.0010826700470208635,1.997905956863793e-18,0.00016970847200681137,PARELHEIROS
2328411063,5312167078,0,396.8909999999999,0,2,36.11348837209302,0.027685333058575033,0.0004772130756382725,2.3219847431628934e-18,0.00011959131441971201,PARELHEIROS
2328411069,2328411164,0,49.855,0,4,35.12297674418605,0.028466093884080387,0.001263760450425363,-1.2542914093120242e-17,0.0001835254752865756,PARELHEIROS
2328411069,2328411225,0,68.695,0,5,34.97879069767442,0.02858343394801368,0.00261715495586918,-1.7254910840111424e-17,0.00021065963999632729,PARELHEIROS
2328411083,5312167148,0,131.359,0,4,41.66120930232558,0.023998678152450107,0.02162743325992908,1.4757344443145942e-18,0.00019763501087888144,PARELHEIROS
2328411083,5312167879,0,383.5680000000001,0,5,41.838883720930234,0.02389676455417015,0.007926065002343356,5.459413700470104e-18,0.00021629099003495458,PARELHEIROS
2328411120,2328411200,0,95.306,0,5,34.91795348837209,0.02863323458579314,0.007965130416411118,-6.926924031334123e-18,0.0001958989063842022,PARELHEIROS
2328411120,7512569050,0,58.532000000000004,0,5,34.32613953488372,0.029126897665620613,0.010182291978093755,-8.950309724136288e-18,0.00019097992353266308,PARELHEIROS
2328411134,2328411191,0,255.23200000000003,0,6,33.42474418604651,0.029912389094835744,0.0009772048183714506,-4.2494311071448694e-17,0.0002169253289525853,PARELHEIROS
2328411134,2328411225,0,63.650000000000006,0,6,34.00279069767442,0.029403879298552787,3.712922736469614e-05,-3.590702166795854e-17,0.000229718661544114,PARELHEIROS
2328411141,5312166453,0,233.328,0,2,40.16260465116279,0.024894151217840037,0.0004772130756382725,-1.3684456675188103e-18,0.00012949496396776056,PARELHEIROS
2328411152,5312167060,0,125.62299999999999,0,4,34.602046511627904,0.02889464798425688,0.03639552649756923,-4.803731702185291e-19,0.0002114854095558354,PARELHEIROS
2328411156,5312176456,0,57.211000000000006,0,5,35.04651162790697,0.028528201725282018,0.0036219219614254663,-1.1340254757259182e-19,0.00019744080481649568,PARELHEIROS
2328411156,7512569062,0,13.469999999999999,0,5,34.50474418604651,0.02897613000975936,0.0034970948657453834,-1.1723576876163235e-17,0.000189834062864498,PARELHEIROS
2328411156,2328411234,0,156.78799999999998,0,5,34.59962790697674,0.028896667795862842,0.00027733027188047576,-2.5997337140775753e-18,0.00019336050708205338,PARELHEIROS
2328411156,4116341714,0,15.233,0,6,34.60093023255814,0.028895580169910742,0.0008686644696642254,-1.4271916723124824e-17,0.00021902800158782998,PARELHEIROS
2328411164,2328411229,0,82.863,0,4,35.20893023255814,0.028396601285086236,0.0012207087696159914,-1.3525897601174055e-17,0.00018665492925038852,PARELHEIROS
2328411164,4338787613,0,301.45400000000006,0,4,35.20967441860465,0.02839600109906368,0.0,-6.462176796219413e-18,0.00019479796834925313,PARELHEIROS
2328411173,13340877687,0,63.865,0,4,40.01916279069768,0.024983380055136378,0.023902110956026353,1.9594090668825565e-18,0.00020015796865059123,PARELHEIROS
2328411173,7963004046,0,81.086,0,4,40.10716279069767,0.02492856347645378,0.0004949804359722989,3.8677380444966855e-19,0.00020509451126527487,PARELHEIROS
2328411174,4171424396,0,482.16200000000003,0,2,34.61320930232558,0.028885329434655944,0.0004772130756382725,-1.1263627355347168e-18,0.00011526029321483879,PARELHEIROS
2328411180,5280978969,0,154.303,0,4,35.32390697674418,0.028304172416335732,2.8701120539581065e-05,-1.4954540627978493e-17,0.00017125638147161846,PARELHEIROS
2328411191,5312184076,0,8.11,0,6,33.83274418604651,0.029551665924300665,6.719706792997155e-06,-3.9118938891693083e-17,0.00021517914520878837,PARELHEIROS
2328411191,2328411202,0,253.29999999999998,0,5,33.83348837209302,0.029551015919276346,0.0028028010926926606,-3.458142402361898e-17,0.00019604231757913037,PARELHEIROS
2328411191,8706766831,0,8.233,0,6,33.244465116279066,0.03007459888409471,0.003831371805363123,-4.235164715585129e-17,0.00021497493597964068,PARELHEIROS
2328411192,5312167242,0,4.54,0,5,36.120558139534886,0.027679914292189464,0.03177669617073522,6.3249512583848e-19,0.0002575391659476989,PARELHEIROS
2328411192,5312167025,0,495.03,0,5,35.731162790697674,0.027981567780063003,0.014364341363382951,4.841531302338587e-18,0.0002548962343232326,PARELHEIROS
2328411192,5312163806,0,541.135,0,3,36.141767441860466,0.02766367071274876,0.0004772130756382725,1.1890590066186405e-19,0.0001578028085164521,PARELHEIROS
2328411202,5312184096,0,174.581,0,2,34.83051162790698,0.028705118206971702,0.0004772130756382725,-1.2893098749803564e-17,9.688288847123991e-05,PARELHEIROS
2328411202,2328411225,0,42.394000000000005,0,5,34.41953488372093,0.029047863571254832,0.002710547490958293,-2.2199907448125228e-17,0.00020825661505698357,PARELHEIROS
2328411212,5312167285,0,119.747,0,4,43.55218604651163,0.022956688153853384,0.0009528316445799015,1.0959024895524707e-17,0.00020126074478154908,PARELHEIROS
2328411222,2328411223,0,50.821,0,4,41.821023255813955,0.0239069701229603,0.009868288052190482,6.753177446699776e-18,0.00019912340709005524,PARELHEIROS
2328411222,5312166736,0,106.131,0,4,41.74158139534884,0.023952469457704326,0.008924567874448543,1.5159826318128465e-17,0.0002066513457572886,PARELHEIROS
2328411222,5312168162,0,143.433,0,2,42.28167441860465,0.023646508025908196,0.0004772130756382725,8.769637725027677e-19,0.00011418212790238683,PARELHEIROS
2328411223,5312168170,0,74.437,0,4,42.34939534883721,0.023608694888150844,0.0018033870739036768,-7.354895225899122e-20,0.00019284358335057406,PARELHEIROS
2328411235,5301721431,0,10.809999999999999,0,5,34.30083720930232,0.029148383387482577,0.0011306191412556398,-1.3437170507537806e-17,0.00019291270114791701,PARELHEIROS
2328417189,2328417216,0,16.792,0,2,44.755906976744185,0.02233926248009877,0.0004772130756382725,-8.389279612896625e-19,0.00011512771265287619,PARELHEIROS
2328417191,2328417215,0,320.216,0,2,46.80632558139535,0.021360658865428643,0.0004772130756382725,-2.767102804657901e-18,0.00014638173780801461,PARELHEIROS
2328417197,2328417271,0,42.396,0,4,43.75739534883721,0.022849028044694637,0.0023758149779986547,-5.547661685683297e-18,0.00020452970695197993,PARELHEIROS
2328417197,2328417272,0,60.734,0,4,44.75088372093023,0.022341770046895266,0.0014275390668377344,-1.5068270846186842e-18,0.00020758348002617415,PARELHEIROS
2328417197,5494728714,0,159.00300000000001,0,2,44.754418604651164,0.022340005404169524,0.0004772130756382725,-4.042935529054639e-18,0.00011569279584904159,PARELHEIROS
2328417204,2328417263,0,17.345,0,4,37.82679069767442,0.026431371391753843,0.018902193528694572,5.954661186303836e-17,0.00018066640076568898,PARELHEIROS
2328417204,6278680464,0,88.85,0,5,38.8146976744186,0.025758643333381265,0.0051992307644122045,2.4616464844521212e-17,0.00021746369853273647,PARELHEIROS
2328417204,2328417269,0,83.71600000000001,0,4,38.80855813953488,0.025762718364685803,0.013234633368811108,3.3078242822719853e-18,0.00017744813185806329,PARELHEIROS
2328417205,2328417270,0,25.991,0,4,42.76986046511628,0.023376600779510023,0.0019036132091212617,-6.445263650959505e-18,0.0001935054521984291,PARELHEIROS
2328417205,2328417273,0,220.736,0,4,41.78120930232558,0.023929751440505135,3.189013393286785e-06,-8.79300317660636e-19,0.00019092298919855092,PARELHEIROS
2328417205,6278680461,0,199.959,0,4,41.776930232558136,0.02393220248406821,0.0023744482579729606,-3.852901872504435e-18,0.0001845926861335911,PARELHEIROS
2328417206,2328417250,0,59.722,0,4,43.755534883720934,0.022849999574804623,0.0004781242223220687,1.7653882841400944e-18,0.00019751368780922583,PARELHEIROS
2328417206,2328417271,0,72.276,0,4,43.75646511627907,0.022849513799422596,1.7084000321179205e-06,1.9514587595916231e-19,0.00019739881134296265,PARELHEIROS
2328417206,2328417272,0,85.724,0,4,44.75013953488372,0.0223421415861507,2.1639733740160328e-06,6.936375100308597e-18,0.0002004525844171568,PARELHEIROS
2328417211,5494728709,0,11.538,0,4,45.74213953488372,0.021857612338528617,0.0009612597514050167,4.47373539862896e-18,0.00021309325535335096,PARELHEIROS
2328417211,2328417213,0,109.83300000000001,0,4,45.7453023255814,0.021856101122087513,0.0014343726669662062,-1.9501212615466697e-18,0.00021326503657070423,PARELHEIROS
2328417211,4338824048,0,227.28600000000003,0,4,44.74939534883721,0.022342513137763587,0.0,3.0841654928420424e-19,0.00020915633949343657,PARELHEIROS
2328417213,2328417245,0,79.787,0,2,45.7486511627907,0.02185450123831329,0.0004772130756382725,-2.9892045658458735e-19,0.00011876507429468909,PARELHEIROS
2328417213,4338824048,0,89.039,0,4,44.752,0.022341212761181,0.002380370711417636,-6.485494365383904e-19,0.00021285665014038086,PARELHEIROS
2328417215,13361875537,0,34.34,0,4,45.80688372093023,0.021826718437769076,0.0014309558669019702,1.9012312788574407e-18,0.00026168585373043086,PARELHEIROS
2328417215,8759086132,0,288.331,0,2,46.80632558139535,0.021360658865428643,0.0004772130756382725,-3.957488563582989e-18,0.00014638173780801461,PARELHEIROS
2328417216,2328417255,0,61.331,0,4,43.75906976744186,0.022848153738228353,3.189013393286785e-06,-6.892908204418239e-18,0.00020450347106608005,PARELHEIROS
2328417216,2328417270,0,116.598,0,4,43.76260465116279,0.022846308199843554,0.0009510093512123091,-9.544499903740892e-18,0.00020356272323273278,PARELHEIROS
2328417224,2328417265,0,64.673,0,4,41.76725581395349,0.023937745825148442,0.007593724249428682,-4.647730630512791e-18,0.0001912665992352171,PARELHEIROS
2328417224,2328417271,0,106.022,0,4,42.76186046511628,0.02338097413474298,0.0028485862135534208,-5.748805230899891e-18,0.00019548927078812437,PARELHEIROS
2328417224,2328417250,0,116.669,0,4,42.760558139534886,0.02338168623117152,0.0042720251203140725,1.9523741660358327e-18,0.00019560414725438755,PARELHEIROS
2328417231,4338824045,0,105.182,0,2,44.75181395348837,0.02234130564020271,0.0004772130756382725,-5.318666285084561e-19,0.0001162555601270099,PARELHEIROS
2328417231,2328417250,0,12.332,0,4,43.754790697674416,0.022850388209982055,0.003325571502520744,9.464021204677495e-19,0.00020520734769621145,PARELHEIROS
2328417231,5846949964,0,63.586,0,4,44.74902325581395,0.02234269891820427,0.0023759288713341292,-9.839475111112285e-19,0.0002096740566742653,PARELHEIROS
2328417233,7976291962,0,52.983,0,4,46.736744186046515,0.021392460491222485,8.997573502487715e-06,1.87900202668931e-18,0.00020954687328391856,PARELHEIROS
2328417233,5846949964,0,60.675,0,4,45.74232558139535,0.021857523437658878,0.0009527177512444271,2.753283513330785e-18,0.0002063271706805562,PARELHEIROS
2328417233,2328417258,0,118.47899999999998,0,4,46.73506976744186,0.021393226937790853,0.00048678011581813283,5.556579219079317e-18,0.00020691915791924053,PARELHEIROS
2328417235,4338824048,0,24.974,0,4,43.755534883720934,0.022849999574804623,0.0028546225603335706,1.3128835111885472e-18,0.00021082860391030006,PARELHEIROS
2328417235,6206847225,0,50.221,0,2,43.75832558139535,0.02284854231061943,0.0004772130756382725,-4.217867385489728e-18,0.00011673702806460833,PARELHEIROS
2328417235,4338824055,0,19.854,0,4,42.76148837209303,0.023381177586439438,0.003802442898152593,-5.5718391767264996e-18,0.00020557434382045505,PARELHEIROS
2328417247,6278680464,0,83.32,0,3,39.8113488372093,0.025113792491097547,0.0004772130756382725,4.8609876884474546e-18,0.0001390916971800874,PARELHEIROS
2328417249,5846949964,0,129.162,0,4,45.74344186046512,0.0218569900476266,0.0009498704178575639,-3.574160517032125e-18,0.00021159312477360214,PARELHEIROS
2328417249,2328417266,0,69.386,0,2,46.74083720930233,0.021390587186345688,0.0004772130756382725,1.1531675590722061e-18,0.00011817462822634674,PARELHEIROS
2328417249,2328417258,0,61.704,0,4,46.736372093023256,0.021392630807936054,4.3279467480320656e-06,-4.991443471567293e-19,0.00021218511201228648,PARELHEIROS
2328417255,4338824055,0,136.892,0,4,42.76223255813954,0.023380770686587164,1.0250400192707523e-05,-8.459953226701189e-18,0.0001987778755407803,PARELHEIROS
2328417255,2328417270,0,134.146,0,4,43.756651162790696,0.022849416646824723,0.00047835200899301773,-3.0936882560806835e-19,0.0001983755703647901,PARELHEIROS
2328417258,5494728709,0,165.589,0,4,46.734697674418605,0.021393397266708865,1.4350560269790533e-05,4.848756254612025e-18,0.0002126037768632756,PARELHEIROS
2328417259,2328417273,0,20.33,0,2,41.7886511627907,0.023925489951650388,0.0004772130756382725,-1.927332155203074e-18,0.00010641734895170807,PARELHEIROS
2328417260,2328417263,0,3.879,0,4,36.84632558139535,0.027134698988634125,0.02031447088857872,3.34074125953983e-16,0.0001789474858752633,PARELHEIROS
2328417260,8706682363,0,17.309,0,4,36.221767441860464,0.027602572267992523,0.012508221675154568,5.782367083982817e-16,0.00017446766878354935,PARELHEIROS
2328417263,6278680465,0,88.678,0,4,37.83367441860465,0.02642656228486005,0.0009455424711095318,6.333137075068594e-17,0.00018776682645593365,PARELHEIROS
2328417264,7976291962,0,116.52999999999999,0,2,46.74009302325582,0.021390927762828985,0.0004772130756382725,7.339229617182193e-18,0.00011720300052234739,PARELHEIROS
2328417265,5494728711,0,21.412,0,4,40.777674418604654,0.02451866046172096,0.012323258898343934,-8.352127556828302e-18,0.00018608897125639394,PARELHEIROS
2328417265,4338824055,0,336.096,0,4,41.76781395348837,0.0239374259472076,0.004268266640243413,-6.992607972157364e-18,0.00019401635667760746,PARELHEIROS
2328417268,6278680465,0,79.484,0,2,38.83032558139535,0.025748276341195805,0.0004772130756382725,1.735502617858371e-17,0.00010645723471157372,PARELHEIROS
2328417269,6278680463,0,101.71199999999999,0,5,39.797209302325584,0.025122715160581552,1.2528266902198084e-06,-2.04862579999353e-18,0.00021367711420901823,PARELHEIROS
2328417269,5494728711,0,151.32999999999998,0,4,39.79218604651163,0.02512588658285137,0.012764823359978679,-3.035764829360826e-18,0.00017956605454309707,PARELHEIROS
2328417272,7976291962,0,4.185,0,4,45.74362790697674,0.021856901151818833,0.000956362337979612,2.2108162763479365e-18,0.00020909368469947993,PARELHEIROS
2328417273,6278680463,0,60.903,0,5,40.79237209302325,0.024509826278510803,0.0009510093512123091,1.2164948771335477e-18,0.00022216644997987458,PARELHEIROS
2328585721,2328585889,0,710.487,0,2,43.29544186046512,0.023092822489504238,0.0004772130756382725,-4.987776806722388e-18,0.0001356810777360783,PARELHEIROS
2328585728,2328585947,0,222.903,0,4,39.243348837209304,0.025477284256138204,0.01314465763378623,-3.0353340568232856e-18,0.00020426039383766333,PARELHEIROS
2328585728,5312165344,0,228.01,0,4,38.95832558139535,0.025663678778993414,0.016142216330140333,-8.502131447532674e-18,0.00021682759034969253,PARELHEIROS
2328585728,7954246235,0,463.7509999999999,0,4,39.60148837209302,0.02524687820049047,0.0029563293089123243,-8.134999200492673e-18,0.0002156512451936698,PARELHEIROS
2328585751,2329802815,0,50.739,0,5,34.68093023255814,0.028828925486830106,0.004555505632310173,-1.9547426481597525e-17,0.00023587033713025525,PARELHEIROS
2328585751,5312165918,0,613.943,0,4,34.050790697674415,0.029362429858542368,0.019639538982556666,-1.1978729698206217e-17,0.0001945633227023975,PARELHEIROS
2328585751,2329803056,0,789.0109999999999,0,4,34.32427906976744,0.029128476419159534,0.01780950086815195,-1.1702867296237135e-17,0.00020380878786783275,PARELHEIROS
2328585755,7953445128,0,183.12199999999999,0,4,39.52576744186047,0.025295244550508116,0.011738758300688656,-9.055812217087504e-18,0.0001991226033774722,PARELHEIROS
2328585755,5238449688,0,140.78300000000002,0,4,39.03386046511628,0.025614016691530787,0.010914056658517598,-5.795834165008738e-18,0.0002030643913704098,PARELHEIROS
2328585755,5238449712,0,46.681000000000004,0,4,39.524837209302326,0.025295839884017585,0.001805551047277693,-2.5502288626632147e-18,0.0001985635215874852,PARELHEIROS
2328585762,5238449719,0,55.389,0,2,39.91386046511628,0.02504929219668402,0.0004772130756382725,2.2496807534857724e-18,0.00011652646704973087,PARELHEIROS
2328585818,2330727308,0,226.95000000000002,0,4,34.220837209302324,0.029216525223310155,0.0020032698776614737,1.7842905711121866e-18,0.00019917799749470406,PARELHEIROS
2328585818,7980945910,0,179.826,0,4,33.52725581395349,0.029820930142223753,0.05532220709339083,4.485835863342273e-18,0.00020621990532662486,PARELHEIROS
2328585818,5209429428,0,133.24599999999998,0,4,34.02195348837209,0.029387317628015837,0.053276341108261877,7.252551751464481e-18,0.00020626065410318898,PARELHEIROS
2328585831,7953480688,0,126.804,0,2,38.134697674418604,0.02621795935094207,0.0004772130756382725,-7.036369388180804e-18,0.00012310622531049386,PARELHEIROS
2328585836,7954246235,0,167.378,0,2,40.59981395348837,0.02462607229269008,0.0004772130756382725,-2.1570591411647737e-18,0.00012091395600077739,PARELHEIROS
2328585841,5238449701,0,206.76,0,2,41.23925581395349,0.02424422879983398,0.0004772130756382725,1.8572349644567667e-18,0.00011936803744215853,PARELHEIROS
2328585853,5238449713,0,73.672,0,3,41.50139534883721,0.02409109248218048,0.0004772130756382725,9.624832988927832e-19,0.00016143260213986703,PARELHEIROS
2328585863,5238449700,0,137.06799999999998,0,2,41.12427906976744,0.02431201169003316,0.0004772130756382725,-3.9704568773879314e-19,0.0001147095779885069,PARELHEIROS
2328585886,2330727428,0,81.784,0,4,36.23162790697675,0.027595060206937277,0.001637558377452764,-7.361540068877796e-18,0.00018945290515730984,PARELHEIROS
2328585886,2330727387,0,69.542,0,4,36.59423255813954,0.027321626485810446,0.0035308072930458436,-2.2088298568409435e-18,0.00019241355081689638,PARELHEIROS
2328585886,2330727205,0,21.839,0,4,36.414325581395346,0.027456610482968626,0.004440359470145425,-9.679368484062957e-19,0.00018779011807981656,PARELHEIROS
2328585889,5312164532,0,97.69200000000001,0,4,42.296,0.023638498994901933,0.0014309558669019702,-4.110113239359193e-18,0.00023298351880663494,PARELHEIROS
2328585889,7931214611,0,337.28,0,2,43.29544186046512,0.023092822489504238,0.0004772130756382725,-7.327571231615047e-19,0.0001356810777360783,PARELHEIROS
2328585895,5312165854,0,75.11999999999999,0,4,36.454511627906975,0.027426343375369366,0.03504828223224104,-1.030927620290705e-18,0.00021208591360741112,PARELHEIROS
2328585895,2328585913,0,208.842,0,4,37.32502325581395,0.026786693383577077,0.01761462937115503,-1.656686127441406e-18,0.00022043220738997266,PARELHEIROS
2328585913,5312165344,0,717.309,0,4,38.31460465116279,0.026094852409185156,0.016856783116907522,-4.495383833809275e-18,0.0002242662752525524,PARELHEIROS
2328585913,5494714362,0,470.269,0,2,38.31962790697674,0.026091431678707373,0.0004772130756382725,-2.569340434433639e-19,0.00012274077546748198,PARELHEIROS
2328585947,7953445128,0,7.703,0,4,39.50641860465116,0.025307633260653554,0.012831223174560329,-6.4113364850239724e-18,0.00019941339134491568,PARELHEIROS
2328585947,5238449712,0,242.653,0,4,39.50586046511628,0.025307990807369174,0.0,-1.1564777144133308e-17,0.00019885430955492866,PARELHEIROS
2329788962,7833949436,0,107.439,0,2,45.32297674418604,0.022059759206275578,0.0004772130756382725,3.4526651812924636e-18,0.00010979740577424872,PARELHEIROS
2329788970,2329788982,0,141.52,0,4,44.692279069767444,0.022371066642799756,0.0016627288045926347,1.693815784095994e-19,0.0001874587450785673,PARELHEIROS
2329788970,2329789081,0,528.031,0,4,44.51106976744186,0.022462141636049773,0.002706902904223108,3.3175886623260457e-18,0.0001879387470307612,PARELHEIROS
2329788970,2329789079,0,111.96300000000001,0,4,43.8753488372093,0.022787601238180046,0.004742974062501246,5.981478051251591e-18,0.00018660799097033713,PARELHEIROS
2329788974,2329789089,0,535.3,0,4,41.62176744186046,0.024021419918915415,7.049997465873285e-05,8.845123908971804e-18,0.00019176747294647356,PARELHEIROS
2329788974,2329789056,0,239.96900000000002,0,4,41.204093023255815,0.02426491836439821,0.014523905926382764,6.3510773932295e-18,0.00019291153051600752,PARELHEIROS
2329788974,7953458150,0,128.214,0,4,41.03646511627907,0.024364036976755783,0.01490966265363499,9.595533916486644e-18,0.00018867336466415796,PARELHEIROS
2329788982,2329788991,0,357.50299999999993,0,4,45.50716279069768,0.021970474364373,0.00044953699511796215,3.254124744764596e-18,0.00018849045708600412,PARELHEIROS
2329788982,2329789059,0,108.364,0,4,45.688,0.02188351325267843,0.0008441774025372018,3.038840154075573e-18,0.0001886515048388943,PARELHEIROS
2329788991,2329789081,0,129.678,0,4,45.32093023255814,0.022060755336617405,0.0004996500627267545,9.458954808133083e-19,0.00018897045903819797,PARELHEIROS
2329788991,2329789007,0,208.142,0,4,46.31739534883721,0.021586143736242548,0.0003683310469246237,1.8793825336756307e-18,0.00019126839839533823,PARELHEIROS
2329788994,2329789089,0,58.459,0,4,41.08725581395349,0.024333918965423557,0.012262212070529587,7.434120666884632e-18,0.00019899682498121117,PARELHEIROS
2329788994,2329789093,0,59.53,0,4,40.12390697674419,0.024918160488904138,0.012156746841880174,6.1438675265538074e-18,0.0001982528111721101,PARELHEIROS
2329788994,7961592497,0,196.708,0,2,41.12223255813954,0.02431322161496978,0.0004772130756382725,7.543721920345736e-18,0.00011263671002889733,PARELHEIROS
2329788996,2329789098,0,172.632,0,5,44.691348837209304,0.02237153228760782,0.0013683145323909799,4.233429884357099e-18,0.00023002403449367436,PARELHEIROS
2329788996,2329789055,0,140.512,0,4,45.688372093023254,0.021883335030031557,0.0009949721787054768,-9.439051577710348e-19,0.0001975260521377561,PARELHEIROS
2329788996,2329789059,0,263.182,0,4,45.68762790697674,0.021883691478228294,1.3667200256943365e-06,8.146146552110302e-18,0.00018990130527674932,PARELHEIROS
2329789007,2329789055,0,149.64600000000002,0,4,46.503627906976746,0.021499697948047063,0.0002603601648947711,3.4159312021390064e-19,0.00019905419300923516,PARELHEIROS
2329789007,2329789059,0,252.17600000000004,0,4,46.50306976744186,0.02149995599190251,0.00047425184891593475,3.938169952534817e-18,0.00019142944614822835,PARELHEIROS
2329789019,7953491713,0,67.30900000000001,0,4,40.58958139534884,0.024632280479811523,0.012595236183457106,9.846699877754703e-18,0.0001862893737560879,PARELHEIROS
2329789019,7953458150,0,49.234,0,4,40.55125581395349,0.024655560806191877,0.015317970261311174,4.5880407708034495e-18,0.00018616642714542779,PARELHEIROS
2329789019,5515159722,0,147.228,0,5,39.616,0.025237630086035242,0.02829247125189846,4.443995438259821e-18,0.0002298334378125317,PARELHEIROS
2329789025,2329789092,0,492.9960000000001,0,4,39.9233488372093,0.025043338863310158,0.013048531658645729,2.59622331437716e-18,0.00019135242146913758,PARELHEIROS
2329789025,2329789093,0,126.69700000000002,0,4,39.71906976744186,0.02517213921026746,0.012104128120890942,9.473121955674692e-18,0.00019150888820302313,PARELHEIROS
2329789025,2329789056,0,924.4110000000001,0,4,40.263255813953485,0.02483192015340896,0.000995655538718324,4.735196188694993e-18,0.00019339695958165814,PARELHEIROS
2329789026,2329789039,0,115.063,0,4,43.218046511627904,0.023134177367766264,0.0034473234781430147,7.635776085170042e-18,0.00018677177302451665,PARELHEIROS
2329789026,2329789079,0,170.96699999999998,0,4,43.21841860465116,0.023133978191899232,0.00512087214960573,1.6984791752322868e-18,0.0001876043609031405,PARELHEIROS
2329789026,2329789065,0,483.35099999999994,0,4,42.547162790697676,0.023498957108062844,0.008855434619815503,4.3934524258025334e-18,0.00019443756464317282,PARELHEIROS
2329789031,2329789081,0,102.005,0,4,45.13190697674418,0.022153151073442602,0.0028897017076597253,-3.869078753209646e-18,0.00019192417051498088,PARELHEIROS
2329789031,7833949436,0,915.1870000000001,0,4,45.13227906976744,0.02215296843181387,0.00010227621525612618,3.032618549637544e-18,0.00019695481659492357,PARELHEIROS
2329789037,8350256142,0,158.547,0,2,35.690232558139535,0.028013657570307816,0.0004772130756382725,-2.7400868061009985e-18,0.00011653833536868603,PARELHEIROS
2329789039,2329789098,0,215.256,0,5,43.87460465116279,0.0227879877536828,0.0029721604825432837,6.30647568968582e-18,0.0002269860525693183,PARELHEIROS
2329789039,2329789079,0,486.19,0,4,44.04576744186046,0.022699433147761735,0.0,3.950763788592279e-18,0.00018547461801741045,PARELHEIROS
2329789055,2329789075,0,81.329,0,2,46.6866976744186,0.021415392462770133,0.0004772130756382725,3.95568700167842e-18,0.00011255429532951852,PARELHEIROS
2329789056,7953539278,0,215.35099999999997,0,4,41.14790697674419,0.024298051272776598,0.015066949349925314,4.016954977293024e-18,0.00020219702764653858,PARELHEIROS
2329789065,7953539278,0,200.325,0,4,41.85041860465116,0.023890178087185368,0.014162408479586613,1.5278809650103232e-18,0.00020439726112687537,PARELHEIROS
2329789065,8940889469,0,172.951,0,4,42.69525581395349,0.0234174484829206,0.0052368155651187995,3.852528212826527e-18,0.00020370977526680079,PARELHEIROS
2329789089,7953491713,0,453.72499999999997,0,4,41.43832558139535,0.024127759494637028,0.012244786390201984,9.911606045124578e-18,0.00019031386960470173,PARELHEIROS
2329789092,3095455401,0,649.7320000000002,0,4,39.06827906976744,0.02559145110289916,0.09198629407600899,-1.5878541376571142e-18,0.0002046440560405791,PARELHEIROS
2329789093,5515159722,0,1192.1450000000007,0,5,39.51609302325581,0.02530143738906492,0.0,7.041250162511453e-18,0.0002332372765039421,PARELHEIROS
2329789098,8941381166,0,49.947,0,3,44.693023255813955,0.022370694140909565,0.0004772130756382725,9.723023077367679e-18,0.00014547794845116315,PARELHEIROS
2329789098,7833949436,0,233.845,0,5,44.5106976744186,0.022462329411272963,0.0008519221493494697,-1.505153690526074e-18,0.00023490365181948777,PARELHEIROS
2329802769,2329802976,0,264.554,0,4,38.59069767441861,0.02590815957575027,0.003953237674320868,-6.680861102963558e-18,0.00020647617628593402,PARELHEIROS
2329802769,2329802996,0,26.371,0,4,39.46641860465116,0.025333283050176306,0.004445142990235355,1.840724759167677e-18,0.0002020940164753707,PARELHEIROS
2329802769,2329802834,0,209.664,0,4,39.5293023255814,0.02529298253871135,0.001337905011819281,2.038288999183422e-18,0.00021376136820289355,PARELHEIROS
2329802770,2329803150,0,143.44000000000003,0,4,39.08744186046512,0.025578904781170423,0.007214459442298504,-2.670882827974625e-18,0.00019148368729523927,PARELHEIROS
2329802770,2329803240,0,43.759,0,4,38.26046511627907,0.02613177729151471,0.008136539886300283,-5.63777570181145e-18,0.00018987680828253407,PARELHEIROS
2329802770,2329802906,0,205.387,0,4,39.08967441860465,0.025577443873835714,0.0004667348887746159,-1.844772246567439e-18,0.00019820504988038847,PARELHEIROS
2329802785,2329802996,0,45.019,0,4,39.88948837209303,0.02506459707284311,0.00048746347583098,1.0501440987912406e-18,0.00020164878062331823,PARELHEIROS
2329802785,2329802906,0,426.6950000000001,0,3,39.583627906976744,0.025258269803818352,1.047818686365658e-05,-1.9056205811197772e-18,0.00015803434142436603,PARELHEIROS
2329802785,2329802906,1,529.662,0,3,39.583627906976744,0.025258269803818352,0.0,-3.47798594598187e-18,0.00015803434142436603,PARELHEIROS
2329802802,5846948645,0,417.298,0,4,40.91106976744186,0.02443871448905624,0.0008405328158020169,-3.0382252093621314e-18,0.0002042328066766152,PARELHEIROS
2329802802,2329802838,0,177.861,0,4,40.08148837209302,0.024944531605380665,0.0012824389574431856,-1.5701645523747026e-18,0.0001934721039736715,PARELHEIROS
2329802802,2329803165,0,108.68900000000001,0,4,40.57432558139535,0.024641542136853642,4.031824075798292e-05,-7.075232455677725e-18,0.00019633514881004047,PARELHEIROS
2329802812,2329802815,0,171.813,0,3,35.674232558139536,0.028026221779513843,0.0004772130756382725,-1.106579180126756e-17,0.0001491500045140865,PARELHEIROS
2329802815,2329803058,0,94.057,0,6,35.667720930232555,0.028031338347747164,0.004144806264589024,-1.8020945498041512e-17,0.00027566220895650637,PARELHEIROS
2329802815,5846948482,0,239.21299999999997,0,3,35.674232558139536,0.028026221779513843,0.0004772130756382725,-1.8353997041906882e-17,0.0001491500045140865,PARELHEIROS
2329802834,5846948383,0,56.503,0,4,40.523906976744186,0.024672200389319426,0.00038689566060697174,3.3588133957278037e-18,0.00022180009923500397,PARELHEIROS
2329802834,13322380573,0,229.91500000000002,0,2,40.52725581395349,0.02467016168274925,0.0004772130756382725,-1.5726357895715511e-18,0.00012115881808722442,PARELHEIROS
2329802836,2329802838,0,19.476,0,4,39.25060465116279,0.025472574559657207,0.001787442006937243,3.6131886650189836e-18,0.00018837309273989078,PARELHEIROS
2329802836,2329803032,0,38.963,0,4,39.25488372093023,0.02546979786250859,0.0022318538019588515,6.8462635011305875e-18,0.00018662541490119136,PARELHEIROS
2329802836,2329802955,0,293.58799999999997,0,4,38.264,0.026129363200093354,1.1161546876503748e-05,1.3617738994420836e-17,0.00018602323273788924,PARELHEIROS
2329802838,2329803150,0,203.52800000000002,0,4,39.91423255813954,0.025049058679307724,4.920192092499611e-05,-6.306992196829383e-19,0.00019004937031502303,PARELHEIROS
2329802842,8350256142,0,635.1030000000001,0,4,35.29395348837209,0.028328193774544687,0.0107687287624521,-1.1037274037694374e-18,0.00020381681165850424,PARELHEIROS
2329802842,7333070551,0,398.483,0,4,35.566883720930235,0.028110811206662062,0.10165538268445452,5.092094747610281e-18,0.00018595068980571298,PARELHEIROS
2329802842,2334793594,0,412.308,0,4,35.80986046511628,0.027920073982481114,0.0920255872767477,-4.719552135877954e-18,0.00019811883864068582,PARELHEIROS
2329802846,5052297985,0,69.64699999999999,0,2,42.227348837209306,0.023676929312866784,0.0004772130756382725,5.934720363999852e-18,0.00013713982389210562,PARELHEIROS
2329802866,2329802976,0,300.871,0,2,38.63218604651163,0.025880335953151486,0.0004772130756382725,-3.860845049861005e-18,0.00011387362617026489,PARELHEIROS
2329802876,2329803032,0,44.84,0,4,39.25953488372093,0.02546678039996209,0.0026854909571538965,1.1625560410990657e-17,0.0001859139366424471,PARELHEIROS
2329802876,2329802955,0,217.716,0,4,38.268837209302326,0.026126060429276357,2.2778667094905607e-07,1.735268238625531e-17,0.00018531175447914497,PARELHEIROS
2329802876,2329802931,0,53.099000000000004,0,4,38.27311627906977,0.026123139443315607,0.003139697579026314,1.2603936933644524e-17,0.00018484963984801214,PARELHEIROS
2329802900,2329803199,0,197.376,0,3,37.64632558139535,0.02655807540437561,0.0004772130756382725,-1.4635754094170984e-17,0.00015244804493240785,PARELHEIROS
2329802910,5052297995,0,76.504,0,2,41.229023255813956,0.024250245931969353,0.0004772130756382725,-3.107917429939953e-18,0.00012961222015207529,PARELHEIROS
2329802918,2329803056,0,1320.9169999999997,0,4,34.584744186046514,0.02890910362412786,0.017099034241461843,-8.804717372791762e-18,0.00021245758757779197,PARELHEIROS
2329802918,2329802958,0,124.042,0,4,34.83348837209302,0.028702665171179833,0.027447496596012935,-6.558626365207948e-18,0.00021229147766802973,PARELHEIROS
2329802918,5238449680,0,173.76100000000002,0,4,35.203348837209305,0.028401103489097232,0.012221779936436129,-3.25276900060682e-18,0.00021975601451935944,PARELHEIROS
2329802931,2329802971,0,216.1,0,4,37.28111627906977,0.02681824079526514,4.5557334189811215e-07,1.2808385138529294e-17,0.0001835260035530089,PARELHEIROS
2329802931,2329803025,0,62.412,0,4,37.27888372093023,0.026819846886322576,0.0036139494279422493,7.411719323873202e-18,0.00018379498432015824,PARELHEIROS
2329802955,2329802971,0,51.668,0,4,37.27758139534884,0.026820783861613937,0.00046696267544556495,1.5379513549581442e-17,0.00018398811818414167,PARELHEIROS
2329802958,8941299656,0,208.73700000000002,0,4,35.42511627906977,0.028223307599390787,0.03212179297722304,-1.8103878766334838e-19,0.00022020593988584814,PARELHEIROS
2329802958,8350256142,0,477.11499999999995,0,4,35.08167441860465,0.02849960756029783,0.01087009383102443,-3.190048538029773e-18,0.00021243036878929868,PARELHEIROS
2329802971,2329803030,0,46.354,0,4,36.28893023255814,0.0275514860063675,0.000942353457716245,1.3631794450507217e-17,0.00017987412958450914,PARELHEIROS
2329802973,2329803157,0,99.255,0,2,37.18753488372093,0.026885728150968315,0.0004772130756382725,-9.04612886525403e-18,0.00012610010808677968,PARELHEIROS
2329802976,2329803199,0,113.89,0,5,37.63944186046512,0.026562932500296572,0.0033890100903800563,-1.2366514630689814e-17,0.00024591364480945177,PARELHEIROS
2329802978,2329803058,0,179.147,0,3,36.6606511627907,0.027272127520286626,0.0004772130756382725,-2.4999920321432147e-17,0.00014834290194138308,PARELHEIROS
2329802996,2329803040,0,250.73600000000002,0,4,39.88706976744186,0.02506611689747333,0.005015293027620842,3.6235750847288755e-18,0.00019568648394880414,PARELHEIROS
2329803010,5052297973,0,18.842,0,2,43.226418604651165,0.023129696740150297,0.0004772130756382725,5.393882395813207e-18,0.00014703663166834157,PARELHEIROS
2329803025,2329803240,0,73.463,0,4,37.27348837209302,0.026823729067358807,0.008590177041495329,3.1305848504647017e-18,0.0001851698976874676,PARELHEIROS
2329803025,2329803030,0,183.74099999999999,0,4,36.287069767441864,0.027552898591592625,0.012638515650937427,8.913380390709104e-18,0.0001801431103516585,PARELHEIROS
2329803030,2329803171,0,12.549,0,5,35.29953488372093,0.028323714654649907,0.014012980423444031,1.4471661826139392e-17,0.0002103487171016887,PARELHEIROS
2329803032,2329803240,0,100.246,0,4,38.264186046511625,0.026129236155005592,2.3917600449650886e-06,2.450935722517225e-18,0.00018669481346361846,PARELHEIROS
2329803034,2514281806,0,8.656,0,4,38.524279069767445,0.025952827090617574,0.10057328210411104,1.2054507902820503e-17,0.0001816900950235895,PARELHEIROS
2329803034,5052297981,0,38.039,0,4,39.23311627906977,0.02548392909644439,0.004286717360590287,1.0044590865185811e-17,0.00020130481188824215,PARELHEIROS
2329803034,5052297961,0,65.705,0,5,38.886883720930236,0.025710827348971614,0.09893663487334206,2.3297466386900066e-17,0.00020764954177876184,PARELHEIROS
2329803040,2329803150,0,68.203,0,4,39.57897674418604,0.025261238054499216,0.00686070674231462,-4.451137377859373e-18,0.0001915870123059191,PARELHEIROS
2329803040,2329803165,0,73.416,0,4,40.23386046511628,0.024850062656931335,0.0016663733913278196,-6.2997566103188124e-18,0.00019428023939540776,PARELHEIROS
2329803056,8945679821,0,235.526,0,2,34.95609302325581,0.028601993730340787,0.0004772130756382725,-6.599425616374109e-18,0.00011662294470210456,PARELHEIROS
2329803058,2329803199,0,90.324,0,6,36.65376744186047,0.027277249332534743,0.0037634913774203045,-1.973469774337097e-17,0.0002789602493748277,PARELHEIROS
2329803058,13322380591,0,535.744,0,3,36.6606511627907,0.027272127520286626,0.0004772130756382725,-1.3991946616510488e-17,0.00014834290194138308,PARELHEIROS
2329803130,5052297973,0,61.485,0,2,43.226418604651165,0.023129696740150297,0.0004772130756382725,9.838515680059913e-19,0.00014703663166834157,PARELHEIROS
2329803157,7953480688,0,854.2799999999999,0,4,37.16279069767442,0.02690362953692115,0.010631373399869819,-1.3892497335053649e-19,0.00022864153202554387,PARELHEIROS
2329803157,5238449680,0,174.15800000000002,0,4,36.19293023255814,0.027624564992777722,0.011424298801443484,-2.238354374151525e-18,0.000229456678358722,PARELHEIROS
2329803165,2329803234,0,304.54499999999996,0,4,41.22883720930233,0.024250355362018004,0.0011572701817566793,-8.046868691024119e-18,0.00020100475194155407,PARELHEIROS
2329803171,7981038072,0,7.293,0,5,34.818232558139535,0.02871524141321307,0.0018283297143725987,1.7501114421377293e-17,0.00020833990691294414,PARELHEIROS
2329803171,4232363642,0,96.791,0,5,35.04613953488372,0.028528504615841974,0.008021165937464585,1.0114471440330762e-17,0.00021187206941336394,PARELHEIROS
2329803171,7984876188,0,433.207,0,5,34.565581395348836,0.028925130523709566,0.005020418227717196,1.1624222284194047e-17,0.00020586032476819247,PARELHEIROS
2329803199,5846948614,0,279.273,0,3,37.64632558139535,0.02655807540437561,0.0004772130756382725,-1.9326362930176156e-17,0.00015244804493240785,PARELHEIROS
2329803234,5846948383,0,160.64599999999996,0,4,41.38790697674418,0.02415715184752315,0.0009684350315399119,-4.441202125088046e-18,0.000214125612654758,PARELHEIROS
2329803234,5846948645,0,265.259,0,4,41.23106976744186,0.024249042266613122,0.00011366554880357899,-8.03440570048307e-18,0.0002089024098081288,PARELHEIROS
2330727205,2330727358,0,210.069,0,4,36.59069767441861,0.027324265920935554,0.00305029131067881,4.972167346256325e-18,0.00018418593815322032,PARELHEIROS
2330727206,2330727464,0,385.605,0,4,39.91888372093023,0.025046140079416863,0.0019755937971411633,4.369592140143069e-18,0.00021337317098623346,PARELHEIROS
2330727206,2330727400,0,241.693,0,2,40.56260465116279,0.024648662532565223,0.0004772130756382725,2.4743092418444117e-18,0.00012027110320995713,PARELHEIROS
2330727206,2330727393,0,195.083,0,4,40.02139534883721,0.02498198637937847,0.0021785517209567725,2.534174084201852e-18,0.00022032120230331662,PARELHEIROS
2330727207,2330727446,0,135.125,0,2,39.117953488372095,0.02555895348118273,0.0004772130756382725,3.580852348795836e-19,0.00012050640209407363,PARELHEIROS
2330727212,5209429427,0,57.758,0,4,34.796837209302325,0.028732897403132066,0.051231841843158626,1.0455917199422772e-18,0.00019532488244325082,PARELHEIROS
2330727212,5209429428,0,75.705,0,4,34.44167441860465,0.029029191244787277,0.05319046553331409,3.814100552848971e-18,0.00020459822280449188,PARELHEIROS
2330727212,7886753009,0,52.094,0,4,35.118511627906976,0.028469713183797585,0.001926733556222591,3.408182578255973e-18,0.0001982520820192467,PARELHEIROS
2330727233,2330727477,0,193.157,0,4,37.13246511627907,0.02692560136682249,0.030570679641395444,-1.5045234952620535e-18,0.00019293482250502163,PARELHEIROS
2330727233,2330727319,0,60.760000000000005,0,2,37.48390697674419,0.026673152137227263,0.0004772130756382725,-7.848080644584499e-19,0.00011111402506854431,PARELHEIROS
2330727233,5052294467,0,74.385,0,4,36.83144186046512,0.027145664220155682,0.03089664236752354,-1.2265658933208417e-18,0.00019614075609696252,PARELHEIROS
2330727234,7885799673,0,10.69,0,4,38.79237209302325,0.02577346781194097,0.11365575397672817,2.938254143083123e-18,0.0001998932157185399,PARELHEIROS
2330727234,2330727446,0,327.4359999999999,0,4,38.584,0.02591265689115623,0.041855117426876205,4.6501210437072246e-18,0.00021125850112687928,PARELHEIROS
2330727235,2330727389,0,31.902,0,4,35.36279069767442,0.028273050111797975,0.0011135351409344606,1.5446488995238246e-18,0.00020666557915057545,PARELHEIROS
2330727235,2330727308,0,130.159,0,4,34.943627906976744,0.02861219665427905,0.0005942954245060873,4.295373191659986e-18,0.00020015137029365194,PARELHEIROS
2330727235,2330727246,0,29.564,0,4,35.39739534883721,0.02824541025223246,0.0019294669962739795,4.788378033615657e-18,0.00020725118436335627,PARELHEIROS
2330727246,7886752999,0,28.77,0,2,36.10976744186046,0.027688185893142356,0.0004772130756382725,1.2643123627149877e-18,0.00011582303343672404,PARELHEIROS
2330727246,7886753009,0,34.952999999999996,0,4,35.78809302325581,0.0279370558481189,0.0023761566580050783,3.7411495859388565e-18,0.00020471796725525374,PARELHEIROS
2330727253,2330727473,0,55.652,0,4,39.373023255813955,0.025393375230354863,0.0008307379889512075,-6.060193531330805e-18,0.0001823012246890857,PARELHEIROS
2330727253,5207512957,0,203.23399999999998,0,4,39.029023255813954,0.02561719126136304,0.00022414208421387118,-5.2272249549131375e-18,0.00018361788163806346,PARELHEIROS
2330727261,4655014908,0,107.90800000000002,0,4,39.78437209302326,0.025130821498215963,0.0040814815700651865,-2.354761648414689e-18,0.00017951330845811746,PARELHEIROS
2330727261,2330727466,0,142.981,0,5,40.08204651162791,0.024944184254621915,0.0031910634733253265,-6.3193174868468036e-18,0.00022549061564760902,PARELHEIROS
2330727261,2330727342,0,89.405,0,4,40.711441860465115,0.02455854933645304,0.0006359803852897646,-7.25058707952124e-18,0.0001896292749472937,PARELHEIROS
2330727262,2330727318,0,171.02999999999997,0,4,39.095627906976745,0.025573548936656212,0.0011603453018144917,3.1085385153411215e-18,0.00020198932221718297,PARELHEIROS
2330727262,2330727429,0,90.088,0,4,39.434046511627905,0.025354079581803943,0.018105737433721198,-3.642148783069506e-19,0.00019480939521517303,PARELHEIROS
2330727269,5209429426,0,185.72299999999998,0,4,35.754046511627905,0.027963658691421495,0.0001588812029869666,-1.3816668937721982e-18,0.00018908118788824035,PARELHEIROS
2330727269,2330727428,0,97.98799999999999,0,4,36.39646511627907,0.02747008398464456,0.0014008880263366949,-3.2248119931934445e-18,0.00018875515369755705,PARELHEIROS
2330727269,2330727331,0,97.78800000000001,0,4,36.093581395348835,0.027700602568001526,0.001400090772988373,4.7575111482390215e-18,0.00018700538106913492,PARELHEIROS
2330727278,2330727469,0,157.47,0,2,36.85637209302325,0.027127302463869806,0.0004772130756382725,-2.3524472178923808e-18,0.00011371586352128374,PARELHEIROS
2330727278,2330727380,0,116.769,0,4,36.32372093023256,0.027525097316123744,0.0007703745211497077,-3.238703692902447e-18,0.00020079842327773922,PARELHEIROS
2330727278,2330727387,0,287.71200000000005,0,4,36.38176744186047,0.027481181476026836,0.00018382384345588825,-3.557349137673425e-18,0.00020116940747972115,PARELHEIROS
2330727308,5209429425,0,351.163,0,4,34.85488372093023,0.028685046304945422,0.002374334364637486,2.5584130466677466e-18,0.00019456234697836418,PARELHEIROS
2330727318,7885709908,0,74.465,0,4,39.1406511627907,0.02554413183700049,0.0014758298410789343,-2.2697996636091558e-18,0.0002012754189761083,PARELHEIROS
2330727318,7889897883,0,37.157,0,2,39.63888372093023,0.025223060279077628,0.0004772130756382725,2.6556472807960982e-18,0.0001140355868170024,PARELHEIROS
2330727326,2330727466,0,44.498999999999995,0,5,39.264,0.025463884308485434,0.003196530353428104,-7.252775269304521e-18,0.00022686606724859693,PARELHEIROS
2330727326,5052304842,0,88.699,0,4,38.72111627906977,0.025820896956651258,0.09526266365760475,1.1675224564963074e-18,0.00018642190399577568,PARELHEIROS
2330727326,2330727462,0,267.72400000000005,0,4,39.053023255813955,0.025601448239721786,0.09755283084732655,-8.189259916689068e-18,0.00019121193720405676,PARELHEIROS
2330727331,2330727358,0,90.757,0,4,36.25544186046512,0.027576934721587905,0.002497453060285451,-2.61637989170941e-18,0.00018409895260229143,PARELHEIROS
2330727331,2330727353,0,149.48000000000002,0,4,36.541953488372094,0.027360714412997103,0.001558402509297967,2.54959294207369e-18,0.00018717895710138993,PARELHEIROS
2330727336,2330727462,0,145.80599999999998,0,4,39.67572093023256,0.02519964174681253,0.000593156491151342,-1.9881401564519533e-18,0.00020237844443745783,PARELHEIROS
2330727336,7885709921,0,254.239,0,4,39.86958139534884,0.025077111885729753,0.0003610418734542539,1.0376637931301172e-18,0.00020362413707063497,PARELHEIROS
2330727336,5846950112,0,126.516,0,2,40.287255813953486,0.02481712723511157,0.0004772130756382725,-4.8838499033426525e-18,0.00011461179147090221,PARELHEIROS
2330727339,7885709908,0,3.666,0,4,38.93079069767442,0.0256818301290782,0.0024205750588401445,-3.77259134899202e-18,0.00019168309539333098,PARELHEIROS
2330727339,2330727422,0,130.327,0,4,38.799255813953486,0.0257688951118698,0.0016941633651836045,-2.3168832479334915e-18,0.00018707609417649434,PARELHEIROS
2330727341,7885709921,0,21.102,0,4,39.44855813953488,0.02534475277783018,0.09718108300033769,-1.3378224832159472e-18,0.00019870431176635965,PARELHEIROS
2330727341,5846950026,0,144.01999999999998,0,4,39.566511627906976,0.025269196407579818,0.0961003491400199,-4.056040495816619e-18,0.00020500896661330964,PARELHEIROS
2330727341,2330727421,0,58.199,0,4,39.456930232558136,0.025339375050098784,0.001090528687168606,3.2126975463674582e-18,0.00019606961346750092,PARELHEIROS
2330727342,2330727466,0,169.21499999999997,0,5,40.1746976744186,0.024886657806139696,0.0003182179793158313,-7.64848952607672e-18,0.00023189974406338966,PARELHEIROS
2330727342,2330727385,0,120.54599999999999,0,2,41.0813023255814,0.02433744542869047,0.0004772130756382725,-8.684765179341483e-18,0.00010794262713972022,PARELHEIROS
2330727345,2330727353,0,127.78099999999998,0,4,36.034232558139536,0.02774622581111501,0.00047664360896089984,-6.323028566077341e-19,0.00019161644992870148,PARELHEIROS
2330727345,2330727389,0,296.21500000000003,0,4,35.716093023255816,0.02799337410274308,0.0006718567859642409,5.331832726152988e-18,0.00020241804672168343,PARELHEIROS
2330727345,5209429426,0,136.70700000000002,0,4,35.70772093023256,0.027999937476879472,0.00022004192413678817,3.384652982333215e-18,0.000192564352359004,PARELHEIROS
2330727352,2330727468,0,44.371,0,4,38.18902325581395,0.026180663139536018,0.0003764174737433152,4.1849533715158424e-18,0.00019536658262082527,PARELHEIROS
2330727352,5052304842,0,245.22799999999998,0,4,38.44427906976744,0.0260068332058963,0.09543555374085508,1.0935859166425657e-18,0.00018779291456343978,PARELHEIROS
2330727352,7333070646,0,25.848,0,4,38.184372093023256,0.026183852154296656,0.09554136064951091,8.979939819928006e-18,0.0001838914161301576,PARELHEIROS
2330727353,2330727420,0,323.01200000000006,0,4,35.732093023255814,0.027980839321045507,0.0010667249800544296,-5.440163568485361e-19,0.0001875614069263717,PARELHEIROS
2330727358,2330727474,0,92.333,0,4,36.42641860465116,0.0274474953011359,0.005389660421325616,3.821989844453204e-18,0.000177227440960037,PARELHEIROS
2330727374,2330727466,0,32.688,0,3,40.17506976744186,0.024886427311163698,0.0004772130756382725,-7.978913019207994e-18,0.00014438092140374708,PARELHEIROS
2330727380,5209429425,0,13.031,0,4,35.503627906976746,0.028160895447304435,0.0024771800465709847,-4.255039070629518e-18,0.00019348648873952968,PARELHEIROS
2330727380,2330727428,0,143.617,0,4,36.03590697674419,0.027744936574889127,0.0023541752442584945,-3.077484460737181e-18,0.000192140259427036,PARELHEIROS
2330727389,2330727445,0,182.12299999999996,0,2,36.0413023255814,0.027740783184150485,0.0004772130756382725,6.805855365581339e-19,0.00011523742822394317,PARELHEIROS
2330727393,5846949368,0,84.157,0,4,40.44037209302326,0.024723164049740762,0.0014309558669019702,3.776295649041748e-18,0.00023764949252151022,PARELHEIROS
2330727406,5846948845,0,78.214,0,5,37.474976744186044,0.026679508310661876,0.006827222101685109,-4.707054261694245e-19,0.000211985155413246,PARELHEIROS
2330727406,2330727432,0,272.23199999999997,0,5,38.02939534883721,0.026290556142616727,0.0003019312323429738,-9.989421299362039e-19,0.00021336349862509612,PARELHEIROS
2330727406,2330727477,0,83.26599999999999,0,5,37.40762790697674,0.026727542200073607,0.030741291857936285,4.666677183138545e-19,0.00021668471975039966,PARELHEIROS
2330727420,5209429427,0,167.239,0,4,35.12744186046512,0.0284624755044754,0.051870100095157884,-1.1332267537637264e-18,0.00018965811110967403,PARELHEIROS
2330727420,2330730426,0,323.01700000000005,0,4,35.44948837209302,0.028203903621792686,0.05077626850126051,-6.971195645286199e-18,0.0001832731354779809,PARELHEIROS
2330727421,7885709908,0,185.15099999999998,0,4,39.439813953488375,0.025350371953261727,0.0008030619084308972,5.462685821464465e-18,0.0001941822808317095,PARELHEIROS
2330727421,2330727429,0,94.054,0,4,39.435906976744185,0.02535288345410628,0.0009434923910709902,4.265427412990663e-18,0.00019323330711586644,PARELHEIROS
2330727422,5207512957,0,87.987,0,4,39.26046511627907,0.025466176993247245,0.001441889627107525,-1.6782065623620058e-18,0.00018532070947506474,PARELHEIROS
2330727422,5207512948,0,140.447,0,4,38.70009302325581,0.025834923778802286,0.0006777792394089164,-7.312653188666528e-18,0.00018492285864326816,PARELHEIROS
2330727429,5207512936,0,56.539,0,4,39.49395348837209,0.025315620878085546,0.018429422293139805,1.91520571320366e-18,0.00019421319112276295,PARELHEIROS
2330727432,2330727473,0,124.01899999999999,0,4,38.688186046511625,0.025842874935681343,0.00018268491010114298,-3.707810372916703e-18,0.00017999502442181815,PARELHEIROS
2330727432,5846952047,0,70.44800000000001,0,4,38.67702325581396,0.025850333591483917,1.0819866870080163e-05,5.349268758664319e-19,0.00018031833698471179,PARELHEIROS
2330727441,2330727468,0,160.31,0,2,38.542697674418605,0.025940424874618062,0.0004772130756382725,2.6274406026446722e-18,0.00011111508918738969,PARELHEIROS
2330727446,5846948756,0,511.394,0,4,38.61376744186047,0.025892680764542347,0.0411209609864074,-2.2044937431519985e-19,0.00022185418049074155,PARELHEIROS
2330727455,5846950155,0,406.78099999999995,0,2,40.53581395348837,0.02466495318523958,0.0004772130756382725,2.6758893915869027e-18,0.0001171690145781761,PARELHEIROS
2330727462,7885709921,0,176.78300000000002,0,4,39.288,0.02544832909510212,0.0968152576067935,-3.0682156450769005e-18,0.000197343799938018,PARELHEIROS
2330727464,7885799673,0,45.962,0,4,39.50716279069768,0.025307156547414424,0.002456451459514621,-2.508605495225305e-19,0.00020224318446201056,PARELHEIROS
2330727464,5846950155,0,233.48800000000003,0,4,39.912,0.02505045984887683,0.0003230014994057615,4.150903415052777e-18,0.00021027108235445246,PARELHEIROS
2330727473,5207512948,0,37.539,0,4,39.013209302325585,0.025627575156416907,0.0006118349981691646,-3.4398455287810937e-18,0.00018309644791308693,PARELHEIROS
2330727474,2513877110,0,17.442999999999998,0,5,36.87404651162791,0.02711429984157257,0.0015602248026655595,-8.068077816765689e-18,0.00020326690647998842,PARELHEIROS
2330727474,2330730427,0,33.091,0,4,36.74083720930233,0.02721260671858701,0.0037818282044317034,3.267370385906601e-19,0.00017278730279721502,PARELHEIROS
2330727477,5846952055,0,198.49,0,4,37.72186046511628,0.02650489507040517,0.00032732944615379355,-8.762095428540405e-19,0.00018441937235576732,PARELHEIROS
2330727479,8365176804,0,24.754,0,5,37.46046511627907,0.02668984355599702,0.002270577536020191,-4.57696741222238e-18,0.0001999156414085183,PARELHEIROS
2330727479,2330753492,0,121.769,0,5,37.16539534883721,0.026901744057988425,0.002321032283635407,-2.4194944115206457e-18,0.00020610739998581603,PARELHEIROS
2330727479,2330730423,0,238.51999999999998,0,5,36.99776744186047,0.027023629332756722,0.0004591040352978225,-8.907780600303722e-18,0.0002031611723293654,PARELHEIROS
2330727479,2513877110,0,26.860999999999997,0,6,36.84762790697675,0.027133739952336713,0.0009815327651194825,-9.61598869087387e-18,0.0002337421004745568,PARELHEIROS
2330727480,5238450109,0,9.815,0,4,38.93767441860465,0.025677289884848773,0.09228594744164248,-4.960214020132752e-18,0.0002196604664326361,PARELHEIROS
2330727480,5846948756,0,431.65000000000003,0,4,38.55404651162791,0.02593278900534677,0.04138132115130217,-1.9020223300055337e-18,0.00021769161853125188,PARELHEIROS
2330727480,8945679842,0,88.7,0,4,38.34753488372093,0.0260724439398791,0.13201672637524778,-7.692166126310388e-18,0.00020647272618481857,PARELHEIROS
2330730423,2330730429,0,46.446,0,4,36.70623255813953,0.027238261292676993,0.0003120677392002068,-4.101785069160608e-18,0.00017108317294031326,PARELHEIROS
2330730423,2330753531,0,7.669,0,4,37.35869767441861,0.026762548368301272,0.0005032946494619394,-6.044186673669801e-18,0.00017513218599706464,PARELHEIROS
2330730426,2330753460,0,52.61,0,4,35.80260465116279,0.027925732309978746,0.05020122105044962,-6.6774323702256426e-18,0.00017895061218994342,PARELHEIROS
2330730426,2330730429,0,193.09599999999995,0,4,36.069581395348834,0.027719034011780847,0.0005960038245382052,-6.484274066562314e-18,0.0001754106726530868,PARELHEIROS
2330730427,8365176804,0,15.543,0,4,37.38381395348837,0.026744567976191663,0.0029398147752685176,-3.8097726347296494e-18,0.00016914332693297452,PARELHEIROS
2330730427,5846948845,0,16.804000000000002,0,4,37.02251162790698,0.027005567951114594,0.0066904362057802,-4.509532149794768e-18,0.00017425183484144846,PARELHEIROS
2330730429,2513877110,0,265.834,0,5,36.65767441860465,0.027274342121958027,0.0003046646723943625,-6.245886311518113e-18,0.0002026219274489114,PARELHEIROS
2330753460,2330753531,0,192.894,0,4,36.4606511627907,0.027421725109197045,0.0015976957100366793,-6.273809555952568e-20,0.00017867997930637048,PARELHEIROS
2330753460,2330753529,0,52.366,0,5,36.15255813953488,0.027655413750514616,0.04864475472785472,-2.108192451840253e-18,0.0002176718124042217,PARELHEIROS
2330753463,2330753656,0,141.762,0,4,37.00781395348837,0.027016293227828694,0.0005522687837159865,-8.54987131385161e-18,0.00018307212355278475,PARELHEIROS
2330753463,2330753680,0,59.648,0,4,37.42120930232558,0.02671784189043398,0.0008070481751725057,-3.549637260047045e-18,0.00018268406176079446,PARELHEIROS
2330753463,2330753508,0,43.649,0,4,37.55069767441861,0.026625709118834693,0.0008326741756542745,-1.475921787227419e-18,0.00018813732180062614,PARELHEIROS
2330753491,5846948883,0,6.154,0,4,37.10493023255814,0.026945582358515636,0.0021999636680259836,-3.0933379131122035e-18,0.00018690263063712186,PARELHEIROS
2330753491,5052323409,0,792.2570000000001,0,4,36.65953488372093,0.027272957953766906,0.047663335856070715,-5.031450613547518e-18,0.00019137057118494765,PARELHEIROS
2330753491,2330753678,0,53.42,0,4,36.65153488372093,0.027278910874001278,0.04899679902780649,-6.7667851417076285e-18,0.00018764157622246493,PARELHEIROS
2330753492,2330753640,0,54.068999999999996,0,4,37.73041860465116,0.026498883141601867,0.0023202350302870853,2.7285894202588062e-18,0.00018263304881313287,PARELHEIROS
2330753492,2330753498,0,149.82999999999998,0,4,37.29339534883721,0.026809410731746253,0.0004595596086397206,-5.137572547305768e-19,0.00017936093831045976,PARELHEIROS
2330753498,5846948883,0,312.53299999999996,0,4,37.435162790697674,0.026707883149283847,0.0001210686156094233,-5.795414854158017e-19,0.00018364197082185863,PARELHEIROS
2330753498,5846948790,0,160.71900000000002,0,4,37.670139534883724,0.026541286170774954,0.00010546522864941297,-7.097982915172388e-19,0.00018187565320481328,PARELHEIROS
2330753504,5207512959,0,88.36699999999999,0,4,40.25655813953488,0.02483605155768351,0.0018999686223860766,4.3928767495343026e-18,0.0001890320822316816,PARELHEIROS
2330753504,2330753526,0,134.30200000000002,0,4,39.97060465116279,0.025013731020936316,0.0002855305920346418,1.1399377437549825e-17,0.00018168276233896356,PARELHEIROS
2330753508,2330753678,0,148.74499999999998,0,4,37.10493023255814,0.026945582358515636,0.0014953056014450786,-4.603635339724327e-18,0.000189169529065171,PARELHEIROS
2330753508,2330753669,0,128.53699999999998,0,4,38.054697674418605,0.026273075719649562,0.0008961127635135866,1.6075681369593536e-18,0.00019784867545042506,PARELHEIROS
2330753526,5207512958,0,214.599,0,4,40.38641860465116,0.024756192503121013,7.516960141318851e-06,9.827713774576356e-18,0.00018570222709990674,PARELHEIROS
2330753526,5207512966,0,71.843,0,5,39.70437209302325,0.02518145737567417,0.0002071719772281665,9.138028099989824e-18,0.00020929265658668484,PARELHEIROS
2330753529,13322380592,0,108.933,0,3,36.80502325581396,0.02716514934766235,0.0004772130756382725,-6.99496657530724e-18,0.00013935088758887433,PARELHEIROS
2330753529,2330753680,0,146.23499999999999,0,5,36.7906976744186,0.027175726927939316,0.0005196952897702714,-4.250209359897145e-18,0.00021907037313771975,PARELHEIROS
2330753529,2330753656,0,58.144,0,5,36.44093023255814,0.027436565068667994,0.04820501255958757,-6.277206583744932e-18,0.00021947330572185737,PARELHEIROS
2330753531,2330753655,0,50.204,0,4,37.40520930232558,0.026729270391389334,0.0015319792554678766,-2.492137971395408e-18,0.00018129413140897374,PARELHEIROS
2330753536,5308680164,0,253.95800000000003,0,4,37.87888372093023,0.026395021586550032,0.0003241404327605068,-1.2685754609908357e-17,0.00018663765132554398,PARELHEIROS
2330753536,5308703560,0,302.11100000000005,0,4,38.160558139534885,0.026200192089238614,0.0003499942199132247,-9.076322321426844e-18,0.00018742588734161388,PARELHEIROS
2330753536,5499715235,0,170.14399999999998,0,4,37.976,0.026327521421117866,0.0004725434488838168,-2.5419746230850585e-18,0.00020013022601270434,PARELHEIROS
2330753557,2330760187,0,77.04199999999999,0,4,36.68372093023256,0.027254976543679473,0.0026416420229962035,-2.5035778222182595e-18,0.00017708781304382902,PARELHEIROS
2330753557,2330760296,0,168.219,0,4,36.308837209302325,0.027536380405820866,0.04033122459822702,-2.4026212975547227e-18,0.00017561030202937355,PARELHEIROS
2330753566,2330753669,0,33.349,0,2,38.483348837209306,0.025980430074257425,0.0004772130756382725,3.738471187365124e-18,0.00011225365678374402,PARELHEIROS
2330753587,7070747006,0,99.671,0,2,39.626418604651164,0.025230994591346152,0.0004772130756382725,-5.862163159971471e-18,0.00011101455662734851,PARELHEIROS
2330753587,7070718968,0,41.54900000000001,0,4,38.76353488372093,0.0257926413699761,0.027701478734121134,-7.272683593965894e-19,0.00019613075007629928,PARELHEIROS
2330753640,2330753669,0,58.652,0,4,37.901767441860464,0.0263790852239817,0.0013701368257585723,7.390879690147403e-19,0.0001963321732951288,PARELHEIROS
2330753640,2330753655,0,78.299,0,4,37.6813023255814,0.02653342352261562,0.0019191027027457973,3.3307300456379098e-18,0.00018606052219309073,PARELHEIROS
2330753642,5207512958,0,103.98500000000001,0,4,41.38493023255814,0.024158889428350507,0.0009541983646055959,7.568261448818636e-18,0.00019931510589222618,PARELHEIROS
2330753642,5207512959,0,349.655,0,4,41.25506976744186,0.02423493546670515,0.0,-1.826009325073488e-18,0.0001999220027082292,PARELHEIROS
2330753642,5506431938,0,52.516999999999996,0,2,41.968,0.02382324517461809,0.0004772130756382725,3.0351664203139306e-18,0.00011337518148978015,PARELHEIROS
2330753655,2330753680,0,50.888999999999996,0,4,37.733395348837206,0.026496792675170227,0.0011572701817566793,3.110476575904415e-19,0.00018212376430855532,PARELHEIROS
2330753656,2330753678,0,75.167,0,4,36.567627906976746,0.027341504240629658,0.047721535350498195,-7.195215233514113e-18,0.00018410433081732968,PARELHEIROS
2330760144,5052323407,0,46.998,0,4,37.76520930232558,0.02647447139732398,0.005705600533931957,6.861582357922199e-18,0.0001924160485619483,PARELHEIROS
2330760144,2330760153,0,140.238,0,4,38.76,0.02579499364005088,0.00427874482710707,3.008056162791936e-18,0.00020689189751977173,PARELHEIROS
2330760144,5052317605,0,136.627,0,4,38.76167441860465,0.025793879353377108,0.0009521482845670544,6.129961363836277e-18,0.00021070175624470476,PARELHEIROS
2330760151,5308664181,0,98.096,0,2,38.138418604651164,0.026215401426383213,0.0004772130756382725,4.065199274134507e-18,0.00010999702979768842,PARELHEIROS
2330760153,2330760250,0,328.38800000000003,0,4,39.755162790697675,0.025149285861365382,0.0028566726403721123,5.812697732507475e-18,0.00022056342196094547,PARELHEIROS
2330760153,2330760155,0,47.553,0,4,39.756651162790696,0.025148344346068174,0.0009553372979603412,5.908523519889311e-18,0.00021768204710004882,PARELHEIROS
2330760154,2330760209,0,39.645,0,4,38.61302325581396,0.025893179792334194,0.0017035026186925158,1.8359569491739225e-18,0.0001998024572960217,PARELHEIROS
2330760154,2330760176,0,99.92599999999999,0,5,37.616,0.026579486215662806,0.002329004817118624,-3.798051100229389e-18,0.00022178008126007807,PARELHEIROS
2330760154,2330760172,0,108.73,0,4,38.61172093023256,0.025894053137256793,0.003119082885305425,-1.988328076541731e-18,0.00020740240976971992,PARELHEIROS
2330760155,2330760203,0,36.958,0,2,40.755720930232556,0.024531867690425542,0.0004772130756382725,-1.7684274530707173e-18,0.00012177561319389875,PARELHEIROS
2330760155,5052317605,0,146.353,0,4,39.75851162790698,0.025147167551075798,2.0500800385415046e-06,5.2336275811898726e-18,0.0002214919058249818,PARELHEIROS
2330760163,2330760185,0,34.121,0,2,40.522604651162794,0.02467299331065291,0.0004772130756382725,5.174101420338714e-18,0.00013137220523029087,PARELHEIROS
2330760165,2330760229,0,129.484,0,4,38.52669767441861,0.025951197840458566,0.004050274796145166,1.1644691304797656e-18,0.00020416771852694703,PARELHEIROS
2330760165,2330760177,0,113.682,0,4,38.01674418604651,0.026299305079769013,0.003908819273485803,6.767370102478996e-20,0.0001856473268682382,PARELHEIROS
2330760165,2330760191,0,462.5339999999999,0,4,37.98418604651163,0.02632184752528592,0.0035395770798773824,3.77977847483086e-18,0.00019460308230194212,PARELHEIROS
2330760168,5052325098,0,68.869,0,2,41.521674418604654,0.024079326459926786,0.0004772130756382725,1.2041631865792592e-18,0.00014412270254775885,PARELHEIROS
2330760169,2330760172,0,33.521,0,4,39.4653023255814,0.02533399960400894,0.003271016594828445,1.1319701128274648e-18,0.00022485533972429854,PARELHEIROS
2330760169,2330760217,0,34.867,0,4,40.01990697674419,0.024982915479273105,0.0034234058776933638,-1.6227976643059475e-18,0.00022857816280753385,PARELHEIROS
2330760169,2330760190,0,107.98700000000001,0,2,40.312,0.024801894063513893,0.0004772130756382725,-1.972763930650045e-18,0.00012514749822912624,PARELHEIROS
2330760172,2330760200,0,44.988,0,2,39.609302325581396,0.02524189760450916,0.0004772130756382725,1.2685446189476024e-18,0.00012027264286690197,PARELHEIROS
2330760174,2330760187,0,93.173,0,4,37.197767441860464,0.026878332283007733,0.003029790510293395,-3.258268647482433e-18,0.0001787734729509937,PARELHEIROS
2330760174,5308668327,0,130.755,0,4,37.40595348837209,0.02672873861641226,0.002226842495197972,-1.0455726676274608e-18,0.0001777172407805964,PARELHEIROS
2330760176,2330760201,0,272.058,0,6,37.02772093023256,0.027001768630918885,0.005828833122915396,-2.316197006665703e-19,0.00024925810543462113,PARELHEIROS
2330760176,2330760177,0,236.47400000000002,0,5,37.46213953488372,0.0266886506190436,0.006702281112669552,-1.575846132073055e-18,0.00021300613354235064,PARELHEIROS
2330760176,5308668327,0,158.265,0,5,37.32111627906977,0.026789497559832703,0.002282422442909542,-1.6230663906404587e-18,0.00021198573647977022,PARELHEIROS
2330760177,13041665794,0,124.262,0,4,38.28223255813953,0.026116918650706866,0.010098352589849029,-5.455570072732058e-18,0.00017666692874592882,PARELHEIROS
2330760180,2330760260,0,164.199,0,2,39.43088372093023,0.025356113257934992,0.0004772130756382725,4.969146061615406e-19,0.00012496161828368322,PARELHEIROS
2330760182,2330760226,0,124.98800000000001,0,4,42.41320930232558,0.023573173780875638,5.922453444675458e-06,-5.29664576106875e-18,0.0002402771561261412,PARELHEIROS
2330760182,5052323715,0,84.58599999999998,0,4,41.41879069767442,0.024139139184102487,0.0009560206579731883,-2.118886799744818e-19,0.00024054848272140147,PARELHEIROS
2330760182,7886218995,0,122.32300000000001,0,2,42.415813953488374,0.02357172621005768,0.0004772130756382725,3.4136531478211287e-18,0.0001306747703822504,PARELHEIROS
2330760185,5052325098,0,45.301,0,4,40.522232558139535,0.02467321986896656,0.0014309558669019702,-3.1711053474940772e-18,0.00025493010640632,PARELHEIROS
2330760185,2330760229,0,129.66299999999998,0,4,39.52353488372093,0.025296673398010724,0.0023837875114818717,-1.5052408772096011e-18,0.00022864820814335257,PARELHEIROS
2330760187,2330760296,0,227.80100000000004,0,4,36.921116279069764,0.027079732528432713,0.0005696944640435893,-3.1108121321302007e-18,0.00017671733416496502,PARELHEIROS
2330760191,7886791109,0,274.70000000000005,0,4,37.84651162790698,0.02641759862357134,0.0037992538847593064,-7.0504690640354705e-19,0.00020141751493557222,PARELHEIROS
2330760201,7958707432,0,743.0989999999999,0,5,36.75460465116279,0.02720241349288303,0.046344906604617576,3.515875924224401e-18,0.00022047181529207926,PARELHEIROS
2330760201,5308664181,0,78.336,0,5,37.13953488372093,0.026920475892298058,0.0021809434810017374,3.4804998641573795e-18,0.00022659979673641427,PARELHEIROS
2330760201,2330760296,0,166.267,0,5,36.53748837209302,0.02736405806842542,0.04074852977940569,6.376390482319011e-18,0.00021352676945245365,PARELHEIROS
2330760209,2330760234,0,391.4950000000001,0,3,39.02195348837209,0.02562183243302518,0.0,9.690045336879388e-19,0.00015939775889804378,PARELHEIROS
2330760209,2330760234,1,145.901,0,3,39.02195348837209,0.02562183243302518,0.0016285608039502764,-9.438882859830707e-19,0.00015939775889804378,PARELHEIROS
2330760211,2330760260,0,60.337,0,4,39.42883720930232,0.025357429339876374,0.0028548503470045197,3.292088546193569e-19,0.00023339842127175669,PARELHEIROS
2330760211,5052323715,0,320.27400000000006,0,4,40.42418604651163,0.024733063328424152,0.001905207715817905,2.3492876586333994e-18,0.0002388753166989541,PARELHEIROS
2330760211,2330760274,0,63.664,0,2,40.42641860465116,0.024731697439390313,0.0004772130756382725,2.4566258750054007e-18,0.0001290016043598031,PARELHEIROS
2330760217,5052325079,0,139.402,0,2,40.520372093023255,0.024674352722948434,0.0004772130756382725,-4.1216754979492e-18,0.00012399546595013726,PARELHEIROS
2330760217,2330760229,0,34.209,0,4,39.522604651162794,0.025297268798779856,0.003578073027267773,6.887036321759491e-19,0.00022127146886319896,PARELHEIROS
2330760226,5052323686,0,99.48599999999999,0,4,41.74623255813953,0.02394980078971059,0.0009564762313150865,-1.208351710896776e-18,0.0002381934317584938,PARELHEIROS
2330760226,5052323659,0,63.352000000000004,0,2,42.74381395348837,0.02339084562215993,0.0004772130756382725,1.4700911868373096e-18,0.00013016718711562046,PARELHEIROS
2330760234,5308664181,0,8.939,0,4,38.13674418604651,0.02621655243066566,0.0018112457140514193,3.666413260382447e-18,0.00020317764549301383,PARELHEIROS
2330760241,5052323686,0,104.384,0,2,41.74827906976744,0.023948626764172427,0.0004772130756382725,-2.9914365285218138e-18,0.000128591046014603,PARELHEIROS
2330760245,5052312692,0,91.212,0,2,38.435348837209304,0.026012875744227698,0.0004772130756382725,2.1213492542649343e-19,0.00011535442868780657,PARELHEIROS
2330760250,5052323686,0,7.02,0,4,40.7506976744186,0.024534891683977447,0.0019070300091854975,1.1697446630620004e-18,0.00023268323269766872,PARELHEIROS
2330760250,8976031324,0,98.854,0,2,40.75274418604651,0.02453365959661441,0.0004772130756382725,-3.8741702853555285e-19,0.00012465698805479538,PARELHEIROS
2330760260,5052312692,0,84.17099999999999,0,4,38.433302325581394,0.026014260888086397,0.003805404124874931,9.60192237273644e-18,0.0002197512455997601,PARELHEIROS
2330760262,2330760282,0,132.328,0,4,37.050232558139534,0.026985362424364157,0.045961541637410314,-8.990530691726347e-19,0.00020409341616476083,PARELHEIROS
2330760262,5308737861,0,707.3830000000003,0,4,37.056,0.026981162389042856,0.0039711189279903695,8.905705246005366e-21,0.00019767471223932856,PARELHEIROS
2330760262,7975632386,0,205.338,0,4,36.88353488372093,0.027107324627110352,0.049737675175068295,-3.768517512239028e-18,0.0002053747783757892,PARELHEIROS
2330760282,7958707432,0,475.819,0,4,37.14623255813954,0.026915621979254838,0.04607110702613681,-4.642802779663515e-19,0.0001975618726202809,PARELHEIROS
2330760282,5311496343,0,325.833,0,2,37.624186046511625,0.026573703209217227,0.0004772130756382725,9.579213890814789e-19,0.00011364472767504085,PARELHEIROS
2331233333,5052339314,0,52.983999999999995,0,4,34.818976744186045,0.028714627682311703,0.051711446678841866,-1.4711736794459285e-18,0.00018638968937293734,PARELHEIROS
2331233333,4339195614,0,252.95800000000003,0,4,34.630883720930235,0.02887058735044939,0.10069366735970761,-6.559439147277573e-18,0.00017950819762261607,PARELHEIROS
2331233333,2331233504,0,33.285,0,5,34.93097674418605,0.028622559306326362,0.13349927592311972,-6.285964522080777e-18,0.0002175858341094922,PARELHEIROS
2331233397,7985124599,0,46.519999999999996,0,4,36.98455813953488,0.027033281017344764,0.014516275072905972,-7.571758307760703e-19,0.00020720170193178414,PARELHEIROS
2331233397,2331233484,0,197.18400000000003,0,4,36.536,0.027365172801849465,0.0005678721706759967,-5.167961680776396e-18,0.00018705293962548538,PARELHEIROS
2331233452,5052335712,0,154.92,0,4,37.18493023255814,0.026887611385457474,0.0029704520825111656,-1.3107457141059605e-18,0.00019852104111341373,PARELHEIROS
2331233484,5306698694,0,96.94800000000001,0,5,36.544,0.027359182177330674,0.01063968761335946,-2.899921091614521e-18,0.00021533413282240598,PARELHEIROS
2331449976,2331450058,0,133.149,0,4,35.584186046511626,0.028097142707761483,0.12354021488255604,-8.735565834590297e-18,0.00019386602763951617,PARELHEIROS
2331449976,5309063831,0,439.395,0,4,35.799255813953486,0.02792834461935028,0.1231040034076886,-2.1517959555521467e-19,0.00020439193624280833,PARELHEIROS
2331449986,2331449987,0,63.102,0,4,34.66455813953488,0.028842541406811865,0.12442015479243224,8.56964087064328e-19,0.00018062671820279376,PARELHEIROS
2331449986,8932619374,0,49.185,0,4,35.010418604651164,0.028557612086236125,0.12384954918170485,-2.6688578484594062e-18,0.0001761537712806288,PARELHEIROS
2331449987,4339195635,0,50.043,0,4,34.290232558139536,0.029157397862297218,0.12348543218819279,5.444656580293174e-18,0.0001867467456371666,PARELHEIROS
2331450033,7984784952,0,67.652,0,4,33.734325581395346,0.029637881779375916,0.003994125381756224,-9.80731269533413e-19,0.0001934221733429328,PARELHEIROS
2331450058,8932619374,0,37.028,0,4,35.31590697674419,0.0283105840704235,0.12362916557756164,-1.2390165641732588e-17,0.0001791707132751703,PARELHEIROS
2331450082,6266892418,0,46.444,0,4,34.418418604651166,0.029048805669219833,0.0014775382411110522,7.513593417809708e-18,0.00019417809799296697,PARELHEIROS
2331450082,6266892390,0,136.229,0,3,34.43274418604651,0.029036720050141563,0.0012094333294040132,6.0307532071887456e-18,0.00015090134480772284,PARELHEIROS
2331450082,6266892390,1,165.637,0,3,34.43274418604651,0.029036720050141563,0.0,7.06773766336632e-18,0.00015090134480772284,PARELHEIROS
2334793594,5515159681,0,427.973,0,4,36.62567441860465,0.027298171825076323,0.09580012630770904,-4.854500083909726e-18,0.00021081530857700335,PARELHEIROS
2334793594,2334793847,0,512.075,0,4,36.70641860465116,0.027238123235528162,0.00441234170961869,-3.8946648049988165e-18,0.00020213556417751632,PARELHEIROS
2334793596,2334793672,0,217.87199999999999,0,4,39.50679069767442,0.025307394901789036,0.0,1.0384177206434917e-17,0.0001910021492306334,PARELHEIROS
2334793596,2334793807,0,42.319,0,4,38.96,0.025662575808223103,0.0001397471226272459,5.613617409176534e-18,0.0001878419987736604,PARELHEIROS
2334793596,2334793735,0,55.613,0,4,39.73506976744186,0.02516200322133573,0.0005474852636260563,3.652044237271316e-18,0.00018809099179203378,PARELHEIROS
2334793606,7934520444,0,359.191,0,4,38.671255813953486,0.025854188917434018,0.007424592646249008,-2.0355094537318516e-18,0.00021140591072029433,PARELHEIROS
2334793606,2334793724,0,43.705,0,4,39.55758139534884,0.025274900998015257,0.008194283807385868,-1.8140810523194125e-18,0.00021722086844173325,PARELHEIROS
2334793606,2334793949,0,151.21,0,2,39.66567441860465,0.025206024305474126,0.0004772130756382725,-6.658501235411752e-19,0.00011913582487105399,PARELHEIROS
2334793612,5864706874,0,285.90500000000003,0,4,39.19460465116279,0.025508968961081496,0.003252451981146097,3.83541236536596e-18,0.00020131201524011363,PARELHEIROS
2334793612,2334793779,0,330.8160000000001,0,4,38.888,0.02571008932031403,0.0042306818395368186,4.2505001437632415e-18,0.00020654305697965342,PARELHEIROS
2334793612,5864706654,0,127.93299999999999,0,4,38.52539534883721,0.02595207510358616,0.007871965667992954,-1.7066217460321342e-18,0.00020468263553312502,PARELHEIROS
2334793615,2334793989,0,131.882,0,2,40.34120930232558,0.024783936098582326,0.0004772130756382725,-9.829863838771236e-19,0.00011798068129044582,PARELHEIROS
2334793615,2334793627,0,887.4019999999998,0,4,40.00260465116279,0.024993721339075594,0.00019111301692625805,-1.1067370415321615e-18,0.00020326171836960652,PARELHEIROS
2334793615,2334793799,0,147.833,0,4,39.67367441860465,0.025200941635482026,0.0007630853476793378,4.0540811321544446e-18,0.00021792435823284338,PARELHEIROS
2334793627,2334793824,0,81.698,0,4,40.31795348837209,0.024798231730108117,0.005262099885594144,9.878760220297748e-19,0.0001902808307864,PARELHEIROS
2334793627,2334793849,0,239.073,0,5,40.648930232558136,0.024596316502508146,0.004682610594699745,-2.790645063828052e-18,0.00022616563286716548,PARELHEIROS
2334793638,7975526980,0,181.14600000000002,0,4,37.42306976744186,0.026716513629200245,0.003140722619045585,2.769934850445557e-18,0.00018218239069130925,PARELHEIROS
2334793638,2334793987,0,250.467,0,4,38.288558139534885,0.02611260392320737,0.0025866315419620063,3.3676585323186318e-18,0.0001891301624011384,PARELHEIROS
2334793638,2334793845,0,196.68599999999998,0,4,37.96241860465116,0.026336940327766015,0.0010217371125419911,3.3924181282424918e-18,0.00018844985142038654,PARELHEIROS
2334793650,2334793739,0,4.611,0,4,40.650976744186046,0.02459507823834434,0.01204820649317295,2.664262131850016e-18,0.00020486125019087515,PARELHEIROS
2334793650,5238339433,0,58.141,0,4,41.309581395348836,0.02420295533667509,0.007720259745140883,-6.695316457110069e-19,0.00020069672619694821,PARELHEIROS
2334793650,2334793849,0,111.00399999999999,0,5,40.97972093023256,0.024397773601009688,0.00471791752869685,1.5021777984988432e-18,0.00022849641033270078,PARELHEIROS
2334793672,2334793855,0,36.208,0,4,40.161488372093025,0.024894843144884837,0.0012789082640434753,6.276643759424725e-18,0.00019106665282088783,PARELHEIROS
2334793672,2334793794,0,58.058,0,4,39.176,0.02552108315010139,0.00163972235082678,2.214611086500033e-18,0.000199346457087592,PARELHEIROS
2334793688,2334793991,0,68.05,0,4,39.477581395348835,0.025326119740612274,0.010286846060059373,2.404009017283426e-19,0.00018613582193398879,PARELHEIROS
2334793688,2334793928,0,124.038,0,4,39.78455813953488,0.025130703977703166,0.010976697993028589,-4.371644574182516e-18,0.00018806107799834135,PARELHEIROS
2334793688,2334793848,0,151.362,0,4,40.12520930232558,0.02491735173155657,0.0003265321928054719,-1.576846724412634e-18,0.0001858100401195958,PARELHEIROS
2334793714,2334793962,0,169.295,0,4,38.52539534883721,0.02595207510358616,0.10038888879397777,1.0771979896823984e-17,0.00018672375776744376,PARELHEIROS
2334793714,2334793785,0,44.253,0,4,38.203162790697675,0.02617097330307487,0.10033775068634972,7.357600903016759e-18,0.00018484121113444672,PARELHEIROS
2334793714,2334793732,0,60.723,0,4,38.864558139534886,0.02572559682522966,0.0002616129915849909,9.524223613911982e-18,0.00018623781706619954,PARELHEIROS
2334793724,2334793739,0,56.61,0,4,40.307348837209304,0.024804756014253273,0.011267581571830533,-6.241722023015964e-20,0.00021535557890719955,PARELHEIROS
2334793724,2334793745,0,155.25699999999995,0,4,40.432186046511625,0.024728169590885456,0.0033357080093779773,-2.9702735000989117e-18,0.00022615786059488328,PARELHEIROS
2334793729,5055345391,0,336.972,0,4,39.08744186046512,0.025578904781170423,0.03284512955082177,-2.4507596177697115e-18,0.0002108244566255686,PARELHEIROS
2334793729,2334793751,0,467.768,0,4,39.19981395348837,0.025505579048785233,0.010454952623219776,-1.7529248644199606e-19,0.00021883932608390762,PARELHEIROS
2334793729,5055345840,0,777.882,0,4,39.47479069767442,0.025327910188191933,0.02275235773441099,4.210122832091202e-19,0.00021009376356860695,PARELHEIROS
2334793732,2334794022,0,167.868,0,4,39.522046511627906,0.02529762605269476,0.0003914513940259529,1.162824280248398e-17,0.00018698058320038832,PARELHEIROS
2334793732,2334793735,0,97.07300000000001,0,4,39.85618604651163,0.025085540104655343,0.000235531417761324,1.0598452493524104e-17,0.00018709899139680045,PARELHEIROS
2334793735,2334793855,0,100.154,0,4,40.50344186046512,0.024684666476808174,0.0009256111374014894,1.0056836743419346e-17,0.0001881554953822882,PARELHEIROS
2334793739,2334793919,0,96.03300000000002,0,2,40.98120930232558,0.024396887512824938,0.0004772130756382725,-3.0363641862208673e-19,0.00011727053533652025,PARELHEIROS
2334793745,13265425139,0,114.223,0,4,41.43013953488372,0.024132526820155646,0.0023837875114818717,-4.793456751076728e-18,0.000243791472993499,PARELHEIROS
2334793745,13265425146,0,64.401,0,2,41.43088372093023,0.024132093349080116,0.0004772130756382725,9.224091272975848e-20,0.00012807281702420398,PARELHEIROS
2334793749,2334793842,0,50.241,0,4,38.576,0.0259180307312415,0.004094807090315707,-6.573181265234698e-19,0.00019748747692007422,PARELHEIROS
2334793749,9469976211,0,34.124,0,4,38.927813953488375,0.025683793975252944,0.0023837875114818717,4.753709300173388e-18,0.00022033199112860572,PARELHEIROS
2334793749,2334793845,0,207.163,0,4,38.27646511627907,0.026120853909865068,0.0018636366483697022,-1.4362199790563546e-18,0.00019684078237711968,PARELHEIROS
2334793751,2334793789,0,757.0709999999999,0,4,39.32595348837209,0.025423768905793915,0.01065654382700969,-3.8394424041815184e-18,0.00023062889067673004,PARELHEIROS
2334793751,7868324722,0,321.01599999999996,0,2,39.78306976744186,0.02513164417258247,0.0004772130756382725,3.6429198019329307e-19,0.00012373815742189076,PARELHEIROS
2334793770,2334793966,0,231.47,0,4,39.768,0.025141167609343495,0.00024156776454147398,2.9835083213494613e-19,0.00019297670541901381,PARELHEIROS
2334793770,2334793960,0,188.855,0,4,40.476651162790695,0.024701004771053768,0.0016273079772600567,1.5670374295823224e-19,0.000199287485508261,PARELHEIROS
2334793770,5864706874,0,81.65800000000002,0,4,40.1659534883721,0.024892075667463362,0.002239940228777543,3.417622351191643e-18,0.00019778284512470852,PARELHEIROS
2334793779,5864706580,0,31.809,0,4,39.4946976744186,0.025315143863880462,0.009599158100464172,2.368711184260416e-18,0.00021371268443404228,PARELHEIROS
2334793779,5864706457,0,356.0140000000002,0,4,39.10548837209302,0.025567100555682423,0.012245811430221255,2.102423818425159e-18,0.00021931109297215095,PARELHEIROS
2334793782,2334793842,0,247.17000000000002,0,4,38.218046511627904,0.026160781221096083,0.016840040796592768,-2.7031616500590553e-18,0.00019079909632300357,PARELHEIROS
2334793782,5864706654,0,36.406,0,4,38.09953488372093,0.026242156407940035,0.00868174728321685,-8.211933115549129e-19,0.0001984206117844922,PARELHEIROS
2334793785,7975526980,0,98.22999999999998,0,4,37.54046511627907,0.02663296659728417,0.10007909892148706,2.588140426549932e-18,0.0001808892449789693,PARELHEIROS
2334793785,2334793807,0,221.266,0,4,38.303441860465114,0.026102457244719036,5.296040099565554e-05,6.757659702361231e-18,0.00018545339244667425,PARELHEIROS
2334793788,2334793941,0,90.67899999999999,0,2,40.265860465116276,0.02483031386736528,0.0004772130756382725,4.2505903351108425e-18,0.0001128000085774757,PARELHEIROS
2334793789,5864706678,0,345.98100000000005,0,4,39.328930232558136,0.025421844621155855,0.011167469329948424,-7.849611200983338e-19,0.0002345633278930664,PARELHEIROS
2334793789,2334794055,0,1016.7839999999997,0,2,39.832,0.025100772079945072,0.0004772130756382725,8.535572477941666e-19,0.00012745553462656893,PARELHEIROS
2334793794,2334794003,0,48.278999999999996,0,4,38.19069767441861,0.026179515284374618,0.0025665863149184893,1.7325656269408347e-18,0.000197969104435778,PARELHEIROS
2334793794,2334793891,0,208.818,0,2,39.184,0.02551587263904584,0.0004772130756382725,1.6521914371075482e-18,0.00011287497105561144,PARELHEIROS
2334793799,5846949462,0,76.58899999999998,0,2,40.00241860465116,0.02499383758191365,0.0004772130756382725,-1.0301956162969037e-18,0.00012050847831412723,PARELHEIROS
2334793799,7934520448,0,139.967,0,4,39.32613953488372,0.02542364862946948,0.0017163725656011376,-5.864220813250658e-19,0.0002147104892102596,PARELHEIROS
2334793807,2334793845,0,62.141999999999996,0,4,38.616,0.025891183796570648,0.0005651387306246081,3.821644257594393e-18,0.00018889078578311722,PARELHEIROS
2334793824,2334793848,0,135.945,0,4,40.962046511627904,0.024408300820725707,0.0031278526721369637,-6.003860792781706e-19,0.00018729935522881244,PARELHEIROS
2334793824,5846949518,0,9.994,0,4,40.6193488372093,0.024614228984697405,0.008730721417470895,1.8332289750677866e-18,0.00019325273607017946,PARELHEIROS
2334793842,2334793966,0,223.43600000000004,0,4,39.19330232558139,0.02550981657995671,0.012468245114403007,4.143082509720981e-18,0.00019133224359318133,PARELHEIROS
2334793844,5846949461,0,19.7,0,2,38.68148837209302,0.025847349612578337,0.0004772130756382725,-4.127583972478218e-18,0.00011732715720510084,PARELHEIROS
2334793844,2334793847,0,47.827,0,4,37.689860465116276,0.026527398646480703,0.0009530594312508506,-4.272777592620842e-18,0.00020862235903174958,PARELHEIROS
2334793844,7934520448,0,162.863,0,4,38.57339534883721,0.02591978083460344,1.1389333547452805e-06,-2.160429205885276e-18,0.0002115291681012332,PARELHEIROS
2334793847,7934520444,0,148.112,0,4,37.68688372093023,0.02652949394521319,0.005475877676279834,-7.416335911959852e-18,0.0002041300890476188,PARELHEIROS
2334793848,2334794017,0,65.323,0,4,40.46325581395349,0.024709182031357763,0.003087192751372557,3.6220713013200036e-19,0.00018338680454335399,PARELHEIROS
2334793849,5238329194,0,53.57299999999999,0,5,41.051162790697674,0.024355313845456604,1.2642160237672611e-05,4.561612677947787e-19,0.00022737809682499619,PARELHEIROS
2334793849,2334794017,0,122.58499999999998,0,5,40.72167441860465,0.024552378254652115,0.0004135467011080113,3.9183959921501024e-18,0.00022115917269398575,PARELHEIROS
2334793855,2334794022,0,60.612,0,4,40.17172093023256,0.024888501919665806,9.111466837962244e-06,4.002753433823865e-18,0.00018803708718587614,PARELHEIROS
2334793893,9469976211,0,202.34200000000004,0,2,39.926883720930235,0.02504112167823044,0.0004772130756382725,-5.9161181768805686e-18,0.00012907065895959567,PARELHEIROS
2334793928,2334793966,0,27.611,0,4,40.04372093023256,0.024968058168978093,0.012322347751660138,5.765493684594515e-19,0.00019022149961416544,PARELHEIROS
2334793928,5846949518,0,346.744,0,4,40.34716279069767,0.024780279066335894,0.0009795965784164156,-1.5752808868089108e-18,0.0001933683431349886,PARELHEIROS
2334793941,5238329194,0,27.565,0,4,40.25860465116279,0.02483478903831046,0.008900080807321518,4.692918236660693e-18,0.0001993218269583851,PARELHEIROS
2334793941,2334793987,0,70.29,0,4,39.27237209302326,0.025458455911961306,0.009677061141928749,5.426901241813286e-18,0.00019849496839460757,PARELHEIROS
2334793960,5864706604,0,178.48399999999998,0,4,40.84,0.024481242739676105,0.00836637663728788,2.1904093356432423e-18,0.00020523020947193707,PARELHEIROS
2334793960,5846949524,0,58.682,0,4,41.09320930232558,0.0243303935239682,0.009618519967494842,1.2606775643200512e-18,0.0002114291509903782,PARELHEIROS
2334793962,2334794022,0,49.384,0,4,39.17674418604651,0.025520598361628875,0.000862969802890499,1.3316705250002769e-17,0.00018746652390163248,PARELHEIROS
2334793962,2334794003,0,115.96500000000002,0,4,38.18679069767442,0.02618219376967075,0.10151176318842114,1.6088735819394329e-18,0.00018911873688483017,PARELHEIROS
2334793987,2334793991,0,20.378,0,4,39.154976744186044,0.025534786038069354,0.012229980256590296,3.0147826252772e-18,0.00018888510452482761,PARELHEIROS
2334793991,2334794017,0,36.036,0,4,39.81041860465116,0.025114379314051246,0.003612582707916555,1.5748220545064944e-18,0.0001837125863577469,PARELHEIROS
2334794003,5846949136,0,238.08200000000002,0,4,37.19627906976744,0.026879407792727454,0.10423552230629449,-3.613477932824861e-18,0.00018537186527679383,PARELHEIROS
2334794089,5864706874,0,65.952,0,4,40.179162790697674,0.02488389214819205,0.0013106845046408687,7.496045583948702e-18,0.000206519647073562,PARELHEIROS
2334794089,5864706604,0,61.962999999999994,0,4,40.85302325581395,0.02447343853177585,0.0009136523371766639,3.6449488067787716e-20,0.0002098559376945933,PARELHEIROS
2334794089,8945679817,0,52.278000000000006,0,2,41.17693023255814,0.024280924970405647,0.0004772130756382725,1.2254315177761626e-18,0.00011660740852575019,PARELHEIROS
2334978341,2334978445,0,69.664,0,4,49.372093023255815,0.02025058878944889,0.006799887701171222,1.484342151199502e-16,0.0001471276799129861,PARELHEIROS
2334978342,2334978440,0,101.545,0,5,53.20651162790698,0.018791195342413063,0.004923836679234796,6.416771482958623e-17,0.00019286635271354065,PARELHEIROS
2334978342,2334978380,0,58.798,0,4,53.0833488372093,0.01883479425072637,0.005144448070048957,8.398075576744711e-18,0.00017088016375404027,PARELHEIROS
2334978342,2334978343,0,148.89100000000002,0,4,53.06362790697674,0.018841794142705377,9.350642842458752e-05,1.2065273906116741e-17,0.00017135321319790628,PARELHEIROS
2334978343,2334978354,0,60.97,0,4,52.305302325581394,0.019114963665918524,0.006765719700528863,7.019249573784351e-18,0.0001741891751641166,PARELHEIROS
2334978343,2334978448,0,101.953,0,4,53.162418604651165,0.018806780799865617,0.006360373319575018,1.1000800020093923e-17,0.00017321746913357192,PARELHEIROS
2334978347,2334978454,0,62.353,0,4,40.59609302325581,0.02462832945317226,0.021754993795660548,3.1969729657644294e-18,0.00019389390146323505,PARELHEIROS
2334978347,2334978420,0,92.516,0,4,41.50623255813954,0.024088284863915087,0.0008929237501202999,4.723179311068961e-18,0.00020248100708670206,PARELHEIROS
2334978347,2334978389,0,123.68199999999999,0,4,41.415813953488374,0.024140874174565383,0.020440209130942598,5.741554840197517e-18,0.00019668580045360004,PARELHEIROS
2334978348,2334978379,0,98.939,0,5,48.34325581395349,0.020681560160865132,0.0016787877648945433,1.2784433174889559e-17,0.00019753701323501136,PARELHEIROS
2334978349,2334978424,0,60.579,0,5,47.06176744186047,0.02124471748162731,0.03059573617519984,3.779427288774682e-17,0.0002041348447276481,PARELHEIROS
2334978349,2334978363,0,60.287,0,5,46.63572093023256,0.02143880127818979,0.0321067590569404,3.7667966862145777e-17,0.00020418132533368735,PARELHEIROS
2334978349,5846949303,0,162.331,0,5,47.31237209302326,0.021132188247137286,0.0004176468611850943,4.670744345779666e-17,0.00020000421495471,PARELHEIROS
2334978351,2334978428,0,62.845,0,2,49.68074418604651,0.02012477811814226,0.0004772130756382725,-1.9517742411684015e-18,0.00010928619733376413,PARELHEIROS
2334978354,2334978457,0,36.842,0,4,51.40874418604651,0.019448324780509695,0.00652415193598739,-1.204260900477511e-17,0.00017081078095413754,PARELHEIROS
2334978354,2334978443,0,20.327,0,4,52.306046511627905,0.019114691707126215,0.0027861726657133793,2.0647301259365753e-17,0.00017023005385483997,PARELHEIROS
2334978356,2334978400,0,28.17,0,4,52.48111627906977,0.01905092773125926,0.0018776455286330692,1.5731145698150054e-17,0.0001843297913514438,PARELHEIROS
2334978356,2334978467,0,169.223,0,4,52.49506976744186,0.01904586388622099,0.0015381294955835012,4.133449947424727e-17,0.00017752639412086578,PARELHEIROS
2334978357,2334978367,0,33.725,0,4,51.417488372093025,0.01944501734999222,0.010069082002632075,-3.3700350911988723e-18,0.0001893092984478156,PARELHEIROS
2334978357,2334978366,0,110.473,0,2,51.840558139534885,0.019286326948819817,0.0004772130756382725,-7.263842825494189e-18,0.00010556187854128952,PARELHEIROS
2334978357,2334978413,0,126.22999999999999,0,5,51.25544186046512,0.01950649369505405,0.010726246548320101,-1.877620947964564e-17,0.00021829251554805052,PARELHEIROS
2334978359,2334978446,0,38.347,0,4,42.095627906976745,0.023751016511685465,0.0009010101769389913,-8.786192418573448e-18,0.00020398475465144663,PARELHEIROS
2334978359,2334978381,0,46.305,0,4,43.05860465116279,0.023219840995506395,0.00030534803240720966,2.602917283366588e-19,0.00020800899715760695,PARELHEIROS
2334978359,8940417552,0,141.998,0,2,43.07813953488372,0.023209311364961453,0.0004772130756382725,2.020900763757541e-18,0.00011567042516876929,PARELHEIROS
2334978360,2334978394,0,63.961,0,5,47.50511627906977,0.02104644787342367,0.002019670517969806,5.661882374076947e-19,0.00020227901416529066,PARELHEIROS
2334978360,2334978435,0,57.71,0,6,47.456186046511625,0.02106814804941253,0.0009892775119317505,-8.100144834975177e-18,0.00022909472769052427,PARELHEIROS
2334978360,5846949311,0,63.695,0,5,48.04781395348837,0.020808729289041535,0.0001068319486751073,-3.5851849476298476e-18,0.00020119830783908173,PARELHEIROS
2334978363,2334978470,0,59.747,0,4,46.69618604651163,0.021411040989354244,0.03271005205494898,1.2706356818087763e-17,0.00017142518897664348,PARELHEIROS
2334978363,2334978377,0,122.385,0,4,46.054139534883724,0.021709534986123512,0.0002274449909426325,1.8537748765443003e-17,0.00017440049098793082,PARELHEIROS
2334978367,2334978400,0,167.2,0,4,51.95720930232558,0.01924302646184696,1.924797369519524e-05,2.92166968048818e-18,0.00018699334168204452,PARELHEIROS
2334978369,2334978381,0,69.879,0,4,43.12018604651163,0.023186679955645873,0.000353297126641986,2.512042828083785e-18,0.00021019731957085184,PARELHEIROS
2334978369,2334978468,0,37.538000000000004,0,2,44.034418604651165,0.022705283393539936,0.0004772130756382725,-3.00736963657945e-18,0.0001178587475820142,PARELHEIROS
2334978371,5846948676,0,7.925,0,4,47.817488372093024,0.020908960037973847,0.01224592532355673,-2.376586769649126e-18,0.00017441328076754588,PARELHEIROS
2334978371,6959649434,0,72.557,0,4,48.70511627906977,0.02052790404522709,0.0015954178433271887,-5.950583629452849e-18,0.000170046511073198,PARELHEIROS
2334978374,2334978481,0,154.065,0,2,48.053395348837206,0.020806312357958396,0.0004772130756382725,4.662460969788894e-18,0.00010156217683763953,PARELHEIROS
2334978379,2334978435,0,59.669,0,6,47.81227906976744,0.020911238136744087,0.0007891669215030048,-6.8833757016558456e-18,0.00023194864437092781,PARELHEIROS
2334978379,2334978451,0,64.337,0,3,48.75293023255814,0.02050777150663812,0.0004772130756382725,-4.224155940624895e-18,0.00012886060322819917,PARELHEIROS
2334978379,6959649434,0,81.825,0,5,48.70641860465116,0.020527355164497683,0.0013187709314595602,1.6837753001072394e-18,0.00020295303699111386,PARELHEIROS
2334978380,2334978431,0,3.505,0,4,52.26195348837209,0.019130818631010866,0.008312618982943904,-1.0415971642986583e-17,0.00017482212650377565,PARELHEIROS
2334978380,2334978405,0,53.043,0,4,52.34176744186046,0.0191016467794851,0.007957157882927902,-1.3779470402910585e-17,0.00017105985290756602,PARELHEIROS
2334978385,5055345391,0,7.921,0,4,39.05786046511628,0.02559827757030714,0.033077927528531705,4.557804942209249e-18,0.0002233767119295184,PARELHEIROS
2334978385,13265408885,0,224.789,0,4,38.976,0.025652041089090007,0.033656277886071354,2.244929676671938e-18,0.00022927763319440338,PARELHEIROS
2334978385,5055345169,0,134.614,0,3,39.542325581395346,0.02528465230074339,0.0004772130756382725,5.202634775660044e-18,0.00019315506434603743,PARELHEIROS
2334978389,2334978420,0,139.561,0,4,42.32279069767442,0.023623535617733036,6.127461448529608e-05,9.679054995434618e-18,0.00020247529685299892,PARELHEIROS
2334978389,8940417553,0,245.42499999999998,0,4,41.97544186046512,0.023819021531969967,0.02013064704512283,2.0209648767909453e-18,0.00019374368872723244,PARELHEIROS
2334978390,2334978405,0,160.114,0,5,51.40223255813954,0.019450788491677133,0.007312293817471124,-2.4676640377072812e-17,0.00019984500493350535,PARELHEIROS
2334978390,2334978413,0,59.352,0,6,51.33153488372093,0.019477577589550103,0.009446882710934728,-3.4042379614892993e-17,0.0002371034623633694,PARELHEIROS
2334978390,5846949213,0,57.455,0,6,50.47553488372093,0.019807892195528295,0.016676262180180396,-3.5361828799672094e-17,0.00022934968019827938,PARELHEIROS
2334978391,5846948676,0,42.923,0,4,47.820093023255815,0.020907821174712973,0.009569659726576269,-1.4598419820811424e-18,0.0001813981794094615,PARELHEIROS
2334978391,2334978428,0,62.416,0,4,48.72409302325581,0.020519908970109815,0.008309088289544193,-4.193325625068158e-18,0.00019134812289898037,PARELHEIROS
2334978394,2334978426,0,32.872,0,4,47.00297674418605,0.02127129009147367,0.000938481084310111,-3.237904876718951e-18,0.00017639147188124092,PARELHEIROS
2334978394,2585568922,0,74.873,0,4,47.0273488372093,0.021260266168721217,0.0011709373820136227,4.5421642801934e-18,0.00017688080286754813,PARELHEIROS
2334978396,13265408885,0,100.461,0,4,38.70493023255814,0.025831695018722452,0.03427198525764665,1.260156774475753e-18,0.0002120324330983558,PARELHEIROS
2334978396,2334978403,0,79.649,0,4,38.92911627906977,0.025682934755596337,0.02228698956566207,-1.085567864415424e-18,0.00019662655284373356,PARELHEIROS
2334978400,2334978459,0,32.159,0,4,52.34530232558139,0.019100356843287508,0.0022183004950373825,-1.0538908959449077e-18,0.00018585647608511125,PARELHEIROS
2334978402,2334980099,0,161.374,0,6,52.45432558139535,0.019060657865802185,0.004360292455306831,3.516367497942411e-16,0.00021021392970495977,PARELHEIROS
2334978402,2334980135,0,58.362,0,5,52.47088372093023,0.019054642929323372,0.003771350017568047,2.011165086036579e-16,0.00018954662908624449,PARELHEIROS
2334978402,2334978427,0,49.102000000000004,0,5,52.92353488372093,0.018891669947691096,0.0050447914015087445,1.379818626301364e-16,0.00020324873932346568,PARELHEIROS
2334978402,2334980032,0,62.17399999999999,0,5,53.35776744186047,0.018737927042726938,0.0017588547797331366,1.8866843387479514e-16,0.0001851921603634932,PARELHEIROS
2334978403,2334978407,0,268.456,0,4,39.85004651162791,0.025089404931977553,0.0002617268849204654,-1.4235635505140972e-19,0.00019108024942300487,PARELHEIROS
2334978403,2334978454,0,210.515,0,4,39.77209302325581,0.025138580283007837,0.02159861824605402,7.62471591281793e-18,0.00019148407440753315,PARELHEIROS
2334978405,2334978457,0,61.301,0,4,51.40948837209302,0.019448043253258832,0.0009696878582301317,-1.8313342112608416e-17,0.00016815450814145296,PARELHEIROS
2334978406,2334978478,0,53.949,0,4,47.25153488372093,0.021159396323289118,0.0003818843538460925,1.068141462162584e-17,0.0001821979915474617,PARELHEIROS
2334978406,2334978453,0,60.882,0,4,47.23832558139535,0.02116531314738525,0.00021332221734379102,8.968161010787776e-18,0.00018202032901576306,PARELHEIROS
2334978406,2334978414,0,76.659,0,4,46.83218604651163,0.021348863631849294,0.0002772163785450012,1.0121181514934581e-17,0.00018401520146238637,PARELHEIROS
2334978407,2334978454,0,60.289,0,4,40.67944186046512,0.024577868027733568,0.0005846144909907524,3.85809670746159e-18,0.0001906924672546387,PARELHEIROS
2334978407,2334978476,0,170.857,0,4,40.76018604651163,0.02452918032188273,0.0011561312484019341,1.967155104417752e-18,0.00019119571748482162,PARELHEIROS
2334978411,2334978419,0,179.467,0,5,54.222325581395346,0.018439156616171147,0.0002739134718162399,9.332907981086184e-17,0.00018431053876174548,PARELHEIROS
2334978411,2334980073,0,43.301,0,4,54.68018604651163,0.018284757711649304,0.002794259092532071,3.93632184260884e-17,0.00015935451543799513,PARELHEIROS
2334978412,2334978443,0,40.704,0,5,52.8446511627907,0.01891987044078299,0.0007416734006101265,8.035859488963155e-17,0.0001924760833554404,PARELHEIROS
2334978412,8934891206,0,72.836,0,5,52.878511627906974,0.018907755205438,0.0015097700550503437,8.645814532033643e-17,0.00019074062111238522,PARELHEIROS
2334978412,2334978419,0,163.793,0,6,53.372465116279066,0.018732767004674477,0.0010035141788660665,1.205246292459069e-16,0.0002151940248799311,PARELHEIROS
2334978413,2334978431,0,161.534,0,5,51.330790697674416,0.019477859972526577,0.005916644884566257,-1.832509507616443e-17,0.00021022300652038677,PARELHEIROS
2334978414,7889005931,0,48.712999999999994,0,4,46.39851162790698,0.02154840572271765,0.07308501169399821,8.238370361078902e-18,0.00018481506699642052,PARELHEIROS
2334978415,2334978435,0,136.793,0,5,46.90139534883721,0.02131736051885202,5.466880102777346e-06,-9.814225481137196e-18,0.00020087160895931785,PARELHEIROS
2334978415,5846948676,0,108.66,0,4,46.904558139534885,0.02131592308180491,0.020250462834042034,-3.697725044678451e-18,0.00017526519737157912,PARELHEIROS
2334978415,5846948669,0,53.291999999999994,0,4,46.02920930232558,0.021721293253626615,0.020637472387984482,-5.551861985383326e-18,0.00017641314652144032,PARELHEIROS
2334978419,2334980156,0,39.391,0,5,54.13116279069767,0.018470210169957552,0.0016660317113213962,7.410129320967877e-17,0.0001895006605503778,PARELHEIROS
2334978420,5494676419,0,101.237,0,2,42.415069767441864,0.023572139783578454,0.0004772130756382725,-1.4501145690767368e-18,0.00011441765242891532,PARELHEIROS
2334978421,2334978444,0,128.308,0,4,51.051906976744185,0.019584262620078424,0.006257413744306045,3.348340314128966e-17,0.00016634902654149132,PARELHEIROS
2334978424,2334978481,0,50.172,0,4,47.39646511627907,0.021094694531237735,0.030722841137589413,1.6131616331241403e-17,0.00017705603719014233,PARELHEIROS
2334978424,5846949303,0,215.376,0,4,47.709767441860464,0.02095616908438621,4.441840083506593e-05,3.614174289867704e-17,0.00016756442161018831,PARELHEIROS
2334978425,2334978444,0,27.098,0,4,51.96353488372093,0.01924068398590783,0.003482288732133695,4.3073905884264e-17,0.00016515624180246148,PARELHEIROS
2334978425,8934891206,0,88.654,0,4,52.51404651162791,0.019038981375525663,0.0018229767276052957,5.988726303936842e-17,0.00016248975224717458,PARELHEIROS
2334978426,5846948669,0,29.378999999999998,0,4,46.078883720930236,0.021697877048055106,0.0010764059135697644,1.3624031985368002e-18,0.00018001826482243215,PARELHEIROS
2334978426,2585568922,0,106.378,0,4,47.02381395348837,0.02126186434978022,4.4304507499591404e-05,2.5669965721422666e-18,0.00018012225601468824,PARELHEIROS
2334978427,2334978438,0,81.254,0,3,52.89079069767442,0.018903365601080593,0.0053534423406447155,3.3814831845760963e-17,0.00014389425952776098,PARELHEIROS
2334978427,2334978438,1,107.40299999999999,0,3,52.89079069767442,0.018903365601080593,0.0,2.5298551038849797e-17,0.00014389425952776098,PARELHEIROS
2334978429,2334980049,0,54.5,0,4,50.69841860465116,0.019720811437630274,0.013535425667799335,5.026443372753089e-17,0.00017937154472426017,PARELHEIROS
2334978429,2334980141,0,6.351,0,4,51.584372093023255,0.01938210959872469,0.0065020566289053314,7.623221117271738e-17,0.0001729650934855718,PARELHEIROS
2334978431,2334978459,0,63.791,0,4,52.182883720930235,0.019159806476684863,0.008182666687167467,-4.255536945028123e-18,0.0001807887570039929,PARELHEIROS
2334978438,2334978459,0,40.794,0,4,52.755348837209304,0.018951897305684865,0.0056620932797806865,1.1775273419283836e-17,0.00018789890346595578,PARELHEIROS
2334978440,2334980078,0,161.701,0,6,53.31906976744186,0.0187515265710597,0.003983874981563516,1.7127162222463748e-16,0.00020792039075518618,PARELHEIROS
2334978440,2334980032,0,58.815,0,5,53.330790697674416,0.018747405399559748,0.0020843619325193376,1.3152333146735263e-16,0.00018266824415725911,PARELHEIROS
2334978440,2334980065,0,58.299,0,5,53.74920930232558,0.01860146347204242,0.0015550996025692058,7.776709159101177e-17,0.0001857463552871695,PARELHEIROS
2334978443,8934891205,0,72.539,0,4,52.34213953488372,0.01910151098852274,0.001980718997237517,2.1528372941341452e-17,0.00016865839814277105,PARELHEIROS
2334978444,5846949209,0,49.229000000000006,0,4,51.40427906976744,0.019450014115194463,0.0032170311538135187,1.2752432703859417e-17,0.0001683604807266448,PARELHEIROS
2334978446,2334978476,0,60.967,0,4,41.1006511627907,0.024325988158395047,0.0015365349888868578,-5.526835530522031e-18,0.00019464812651830864,PARELHEIROS
2334978448,2334980053,0,30.646,0,4,54.00297674418605,0.018514052627589865,0.0053524173006254455,1.6538769250452002e-17,0.00016732409211691273,PARELHEIROS
2334978448,2334980156,0,24.636,0,4,54.070697674418604,0.018490864673295943,0.0033407193161388562,2.2244593354920503e-17,0.00016776209094155259,PARELHEIROS
2334978449,5055390010,0,6.652,0,4,44.374511627906976,0.022531266639554237,0.09628223679677271,7.438008733475728e-18,0.00019395580087078337,PARELHEIROS
2334978449,7319680560,0,165.02100000000002,0,4,45.25395348837209,0.022093405689853643,0.02147071603031613,4.977122064787522e-18,0.00018805171623821057,PARELHEIROS
2334978453,5846949311,0,59.629999999999995,0,4,47.564651162790696,0.02102010482672299,0.0002988561122851616,-4.550111557161591e-19,0.0001759744372540604,PARELHEIROS
2334978457,5846949213,0,163.94899999999998,0,5,50.48520930232558,0.019804096433493762,0.00601254307303581,-1.8653664457601266e-17,0.00019862753710089717,PARELHEIROS
2334978467,2334980141,0,54.833,0,4,51.61581395348837,0.019370302953845044,0.004618716433498536,8.721607158969795e-17,0.00016957004372691864,PARELHEIROS
2334978467,2334980135,0,6.621,0,4,52.503627906976746,0.019042759392927888,0.0030229569101649233,1.1747698344081323e-16,0.00016463246780988545,PARELHEIROS
2334978469,2334978478,0,59.116,0,4,47.63386046511628,0.020989563804524436,0.01202861683947133,2.2181725768649883e-18,0.00017658752906259307,PARELHEIROS
2334978469,5846949311,0,114.057,0,4,47.648,0.020983335155481283,0.00018815179020392032,1.8215095959378046e-18,0.000171565925325964,PARELHEIROS
2334978470,12544993756,0,9.2,0,5,46.757953488372095,0.021382756919355095,0.031068735197425555,5.350726626047833e-18,0.00020727522544727308,PARELHEIROS
2334978470,7889861285,0,9.542,0,4,47.224558139534885,0.02117148350089823,0.002067050145527209,1.3183723716878367e-17,0.00017213539596775974,PARELHEIROS
2334978478,8319810178,0,31.921,0,4,47.19832558139535,0.02118325048976905,0.012810722374174913,7.952322733290396e-18,0.00018258914544816505,PARELHEIROS
2334980025,2334980087,0,56.89,0,5,45.52874418604651,0.021960059987659215,0.0007846111880840237,1.134177953666337e-16,0.00018292016933975358,PARELHEIROS
2334980025,2334980039,0,27.409999999999997,0,4,44.69972093023256,0.022367342182043694,0.0011912103957280888,4.171848759199873e-17,0.0001643646080929832,PARELHEIROS
2334980025,2334980148,0,153.37,0,5,45.55181395348837,0.02194893829056408,0.0008507832159947244,5.690633213771775e-17,0.00018672141655784924,PARELHEIROS
2334980026,2334980051,0,58.412,0,6,46.29637209302326,0.02159594603826509,0.0009857468185320401,1.704055865785069e-16,0.0002113661263075097,PARELHEIROS
2334980026,2334980047,0,61.901,0,6,47.14604651162791,0.02120674006550649,0.0007773220146136538,2.6693976863268327e-16,0.0002130288988935337,PARELHEIROS
2334980026,2334980048,0,160.097,0,5,46.733023255813954,0.021394163780405272,0.0050796427621639505,1.4602054045722938e-16,0.00019382399958263366,PARELHEIROS
2334980026,2334980127,0,161.425,0,6,47.17655813953488,0.02119302452144147,0.004479424884213188,2.8484153776949414e-16,0.00020385765246753513,PARELHEIROS
2334980028,2334980045,0,175.333,0,6,55.25823255813953,0.01809348412359055,0.00046696267544556495,1.8064388901806283e-16,0.00022426138258266538,PARELHEIROS
2334980028,7889715519,0,71.186,0,3,56.244465116279066,0.017776219427482684,0.0004772130756382725,8.953083260071535e-17,0.0001281791352906109,PARELHEIROS
2334980028,2334980029,0,60.223,0,6,55.29506976744186,0.018081430364286652,0.0003083092591295474,2.0730861837730265e-16,0.00022543994093610097,PARELHEIROS
2334980028,2334980061,0,64.104,0,5,56.19627906976744,0.01779146181986724,0.0006096710247951486,9.762731831896307e-17,0.0002127311445516389,PARELHEIROS
2334980029,2334980031,0,176.04,0,6,54.352,0.018395163995591185,0.0008011257217278302,3.2015803133585436e-16,0.00020822519839210323,PARELHEIROS
2334980029,2334980036,0,180.252,0,3,55.33823255813954,0.018067327185376694,0.0004772130756382725,1.5376385175305404e-16,0.00011909150314445328,PARELHEIROS
2334980029,2334980050,0,57.034,0,6,54.40986046511628,0.018375602233521283,0.000460926328665415,3.149100894332755e-16,0.00020996442929295815,PARELHEIROS
2334980030,2334980031,0,60.617,0,6,53.434418604651164,0.01871104766547126,0.000700557906503822,4.243061744804836e-16,0.00019677572643624346,PARELHEIROS
2334980030,2334980117,0,57.79,0,6,52.56706976744186,0.01901977717060464,0.0008022646550825755,5.46634566538812e-16,0.0001921628573264921,PARELHEIROS
2334980030,2334980105,0,156.44,0,6,53.42455813953488,0.01871450112656143,0.0012461069834268112,4.901840679241811e-16,0.00019248266333121624,PARELHEIROS
2334980030,2334980050,0,179.051,0,6,53.4893023255814,0.018691848837411523,0.0008166152153523661,4.403882157468457e-16,0.00019851495733709838,PARELHEIROS
2334980031,2334980045,0,58.899,0,6,54.31962790697674,0.01840612669881631,0.0006538616389592654,2.790412261751509e-16,0.0002070466400386677,PARELHEIROS
2334980031,2334980145,0,161.154,0,6,54.285023255813954,0.018417859909110226,0.0011753792220971294,3.5568907514872004e-16,0.00019765660275471343,PARELHEIROS
2334980032,2334980118,0,162.326,0,5,53.34381395348837,0.01874282844417783,4.100160077083009e-06,2.506901558341686e-16,0.0001739350005259338,PARELHEIROS
2334980033,2334980146,0,126.805,0,4,42.945302325581395,0.023281101758429328,0.0006040902513568967,3.219750461312825e-18,0.00018557855904829528,PARELHEIROS
2334980034,2334980043,0,157.584,0,5,55.610232558139536,0.0179789565246483,0.0004106993677211481,3.3033418560321136e-17,0.00018851985782637038,PARELHEIROS
2334980035,2334980096,0,126.039,0,5,53.688186046511625,0.018622606333210893,0.0006768680927251201,1.789215574044102e-16,0.0001879672990177932,PARELHEIROS
2334980035,2334980153,0,59.548,0,4,52.820837209302326,0.018928400349404042,5.2049254311859314e-05,9.184051167854145e-17,0.0001614442048399098,PARELHEIROS
2334980035,2334980091,0,57.206,0,4,53.73860465116279,0.018605134241548235,0.00015216149619396945,6.579548155223971e-17,0.00017129953151654717,PARELHEIROS
2334980037,2334980122,0,160.226,0,6,54.69823255813954,0.01827872504702333,0.0003931597940580708,1.7138025090022742e-16,0.0002062515372159447,PARELHEIROS
2334980037,2334980045,0,160.294,0,6,55.19013953488372,0.01811580767713815,1.6970106985704677e-05,2.055709132361056e-16,0.0002096425099379797,PARELHEIROS
2334980037,2334980154,0,60.756,0,5,54.711441860465115,0.01827431190788713,0.0016401779241686783,1.2869479881442743e-16,0.0001811165278707026,PARELHEIROS
2334980037,2334980145,0,59.58,0,6,54.25786046511628,0.018427080333017872,0.0017252562457681507,2.7087190911881876e-16,0.0002002524726540255,PARELHEIROS
2334980038,2334980151,0,59.525,0,6,52.64446511627907,0.018991815213242676,0.0006673010525452597,4.83184721667236e-16,0.00019698275526329494,PARELHEIROS
2334980038,2334980133,0,56.678,0,6,51.74455813953488,0.01932210824551374,0.0016244606438731934,5.314360606674875e-16,0.00019368703663396903,PARELHEIROS
2334980038,2334980112,0,177.96699999999998,0,6,51.71646511627907,0.019332604253604627,0.0002084248039183863,5.693069680866625e-16,0.0001921826458128567,PARELHEIROS
2334980038,2334980096,0,160.122,0,6,52.69767441860465,0.018972639011473964,0.0006915603330013342,3.806672532862476e-16,0.0002024174387629345,PARELHEIROS
2334980039,5207359010,0,53.499,0,4,44.77153488372093,0.022331464759585615,0.0016389250974784585,2.4007463686429864e-17,0.0001707311363490689,PARELHEIROS
2334980039,2334980084,0,109.97,0,4,43.84893023255814,0.02280133057262143,0.0024772939399064593,1.289418314365304e-17,0.00017463771413454675,PARELHEIROS
2334980040,2334980076,0,59.846,0,4,43.648744186046514,0.02290590421632312,0.029424457113179793,-7.12434024865046e-18,0.0001916614549479261,PARELHEIROS
2334980040,5055379923,0,89.258,0,4,43.286325581395346,0.023097685933363133,0.0052497994053628955,-1.301689198852976e-17,0.00018955503375056777,PARELHEIROS
2334980040,5055387017,0,176.196,0,4,42.73060465116279,0.023398076429072132,0.024539799741348234,-9.506893543234663e-18,0.00018975314606080047,PARELHEIROS
2334980042,2334980097,0,100.273,0,4,45.53618604651163,0.02195647111216431,0.0012340342898665114,-3.5671812703077126e-18,0.00016942771681631842,PARELHEIROS
2334980042,2334980139,0,60.438,0,5,45.50939534883721,0.02196939655701046,0.0008348381490282905,2.4208666183829654e-17,0.0001931357324124234,PARELHEIROS
2334980042,5055379394,0,78.595,0,5,44.63274418604651,0.022400907040821004,4.931581426047064e-05,-7.716408420403457e-18,0.00020767548179924275,PARELHEIROS
2334980043,2334980138,0,58.345,0,6,55.735255813953486,0.017938626797117267,0.0006585312657137211,3.79069490152119e-17,0.00022251620300069397,PARELHEIROS
2334980043,11732268315,0,216.34,0,3,56.605767441860465,0.017662757677745056,0.0004772130756382725,3.0137733340759124e-17,0.00012398531225952852,PARELHEIROS
2334980044,5207415515,0,160.535,0,5,55.78474418604651,0.017922712886410556,0.001975366010470214,4.522829851424659e-18,0.00021650402529127917,PARELHEIROS
2334980044,2334980073,0,159.733,0,5,55.222325581395346,0.018105248972441212,0.003710986549766547,1.096476292776109e-17,0.00020279968475665202,PARELHEIROS
2334980045,2334980157,0,60.622,0,5,55.22046511627907,0.018105858967015935,0.0013168347447564933,1.3102105119681356e-16,0.00019178162282905675,PARELHEIROS
2334980046,2334980075,0,61.479,0,5,53.98251162790697,0.018521071423647967,9.475925511480732e-05,2.962516850999643e-17,0.0002086745449143812,PARELHEIROS
2334980046,11732268318,0,255.339,0,2,54.229023255813956,0.018436879247703968,0.0004772130756382725,5.458076449020668e-18,0.0001010370531018159,PARELHEIROS
2334980047,2334980115,0,59.848,0,6,48.02195348837209,0.02081993506845706,0.005496492370000723,2.643772953668336e-16,0.00021874046820878905,PARELHEIROS
2334980047,2334980057,0,161.124,0,5,48.07962790697675,0.020794960298419676,0.005173376977259487,1.9251218287534436e-16,0.00019905112942708293,PARELHEIROS
2334980047,2334980079,0,160.947,0,6,48.051906976744185,0.020806956818014626,1.389498692789242e-05,3.8517851298077843e-16,0.00020529172254029525,PARELHEIROS
2334980048,2334980082,0,10.59,0,4,47.2386976744186,0.021165146430990753,0.01611647643632309,4.517449602628457e-17,0.0001848177390027791,PARELHEIROS
2334980048,2334980159,0,50.352000000000004,0,4,46.70362790697674,0.02140762930622391,0.02072072841621636,3.540470898814142e-17,0.00017685698653286416,PARELHEIROS
2334980049,5846948563,0,7.854,0,4,50.74511627906977,0.01970266356253781,0.010089696696352964,4.432574295967283e-17,0.00019469781718881745,PARELHEIROS
2334980049,2334980101,0,162.475,0,5,49.78920930232558,0.02008093656232601,0.003598573827653188,1.6142349869580814e-16,0.0002007038961650941,PARELHEIROS
2334980050,8940311955,0,42.069,0,5,54.47032558139535,0.018355204284474926,0.0006545449989721127,2.5849587962946657e-16,0.00017864594679322163,PARELHEIROS
2334980050,2334980151,0,61.094,0,6,53.542511627906975,0.018673273312925006,0.0004364392615383914,4.1116653875691645e-16,0.00020136987855432517,PARELHEIROS
2334980051,2334980139,0,59.523,0,6,45.45041860465116,0.021997904181812227,0.0008459996959047942,8.372344458719327e-17,0.00021537759605533643,PARELHEIROS
2334980051,2334980072,0,160.78,0,5,46.32688372093023,0.02158172260217584,0.006787928900946397,7.943007788555751e-17,0.000190422207934619,PARELHEIROS
2334980051,2334980143,0,161.449,0,6,46.329116279069765,0.02158068259851658,0.006506270682317889,1.608740033499985e-16,0.0002068003813072556,PARELHEIROS
2334980052,2334980117,0,158.382,0,6,52.53283720930233,0.019032171239959768,0.002736059598104587,5.985964788345433e-16,0.0001907973824636362,PARELHEIROS
2334980052,2334980105,0,58.979,0,6,52.51013953488372,0.019040397956363687,0.0011728735687166897,5.43453799059659e-16,0.00019111718846836036,PARELHEIROS
2334980052,2334980086,0,62.105,0,6,51.61637209302326,0.019370093498367203,0.0012368816232533745,6.227679271887202e-16,0.00019106871784827217,PARELHEIROS
2334980052,2334980099,0,162.425,0,6,52.475720930232555,0.019052886473301497,0.0031251192320855747,5.337487440853421e-16,0.00019479192123502396,PARELHEIROS
2334980053,2334980062,0,161.422,0,5,54.141209302325585,0.018466782814277223,0.00239984647178378,4.0280466868482845e-17,0.00019263847910132135,PARELHEIROS
2334980053,2334980065,0,59.923,0,4,54.14493023255814,0.0184655137460528,0.002652575783201758,3.794637842585468e-17,0.0001587821711033414,PARELHEIROS
2334980054,2334980091,0,128.049,0,5,54.5886511627907,0.018315417805558017,0.0008020368684116265,1.0513797318210419e-16,0.00020186254378411282,PARELHEIROS
2334980054,2334980096,0,58.405,0,6,53.650232558139535,0.018635780420986927,0.000530401263304877,2.184038094670783e-16,0.00021665159301125842,PARELHEIROS
2334980054,8940311951,0,97.33699999999999,0,5,54.568558139534886,0.018322161837807615,0.001805778833948642,1.6173218913389713e-16,0.00018771125567383276,PARELHEIROS
2334980054,8940311955,0,180.354,0,5,54.53227906976744,0.018334351150246835,0.0,1.4901195984847964e-16,0.00018807210356488124,PARELHEIROS
2334980055,5207359010,0,24.452,0,4,45.68372093023256,0.021885563021787822,0.002790386719125937,3.8902293422121115e-17,0.00016832958219967513,PARELHEIROS
2334980055,2334980058,0,116.42999999999999,0,5,46.610418604651166,0.0214504392669969,0.0013817539459769742,7.585450497416328e-17,0.00019778693263020286,PARELHEIROS
2334980055,5207415501,0,113.416,0,4,46.66567441860465,0.0214250402666369,0.0009398478043358054,4.760266427626749e-17,0.0001670336336081782,PARELHEIROS
2334980056,2334980082,0,167.514,0,2,48.182511627906976,0.02075055699066727,0.0004772130756382725,2.1206642124815218e-17,0.00010786700174012102,PARELHEIROS
2334980057,2334980082,0,49.694,0,4,48.1233488372093,0.02077606770199062,0.015780491096673233,5.701916571940556e-17,0.0001882231983893694,PARELHEIROS
2334980057,2334980109,0,8.914,0,4,48.61004651162791,0.02056805177607079,0.0108112109765841,5.860849118703617e-17,0.00019060193468910095,PARELHEIROS
2334980058,2334980098,0,63.065,0,6,47.43925581395349,0.02107566689935918,0.0016900632051065215,1.5745345389644154e-16,0.00022079907382569234,PARELHEIROS
2334980058,5207415501,0,44.599,0,5,47.521674418604654,0.021039114587615346,4.214053412557537e-06,7.818299690703179e-17,0.0001977064861131136,PARELHEIROS
2334980058,2334980089,0,165.59,0,5,47.52,0.021039855923576854,8.587557494779414e-05,8.155110002827411e-17,0.00019592772102288586,PARELHEIROS
2334980061,2334980121,0,140.104,0,4,56.38586046511628,0.017731643097065403,0.0015465576024086163,3.251910111072269e-17,0.00018676594365590063,PARELHEIROS
2334980061,7889715518,0,45.862,0,2,56.80576744186047,0.01760057118340424,0.0004772130756382725,2.2632050779293037e-17,0.00010446752258123485,PARELHEIROS
2334980062,2334980154,0,159.946,0,5,54.63218604651163,0.018300822753773226,0.002011128517809216,5.544341375589027e-17,0.00018875404761989546,PARELHEIROS
2334980062,2334980122,0,60.057,0,6,54.21637209302325,0.01844118141606586,0.0005608107838765761,9.843422121190608e-17,0.00021423984194608102,PARELHEIROS
2334980062,2334980095,0,53.136,0,5,54.25823255813953,0.018426953963475268,0.0004875773691664545,4.361720161154474e-17,0.00019292160735366647,PARELHEIROS
2334980063,2334980134,0,143.022,0,5,49.25153488372093,0.02030015827626196,0.00032311539274123603,1.9215514899094535e-16,0.00018667748474999394,PARELHEIROS
2334980063,2334980104,0,57.674,0,6,49.19460465116279,0.020323650542127893,0.0020661389988434133,3.2842367161819866e-16,0.00020783084235772182,PARELHEIROS
2334980063,2334980092,0,61.16,0,5,48.34530232558139,0.020680684686903514,3.268738728118955e-05,1.9817925463843962e-16,0.00018341505434001744,PARELHEIROS
2334980063,2334980150,0,162.60399999999998,0,6,48.26102325581395,0.02071679972860761,0.002526040287489557,3.4260770135468143e-16,0.00020493470758893182,PARELHEIROS
2334980064,2334980074,0,109.86,0,2,45.44911627906977,0.021998534522635074,0.0004772130756382725,-6.388869567099687e-18,0.00011299446829242241,PARELHEIROS
2334980065,2334980122,0,161.33,0,5,54.25581395348837,0.018427775396485213,0.0007849528680904472,9.167311517599573e-17,0.00018139305800839617,PARELHEIROS
2334980067,2334980071,0,60.472,0,6,51.836651162790695,0.019287780577269563,0.0001669676298056581,3.591928309704205e-16,0.00020382233087148482,PARELHEIROS
2334980067,2334980120,0,59.408,0,6,50.96539534883721,0.019617506087121584,0.0007489625740804964,3.9743609889403004e-16,0.0002029122537214054,PARELHEIROS
2334980067,2334980080,0,127.66,0,5,51.8980465116279,0.019264963147781696,0.00046457091540059986,2.464663489155382e-16,0.0001804115417275445,PARELHEIROS
2334980067,2334980129,0,161.256,0,6,50.90753488372093,0.019639802944143143,0.0003363270196562813,4.735156490100939e-16,0.0001974714760367531,PARELHEIROS
2334980069,2334980103,0,175.924,0,6,49.05153488372093,0.020382929012486155,0.0013128484780148848,6.218503154523767e-16,0.00019133259719357102,PARELHEIROS
2334980069,2334980129,0,59.773,0,6,49.97748837209302,0.020005286100904966,0.000987455218564158,5.765573421898156e-16,0.00019213673722750347,PARELHEIROS
2334980069,2334980088,0,60.751,0,6,49.10083720930233,0.020362462440843145,0.0007644520677050322,5.566028136352618e-16,0.00019292802360225197,PARELHEIROS
2334980069,2334980120,0,161.40699999999998,0,6,50.032744186046514,0.01998319240237091,0.0006310829718643599,4.805318607075486e-16,0.00019757751491215577,PARELHEIROS
2334980070,2334980109,0,50.324,0,4,49.48967441860465,0.020202475874695026,0.010554495398424513,4.446245775644394e-17,0.0001935376085272681,PARELHEIROS
2334980070,2334980102,0,11.011,0,4,49.925023255813954,0.020026309219033565,0.010579893612235334,3.7700806301422635e-17,0.0001994479806010975,PARELHEIROS
2334980070,2334980115,0,162.333,0,5,48.9566511627907,0.020422433514984305,0.0001802931500561779,1.4241031218604036e-16,0.00020598652869218857,PARELHEIROS
2334980071,2334980096,0,60.487,0,6,52.73246511627907,0.0189601216496082,7.630853476793378e-05,2.983733412030853e-16,0.0002073916668441613,PARELHEIROS
2334980071,2334980153,0,126.988,0,5,52.76576744186047,0.01894815525217195,0.00046741824878746306,2.2333456260121035e-16,0.00018228518031111616,PARELHEIROS
2334980071,2334980133,0,159.395,0,6,51.775255813953486,0.019310652120793987,0.0008539722293880112,4.4177635025051715e-16,0.00019866126471519593,PARELHEIROS
2334980072,2334980159,0,9.729,0,4,46.351255813953486,0.021570374651799406,0.013879041860925987,1.9004142781198924e-17,0.00017350207650227784,PARELHEIROS
2334980072,2334980097,0,58.395,0,4,46.38418604651163,0.02155506086677496,0.006710481432823718,2.0024906717982458e-17,0.00017038212990510404,PARELHEIROS
2334980073,2334980095,0,29.521,0,4,54.68093023255814,0.01828450886325746,0.002021265024666449,1.5823884203677618e-17,0.00016405483430926573,PARELHEIROS
2334980074,5846948538,0,65.983,0,4,45.32502325581395,0.02205876316588814,0.028361262826525072,-5.414476615954266e-18,0.0001981131650059621,PARELHEIROS
2334980074,2334980076,0,60.353,0,4,44.565023255813955,0.022434947419396587,0.029084485506788327,-2.9770065314444663e-18,0.00019961838128749792,PARELHEIROS
2334980075,2334980152,0,59.604,0,6,54.40762790697674,0.018376356256475664,0.00018883515021676748,5.256815437965027e-17,0.00022701872687008262,PARELHEIROS
2334980075,7889715512,0,308.028,0,3,54.68781395348837,0.018282207336696752,0.0004772130756382725,1.912645856939955e-17,0.00012778054763254492,PARELHEIROS
2334980076,2334980147,0,181.431,0,4,44.201488372093024,0.022619463513803596,2.3575920443227303e-05,-1.3524293708776503e-17,0.000191346754898654,PARELHEIROS
2334980077,11732268308,0,41.746,0,3,56.77004651162791,0.017611645840092546,0.0004772130756382725,2.0397640747451385e-18,0.00013581567572541338,PARELHEIROS
2334980077,11732268309,0,102.856,0,3,56.77004651162791,0.017611645840092546,0.0004772130756382725,4.364895624952241e-19,0.00013581567572541338,PARELHEIROS
2334980078,2334980145,0,157.539,0,6,53.793116279069764,0.01858628059957529,0.003891735273164623,2.886385003244434e-16,0.00019736857338990545,PARELHEIROS
2334980078,2334980118,0,58.77,0,6,53.327255813953485,0.018748648101760433,0.0017155753122528158,3.025213712960168e-16,0.0001987907012461131,PARELHEIROS
2334980078,2334980122,0,58.961,0,6,53.778046511627906,0.01859148887589645,0.0006302857185160382,1.9759938368497916e-16,0.00020336763795182465,PARELHEIROS
2334980079,2334980137,0,158.821,0,6,48.100093023255816,0.02078611267976081,0.0006352970252769174,5.492332075620255e-16,0.00019335689218877105,PARELHEIROS
2334980079,2334980155,0,60.496,0,6,48.076279069767445,0.02079640880770868,0.00262672199604904,5.242521486417306e-16,0.00019646014886309164,PARELHEIROS
2334980079,2334980127,0,59.494,0,6,47.182139534883724,0.02119051749972398,0.0021356139334828754,4.230617888667089e-16,0.00019612047611429674,PARELHEIROS
2334980080,2334980153,0,61.112,0,4,51.924651162790695,0.019255092352066502,4.339336081579518e-05,1.1598335150135963e-16,0.0001574541192117943,PARELHEIROS
2334980080,2334980136,0,62.013,0,4,51.052279069767444,0.019584119880760625,3.1662347261918795e-05,1.3433930082213894e-16,0.00015643698841627128,PARELHEIROS
2334980083,2334980104,0,137.443,0,5,50.12688372093023,0.01994566346981799,0.0003040952057169899,2.491674640551919e-16,0.00018182769798044782,PARELHEIROS
2334980083,2334980134,0,59.32,0,4,49.28148837209302,0.02028781975778442,0.0001547810429098836,1.2590428498981958e-16,0.00015934130097725795,PARELHEIROS
2334980083,2334980136,0,59.301,0,4,50.17562790697674,0.019926286828776316,0.00032721555281831907,1.3901038235331035e-16,0.00015691788820754589,PARELHEIROS
2334980084,2334980146,0,73.816,0,4,42.94195348837209,0.02328291734001118,0.004012120528761199,4.676360822989456e-18,0.00018163827956130057,PARELHEIROS
2334980084,2334980116,0,43.119,0,4,43.80688372093023,0.02282321563564397,0.0019074855825273957,6.558495006303777e-18,0.00017171258788344947,PARELHEIROS
2334980085,2334980111,0,59.828,0,6,50.67962790697674,0.019728123405395682,0.0009193470039503903,4.351890299693682e-16,0.00020518614089049355,PARELHEIROS
2334980085,2334980099,0,61.117,0,6,51.57320930232558,0.01938630476973803,0.0006192380649750089,4.686099478375198e-16,0.00020050726480980939,PARELHEIROS
2334980085,2334980135,0,160.78,0,5,51.59404651162791,0.019378475252237504,0.000826296148867701,3.231871508017103e-16,0.000180248332873452,PARELHEIROS
2334980085,2334980086,0,162.292,0,6,51.60893023255814,0.019372886610573976,0.0005945232111770364,5.560976954086897e-16,0.00019678406142305754,PARELHEIROS
2334980086,2334980140,0,60.213,0,6,50.71851162790698,0.019712998694114713,0.0020547496652959605,6.574979811757782e-16,0.00019246375776286334,PARELHEIROS
2334980086,2334980112,0,159.394,0,6,51.65990697674419,0.019353769915583855,0.0009590957780310006,6.660907284448442e-16,0.00019048900447791658,PARELHEIROS
2334980087,2334980110,0,59.59,0,6,46.37879069767442,0.021557568415394367,0.0007278923070177087,2.946381572673709e-16,0.00020131924244634272,PARELHEIROS
2334980087,5207359011,0,35.633,0,5,46.437581395348836,0.021530276199709937,0.0037869534045280573,1.329574551862411e-16,0.00018245393203270596,PARELHEIROS
2334980087,2334980143,0,157.543,0,6,46.376,0.021558865652241938,0.004108588183908125,1.9234761012255139e-16,0.00020501555742659437,PARELHEIROS
2334980088,2334980137,0,177.447,0,6,48.15516279069767,0.020762341887078206,0.0007301701737271992,5.692004365353613e-16,0.00019227489902325827,PARELHEIROS
2334980088,2334980150,0,61.505,0,6,48.206697674418606,0.02074014611498547,0.0007947476949412566,4.571371420101295e-16,0.00019629189568345673,PARELHEIROS
2334980088,2334980104,0,160.207,0,6,49.136372093023255,0.020347736532024777,0.00031263720587757947,4.412471879585447e-16,0.00019918803045224673,PARELHEIROS
2334980089,2334980092,0,58.232,0,4,48.42753488372093,0.02064556777232249,0.0004846161424441168,9.040519754162638e-17,0.00015932223691559575,PARELHEIROS
2334980089,2334980131,0,52.664,0,4,48.50995348837209,0.020610490870250554,8.997573502487715e-06,5.529500565074164e-17,0.00016618910029608764,PARELHEIROS
2334980090,2334980139,0,58.559,0,5,44.628279069767444,0.02240314828016025,0.0012293646631120557,2.7570690430432107e-17,0.00019324872772654307,PARELHEIROS
2334980090,2334980116,0,164.24599999999998,0,4,44.66344186046511,0.022385510651237575,3.0523413907173515e-05,1.4343702286382415e-17,0.0001659928260069896,PARELHEIROS
2334980091,5207415500,0,158.762,0,2,54.67981395348837,0.018284882138385323,0.0004772130756382725,2.4958049187712708e-17,9.929654573239824e-05,PARELHEIROS
2334980092,2334980098,0,163.44,0,5,47.435906976744185,0.02107715478020771,0.0008441774025372018,1.552325958884337e-16,0.00018494870118057258,PARELHEIROS
2334980093,2334980109,0,137.449,0,2,49.55181395348837,0.020177141333853968,0.0004772130756382725,1.3995741416591423e-17,0.0001102457380398526,PARELHEIROS
2334980095,2334980156,0,162.421,0,4,54.13004651162791,0.01847059106578816,0.002030490384839886,2.815779539304587e-17,0.00016372526486832235,PARELHEIROS
2334980097,5055380023,0,71.287,0,4,45.501581395348836,0.02197316934550703,0.005092398815737097,-1.548972407572783e-18,0.0001751066391687578,PARELHEIROS
2334980098,2334980150,0,57.453,0,6,47.35702325581396,0.021112263498648563,0.0012873363708685904,2.910882223499259e-16,0.00020653355698455191,PARELHEIROS
2334980098,5207359011,0,139.923,0,5,46.50418604651163,0.02149943991038566,0.0016986052052671112,1.3996741097478724e-16,0.00018542855969122383,PARELHEIROS
2334980099,2334980118,0,60.627,0,6,52.46511627906977,0.01905673758865248,0.0013997490929819497,4.076064214900021e-16,0.00019846040027255747,PARELHEIROS
2334980100,2334980138,0,60.088,0,6,55.34586046511628,0.018064837100482716,0.000881762203243796,5.790373354697931e-17,0.00021779449763854533,PARELHEIROS
2334980100,2334980152,0,62.113,0,6,55.02306976744186,0.01817081376437452,7.516960141318851e-06,5.37306629212126e-17,0.00021850178613491754,PARELHEIROS
2334980100,11732268316,0,225.196,0,3,55.688186046511625,0.01795378920500862,0.0004772130756382725,3.7262535684675275e-17,0.0001192636068973799,PARELHEIROS
2334980101,2334980115,0,58.735,0,6,48.89339534883721,0.02044885503154466,0.0012258339697123453,2.3780754937792723e-16,0.00022124241977937648,PARELHEIROS
2334980101,2334980111,0,59.892,0,6,49.7873488372093,0.020081686951387668,0.0008113761219205377,3.3083334875258025e-16,0.00021400545945662218,PARELHEIROS
2334980101,5846948566,0,143.267,0,5,49.819720930232556,0.020068638178212795,0.0038312579120276485,2.4066810515714427e-16,0.00018482155263798702,PARELHEIROS
2334980102,5846948563,0,39.491,0,4,50.819534883720934,0.019673811572184292,0.010333656220939404,1.9614577256957192e-17,0.00021075515551010314,PARELHEIROS
2334980102,2334980107,0,113.602,0,2,50.89004651162791,0.019646552165361528,0.0004772130756382725,1.0306868875371056e-17,0.00011615611011368202,PARELHEIROS
2334980103,2334980155,0,162.363,0,6,48.99646511627907,0.020405838484788653,0.0009579568446762553,5.96547933228679e-16,0.00019378272928889792,PARELHEIROS
2334980103,2334980158,0,59.353,0,6,49.00204651162791,0.020403514233862087,0.0006347275585995447,6.709992060394386e-16,0.00019031606310859777,PARELHEIROS
2334980103,2334980137,0,61.137,0,6,48.12539534883721,0.020775184208695115,0.001435853280327375,6.072649576573785e-16,0.00019067947261457732,PARELHEIROS
2334980104,2334980120,0,60.587,0,6,50.08874418604651,0.019960850880483754,0.0013311853050262837,3.7632996461417617e-16,0.00020383752176215064,PARELHEIROS
2334980105,2334980145,0,58.324,0,6,53.374139534883724,0.01873217933255718,0.0027195450644607803,4.077349208937245e-16,0.00019336353964968616,PARELHEIROS
2334980105,2334980118,0,160.455,0,6,53.36595348837209,0.018735052746808346,2.015912037899146e-05,4.1842108959864833e-16,0.00019478566750589387,PARELHEIROS
2334980108,5846948566,0,16.153,0,5,49.85655813953488,0.0200538101866191,0.0008597807894972122,3.9412502799758074e-16,0.00017378536956636777,PARELHEIROS
2334980108,2334980158,0,161.325,0,6,49.87051162790698,0.020048199243436024,0.0009251555640595912,6.190120471063328e-16,0.00019346395257014847,PARELHEIROS
2334980108,2334980140,0,60.187,0,6,49.82306976744186,0.020067289272924844,0.00422065922601506,6.077634772214301e-16,0.00019512452177191682,PARELHEIROS
2334980108,2334980155,0,57.822,0,6,48.95293023255814,0.02042398583166744,0.004741379555804602,5.666107354528395e-16,0.00019693061875044866,PARELHEIROS
2334980110,2334980137,0,59.179,0,6,47.23125581395349,0.021168481257976587,0.0019844774773081766,4.94945837280979e-16,0.0001928320085615037,PARELHEIROS
2334980110,2334980127,0,158.323,0,6,47.224744186046514,0.021171400093762435,0.004232845812910835,3.818458307162782e-16,0.0001955955924870294,PARELHEIROS
2334980110,2334980150,0,176.361,0,6,47.27981395348837,0.021146740434975938,0.00253868244772723,4.178683907750572e-16,0.00019684900522170222,PARELHEIROS
2334980111,2334980141,0,160.764,0,5,50.67739534883721,0.019728992514436966,0.0016553257377867905,2.644353506010104e-16,0.00018839869658096337,PARELHEIROS
2334980111,2334980140,0,160.909,0,6,50.686511627906974,0.01972544413448833,0.0009079576704029375,5.301755824127465e-16,0.00020086583723029935,PARELHEIROS
2334980112,2334980117,0,60.256,0,6,51.669023255813954,0.019350355212605457,0.0008567056694393999,6.167861190791391e-16,0.00019021766909328058,PARELHEIROS
2334980112,2334980149,0,60.346,0,6,50.76911627906977,0.019693349555122322,0.0005609246772120506,6.866161328946011e-16,0.00018952804245219145,PARELHEIROS
2334980115,7512525248,0,144.083,0,5,48.95311627906977,0.020423908210228676,0.004010412128729081,2.1909888221842717e-16,0.0001864763800905056,PARELHEIROS
2334980116,2334980148,0,58.415,0,5,44.65804651162791,0.02238821515016435,0.002258049269117993,4.572541535856766e-17,0.0001916486455210923,PARELHEIROS
2334980117,2334980151,0,177.50799999999998,0,6,52.59572093023256,0.019009416275795714,0.0023567947909744085,5.197168191104094e-16,0.00019501777854371888,PARELHEIROS
2334980120,2334980136,0,128.945,0,5,51.02325581395349,0.019595259799453053,0.0007720829211818256,2.6656760025648703e-16,0.0001802829061735156,PARELHEIROS
2334980121,2334980157,0,33.547,0,4,55.816372093023254,0.01791255712252469,0.000976863138365027,3.821435655868517e-17,0.00017649146595196676,PARELHEIROS
2334980121,5207415515,0,39.196,0,4,55.888,0.017889599797601848,0.001336424398458112,1.4867478096868807e-17,0.00018748129253193707,PARELHEIROS
2334980123,2510187128,0,167.954,0,6,52.98362790697674,0.01887024337487315,0.0008535166560461131,2.1113454327649227e-16,0.00019931610252949455,PARELHEIROS
2334980127,2334980143,0,59.732,0,6,46.331162790697675,0.021579729349877525,0.0014532789606549778,2.6757146171941194e-16,0.0001992919074672811,PARELHEIROS
2334980129,2334980133,0,62.152,0,6,50.84874418604651,0.019662510244702027,0.0007034052398906852,5.593145052812354e-16,0.0001923104098804641,PARELHEIROS
2334980129,2334980158,0,176.78500000000003,0,6,49.926325581395346,0.020025786833809074,0.0005069392361971243,6.436870477526614e-16,0.00019112020314253017,PARELHEIROS
2334980131,5207415501,0,173.62300000000002,0,4,47.59609302325581,0.02100621899784622,0.0004675321421229376,4.4025779385889324e-17,0.00016786078359962413,PARELHEIROS
2334980131,2334980134,0,289.81,0,4,48.42902325581395,0.020644933270842776,1.1389333547452805e-06,7.776433072521774e-17,0.00016494769565305342,PARELHEIROS
2334980133,2334980149,0,178.578,0,6,50.794046511627904,0.019683683859672257,0.002199849774690509,6.240592978493057e-16,0.0001910324332733039,PARELHEIROS
2334980138,7889715513,0,201.001,0,3,55.85562790697674,0.017899968023875508,0.0004772130756382725,2.946301274331642e-17,0.00012036158824012868,PARELHEIROS
2334980139,2334980148,0,162.836,0,6,45.5086511627907,0.02196975581438132,2.5739893817243335e-05,5.49874423712088e-17,0.000217561192307536,PARELHEIROS
2334980140,2334980149,0,160.353,0,6,50.737488372093026,0.01970562567378279,0.0026198883959205684,6.59561455947463e-16,0.00019150279573713826,PARELHEIROS
2334980143,2334980148,0,59.5,0,6,45.48372093023256,0.021981797729829226,0.003465546411818939,1.2250638972051824e-16,0.0002089839775594552,PARELHEIROS
2334980147,5055379923,0,100.34799999999998,0,4,43.799627906976745,0.02282699651266019,0.003540374333225704,-6.292624455022167e-18,0.00018924033370129562,PARELHEIROS
2334980149,2334980158,0,60.441,0,6,49.87330232558139,0.0200470774315568,0.0005982816912476958,6.830106881139217e-16,0.0001898422265353699,PARELHEIROS
2334980151,8940311951,0,61.562,0,5,53.580651162790694,0.018659981388630398,0.0020972318794279595,3.00435492315624e-16,0.00017616309589948975,PARELHEIROS
2334980152,11732268317,0,238.102,0,3,55.08427906976744,0.018150622471105587,0.0004772130756382725,3.049375111704747e-17,0.00012106887673650092,PARELHEIROS
2334980155,7512525248,0,14.891,0,5,48.989209302325584,0.020408860802758652,0.006208553503387473,3.813229113470471e-16,0.000174246885211477,PARELHEIROS
2334980159,5846948538,0,56.333,0,4,45.818232558139535,0.021821312121101378,0.02800101820641914,3.703994614932926e-18,0.0001850249459837457,PARELHEIROS
2337271511,6172874671,0,37.481,0,2,44.00893023255814,0.02271843346804877,0.0004772130756382725,-2.1317076699952027e-18,0.0001384987121626601,PARELHEIROS
2337271511,6172874670,0,20.221,0,2,44.00893023255814,0.02271843346804877,0.0004772130756382725,3.316112637193792e-19,0.0001384987121626601,PARELHEIROS
2337271511,2337271856,0,85.249,0,4,43.009488372093024,0.023246357753400008,0.0014309558669019702,-5.945209862868439e-19,0.00024094977191831503,PARELHEIROS
2337271559,2337271601,0,146.637,0,3,42.88074418604651,0.023316152097325626,0.0004772130756382725,-2.1388676584081034e-18,0.00014774595575768823,PARELHEIROS
2337271601,8353461226,0,102.697,0,5,42.79479069767442,0.023362982671222752,0.000690649186317538,-5.7309697920426396e-18,0.0002328753919489805,PARELHEIROS
2337271601,2337272327,0,69.988,0,5,41.964837209302324,0.02382504067635806,0.062061731326760544,-9.615840689951155e-18,0.00023469236755052408,PARELHEIROS
2337271601,2337271658,0,59.387,0,5,42.795162790697674,0.02336277953604841,0.06279042088712658,-1.012464533121888e-17,0.00023728543085038104,PARELHEIROS
2337271614,2337271674,0,20.609,0,4,46.498046511627905,0.02150227866537029,0.0013779954659063147,-1.1584924790053647e-18,0.00020068594510628266,PARELHEIROS
2337271614,2337272378,0,132.98899999999998,0,4,46.497302325581394,0.02150262280782481,0.0004253916079973622,-3.7408341089677725e-18,0.00019540913082392153,PARELHEIROS
2337271614,2337272206,0,62.538,0,4,45.500651162790696,0.021973618573309456,0.002278550069503408,-1.0212017804788831e-17,0.00019376793621076914,PARELHEIROS
2337271652,5308799847,0,18.98,0,4,40.17023255813953,0.024889424078919944,0.11469935860968128,5.450576191270634e-18,0.0001829971786378691,PARELHEIROS
2337271658,2337272318,0,170.74399999999997,0,2,43.70641860465116,0.022875677884574456,0.0004772130756382725,-2.3750272217420254e-18,0.00011000153381301447,PARELHEIROS
2337271670,2337271833,0,38.323,0,4,40.204279069767445,0.024868346768595728,0.05795655994291666,-6.244687312500593e-20,0.00019818479487932204,PARELHEIROS
2337271670,7889100077,0,108.86599999999999,0,4,41.1486511627907,0.024297611835025816,0.0014309558669019702,1.227451703649045e-18,0.00022984192357243386,PARELHEIROS
2337271674,2337271898,2,170.309,0,3,47.496,0.021050487482911658,0.0,-5.9568416967491e-18,0.00015927067826309612,PARELHEIROS
2337271674,2337271898,3,121.447,0,3,47.496,0.021050487482911658,0.0009016935369518384,-3.203535889577193e-18,0.00015927067826309612,PARELHEIROS
2337271737,2337271755,0,347.856,0,2,41.49190697674418,0.02409660163483829,0.0004772130756382725,-6.859203051137313e-19,0.00013380684645779544,PARELHEIROS
2337271737,5308788978,0,135.48000000000002,0,4,40.49246511627907,0.024691358024691357,0.0014309558669019702,-2.4073197961095677e-18,0.00022647810095966815,PARELHEIROS
2337271737,5308788937,0,222.64299999999997,0,2,41.49190697674418,0.02409660163483829,0.0004772130756382725,-4.395731976232846e-18,0.00013380684645779544,PARELHEIROS
2337271742,5308746343,0,88.191,0,4,43.44930232558139,0.023011047358054294,0.010055528695710607,-1.6274128005797042e-18,0.0002005359976170749,PARELHEIROS
2337271742,2337272305,0,67.43799999999999,0,4,43.51181395348837,0.022977988335699258,0.009336292282188961,-6.1722181066400374e-18,0.00019440687589209697,PARELHEIROS
2337271811,7889103542,0,7.492,0,4,42.70344186046512,0.02341295946952699,0.061840322682598065,1.4477033808047002e-18,0.00021490561180193696,PARELHEIROS
2337271811,4340477363,0,123.806,0,2,42.780093023255816,0.023371009337096585,0.0004772130756382725,3.534457828659104e-18,0.00011757289444651638,PARELHEIROS
2337271811,2337272042,0,23.219,0,4,41.84948837209302,0.023890709119280165,0.061812304922071334,8.650106413698508e-19,0.00020419959217288507,PARELHEIROS
2337271820,2337271860,0,49.163,0,2,48.48967441860465,0.020619110469934622,0.0004772130756382725,-3.784342853134919e-18,0.00011520146776514876,PARELHEIROS
2337271820,5308753330,0,78.062,0,4,47.49097674418605,0.021052714052902093,0.001005564258904608,-7.005158319957061e-18,0.00020375610126961707,PARELHEIROS
2337271820,2337271888,0,73.408,0,4,48.48837209302326,0.020619664268585133,5.2732614324706484e-05,1.049565435372653e-18,0.00020585158952657627,PARELHEIROS
2337271833,5308789015,0,178.597,0,5,39.372837209302325,0.0253934952204093,0.0014232111200897023,-5.949353439417171e-19,0.00021918839852884067,PARELHEIROS
2337271837,5308758061,0,72.49199999999999,0,4,45.498046511627905,0.021974876508881545,0.0020079395044159294,-8.031151598717457e-18,0.00019680804573295386,PARELHEIROS
2337271837,2337272305,0,71.794,0,4,44.50437209302326,0.022465522070473348,0.006618797297766723,-7.331500472379113e-18,0.0001965701131143848,PARELHEIROS
2337271837,5308770749,0,236.97,0,4,45.008186046511625,0.022214046850392074,0.004855728464621028,-5.493769942471288e-18,0.0002113311442568126,PARELHEIROS
2337271839,5308789009,0,168.78500000000003,0,4,38.71851162790698,0.025822633966325826,0.004318038027845782,4.328661459793843e-18,0.00018191739313906218,PARELHEIROS
2337271839,5308788978,0,109.643,0,4,39.59925581395349,0.02524830158894224,0.004239109946361934,-2.710942092563656e-18,0.00019450568878632624,PARELHEIROS
2337271839,5308789015,0,33.424,0,5,39.48651162790698,0.02532039200904636,0.00039555155410303587,-1.3776444914713346e-18,0.00021783380066622848,PARELHEIROS
2337271856,5494645074,0,22.825,0,4,43.00576744186046,0.023248369066777415,0.002610890822418081,3.1994541880313068e-18,0.00022872269683073672,PARELHEIROS
2337271888,2337272378,0,96.652,0,4,47.49283720930232,0.021051889342432052,2.2778667094905607e-07,-4.0755746219303145e-18,0.00019851366346298392,PARELHEIROS
2337271888,2337271898,0,69.337,0,4,48.49097674418605,0.020618556701030927,0.0004258471813392603,-4.0545785603242524e-18,0.00020421781545688623,PARELHEIROS
2337271980,2337272042,0,48.238,0,5,41.03106976744186,0.024367240706985517,0.0014848274145814221,2.014250488943162e-18,0.00023073946576767068,PARELHEIROS
2337271980,4340479067,0,74.145,0,3,41.14381395348837,0.024300468464557672,0.0004772130756382725,6.673133892018569e-18,0.00014439366666187575,PARELHEIROS
2337271980,5308733776,0,101.514,0,5,40.21451162790698,0.02486201903281472,0.0005094448895775639,3.189544303023148e-18,0.00022919031571517286,PARELHEIROS
2337271982,5308799886,0,246.11400000000003,0,4,42.266232558139535,0.02365514721741695,0.0009537427912636978,-2.8792608176920935e-18,0.000219307743379977,PARELHEIROS
2337271982,2337271988,0,42.049,0,4,41.268279069767445,0.024227178259556302,0.0033357080093779773,-1.248861715758158e-19,0.00020402028514792216,PARELHEIROS
2337271982,4538181465,0,60.104000000000006,0,4,42.266232558139535,0.02365514721741695,0.0019070300091854975,1.8875640182681775e-18,0.000219307743379977,PARELHEIROS
2337271988,5308788978,0,173.71800000000002,0,4,40.38679069767442,0.024755964418483593,0.002730706611337284,-1.1378623438557156e-18,0.00020107835616625116,PARELHEIROS
2337271988,5308799847,0,75.21699999999998,0,4,40.27237209302326,0.02482629906127578,0.0014724130410146985,-1.0058020337371094e-18,0.0001891344242108627,PARELHEIROS
2337272013,5308770749,0,137.708,0,2,45.51013953488372,0.021969037311388825,0.0004772130756382725,4.9616809740245185e-20,0.00012161259372752582,PARELHEIROS
2337272042,2337272333,0,117.464,0,4,41.800372093023256,0.023918781183654758,0.06035640641470044,5.018557695542511e-19,0.00019466528615298586,PARELHEIROS
2337272052,7889100077,0,147.461,0,2,42.14809302325581,0.02372145171400069,0.0004772130756382725,6.0292645030375824e-18,0.00013480766113862418,PARELHEIROS
2337272163,5308746012,0,111.243,0,2,45.56167441860465,0.021944188097707578,0.0004772130756382725,-2.959631915780893e-18,0.00014329135574808286,PARELHEIROS
2337272163,5308746342,0,62.403,0,4,44.562232558139534,0.022436352401867053,0.0014309558669019702,6.268648457143415e-18,0.00025207186885914786,PARELHEIROS
2337272163,5308746322,0,69.11099999999999,0,2,45.56167441860465,0.021944188097707578,0.0004772130756382725,3.5564012731155115e-18,0.00014329135574808286,PARELHEIROS
2337272206,5308758061,0,133.824,0,4,45.499162790697675,0.021974337376000786,6.833600128471683e-07,-4.5787227864198254e-18,0.00019274704092034145,PARELHEIROS
2337272206,2337272305,0,67.88199999999999,0,4,44.50493023255814,0.0224652403287433,0.0027539408517740878,-8.310496969277333e-18,0.00019250910830177239,PARELHEIROS
2337272216,5846951204,0,1199.4500000000003,0,4,45.624,0.02191421079888594,0.0058272386162187524,2.3116614007377607e-18,0.00023340606148367787,PARELHEIROS
2337272216,5846951799,0,136.514,0,4,44.878511627906974,0.022278233328635034,0.007327441631089236,-4.1824788183456733e-19,0.00022787704116093287,PARELHEIROS
2337272216,5514951260,0,366.149,0,4,45.752,0.021852901588747423,0.0014309558669019702,-5.8179084733455675e-19,0.0002453439972082173,PARELHEIROS
2337272314,5308770736,0,132.85,0,2,44.93097674418605,0.02225221942493706,0.0004772130756382725,-3.0640947854750965e-18,0.0001262710792017737,PARELHEIROS
2337272327,7889103542,0,102.838,0,4,41.93302325581395,0.023843116376059275,0.0618678848697829,-2.8572573489745678e-18,0.00020515293495426907,PARELHEIROS
2337272333,5308746343,0,188.61800000000002,0,4,42.67981395348837,0.02342592108245715,0.012281232257553832,-2.2746667531508404e-20,0.00020045447136496353,PARELHEIROS
2337272378,5308753330,0,58.521,0,4,47.49060465116279,0.021052879002750116,5.250482765375742e-05,-7.153389066393524e-18,0.00019641817520602473,PARELHEIROS
2346788983,2350430257,0,80.611,0,4,48.30046511627907,0.02069988251834447,0.016465901189558943,-7.793623129688444e-18,0.00019287947903139937,PARELHEIROS
2346788983,2350430105,0,125.54199999999999,0,4,48.144,0.02076715589665113,0.019869717413550685,-2.3127084913716156e-18,0.00020366425726767878,PARELHEIROS
2346788983,2346789009,0,348.39899999999994,0,4,48.498232558139534,0.02061547196157712,0.004661426434301483,1.550604962646767e-18,0.00020405534476306095,PARELHEIROS
2346789009,2350430163,0,13.828,0,4,48.68223255813953,0.020537553455345917,0.0073353002712369785,-4.675147331111498e-18,0.00021801142671299024,PARELHEIROS
2346789009,2350430153,0,77.493,0,4,48.98251162790697,0.0204116514294613,0.002500755967014212,-4.749841122050627e-19,0.00021550024128347376,PARELHEIROS
2346789029,8940889449,0,222.23299999999998,0,4,49.08986046511628,0.02036701559171979,0.028655563205391255,-9.542193439216096e-18,0.00021599895117802443,PARELHEIROS
2346789029,5235309211,0,371.15999999999997,0,5,48.42027906976744,0.02064866152563408,0.004421794856463076,-1.1530369205216933e-17,0.00024914305702449977,PARELHEIROS
2346789029,2346789073,0,158.84199999999998,0,4,49.226232558139536,0.020310592574955308,0.03208534710987119,-5.694699165004746e-18,0.00021215917592470624,PARELHEIROS
2346789073,7843267714,0,37.57,0,4,50.052651162790696,0.019975244672586635,0.0014309558669019702,-2.0089428884547113e-18,0.00023478443067292574,PARELHEIROS
2346789146,5499449374,0,185.49900000000002,0,4,47.372093023255815,0.02110554737358861,0.006960135624183883,2.191288617743295e-18,0.00021552590689441302,PARELHEIROS
2346789146,2346789147,0,71.352,0,4,47.62213953488372,0.02099472983056542,0.009550525646216548,4.466577144166771e-19,0.00021715146502968962,PARELHEIROS
2346789146,5235309211,0,53.358000000000004,0,5,47.754790697674416,0.020936411590995862,0.005737946241206723,-1.3107163464760128e-17,0.00025025958102560514,PARELHEIROS
2346789147,2350430598,0,56.33,0,4,48.011348837209304,0.02082453373427213,0.008807713312251676,-5.383883773860793e-21,0.0002282583080495634,PARELHEIROS
2346789147,8940889445,0,68.985,0,2,48.31888372093023,0.020691991960387197,0.0004772130756382725,-2.6052606132671674e-18,0.00012302910509566316,PARELHEIROS
2350430105,2350430346,0,129.156,0,4,47.97860465116279,0.020838745952653316,0.022474002422511245,3.673903312225103e-19,0.00020848757040883522,PARELHEIROS
2350430105,5235309194,0,277.131,0,4,48.62474418604651,0.02056183472478363,0.0023837875114818717,-5.457460300207536e-19,0.0002244020315253244,PARELHEIROS
2350430107,2350430199,0,301.581,0,4,43.77395348837209,0.022840385064921264,0.0014309558669019702,-2.321152022870619e-18,0.00023500971280964898,PARELHEIROS
2350430107,2350430458,0,282.10900000000004,0,2,44.77339534883721,0.022330536822116123,0.0004772130756382725,-4.21706158313867e-18,0.00013635529234008785,PARELHEIROS
2350430107,2350430128,0,306.75000000000006,0,2,44.77339534883721,0.022330536822116123,0.0004772130756382725,9.243273680864585e-19,0.00013635529234008785,PARELHEIROS
2350430108,2350430434,0,657.036,0,4,44.287069767441864,0.02257575312023458,0.012011646732485625,1.5315399262597884e-18,0.00019756311007750662,PARELHEIROS
2350430108,5049887717,0,53.59900000000001,0,4,43.91404651162791,0.022767520483989865,0.006552397483185072,-4.574702002222934e-18,0.00020310136983617543,PARELHEIROS
2350430108,5049888335,0,74.13000000000001,0,4,43.69693023255814,0.022880645120087195,0.005917556031250053,-4.4221256294959176e-18,0.00020175311160494587,PARELHEIROS
2350430112,7843267716,0,32.3,0,5,47.097302325581396,0.021228688356218498,0.01301937496476425,-5.442751525003002e-18,0.00022640015262597937,PARELHEIROS
2350430112,2350430455,0,137.655,0,5,48.03906976744186,0.02081251694357306,0.0001088820287136488,-5.2265368945212515e-18,0.00022087280913518843,PARELHEIROS
2350430112,5235309186,0,84.266,0,3,48.04093023255814,0.020811710944156146,0.0004772130756382725,-5.692938681692006e-18,0.00014113843782322146,PARELHEIROS
2350430112,2350430259,0,98.54999999999998,0,5,47.89562790697674,0.020874848022249932,0.013430074332485397,-4.5741407079005465e-18,0.00022068138471389634,PARELHEIROS
2350430120,2350430564,0,64.568,0,2,45.50139534883721,0.021973259189598072,0.0004772130756382725,-9.632789596788918e-19,0.0001245207781779985,PARELHEIROS
2350430125,2350430625,0,138.407,0,2,47.33804651162791,0.021120726924014118,0.0004772130756382725,-3.710921000156919e-18,0.00012066447875053937,PARELHEIROS
2350430125,2350430345,0,153.8,0,4,47.04,0.021254548330960292,0.022315576792866176,1.7079653719462609e-19,0.0002226373475625681,PARELHEIROS
2350430125,2350430198,0,201.41899999999998,0,4,46.63013953488372,0.02144136739587531,0.02301510965935073,-9.347223076906657e-18,0.0002108535408367778,PARELHEIROS
2350430137,2350430163,0,56.258,0,2,49.02586046511628,0.020393603375911715,0.0004772130756382725,-2.3614815756441695e-18,0.0001232279864086056,PARELHEIROS
2350430139,8089578836,0,115.224,0,2,45.38493023255814,0.02202964614829633,0.0004772130756382725,8.11708042719189e-19,0.0001264065125093682,PARELHEIROS
2350430152,2350430165,0,138.367,0,4,47.16446511627907,0.021198458437373034,1.1389333547452804e-07,-5.891867009689832e-18,0.00019355560888487344,PARELHEIROS
2350430152,2350430292,0,224.8,0,4,47.15218604651163,0.021203978803912518,0.000584956170997176,-4.679004504741825e-18,0.00019433572206839153,PARELHEIROS
2350430152,2350430198,0,116.68,0,4,46.89358139534884,0.021320912665193432,0.00020170509712538916,-1.1137150987546447e-17,0.00019737798457599017,PARELHEIROS
2350430153,2350430586,0,103.63199999999999,0,2,49.627162790697675,0.020146506414341733,0.0004772130756382725,2.7282723885707327e-18,0.00012071680097908906,PARELHEIROS
2350430153,2350430358,0,130.976,0,4,49.26753488372093,0.020293565648212136,0.0015757142962900953,5.852043560568412e-19,0.00022036605562922795,PARELHEIROS
2350430163,2350430598,0,71.426,0,4,48.36446511627907,0.020672490661989007,0.008066267698312498,-2.3054928585535305e-18,0.00022845718936250587,PARELHEIROS
2350430165,2350430292,0,91.485,0,4,47.375813953488375,0.021103889728838185,0.00046536816874892154,-6.813210698338933e-18,0.00019407828734549119,PARELHEIROS
2350430165,2350430499,0,120.309,0,4,46.40223255813954,0.021546677786153032,7.710578811625549e-05,-1.2198457289792242e-17,0.00019623702289765316,PARELHEIROS
2350430180,2350430453,0,234.474,0,2,49.52781395348837,0.020186918696377322,0.0004772130756382725,2.141046164755233e-18,0.00012772094187783623,PARELHEIROS
2350430182,2350430489,0,202.271,0,6,47.134511627906974,0.021211929835641095,7.403066805844322e-05,1.4996821624101162e-19,0.00026861433969785657,PARELHEIROS
2350430182,5049887715,0,89.083,0,5,46.181581395348836,0.02164962574428142,0.0061119719549050724,3.464488929165653e-18,0.0002369000784815997,PARELHEIROS
2350430182,5049888425,0,264.96000000000004,0,5,47.154976744186044,0.021202723922701196,0.0052368155651187995,-2.58203230847541e-18,0.00024067812800518482,PARELHEIROS
2350430182,2350430320,0,149.15,0,3,47.157023255813954,0.021201803770875334,0.0004772130756382725,8.395449727937866e-18,0.00014691794611701757,PARELHEIROS
2350430184,2350430486,0,379.757,0,2,47.15032558139535,0.021204815473912238,0.0004772130756382725,-3.860610221320556e-20,0.00011675598440868139,PARELHEIROS
2350430198,2350430499,0,133.484,0,4,46.18493023255814,0.02164805594495738,0.023196086169419754,-1.2494795054121844e-17,0.00020005939858876984,PARELHEIROS
2350430199,2350430576,0,19.663,0,4,43.115162790697674,0.02318938138635736,0.023659973724807506,-8.679941567926973e-18,0.00021734027538537081,PARELHEIROS
2350430199,5049888335,0,168.15800000000002,0,4,43.42604651162791,0.023023370391791444,0.022608054878364765,-2.9758690524382705e-18,0.00021134286773861414,PARELHEIROS
2350430206,2350430489,0,51.425,0,3,48.06530232558139,0.02080115811434831,0.0004772130756382725,1.2488949094982074e-18,0.0001435270910798022,PARELHEIROS
2350430229,2350430617,0,1322.0639999999996,0,4,47.61227906976744,0.020999077822410478,0.00382727164528604,4.73788870830549e-18,0.00021009151229929368,PARELHEIROS
2350430257,2350430637,0,111.915,0,4,48.94213953488372,0.02042848888483411,0.0020636333454629734,-1.9750069134284879e-19,0.00018822997378194542,PARELHEIROS
2350430257,2350430259,0,59.045,0,4,48.585674418604654,0.020578369353776403,0.014040998183970765,-5.1758590067381875e-18,0.00018417708498597848,PARELHEIROS
2350430259,2350430455,0,197.332,0,4,48.74046511627907,0.020513016260783265,0.0003489691798939539,-4.17362308799211e-18,0.00018076765925267434,PARELHEIROS
2350430292,2350430392,0,43.415,0,4,46.38344186046512,0.021555406700867592,0.001454645680680672,-2.8499491081965777e-18,0.0002008631575962902,PARELHEIROS
2350430345,2350430565,0,71.609,0,4,47.42660465116279,0.021081288885053232,0.02163153342000616,8.856079848899518e-19,0.0002200625654715604,PARELHEIROS
2350430345,8940889444,0,168.44799999999998,0,2,47.735441860465116,0.02094489784782795,0.0004772130756382725,-2.8179538949560107e-18,0.0001225376701837584,PARELHEIROS
2350430346,2350430529,0,165.332,0,4,47.180465116279066,0.021191269543957884,0.023067842273675435,8.85530188709454e-19,0.00021015307784366102,PARELHEIROS
2350430346,5499470126,0,117.68,0,4,47.882976744186045,0.020880363366502053,0.0002489708313473183,-1.7096810431928379e-18,0.00021285435445427946,PARELHEIROS
2350430358,5235309182,0,62.522,0,4,48.59627906976744,0.020573878754235178,0.0005602413171992034,1.7760892290771674e-18,0.0002108915140392222,PARELHEIROS
2350430358,5499449368,0,299.007,0,4,49.437581395348836,0.020223763486585857,0.0014309558669019702,-3.827650900261312e-18,0.0002371280613783233,PARELHEIROS
2350430371,2350430664,0,121.756,0,2,44.42176744186047,0.022507297909677634,0.0004772130756382725,-2.860148798152891e-19,0.0001247276901757123,PARELHEIROS
2350430371,2350430576,0,94.63399999999999,0,4,43.436837209302325,0.023017650863268985,0.0074227703528814155,-1.209899148731278e-18,0.00022284874371979234,PARELHEIROS
2350430371,8089578836,0,174.149,0,4,44.40446511627907,0.022516067942046473,0.0065578643632878495,-6.1744423585061395e-19,0.00023056940131335084,PARELHEIROS
2350430389,5049888335,0,10.147,0,4,43.72632558139535,0.022865263435576034,0.016431960975587533,-6.375780613499595e-18,0.00020985198858426132,PARELHEIROS
2350430389,5055331491,0,1116.6470000000004,0,4,44.38418604651163,0.022526355500597322,0.0014309558669019702,1.853682024729545e-18,0.00023282063606973335,PARELHEIROS
2350430389,5049887717,0,10.527000000000001,0,4,43.946976744186045,0.0227504603856656,0.015395531622769328,-1.0213561776188894e-18,0.00021120024681549088,PARELHEIROS
2350430392,5499470135,0,24.167,0,4,45.416186046511626,0.02201448515435538,0.010077851789463613,-1.893490584161591e-18,0.00021090678472737603,PARELHEIROS
2350430392,5499470015,0,571.7869999999999,0,4,46.36279069767442,0.021565008025682182,0.008405669838026594,-1.3514808821086616e-20,0.0002143825371689753,PARELHEIROS
2350430408,2350430469,0,272.49100000000004,0,4,48.06176744186047,0.02080268801387362,0.030856665806771984,1.7792863753442008e-19,0.00023724814104550792,PARELHEIROS
2350430408,2350430453,0,80.04400000000001,0,4,48.80688372093023,0.020485101224760518,0.030100641845892066,2.5093083631731583e-18,0.00023641481081378938,PARELHEIROS
2350430408,8940889451,0,132.898,0,2,49.03869767441861,0.020388264797046852,0.0004772130756382725,-6.029139820686708e-19,0.00012925867030768277,PARELHEIROS
2350430434,2350430472,0,174.33599999999998,0,4,45.23106976744186,0.022104583389890464,0.005306290499758262,-9.525413374587378e-18,0.0001970817895156365,PARELHEIROS
2350430434,5049887715,0,16.764,0,4,45.22772093023256,0.022106220099630192,0.007060247866065993,-4.831275434652715e-18,0.00019826853045140376,PARELHEIROS
2350430448,2350430520,0,1399.1650000000002,0,4,45.952,0.021757789725983027,0.012209023882862982,4.404345353121419e-20,0.00021382017680282394,PARELHEIROS
2350430448,2350430564,0,279.202,0,4,45.31851162790698,0.02206193269755775,0.044444026835547705,2.608232184336532e-18,0.00022247708924177972,PARELHEIROS
2350430448,5499470140,0,369.66700000000003,0,4,46.121488372093026,0.02167783366881401,0.032593766959429483,-1.5325069514402841e-18,0.00022329799447125574,PARELHEIROS
2350430449,2350430598,0,69.301,0,2,48.690232558139535,0.020534179053150435,0.0004772130756382725,-3.770218407664308e-18,0.00012579400432562987,PARELHEIROS
2350430453,8940889449,0,96.042,0,4,49.243720930232556,0.02030337948882634,0.029376508018945018,-1.0529594139304768e-18,0.0002301650000536021,PARELHEIROS
2350430455,2350430637,0,261.176,0,4,48.73897674418605,0.020513642679370316,1.9361867030669767e-05,-1.7157940575717822e-19,0.00018482054804864123,PARELHEIROS
2350430469,5499470140,0,119.985,0,4,47.096744186046514,0.021228939935610026,0.03172384966307504,-1.1094375739699853e-18,0.00023333115414529964,PARELHEIROS
2350430469,7963047810,0,204.64100000000002,0,2,48.08148837209302,0.020794155658223637,0.0004772130756382725,4.227710283595482e-18,0.0001285542721095548,PARELHEIROS
2350430472,2350430486,0,12.841,0,4,46.17320930232558,0.021653551238813608,0.015609992773467864,5.656119252261801e-19,0.00020533932818270401,PARELHEIROS
2350430472,7843267716,0,31.109,0,4,46.17227906976744,0.021653987492747082,0.012972450910548744,-3.1997703659287973e-18,0.0001946037755978372,PARELHEIROS
2350430486,5235309188,0,31.997,0,4,47.12688372093023,0.021215363175909076,0.014683584382718053,5.661511475418608e-18,0.0002092211171906929,PARELHEIROS
2350430489,5235309188,0,47.892,0,5,48.04725581395349,0.02080897101303368,0.013756264845284446,1.0692190967909258e-17,0.00023643615468775986,PARELHEIROS
2350430499,9026422152,0,135.753,0,4,45.434976744186045,0.022005380548947025,0.023548586042713416,-6.034552692418388e-18,0.00020558721821607994,PARELHEIROS
2350430520,7962533944,0,118.671,0,4,46.456558139534884,0.021521481434017876,0.015052029322978151,-2.4480487486297884e-18,0.00021417618173037034,PARELHEIROS
2350430520,2350430617,0,306.899,0,4,46.68,0.021418465156134794,0.0047044781151108555,-7.99976178427529e-19,0.00021336217508839846,PARELHEIROS
2350430529,5499470132,0,24.731,0,4,46.27888372093023,0.021604106951183723,0.007649873663817625,-1.3219728582918316e-18,0.00021990445825422416,PARELHEIROS
2350430529,5235309204,0,28.721,0,4,47.07925581395349,0.021236825778202812,0.020238617927152685,2.811823456004234e-19,0.00021636236496198788,PARELHEIROS
2350430564,8940889463,0,14.334,0,4,44.67832558139535,0.022378053350878217,0.04532214445205632,-2.657929121115669e-18,0.00022967384626036892,PARELHEIROS
2350430565,5235309204,0,50.213,0,4,47.79144186046511,0.0209203554981139,0.020696696922431236,-5.544489354264763e-18,0.00021782940000596152,PARELHEIROS
2350430565,5499470126,0,338.49,0,4,48.077953488372096,0.020795684527840447,0.0007052275332582776,-7.226555192251808e-18,0.00021684883351397844,PARELHEIROS
2350430576,7961887931,0,55.403999999999996,0,4,42.78325581395349,0.023369281614193774,0.01804674068594539,-1.2297531722215768e-18,0.00021969237554323232,PARELHEIROS
2350430617,7962003819,0,215.65399999999997,0,2,47.646697674418604,0.02098390869227375,0.0004772130756382725,-2.1922234629037114e-18,0.00011806311072108541,PARELHEIROS
2350430637,5235309182,0,78.661,0,4,48.73804651162791,0.020514034210415817,0.0016481504576518952,-6.847922418775611e-19,0.00019529985722657593,PARELHEIROS
2350430683,5235309194,0,170.784,0,2,49.62381395348837,0.02014786599082211,0.0004772130756382725,2.1828867243193767e-18,0.00013000967871632185,PARELHEIROS
2351467485,7953919331,0,519.182,0,2,44.63051162790698,0.022402027604433716,0.0004772130756382725,2.2052723502641596e-18,0.00012323338488113758,PARELHEIROS
2351467566,7953919331,0,5.1129999999999995,0,4,44.15813953488372,0.022641668422161365,0.021092817943211644,-5.8615930010815984e-18,0.00022991613127074247,PARELHEIROS
2351467566,5049891641,0,501.0089999999999,0,2,44.67925581395349,0.022377587434572414,0.0004772130756382725,2.263069333999384e-18,0.00012724754776133454,PARELHEIROS
2351467691,3093844170,0,2346.4270000000006,0,4,43.333953488372096,0.023072299501974928,0.0,-2.5151871966158855e-18,0.00020894986196719504,PARELHEIROS
2351467691,3093844140,0,399.40000000000003,0,4,44.028651162790695,0.02270825762505599,0.01994978442838928,2.6110192362017763e-18,0.0002089401488452334,PARELHEIROS
2351467691,7333070303,0,100.43300000000002,0,4,44.032558139534885,0.022706242737931762,0.020056160803722488,-5.112940866639393e-18,0.00021785198378025325,PARELHEIROS
2510187122,5494728709,0,27.473999999999997,0,2,46.738232558139536,0.021391779251486758,0.0004772130756382725,2.9653731378188817e-18,0.0001185932930773358,PARELHEIROS
2510187127,2510187128,0,162.747,0,6,52.064,0.019203556267063077,0.0012174058628872302,2.9910952163971906e-16,0.0001922438220803088,PARELHEIROS
2513876486,6283318090,0,80.946,0,5,45.34939534883721,0.022046908140617757,0.025314274422575025,0.011373164942913851,0.0001897665929064748,PARELHEIROS
2513876500,2513876512,0,64.746,0,4,44.49432558139535,0.022470594630305617,0.002984460962774533,0.0018990485098327797,0.00017581929726079954,PARELHEIROS
2513876500,5303273342,0,18.766,0,4,45.388837209302324,0.022027749882155227,0.0004684432888067338,0.0004409758908770815,0.00018085630467596487,PARELHEIROS
2513876512,2513876521,0,26.195,0,4,44.48725581395349,0.02247416558282696,0.0017757109933833667,0.006857472156121337,0.00016428423816012996,PARELHEIROS
2513876512,2513876583,0,92.19200000000001,0,4,43.57376744186047,0.022945318070612144,0.0016693346180501575,0.005500603042884378,0.00016724422837936282,PARELHEIROS
2513876521,2513876529,0,8.665,0,5,44.46418604651163,0.022485826063306763,0.00184245248797144,0.025900031335201898,0.00018474789635681752,PARELHEIROS
2513876521,6283318090,0,7.5280000000000005,0,5,45.393860465116276,0.022025312305321485,0.000393843154070918,0.014293133877518427,0.00018760088826698872,PARELHEIROS
2513876529,2513876583,0,66.037,0,5,43.54511627906977,0.022960415287005192,0.028405339547353716,0.02454316222196495,0.00018791433755303757,PARELHEIROS
2513876529,6283318090,0,5.449,0,6,44.45339534883721,0.02249128431343827,0.027745327668278825,0.02966763206608394,0.00021400236121320862,PARELHEIROS
2513876542,6277557318,0,17.799,0,9,45.709581395348835,0.02187318113550057,0.0004562567019109593,0.33485967515354226,0.0002566961613617494,PARELHEIROS
2513876542,5248090794,0,48.55200000000001,0,6,45.770976744186044,0.021843841329328224,0.0004772130756382725,0.28680471083853093,0.00017187095036798892,PARELHEIROS
2513876542,6223418675,0,19.098,0,8,45.77023255813953,0.021844196492083814,0.00125487677025835,0.3177764901008226,0.00022666664620741238,PARELHEIROS
2513876542,6277557314,0,11.25,0,9,45.70902325581395,0.02187344822252794,0.0003198124860124747,0.35052647475110976,0.0002494104563676192,PARELHEIROS
2513876542,6277557338,0,10.817,0,9,45.77004651162791,0.0218442852845773,0.000656139505668756,0.34844499752646096,0.0002515236712843773,PARELHEIROS
2513876583,2513876618,0,73.911,0,4,42.67795348837209,0.02342694229142872,0.030466695026107198,0.0048760744114697075,0.00016410242201564092,PARELHEIROS
2513876618,2513876661,0,33.138,0,4,41.81432558139535,0.023910799458959207,0.031124770718479022,0.0012093234225041603,0.00016518688869279248,PARELHEIROS
2513876641,6277557383,0,15.636999999999999,0,4,46.818418604651164,0.021355141486753375,2.3234240436803718e-05,0.020734587392984564,0.00016385896989254444,PARELHEIROS
2513876641,5645100913,0,12.587,0,4,45.89060465116279,0.02178689867105594,0.0004538649418659942,0.019037494297555805,0.00016675045777043317,PARELHEIROS
2513876641,6277557318,0,187.32899999999998,0,5,46.567627906976746,0.021470149939472875,1.1389333547452804e-07,0.09523610682571604,0.00017729921860199535,PARELHEIROS
2513876659,6277557364,0,6.444,0,4,44.1453023255814,0.022648252493878567,0.004272366800320496,0.01397106935624174,0.000165928417686836,PARELHEIROS
2513876659,5645100913,0,18.337,0,4,45.012651162790696,0.022211843285401933,0.0018152319807930278,0.006585084383135517,0.00017417576222810642,PARELHEIROS
2513876659,6278548728,0,76.199,0,4,44.5986976744186,0.022418007825862056,0.003971688394667741,0.0031239309954969397,0.00018260449935070835,PARELHEIROS
2513876661,2513876731,0,295.225,0,4,41.01786046511628,0.024375087880038646,0.022070592228260466,0.0002830695228868157,0.00016524018728711803,PARELHEIROS
2513876681,2513876686,0,46.9,0,4,42.43925581395349,0.02355870606853681,0.0003749368603821463,0.00010783662714626775,0.0001773543192337332,PARELHEIROS
2513876686,6278548720,0,39.239,0,4,42.85748837209302,0.023328804170881103,0.004967799506727964,0.00011966367965254462,0.00018443319960726546,PARELHEIROS
2513876731,6283318291,0,102.943,0,4,40.268279069767445,0.02482882250210218,0.0361908601737215,5.5186371296829365e-05,0.00016493844320658542,PARELHEIROS
2513876761,2513876764,0,15.669,0,4,40.267348837209305,0.024829396082924823,0.00463090302039431,8.618516535069938e-07,0.00017659724843614602,PARELHEIROS
2513876764,5303241179,0,137.25099999999998,0,5,41.184558139534886,0.02427642783251343,0.00032846837950853885,1.164526359530278e-06,0.00021036106635582638,PARELHEIROS
2513876785,2513876788,0,14.043,0,4,38.09786046511628,0.026243309762862835,0.009193014466162006,1.3703796576779737e-06,0.00017165693812241494,PARELHEIROS
2513876785,5645100891,0,13.514,0,5,38.504558139534886,0.025966119384234786,0.08043864879224659,7.402757499525181e-06,0.00019921009478418496,PARELHEIROS
2513876785,5284123948,0,73.701,0,4,38.06176744186047,0.02626819563793491,0.0784211422476508,1.4532172705926678e-06,0.0001685175399975518,PARELHEIROS
2513876798,5284123948,0,19.858999999999998,0,4,38.310139534883724,0.02609789381158428,0.00017699024332741656,9.006810711776057e-07,0.00016840112683723228,PARELHEIROS
2513876798,2513876817,0,238.079,1,5,38.20632558139535,0.026168806821225268,0.031385130883373795,7.45256134339863e-07,0.00020430848543053057,PARELHEIROS
2513876798,5645100886,0,99.56,0,4,38.990883720930235,0.025642249112493798,0.031135932265355527,3.640585673670758e-06,0.00016692215083518317,PARELHEIROS
2513876817,3899119912,0,147.46500000000003,0,5,38.33711627906977,0.02607952946200658,0.02196250745289514,1.8125174924523057e-07,0.0002206309937094663,PARELHEIROS
2513876817,5303320759,0,301.67100000000005,0,6,37.89506976744186,0.026383747532967412,0.04200841785642492,1.9327203619803073e-07,0.00023901317272818229,PARELHEIROS
2513876861,2513876871,0,38.448,0,4,38.221767441860464,0.026158234440864087,0.03513301887383409,1.0102546418136814e-08,0.00016000504206168016,PARELHEIROS
2513876861,5303320759,0,169.387,0,5,38.0606511627907,0.026268966056624432,0.07111272080358581,4.7549652387073107e-08,0.000199327800239939,PARELHEIROS
2513876865,2513876875,0,40.788000000000004,0,5,37.53358139534884,0.026637851127424495,0.024500848220615944,4.204828094220804e-09,0.00019640445846870512,PARELHEIROS
2513876871,2513876875,0,7.873,0,5,37.68781395348837,0.026528839128803584,0.0002778997385578484,4.341422146459e-09,0.00019039698254775568,PARELHEIROS
2513876871,2513876918,0,411.707,0,4,38.069581395348834,0.026262803972163577,0.03539975706551543,2.3954747067141924e-09,0.00015852484324052634,PARELHEIROS
2513876918,2513876922,0,64.14,0,4,38.181581395348836,0.02618576593608997,0.03039346161139708,7.662827993769684e-10,0.0001576277584216687,PARELHEIROS
2513876922,5846949878,0,98.26399999999998,0,5,37.82548837209303,0.026432281419689934,0.03056635169464741,3.502652295021769e-10,0.00019875245556285882,PARELHEIROS
2513876945,2513876961,0,307.618,0,5,37.76911627906977,0.026471732780320084,0.03324421179832451,3.3772952337853444e-11,0.0002045515614438926,PARELHEIROS
2513876945,5846949878,0,103.59,0,6,37.80632558139535,0.026445679079174642,0.032316550580884486,1.2426789838038877e-10,0.00024002919091334048,PARELHEIROS
2513876961,2513876963,0,98.995,0,5,37.53786046511628,0.026634814587195067,0.03295082256614213,8.169168026908076e-12,0.00020219234036153964,PARELHEIROS
2513876963,5060549185,0,225.872,0,6,36.859720930232555,0.027124837851615933,0.03558107525559088,3.661893124030102e-12,0.00023702829571772073,PARELHEIROS
2513876981,5060533498,0,372.54400000000004,0,5,35.66641860465116,0.028032361885585815,0.1355824989222843,7.583626575883511e-14,0.00020178583911796186,PARELHEIROS
2513876981,5060568631,0,32.958,0,5,36.02213953488372,0.027755540520300177,0.12464885261006509,3.2087497433743314e-13,0.00020028380469420308,PARELHEIROS
2513877085,5060533498,0,666.737,0,5,35.40204651162791,0.028241699336787784,0.16908308461876198,1.953393291587657e-14,0.0002058309757919034,PARELHEIROS
2513877110,8365176804,0,26.816,0,5,37.03013953488372,0.027000005024191483,0.0007008995865102456,-8.44517170237066e-18,0.00019937943438820126,PARELHEIROS
2514281806,7333070646,0,29.384,0,4,38.48520930232558,0.025979174119444257,0.006101949341383314,1.4451186941098056e-17,0.00017930475577160928,PARELHEIROS
2514281806,7333070637,0,52.269999999999996,0,4,38.156651162790695,0.026202874807403506,0.0948376137296138,1.145997188849104e-17,0.00017753031086924264,PARELHEIROS
3093844111,3093844140,0,669.957,0,4,44.12483720930233,0.022658756761998727,0.028574243363862443,-1.2071819576052852e-18,0.00021249185945095657,PARELHEIROS
3093844111,5049891717,0,610.8609999999999,0,2,44.32130232558139,0.022558316227799535,0.0004772130756382725,-2.492856732213103e-18,0.00011821679272184061,PARELHEIROS
3093844111,3093844170,0,21.314,0,4,43.42586046511628,0.02302346902927845,0.02930111063086088,-2.4932771615674773e-18,0.0002125015725729182,PARELHEIROS
3093844137,7825803656,0,747.335,0,4,41.094325581395346,0.024329732617415632,0.030419087611878847,1.8968485847378994e-19,0.00021907292781674022,PARELHEIROS
3093844137,5055345840,0,415.9029999999999,0,4,40.27274418604651,0.024826069682998716,0.031191967786408994,1.7208401269985092e-18,0.00021503507120215873,PARELHEIROS
3093844137,3093844213,0,154.14300000000003,0,2,41.184,0.02427675683489637,0.0004772130756382725,1.3825831783239814e-18,0.00012060727766729823,PARELHEIROS
3093844170,3093844300,0,622.751,0,4,42.71683720930233,0.023405617522419132,0.02966488594436652,-2.0970487779885675e-18,0.00021161498682987514,PARELHEIROS
3093844300,7825803656,0,219.77700000000002,0,3,41.907162790697676,0.02385782970996799,0.0,2.7209070981696455e-18,0.00016715652422004363,PARELHEIROS
3093844300,7825803656,1,214.984,0,3,41.907162790697676,0.02385782970996799,0.030038456084722973,-1.3542603881460576e-18,0.00016715652422004363,PARELHEIROS
3093941578,5310268711,0,44.599,0,5,44.93823255813953,0.02224862653854593,0.004199133385610374,7.964040953734714e-19,0.00023260091016722367,PARELHEIROS
3093941578,3093942749,0,91.02799999999999,0,4,45.85674418604651,0.021802986043492373,2.015912037899146e-05,-2.0392180762063897e-18,0.00019485670139169302,PARELHEIROS
3093941578,3093942915,0,37.986000000000004,0,4,45.78772093023256,0.021835853219508428,0.003736384763577367,-6.217329569409515e-20,0.00020687387237243768,PARELHEIROS
3093941594,3093955380,0,771.4870000000001,0,4,47.50493023255814,0.021046530298935925,0.14463770245252214,-4.231707184712825e-18,0.00020390784318220784,PARELHEIROS
3093941594,5310294513,0,88.668,0,4,46.64446511627907,0.021434782261860127,0.0010332403394249185,-7.956999385748843e-19,0.00020941704487826087,PARELHEIROS
3093941602,5310285450,0,39.013,0,4,46.99404651162791,0.021275332253862935,0.0013867652527378533,-3.7267052052874784e-18,0.00018766934834987153,PARELHEIROS
3093941602,5310285445,0,140.027,0,4,47.91441860465116,0.020866661489477363,3.416800064235841e-06,-1.3489687473457925e-17,0.00018909721822007037,PARELHEIROS
3093941602,5310285456,0,37.747,0,4,47.841302325581395,0.020898552189992495,0.0009172969239118488,-8.784348630556821e-18,0.00019018160838296238,PARELHEIROS
3093942733,5310285429,0,56.001000000000005,0,4,45.84093023255814,0.021810507518415553,0.0030609972842134156,-5.248673733560069e-18,0.00018794510348160557,PARELHEIROS
3093942749,5310285456,0,542.881,0,4,46.84911627906977,0.021341148625572844,1.2983840244096197e-05,-2.08032682848151e-18,0.00019346565217748447,PARELHEIROS
3093942749,5310269606,0,84.79700000000001,0,4,45.928558139534886,0.021768894866040688,0.00048393278243126964,5.050547273645172e-18,0.00019933088498847487,PARELHEIROS
3093942772,3093942911,0,182.365,0,2,47.712744186046514,0.02095486165268116,0.0004772130756382725,-6.77077268431843e-18,0.00013727833640511612,PARELHEIROS
3093942782,5310268711,0,392.043,0,3,45.01432558139535,0.022211017061235287,0.0004772130756382725,2.4608237336987294e-18,0.00014577413272222347,PARELHEIROS
3093942875,5310285401,0,191.723,0,4,47.7613023255814,0.02093355718553894,0.0009511232445477836,-8.72738353107733e-18,0.0001861425171087795,PARELHEIROS
3093942875,3093942892,0,133.918,0,4,47.7613023255814,0.02093355718553894,0.0018111318207159448,-2.725571873552576e-18,0.0001861425171087795,PARELHEIROS
3093942875,5310285429,0,104.065,0,4,46.76930232558139,0.02137756827177437,0.0032360513408377653,-4.611626058505305e-18,0.00018691333506299496,PARELHEIROS
3093942892,5310285401,0,117.90700000000001,0,4,48.755720930232556,0.020506597675359266,1.4806133611688644e-06,-2.251586308516402e-18,0.00018604213154276055,PARELHEIROS
3093942892,3093942955,0,75.332,0,4,48.75162790697674,0.020508319340558693,0.001338588371832128,-6.944504089850787e-18,0.000186028426981873,PARELHEIROS
3093942911,5310268716,0,523.076,0,2,47.712744186046514,0.02095486165268116,0.0004772130756382725,-2.1881884078282737e-18,0.00013727833640511612,PARELHEIROS
3093942911,3093942915,0,60.606,0,4,46.713302325581395,0.021403195743257237,0.0014309558669019702,-1.675894351033315e-19,0.0002366127280115012,PARELHEIROS
3093942915,13265425113,0,81.26,0,4,46.64037209302325,0.021436663315941473,0.001832543767785156,-3.547578580302057e-18,0.00022237372791520516,PARELHEIROS
3093942955,5310285396,0,121.675,0,4,48.818604651162794,0.02048018292682927,2.2778667094905607e-07,-7.218988834337146e-18,0.00018601472242098547,PARELHEIROS
3093942955,3093943013,0,86.223,0,4,47.886883720930236,0.02087865978740598,0.0008641087362452442,-9.24619081741513e-18,0.00018600584770353632,PARELHEIROS
3093943013,3093955207,0,47.109,0,4,47.01972093023256,0.02126371517542367,0.00039372926073544343,-6.93258256276491e-18,0.00018609113169764827,PARELHEIROS
3093943013,5310285396,0,188.25,0,4,47.886883720930236,0.02087865978740598,1.3667200256943365e-06,-7.14754282831819e-18,0.00018600584770353632,PARELHEIROS
3093955168,3093955218,0,69.005,0,2,49.836651162790695,0.020061820571018994,0.0004772130756382725,-4.102578745786669e-18,0.00011447643424644764,PARELHEIROS
3093955182,5310231559,0,173.318,0,2,53.414697674418605,0.018717955862683905,0.0004772130756382725,-1.0854416137624454e-18,0.00013912693587263242,PARELHEIROS
3093955182,3093955223,0,923.0250000000001,0,4,52.415255813953486,0.019074865474990415,0.0014309558669019702,3.779815984941065e-19,0.00024298940743323037,PARELHEIROS
3093955182,7949523262,0,445.48199999999997,0,2,53.414697674418605,0.018717955862683905,0.0004772130756382725,-4.059503610902415e-18,0.00013912693587263242,PARELHEIROS
3093955207,3093955221,0,381.9009999999999,0,4,46.08948837209302,0.02169288462081855,0.002617610529211078,-8.869480675957362e-19,0.00018614129632132947,PARELHEIROS
3093955207,5310285451,0,69.613,0,4,47.0833488372093,0.021234979630383326,0.0025323044209406564,-1.1595960328077687e-17,0.0001865964775537687,PARELHEIROS
3093955218,5310285477,0,145.13900000000004,0,4,48.840186046511626,0.020471133188072345,4.3279467480320656e-06,-7.62139999503924e-18,0.00020274115953836282,PARELHEIROS
3093955218,5310285448,0,168.76399999999998,0,4,49.83274418604651,0.020063393453823207,0.0009498704178575639,-1.2619128236073016e-17,0.00020246770560113472,PARELHEIROS
3093955221,5310285450,0,438.75199999999995,0,4,46.09023255813953,0.0216925343613135,0.0017414290994055338,-9.19243878086363e-18,0.00018640242194961306,PARELHEIROS
3093955221,3093955226,0,103.723,0,4,45.09693023255814,0.0221703328437763,0.004833063690861597,-8.67483309846227e-19,0.00018650362210159157,PARELHEIROS
3093955223,5310231556,0,81.75299999999999,0,4,52.414697674418605,0.01907506859428742,0.0023837875114818717,-1.3469057276984034e-18,0.00022411931605224606,PARELHEIROS
3093955223,5310224302,0,366.91599999999994,0,4,51.417488372093025,0.01944501734999222,0.004286717360590287,1.437386231459446e-18,0.00023066079767248817,PARELHEIROS
3093955226,5310269606,0,84.736,0,4,45.08074418604651,0.022178293006037745,0.0014299308268826995,1.330570956529772e-18,0.00019518623466183648,PARELHEIROS
3093955345,5310224302,0,15.651,0,4,50.42139534883721,0.0198291607475601,0.0052368155651187995,2.9692796752193535e-19,0.00023283149992345904,PARELHEIROS
3093955345,3093955413,0,316.703,0,4,49.42604651162791,0.020228483240170892,0.006186002622963516,-3.3201985453125533e-19,0.0002287809523998565,PARELHEIROS
3093955345,5310222387,0,480.91199999999986,0,2,50.42344186046512,0.019828355951089564,0.0004772130756382725,-1.2105620864771825e-18,0.0001265979751832985,PARELHEIROS
3093955348,5310269606,0,318.731,0,2,46.00483720930232,0.02173280059528624,0.0004772130756382725,2.6276177389654175e-18,0.00011201366436283443,PARELHEIROS
3093955376,3093955413,0,218.80900000000003,0,2,49.42846511627907,0.020227493431898766,0.0004772130756382725,-1.981816812813813e-18,0.00012274777858828768,PARELHEIROS
3093955380,5515107558,0,279.793,0,4,48.36558139534884,0.020672013540284268,0.1381776724644069,-2.7733788189103926e-18,0.0002070357659358288,PARELHEIROS
3093955380,3093955413,0,505.74499999999995,0,4,48.431441860465114,0.02064390228911451,0.0071342785341244365,-4.784113243383727e-19,0.00021561437779042144,PARELHEIROS
3093999471,5310245348,0,863.518,0,2,60.88093023255814,0.01642244869894724,0.0004772130756382725,-6.543208303870576e-19,0.00011509774480648884,PARELHEIROS
3093999485,5311475423,0,335.5200000000001,0,5,61.70902325581395,0.016202070633068624,0.01581010336389661,-6.6088721824295564e-18,0.00023557585243368085,PARELHEIROS
3093999485,3093999512,0,495.7409999999999,0,6,60.731906976744185,0.016462745914947584,0.02263185858547894,-1.2408858821938365e-17,0.0002593231090726201,PARELHEIROS
3093999485,5311481066,0,717.936,0,5,61.714232558139535,0.016200703015248074,0.0051700740705307256,-5.467060296695795e-18,0.0002418292549011953,PARELHEIROS
3093999485,5311435633,0,51.696999999999996,0,5,61.71832558139535,0.01619962862034871,0.0014309558669019702,-1.2916891296249264e-18,0.00025117569485017563,PARELHEIROS
3093999499,5310192066,0,96.45200000000001,0,4,63.717023255813956,0.015691473053822277,0.00047630192895447627,4.946896883335653e-18,0.0001865142372515012,PARELHEIROS
3093999499,3094000407,0,113.05,0,4,64.71088372093023,0.015450475963210962,1.0933760205554692e-05,-1.0382924891774668e-19,0.0001921455186334584,PARELHEIROS
3093999499,5310200523,0,48.256,0,4,64.70902325581396,0.015450920183662967,1.2528266902198084e-05,3.526605551003061e-18,0.00018010872603519578,PARELHEIROS
3093999512,5311475974,0,408.78,0,5,60.72893023255814,0.01646355286779528,0.00029555320555640024,-3.649166833118924e-18,0.0002119606275974797,PARELHEIROS
3093999512,5310200570,0,720.6300000000001,0,5,60.738232558139536,0.01646103140277148,0.011861990889672096,-2.8446040654947486e-18,0.0002094505600783965,PARELHEIROS
3093999517,5310200540,0,67.493,0,6,63.71646511627907,0.01569161050701363,3.986266741608481e-06,2.0651032438613605e-17,0.00023016790580846261,PARELHEIROS
3093999517,3093999992,0,86.77799999999999,0,5,63.715162790697676,0.01569193124049184,0.0009540844712701214,1.8721146536809486e-17,0.00020080633008449163,PARELHEIROS
3093999517,5310200521,0,121.394,0,6,63.714976744186046,0.015691977060630483,0.000950553777870411,1.682724123198435e-17,0.00023476412246028415,PARELHEIROS
3093999517,5310200542,0,134.92200000000003,0,5,62.72316279069767,0.01594010743406983,0.0023735371112891643,1.0605114606063557e-17,0.0001988130799412164,PARELHEIROS
3093999951,3094000373,0,79.15,0,4,56.137302325581395,0.017810153179248223,0.07993170955604947,3.0773018402804163e-17,0.00016522447125189184,PARELHEIROS
3093999951,5310262416,0,91.89699999999999,0,5,56.183813953488375,0.01779540908910288,5.466880102777346e-06,5.030177847173064e-17,0.00019383583373610343,PARELHEIROS
3093999953,5310253936,0,64.326,0,4,61.864,0.01616148250175178,0.010438779769582393,1.3653230280249266e-18,0.00018972130488645008,PARELHEIROS
3093999953,5310253499,0,150.13299999999998,0,4,61.864372093023256,0.01616138529596627,0.0014236666934316004,-3.08756976447537e-19,0.0002025811668113866,PARELHEIROS
3093999953,5310245348,0,71.745,0,4,60.87441860465116,0.016424205378973104,0.012333509298536641,5.617910955332045e-18,0.00020398592093153823,PARELHEIROS
3093999992,5310200523,0,42.047,0,4,63.714976744186046,0.015691977060630483,0.00048131323571535547,5.158206676167813e-18,0.00017237342606311076,PARELHEIROS
3093999992,5310192061,0,130.773,0,4,62.72167441860465,0.015940485689454185,1.2528266902198084e-06,8.94692234249282e-18,0.00017429763900781282,PARELHEIROS
3094000141,3094000636,0,288.6619999999999,0,2,63.67795348837209,0.015701100596314594,0.0004772130756382725,-1.1975738994001853e-18,0.00011668412901084307,PARELHEIROS
3094000204,5310245622,0,78.601,0,4,56.2513488372093,0.017774044074602036,0.019890104320600628,2.749850579908895e-17,0.00016416690456459856,PARELHEIROS
3094000204,5310262416,0,116.59,0,5,56.21767441860465,0.01778469073700235,0.0018468943280549467,4.1938699856934544e-17,0.0001935737704615401,PARELHEIROS
3094000211,5310263491,0,60.487,0,4,58.990697674418605,0.016948671449972405,0.0018984880090249078,1.6471976995536724e-17,0.00017385214589687304,PARELHEIROS
3094000211,5310245350,0,558.1389999999999,0,4,58.945116279069765,0.01696177760944355,0.014983237748351535,8.01277848551309e-18,0.00018838713578987694,PARELHEIROS
3094000211,3094000214,0,94.36999999999999,0,4,58.04576744186046,0.017224579802305157,0.017168964749443204,1.7416801922636436e-17,0.0001728985251920235,PARELHEIROS
3094000214,5310263484,0,92.37800000000001,0,5,58.09079069767442,0.01721122989514409,0.001827988034366175,4.151591493281782e-17,0.0001946102429239519,PARELHEIROS
3094000214,5310245622,0,119.782,0,4,57.1473488372093,0.017495368968671765,0.019423141645155063,2.683332720520423e-17,0.0001644489268117797,PARELHEIROS
3094000223,5310192059,0,243.098,0,2,65.71162790697674,0.015215175537938845,0.0004772130756382725,-2.8123260811173405e-18,0.00012458053899811627,PARELHEIROS
3094000332,5311465447,0,173.518,0,2,66.59851162790697,0.015012557023412773,0.0004772130756382725,1.6304271446953443e-18,0.00011257011748833047,PARELHEIROS
3094000357,5311483948,0,213.36700000000002,0,3,65.65786046511627,0.015227635296151154,0.00048370499576032056,-1.7930369735292678e-18,0.00016667266903323764,PARELHEIROS
3094000373,5310262408,0,93.83300000000001,0,5,57.07925581395349,0.017516240168708706,4.3279467480320656e-06,5.971916457238836e-17,0.00019085968614775833,PARELHEIROS
3094000407,5310192066,0,118.462,0,4,63.71776744186047,0.015691289786646346,0.0038003928181140514,5.839765993796244e-19,0.0001925871872655083,PARELHEIROS
3094000407,5310192059,0,83.81400000000001,0,4,64.71293023255814,0.015449987350215046,0.0033357080093779773,4.746129239176438e-18,0.00021340737263598417,PARELHEIROS
3094000421,5311465327,0,82.813,0,2,66.63311627906977,0.015004760535301953,0.0004772130756382725,-3.0188760763983267e-18,0.00011943054980515117,PARELHEIROS
3094000636,5311475423,0,122.57600000000001,0,4,62.689488372093024,0.01594866985600494,0.010202451098472747,-6.542059232202203e-19,0.00020557129664506175,PARELHEIROS
3095455401,8940889467,0,28.744999999999997,0,4,38.25674418604651,0.026134318922336235,0.09351383149139336,-4.75951487730461e-18,0.0002209153298492933,PARELHEIROS
3095455401,5055324671,0,347.797,0,4,39.162046511627906,0.025530176345393736,0.0014309558669019702,1.881858634116907e-18,0.00023556386619151516,PARELHEIROS
3095809900,5311475540,0,207.59100000000004,0,4,66.66641860465116,0.01499726510610272,0.0006138850782077061,6.5662426642895455e-18,0.00018323710463248317,PARELHEIROS
3095809900,5311475474,0,80.448,0,5,66.67590697674419,0.014995130907437015,0.003224889793961261,2.306349024245135e-18,0.00022280125400891472,PARELHEIROS
3095809900,3095812205,0,60.869,0,4,65.68837209302326,0.01522056220349784,0.004282958880519627,1.5580598080307454e-18,0.00019485476026262938,PARELHEIROS
3095812161,3095812336,0,91.481,0,4,68.61767441860465,0.014570793340925113,0.001890971048883589,-1.2651414202275479e-18,0.00019827698670780064,PARELHEIROS
3095812161,5311475474,0,70.27,0,5,67.6500465116279,0.014779205707072514,0.00233595231058257,-5.287367664168957e-18,0.0002245752234154705,PARELHEIROS
3095812161,5311475530,0,154.22899999999998,0,4,68.61786046511628,0.01457075383451593,1.1389333547452804e-07,-1.0289938881742072e-18,0.00018830098020649575,PARELHEIROS
3095812205,5494626541,0,101.307,0,4,65.69413953488372,0.015219225954812435,0.004761880356190017,-4.691717660890743e-19,0.0002126568984262147,PARELHEIROS
3095812205,6648413453,0,850.356,0,4,64.70493023255814,0.015451897558577184,0.00922661300012699,2.9181022804206336e-19,0.0002144424392574806,PARELHEIROS
3095812336,5311475515,0,117.506,0,4,69.59516279069767,0.014366141458641873,0.0014309558669019702,7.510267703058988e-21,0.00022852120380566275,PARELHEIROS
3095812336,5311475549,0,141.19899999999998,0,4,69.57246511627908,0.01437082834160534,0.00011013485540386861,-3.1622455406002196e-18,0.00020424568934651637,PARELHEIROS
3097117252,5310233212,0,526.2629999999999,0,2,54.41246511627907,0.018374722618278303,0.0004772130756382725,3.1313150575648447e-18,0.00012409273197972495,PARELHEIROS
3097117321,5310233212,0,467.08200000000005,0,4,54.412093023255814,0.018374848272442856,0.0009541983646055959,-3.0641407780899878e-18,0.0002276206625877203,PARELHEIROS
3097117321,5310231556,0,181.394,0,4,53.41320930232558,0.01871847744308524,0.0019074855825273957,3.4672148343856556e-18,0.00022378477509964342,PARELHEIROS
3097117321,7942367759,0,288.094,0,2,54.41246511627907,0.018374722618278303,0.0004772130756382725,1.4550650592519587e-18,0.00012409273197972495,PARELHEIROS
3899119833,3899119834,0,144.084,0,2,42.77860465116279,0.023371822471568052,0.0004772130756382725,5.3600916925633766e-14,0.00011455298376995616,PARELHEIROS
3899119834,7975737488,0,100.55199999999999,0,4,41.94120930232558,0.02383846269861689,0.0232750142509036,2.7606154448769407e-13,0.00020468088651062077,PARELHEIROS
3899119834,8950313371,0,166.636,0,4,42.605395348837206,0.023466839007178913,0.02255816959742692,9.594660390482972e-14,0.00020210616012678414,PARELHEIROS
3899119852,5302560898,0,294.171,0,4,48.38176744186047,0.02066509774968083,0.0009225360173436771,3.688198985393252e-18,0.00020247584514081364,PARELHEIROS
3899119852,5846948021,0,91.174,0,4,47.392372093023255,0.021096516366091687,0.017974418417919066,1.0961662316188625e-18,0.0001998572423303576,PARELHEIROS
3899119868,5302560898,0,202.235,0,2,49.353302325581396,0.02025829896635177,0.0004772130756382725,3.0841205354017975e-18,0.00011404476349845945,PARELHEIROS
3899119899,13275694632,0,77.389,0,4,46.55758139534884,0.021474782914480493,0.0014309558669019702,-2.4301331588558078e-18,0.0002568737965591785,PARELHEIROS
3899119899,3899119903,0,326.9289999999999,0,2,46.55795348837209,0.02147461128715799,0.0004772130756382725,8.579614051295089e-19,0.00013271325352016714,PARELHEIROS
3899119899,5846948201,0,726.5989999999999,0,4,45.55888372093023,0.021945532283290933,0.0023837875114818717,4.286306067247377e-18,0.0002335022199751033,PARELHEIROS
3899119912,5303263682,0,136.341,0,4,39.31032558139535,0.025433876181416327,0.021034276768777737,3.2160889263438146e-08,0.00020461838372460114,PARELHEIROS
3899119912,8916062417,0,168.26799999999997,0,2,39.32390697674418,0.02542509202047633,0.0004772130756382725,3.074983423371435e-08,0.00010950521296945551,PARELHEIROS
3899128995,3899128996,0,288.33799999999997,0,4,42.78083720930233,0.023370602791077943,0.05790906642202378,4.23789668909425e-16,0.00019654153646895807,PARELHEIROS
3899128996,3899129002,0,131.913,0,4,43.16688372093023,0.023161596745136237,0.0592552856473327,4.829183294628169e-16,0.00020103871375690922,PARELHEIROS
3899128996,7976786997,0,23.859,0,4,43.772837209302324,0.02284096753216394,0.0014309558669019702,1.3973319515256537e-16,0.000199121725266089,PARELHEIROS
3899128998,3899128999,0,51.816,0,3,45.77079069767442,0.021843930118934388,1.1389333547452804e-07,1.3883318646103565e-17,0.00016027389417702773,PARELHEIROS
3899128998,3899128999,1,232.91899999999998,0,3,45.77079069767442,0.021843930118934388,0.0,1.1507705283602147e-17,0.00016027389417702773,PARELHEIROS
3899128998,7976786997,0,75.227,0,4,44.77153488372093,0.022331464759585615,0.00047709918230279795,2.6348461426435612e-17,0.00020441378201609367,PARELHEIROS
3899128999,7976786997,0,114.27299999999998,0,4,44.77153488372093,0.022331464759585615,0.00047709918230279795,2.3623467509934622e-17,0.00020441378201609367,PARELHEIROS
3899129002,7958153561,0,176.723,0,4,42.87144186046512,0.023321211279585478,0.019658445276245436,2.332621371826627e-15,0.00020497352207541242,PARELHEIROS
3899129002,8950334397,0,165.01,0,4,43.54883720930233,0.022958453487130194,0.039938748164181796,4.407038491841892e-16,0.00021466030941180632,PARELHEIROS
3899129010,3899129014,0,25.438,0,2,43.61097674418605,0.02292574090585259,0.0004772130756382725,6.4258486881575e-16,0.0001220451464832287,PARELHEIROS
3899129010,3899129052,0,30.948999999999998,0,4,42.77302325581395,0.023374872229834063,0.042007734496412076,3.787928671596575e-15,0.00021387562600174136,PARELHEIROS
3899129010,7975737507,0,35.699,0,4,43.438511627906976,0.02301676360490316,0.041312757363346504,6.830171798278555e-16,0.00022676564428981857,PARELHEIROS
3899129045,7976996595,0,303.172,0,2,41.8766511627907,0.023875212695535504,0.0004772130756382725,8.396822389630218e-15,0.00011784444408269422,PARELHEIROS
3899129045,3899129052,0,299.026,0,4,41.82586046511628,0.023904205254121184,0.04118519682761503,1.067342814428653e-14,0.00020967492360120693,PARELHEIROS
3899129052,7977018018,0,306.592,0,5,42.16781395348837,0.023710357729029526,0.001173784715400486,1.433456105405287e-14,0.00024181565025073947,PARELHEIROS
3899129053,3899129054,0,128.88299999999998,0,2,40.93172093023256,0.02442638449510927,0.0004772130756382725,8.02150890864126e-15,0.00011415386659216804,PARELHEIROS
3899129054,5303192443,0,256.957,0,4,40.32372093023256,0.02479468487588816,0.05579475054227464,8.440617848436398e-15,0.00019643059159942146,PARELHEIROS
3899129667,5497490498,0,28.583,0,4,41.90586046511628,0.023858571149508977,0.0023837875114818717,6.317830642613826e-17,0.0002184101457804386,PARELHEIROS
3899129667,5059554951,0,1092.873,0,4,41.576,0.024047863033682223,0.017321695712314546,6.497381811487884e-17,0.0002022762434512862,PARELHEIROS
3899129702,5060544799,0,131.157,0,2,36.75813953488372,0.027199797545235986,0.0004772130756382725,-3.631851634251745e-18,0.00012999594058009877,PARELHEIROS
3899129702,5060556521,0,134.258,0,3,35.758697674418606,0.02796002143566958,0.0009541983646055959,-4.6243748902034516e-18,0.00017836788268799954,PARELHEIROS
3899129702,5060556521,1,278.398,0,3,35.758697674418606,0.02796002143566958,0.0,4.1862455516963164e-18,0.00017836788268799954,PARELHEIROS
3899164176,12067404504,0,23.950000000000003,0,5,42.57246511627907,0.023484990844611867,0.014141679892530248,3.233942355061625e-08,0.00020650751456270915,PARELHEIROS
3899164176,12067404503,0,23.962000000000003,0,4,43.40818604651163,0.023032843446097403,0.007778117559561943,3.114708365191497e-08,0.0001685786619141137,PARELHEIROS
3899169321,3899169322,0,117.173,0,2,41.88706976744186,0.023869274194622973,0.0004772130756382725,1.0157730697594055e-12,0.00011899725053064312,PARELHEIROS
3899177577,6725101798,0,13.281,0,2,40.88874418604651,0.02445205822265296,0.0004772130756382725,-3.7223219451812205e-20,0.00013591130487486372,PARELHEIROS
3899177584,3899177585,0,191.48799999999997,0,2,40.54772093023256,0.0246577102374922,0.0004772130756382725,5.855172057192231e-19,0.00014341641658410364,PARELHEIROS
3899177584,7999410942,0,127.76100000000001,0,2,40.54772093023256,0.0246577102374922,0.0004772130756382725,-5.237652629469988e-19,0.00014341641658410364,PARELHEIROS
3899177645,6266892087,0,142.905,0,4,37.65562790697675,0.02655151458258193,0.0014309558669019702,1.7109923383687518e-18,0.000241533544007767,PARELHEIROS
3899177645,6266892291,0,41.74,0,4,37.04744186046511,0.026987395168985084,0.0493330121541273,-1.5667943589339264e-18,0.00022534259037333638,PARELHEIROS
3899177645,5306662490,0,26.64,0,4,37.264372093023255,0.026830291169069778,0.0492350638856192,4.688990418998101e-19,0.00022501356206849562,PARELHEIROS
3899177818,5506339361,0,76.872,0,5,35.95832558139535,0.027804797284712017,0.004761880356190017,5.319702229670631e-18,0.00025274267085508397,PARELHEIROS
3899177818,5306661475,0,108.769,0,3,36.95646511627907,0.027053830780151125,0.0004772130756382725,1.483313313254778e-18,0.0001603546411702095,PARELHEIROS
3899177818,8940650039,0,87.95,0,5,36.9553488372093,0.02705464797241171,0.0033357080093779773,3.2341502751799e-18,0.00026324808117442666,PARELHEIROS
3899177818,5506339384,0,420.0970000000001,0,3,36.95646511627907,0.027053830780151125,0.0004772130756382725,1.1818088307346198e-17,0.0001603546411702095,PARELHEIROS
3899177823,5846950050,0,42.908,0,2,39.95144186046512,0.025025728908116364,0.0004772130756382725,4.259645759681968e-18,0.0001456618148461894,PARELHEIROS
3899177831,6266892306,0,480.34100000000007,0,2,37.31386046511628,0.026794706873684945,0.0004772130756382725,5.5620438845403945e-18,0.00013577562815606002,PARELHEIROS
3899177831,5306663055,0,317.42599999999993,0,4,36.314418604651166,0.027532148163328038,0.0014309558669019702,7.205980807385304e-18,0.00023373482356434588,PARELHEIROS
3899177831,4345167655,0,832.821,0,2,37.31386046511628,0.026794706873684945,0.0004772130756382725,9.390732222484845e-19,0.00013577562815606002,PARELHEIROS
3899177958,4345167633,0,90.059,0,4,35.91739534883721,0.02783648267860103,0.12628811938754997,-1.2574470788863435e-18,0.00021351385334646112,PARELHEIROS
3899177958,5290556242,0,1724.065,0,4,36.076279069767445,0.027713887886132743,0.12640167104301808,5.801211033059249e-20,0.00022348334420495215,PARELHEIROS
4116341708,4116341712,0,152.536,0,5,33.73506976744186,0.029637227976131386,0.023067045020327113,-2.6927478986890334e-17,0.00018127144216489947,PARELHEIROS
4116341708,5301721431,0,161.989,0,6,33.798697674418605,0.029581434264702645,0.02658862695319952,-2.5741551988961775e-17,0.000218053867681664,PARELHEIROS
4116341712,4116341714,0,71.70500000000001,0,5,34.17097674418605,0.029259156417250597,0.02311055227447838,-2.6005570128323805e-17,0.00018177115155895186,PARELHEIROS
4116341714,4338787641,0,13.147,0,6,34.60893023255814,0.028888900834843002,0.02143780085636399,-2.0154738462016314e-17,0.000214864350550926,PARELHEIROS
4116341718,8706766829,0,36.428,0,5,34.36688372093023,0.0290923658254025,0.02073052324306717,-2.4388264281565458e-17,0.00018558655484595424,PARELHEIROS
4116341718,7512569068,0,12.774,0,5,34.34586046511628,0.029110173393496527,0.0041569928514847984,-1.90941364903861e-17,0.00018640951244621937,PARELHEIROS
4116341718,4338787641,0,150.281,0,6,34.51720930232558,0.02896566593003827,0.023300526358049894,-2.864280778887345e-17,0.00021646697924705683,PARELHEIROS
4116341739,5312165593,0,51.791000000000004,0,5,33.74809302325581,0.02962579108690379,0.05499852223397222,-2.2680480356239345e-18,0.00021990624972242613,PARELHEIROS
4116341739,7984876188,0,36.746,0,5,34.029767441860464,0.02938056967907714,0.005066089455242482,5.314125425361689e-18,0.0002068701656004182,PARELHEIROS
4116341739,7981038062,0,478.63,0,5,33.44018604651163,0.0298985762847653,0.033145352383132626,7.583841073574272e-18,0.00020969411797190537,PARELHEIROS
4116341748,7981038060,0,7.036,0,4,32.92893023255814,0.03036278270892069,0.0004274416880359037,7.593056082321068e-19,0.00018049376939951295,PARELHEIROS
4116341748,7981038062,0,129.59199999999998,0,4,33.197581395348834,0.030117072131900895,0.029558965142375212,2.4804280671229504e-18,0.00018013630933017303,PARELHEIROS
4116341748,4171424396,0,24.289,0,4,33.63590697674419,0.029724602169331777,0.029964311523329058,-6.608874637776539e-19,0.00019819390511922647,PARELHEIROS
4134204702,4171424395,0,185.82899999999998,0,6,33.753116279069765,0.029621382073937705,0.026686575221707615,-1.0164413251790862e-17,0.00021823978871884578,PARELHEIROS
4134204702,8706766830,0,47.736,0,5,33.97618604651163,0.0294269036589239,0.020940086980340302,-1.3801376393428438e-17,0.0001841830983520517,PARELHEIROS
4171424395,7512569050,0,17.826,0,6,33.74027906976744,0.029632652160966947,0.010665883080518601,-6.368303832299125e-18,0.0002204883869276662,PARELHEIROS
4171424395,7981038057,0,163.59400000000002,0,5,33.521302325581395,0.029826226432896542,0.03735849464900637,-5.94665180504118e-18,0.00019889218220159658,PARELHEIROS
4171424396,8934798333,0,33.103,0,4,34.06809302325581,0.02934751742065139,0.030039708911413193,3.647725890478267e-18,0.00020835856666085465,PARELHEIROS
4232353489,7961784079,0,9.475,0,4,42.65581395348837,0.023439101515647147,0.0823863387221965,9.277521841425761e-19,0.00018528695213312332,PARELHEIROS
4232353489,7333070483,0,29.826,0,4,42.58939534883721,0.02347565503804856,0.0013964461862531882,1.806774718932275e-18,0.00016443540231449177,PARELHEIROS
4232353489,7333070499,0,27.192999999999998,0,4,42.18902325581395,0.023698438037448293,0.08140605878376724,6.795552063604341e-18,0.00016409304208942876,PARELHEIROS
4232353494,7961784079,0,38.705999999999996,0,4,43.479441860465116,0.022995096319244165,0.035596564749215416,-2.5440370589342045e-18,0.000201684815163973,PARELHEIROS
4232353494,5499470135,0,353.702,0,4,44.45060465116279,0.022492696361155525,0.010834786897027326,-6.825420995479652e-19,0.00021017915694482043,PARELHEIROS
4232353494,9026422152,0,314.201,0,4,44.45488372093023,0.022490531293812385,0.024310076883696113,-6.191852433925097e-18,0.0002087056119486434,PARELHEIROS
4232363642,7981038072,0,96.57400000000001,0,4,34.76967441860465,0.028755344138436594,0.21068649777423948,4.8292988853540695e-18,0.00017646827825677552,PARELHEIROS
4338787641,7893836368,0,6.562,0,5,34.53339534883721,0.028952089517662715,0.0017104501121564621,-2.311617099766313e-17,0.00018650577740315786,PARELHEIROS
4338787641,7512569062,0,14.693,0,5,34.51162790697674,0.02897035040431267,0.003905516366757041,-1.7295790234524072e-17,0.00018584869789970018,PARELHEIROS
4338787750,5312165593,0,164.57,0,2,34.388837209302324,0.029073793551179398,0.0004772130756382725,-1.1640749481137125e-18,0.00010657431269838386,PARELHEIROS
4339118250,4339118255,0,729.8620000000001,0,4,33.53097674418605,0.029817620915612915,0.024159737680869736,3.952987196118901e-18,0.00023039188510474274,PARELHEIROS
4339118250,4339118253,0,130.24,0,2,34.03553488372093,0.029375591037547624,0.0004772130756382725,-2.8930339606853518e-18,0.0001243589487886859,PARELHEIROS
4339118255,5306672848,0,194.351,0,4,33.330976744186046,0.029996539290219587,0.024602782755865648,6.802962260290573e-18,0.0002296926366459856,PARELHEIROS
4339118255,4339118260,0,264.042,0,2,33.947720930232556,0.02945157807627597,0.0004772130756382725,-4.5629403640264286e-18,0.00012659773768778653,PARELHEIROS
4339195614,5654854369,0,42.462,0,4,34.37693023255814,0.029083863705243105,0.1007200906135377,-7.104378508132984e-19,0.00017809716531419321,PARELHEIROS
4339195614,5654854369,1,102.15899999999999,0,4,34.37693023255814,0.029083863705243105,0.0,1.7959113340087114e-18,0.00017809716531419321,PARELHEIROS
4339195635,6266892420,0,41.646,0,4,33.898976744186044,0.02949392723660452,0.12857703375058158,4.5011911276786206e-18,0.00018804989599786393,PARELHEIROS
4339195661,5506403651,0,87.483,0,4,36.79013953488372,0.02717613920818015,0.006186002622963516,7.143580647784216e-19,0.00021674759753496887,PARELHEIROS
4339195661,5052339300,0,86.03799999999998,0,4,36.07851162790698,0.027712172935510152,0.013920499035038714,1.9853985761234112e-18,0.0002083692057996775,PARELHEIROS
4340292215,5306591770,0,206.15200000000002,0,4,43.14958139534884,0.023170884193007342,0.0085549840008337,1.1383368567128122e-19,0.00022861370123212474,PARELHEIROS
4340292215,5306591017,0,262.403,0,2,44.14604651162791,0.022647870704005733,0.0004772130756382725,-4.063830873362835e-18,0.0001257945192989568,PARELHEIROS
4340469373,5308733776,0,40.542,0,4,40.16576744186047,0.024892190966737844,0.01141336504123793,4.604093684310213e-19,0.00019835297921025412,PARELHEIROS
4340469373,5846947366,0,275.69500000000005,0,2,41.051348837209304,0.02435520346610711,0.0004772130756382725,1.3397444215854298e-18,0.00011320308941150738,PARELHEIROS
4340473650,7889103542,0,270.71299999999997,0,2,42.819162790697675,0.023349684774910603,0.0004772130756382725,-7.658296026587777e-19,0.00011789751872715017,PARELHEIROS
4345167633,5309063831,0,442.6450000000001,0,4,35.74846511627907,0.027968024647667424,0.12665360310108773,-1.806026322122153e-18,0.00020702580127168648,PARELHEIROS
4404501388,5293872549,0,143.803,0,2,52.30139534883721,0.01911639157655094,0.0004772130756382725,5.437944267325087e-19,0.0001382316344554812,PARELHEIROS
4404501397,5293872549,0,223.14499999999998,0,4,51.30195348837209,0.019488808622365347,0.0014309558669019702,-4.2328388495774755e-18,0.00023964519540831098,PARELHEIROS
4404501397,5293872603,0,385.713,0,4,51.27311627906977,0.019499769587761662,5.284650766018101e-05,1.3885482252114688e-18,0.00021529157195548124,PARELHEIROS
4404501397,5998506212,0,665.871,0,4,50.332093023255815,0.019864342876152807,0.0018582836616023995,1.4430508016692696e-18,0.00022552464750422987,PARELHEIROS
4404501407,5293872603,0,70.592,0,4,51.27423255813954,0.01949934506293564,2.0500800385415046e-06,-4.153342073139947e-18,0.00020998144496545124,PARELHEIROS
4404501407,5293872602,0,88.09299999999999,0,4,50.27776744186046,0.019885806477873618,0.0009521482845670544,-3.5261155455521954e-18,0.0002070504981164267,PARELHEIROS
4404501407,8943161830,0,1448.8050000000003,0,2,51.27590697674419,0.019498708310353836,0.0004772130756382725,-2.296278145155082e-18,0.00011666823533452943,PARELHEIROS
4538181465,5308799885,0,227.951,0,4,43.264744186046514,0.023109207561449678,0.0009537427912636978,1.765874558916764e-18,0.00022927153116375016,PARELHEIROS
4538181465,5308799635,0,975.6459999999997,0,2,43.265302325581395,0.023108909443519916,0.0004772130756382725,-6.079563762444127e-18,0.00012369455989643324,PARELHEIROS
4655014907,4655014908,0,19.581,0,4,39.454511627906975,0.02534092838146255,0.0011008929806967881,9.04496046290356e-18,0.0001738831275718158,PARELHEIROS
4655014907,7961668107,0,153.968,0,4,39.62139534883721,0.025234193412063014,0.0008340408956799689,1.1150563712446e-17,0.0001778534609786338,PARELHEIROS
4655014907,7333070625,0,6.096,0,5,39.48167441860465,0.025323494208676148,0.0005253899565439978,1.6898457616149813e-17,0.00020225990222104905,PARELHEIROS
4782121021,5497511288,0,18.435,0,4,39.906418604651165,0.025053963458696392,0.005977691712380604,6.121395304396812e-17,0.00020001953396478695,PARELHEIROS
4782121021,7309771304,0,97.78299999999999,0,4,40.898976744186044,0.02444594053640962,0.0003363270196562813,7.572120788810655e-18,0.00019111641729026616,PARELHEIROS
4782121023,5497511288,0,21.386,0,4,38.91311627906977,0.02569349486990696,0.006802051674545238,3.5680706537668582e-16,0.00020032772535462845,PARELHEIROS
4782121023,6725082933,0,216.29199999999997,0,4,38.36893023255814,0.026057905378867593,0.04706140957808783,1.973864329844662e-15,0.00019177278703854013,PARELHEIROS
4782121023,5306663131,0,78.858,0,4,38.42660465116279,0.02601879511772367,0.0535306649263765,3.5345270025624314e-16,0.00019281072543056752,PARELHEIROS
5049887713,5049887715,0,105.658,0,2,46.204837209302326,0.02163872905685904,0.0004772130756382725,-6.019969603506892e-19,0.00011033488608151956,PARELHEIROS
5049887717,7953919331,0,967.1750000000001,0,4,44.06362790697674,0.022690232306769913,0.02160283229946658,-5.872309362988108e-18,0.0002167052890096905,PARELHEIROS
5052284258,5052284267,0,39.719,0,2,36.74306976744186,0.02721095324414919,0.0004772130756382725,-1.0353087816161185e-18,0.00013371526101131224,PARELHEIROS
5052284262,5052284267,0,57.9,0,2,36.74306976744186,0.02721095324414919,0.0004772130756382725,-9.938471906719495e-19,0.00013371526101131224,PARELHEIROS
5052294461,7980945899,0,2.702,0,4,36.793302325581394,0.027173803118868956,0.2162639683057626,6.380470359782774e-18,0.0001805391993859127,PARELHEIROS
5052294461,7333070637,0,7.788,0,4,37.7406511627907,0.026491698544780534,0.0950442162401646,4.212613091132924e-18,0.00017570800109404007,PARELHEIROS
5052294467,7980945899,0,85.60799999999999,0,4,36.498418604651164,0.02739334995081023,0.0,5.282825565902501e-18,0.00018772340711464624,PARELHEIROS
5052297961,7333070621,0,27.041,0,5,39.141767441860466,0.025543403347164987,0.0947187090873784,2.5015796485319978e-17,0.00019530978717982817,PARELHEIROS
5052297961,7333070592,0,23.501,0,6,39.141209302325585,0.025543767586888737,0.0009441757510838374,3.7867282815207514e-17,0.00022678503832544575,PARELHEIROS
5052297973,5052297985,0,67.8,0,4,42.22697674418605,0.0236771379477464,0.0014309558669019702,-4.8301217903402505e-18,0.00026361165418871754,PARELHEIROS
5052297981,5052297995,0,33.245000000000005,0,4,40.23032558139535,0.024852246136201777,0.0033357080093779773,-3.276612160645299e-19,0.00022889177009161526,PARELHEIROS
5052297981,5052297984,0,52.728,0,2,40.23144186046512,0.024851556574980116,0.0004772130756382725,-2.9332523258864217e-18,0.00011984435131126961,PARELHEIROS
5052297985,5052297995,0,180.333,0,4,41.22827906976744,0.024250683658089727,0.0023837875114818717,-7.025016596218238e-18,0.0002461872426724512,PARELHEIROS
5052304842,5846952055,0,104.92800000000001,0,4,38.372093023255815,0.026055757575757576,0.0010084115922914712,-9.289515279107303e-19,0.00018557519467756449,PARELHEIROS
5052317605,5052317615,0,32.132000000000005,0,2,39.76074418604651,0.025145755542453935,0.0004772130756382725,-3.2552171458072346e-18,0.00012028109400281272,PARELHEIROS
5052323407,5207513016,0,16.326,0,4,37.09320930232558,0.026954096781959716,0.0026695458901874625,8.818886959523766e-18,0.0001801370156167526,PARELHEIROS
5052323699,5052323715,0,159.07000000000002,0,2,41.42139534883721,0.024137621272008625,0.0004772130756382725,2.322256410463007e-18,0.00013043851371088072,PARELHEIROS
5052325078,5052325098,0,60.747,0,2,41.521674418604654,0.024079326459926786,0.0004772130756382725,7.536563364994644e-18,0.00014412270254775885,PARELHEIROS
5052331473,7975537108,0,834.1220000000002,0,5,37.06567441860465,0.026974120103599897,0.11989016126726836,4.507114213979031e-18,0.00022444726600452176,PARELHEIROS
5052331473,5052332996,0,166.63000000000002,0,2,37.95144186046512,0.026344557794783053,0.0004772130756382725,6.7639655956288346e-18,0.00010539552872097163,PARELHEIROS
5052331473,5308789009,0,754.2370000000002,0,4,37.83720930232558,0.026424093423478796,0.11915873826685094,7.665517032694937e-18,0.00018547848757558027,PARELHEIROS
5052331531,7975537122,0,11.398,0,4,36.55348837209302,0.027352080417355897,0.1304325839721326,3.083552092577331e-18,0.00019290299756039546,PARELHEIROS
5052331531,7975537108,0,628.966,0,5,36.64,0.02728749873057784,0.12662057403380012,1.3371294524275223e-17,0.00022136746779940385,PARELHEIROS
5052331553,7975537122,0,282.47299999999996,0,4,36.46474418604651,0.027418647129052336,0.12930150925753503,1.1424202606304532e-18,0.00020258338893440594,PARELHEIROS
5052331553,13256248304,0,355.898,0,4,36.31888372093023,0.027528763305910437,0.1277809193356146,-6.366559692978317e-19,0.00020943353717521644,PARELHEIROS
5052331630,7958787718,0,595.9569999999998,0,4,37.97525581395349,0.02632803735112705,0.001610565656945301,-1.7742542147509174e-18,0.00022955127606936213,PARELHEIROS
5052331630,5052331635,0,70.127,0,4,38.94027906976744,0.025675572373198792,0.002138347373534264,-1.0745163357472108e-18,0.00023635207020235657,PARELHEIROS
5052331630,13265425118,0,93.15,0,2,38.95832558139535,0.025663678778993414,0.0004772130756382725,2.1737461823877633e-18,0.00012768979441538163,PARELHEIROS
5052331635,13265425115,0,101.181,0,2,39.69860465116279,0.02518511575592839,0.0004772130756382725,6.681756300043562e-19,0.00012922707715870465,PARELHEIROS
5052331635,5052331643,0,93.157,0,4,39.38995348837209,0.025382460880120535,0.0026702292502003098,8.91496787401451e-19,0.00023671075744569672,PARELHEIROS
5052331643,8932713381,0,132.487,0,2,40.06846511627907,0.024952639203595705,0.0004772130756382725,-3.2960937918985304e-19,0.0001280484816587217,PARELHEIROS
5052331643,13265425119,0,58.432,0,4,39.456372093023255,0.025339733494280408,0.0032016555535244575,-4.998225581561569e-18,0.00023077461994814224,PARELHEIROS
5052331661,13256248302,0,110.298,0,4,39.288,0.02544832909510212,0.006410828067190234,-3.598071169445537e-18,0.00020738910652711736,PARELHEIROS
5052331661,13265425119,0,145.311,0,4,39.21358139534884,0.025496624330440806,0.0037371820169256886,-2.006675401732725e-18,0.00021609843012514895,PARELHEIROS
5052331661,7868200629,0,165.001,0,4,38.95832558139535,0.025663678778993414,0.00996054165392485,-2.322698472649276e-18,0.0002013321860653421,PARELHEIROS
5052335692,5052339476,0,36.762,0,4,38.628093023255815,0.02588307822719698,0.007459899580246112,-2.600058936281052e-18,0.0002027032359465843,PARELHEIROS
5052335709,5052335717,0,51.967,0,2,37.732651162790695,0.02649731526085606,0.0004772130756382725,-7.132296473754082e-19,0.00011751182255072447,PARELHEIROS
5052335712,5052339476,0,126.19700000000002,0,4,37.74046511627907,0.0264918291390402,0.006938040317101824,3.1108466710015075e-18,0.00020665562355899305,PARELHEIROS
5052335712,5052335717,0,111.793,0,4,37.39720930232558,0.02673498830903935,0.00965018231475676,-2.59727163677743e-18,0.00020892569154400397,PARELHEIROS
5052335717,6649845551,0,113.069,0,4,37.055813953488375,0.02698129785364629,0.00914107910518562,-2.0392890080344008e-18,0.00021156799084138845,PARELHEIROS
5052339300,5506403639,0,154.03000000000003,0,2,36.3613023255814,0.027496648622097605,0.0004772130756382725,-2.08452208305671e-18,0.00011528787037683729,PARELHEIROS
5052339300,5052339314,0,63.692,0,4,35.373767441860466,0.028264276773223095,0.014454658778414252,-3.3175896407569005e-18,0.00020132178211728952,PARELHEIROS
5052339314,5306702539,0,18.143,0,4,34.85190697674419,0.02868749632998628,0.050185503770154134,-8.107539197987856e-18,0.00019171220291631637,PARELHEIROS
5052339476,5506431931,0,93.171,0,2,38.68893023255814,0.02584237784499382,0.0004772130756382725,-3.0125030343861276e-18,0.00011524175456571356,PARELHEIROS
5055324326,5055324671,0,2471.9060000000013,0,2,40.161488372093025,0.024894843144884837,0.0004772130756382725,-5.538020779132964e-19,0.00013694424593199301,PARELHEIROS
5055324571,5055324671,0,1452.0590000000004,0,2,40.161488372093025,0.024894843144884837,0.0004772130756382725,-1.313365620366734e-18,0.00013694424593199301,PARELHEIROS
5055331491,7930788235,0,187.328,0,2,45.38362790697674,0.022030278309563535,0.0004772130756382725,1.2782793939763726e-19,0.0001356570947545251,PARELHEIROS
5055331491,5055331901,0,546.998,0,2,45.38362790697674,0.022030278309563535,0.0004772130756382725,-5.668257338052556e-19,0.0001356570947545251,PARELHEIROS
5055345169,5055345169,0,1959.0429999999997,0,1,40.541953488372094,0.02466121800902195,0.0,1.4927123940607078e-18,8.49456841315533e-05,PARELHEIROS
5055345378,5055345554,0,250.12699999999995,0,4,41.20558139534884,0.02426404189994582,0.009695739648946572,2.923195421876124e-18,0.00021180670727269374,PARELHEIROS
5055345378,5055345386,0,20.063,0,4,40.37767441860465,0.024761553702253143,0.010525110917872085,1.1941632949174387e-18,0.00021467515551891865,PARELHEIROS
5055345378,5055345392,0,229.162,0,2,41.29339534883721,0.024212442329873126,0.0004772130756382725,-1.3112993697721645e-18,0.00011862287169274617,PARELHEIROS
5055345386,5055345391,0,21.844,0,4,39.51441860465116,0.025302509534347192,0.01249295996820098,-5.55321751875581e-19,0.00021177557178972422,PARELHEIROS
5055345386,13265408895,0,193.80699999999996,0,4,40.44781395348837,0.024718615315974187,0.001555782962582053,-1.5617422553303173e-18,0.0002181023723448918,PARELHEIROS
5055345419,5055345554,0,184.84999999999997,0,4,42.02046511627907,0.023793500398476934,0.009790043330719481,-4.008431576872741e-18,0.0001998970916737543,PARELHEIROS
5055345419,5055387017,0,88.01,0,4,42.3646511627907,0.02360019322822889,0.0013016869311383808,-9.801186602605837e-18,0.00019142886020175666,PARELHEIROS
5055345419,5055379923,0,118.13699999999999,0,4,42.884651162790696,0.023314027895273422,0.009155087985448987,-7.988961597786838e-18,0.00019123074789152396,PARELHEIROS
5055345554,13265425104,0,182.46299999999997,0,4,42.11293023255814,0.023741258277853127,0.0003517026199453426,-1.326587721221455e-19,0.00021462209923147745,PARELHEIROS
5055345840,8991441724,0,677.0529999999997,0,4,40.30027906976744,0.024809107444578836,0.008965569475219372,5.6223210580432124e-18,0.0002104859575787208,PARELHEIROS
5055379380,13265425104,0,170.48399999999998,0,2,42.20446511627907,0.023689767201971357,0.0004772130756382725,-3.0708574697440642e-18,0.00012143826365152994,PARELHEIROS
5055379387,5055379394,0,172.865,0,3,44.690046511627905,0.022372184222905885,0.0004772130756382725,-9.38249593414169e-18,0.0001357868182952086,PARELHEIROS
5055379394,5055380023,0,99.31099999999999,0,5,44.649302325581395,0.02239259969165382,0.007442360006583035,-8.250892101945803e-18,0.00021372365908589868,PARELHEIROS
5055387017,8940417553,0,11.688,0,4,42.19795348837209,0.023693422804588783,0.026143076224823165,2.2852262588904827e-19,0.00019040164841109872,PARELHEIROS
5059515515,5059516880,0,414.961,0,4,59.95106976744186,0.016677166185137027,9.111466837962243e-07,-2.862107918387897e-18,0.00017786081231434161,PARELHEIROS
5059515515,5059516823,0,97.671,0,4,60.93376744186047,0.016408208378750545,0.00047630192895447627,-4.2360563759372226e-19,0.00017321617688038953,PARELHEIROS
5059515515,8953068370,0,427.801,0,4,60.93432558139535,0.01640805808464775,0.0,1.7603243304166152e-19,0.00017574444115294006,PARELHEIROS
5059515643,5059516867,0,83.322,0,4,55.04260465116279,0.018164364855638254,0.003310082008896208,8.115359325303324e-19,0.00020032304968091387,PARELHEIROS
5059515643,5059517060,0,105.108,0,4,56.02102325581395,0.017847120516218163,0.002358161511000103,2.9265065789021925e-18,0.00020009110670581427,PARELHEIROS
5059515643,5059517071,0,168.951,0,2,56.031813953488374,0.01784368348878212,0.0004772130756382725,-1.496708552967163e-18,0.00011348418926306435,PARELHEIROS
5059516617,5059516671,0,7.581,0,5,62.91627906976744,0.015891180601759446,0.000950553777870411,1.9402172422107444e-19,0.00020816676702789896,PARELHEIROS
5059516617,5059516620,0,29.589,0,4,63.90586046511628,0.01564510588248994,0.00426416648016633,-5.91820371004401e-18,0.00017474123834457846,PARELHEIROS
5059516620,8953068364,0,39.031,0,4,62.91962790697674,0.015890334808822182,0.005211645137978929,-2.1049882617933534e-18,0.00017780625125919056,PARELHEIROS
5059516620,5059516692,0,104.836,0,4,63.901953488372094,0.01564606242703211,0.00048233827573462623,-7.4145711838994e-18,0.00017407855484946144,PARELHEIROS
5059516659,5059517139,0,164.012,0,4,56.02437209302325,0.017846053710843454,0.0033035900887741602,6.291816583755859e-19,0.00018584534311102404,PARELHEIROS
5059516659,5059516940,0,66.083,0,4,55.049302325581394,0.018162154854844705,0.0037722611642518433,5.957042843623277e-19,0.00018633574504185404,PARELHEIROS
5059516659,5059516906,0,101.52100000000002,0,4,56.02809302325581,0.01784486852110735,6.264133451099042e-06,4.52127578101576e-19,0.00018625817991439937,PARELHEIROS
5059516671,8953068370,0,3.222,0,5,61.9233488372093,0.016145992945517038,0.0004772130756382725,-4.778839559029518e-18,0.0002092300890051191,PARELHEIROS
5059516671,5059517138,0,35.843,0,5,61.927627906976745,0.016144877291121518,1.9361867030669767e-05,-9.445571274043218e-19,0.0002098369148384823,PARELHEIROS
5059516672,5059517059,0,68.63799999999999,0,4,63.903441860465115,0.015645698015319624,0.001903043742443889,-1.2019560353157743e-18,0.0001711558833973855,PARELHEIROS
5059516672,5059516692,0,66.142,0,4,63.903627906976745,0.015645652465049113,2.3917600449650886e-06,-1.7859575682742288e-18,0.0001725104331327803,PARELHEIROS
5059516692,5059517052,0,65.79599999999999,0,5,62.91013953488372,0.01589273145601552,9.567040179860354e-06,1.6750721935271695e-18,0.0002032793728302048,PARELHEIROS
5059516822,5059516893,0,197.032,0,4,58.967255813953486,0.0169554092298761,4.100160077083009e-06,4.821149760475784e-18,0.00018546897645724318,PARELHEIROS
5059516822,5059517065,0,69.674,0,4,57.98139534883721,0.017243702871811328,0.001421161040051161,-2.2062801719986994e-18,0.00018711779124815287,PARELHEIROS
5059516822,5059517123,0,66.68100000000001,0,4,58.966325581395346,0.01695567671260538,0.0009485036978318695,-4.922646019925704e-18,0.0001849592245728648,PARELHEIROS
5059516823,5059517029,0,71.579,0,4,61.92074418604651,0.016146672114991708,0.0009522621779025289,-2.7407933203258672e-18,0.00016842885780025236,PARELHEIROS
5059516823,5059516935,0,290.347,0,5,60.929488372093026,0.01640936072501649,1.0250400192707523e-06,-1.1857151598527988e-18,0.0002028722431951527,PARELHEIROS
5059516864,5059516895,0,16.151,0,4,54.06697674418605,0.018492137228588144,4.441840083506594e-06,3.2452452372199774e-18,0.0001889140870866642,PARELHEIROS
5059516864,5059516867,0,44.975,0,4,54.06269767441861,0.018493600883728454,0.008485509066194236,-7.841335823698189e-19,0.00019236710073313156,PARELHEIROS
5059516864,5059516873,0,141.13899999999998,0,4,53.08911627906977,0.018832748095348233,0.008952357848304327,5.53235283495093e-18,0.00019214303421460525,PARELHEIROS
5059516867,7839401168,0,34.246,0,4,55.0413023255814,0.018164794640472947,0.004727826248883133,2.559478971365299e-18,0.00019171772900469162,PARELHEIROS
5059516870,8953068364,0,11.39,0,4,61.93079069767442,0.01614405277609214,1.3781093592417893e-05,-5.791932005815508e-18,0.00017993770120389196,PARELHEIROS
5059516870,5059517138,0,39.437,0,4,61.93079069767442,0.01614405277609214,0.0004909941692306904,-4.521962124272886e-18,0.00017844767850846017,PARELHEIROS
5059516870,5059517118,0,30.790999999999997,0,4,60.943627906976744,0.016405553588218772,0.0009690044982172846,-2.502720399135435e-18,0.00018231005882028158,PARELHEIROS
5059516873,5293872480,0,566.5179999999999,0,4,52.116837209302325,0.01918408727438885,0.02590845595374564,7.173052212503933e-18,0.00020157576960382978,PARELHEIROS
5059516873,5059516889,0,24.678,0,4,53.09413953488372,0.018830966322214863,0.016491185510034288,8.778221338847172e-18,0.00019103388669547145,PARELHEIROS
5059516875,8953068363,0,14.399,0,4,60.93767441860465,0.016407156377846982,7.4030668058443225e-06,5.641165616671635e-18,0.00018064399775663835,PARELHEIROS
5059516875,5059517118,0,36.457,0,4,60.94139534883721,0.016406154597630968,0.0014394978670625599,-4.267048065615503e-19,0.00018343963550584242,PARELHEIROS
5059516875,5059516893,0,33.199,0,4,59.95348837209303,0.016676493405740886,0.0019159136893525106,-2.889321305126713e-18,0.00018406445147417587,PARELHEIROS
5059516880,5059516918,0,28.878999999999998,0,4,59.95125581395349,0.016677114430948554,3.644586735184897e-06,-6.340561741739744e-18,0.0001765564727425507,PARELHEIROS
5059516880,5059517021,0,63.941,0,4,58.968,0.016955195249768892,0.00047425184891593475,-5.649269932153808e-18,0.00017985187940064944,PARELHEIROS
5059516889,5059516940,0,62.169,0,4,54.074790697674416,0.018489465064750972,0.004241615599742373,1.5806784691714028e-18,0.00018742053611876022,PARELHEIROS
5059516889,5059516941,0,51.033,0,4,54.08167441860465,0.0184871116554118,0.011784429528213942,-6.903082385663185e-19,0.00018752170802413586,PARELHEIROS
5059516891,8953068365,0,16.4,0,4,59.94753488372093,0.016678149575753063,3.075120057812257e-06,6.238375499058701e-19,0.000181063191505675,PARELHEIROS
5059516891,5059516893,0,35.757000000000005,0,4,59.95181395348837,0.01667695917031042,0.0023856098048494643,1.2989979564254136e-20,0.00018435031059445202,PARELHEIROS
5059516891,5059516907,0,33.379999999999995,0,4,58.965767441860464,0.016955837206293917,0.002857242107049485,3.997492186520493e-18,0.00018497827354367141,PARELHEIROS
5059516895,5059516941,0,62.027,0,4,55.05618604651163,0.01815988402545222,0.01132281983953568,-8.404409418144931e-19,0.0001870532633710994,PARELHEIROS
5059516895,5059516906,0,38.506,0,4,55.04651162790697,0.01816307562315167,0.010857793350793182,-8.634954259143692e-19,0.0001868745263382691,PARELHEIROS
5059516897,5059517060,0,120.01,0,4,57.00111627906977,0.01754025216968415,9.225360173436771e-06,-6.58296718692621e-19,0.00019136970671280795,PARELHEIROS
5059516897,7839429044,0,37.609,0,4,56.99832558139535,0.017541110958787857,0.0037912813512760895,-5.890704277264194e-18,0.00018745381157343413,PARELHEIROS
5059516897,7839401168,0,34.620000000000005,0,4,56.01767441860465,0.01784818744914396,0.00426291365347611,-6.080567277585628e-19,0.00018907685648517048,PARELHEIROS
5059516906,7839329098,0,35.984,0,4,56.02251162790698,0.017846646364750383,0.01039367800873448,3.435057725110055e-18,0.00018658094608630337,PARELHEIROS
5059516907,5059517065,0,160.286,0,4,57.98195348837209,0.017243536882365965,6.6058134575226265e-06,1.0336947791514613e-18,0.00018717451838265415,PARELHEIROS
5059516907,7839429044,0,33.732,0,4,57.98120930232558,0.017243758202336604,0.003327849369230235,4.669132973124271e-18,0.00018605025625972286,PARELHEIROS
5059516911,7839329098,0,32.447,0,4,56.99962790697674,0.017540710180074616,0.009924893039921322,-1.5062781829533745e-18,0.00018592135040128467,PARELHEIROS
5059516911,5059517140,0,199.09199999999998,0,4,57.98381395348837,0.017242983607293774,1.5033920282637701e-05,-1.6263265938933574e-18,0.00018524583889584613,PARELHEIROS
5059516911,7839429045,0,39.251,0,4,57.97767441860465,0.017244809549786605,0.009460436017856197,-2.174850686718503e-19,0.0001837750603713059,PARELHEIROS
5059516918,5059516935,0,65.37700000000001,0,5,59.945488372093024,0.016678718960171566,0.0004845022491086423,-7.175592612573277e-18,0.00020520336016385593,PARELHEIROS
5059516918,5059517021,0,60.695,0,4,58.965953488372094,0.01695578370806015,0.0009503259911994619,-2.612858287707779e-18,0.0001773903144735963,PARELHEIROS
5059516923,7839429045,0,32.917,0,4,58.95813953488372,0.016958030924581886,0.008984703555579093,-9.749378102244097e-18,0.00017832032196495701,PARELHEIROS
5059516923,5059516935,0,364.6940000000001,0,5,59.94195348837209,0.01667970253392429,2.277866709490561e-06,-4.496571825928846e-18,0.00020524140403252488,PARELHEIROS
5059516923,8953068365,0,33.616,0,4,59.944558139534884,0.016678977784123004,0.008512046213359803,1.661982190182582e-20,0.00017625369602214017,PARELHEIROS
5059516935,5059517051,0,75.97800000000001,0,6,60.92818604651163,0.016409711471224987,1.3781093592417893e-05,2.457509546811312e-18,0.0002325997865383195,PARELHEIROS
5059516939,8953068365,0,35.932,0,4,60.93190697674419,0.016408709378978897,0.008042236204527374,7.1583880061363e-19,0.00017516445366559988,PARELHEIROS
5059516939,5059517051,0,275.238,0,5,61.91720930232558,0.016147593936389176,0.00047550467560615454,-2.78617296312931e-20,0.0002015840191578275,PARELHEIROS
5059516939,8953068363,0,34.287,0,4,61.91981395348837,0.01614691468936569,0.007095896480069521,1.6966998450177322e-18,0.00017503111903683938,PARELHEIROS
5059516940,5059516941,0,18.079,0,4,55.05916279069768,0.01815890222103581,5.8085601092009295e-06,1.815676822256741e-18,0.00018666885992232922,PARELHEIROS
5059516943,8953068363,0,36.434,0,4,61.924279069767444,0.01614575039883669,0.0066285921246175316,1.7721194425447035e-18,0.00017563059420343436,PARELHEIROS
5059516943,5059517052,0,197.95499999999998,0,5,62.90790697674419,0.015893295478070564,0.0004769852889673234,1.2467195391779487e-18,0.00020421720337474735,PARELHEIROS
5059516943,8953068364,0,30.438000000000002,0,4,62.9133023255814,0.015891932493294573,0.005679632853443764,-4.215203269734421e-18,0.00017605387433624876,PARELHEIROS
5059517021,5059517026,0,140.272,0,4,57.9826976744186,0.017243315568076442,0.0018958684623089938,-6.349729742021213e-18,0.00018259674278883758,PARELHEIROS
5059517026,5059517140,0,49.253,0,4,57.98660465116279,0.0172421537612536,8.883680167013187e-06,1.110308605848763e-18,0.0001849530379228328,PARELHEIROS
5059517026,5059517139,0,44.231,0,4,57.00446511627907,0.017539221733752396,0.0023614644177288643,2.337638728614342e-18,0.00018504732430063694,PARELHEIROS
5059517029,5059517059,0,67.558,0,4,62.91144186046512,0.015892402461636736,0.001427880746844158,1.5723939659367186e-19,0.00016793392499081815,PARELHEIROS
5059517029,5059517051,0,211.44799999999995,0,5,61.9186976744186,0.016147205788235437,1.1389333547452805e-06,1.5307290021611044e-18,0.00019900083122684068,PARELHEIROS
5059517051,5059517052,0,65.966,0,6,61.91776744186046,0.016147448378644746,1.2528266902198084e-05,2.6788485349970103e-18,0.00023206979119847978,PARELHEIROS
5059517052,5059517059,0,129.2,0,5,62.909953488372096,0.015892778456324433,1.3667200256943365e-06,-9.704107994487734e-19,0.00020183434609481613,PARELHEIROS
5059517060,5059517065,0,70.22,0,4,56.99944186046512,0.01754076743305524,0.0018910849422190635,1.9543196449320633e-18,0.00019098700324078697,PARELHEIROS
5059517118,5059517123,0,231.012,0,4,59.95404651162791,0.016676338156665724,3.3029067287613132e-06,-4.211382922116739e-18,0.0001837631727898133,PARELHEIROS
5059517123,5059517124,0,80.65499999999999,0,4,59.95218604651163,0.01667685566482437,0.0004748213155933074,-1.3773610625496637e-18,0.0001818023347823556,PARELHEIROS
5059517124,5059517138,0,295.034,0,4,60.94027906976744,0.01640645511885063,2.3917600449650886e-06,-2.7403380959950047e-18,0.00017782489038657917,PARELHEIROS
5059517124,8953068370,0,375.339,0,4,60.936,0.016407607218858672,0.0,-1.8916877187954886e-18,0.00017725586401887172,PARELHEIROS
5059517139,5059517140,0,22.302999999999997,0,4,57.00688372093023,0.017538477605315718,0.00047539078227068005,-1.1960608713649988e-18,0.00018549259777748945,PARELHEIROS
5059525486,5059525553,0,74.455,0,2,51.0413023255814,0.01958833156549917,0.0004772130756382725,1.1857415324942444e-19,0.00013708897519843521,PARELHEIROS
5059525486,8950387916,0,150.731,0,2,51.0413023255814,0.01958833156549917,0.0004772130756382725,1.6449267701398797e-18,0.00013708897519843521,PARELHEIROS
5059525547,5059525552,0,32.669,0,4,48.06213953488372,0.020802526961220744,0.0005436128902199224,-4.292518856521758e-19,0.00020226761387840092,PARELHEIROS
5059525547,5059527952,0,65.937,0,4,48.05860465116279,0.020804057062114086,7.163890801347814e-05,8.968282634945772e-19,0.00019975711641368778,PARELHEIROS
5059525552,5059527963,0,116.676,0,4,47.0766511627907,0.021238000766686294,0.0009884802585834289,5.251584791697491e-19,0.00020034521368975024,PARELHEIROS
5059527595,5059534260,0,9.918,0,4,50.55925581395349,0.019775092362266152,0.0014309558669019702,2.0763246614815497e-18,0.000247219063013891,PARELHEIROS
5059527595,5059534522,0,61.218,0,2,51.5586976744186,0.019391761207817326,0.0004772130756382725,7.951720881050433e-20,0.00014060855770788293,PARELHEIROS
5059527927,5059527974,0,131.85000000000002,0,4,49.04502325581395,0.020385635220793803,0.002859861653765399,3.3080859484338975e-18,0.00021204775532410517,PARELHEIROS
5059527927,5059527952,0,156.49699999999999,0,4,48.055627906976746,0.020805345742724517,7.949754816122057e-05,-3.859112121947332e-18,0.0002016282400057004,PARELHEIROS
5059527927,7976421512,0,181.123,0,4,48.92446511627907,0.020435868866672497,0.0033322912093137415,-1.0457583639266385e-18,0.00020780546139316064,PARELHEIROS
5059527952,5059527963,0,142.907,0,4,47.073674418604654,0.021239343769884712,0.0004768713956318489,-1.8563939079853946e-18,0.00019783471622503705,PARELHEIROS
5059527964,5059527974,0,100.489,0,2,50.03925581395349,0.019980591981737128,0.0004772130756382725,-6.391898903423823e-19,0.00011968998556907476,PARELHEIROS
5059534259,5059534738,0,90.929,0,4,44.63516279069768,0.022399693223405053,0.013147504967173092,-5.678936980110431e-18,0.00019350014965565456,PARELHEIROS
5059534260,5059534656,0,112.16700000000002,0,4,50.55888372093023,0.019775237898982168,0.0023837875114818717,2.1786414925572367e-18,0.00024173578045484303,PARELHEIROS
5059534260,5059534657,0,46.158,0,4,49.561302325581394,0.020173278476831136,0.004286717360590287,2.916253917291122e-18,0.00022633295445432432,PARELHEIROS
5059534273,5059534284,0,129.436,0,4,46.60279069767442,0.02145395025749531,0.007043391652415763,-7.15760753164257e-18,0.00018949584046775217,PARELHEIROS
5059534273,5059534277,0,55.075,0,4,47.580651162790694,0.021013036372025368,0.004331477441431776,-4.193117012456316e-18,0.00018877333379768832,PARELHEIROS
5059534273,5059534725,0,63.218,0,5,47.584,0.0210115575295976,0.00239984647178378,-1.5120301601207165e-17,0.0002241860260182942,PARELHEIROS
5059534277,5059534630,0,83.19699999999999,0,4,47.7713488372093,0.02092915477215106,0.010350626327925109,-9.445891433274039e-18,0.0001941201413081865,PARELHEIROS
5059534277,5059538204,0,45.142999999999994,0,4,46.97413953488372,0.021284348439121376,0.00661822783108935,-4.8955521178050285e-18,0.0001973175709482549,PARELHEIROS
5059534284,5059534738,0,112.84100000000001,0,4,45.62176744186046,0.021915283198146947,0.00845134106555188,-7.246866530519564e-18,0.00019206787025136042,PARELHEIROS
5059534284,5059538221,0,35.849999999999994,0,4,46.608744186046515,0.02145120987378354,0.0009480481244899713,-6.21037006514069e-18,0.00020116662471732623,PARELHEIROS
5059534546,5059534730,0,89.255,0,2,47.605395348837206,0.021002114280577928,0.0004772130756382725,1.8579590071225335e-18,0.00011365712858589342,PARELHEIROS
5059534547,5059534656,0,78.09599999999999,0,4,51.55758139534884,0.019392181061048924,0.0014309558669019702,4.954537039291697e-18,0.00026022368435881286,PARELHEIROS
5059534547,5059534578,0,371.92899999999986,0,2,52.55702325581395,0.01902341288664538,0.0004772130756382725,-4.020737373423531e-18,0.00014566321058170762,PARELHEIROS
5059534582,8950304771,0,18.369,0,4,48.59106976744186,0.0205760844178469,0.0023837875114818717,-4.140716006283309e-18,0.00020775663887522846,PARELHEIROS
5059534582,5059534612,0,41.913,0,4,48.580651162790694,0.020580497164149954,4.0546027428931984e-05,-4.7211701438076266e-18,0.00020325313403905484,PARELHEIROS
5059534582,5059534730,0,279.65699999999987,0,4,47.6033488372093,0.021003017180733816,0.0028211379197040595,-5.465700323010962e-18,0.00020499829874446923,PARELHEIROS
5059534612,5059534723,0,194.87300000000002,0,4,48.58195348837209,0.020579945467357006,0.0014309558669019702,-5.2378621582008034e-18,0.00022397553849417613,PARELHEIROS
5059534612,5059534725,0,49.831,0,5,47.584744186046514,0.021011228926214383,0.0019407424364859577,-1.3756906523139682e-17,0.00023356452145943137,PARELHEIROS
5059534630,5059534729,0,64.825,0,4,48.55702325581395,0.02059051165927186,0.005692388907016912,-9.666935205991286e-18,0.0001947132157521317,PARELHEIROS
5059534630,7976421512,0,168.43600000000004,0,4,48.74697674418605,0.020510276129229243,0.004269633360269107,-4.638741883392055e-18,0.00020322295750883017,PARELHEIROS
5059534657,5059534729,0,36.073,0,4,48.564837209302326,0.020587198700562373,0.0052368155651187995,-7.37407734274769e-18,0.0002060955976580183,PARELHEIROS
5059534723,5846947456,0,50.144999999999996,0,2,49.58139534883721,0.020165103189493435,0.0004772130756382725,1.1886565067440413e-18,0.0001326283759854267,PARELHEIROS
5059534725,5059534729,0,169.682,0,5,47.57786046511628,0.021014268899742308,1.913408035972071e-05,-9.620476604326485e-18,0.00022829808250256022,PARELHEIROS
5059534725,5059534731,0,277.598,0,5,46.59944186046511,0.021455492031045385,4.897413425404705e-06,-1.5983136702844505e-17,0.00022608593264741508,PARELHEIROS
5059534730,5059534731,0,28.621000000000002,0,4,46.607813953488375,0.021451638012589962,0.0037707805508906743,-7.824843732281113e-18,0.00019798169141174628,PARELHEIROS
5059534731,5059534738,0,28.805999999999997,0,4,45.61823255813953,0.02191698137831467,0.00424127391973595,-5.304796428149075e-18,0.00018988985234139256,PARELHEIROS
5059538122,7260683621,0,80.97399999999999,0,5,43.51274418604651,0.02297749710322771,0.0085549840008337,6.6446455213015935e-18,0.00020887618069993053,PARELHEIROS
5059538127,5059538129,0,60.272999999999996,0,4,41.42306976744186,0.024136645572178633,0.012148204841719584,5.275274182097063e-18,0.00018536875565443105,PARELHEIROS
5059538127,5059554847,0,170.312,0,5,41.816558139534884,0.02390952287732911,5.797170775653477e-05,7.917476263774064e-18,0.0002157137320675113,PARELHEIROS
5059538162,5059538187,0,262.53099999999995,0,4,45.008186046511625,0.022214046850392074,0.0033297855559333016,-8.652922487010073e-18,0.00020917823372286064,PARELHEIROS
5059538162,7893543354,0,63.233,0,2,45.99646511627907,0.021736756312921924,0.0004772130756382725,-4.1572085095461116e-18,0.00011710239966358747,PARELHEIROS
5059538181,5059538187,0,91.984,0,4,45.009302325581395,0.022213495918156453,0.008022077084148382,-5.7983138338184765e-18,0.0002088713609425569,PARELHEIROS
5059538181,5059538204,0,29.599,0,4,45.992372093023256,0.021738690743459986,0.007087468373244405,-5.5907563508125985e-18,0.00020776822239405206,PARELHEIROS
5059538185,5059538221,0,16.852,0,2,47.6,0.02100449482118429,0.0004772130756382725,-3.924796840208076e-18,0.00011466404398150549,PARELHEIROS
5059538204,5059538221,0,166.83299999999997,0,4,46.80018604651163,0.021363461087413684,1.2072693560299972e-05,-6.4707489865969425e-18,0.00020563673949227377,PARELHEIROS
5059553902,5059554847,0,59.161,0,5,41.50344186046512,0.024089904563813144,0.009720454502744544,1.077914159216673e-17,0.0002229458620714482,PARELHEIROS
5059553902,5059554822,0,60.93300000000001,0,4,40.58139534883721,0.02463724928366762,0.011064737541350398,5.0235119411022056e-18,0.00019503534179129034,PARELHEIROS
5059554107,5059554904,0,708.2750000000001,0,4,42.71944186046512,0.023404190456281546,0.0003859845139231755,9.451554388498641e-18,0.00021938154724127627,PARELHEIROS
5059554107,8950304790,0,257.769,0,2,43.287627906976745,0.02309699103025302,0.0004772130756382725,1.0910896399696222e-17,0.00011990613937658281,PARELHEIROS
5059554630,8950304757,0,8.732,0,4,36.70455813953488,0.027239503869996504,0.08763032956745019,3.4436999347956854e-15,0.00019666220211481567,PARELHEIROS
5059554630,5060535415,0,226.91099999999997,0,4,37.565209302325584,0.026615423474466725,0.012356515752302497,6.191301104047209e-16,0.00019872940186573988,PARELHEIROS
5059554758,5059554904,0,528.929,0,2,43.12372093023256,0.023184779326114156,0.0004772130756382725,8.304170030372145e-18,0.00012004020923642312,PARELHEIROS
5059554822,8950304754,0,110.348,0,4,40.009302325581395,0.024989537316903045,0.0574935835342127,-1.376185951844441e-18,0.00020086742642321897,PARELHEIROS
5059554822,5059554844,0,119.18900000000002,0,4,40.245209302325584,0.02484305513179671,0.0642046344337138,5.582585554290959e-18,0.00020812585254003323,PARELHEIROS
5059554823,5059554847,0,58.577,0,6,42.42586046511628,0.023566144387582824,0.008789376485240278,5.057593792510638e-18,0.00025449301438928767,PARELHEIROS
5059554824,8950304754,0,51.187,0,4,39.648372093023255,0.025217024072075454,0.057751893619068934,-1.1730697388193791e-18,0.00020236553419555436,PARELHEIROS
5059554824,8950304755,0,64.29700000000001,0,4,39.881116279069765,0.025069858789611918,0.0008446329758791,-2.646343943978793e-18,0.00020742973782166376,PARELHEIROS
5059554832,8950304755,0,32.979,0,2,40.647627906976744,0.024597104553714052,0.0004772130756382725,-1.4786117222250043e-18,0.00011625177174899503,PARELHEIROS
5059554834,5059554844,0,120.635,0,2,40.86586046511628,0.024465750680615878,0.0004772130756382725,7.832377157762365e-18,0.00011844599423969995,PARELHEIROS
5059554844,8950313360,0,5.522,0,4,40.48,0.02469896130159022,0.06376432279876927,2.7909050948045805e-17,0.000214143494667268,PARELHEIROS
5059554904,5059554951,0,292.07,0,4,42.182697674418606,0.023701991778840217,0.0008773203631602895,1.0988175979574327e-17,0.00021163089448532926,PARELHEIROS
5060533493,5060536491,0,324.013,0,4,42.200372093023255,0.023692064877638024,0.01102453319392789,-4.692147012651086e-18,0.00019087237624658616,PARELHEIROS
5060533493,5060535050,0,70.932,0,4,41.24539534883721,0.024240619953629777,0.030362596517483482,-6.49184048240917e-18,0.0001900159133097254,PARELHEIROS
5060533494,5312193614,0,47.259,0,4,44.186418604651166,0.022627177876396832,0.017582283663880267,-3.823077777692906e-18,0.00020280439839176934,PARELHEIROS
5060533494,5060536013,0,390.38199999999995,0,4,43.59162790697675,0.022935916860502337,0.000556482837128544,1.636019387040968e-18,0.00019541920832488274,PARELHEIROS
5060533498,8950304757,0,131.889,0,5,35.91386046511628,0.02783922253246787,0.08828931640650581,1.936230559793174e-14,0.00021888295479947418,PARELHEIROS
5060533501,5060536621,0,47.8,0,5,46.11460465116279,0.021681069610192606,0.0018432497413197618,9.317831127986259e-18,0.0002313521130873954,PARELHEIROS
5060533501,5060535929,0,132.90200000000002,0,4,47.10493023255814,0.02122525070204472,0.013396931371862309,7.026840559106905e-18,0.00020052576374798842,PARELHEIROS
5060533501,5060533504,0,8.298,0,4,47.10325581395349,0.021226005213681967,0.011275098531971853,3.1280011662980053e-18,0.0001919465757883606,PARELHEIROS
5060533504,5060536653,0,59.294999999999995,0,4,47.11832558139535,0.021219216539459292,0.0001031873619399224,8.706150181582836e-18,0.0001972265469995032,PARELHEIROS
5060533505,5060536160,0,199.342,0,2,40.27795348837209,0.02482285883211544,0.0004772130756382725,-5.15210639066694e-18,0.00011426763402429069,PARELHEIROS
5060533513,5060536148,0,288.29200000000003,0,3,42.97823255813954,0.02326326360991827,0.0004772130756382725,-3.174856901817104e-18,0.00014689918806800798,PARELHEIROS
5060534694,5060534700,0,48.355999999999995,0,2,46.93786046511628,0.021300799473623712,0.0004772130756382725,1.751472898385016e-18,0.00013964510968992626,PARELHEIROS
5060534700,5060536640,0,103.263,0,4,45.93841860465116,0.021764222275321057,0.0014309558669019702,1.35493231770425e-18,0.00024353644244918502,PARELHEIROS
5060534700,5060534764,0,41.375,0,2,46.93786046511628,0.021300799473623712,0.0004772130756382725,-7.151588706525394e-18,0.00013964510968992626,PARELHEIROS
5060534722,5060535388,0,152.86200000000002,0,2,40.243720930232556,0.024843973926309465,0.0004772130756382725,1.1400657528195531e-18,0.00012041098072993314,PARELHEIROS
5060534779,5060536639,0,81.09700000000001,0,2,45.13581395348837,0.022151233486531606,0.0004772130756382725,1.1738137051229533e-18,0.00011634766778802196,PARELHEIROS
5060534930,5060535049,0,142.468,0,4,41.21283720930233,0.024259770042298855,0.010171927684565573,1.107384409822643e-19,0.00019521814405471676,PARELHEIROS
5060534930,5060535938,0,13.908000000000001,0,4,41.92093023255814,0.02384999445245756,0.0005339319567045875,-2.3995861279179894e-19,0.00020610766403568134,PARELHEIROS
5060534930,5060535032,0,16.659,0,4,41.06344186046512,0.02434803095380489,0.00958127684679467,-9.183306750191284e-19,0.00020243010027264156,PARELHEIROS
5060534951,5060536439,0,289.029,0,2,50.04632558139535,0.019977769434087116,0.0004772130756382725,9.325663709756255e-19,0.000123812336608177,PARELHEIROS
5060534970,5060535402,0,184.839,0,2,44.95441860465116,0.02224061581757232,0.0004772130756382725,3.0471798567157275e-18,0.00011953696541381138,PARELHEIROS
5060535016,5060535024,0,19.256,0,4,42.16986046511628,0.023709207060702453,0.006812529861408894,-2.9207567328198866e-18,0.00019414452436302115,PARELHEIROS
5060535024,5060535049,0,65.929,0,4,41.36948837209302,0.02416790714198983,0.01496171190794685,-6.789844966846827e-19,0.00018789828956311305,PARELHEIROS
5060535032,5060535420,0,97.042,0,4,40.34176744186046,0.024783593205956547,0.009944368800287467,-1.4081605546515514e-18,0.00020869975402234864,PARELHEIROS
5060535032,5060535938,0,18.173,0,4,41.202418604651164,0.024265904462596462,0.00042026640790100847,-9.132029969390018e-19,0.00020867580734391906,PARELHEIROS
5060535038,5060535321,0,113.71799999999999,0,2,42.02753488372093,0.023789497914988182,0.0004772130756382725,-4.7605158307882166e-18,0.00011097743375649913,PARELHEIROS
5060535049,5060535050,0,13.467,0,4,40.881488372093024,0.02445639807407003,0.02445642981978088,-5.473656248770132e-19,0.00019076777037394747,PARELHEIROS
5060535050,5060536155,0,187.15599999999998,0,4,40.667906976744185,0.024584839196669563,0.038077844955863485,-6.001534437414194e-18,0.00019482164461068517,PARELHEIROS
5060535288,5060536663,0,108.51799999999999,0,4,52.02586046511628,0.019217634164047218,1.2528266902198084e-05,2.528611968765645e-18,0.00021785204335483279,PARELHEIROS
5060535288,5060535313,0,78.537,0,4,51.050976744186045,0.01958461947747623,0.0009416700977033978,-4.769916380577901e-19,0.00020662792069187368,PARELHEIROS
5060535288,5060535594,0,141.545,0,2,52.03925581395349,0.019212687380903863,0.0004772130756382725,-4.1622834831853365e-19,0.00011828083857322513,PARELHEIROS
5060535307,5060536451,0,86.77499999999999,0,4,49.07851162790698,0.02037172522811101,4.3279467480320656e-06,5.456176169307791e-18,0.00018871456870280364,PARELHEIROS
5060535307,5060535308,0,72.02000000000001,0,4,49.07813953488372,0.020371879679296424,0.0018855041687808117,4.714862367509694e-18,0.00018770298411348638,PARELHEIROS
5060535307,5060535313,0,50.14999999999999,0,4,50.06213953488372,0.019971458726642983,0.0014133023999034185,3.902711153006401e-18,0.00019313801484521862,PARELHEIROS
5060535308,5060536481,0,68.761,0,4,48.0913488372093,0.0207898921045607,3.644586735184897e-06,7.143337038195926e-18,0.00018593683371458542,PARELHEIROS
5060535313,5060536445,0,94.408,0,4,50.05972093023256,0.01997242363539735,5.125200096353762e-06,3.9314934655509615e-18,0.00019595331433596965,PARELHEIROS
5060535321,5060536148,0,21.57,0,5,42.00316279069767,0.02380330163398548,0.004162118051581153,-1.6239137437407806e-18,0.0002375629341073811,PARELHEIROS
5060535321,5060536155,0,332.93899999999996,0,4,41.034232558139536,0.024365362556050763,0.0050662033485779565,-5.875795051333414e-18,0.00020003607287988687,PARELHEIROS
5060535388,5060536122,0,13.811,0,4,39.3633488372093,0.025399616217187043,0.0014244639467799222,2.3713121320426254e-17,0.00021152380040251784,PARELHEIROS
5060535388,5060535418,0,50.56,0,4,40.12093023255814,0.02492000927428704,0.0007290312403724539,5.0376473898432475e-18,0.00022089953763998276,PARELHEIROS
5060535402,5060536640,0,60.67099999999999,0,4,44.947162790697675,0.02224420611694972,0.0023503028708523606,-2.507767685926102e-18,0.00022342829817307018,PARELHEIROS
5060535402,5060536013,0,253.599,0,4,43.96111627906977,0.022743142988941603,0.003278077981627866,-5.822691483707539e-19,0.00020699936823965695,PARELHEIROS
5060535415,5060536126,0,30.240000000000002,0,4,38.49116279069767,0.025975155879936197,0.010763489669020273,1.1977725438809718e-16,0.0001994291645028104,PARELHEIROS
5060535415,5060536122,0,32.672,0,4,38.518697674418604,0.02595658767955641,0.0012650132771155828,1.1758735748592858e-16,0.0002002190052373898,PARELHEIROS
5060535418,5060535952,0,125.93900000000001,0,2,40.97879069767442,0.024398327438811228,0.0004772130756382725,-3.862320946315486e-18,0.00012105335828177928,PARELHEIROS
5060535420,5060536126,0,4.031,0,4,39.416186046511626,0.025365568152854217,0.01083387575034353,1.7828306854458587e-17,0.00020680601185577913,PARELHEIROS
5060535534,5060535557,0,64.06,0,2,52.02827906976744,0.01921674080643085,0.0004772130756382725,-2.9596815985655346e-18,0.0001379157538111487,PARELHEIROS
5060535560,5060536622,0,75.735,0,2,41.625116279069765,0.024019487339933403,0.0004772130756382725,-3.704972420109694e-18,0.00013503508586443068,PARELHEIROS
5060535566,5060535998,0,135.66899999999995,0,2,53.031813953488374,0.01885309739480645,0.0004772130756382725,4.776596108109411e-18,0.00013720385166469837,PARELHEIROS
5060535925,5060536653,0,202.24,0,4,46.15125581395349,0.021663851521589273,0.0018555502215510107,4.670592775323494e-18,0.00020352906870564662,PARELHEIROS
5060535925,5312193614,0,18.224999999999998,0,4,45.17079069767442,0.022134081295589247,0.016648130526318188,5.346062367127291e-19,0.00020732521823362855,PARELHEIROS
5060535925,5060535929,0,66.489,0,4,46.14976744186046,0.02166455020056036,0.01432607320266351,6.00059372058912e-18,0.00020666711556354756,PARELHEIROS
5060535938,5060535943,0,82.381,0,2,42.06269767441861,0.02376961081353638,0.0004772130756382725,-2.255142085244192e-18,0.00011645908623934424,PARELHEIROS
5060535951,5060536121,0,475.328,0,5,37.94306976744186,0.02635037068999333,0.0,-5.824696298813598e-17,0.0001882884068414796,PARELHEIROS
5060535951,5060536121,1,59.626999999999995,0,5,37.94306976744186,0.02635037068999333,0.04351921295149454,-5.950441997106586e-17,0.0001882884068414796,PARELHEIROS
5060535951,5060536133,0,124.11600000000001,0,6,37.07851162790698,0.026964781205938874,2.038690704994052e-05,-7.97235799642309e-17,0.00021948666945430007,PARELHEIROS
5060535951,5060535958,0,129.163,0,5,37.078697674418606,0.02696464590713404,0.04385599554449272,-6.742259082983653e-17,0.00018868085855823784,PARELHEIROS
5060535954,5060536133,0,216.34499999999997,0,5,36.117209302325584,0.027682480811827125,0.0,-2.2763358495016103e-17,0.0001926165300505346,PARELHEIROS
5060535954,5060535958,0,85.47999999999999,0,4,36.15348837209302,0.02765470217419272,0.04474926097461944,-1.560389686454256e-17,0.00016090783842203596,PARELHEIROS
5060535958,5060536133,0,87.205,0,5,37.078697674418606,0.02696464590713404,0.00045682616858833195,-5.468936690071201e-17,0.00018891562057673258,PARELHEIROS
5060535959,5060536492,0,26.812,0,2,40.626790697674416,0.024609720244173853,0.0004772130756382725,-3.67497999730031e-18,0.00012448900571845404,PARELHEIROS
5060535959,5060535972,0,173.525,0,4,39.628093023255815,0.02522992849798827,0.0033357080093779773,-6.899937757483949e-18,0.00021322326967060395,PARELHEIROS
5060535959,5060536622,0,42.293000000000006,0,4,40.626046511627905,0.0246101710438944,0.0023837875114818717,1.4295718796277949e-18,0.00023895929021115503,PARELHEIROS
5060535972,5060535985,0,147.108,0,4,39.51255813953488,0.02530370091345701,0.0014724130410146985,-1.9960159819684255e-17,0.00019599073787543257,PARELHEIROS
5060535972,5060535979,0,129.022,0,4,38.73711627906977,0.025810231879046356,0.002338913537304908,-1.5577787558129637e-17,0.00018883064449405217,PARELHEIROS
5060535979,5060536121,0,140.537,0,5,37.84520930232558,0.026418507703349754,0.043163865744814005,-5.83256386445524e-17,0.00020251315208175304,PARELHEIROS
5060535979,5060535985,0,79.19200000000001,0,4,38.63218604651163,0.025880335953151486,0.040717664685492094,-1.1353690033309693e-17,0.00018678805309345527,PARELHEIROS
5060535985,5060536160,0,59.243,0,4,39.3966511627907,0.025378145704746478,0.042081195697793145,-6.694577335042277e-18,0.00020095930657584366,PARELHEIROS
5060535989,5060536652,0,89.06899999999999,0,4,44.14511627906977,0.022648347943358058,0.00026502979164922676,3.3090745545302347e-18,0.0002008141637243402,PARELHEIROS
5060535989,5060536621,0,213.102,0,5,45.12837209302326,0.022154886319130953,0.0009586402046891024,8.765624618386279e-18,0.00023669699087349529,PARELHEIROS
5060535989,7889503751,0,80.524,0,2,45.13674418604651,0.02215077696714892,0.0004772130756382725,-2.8008018145742556e-18,0.00011100844852137205,PARELHEIROS
5060535998,5060536663,0,141.01500000000001,0,4,52.032372093023255,0.019215229159664466,0.0014309558669019702,6.799149447242642e-18,0.00023677505644630607,PARELHEIROS
5060536013,5060536148,0,73.453,0,5,42.97153488372093,0.02326688949309873,0.003229331634044768,1.6830130269640483e-18,0.00023406340533837865,PARELHEIROS
5060536121,5060536133,0,250.245,0,6,37.0413023255814,0.026991868285308165,0.0,-8.420032282493723e-17,0.00022156476219705687,PARELHEIROS
5060536122,5060536126,0,34.849,0,4,39.44874418604651,0.02534463324797087,0.0005147978763448667,4.165606329581809e-17,0.00020200059998231966,PARELHEIROS
5060536154,5312193614,0,28.204,0,2,45.17860465116279,0.022130253052484197,0.0004772130756382725,-1.3153873039558694e-18,0.00011541239426446183,PARELHEIROS
5060536155,5060536160,0,108.373,0,4,40.15906976744186,0.024896342452109053,0.04186912630713957,-5.233392219180446e-18,0.00020332627314767845,PARELHEIROS
5060536445,5060536451,0,50.696000000000005,0,4,49.074790697674416,0.0203732698453618,0.006602510550793865,8.42464208580667e-18,0.00019152986819355466,PARELHEIROS
5060536445,5060536660,0,46.760000000000005,0,4,50.053395348837206,0.019974947683775838,0.006140445288773704,3.7549226680353005e-18,0.00020055499763152744,PARELHEIROS
5060536451,5060536481,0,51.22500000000001,0,4,48.09079069767442,0.020790133391105196,0.00706947322623943,1.1500950801851635e-18,0.00018694841830390268,PARELHEIROS
5060536491,5060536652,0,203.82399999999998,0,4,43.16427906976744,0.023162994379504157,0.0016449614442586085,-6.414401147913782e-18,0.00019642518362712633,PARELHEIROS
5060536511,5060536647,0,58.05500000000001,0,2,46.91851162790698,0.021309583761256527,0.0004772130756382725,2.3217232650555794e-18,0.0001251881243001813,PARELHEIROS
5060536512,5060536621,0,50.835,0,3,46.11906976744186,0.0216789705111138,0.0004772130756382725,4.256009649186051e-18,0.00014596960318224007,PARELHEIROS
5060536622,5060536664,0,26.731,0,4,41.62474418604651,0.024019702055575173,0.0014309558669019702,-3.932384101471248e-18,0.00026066300684721974,PARELHEIROS
5060536623,5060536653,0,371.78299999999996,0,4,47.136558139534884,0.021211008884626164,0.0014838023745621513,4.253014559589558e-18,0.00021287815929387941,PARELHEIROS
5060536623,5060536647,0,28.742,0,4,46.906046511627906,0.021315246707916864,0.0017008830719766018,4.609064016143044e-18,0.00022645003885758084,PARELHEIROS
5060536624,5060536664,0,16.773,0,2,42.624186046511625,0.023456493747408394,0.0004772130756382725,-6.444981866348259e-19,0.00014619272235451872,PARELHEIROS
5060536639,5060536652,0,334.392,0,4,44.14623255813954,0.022647775258548754,0.0009521482845670544,-5.967515702732532e-18,0.0002061533829909901,PARELHEIROS
5060536640,5060536647,0,31.006999999999998,0,4,45.93079069767442,0.021767836745274993,0.001917052622707256,4.998492303130681e-18,0.00022907945705944008,PARELHEIROS
5060536660,5060536663,0,20.641,0,4,51.03851162790698,0.019589402621640932,0.0019181915560620012,1.6073138438216633e-18,0.00021308477156754363,PARELHEIROS
5060536664,5060536666,0,6.166,0,2,42.624186046511625,0.023456493747408394,0.0004772130756382725,2.679980582756932e-18,0.00014619272235451872,PARELHEIROS
5060544796,5060556521,0,103.90700000000001,0,4,34.759627906976746,0.028763655242917473,0.0014309558669019702,3.186854665204091e-18,0.00020711700797986627,PARELHEIROS
5060544796,5312167080,0,464.10499999999996,0,5,34.14251162790698,0.029283550208156237,0.2132636761693571,2.1429995003069396e-18,0.00021961194670587676,PARELHEIROS
5060544796,7892001468,0,140.684,0,4,34.375627906976746,0.029084965551580622,0.2129014953625481,2.696655483456033e-17,0.0001868650346457956,PARELHEIROS
5060549185,8719576254,0,7.956,0,5,36.80744186046512,0.027163364334816014,0.07202466474073037,2.2207734243362445e-12,0.0002028392214379544,PARELHEIROS
5060549185,5060568631,0,355.891,0,6,36.41060465116279,0.027459416372434303,0.12054527573291784,1.1700012213940331e-12,0.00023865750733630326,PARELHEIROS
5060549185,13256248342,0,267.314,0,5,36.99572093023256,0.027025124212982518,0.01671008850081633,1.0696824080070428e-12,0.00022215907859652088,PARELHEIROS
5060549189,5060549676,0,29.103,0,4,39.13283720930232,0.025549232429554196,0.014706249156477483,6.0008880038453395e-15,0.0002232486576866489,PARELHEIROS
5060549189,7976948418,0,245.01200000000003,0,4,39.66586046511628,0.02520590608056134,0.013392831211785226,1.15383162994125e-15,0.00020584942849509496,PARELHEIROS
5060549189,5060549628,0,14.928,0,4,39.93358139534884,0.02503692177243143,0.0014309558669019702,1.0833301498775236e-15,0.00023649340891528222,PARELHEIROS
5060549191,5060549677,0,173.02199999999996,0,2,38.66009302325581,0.025861654106391786,0.0004772130756382725,3.219834289773545e-14,0.0001220421859106698,PARELHEIROS
5060549210,5060549628,0,37.65,0,2,40.93302325581395,0.02442560734495375,0.0004772130756382725,1.8077742093373277e-16,0.00013726409360607402,PARELHEIROS
5060549622,5060549628,0,47.513,0,2,40.93302325581395,0.02442560734495375,0.0004772130756382725,1.8611211480316798e-16,0.00013726409360607402,PARELHEIROS
5060549676,5060549677,0,2.756,0,4,38.51088372093023,0.025961854335349477,0.015362046982139816,3.3673055076109283e-14,0.00022549672691638093,PARELHEIROS
5060549676,8950334394,0,105.519,0,2,39.327255813953485,0.025422926995420658,0.0004772130756382725,5.716064817009368e-15,0.00012401934237744072,PARELHEIROS
5060549677,13256248342,0,97.04799999999999,0,4,37.78083720930233,0.02646352032776552,0.016017844807802148,1.897700416751068e-13,0.00021288372672858782,PARELHEIROS
5060568631,5060568660,0,51.803,0,5,36.72372093023256,0.02722529003495618,0.00808164329860156,3.0788804340746735e-13,0.0002204513154416598,PARELHEIROS
5060568632,5060568673,0,48.777,0,4,40.70920930232558,0.024559896166572216,0.0014309558669019702,3.115744851766984e-16,0.00025778395907669294,PARELHEIROS
5060568632,5060568667,0,51.903999999999996,0,4,39.710511627906975,0.0251775641386031,0.0023837875114818717,1.7518016352699357e-15,0.00023739377401260018,PARELHEIROS
5060568635,5060568661,0,67.951,0,2,41.708651162790694,0.02397138065160761,0.0004772130756382725,5.1397218012030344e-17,0.00014469869718035556,PARELHEIROS
5060568636,5060568639,0,30.803,0,2,40.709581395348835,0.024559671684627127,0.0004772130756382725,2.9425893382177177e-16,0.00013365006326806702,PARELHEIROS
5060568639,5060568667,0,114.79700000000001,0,4,39.710511627906975,0.0251775641386031,0.0023837875114818717,1.7521974945427204e-15,0.00023739377401260018,PARELHEIROS
5060568639,5060568661,0,44.653999999999996,0,4,40.70920930232558,0.024559896166572216,0.0014309558669019702,3.1175657228650287e-16,0.00025778395907669294,PARELHEIROS
5060568660,5060568672,0,56.248,0,4,37.717953488372096,0.02650764055363185,0.0071342785341244365,5.471065671112719e-14,0.00020993161344606663,PARELHEIROS
5060568661,5060568663,0,51.147999999999996,0,2,41.708651162790694,0.02397138065160761,0.0004772130756382725,5.69165975392272e-17,0.00014469869718035556,PARELHEIROS
5060568667,5060568672,0,110.28399999999999,0,4,38.713302325581395,0.025826108686876455,0.0052368155651187995,9.794984634271182e-15,0.00022429583811314974,PARELHEIROS
5060568673,5060568674,0,40.41,0,2,41.708651162790694,0.02397138065160761,0.0004772130756382725,5.3429236939558536e-17,0.00014469869718035556,PARELHEIROS
5060727128,11770046514,0,10.942,0,4,41.6126511627907,0.024026682404277768,0.0007052275332582776,-6.8907802069240264e-18,0.00019182824261530248,PARELHEIROS
5060727128,11770046515,0,63.016000000000005,0,4,41.59404651162791,0.024037429327989693,0.0035993710810015094,-5.845889543149468e-18,0.00019109489469162542,PARELHEIROS
5060727128,11770046508,0,17.216,0,4,41.14902325581395,0.0242973921221109,0.003695952629483909,2.6605948427315676e-18,0.00020155902277141624,PARELHEIROS
5060727185,5060727747,0,16.921,0,4,41.734697674418605,0.023956420177956884,0.0013637587989719987,3.860896985473255e-18,0.0002086129370681716,PARELHEIROS
5060727185,7999038668,0,53.216,0,4,41.01841860465116,0.024374756207081107,0.0014166053066321798,3.173854555975798e-17,0.0002037211608508833,PARELHEIROS
5060727270,5060727353,0,35.857,0,2,40.28130232558139,0.024820795152231748,0.0004772130756382725,4.012620135090329e-18,0.00012099197744821946,PARELHEIROS
5060727271,5060727692,0,6.037,0,4,43.158883720930234,0.02316589001590661,0.0014092022398263355,6.6653001978122625e-18,0.00020023769283487863,PARELHEIROS
5060727271,5060727691,0,8.971,0,4,43.77953488372093,0.022837473174255784,0.0011497532216153605,6.078357063099263e-18,0.00020588483565538683,PARELHEIROS
5060727342,5846948376,0,51.376,0,4,40.928372093023256,0.024428383108323105,0.03556057445520547,-1.2808944734587375e-17,0.00019026138199331166,PARELHEIROS
5060727342,5060727707,0,143.368,0,4,40.19832558139535,0.024872029842733238,0.03551228368096426,-4.5648476332388315e-18,0.0001966090396844283,PARELHEIROS
5060727342,7308239543,0,83.967,0,4,40.65972093023256,0.024589788877398808,0.0,-4.215150033849995e-18,0.00019027455985609664,PARELHEIROS
5060727345,5060727353,0,254.66100000000003,0,4,39.99888372093023,0.02499604640129492,0.0006239076917294645,-6.38871183227211e-19,0.00022147129529234417,PARELHEIROS
5060727345,6725082974,0,65.283,0,4,40.08967441860465,0.024939438096917607,0.0008150207086557226,1.822643802011176e-17,0.00021433718820758194,PARELHEIROS
5060727353,5060727390,0,340.738,0,4,39.284837209302324,0.025450377919642348,0.001092464873871673,2.8947910253922896e-19,0.00021397190027565174,PARELHEIROS
5060727364,5060727692,0,51.915,0,4,42.525953488372096,0.0235106769272499,0.001486763601284489,1.2904632672902381e-17,0.00019231871400753682,PARELHEIROS
5060727364,5060727367,0,20.74,0,4,42.53172093023256,0.023507488801791713,0.0009405311643486525,7.220783103008195e-18,0.00019514499744218013,PARELHEIROS
5060727364,5060727417,0,118.01700000000001,0,4,41.656,0.024001679313625218,0.002579456261827111,1.0410447625556708e-17,0.00019425419339007976,PARELHEIROS
5060727367,5060727834,0,21.094,0,4,42.46660465116279,0.02354353407109499,0.0007885974548256322,8.99217864671445e-18,0.00020407638863619487,PARELHEIROS
5060727367,5060727417,0,145.62999999999997,0,4,41.60241860465116,0.02403259202282515,0.0,1.2520753814873891e-17,0.00019667457109164433,PARELHEIROS
5060727390,5060727391,0,11.174,0,4,39.092837209302324,0.02557537454074737,0.0392863671385837,2.117761465592593e-18,0.00021044846729168556,PARELHEIROS
5060727391,6725101798,0,311.598,0,4,39.8893023255814,0.025064713975886756,0.0014309558669019702,4.015555320032691e-18,0.00023281504796738732,PARELHEIROS
5060727391,5060727707,0,247.135,0,4,39.672744186046515,0.025201532538301735,0.039072703241233485,1.0490442906225498e-18,0.00020804373373901365,PARELHEIROS
5060727425,5060727765,0,150.651,0,4,41.83032558139535,0.02390165363506169,0.0024542874861406046,7.756783596289955e-18,0.00019232789392003435,PARELHEIROS
5060727549,5060727875,0,45.328,0,4,43.29172093023256,0.023094807321234416,5.80856010920093e-05,6.243175675123452e-18,0.00018411927734034422,PARELHEIROS
5060727549,5060727729,0,119.29400000000001,0,4,42.44427906976744,0.023555917909335578,0.0010406434062307627,1.2759115730395847e-18,0.00018577989106279588,PARELHEIROS
5060727549,5060727696,0,142.326,0,5,43.35869767441861,0.023059132472012803,0.0006288051051548693,1.2118944698358854e-17,0.00022587402173645024,PARELHEIROS
5060727631,7999471214,0,46.263000000000005,0,4,38.4513488372093,0.026002051520253925,0.03728298336758675,4.21771592719682e-15,0.0001912099667101281,PARELHEIROS
5060727631,5060727658,0,395.69599999999997,0,4,39.29488372093023,0.025443871028833862,0.03338669236100315,7.521225409341174e-16,0.00020311362571299112,PARELHEIROS
5060727631,5060727734,0,60.81100000000001,0,4,39.38046511627907,0.02538857655784948,0.0034837693454948635,7.493922092745684e-16,0.00020506230711279217,PARELHEIROS
5060727658,5060727763,0,61.493,0,4,39.78697674418605,0.025129176311051882,0.033083508301969954,1.3675576425173844e-16,0.00019981088211054203,PARELHEIROS
5060727658,7999516564,0,718.647,0,2,40.04279069767442,0.024968638200994285,0.0004772130756382725,1.267465475490944e-16,0.00011387367669406451,PARELHEIROS
5060727691,5060727765,0,53.387,0,4,42.80855813953488,0.023355469021625757,0.001513984108462901,4.410589035641307e-18,0.00020072482321651432,PARELHEIROS
5060727691,5060727834,0,30.346,0,4,43.095627906976745,0.02319989293685433,0.0004904247025533178,1.6003796836370575e-18,0.0002068972480220597,PARELHEIROS
5060727692,5060727696,0,47.715999999999994,0,5,42.93488372093023,0.02328675116455422,8.963405501845357e-05,1.1173594020276762e-17,0.00023017746652794733,PARELHEIROS
5060727696,5060727869,0,25.33,0,5,43.29358139534884,0.02309381486272201,0.0004004489675284406,7.418545403069825e-18,0.0002321671259329098,PARELHEIROS
5060727707,11770046508,0,185.569,0,4,40.435720930232556,0.024726007858582328,0.003589120680808802,-1.226291985956965e-18,0.00020530969921290197,PARELHEIROS
5060727729,5060727875,0,118.946,0,4,42.3773023255814,0.02359314771400223,0.005068936788629345,4.701163730007386e-19,0.00018623470379481883,PARELHEIROS
5060727734,7999038668,0,371.06,0,4,40.283720930232555,0.024819304930146634,0.00266897642351009,1.299579105070051e-16,0.00020654833551456175,PARELHEIROS
5060727747,5060727765,0,25.696999999999996,0,4,42.1326511627907,0.023730145763325577,0.001214558529500367,4.834237036514875e-18,0.00020502143058262647,PARELHEIROS
5060727759,7999038668,0,3.623,0,4,40.779162790697676,0.024517765571107908,0.0011769737287937727,3.000682344620447e-17,0.00020076720065422655,PARELHEIROS
5060727759,5060727763,0,61.004000000000005,0,4,40.49209302325581,0.024691584920397896,0.000719350306857119,2.991836735544245e-17,0.00019597842865000788,PARELHEIROS
5060727831,5060727834,0,37.271,0,2,43.39106976744186,0.023041929107693364,0.0004772130756382725,3.3078872741284702e-18,0.00011557610175018736,PARELHEIROS
5060727866,5060727869,0,32.899,0,2,43.952,0.022747860245003006,0.0004772130756382725,4.794603345237894e-18,0.00010777577932885697,PARELHEIROS
5060727869,5060727870,0,15.521,0,4,43.58660465116279,0.022938560172103228,0.0013396134118513988,1.0653503328836978e-17,0.00018917849068519568,PARELHEIROS
5060727870,5060727902,0,66.453,0,5,43.160744186046514,0.02316489143881822,0.0047174619553549514,-2.3639850697742655e-18,0.0002194810215031435,PARELHEIROS
5060727870,5060727875,0,113.634,0,4,42.95386046511628,0.023276463225007257,0.00477326968973747,4.783610161154759e-18,0.00018397215707838716,PARELHEIROS
5060727890,11770046515,0,223.77400000000003,0,4,42.27925581395349,0.023647860735486314,0.003925219913794134,-1.297541650463706e-18,0.0001856902135480876,PARELHEIROS
5060727890,13045074235,0,45.13700000000001,0,4,42.89339534883721,0.023309275130989973,0.003618163481354807,-2.2459117764289937e-18,0.00018061873375819175,PARELHEIROS
5060727902,7309308497,0,37.167,0,5,43.16186046511628,0.023164292333886505,0.004385235095775753,2.9130286956226026e-18,0.00021667102144805024,PARELHEIROS
5060727902,13045074242,0,170.088,0,5,43.01879069767442,0.02324133099218946,0.001065927726706108,3.247670215383653e-18,0.00022836922255301797,PARELHEIROS
5060727902,13045074235,0,133.955,0,5,43.37711627906977,0.02304934120230579,0.0,2.405045813962774e-18,0.0002166257375955452,PARELHEIROS
5207359010,5207359011,0,87.291,0,4,45.604837209302325,0.021923418976363178,0.0016200188037896867,5.706819278213336e-17,0.0001627452497026624,PARELHEIROS
5207415515,11732268304,0,96.97099999999999,0,2,56.36613953488372,0.017737846901322914,0.0004772130756382725,2.1645884544599365e-18,0.00010518287145727129,PARELHEIROS
5207512929,5846950026,0,84.068,0,2,40.08576744186046,0.0249418688300899,0.0004772130756382725,3.651681286140659e-18,0.00011588180181841235,PARELHEIROS
5207512936,7885799673,0,148.588,0,4,39.202604651162794,0.025503763394933418,0.11328013375633318,5.207714640820241e-18,0.0001964986479935047,PARELHEIROS
5207512936,5301716781,0,44.678,0,4,39.52855813953489,0.025293458718100778,0.09585023937531784,5.441452305743638e-18,0.00019955215599351035,PARELHEIROS
5207512948,5846952047,0,204.99699999999999,0,4,38.43386046511628,0.026013883106950266,0.00016913160317967414,-8.726883972682145e-19,0.00018341976047598057,PARELHEIROS
5207512958,5207512959,0,98.556,0,4,40.968744186046514,0.024404310489675625,0.0014234389067606513,6.405453309589348e-18,0.00019305154699262472,PARELHEIROS
5207512965,5207512966,0,98.378,0,5,39.08018604651163,0.02558365388277412,0.004560858619077475,2.4716464563617124e-18,0.00020364310317872526,PARELHEIROS
5207512966,13041670114,0,73.963,0,5,39.70195348837209,0.02518299140573014,0.005895802404174418,1.4240205793003305e-17,0.00020435915119201901,PARELHEIROS
5207512966,5308686887,0,222.84399999999997,0,5,38.781023255813956,0.025781010132023333,0.001986983130688616,3.284675263019948e-18,0.00020302123817195656,PARELHEIROS
5209429425,5209429426,0,75.873,0,4,35.225302325581396,0.028383403050661258,0.0005351847833948072,-9.115606612766025e-20,0.00019122286147260826,PARELHEIROS
5209429427,7886753009,0,25.576,0,4,35.46604651162791,0.02819073598069559,0.000796569988308849,-2.7132102668982826e-18,0.00019542746943279317,PARELHEIROS
5209429428,5209429430,0,218.848,0,2,34.75813953488372,0.0287648869262679,0.0004772130756382725,3.8964409901168335e-18,0.00011580587597550454,PARELHEIROS
5234630806,5494714377,0,35.024,0,2,36.40632558139535,0.027462643854377466,0.0004772130756382725,-4.589670342618993e-19,0.00013814832830810926,PARELHEIROS
5234630806,5846948953,0,206.57700000000003,0,2,36.40632558139535,0.027462643854377466,0.0004772130756382725,7.040570448433458e-19,0.00013814832830810926,PARELHEIROS
5235309182,5499449346,0,191.032,0,4,47.8993488372093,0.020873226416633327,0.000739167747229687,1.7954402891243783e-18,0.00020488698736563125,PARELHEIROS
5235309188,5235309191,0,84.549,0,2,48.10232558139535,0.02078514794043705,0.0004772130756382725,-1.2389927387776807e-18,0.00011302993415374114,PARELHEIROS
5235309194,5235309196,0,31.758,0,4,49.623441860465114,0.02014801706620277,0.0014309558669019702,-5.264408234162354e-19,0.00025290925989180214,PARELHEIROS
5235309195,5235309196,0,16.377,0,2,50.62288372093023,0.019750237046946322,0.0004772130756382725,-1.791884340552816e-18,0.00014346438254721,PARELHEIROS
5235309196,5235309201,0,53.587,0,2,50.62288372093023,0.019750237046946322,0.0004772130756382725,5.763939644861096e-19,0.00014346438254721,PARELHEIROS
5235309204,5235309205,0,85.277,0,2,47.93767441860465,0.020856538528709757,0.0004772130756382725,-2.0789397848163106e-18,0.00012030450471815951,PARELHEIROS
5235309211,8325636123,0,290.14500000000004,0,3,48.58846511627907,0.020577187427009185,0.0004772130756382725,-8.523228965088647e-18,0.00015653950490391281,PARELHEIROS
5235309211,8950188866,0,116.67800000000001,0,3,48.58846511627907,0.020577187427009185,0.0004772130756382725,-2.7216507942066836e-18,0.00015653950490391281,PARELHEIROS
5238329194,5238339433,0,44.768,1,4,41.1713488372093,0.0242842166148507,0.008499517946457603,-3.0039410826525634e-18,0.00019962782972350276,PARELHEIROS
5238339433,5238339434,0,84.821,0,2,42.09079069767442,0.023753746055039382,0.0004772130756382725,4.9948304178816456e-20,0.00011310601134259333,PARELHEIROS
5238449680,5238449685,0,153.40700000000004,0,2,36.19795348837209,0.02762073148167184,0.0004772130756382725,-5.229508990657233e-18,0.000123921371643672,PARELHEIROS
5238449688,7953480688,0,67.371,0,4,38.10213953488372,0.026240362501770028,0.01093045729882593,-3.0745284407187035e-18,0.0002169383000035763,PARELHEIROS
5238449688,5238449719,0,280.617,0,4,39.035348837209305,0.025613040059099684,0.00017516794995982413,-2.6445783404157402e-18,0.00021035854174281327,PARELHEIROS
5238449700,5238449713,0,474.493,0,5,41.12297674418605,0.024312781628332038,0.0003793787004656529,-3.2575548538126057e-18,0.0002554037354803704,PARELHEIROS
5238449700,5238449712,0,250.41599999999997,0,4,40.12595348837209,0.02491688960807133,0.001330388051677962,-1.0257871566779054e-18,0.00020404078289866474,PARELHEIROS
5238449701,5238449713,0,84.494,0,5,40.87497674418605,0.024460294124340587,0.001350433278721479,-5.427905969339847e-18,0.00026029044872017906,PARELHEIROS
5238449701,7954246235,0,107.738,0,4,40.59851162790698,0.02462686225179523,0.002005775531041913,-5.190321952693494e-18,0.0002197171920712063,PARELHEIROS
5238449713,7953613511,0,367.5470000000001,0,3,41.50139534883721,0.02409109248218048,0.0004772130756382725,2.5136139717634045e-18,0.00016143260213986703,PARELHEIROS
5238449719,7953445128,0,255.858,0,4,39.52688372093023,0.025294530187284957,0.0007790304146457718,-3.7453875062680084e-18,0.00020641675374987568,PARELHEIROS
5238450109,5238450113,0,112.323,0,2,39.906232558139536,0.025054080262569,0.0004772130756382725,8.471940328546865e-19,0.0001238814276697818,PARELHEIROS
5238515168,7309631342,0,49.497,0,4,37.924093023255814,0.02636355608755801,0.0006056847580535401,1.6829732950606573e-14,0.00018051737194009005,PARELHEIROS
5238515168,5238515172,0,30.924,0,4,37.926883720930235,0.026361616230985447,1.5945066966433925e-06,1.712770439050408e-14,0.00018101193677765812,PARELHEIROS
5238515190,8944334531,0,53.51,0,2,36.96093023255814,0.027050562504719,0.0004772130756382725,5.170478684959138e-16,0.00012207435628747588,PARELHEIROS
5238559266,5238559267,0,13.346,0,4,44.83144186046512,0.02230162386033058,0.000420380301236483,3.1604440735265613e-09,0.00018535213946423623,PARELHEIROS
5238559280,5238559281,0,47.359,0,2,38.545302325581396,0.025938671982469436,0.0004772130756382725,1.2564109285580777e-11,0.00012166964232118119,PARELHEIROS
5280978969,5301719716,0,51.194,0,5,35.86679069767442,0.027875757324259273,0.0004637736620522782,-1.6695226160706722e-17,0.00020153734560373796,PARELHEIROS
5280978970,5301719716,0,45.985,0,5,36.84762790697675,0.027133739952336713,0.0005071670228680733,-1.5134808110181306e-17,0.00020205285471817377,PARELHEIROS
5283814845,7092103392,0,57.084,0,4,41.87553488372093,0.02387584913875449,0.0012325536765053424,1.783453752093844e-09,0.00020076710453545096,PARELHEIROS
5283814845,12067404504,0,115.789,0,5,41.76502325581395,0.023939025422407535,0.025829186192255365,8.370040667088561e-09,0.00021484548938272458,PARELHEIROS
5284087622,5284123931,0,35.74,0,4,37.52855813953489,0.02664141664518432,0.08712794606467206,1.2849968649695758e-11,0.00022266384829703397,PARELHEIROS
5284087622,5284087624,0,72.672,0,2,38.069581395348834,0.026262803972163577,0.0004772130756382725,1.2271245239657972e-11,0.00012137485226275776,PARELHEIROS
5284123931,7308863424,0,37.72,0,4,37.42493023255814,0.02671518550002734,0.08696986211503341,2.300887720765797e-12,0.00021844659660389033,PARELHEIROS
5284123931,5284123932,0,57.365,0,4,37.98009302325581,0.02632468416747084,0.0014309558669019702,2.2943318170543254e-12,0.00023915839618359938,PARELHEIROS
5284123932,5284123936,0,62.322,0,2,38.97953488372093,0.02564971481755483,0.0004772130756382725,3.862318189265617e-13,0.00013786940014932323,PARELHEIROS
5284123932,5284123935,0,105.703,0,2,38.97953488372093,0.02564971481755483,0.0004772130756382725,3.862373992195391e-13,0.00013786940014932323,PARELHEIROS
5284123960,5303241179,0,48.973,0,3,42.11013953488372,0.02374283164414912,0.0004772130756382725,1.0118996715028786e-06,0.00013382742060738377,PARELHEIROS
5293581279,5293581281,0,94.732,0,4,54.12316279069768,0.018472940270597295,0.0014266279201539383,-5.394070517329697e-19,0.00022268276628447048,PARELHEIROS
5293581280,5293581284,0,62.408,0,4,52.141953488372096,0.019174846483481587,0.0033250020358433713,-1.158292049684546e-18,0.00021087006670071786,PARELHEIROS
5293581281,5293581284,0,92.904,0,4,53.13395348837209,0.018816856037395614,0.002374903831314859,-1.9580223382070046e-18,0.00022460670514939636,PARELHEIROS
5293872480,5293872517,0,1280.149,0,4,52.13190697674418,0.01917854173135053,0.0014309558669019702,3.9643234838320275e-18,0.00022911000170704448,PARELHEIROS
5293872485,5293872517,0,379.94,0,2,53.1313488372093,0.018817778493667295,0.0004772130756382725,5.0627971267187474e-18,0.00013471382737426755,PARELHEIROS
5293872517,5293872530,0,339.34200000000004,0,2,53.1313488372093,0.018817778493667295,0.0004772130756382725,3.396314685739768e-18,0.00013471382737426755,PARELHEIROS
5293872544,5293872549,0,99.963,0,2,52.30139534883721,0.01911639157655094,0.0004772130756382725,-1.529975983015118e-18,0.0001382316344554812,PARELHEIROS
5293872589,7959224537,0,1037.438,0,4,50.20874418604651,0.01991314400901168,0.00046810160880031025,4.11672116266684e-18,0.00018989140363859426,PARELHEIROS
5293872602,5293872603,0,30.217,0,4,50.2766511627907,0.019886247997128445,0.0005261872098923196,-1.331810575116312e-18,0.00020426027378454874,PARELHEIROS
5301716781,5846950155,0,111.00399999999999,0,4,40.07032558139535,0.024951480652620046,0.0006311968651998344,1.0357433663053658e-18,0.0002087988378921863,PARELHEIROS
5301716781,5846950026,0,5.566,0,4,39.58679069767442,0.025256251791765164,0.09612836690054663,-2.4749453155045595e-18,0.00020751162513242262,PARELHEIROS
5301721431,5494714529,0,225.053,0,5,33.860837209302325,0.029527148053318096,0.06128452320548237,-1.7769643772512565e-17,0.00019569981827428923,PARELHEIROS
5302560895,5302560898,0,245.725,0,4,49.32502325581395,0.020269913473796967,3.1662347261918795e-05,1.3847854890782413e-18,0.00020082480179124462,PARELHEIROS
5302560895,5302566155,0,93.87899999999999,0,4,50.28055813953488,0.019884702765505555,0.0022564547624213493,6.065577175740094e-18,0.00019171741739848984,PARELHEIROS
5302560895,5302566158,0,47.626999999999995,0,4,50.25897674418604,0.019893241332336328,0.0018225211542633978,3.3251461897550974e-18,0.0001915376578715858,PARELHEIROS
5302560907,5306606159,0,9.79,0,5,54.28148837209302,0.01841905930498384,0.005236473885112376,1.5890459548382757e-17,0.00022096442448752768,PARELHEIROS
5302560907,5306606389,0,332.74800000000005,0,5,54.28279069767442,0.018418617404119684,6.833600128471682e-06,9.307585908395477e-18,0.00022839198841657243,PARELHEIROS
5302566155,7959155108,0,570.9,0,4,50.25209302325582,0.019895966383443476,0.0,9.798180500343484e-19,0.00018871229156372765,PARELHEIROS
5302566158,7959224537,0,39.951,0,4,51.19813953488372,0.019528325883934737,0.0009198025772922885,8.796979560889907e-18,0.00018859450763351085,PARELHEIROS
5302566158,7959155108,0,99.616,0,4,51.22046511627907,0.01951981402782318,0.0004772130756382725,9.040884986717492e-18,0.00018853253203682355,PARELHEIROS
5303192173,5303192174,0,166.83,0,2,43.17376744186046,0.02315790380894514,0.0004772130756382725,3.1811321291368354e-13,0.0001317927171648691,PARELHEIROS
5303192174,5303192205,0,151.119,0,4,43.17339534883721,0.023158103397010216,0.0014309558669019702,3.3219425175396273e-13,0.00025569005391660077,PARELHEIROS
5303192195,5303192205,0,123.944,0,2,44.17283720930232,0.02263413483609837,0.0004772130756382725,5.591791015872873e-14,0.00014446213812346136,PARELHEIROS
5303192205,8950313364,0,237.228,0,2,44.17283720930232,0.02263413483609837,0.0004772130756382725,5.5921351380142326e-14,0.00014446213812346136,PARELHEIROS
5303192212,8950313372,0,130.739,0,4,40.55460465116279,0.02465352484849597,0.03397050959864558,8.300696629177542e-12,0.00021604387613269213,PARELHEIROS
5303192212,8398461933,0,67.06700000000001,0,2,41.057488372093026,0.02435156150876366,0.0004772130756382725,7.92607492001027e-12,0.00012155034920381994,PARELHEIROS
5303192428,5303320765,0,271.48900000000003,0,4,39.410976744186044,0.02536892094753439,0.06884350998759133,1.4621037282243607e-09,0.0002087183867117326,PARELHEIROS
5303192443,7976948451,0,69.055,0,5,40.19832558139535,0.024872029842733238,0.012942610856654418,1.6661313889862878e-15,0.00022243169353891053,PARELHEIROS
5303219254,5303219295,0,216.027,0,4,46.84688372093023,0.02134216566985171,0.0,2.6139374831422967e-08,0.00019073808704498762,PARELHEIROS
5303219254,5303219265,0,38.526,0,4,47.646883720930234,0.020983826756526696,3.6104187345425386e-05,6.750595653880449e-09,0.0001902238764015106,PARELHEIROS
5303219254,5303219294,0,15.246000000000002,0,4,47.74790697674418,0.020939429951879054,0.0004411088882928471,9.87881370950319e-09,0.00019076700098129154,PARELHEIROS
5303219265,12650705780,0,76.12700000000001,0,4,48.42158139534884,0.020648106168304734,0.04340657244271023,4.7398063386464614e-09,0.00018891471350528604,PARELHEIROS
5303219265,5303219276,0,17.267,0,4,47.646883720930234,0.020983826756526696,0.04373492692888329,6.093068401494051e-09,0.0001933506737896847,PARELHEIROS
5303219276,5303219294,0,21.639,0,4,47.74772093023256,0.02093951154127897,0.04409915781573083,9.221286460867332e-09,0.00019389379836946564,PARELHEIROS
5303219276,5303219279,0,59.103,0,3,46.84706976744186,0.021342080912459344,3.485136065520558e-05,2.1575947780270876e-08,0.00015388457669965777,PARELHEIROS
5303219279,5303219290,0,139.251,0,3,45.944372093023254,0.02176140205951788,0.0004423617149830669,1.3442888956564218e-07,0.00015369615790301492,PARELHEIROS
5303219290,5303219295,0,51.934999999999995,0,4,45.944,0.021761578301592636,0.045358704212743635,1.3833478936379269e-07,0.00019366328059493298,PARELHEIROS
5303219294,5303219295,0,103.21799999999999,0,4,46.89655813953488,0.021319559327009668,0.0449448158316292,2.6450533759908405e-08,0.00019142266457590978,PARELHEIROS
5303241178,5303244183,0,29.748000000000005,0,4,43.90120930232558,0.0227741779640546,3.7926480713017836e-05,5.660731275731528e-08,0.00017664600474286184,PARELHEIROS
5303241179,6466792729,0,16.496,0,5,41.883906976744186,0.02387107664152519,0.043169104838245834,4.7418877378767555e-06,0.0002109852227025817,PARELHEIROS
5303241180,5303244183,0,16.626,0,4,43.98027906976744,0.02273323350000423,0.0004392865949252546,9.276248323846338e-08,0.00017287471595306815,PARELHEIROS
5303263682,8915698921,0,63.049,0,2,40.27739534883721,0.02482320281212614,0.0004772130756382725,5.461399061138171e-09,0.00011567797212687529,PARELHEIROS
5303303899,5303304695,0,130.014,0,3,44.568558139534886,0.022433168027517575,0.0004772130756382725,-7.71256167923104e-18,0.00014653395091929753,PARELHEIROS
5303303901,5303304674,0,40.224999999999994,0,4,37.6193488372093,0.026577120136100175,0.014687684542795136,5.4154999029705e-19,0.0002179942425243699,PARELHEIROS
5303303901,8940650037,0,150.225,0,4,37.62474418604651,0.026573309004959626,0.0023837875114818717,2.2772858818022235e-18,0.00022950549919199402,PARELHEIROS
5303304209,5303304683,0,147.039,0,6,41.58195348837209,0.024044419985414067,6.833600128471682e-06,-4.8965870500530904e-18,0.00024446699344138285,PARELHEIROS
5303304209,7883758835,0,113.41499999999999,0,3,42.579906976744184,0.02348088627893056,0.0004772130756382725,-1.1117899857823633e-17,0.0001341757848607066,PARELHEIROS
5303304209,5303304589,0,47.303,0,5,41.584372093023255,0.02404302152866014,0.0009541983646055959,-3.2350694976577057e-18,0.00021685576640581642,PARELHEIROS
5303304209,5303304653,0,51.39999999999999,0,6,42.57674418604651,0.02348263054402447,1.8222933675924486e-06,-1.4287967660964217e-17,0.00024591421318272496,PARELHEIROS
5303304522,5303304557,0,108.644,0,3,40.59181395348837,0.024630925699304706,0.0004772130756382725,2.838209882033576e-19,0.00014158231496780543,PARELHEIROS
5303304551,5303304589,0,101.737,0,2,41.58846511627907,0.024040655280086608,0.0004772130756382725,-6.533926301941138e-18,0.00010297441558738295,PARELHEIROS
5303304557,5303304568,0,46.54,0,5,39.59702325581395,0.0252497251379009,0.011861990889672096,2.5903939537916905e-18,0.00023476746905887392,PARELHEIROS
5303304557,5303304683,0,49.195,0,6,40.58772093023256,0.024633409577418306,0.009019441022898825,-1.1241652301931952e-18,0.00025187352354848175,PARELHEIROS
5303304557,5303304589,0,147.802,0,5,40.59051162790698,0.024631715969822252,0.0018988296890313314,-1.5442207945508242e-18,0.00022396669450642104,PARELHEIROS
5303304565,5303304568,0,105.461,0,2,39.602046511627904,0.025246522378453543,0.0004772130756382725,2.0386271540626235e-19,0.00011310348047915229,PARELHEIROS
5303304568,5303304674,0,40.584,0,4,38.607627906976745,0.02589679831916575,0.012804799920730239,-1.1767631111570764e-18,0.0002124564246213893,PARELHEIROS
5303304603,5497596154,0,105.65100000000001,0,2,46.565581395348836,0.021471093531503456,0.0004772130756382725,1.1406743024803985e-18,0.00012925086589183563,PARELHEIROS
5303304625,5303304695,0,47.785,0,6,44.567627906976746,0.02243363626117194,0.002859861653765399,-8.93939828488718e-18,0.0002841900982414603,PARELHEIROS
5303304625,5497596154,0,47.638999999999996,0,5,45.56613953488372,0.02194203774324468,0.0014309558669019702,-6.339662527601015e-18,0.00026913664596936844,PARELHEIROS
5303304625,6228460279,0,254.23000000000005,0,3,45.566511627906976,0.021941858566062386,0.0004772130756382725,-3.543857872321181e-18,0.000159486844821126,PARELHEIROS
5303304626,5303304635,0,144.779,0,5,43.57041860465116,0.022947081655571733,0.0009528316445799015,-1.4441280628359873e-17,0.0002176415937880133,PARELHEIROS
5303304626,5303304695,0,51.408,0,6,43.57023255813954,0.022947179640462872,0.004286717360590287,-1.3962938963648787e-17,0.00026130310321649097,PARELHEIROS
5303304626,5303304660,0,47.111000000000004,0,6,42.57432558139535,0.02348396456866678,0.006184635902937822,-1.5520881020954648e-17,0.00024576365705786094,PARELHEIROS
5303304635,7883758837,0,101.12100000000001,0,2,44.56837209302326,0.02243326167268477,0.0004772130756382725,-5.244366459306318e-18,0.00010152769361697944,PARELHEIROS
5303304635,5303304653,0,47.438,0,5,43.57097674418605,0.022946787705919024,1.3667200256943365e-06,-1.1320533376060945e-17,0.00021472814190289495,PARELHEIROS
5303304648,5303304660,0,123.56,0,3,42.57655813953488,0.023482733155923776,0.0004772130756382725,-1.2339895468051187e-17,0.0001309945047606675,PARELHEIROS
5303304653,7883758836,0,105.394,0,3,43.57320930232558,0.022945611982613596,0.0004772130756382725,-6.508330167992666e-18,0.00013356912582098158,PARELHEIROS
5303304653,5303304660,0,144.964,0,6,42.57525581395349,0.023483451464329102,0.0009528316445799015,-1.642535476793766e-17,0.00024273293308268588,PARELHEIROS
5303304660,5303304683,0,48.663,0,6,41.58009302325581,0.024045495832084228,0.008079821005233969,-1.0768150557612105e-17,0.00024128571334134383,PARELHEIROS
5303304674,8921368939,0,215.79700000000003,0,4,38.6126511627907,0.02589342931344348,0.0014309558669019702,9.769235116555534e-19,0.00023636710398489044,PARELHEIROS
5303318937,5303318953,0,187.641,0,2,42.73860465116279,0.023393696674212084,0.0004772130756382725,6.317134103018021e-19,0.00011954827751466987,PARELHEIROS
5303318953,5303320758,0,66.312,0,4,42.156651162790695,0.023716636068351928,0.04133132197702885,6.040627976785454e-18,0.00021959554112114735,PARELHEIROS
5303318969,5303318981,2,130.542,0,3,44.68967441860465,0.022372370497112905,0.0,1.0699966137617308e-18,0.00018982045476715156,PARELHEIROS
5303318969,5303318981,3,107.41400000000002,0,3,44.68967441860465,0.022372370497112905,0.0009541983646055959,-4.394136539539678e-18,0.00018982045476715156,PARELHEIROS
5303318969,7975595409,0,105.38300000000001,0,2,45.689116279069765,0.021882978593446508,0.0004772130756382725,-3.0154379658143842e-18,0.00013580739621975104,PARELHEIROS
5303318981,5303318994,0,78.738,0,4,43.69060465116279,0.0228839578090335,0.0014309558669019702,-1.162796490700722e-18,0.00023458694504344536,PARELHEIROS
5303318987,5303318994,0,111.65199999999999,0,2,43.691162790697675,0.022883665474365527,0.0004772130756382725,1.0168514130496155e-18,0.00012414040326540876,PARELHEIROS
5303320632,13190720636,0,31.394,0,5,42.80651162790698,0.023356585609665994,0.0015588580826398652,6.299573999558779e-14,0.000224617987641806,PARELHEIROS
5303320726,5303320758,0,409.815,0,4,41.969116279069766,0.023822611532732817,0.03997599128488197,2.6773419105962357e-18,0.00021494134044420344,PARELHEIROS
5303320726,7260717828,0,12.872,0,4,42.36279069767442,0.02360122968818621,0.00808164329860156,3.136200727224587e-18,0.00021338276578624634,PARELHEIROS
5303320758,5303341909,0,268.171,0,4,42.56725581395349,0.0234878648945144,0.0014309558669019702,1.628962180874769e-18,0.00023729908123428222,PARELHEIROS
5303320759,5303320771,0,119.076,0,5,38.221953488372094,0.026158107114868843,0.07016786169248913,4.63080747561935e-08,0.00021971448109462408,PARELHEIROS
5303320765,5303320771,0,229.10499999999996,0,4,38.823627906976746,0.025752718315866147,0.06947561799947495,8.215916347831752e-09,0.00020559269018436495,PARELHEIROS
5303320765,8921263216,0,122.756,0,2,39.61860465116279,0.025235970885184315,0.0004772130756382725,1.3944699586390055e-09,0.00011664968988013986,PARELHEIROS
5303320771,8921162996,0,610.2239999999999,0,2,39.02493023255814,0.02561987805052465,0.0004772130756382725,7.8561593175853e-09,0.00010950780167595471,PARELHEIROS
5303340631,5506374652,0,412.26699999999994,0,4,45.65506976744186,0.02189929746206132,0.04340634465603928,1.5254382451840993e-18,0.00022727477278017798,PARELHEIROS
5303340702,5303341358,0,161.988,0,4,40.55702325581395,0.02465205464370579,0.03665736727582517,4.601195330943549e-18,0.00022225743755565708,PARELHEIROS
5303340702,5506363484,0,823.033,0,4,40.861023255813954,0.024468646984901744,0.04977002088234306,-1.3742556335856882e-18,0.00022081734137891824,PARELHEIROS
5303341138,5506363465,0,9.879,0,4,42.77506976744186,0.02337375389272604,0.046139101347415105,-2.4982923690778025e-18,0.00022918906100350837,PARELHEIROS
5303341138,5506374650,0,64.631,0,4,43.734325581395346,0.022861080860332155,0.04522909359697363,1.7034720793310537e-18,0.0002339067092451719,PARELHEIROS
5303341138,13034335370,0,319.899,0,2,43.754418604651164,0.022850582532528276,0.0004772130756382725,1.672818293925178e-19,0.00012656106324509153,PARELHEIROS
5303341199,5303341325,0,426.2800000000001,0,4,41.348837209302324,0.024179977502812148,0.035860569500845374,-7.456894549299499e-19,0.00022584671788509868,PARELHEIROS
5303341199,5303341211,0,14.154,0,4,41.72986046511628,0.023959197139519745,0.0014309558669019702,4.896337610297191e-19,0.00024306706661159305,PARELHEIROS
5303341211,7976456961,0,320.325,0,2,42.72930232558139,0.023398789567640528,0.0004772130756382725,-1.6824561088910885e-19,0.00013912693587263242,PARELHEIROS
5303341325,7976660970,0,22.087,0,4,41.95441860465116,0.023830957184984812,0.0014309558669019702,6.3366254127189645e-19,0.00023892881701731124,PARELHEIROS
5303341358,5506363453,0,139.037,0,2,41.22660465116279,0.02425166859963988,0.0004772130756382725,-2.408508884866381e-18,0.00012381785041820908,PARELHEIROS
5303341857,5303341909,0,383.211,0,2,43.566697674418606,0.022949041512399057,0.0004772130756382725,3.147338150282274e-18,0.00013725181762780475,PARELHEIROS
5303341880,5303341909,0,316.82,0,2,43.566697674418606,0.022949041512399057,0.0004772130756382725,-2.4209092239116986e-18,0.00013725181762780475,PARELHEIROS
5303435708,5303435709,0,60.513,0,5,45.93246511627907,0.02176704322220287,3.08650939135971e-05,6.131162617664092e-08,0.0002056937010677971,PARELHEIROS
5303435709,5303435714,0,59.983999999999995,0,6,45.96502325581395,0.0217516250981535,0.0009211692973179827,9.000541667110487e-08,0.000235094333277213,PARELHEIROS
5303435714,5303435718,0,60.642999999999994,0,5,45.02418604651163,0.02220615276543873,1.104765354102922e-05,1.3297983633321038e-07,0.00020318380547910107,PARELHEIROS
5306524852,5306529512,0,95.445,0,4,54.117953488372095,0.018474718444465837,0.00047630192895447627,-2.4519750971794583e-18,0.00018788425078049287,PARELHEIROS
5306524852,5306524868,0,181.95600000000002,0,4,54.119441860465116,0.01847421035985864,0.0023681841245218613,9.000427570472829e-19,0.00018926821229119307,PARELHEIROS
5306524868,5306529512,0,177.65699999999995,0,4,55.10846511627907,0.01814265651164047,3.189013393286785e-06,-2.6892454858561354e-18,0.00018877548251407087,PARELHEIROS
5306567806,5306571678,0,630.9830000000003,0,4,41.85023255813954,0.023890284291715753,0.013275862756252886,1.0489563049106807e-11,0.00020725418799180423,PARELHEIROS
5306567806,5306571798,0,418.872,0,2,41.85674418604651,0.023886567694906213,0.0004772130756382725,1.0018355625153272e-11,0.0001145148033996703,PARELHEIROS
5306567807,5306571856,0,108.25,0,3,46.817860465116276,0.021355396072260238,1.0250400192707523e-05,3.3378067549605233e-15,0.00016077509048690447,PARELHEIROS
5306567807,5306571856,1,314.185,0,3,46.817860465116276,0.021355396072260238,0.0,3.3407874120873505e-15,0.00016077509048690447,PARELHEIROS
5306567807,5306572130,0,133.183,0,4,45.820093023255815,0.021820426095183185,0.0004863245424762347,1.60774566794041e-14,0.0002039796081311308,PARELHEIROS
5306571061,5306572171,0,109.15299999999999,0,6,47.80855813953488,0.020912865654101047,0.0009539705779346468,7.348827625814683e-16,0.00026265954745189376,PARELHEIROS
5306571061,5306571104,0,428.11099999999993,0,5,46.81097674418605,0.021358536459347637,0.0,2.696082662751063e-15,0.00022375275774722843,PARELHEIROS
5306571061,5306571720,0,251.46500000000003,0,5,47.80874418604651,0.020912784272216427,0.00285963386709445,1.0589959488052155e-15,0.00022175336063628938,PARELHEIROS
5306571061,5306571318,0,193.309,0,5,47.80874418604651,0.020912784272216427,0.0014309558669019702,6.775169751747887e-16,0.00024501974289140515,PARELHEIROS
5306571062,5306571951,0,38.574,0,4,44.82158139534884,0.022306530076873266,1.4350560269790533e-05,7.776337437480441e-14,0.00020105190141988296,PARELHEIROS
5306571062,5306572130,0,24.753,0,4,45.817116279069765,0.02182184377119143,0.0009621708980888129,2.6931310590815702e-14,0.00020391877069267882,PARELHEIROS
5306571062,5306571070,0,50.586999999999996,0,2,45.819162790697675,0.021820869099148116,0.0004772130756382725,1.5088787602642765e-14,0.00011411934835058568,PARELHEIROS
5306571104,5306571720,0,159.81300000000002,0,4,46.81172093023256,0.021358196913514007,0.003811326578319606,2.5975892995836055e-15,0.00018236387511082506,PARELHEIROS
5306571104,5306571351,0,320.7289999999999,0,4,45.8146976744186,0.021822995768596653,0.004286717360590287,1.3659256871728147e-14,0.00019133790346550117,PARELHEIROS
5306571115,5306572176,0,7.933,0,5,43.82902325581395,0.022811686850807155,0.004747529795920227,4.217987942384265e-13,0.0002335114510812359,PARELHEIROS
5306571115,5306572130,0,186.231,0,4,44.82548837209303,0.02230458584609255,0.0018988296890313314,7.79450879391338e-14,0.00019588044477428929,PARELHEIROS
5306571115,5306572131,0,282.99600000000004,0,4,44.82567441860465,0.0223044932721281,0.0023735371112891643,7.610472303194108e-14,0.00019541002501146775,PARELHEIROS
5306571318,8957056588,0,186.207,0,2,48.80818604651163,0.0204845546305614,0.0004772130756382725,1.0999682760552669e-16,0.00012203004482076892,PARELHEIROS
5306571318,5306571969,0,616.252,0,2,48.80818604651163,0.0204845546305614,0.0004772130756382725,1.1436529272746073e-16,0.00012203004482076892,PARELHEIROS
5306571351,5306571951,0,549.5529999999999,0,4,44.819906976744186,0.022307363422399515,0.006186002622963516,7.590235375467966e-14,0.00019640809528662106,PARELHEIROS
5306571351,5306571376,0,176.484,0,4,45.816186046511625,0.021822286832722873,0.0014309558669019702,1.3600396453487909e-14,0.00021336181772824522,PARELHEIROS
5306571376,7958446416,0,95.763,0,3,46.81525581395349,0.021356584218223437,0.0,2.4047489652899388e-15,0.00018068864689979456,PARELHEIROS
5306571376,7958446416,1,80.208,0,3,46.81525581395349,0.021356584218223437,0.0009541983646055959,2.4057001169051086e-15,0.00018068864689979456,PARELHEIROS
5306571678,5306572176,0,415.806,0,5,42.83739534883721,0.02333974662433605,0.012333509298536641,1.9491635109959027e-12,0.00024131556091473,PARELHEIROS
5306571720,5306571775,0,105.07300000000001,0,4,47.80930232558139,0.020912540130362877,0.0004769852889673234,6.044449033939221e-16,0.0001813037998674976,PARELHEIROS
5306571775,5306572171,2,265.99999999999994,0,4,48.80725581395349,0.020484945052012853,2.2778667094905607e-07,2.576919619949429e-16,0.00018218294718134955,PARELHEIROS
5306571775,5306572171,3,466.295,0,4,48.80725581395349,0.020484945052012853,0.0,2.5985821005872145e-16,0.00018218294718134955,PARELHEIROS
5306571852,5306572131,0,22.116,0,4,45.82344186046512,0.02181883142983585,0.0009516927112251563,1.4272972731265783e-14,0.00020120430933319515,PARELHEIROS
5306571852,5306571856,0,50.638000000000005,0,4,46.821023255813955,0.02135395350130929,0.000483363315753897,3.740138572395033e-15,0.00020584192584107374,PARELHEIROS
5306571852,5306572134,0,28.587,0,4,46.821767441860466,0.021353614101173375,4.555733418981122e-06,5.030175659189339e-15,0.00020715844064407682,PARELHEIROS
5306571951,5306572176,0,211.88,0,5,43.8273488372093,0.022812558368566722,0.00664590391160966,4.2175002211945016e-13,0.0002348428157808125,PARELHEIROS
5306572131,5306572134,0,22.031,0,4,45.82381395348837,0.021818654259184826,0.0009496426311866148,1.4143788978845155e-14,0.0002051769378411543,PARELHEIROS
5306572134,5306572153,0,170.471,0,2,46.822697674418606,0.021353189866175022,0.0004772130756382725,2.767108456843374e-15,0.00011584793526188278,PARELHEIROS
5306572154,5306572171,0,125.88400000000001,0,3,48.80762790697674,0.020484788881646405,0.0004772130756382725,1.8041733014593904e-16,0.00014226291825189982,PARELHEIROS
5306572174,5306572176,0,54.318,0,3,43.83106976744186,0.022810621752860877,0.0004772130756382725,4.023960080045628e-13,0.00014833372608995975,PARELHEIROS
5306591018,5306591469,0,244.69800000000004,0,2,47.13172093023256,0.02121318580682343,0.0004772130756382725,-2.754456609318696e-18,0.00011872906472252116,PARELHEIROS
5306591461,5306591705,0,174.477,0,4,46.13246511627907,0.021672675651914407,0.0052368155651187995,-3.868490126111805e-18,0.0002103693227355859,PARELHEIROS
5306591461,5306591469,0,285.81600000000003,0,4,46.13413953488372,0.02167188905154232,0.0009541983646055959,-1.920564260871984e-18,0.00021436228881943734,PARELHEIROS
5306591469,5306591705,0,788.944,0,4,47.12967441860465,0.02121410694688973,0.0,-4.171144970768966e-18,0.00021290036198946122,PARELHEIROS
5306591486,5306591502,0,820.4479999999998,0,4,48.12613953488372,0.020774862957035387,0.0014309558669019702,-2.5568990269274006e-18,0.00023381352012267614,PARELHEIROS
5306591486,5306591487,0,105.056,0,2,49.12558139534884,0.02035220602158682,0.0004772130756382725,1.5255539748126193e-18,0.00013578515716400338,PARELHEIROS
5306591486,7877734399,0,327.688,0,2,49.12558139534884,0.02035220602158682,0.0004772130756382725,-4.875383910749316e-18,0.00013578515716400338,PARELHEIROS
5306591493,5306591501,0,136.122,0,2,50.12353488372093,0.019946996072958346,0.0004772130756382725,-1.4566610728265164e-18,0.00013178946779397147,PARELHEIROS
5306591496,5306591500,0,94.737,0,3,49.12446511627907,0.020352668494644833,0.0004772130756382725,-2.793922147603792e-18,0.00016827836934269022,PARELHEIROS
5306591500,5306591501,0,100.023,0,5,49.12409302325582,0.020352822657001536,0.0014309558669019702,-5.3130482185670454e-18,0.00028023374258074463,PARELHEIROS
5306591500,5306591506,0,300.80400000000003,0,3,49.12446511627907,0.020352668494644833,0.0004772130756382725,-1.0339660789507007e-17,0.00016827836934269022,PARELHEIROS
5306591500,5306591502,0,437.242,0,5,48.12558139534884,0.020775103894848747,0.002859861653765399,-7.681720677131565e-18,0.00026569897091716,PARELHEIROS
5306591502,5306591705,0,535.3629999999999,0,4,47.12837209302326,0.02121469316858457,0.004761880356190017,-8.87733389881729e-18,0.0002127644615973425,PARELHEIROS
5306591731,5306591770,0,258.226,0,2,43.15293023255814,0.02316908604120769,0.0004772130756382725,-3.3639614556256118e-18,0.00012338398330489757,PARELHEIROS
5306594482,5306606389,0,43.319,0,4,54.28520930232558,0.018417796787338535,0.0009541983646055959,6.286700620843058e-18,0.00019863315843492656,PARELHEIROS
5306606153,5306606159,0,13.628000000000002,0,4,55.27795348837209,0.01808702910281739,0.0009520343912315798,1.4983125038853347e-17,0.00018704236902055332,PARELHEIROS
5306623667,13653000416,0,96.126,0,2,41.202232558139535,0.02426601403401035,0.0004772130756382725,5.059649353983028e-18,0.00011629720365613265,PARELHEIROS
5306623691,8759086155,0,69.94200000000001,0,4,41.54567441860465,0.02406541637558887,0.03767955996170906,-4.526638718374656e-18,0.00020297777105210857,PARELHEIROS
5306623691,13045074263,0,48.35,0,4,41.96055813953488,0.023827470315423566,0.0019061188625017012,9.56673377963487e-19,0.00020666921413838068,PARELHEIROS
5306633032,13045074296,0,48.232,0,4,41.53302325581395,0.024072746819566386,0.0009166135638990016,-5.180921865723348e-18,0.00019525371468056754,PARELHEIROS
5306640334,5306640347,0,102.22299999999998,0,2,41.24986046511628,0.02423799601295339,0.0004772130756382725,6.085813853631716e-18,0.00013596818328116166,PARELHEIROS
5306640334,5306640393,0,67.72,0,4,40.250418604651166,0.024839839886108363,0.0014309558669019702,-1.0244868518761754e-18,0.00023321538255106341,PARELHEIROS
5306640334,8921795178,0,138.451,0,2,41.24986046511628,0.02423799601295339,0.0004772130756382725,-4.87308066687724e-19,0.00013596818328116166,PARELHEIROS
5306640395,5306640412,0,244.189,0,2,41.76967441860465,0.023936359749144813,0.0004772130756382725,3.1913803660466806e-18,0.00012432209618392067,PARELHEIROS
5306640412,5497492048,0,44.098,0,4,41.76911627906977,0.023936679598590704,0.0014309558669019702,-2.3751718834776396e-18,0.00023480632550439801,PARELHEIROS
5306661511,6242586049,0,233.14700000000005,0,4,35.58846511627907,0.028093764376228514,0.0014309558669019702,1.5892762956480618e-18,0.00023873506437552673,PARELHEIROS
5306661511,5306662922,0,193.68300000000002,0,4,34.85953488372093,0.028681218978491754,0.05171383843888683,2.2765515020254875e-18,0.00022544067155561806,PARELHEIROS
5306661511,5506339361,0,581.8820000000001,0,4,35.27590697674419,0.02834268596261761,0.051345279605291255,-7.558664953593633e-19,0.00021435131840257286,PARELHEIROS
5306662490,5497596156,0,54.362,0,2,37.8686511627907,0.02640215383406045,0.0004772130756382725,-1.710547155364624e-18,0.00012206132035650208,PARELHEIROS
5306662922,6266918165,0,18.703,0,2,35.12390697674419,0.028465339979130363,0.0004772130756382725,-4.2507646768058895e-18,0.000124405543414651,PARELHEIROS
5306662922,5306662959,0,261.76700000000005,0,4,34.38344186046512,0.029078355725579104,0.05192864126959179,5.538413987199334e-18,0.00022707703454608128,PARELHEIROS
5306662959,6242588690,0,138.583,0,2,34.59162790697675,0.028903350723390522,0.0004772130756382725,-2.8308819755809432e-18,0.00012323629250315994,PARELHEIROS
5306663055,5506339361,0,451.00999999999993,0,4,35.64446511627907,0.028049627066272072,0.05077399063455102,6.703329672752806e-18,0.00021127538566989172,PARELHEIROS
5306663088,5306663089,0,533.732,0,4,37.27702325581395,0.02682118544249466,0.019618354822158405,1.058818861561829e-11,0.0002072225689574698,PARELHEIROS
5306663089,8921795186,0,217.218,0,4,37.68595348837209,0.026530148793949507,0.0014309558669019702,1.890947854647977e-12,0.0002290503626462813,PARELHEIROS
5306663089,5306663099,0,80.391,0,4,37.09209302325581,0.026954907960074236,0.020601026520632632,1.898907096077339e-12,0.0001980517625118626,PARELHEIROS
5306663099,5306663111,0,98.399,0,4,37.26083720930232,0.026832836521417835,0.046616542209724325,3.427747595839674e-13,0.00018633472178276216,PARELHEIROS
5306672074,7981038057,0,7.626,0,5,32.94288372093023,0.03034992206383988,0.007506937527797092,-5.8456877507069425e-18,0.0002118158366021548,PARELHEIROS
5306672074,5499715236,0,181.31699999999998,0,5,32.67906976744186,0.030594933105607743,0.025959480168038226,2.7134501399972986e-18,0.0002286935864489966,PARELHEIROS
5306672074,7981038060,0,266.18699999999995,0,5,32.62027906976744,0.030650073573864737,0.22779965478930017,-2.7393375223109188e-18,0.0002117373078536823,PARELHEIROS
5306672848,5499715236,0,337.39899999999994,0,4,33.06344186046512,0.030239258142204416,0.025156532152942803,6.760194823017847e-18,0.00021638986651984388,PARELHEIROS
5306672848,7895608540,0,155.495,0,2,33.69953488372093,0.029668479311011124,0.0004772130756382725,-6.158250135146048e-18,0.00012365970032992874,PARELHEIROS
5306697806,7294349232,0,12.814,0,4,34.04762790697674,0.029365157426532465,0.040255599423471934,-5.00365668465115e-19,0.0001880585868073416,PARELHEIROS
5306697806,5306698264,0,120.56799999999998,0,4,34.30939534883721,0.029141112611366878,0.038977260626105834,-1.6894720957175927e-18,0.00018931948461138083,PARELHEIROS
5306697808,5306698730,0,98.36,0,4,36.671627906976745,0.02726396428390239,0.0016958717652157224,-2.4383866030547157e-18,0.00018561578300768894,PARELHEIROS
5306697808,5306698823,0,94.065,0,4,36.6753488372093,0.02726119819408512,0.0017057804854020064,-2.3779356736775146e-18,0.0001905228198479662,PARELHEIROS
5306698275,5306698293,0,49.887,0,4,35.95553488372093,0.02780695536088502,0.010434224036163411,7.709114330729158e-19,0.00020305519183207664,PARELHEIROS
5306698293,5306698828,0,108.53500000000001,0,4,35.53376744186046,0.028137009539566687,0.020201944273129886,1.962108111738471e-18,0.0001923478835244822,PARELHEIROS
5306698431,5654856524,0,66.17,0,4,37.1233488372093,0.026932213412983994,0.00011879074889993274,2.0911266137859346e-18,0.00017990848975444842,PARELHEIROS
5306698441,5306698828,0,6.254,0,4,34.97376744186047,0.028587539365052345,0.05942008930376434,6.293444756648591e-19,0.00018918805738181888,PARELHEIROS
5306698442,5306698470,0,51.994,0,4,36.20632558139535,0.027614344660318896,0.002920908481579746,-4.7318844621043656e-18,0.00018859316800082893,PARELHEIROS
5306698442,5306698826,0,285.94300000000004,0,4,36.38213953488372,0.027480900416253312,0.0,-6.239154851621031e-18,0.00018817563845541306,PARELHEIROS
5306698470,5306698826,0,8.946,0,4,36.4033488372093,0.027464889506715457,0.04114499248019252,-5.005017902294911e-18,0.00018856394504011283,PARELHEIROS
5306698657,6708254850,0,184.366,0,2,36.029023255813954,0.02775023753459743,0.0004772130756382725,-6.42964186828583e-18,0.0001135195389686478,PARELHEIROS
5306698694,5654856524,0,195.597,0,5,37.119441860465116,0.026935048141261145,0.002013520277854181,1.8130900784939676e-18,0.0002136917764046076,PARELHEIROS
5306698730,5654856524,0,15.28,0,4,36.964837209302324,0.027047703411412983,0.0018234323009471939,-6.225720214263158e-18,0.00018054300099973341,PARELHEIROS
5306698762,7294349232,0,49.267,0,5,34.218046511627904,0.029218908015354334,0.048619925980721276,-4.324352323719514e-18,0.00023248190306142353,PARELHEIROS
5306698762,7984784950,0,161.71699999999998,0,3,34.75274418604651,0.02876935266279792,0.0004772130756382725,-2.5136403760871042e-18,0.00014905512737765916,PARELHEIROS
5306698762,6242588727,0,143.169,0,3,34.75274418604651,0.02876935266279792,0.0004772130756382725,-1.9768949148825223e-18,0.00014905512737765916,PARELHEIROS
5306698823,5645100860,0,84.78399999999999,0,4,37.37897674418605,0.026748028987815562,0.0018937044889349778,-6.2717746893466255e-18,0.00019974698012372816,PARELHEIROS
5306698826,5306698828,0,55.172999999999995,0,4,35.7646511627907,0.027955367128774677,0.041166860000603635,-2.630288470208296e-19,0.00018874915814975468,PARELHEIROS
5306702539,5306702555,0,167.963,0,4,34.42827906976744,0.029040485917471846,0.03943226450132657,-2.99608090677391e-18,0.00019030357869426358,PARELHEIROS
5308627180,5506403667,0,122.526,0,2,39.861953488372095,0.02508191059377013,0.0004772130756382725,-3.3840506046954225e-18,0.00012211492357914886,PARELHEIROS
5308627180,7985027473,0,13.447,0,4,39.395906976744186,0.025378625096220596,0.014027900450391194,-2.806566796975664e-18,0.0002123725573688586,PARELHEIROS
5308627180,5308627187,0,109.217,0,4,39.05693023255814,0.025598887253430888,0.013855010367140862,-6.1833466169198994e-18,0.00022841872542436937,PARELHEIROS
5308627187,5308627193,0,44.074999999999996,0,4,38.40037209302326,0.02603656941308708,0.013889861727796066,-3.093428562164015e-18,0.00023287570511260557,PARELHEIROS
5308627187,5506403658,0,83.46600000000001,0,2,39.23237209302326,0.025484412492768192,0.0004772130756382725,-1.02127762167806e-18,0.00012686860321695016,PARELHEIROS
5308627193,7985124599,0,49.174,0,4,37.72576744186046,0.026502150155836984,0.01394475831549479,-2.6275488764738136e-18,0.00022678697292055324,PARELHEIROS
5308627193,5506403686,0,205.00399999999996,0,2,38.564837209302326,0.025925532838686646,0.0004772130756382725,9.806165286413522e-19,0.00012657190326738506,PARELHEIROS
5308649126,7886601513,0,253.91299999999998,0,2,36.75032558139535,0.02720558083965717,0.0004772130756382725,-4.5323752442603875e-18,0.00011128865070278795,PARELHEIROS
5308680138,5308680234,0,64.89000000000001,0,4,37.18604651162791,0.026886804252657912,0.030292096542824748,-5.068421127319311e-18,0.00017855511625045268,PARELHEIROS
5308680138,5308680164,0,118.304,0,4,37.755720930232556,0.026481124684015235,0.0007752719345751123,-1.0076700870057229e-17,0.00017884383426058854,PARELHEIROS
5308680164,5308680176,0,103.369,0,4,38.225116279069766,0.026155942762581524,0.0005670749173276751,-1.5892645784408185e-17,0.00017914886239900037,PARELHEIROS
5308680176,5308703560,0,109.58999999999999,0,4,38.371162790697674,0.026056389245799897,0.0007390538538942124,-1.0303871496845816e-17,0.00017993709841507028,PARELHEIROS
5308686887,13041665794,0,129.65900000000002,0,4,38.433116279069765,0.02601438681757012,0.010270331526415566,2.3837119180107937e-19,0.00017124773276098472,PARELHEIROS
5308713106,5308718160,0,70.84700000000001,0,2,40.36316279069767,0.024770456137763193,0.0004772130756382725,-3.5977780529875946e-18,0.00012964601072657384,PARELHEIROS
5308715949,7958707432,0,743.2260000000001,0,4,37.048372093023254,0.026986717553418534,0.0003578528600609671,-1.154255769523849e-18,0.00019168475929314346,PARELHEIROS
5308715949,7886791109,0,365.39,0,4,37.38455813953488,0.026744035592359983,0.0032682831547770565,3.759611008602446e-19,0.00020090896122368915,PARELHEIROS
5308715949,5308737861,0,470.40099999999995,0,4,37.07181395348837,0.02696965286734484,0.0030243236301906173,-5.269771182030083e-18,0.00019442883672578237,PARELHEIROS
5308718136,5308718204,0,118.05,0,2,41.36223255813953,0.02417214670612895,0.0004772130756382725,-3.6502455031779225e-18,0.0001433992858829942,PARELHEIROS
5308718160,5308718204,0,135.67,0,4,40.36279069767442,0.024770684489513712,0.0014309558669019702,7.773943916182944e-19,0.0002524804952378384,PARELHEIROS
5308718160,5308718174,0,116.06,0,4,39.36409302325581,0.025399136032365703,0.0023837875114818717,-6.3245095058202055e-18,0.00022248498759864978,PARELHEIROS
5308718174,8950405548,0,217.08900000000003,0,4,39.36297674418605,0.025399856316406396,0.0035818315073384323,-6.059703215261314e-18,0.00020363690315722082,PARELHEIROS
5308718201,5308718204,0,43.717,0,2,41.36223255813953,0.02417214670612895,0.0004772130756382725,3.1506695291033864e-18,0.0001433992858829942,PARELHEIROS
5308733793,5308733803,0,46.837,0,4,37.29190697674419,0.026810480732773243,0.005222123324842585,1.187637379662825e-18,0.0001944775322231561,PARELHEIROS
5308733793,7975632386,0,299.412,0,4,36.862697674418605,0.027122647461100147,0.04972104674808901,-1.293471726195897e-19,0.000202093740755755,PARELHEIROS
5308733803,7975594958,0,727.8080000000001,0,4,37.70195348837209,0.02651888989775374,0.05075553991420415,7.291605226382065e-18,0.0001999774591790445,PARELHEIROS
5308737841,5308737861,0,937.2450000000001,0,4,37.16818604651163,0.026899724195235737,0.0014490649072424202,-3.9202742564369645e-18,0.00019316152893567024,PARELHEIROS
5308746332,5308746342,0,76.83000000000001,0,2,44.56260465116279,0.022436165060703728,0.0004772130756382725,-1.2630972322642862e-18,0.0001293453144827947,PARELHEIROS
5308746342,5308746343,0,9.163,0,4,43.56353488372093,0.02295070765393715,0.0023837875114818717,-2.9514548845675438e-18,0.00022176119742114102,PARELHEIROS
5308753330,5308758061,0,82.436,0,4,46.49395348837209,0.02150417158520238,0.0015327765088161984,-5.223258311229937e-18,0.00019564412870813543,PARELHEIROS
5308770736,5308770749,0,12.162999999999998,0,4,44.861767441860465,0.022286548446494036,0.004108360397237176,2.388444214442462e-18,0.00022731887155756983,PARELHEIROS
5308770736,5494645074,0,16.775,0,4,43.99609302325582,0.022725062267685503,0.003360081183169526,6.0251267634148956e-18,0.0002319779149051258,PARELHEIROS
5308789009,5308789015,0,136.874,0,5,38.605395348837206,0.025898295936463877,0.11458922375427741,-1.3885307700002099e-18,0.00021636552188414966,PARELHEIROS
5308789015,5308799847,0,260.574,0,5,39.38176744186047,0.02538773697662004,0.11332033810375569,2.536665166319571e-18,0.0002171246871437344,PARELHEIROS
5308799875,5308799885,0,120.43699999999998,0,2,44.26381395348837,0.022587614220025386,0.0004772130756382725,-3.8886097272320866e-18,0.00012614177263904657,PARELHEIROS
5308799885,5308799886,0,132.835,0,4,43.264744186046514,0.023109207561449678,4.5557334189811215e-07,-5.502919474151078e-19,0.00022927153116375016,PARELHEIROS
5308799886,5308799898,0,107.744,0,2,43.265302325581395,0.023108909443519916,0.0004772130756382725,-3.055220281608765e-19,0.00012369455989643324,PARELHEIROS
5309078047,6266892372,0,33.512,0,2,34.84186046511628,0.02869576825523962,0.0004772130756382725,-2.619680969444388e-18,0.00012128877428991919,PARELHEIROS
5309078047,5309078049,0,33.181,0,4,34.44725581395349,0.029024487723732676,0.009507360072071702,-2.379666920488524e-18,0.00022548508511140885,PARELHEIROS
5309078049,7984784959,0,5.029,0,4,34.36297674418605,0.029095673548058754,0.009031285929788175,-1.3782285029041691e-18,0.00022876171962361738,PARELHEIROS
5309078049,6266892384,0,12.378,0,4,34.92725581395349,0.02862560857383319,0.0014309558669019702,-6.2648920176225925e-19,0.00024396567329997118,PARELHEIROS
5310192059,5494626578,0,121.505,0,4,65.71088372093023,0.015215347852184057,0.0023837875114818717,2.873902172921491e-18,0.00023911747771183586,PARELHEIROS
5310192061,5310200570,0,105.73400000000001,0,4,61.729116279069764,0.016196796807657763,0.005223034471526381,7.994947173385966e-20,0.00017491992266855782,PARELHEIROS
5310192061,5310192066,0,86.014,0,4,62.72260465116279,0.015940249277735262,0.004749352089287819,3.4518930722094257e-18,0.00018247460761194775,PARELHEIROS
5310192121,5310192170,0,2033.277,0,2,67.70902325581396,0.014766332541985405,0.0004772130756382725,-6.037926792372724e-18,0.00014621546923842318,PARELHEIROS
5310192170,5494626578,0,577.6489999999999,0,4,66.70958139534883,0.01498756149529791,0.0014309558669019702,6.316187572755966e-19,0.00026075240795214277,PARELHEIROS
5310192170,5310193226,0,249.098,0,2,67.70902325581396,0.014766332541985405,0.0004772130756382725,2.207073282151502e-18,0.00014621546923842318,PARELHEIROS
5310200521,5310200538,0,69.346,0,5,64.70958139534883,0.015450786914845291,7.516960141318851e-06,1.3645531337036263e-17,0.00020312511452451202,PARELHEIROS
5310200521,5310200554,0,287.00199999999995,0,3,64.71106976744186,0.015450431542570624,0.0004772130756382725,6.5590218743006766e-18,0.00013076183817918222,PARELHEIROS
5310200521,5310200523,0,104.108,0,5,64.70827906976744,0.01545109787899611,8.883680167013187e-06,1.1621763850063614e-17,0.0002072849232865083,PARELHEIROS
5310200537,5310200546,0,47.528,0,3,65.71106976744186,0.015215304773256852,0.0004772130756382725,4.522329184614677e-18,0.00014038872770288788,PARELHEIROS
5310200538,5310200546,0,62.349,0,5,65.70679069767442,0.015216295650302684,0.0014309558669019702,1.2149941950431418e-17,0.0002123062786360068,PARELHEIROS
5310200538,5310200540,0,123.685,0,5,64.71144186046511,0.015450342702056212,0.0018997408357151278,1.614438429883172e-17,0.00019874675293934886,PARELHEIROS
5310200540,5310200553,0,70.411,0,5,64.71367441860465,0.015449809680424108,1.7084000321179205e-06,1.4709562707248928e-17,0.00019971475746642046,PARELHEIROS
5310200540,5310200547,0,130.28199999999998,0,5,63.71962790697675,0.015690831637434927,0.0023746760446439097,1.3879140475341347e-17,0.000198822413713324,PARELHEIROS
5310200541,5310200546,0,33.883,0,3,65.71106976744186,0.015215304773256852,0.0004772130756382725,7.154571863099031e-18,0.00014038872770288788,PARELHEIROS
5310200542,5310200570,0,13.469,0,4,61.729116279069764,0.016196796807657763,0.006172221529371098,3.9451917250827484e-18,0.00016937365726098262,PARELHEIROS
5310200542,5310200547,0,67.372,0,4,62.72409302325581,0.015939871033570426,0.00332420478249505,4.623520865323379e-18,0.00016662481683189117,PARELHEIROS
5310200546,5310200553,0,123.173,0,5,64.71497674418605,0.0154494987681224,6.833600128471683e-07,8.55681464011629e-18,0.00021327428316307844,PARELHEIROS
5310200547,5310200553,0,197.114,0,4,63.72111627906977,0.015690465137328066,0.0004748213155933074,1.1366673894073728e-17,0.000167266305771092,PARELHEIROS
5310219515,5310329343,0,541.3409999999999,0,4,49.26083720930232,0.020296324831839622,2.961226722337729e-05,2.7221634903257004e-18,0.000191826791065174,PARELHEIROS
5310219515,5310219681,0,901.122,0,4,48.34493023255814,0.020680843858474376,7.494181474223945e-05,-2.4383089189430007e-18,0.00020673681577997488,PARELHEIROS
5310219515,5310329272,0,360.9769999999999,0,4,49.202046511627906,0.020320576568945894,0.0005628608639151176,3.2854781726415843e-18,0.00018760456732076753,PARELHEIROS
5310219681,13265425113,0,3703.746999999997,0,4,47.49358139534884,0.021051559476335604,0.0008792565498633565,-3.531941424557032e-18,0.00022217770032557514,PARELHEIROS
5310224302,5310224303,0,684.326,0,2,51.419162790697676,0.019444384140561117,0.0004772130756382725,1.157805528954696e-18,0.00012679832611189022,PARELHEIROS
5310231556,5310233212,0,710.817,0,4,53.41320930232558,0.01871847744308524,0.0,1.5280480742608628e-18,0.00022378477509964342,PARELHEIROS
5310245348,5310245350,0,17.708,0,4,59.888,0.016694729386327347,0.013275862756252886,5.3590044825374074e-18,0.0002035544359138535,PARELHEIROS
5310245350,5494645024,0,159.448,0,4,59.85097674418605,0.016705056590166585,0.0023925572983134104,3.536799207662525e-18,0.0002026178072216355,PARELHEIROS
5310245351,5310253499,0,1713.3709999999996,0,2,62.859720930232555,0.01590547871820902,0.0004772130756382725,1.5706101336393442e-19,0.00011369299068633719,PARELHEIROS
5310245622,5310263452,0,135.96600000000004,0,5,57.19330232558139,0.017481311846565217,4.5557334189811215e-07,5.436493437623325e-17,0.00018885037053690623,PARELHEIROS
5310253486,5310253896,0,79.87899999999999,0,4,66.82846511627908,0.014960899547052781,3.416800064235841e-06,-2.9667040720011134e-18,0.00019450032580208714,PARELHEIROS
5310253486,5310253841,0,12.117,0,4,65.83162790697675,0.015187440828611398,0.002384926444836617,1.4687157818109814e-18,0.00019284590178340752,PARELHEIROS
5310253486,5506629125,0,110.99000000000001,0,4,66.82827906976745,0.014960941197432085,0.0019081689425402427,-2.8138102910276473e-18,0.00020659113522364413,PARELHEIROS
5310253499,5310253505,0,80.849,0,4,62.8546976744186,0.015906749860882537,0.00047949094234776303,2.0226472295741066e-18,0.00019858928383536655,PARELHEIROS
5310253505,5310253916,0,77.097,0,4,63.84725581395349,0.015659466342637516,3.189013393286785e-06,-8.640989595518659e-19,0.00018391650306241855,PARELHEIROS
5310253505,5310253883,0,154.554,0,4,63.845023255813956,0.015660013929078263,4.100160077083009e-06,1.5543321512871528e-19,0.00018850666023643276,PARELHEIROS
5310253841,5310253935,0,205.18200000000002,0,4,65.83106976744186,0.015187569593208269,0.0028496112535726916,1.7153785350317082e-18,0.00018818349842415739,PARELHEIROS
5310253841,5310253883,0,135.38499999999996,0,4,64.83720930232558,0.015420373027259685,1.0250400192707523e-05,-2.8685314689018103e-18,0.00018796933394567132,PARELHEIROS
5310253873,5310253906,0,28.373,0,4,67.82641860465117,0.01474077467241961,0.0009516927112251563,6.52361444583846e-19,0.0002061748909036326,PARELHEIROS
5310253873,5310253929,0,284.455,0,4,66.82958139534884,0.014960649649646864,0.00142617234681204,-1.0945544509295414e-18,0.00019373291197157747,PARELHEIROS
5310253873,5310253896,0,173.58499999999998,0,4,67.82474418604652,0.014741138584258198,1.3667200256943365e-06,3.105471513025873e-20,0.0001948203001180959,PARELHEIROS
5310253876,5310253939,0,19.000999999999998,0,5,63.84986046511628,0.01565882754018876,4.555733418981122e-06,7.469800754992038e-18,0.00021218427897371915,PARELHEIROS
5310253876,5310253887,0,17.875,0,4,63.84818604651163,0.015659238192922746,0.0009536288979282233,8.758795087178712e-19,0.00017917681954238992,PARELHEIROS
5310253876,5310253878,0,16.89,0,4,64.84148837209302,0.0154193553940486,0.00047664360896089984,-7.397222114721159e-19,0.00017924012374146992,PARELHEIROS
5310253878,5310253886,0,44.071000000000005,0,4,64.83962790697674,0.015419797826766864,1.2528266902198084e-06,1.3701484502803473e-18,0.0001826474642534886,PARELHEIROS
5310253878,5310253890,0,142.052,0,4,65.83348837209303,0.0151870116290571,2.5056533804396167e-06,-8.891669431560762e-19,0.00018188993565340823,PARELHEIROS
5310253883,5310253890,0,16.34,0,4,64.83832558139535,0.015420107544776848,0.00048154102238630455,3.416834137459709e-18,0.0001843939201364237,PARELHEIROS
5310253886,5310253935,0,67.438,0,4,64.83832558139535,0.015420107544776848,0.005701272587183924,-2.1494811818046025e-18,0.00018536561321499023,PARELHEIROS
5310253886,5310253887,0,42.229,0,4,63.84613953488372,0.015659740131070916,0.006174499396080588,-1.2102374753324521e-18,0.0001825841600544086,PARELHEIROS
5310253887,5310253936,0,36.575,0,4,62.85451162790698,0.015906796944142692,0.007593496462757733,1.6770412563664027e-18,0.00018131140579497897,PARELHEIROS
5310253890,5310253914,0,107.52499999999999,0,4,64.84055813953488,0.015419576607234059,0.0009528316445799015,2.0047021466072096e-18,0.00017902137912125416,PARELHEIROS
5310253896,5310253929,0,114.411,0,4,66.82958139534884,0.014960649649646864,0.00047630192895447627,-1.8737745449344055e-18,0.0001915041949791061,PARELHEIROS
5310253906,5494645050,0,202.437,0,2,68.82288372093024,0.014527347583145682,0.0004772130756382725,2.5499980739141592e-18,0.00011793278303421374,PARELHEIROS
5310253906,5506629125,0,159.331,0,4,67.82586046511628,0.014740895974369384,3.416800064235841e-06,-4.6015572011152364e-18,0.00021603698333271827,PARELHEIROS
5310253914,5310253939,0,46.422,0,5,63.84948837209302,0.015658918794490533,0.0014254889867991929,1.5682376459138884e-18,0.00021168352052715095,PARELHEIROS
5310253914,5310253916,0,38.153999999999996,0,4,64.84353488372093,0.015418868747381891,1.8222933675924486e-06,3.26862302775608e-18,0.00017669323461389348,PARELHEIROS
5310253916,5310253939,0,49.251999999999995,0,5,63.8493023255814,0.015658964422040268,0.0004778964356511196,3.3790087509274884e-18,0.00021255949466401165,PARELHEIROS
5310253929,5310253935,0,121.98000000000002,0,4,65.83311627906977,0.015187097467027268,0.0023769539113534,1.7359506941659944e-18,0.00018875053429631857,PARELHEIROS
5310253936,5310253939,0,53.381,0,5,62.85637209302325,0.01590632612408355,0.002373081537947266,3.2489701101602306e-18,0.00021451804133924872,PARELHEIROS
5310262406,5310263389,0,43.614,0,3,59.96372093023256,0.01667364763190146,0.0004772130756382725,4.233366078010405e-17,0.0001235046869599268,PARELHEIROS
5310262407,5310263380,0,34.431,0,3,60.95106976744186,0.016403550541494206,0.0004772130756382725,3.6338878020445985e-17,0.00012881239041237708,PARELHEIROS
5310262408,5310263266,0,95.163,0,6,58.06939534883721,0.017217571277989768,4.920192092499611e-05,8.707528329807385e-17,0.00021363002847005457,PARELHEIROS
5310262408,5310262416,0,80.077,0,6,57.12595348837209,0.01750192149863867,0.0005113810762806309,7.477751646303017e-17,0.00021820158252818368,PARELHEIROS
5310262408,5310263458,0,81.21000000000001,0,6,58.02306976744186,0.017231317775768418,0.00011890464223540727,6.591190183359582e-17,0.00022286480620857492,PARELHEIROS
5310262416,5310263452,0,94.848,0,6,57.159441860465115,0.01749166753463181,0.0009134245505057148,6.826350216247358e-17,0.00021702613961932093,PARELHEIROS
5310263266,5310263474,0,95.24,0,6,59.048,0.016932223843116993,6.833600128471683e-07,8.891087889304597e-17,0.00021530690296342166,PARELHEIROS
5310263266,5310263452,0,76.376,0,6,58.10306976744186,0.017207592602080025,0.00048609675580528564,9.442086842769172e-17,0.00021245458556119187,PARELHEIROS
5310263266,5310263389,0,81.495,0,6,59.014697674418606,0.01694177879219682,3.189013393286785e-06,7.610886393618439e-17,0.00021802975405512824,PARELHEIROS
5310263356,5310263491,0,79.259,0,4,59.98213953488372,0.01666852768576072,0.0013674033857071835,3.2603251028427894e-17,0.00016902674865396414,PARELHEIROS
5310263356,5310263492,0,82.673,0,4,60.97637209302326,0.01639674383977934,0.0009122856171509695,2.7135109728258145e-17,0.00017613825623628604,PARELHEIROS
5310263356,5310263474,0,86.381,0,5,60.02809302325581,0.016655767377135047,2.1639733740160326e-05,5.672448402175692e-17,0.00019533388216663229,PARELHEIROS
5310263380,5310263474,0,79.421,0,6,59.99479069767442,0.01666501277630306,0.001049982659739674,6.986608289089953e-17,0.00022776352878163406,PARELHEIROS
5310263380,5310263389,0,88.539,0,6,59.96130232558139,0.016674320181698583,0.0002206113908141608,6.122305585397558e-17,0.0002304863798733407,PARELHEIROS
5310263380,5310263492,0,90.24000000000001,0,5,60.94288372093023,0.016405753919796807,4.191274745462632e-05,4.257996152519425e-17,0.00021025723619692323,PARELHEIROS
5310263389,5310263458,0,95.941,0,6,58.968186046511626,0.016955141755585983,0.001152031088324851,6.099975619694483e-17,0.00022726453179364858,PARELHEIROS
5310263452,5310263484,0,92.971,0,6,58.136558139534884,0.017197680521242688,2.551210714629428e-05,6.262129339012124e-17,0.00021778029006594304,PARELHEIROS
5310263453,5310263458,0,78.724,0,3,58.97190697674419,0.01695407194280919,0.0004772130756382725,3.2986560545550476e-17,0.00012559054233268497,PARELHEIROS
5310263474,5310263484,0,77.896,0,6,59.08167441860465,0.01692257308762958,0.0014663766942345485,7.607542479768637e-17,0.0002206326074681729,PARELHEIROS
5310263484,5310263491,0,87.46900000000001,0,5,59.03553488372093,0.01693579901423187,9.692322848882335e-05,4.3605555688338986e-17,0.00019566210451797927,PARELHEIROS
5310263492,5310263496,0,62.871,0,2,61.93339534883721,0.016143373826946878,0.0004772130756382725,1.672152115446476e-17,0.00010159801016841233,PARELHEIROS
5310268707,5310268711,0,131.97299999999998,0,3,45.01432558139535,0.022211017061235287,0.0004772130756382725,-6.729322447942456e-18,0.00014577413272222347,PARELHEIROS
5310285396,5310285401,0,97.967,0,4,48.75162790697674,0.020508319340558693,0.0004756185689416291,-5.283522851813961e-18,0.000186028426981873,PARELHEIROS
5310285445,5310285448,0,68.93,0,4,48.90958139534884,0.02044208772523765,0.0014660350142281248,-1.4229029930009913e-17,0.00019305531274363907,PARELHEIROS
5310285445,5310285451,0,30.83,0,4,47.987162790697674,0.02083502952339967,0.0019389201431183653,-1.1663421921648571e-17,0.00018828547305225108,PARELHEIROS
5310285448,5310285477,0,185.384,0,4,48.83739534883721,0.02047230296265538,3.963488074513576e-05,-8.376928048226673e-18,0.00019682079801833197,PARELHEIROS
5310285450,5310285451,0,123.82900000000001,0,4,47.06660465116279,0.021242534083317853,0.00011844906889350916,-1.0321685119339858e-17,0.00018685760318205228,PARELHEIROS
5310285456,5310285477,0,90.22399999999999,0,4,47.84372093023256,0.02089749572250739,0.0004414505682992707,-7.428836010908399e-18,0.00019441315684375922,PARELHEIROS
5310294506,7951162085,0,144.567,0,2,45.84632558139535,0.021807940784988475,0.0004772130756382725,4.370772810845558e-20,0.00011740542740301438,PARELHEIROS
5310294506,5310294513,0,93.55599999999998,0,4,45.78083720930233,0.021839136512890538,7.995312150311868e-05,-4.1446779375043074e-18,0.0002157812283012012,PARELHEIROS
5310294513,5494645066,0,293.106,0,2,46.712744186046514,0.021403451475818562,0.0004772130756382725,-9.769589003045177e-19,0.00011894060226991644,PARELHEIROS
5310322071,5310329332,0,167.405,0,4,51.98325581395349,0.01923338463190294,7.289173470369794e-06,-4.574200850612379e-21,0.00019408661572555181,PARELHEIROS
5310322071,5310329291,0,232.048,0,4,52.97544186046512,0.018873159305057542,0.005684416373533695,1.242572886233416e-18,0.00020238070455946806,PARELHEIROS
5310322071,5310329093,0,22.371000000000002,0,4,52.91088372093023,0.018896187006849603,0.006161173875830069,5.659766684376383e-18,0.00019702680612622637,PARELHEIROS
5310322072,5310328410,0,80.017,0,4,54.096,0.01848221593996547,3.416800064235841e-07,4.0252056813633865e-18,0.00019491316713767827,PARELHEIROS
5310322072,5310328415,0,99.39399999999999,0,4,54.097674418604655,0.018481643882727196,0.0009559067646377138,3.070310218362656e-18,0.00020176768348374475,PARELHEIROS
5310322072,5310322075,0,74.92,0,4,55.024,0.0181705065696491,0.0014289057868634289,1.2967382782056668e-18,0.00019388463468258878,PARELHEIROS
5310322075,5310322095,0,207.74199999999996,0,4,54.09153488372093,0.018483741599080974,0.001898715795695857,4.627890167282188e-18,0.00018965434955685637,PARELHEIROS
5310322075,5310328739,0,75.05300000000001,0,4,54.95553488372093,0.018193143886304698,0.003796862124714341,1.7347678182803342e-18,0.0001939481190455237,PARELHEIROS
5310322076,5310328592,0,224.09900000000002,0,4,51.2386976744186,0.019512868181025968,5.0113067608792335e-06,6.4741819198570315e-18,0.00018711266908599995,PARELHEIROS
5310322076,5310329054,0,54.192,0,4,52.10641860465116,0.01918792310548716,0.0033189656890632215,9.48270481330457e-19,0.00018819090831537287,PARELHEIROS
5310322076,5310322089,0,62.332,0,4,52.16911627906977,0.01916486275404855,0.002845397200160134,3.6037831859411705e-18,0.00018687635361305409,PARELHEIROS
5310322088,5588829878,0,80.384,0,4,54.37916279069768,0.01838597547624261,0.028740299846984303,4.861442360058731e-18,0.00019149341080071023,PARELHEIROS
5310322088,5310329264,0,142.04199999999997,0,4,54.437581395348836,0.01836624493339075,0.015989029793927093,2.2928041013140638e-18,0.0001885243869120488,PARELHEIROS
5310322088,5310322104,0,98.77900000000001,0,4,53.520186046511625,0.018681062741812696,0.012288179751017779,7.156711255917812e-18,0.00018829238624185442,PARELHEIROS
5310322089,5310328566,0,68.123,0,4,53.16297674418605,0.018806583354039005,0.0023696647378830303,5.443786836359825e-18,0.0001863877148864746,PARELHEIROS
5310322089,5310322095,0,196.998,0,4,53.161674418604655,0.018807044067416987,1.7084000321179205e-06,3.177786219767817e-18,0.00018719078318623386,PARELHEIROS
5310322095,5310328523,0,87.981,0,4,54.15441860465116,0.018462278411433282,0.0014243500534444477,7.156613070278e-18,0.00018709646356130201,PARELHEIROS
5310322104,5310329264,0,46.584,0,4,53.58120930232558,0.01865978701314935,3.872373406133953e-06,7.246895098259547e-18,0.00018779556134841327,PARELHEIROS
5310322104,5310322114,0,68.173,0,4,52.65488372093023,0.018988057381103807,0.011820989288901265,7.049814262517557e-18,0.0001876551452395171,PARELHEIROS
5310322105,5310322106,0,82.383,0,4,54.83906976744186,0.018231781788573754,2.5056533804396167e-06,-3.2806030449376163e-19,0.00019841487228282838,PARELHEIROS
5310322105,5310329263,0,100.313,0,4,54.840186046511626,0.018231410678300752,6.491920122048098e-06,1.7796886905015837e-18,0.00020639639238471448,PARELHEIROS
5310322105,5310329043,0,82.17099999999999,0,4,53.84706976744186,0.018567657586688227,0.00047914926234133946,1.6213227237556012e-18,0.00020623173611640397,PARELHEIROS
5310322106,5310328532,0,88.394,0,4,53.843162790697676,0.01856900489621882,0.0004778964356511196,-1.6794797053014758e-18,0.000192305975697294,PARELHEIROS
5310322106,5310329061,0,148.132,0,4,54.83702325581395,0.018232462196648674,1.1389333547452805e-06,-1.6738912700801121e-18,0.0001950964782060149,PARELHEIROS
5310322113,5310329342,0,76.07799999999999,0,4,53.22846511627907,0.018783445122910282,0.0004728851288902404,8.467115544145357e-18,0.00018609447759101332,PARELHEIROS
5310322113,5310328523,0,76.237,0,4,54.21841860465116,0.018440485340946524,0.0009516927112251563,6.1585971675729516e-18,0.00018624200315821445,PARELHEIROS
5310322113,5310327992,0,76.64399999999999,0,4,54.222511627906975,0.018439093348338972,8.655893496064131e-06,6.768441634938177e-18,0.00018608077303012584,PARELHEIROS
5310322114,5310322120,0,55.485,0,4,52.714976744186046,0.018966411734187894,7.494181474223945e-05,7.601395241110889e-18,0.00018839638852632175,PARELHEIROS
5310322114,5310329240,0,175.235,0,4,51.79162790697674,0.019304547740498598,0.011424640481449908,2.5990695346628133e-18,0.00018784314888190744,PARELHEIROS
5310322120,5310329290,0,31.932000000000002,0,4,53.631627906976746,0.018642245117424638,0.01512822396441061,3.564180521219518e-18,0.0001921006371230582,PARELHEIROS
5310322120,5310329264,0,12.828,0,4,53.57302325581395,0.018662638259450262,0.015529356291951898,5.8791966772464286e-18,0.00018853680463521794,PARELHEIROS
5310327981,5310329043,0,181.14300000000003,0,2,53.84967441860465,0.0185667594889477,0.0004772130756382725,1.6735040859597783e-18,0.00011515573829237826,PARELHEIROS
5310327989,5310328551,0,223.36,0,4,52.053023255813955,0.019207605840198726,2.1639733740160328e-06,4.593972866362017e-18,0.0001806905748946892,PARELHEIROS
5310327989,5310328565,0,74.991,0,4,51.988093023255814,0.01923159507006971,0.0028460805601729813,-3.0762852231809812e-18,0.00018010606419272581,PARELHEIROS
5310327989,5310329073,0,66.70700000000001,0,5,51.12297674418605,0.019557037112516648,0.002375359404656757,2.2920649654277013e-18,0.00021199515459969462,PARELHEIROS
5310327990,5310327992,0,62.961999999999996,0,4,54.225674418604655,0.018438017861615367,1.2528266902198084e-06,6.6377389999066e-18,0.00018604651162790697,PARELHEIROS
5310327990,5310329342,0,72.61500000000001,0,4,53.23088372093023,0.0187825916761034,4.3279467480320656e-06,6.2108766989295125e-18,0.0001860602161887945,PARELHEIROS
5310327990,5310328543,0,71.828,0,4,53.23237209302326,0.018782066516615174,0.0004800604090251357,1.0005704107674779e-17,0.0001860602161887945,PARELHEIROS
5310327992,5310329068,0,55.084,0,4,54.224186046511626,0.018438523957386217,0.0004825660624055753,9.110995070821625e-18,0.00018604651162790697,PARELHEIROS
5310328005,5310328532,0,164.673,0,4,52.85023255813954,0.018917872355405357,0.0009497565245220893,-2.349904173250786e-18,0.00019267814067997136,PARELHEIROS
5310328005,5310329240,0,343.89399999999995,0,4,51.85693023255814,0.019280237935500537,0.0028448277334827614,7.294295314351174e-19,0.00019139842273711502,PARELHEIROS
5310328005,5310329043,0,212.30899999999997,0,4,52.85209302325581,0.018917206420726557,0.0014233250134251768,-4.368834887996805e-18,0.00020230197636212868,PARELHEIROS
5310328322,5310329291,0,335.629,0,2,53.97060465116279,0.018525157536229887,0.0004772130756382725,1.5878328680362305e-18,0.00011424587121156203,PARELHEIROS
5310328333,5310328592,0,70.136,0,4,51.24018604651163,0.019512301391349813,0.0004927025692628083,3.845659742882835e-18,0.0001866289075707951,PARELHEIROS
5310328333,5310329342,0,334.94200000000006,0,4,52.23553488372093,0.01914049421938554,0.0,1.0482107819757552e-17,0.00018615074690571626,PARELHEIROS
5310328333,5310328543,0,73.175,0,4,52.23627906976744,0.019140221533639635,1.86785070178226e-05,7.398319162605487e-18,0.00018615074690571626,PARELHEIROS
5310328389,5310329091,0,118.412,0,4,52.12186046511628,0.019182238403740785,0.00047550467560615454,-2.7618538879382056e-19,0.00017475952539630743,PARELHEIROS
5310328389,5310329073,0,66.952,0,5,51.12502325581395,0.01955625425313959,0.0019122691026173257,5.820861539062331e-18,0.00021052771238411184,PARELHEIROS
5310328389,5310328733,0,71.145,0,4,52.12,0.01918292312909386,0.0009631959381080836,2.7661195898596225e-18,0.00017785316678573117,PARELHEIROS
5310328410,5310329028,0,268.259,0,4,53.10325581395349,0.01882773359492695,1.5945066966433925e-06,2.818985147924402e-18,0.00019454246824979557,PARELHEIROS
5310328410,5310328739,0,74.744,0,4,54.032372093023255,0.018503980387295817,0.0004752768889352055,-8.1343382292936e-19,0.00019497665150061314,PARELHEIROS
5310328415,5310328726,0,59.56699999999999,0,2,54.1019534883721,0.0184801821195469,0.0004772130756382725,1.0717262693141374e-18,0.00011390782142461732,PARELHEIROS
5310328415,5310329028,0,90.345,0,4,53.10455813953488,0.01882727186734726,9.90872018628394e-06,4.8050766398190294e-18,0.0002013969845958621,PARELHEIROS
5310328523,5310328566,0,156.724,0,4,54.156837209302324,0.01846145389961284,1.3667200256943365e-06,5.510363184285072e-18,0.0001862933952615427,PARELHEIROS
5310328532,5310328561,0,80.849,0,4,52.91553488372093,0.01889452607226611,7.4030668058443225e-06,-3.1061018538200096e-18,0.00018800841233506993,PARELHEIROS
5310328543,5310329068,0,46.077999999999996,0,4,53.23013953488372,0.018782854266860532,0.0009584124180181535,6.208330662876156e-18,0.0001860602161887945,PARELHEIROS
5310328551,5310328561,0,96.601,0,4,52.98102325581395,0.01887117107310033,0.0028445999468118123,-4.601619188598919e-18,0.00018468750154942,PARELHEIROS
5310328551,5310329055,0,33.981,0,4,53.0466976744186,0.018847807635922365,0.0023725120712698934,-2.3193207987736265e-18,0.0001856043335709293,PARELHEIROS
5310328561,5310328565,0,136.00600000000003,0,4,51.987906976744185,0.01923166389321309,0.0033223824891274573,1.7063329902233406e-18,0.0001841029908474566,PARELHEIROS
5310328565,5310329285,0,63.604,0,4,50.99572093023256,0.01960584016169163,0.006628819911288481,-3.507341593096688e-18,0.0001833700225276292,PARELHEIROS
5310328566,5310329068,0,70.34700000000001,0,4,54.158697674418605,0.018460819709862145,0.00189677960899279,8.781504376428282e-18,0.0001861321651334541,PARELHEIROS
5310328592,5310329343,0,62.14,0,4,50.247813953488375,0.0198976607104509,0.0009683211382044373,-2.4764586392508303e-18,0.00018802586102773888,PARELHEIROS
5310328733,5310329092,0,66.149,0,4,53.115906976744185,0.01882324919964413,0.0004757324622771036,-9.064797994728707e-19,0.00018094680817515486,PARELHEIROS
5310328733,5310329067,0,75.847,0,4,53.113116279069764,0.01882423822083977,1.3667200256943364e-05,-2.0661966187865183e-18,0.0001823922889337302,PARELHEIROS
5310328739,5310329291,0,64.782,0,4,53.965581395348835,0.018526881905779738,0.00474206291581745,1.0023359160948729e-18,0.00020216921763362437,PARELHEIROS
5310329028,5310329054,0,81.62300000000002,0,4,52.10827906976744,0.019187238023150362,0.0004868940091536074,4.3216863541829254e-18,0.00019236492412640234,PARELHEIROS
5310329054,5310329359,0,61.498999999999995,0,4,51.115906976744185,0.019559742018140258,0.004265533200192024,9.958172684748726e-19,0.00018908991043816993,PARELHEIROS
5310329055,5310329067,0,50.464999999999996,0,4,54.04204651162791,0.018500667869290405,0.0004890579825276234,-1.7263952171774126e-18,0.00018559462727837592,PARELHEIROS
5310329055,5310329061,0,67.73500000000001,0,4,53.97562790697675,0.018523433487637832,0.0014344865603016807,-5.875719009458303e-19,0.00019171574686530025,PARELHEIROS
5310329061,5310329263,0,72.287,0,4,54.905674418604654,0.0182096652864278,0.0009579568446762553,-1.6760706495593775e-19,0.00020307799830790105,PARELHEIROS
5310329067,5310329092,0,100.05399999999999,0,4,53.113116279069764,0.01882423822083977,2.961226722337729e-06,5.860765268438096e-18,0.0001823922889337302,PARELHEIROS
5310329073,5310329272,0,65.07,0,5,50.13041860465116,0.019944257026323894,2.7334400513886727e-05,-7.319723956867244e-19,0.00021364645928960196,PARELHEIROS
5310329073,5310329091,0,234.54800000000003,0,5,51.12502325581395,0.01955625425313959,0.0,-1.8255685508873506e-18,0.00021052771238411184,PARELHEIROS
5310329091,5310329092,0,78.39599999999999,0,4,52.12,0.01918292312909386,1.7084000321179205e-06,1.9824471693592066e-18,0.00017785316678573117,PARELHEIROS
5310329093,5310329286,0,32.391999999999996,0,4,52.845023255813956,0.018919737221960133,0.0066260864712370925,2.848460857934875e-18,0.0001949440023996752,PARELHEIROS
5310329093,5310329234,0,97.248,0,4,53.77116279069767,0.018593868936405786,6.6058134575226265e-06,3.0825339152711988e-18,0.00020247529685299892,PARELHEIROS
5310329234,5310329290,0,90.02799999999999,0,4,53.70251162790698,0.018617638601633114,0.0009475925511480733,8.160339250877404e-18,0.00020144333825768758,PARELHEIROS
5310329234,5310329239,0,73.604,0,2,54.69860465116279,0.01827860070406966,0.0004772130756382725,3.522725589659821e-18,0.00011414812544640829,PARELHEIROS
5310329240,5310329285,0,256.87300000000005,0,4,50.92967441860465,0.01963126536546519,0.0081082943391026,-3.1476541207851217e-19,0.00018599572607238624,PARELHEIROS
5310329257,5310329263,0,49.36,0,2,55.83646511627907,0.017906111201815268,0.0004772130756382725,-3.2212805704077473e-18,0.0001153203945606888,PARELHEIROS
5310329272,5310329285,0,146.20000000000002,0,4,50.06809302325581,0.019969083963792565,0.0010090949523043184,1.775376679107311e-18,0.000182314458334299,PARELHEIROS
5310329286,5310329332,0,202.99699999999999,0,4,51.91720930232558,0.019257852394689218,0.006614013777676792,-5.195259285576987e-19,0.0001920038119990007,PARELHEIROS
5310329286,5310329290,0,67.624,0,4,52.777488372093025,0.01894394720793573,0.013710479724423685,-3.814128468439956e-19,0.00019391204380436386,PARELHEIROS
5310329332,5310329359,0,180.756,0,4,51.055441860465116,0.01958290668056249,0.0061493289689407175,1.4503500990794463e-18,0.00019016593186065814,PARELHEIROS
5310329343,5310329359,0,251.901,0,4,50.18697674418605,0.019921780875238642,0.001421844400064008,7.3967250384567e-18,0.00018900729015669624,PARELHEIROS
5310352788,5310355200,0,280.09999999999997,0,2,52.141209302325585,0.019175120156712185,0.0004772130756382725,-2.511613371743607e-18,0.00013788326252190427,PARELHEIROS
5310352816,5310352820,0,18.018,0,5,50.14344186046512,0.019939077103453905,0.0033357080093779773,2.1796442802456427e-18,0.000253634728501288,PARELHEIROS
5310352816,5506629130,0,431.49700000000007,0,4,51.141767441860466,0.019549851393481685,0.0014309558669019702,1.508586439849498e-18,0.00023958462700825878,PARELHEIROS
5310352816,5310355200,0,570.541,0,4,51.141767441860466,0.019549851393481685,0.0014309558669019702,1.1378055177245698e-18,0.00023958462700825878,PARELHEIROS
5310352818,5310352820,0,163.43900000000005,0,5,50.071441860465114,0.019967748407856308,0.0008865457233337262,7.746627695002455e-19,0.00024349233230138058,PARELHEIROS
5310352818,5310355339,0,309.9320000000001,0,4,50.923720930232555,0.019633560455218017,6.765264127186965e-05,1.220505156662569e-18,0.0002041335910617544,PARELHEIROS
5310352818,5310354934,0,182.03500000000003,0,2,50.99776744186047,0.019605053390390096,0.0004772130756382725,-1.7484903455599343e-18,0.00011228133131462677,PARELHEIROS
5310352819,5310355339,0,133.803,0,4,50.923162790697674,0.019633775647395803,0.130772783365195,-2.539755049081678e-18,0.00020251929092512835,PARELHEIROS
5310352819,5310352820,0,86.99799999999999,0,5,50.07088372093023,0.019967970988106164,0.1324096583826349,-1.7209548915443163e-19,0.00024162952125693924,PARELHEIROS
5310352819,5494645063,0,457.0349999999999,0,4,50.99609302325582,0.01960569710766716,0.0014309558669019702,-2.115190974261912e-18,0.00021451126067382776,PARELHEIROS
5310352820,5515107558,0,552.959,0,5,49.22027906976744,0.020313049263113333,0.13655355350054013,6.2170412514953656e-18,0.00024514968169765883,PARELHEIROS
5310354963,5506629130,0,92.57300000000002,0,2,52.141209302325585,0.019175120156712185,0.0004772130756382725,5.145802772240168e-19,0.00013788326252190427,PARELHEIROS
5310355133,5494645055,0,17.674,0,2,52.99460465116279,0.01886633479143116,0.0004772130756382725,-2.7192449728614536e-18,0.00013075990768640728,PARELHEIROS
5310355200,5506629129,0,46.012,0,2,52.141209302325585,0.019175120156712185,0.0004772130756382725,2.556715014365171e-18,0.00013788326252190427,PARELHEIROS
5310355339,5494645054,0,141.77800000000002,0,4,51.775813953488374,0.019310443953358847,0.1304306477854295,3.0019015651410767e-19,0.00021171805001423397,PARELHEIROS
5311435627,5311435633,0,896.99,0,2,62.71776744186047,0.015941478695254932,0.0004772130756382725,-5.324781403880581e-18,0.00012360659236120453,PARELHEIROS
5311435633,5494626577,0,142.005,0,2,62.71776744186047,0.015941478695254932,0.0004772130756382725,-2.632818709635096e-19,0.00012360659236120453,PARELHEIROS
5311464614,5311465447,0,18.388999999999996,0,4,66.58772093023256,0.015014989843787107,0.0011123962075797154,-4.3128622747865966e-18,0.00020009032388426217,PARELHEIROS
5311464614,5311465381,0,78.08500000000001,0,4,67.5613023255814,0.014798618722152766,0.000745431880680786,-5.449011938077473e-18,0.0001963097806553529,PARELHEIROS
5311464614,5311465513,0,70.211,0,4,66.59665116279069,0.015012976418955349,0.001953498490059105,-5.405662521483983e-18,0.00019234741695511344,PARELHEIROS
5311465237,5311465491,0,113.871,0,2,66.62772093023256,0.015005975583875977,0.0004772130756382725,-6.5415557493760314e-18,0.00013635230009859307,PARELHEIROS
5311465238,5311465390,0,35.25,0,2,65.65879069767442,0.015227419555928323,0.0004772130756382725,-4.023078241967431e-18,0.00011901357787050705,PARELHEIROS
5311465327,5311465418,0,17.01,0,4,65.64613953488372,0.015230354146828096,0.0009692322848882335,-7.426348630882246e-18,0.00020910421481209118,PARELHEIROS
5311465327,5311465390,0,72.638,0,4,65.64688372093023,0.015230181492523778,2.4145387120599943e-05,-6.940606684008839e-18,0.00021787932630392857,PARELHEIROS
5311465346,5311465487,0,82.346,0,4,65.6193488372093,0.015236572309925603,0.000156375549606527,-4.433654121120172e-18,0.00020963206225702708,PARELHEIROS
5311465346,5311465446,0,37.458,0,4,66.59851162790697,0.015012557023412773,0.001080847753653271,-8.192632752938209e-18,0.00020689692762818328,PARELHEIROS
5311465346,5311465395,0,105.25200000000001,0,4,65.62716279069767,0.015234758154592824,0.0013978129062788827,-6.38293709662043e-18,0.0001992720544181731,PARELHEIROS
5311465356,5311465494,0,129.324,0,2,63.68483720930232,0.01569940345772496,0.0004772130756382725,3.1679970711019504e-18,0.00011461883941151761,PARELHEIROS
5311465381,5311465446,0,151.93800000000002,0,4,67.57023255813954,0.014796662903714309,0.00016355082974142226,-4.706821423867415e-18,0.00020366469545962781,PARELHEIROS
5311465381,5311465406,0,52.878,0,4,66.59832558139534,0.015012598961912585,0.0001486308027942591,-5.582382142580104e-18,0.00019441637164502518,PARELHEIROS
5311465382,5311465466,0,55.582,0,4,64.63906976744187,0.015467641429332105,0.002928653228392014,-4.909414919755614e-18,0.00018508358088952122,PARELHEIROS
5311465382,5311465407,0,94.26700000000001,0,4,64.64911627906977,0.015465237748533048,5.147978763448667e-05,-9.885095780085719e-18,0.00018672455874995915,PARELHEIROS
5311465382,5311465513,0,132.313,0,4,65.62418604651162,0.015235449210444249,0.00243002820568453,-2.3010364387642353e-18,0.00018783642905605342,PARELHEIROS
5311465383,5311465495,0,65.405,0,4,66.61209302325581,0.015009496145682047,0.0009407589510196016,-5.079223772004071e-18,0.0001883759763736884,PARELHEIROS
5311465383,5311465483,0,101.977,0,4,66.61730232558139,0.015008322441547416,3.6901440693747084e-05,-4.856545477117092e-18,0.00019026032625211022,PARELHEIROS
5311465383,5311465406,0,86.838,0,4,66.60558139534884,0.015010963534028855,0.0005045474761521592,-7.786778127326796e-18,0.00019040946412059216,PARELHEIROS
5311465390,5311465417,0,162.618,0,4,64.66511627906976,0.015461411206214486,0.000938253297639162,-8.295006040685664e-18,0.00020715709941473368,PARELHEIROS
5311465395,5311465422,0,36.829,0,4,64.65488372093023,0.015463858195211786,0.001953726276730054,-3.358621766225243e-18,0.00019686774917975218,PARELHEIROS
5311465395,5311465406,0,143.859,0,4,65.62511627906977,0.015235233248756148,0.00010489576197204032,-6.8538460414214024e-18,0.0001934418467475302,PARELHEIROS
5311465407,5311465512,0,22.865000000000002,0,4,64.65953488372094,0.01546274583147506,0.0023690952712056576,-4.430989896643039e-18,0.00018725333452200923,PARELHEIROS
5311465407,5311465411,0,72.093,0,4,63.67497674418605,0.015701834607731707,0.002797106425918934,-7.865666457466463e-18,0.00018729266848915865,PARELHEIROS
5311465411,5311465443,0,71.59,0,4,62.68613953488372,0.015949521870492495,0.004643203500625559,-2.4199284213491526e-19,0.00018435646955194777,PARELHEIROS
5311465411,5311465417,0,203.896,0,4,63.67572093023256,0.015701651098443566,0.0013868791460733278,-3.482771716077146e-18,0.00019228565115202758,PARELHEIROS
5311465417,5311465467,0,58.857,0,4,64.66269767441861,0.015461989515539674,2.7676080520310313e-05,-3.571452820240893e-18,0.0001937107661146622,PARELHEIROS
5311465418,5311465483,0,17.025,0,4,65.64297674418604,0.01523108797129504,0.0005255038498794723,-7.183115188421766e-18,0.0001957161258957917,PARELHEIROS
5311465418,5311465422,0,133.47400000000002,0,4,64.66269767441861,0.015461989515539674,0.0019150025426687145,-4.661184651208263e-18,0.00019929116619649573,PARELHEIROS
5311465422,5311465494,0,12.347000000000001,0,4,63.67702325581396,0.01570132996751046,0.004309040454343294,-1.3299773559695235e-18,0.00020367153922934363,PARELHEIROS
5311465443,5311475787,0,144.84699999999998,0,4,62.68353488372093,0.015950184611366363,0.004220089759337687,-1.2555515693766075e-18,0.00017866774876121918,PARELHEIROS
5311465443,5311475974,0,324.134,0,4,61.70251162790698,0.016203780480082978,0.009300871454856384,-3.588890549760739e-18,0.0001787862034735368,PARELHEIROS
5311465444,5311465446,0,36.650999999999996,0,2,67.58548837209302,0.014793322909555375,0.0004772130756382725,-2.9746875894278202e-18,0.0001154399225719363,PARELHEIROS
5311465447,5311475399,0,204.012,0,4,65.60576744186046,0.015239726512983828,0.00018598781682990429,-3.1862095616757333e-18,0.0001954723243945191,PARELHEIROS
5311465466,5311475399,0,98.02799999999999,0,4,64.6306976744186,0.015469645067503382,0.0005274400365825393,3.796416011973556e-18,0.00018497656929883816,PARELHEIROS
5311465466,5311475787,0,9.806000000000001,0,4,63.66251162790698,0.015704909026085227,0.003795267618017698,4.297707219459338e-18,0.00017996296983799218,PARELHEIROS
5311465467,5311465512,0,151.62,0,4,65.64744186046512,0.015230052004364399,0.000513545049654647,-1.0403248056032801e-17,0.00018910523883935738,PARELHEIROS
5311465467,5311465483,0,162.144,0,4,65.64130232558139,0.015231476495229889,3.257349394571502e-05,-1.0105136349999957e-17,0.0001910449040875575,PARELHEIROS
5311465487,5311465491,0,35.154999999999994,0,4,65.62827906976744,0.015234499024810631,0.0014309558669019702,-7.713644905292666e-19,0.00023396255592764349,PARELHEIROS
5311465488,5311465491,0,136.286,0,2,66.62772093023256,0.015005975583875977,0.0004772130756382725,1.282207735469841e-19,0.00013635230009859307,PARELHEIROS
5311465494,5311475423,0,59.321000000000005,0,4,62.691534883720934,0.01594814922529506,0.005220414924810467,1.8377820415316879e-19,0.00020350600704573628,PARELHEIROS
5311465495,5311465513,0,112.09200000000003,0,4,66.61041860465116,0.015009873446712715,1.3211626915045253e-05,-3.3584610222738783e-18,0.00018842052019788196,PARELHEIROS
5311465495,5311465512,0,156.62000000000003,0,4,65.6446511627907,0.015230699467180591,0.0013917765594987327,-4.005959058805089e-18,0.00018769610527935175,PARELHEIROS
5311475027,5311475183,0,533.3279999999997,0,2,68.62139534883721,0.014570003253443228,0.0004772130756382725,4.212752550701003e-18,0.0001260355085487584,PARELHEIROS
5311475028,5311475042,0,280.06299999999993,0,4,67.56576744186046,0.014797640748307936,0.004807209903708879,-5.5218593508828106e-18,0.00022105649141916726,PARELHEIROS
5311475028,5311475260,0,481.3879999999999,0,4,66.60855813953488,0.015010292692328104,0.0038598451392317552,-2.3747347511611683e-18,0.00021629486424889268,PARELHEIROS
5311475028,5311475041,0,271.65700000000004,0,2,67.58772093023256,0.014792834256394447,0.0004772130756382725,5.376864311122007e-19,0.00012134197832491059,PARELHEIROS
5311475042,5311475299,0,579.701,0,4,66.57506976744186,0.0150178431202685,0.005753663521502208,1.5275748330259906e-18,0.00021117625831066256,PARELHEIROS
5311475042,5311475057,0,158.84499999999997,0,2,67.57023255813954,0.014796662903714309,0.0004772130756382725,3.359769651370897e-18,0.00012027931446598634,PARELHEIROS
5311475183,5311485221,0,1614.9489999999998,0,4,67.62232558139534,0.014785264258398217,0.0009535150045927488,2.1988012272603907e-18,0.0002230460088586772,PARELHEIROS
5311475260,5311485221,0,413.05,0,4,66.62474418604651,0.015006646039742201,0.0033276215825592858,4.797841580327016e-18,0.0002125281876056306,PARELHEIROS
5311475260,5311483948,0,1453.174,0,4,65.64409302325582,0.015230828966349901,5.865506776938194e-05,-1.9887076876093875e-18,0.00021148595003387804,PARELHEIROS
5311475299,5311475993,0,120.14600000000002,0,4,65.59758139534884,0.01524162830733975,0.006149556755611667,-2.4988921623267938e-18,0.0002084544437210728,PARELHEIROS
5311475299,5311476292,0,407.0640000000001,0,5,66.56539534883721,0.015020025769378042,0.00015535050958725624,5.2228589191244286e-18,0.00023822246692115605,PARELHEIROS
5311475346,5311476146,0,363.454,0,4,66.57525581395349,0.015017801152463936,0.0004736823822385621,8.14009663103616e-18,0.00017546253513047626,PARELHEIROS
5311475346,5311476095,0,177.026,0,4,65.59702325581395,0.015241757992421664,0.000940189484342229,5.257348161921986e-18,0.00017376115771652705,PARELHEIROS
5311475346,5311475712,0,105.063,0,5,66.57860465116279,0.015017045772089644,3.644586735184897e-06,7.825963021474976e-18,0.00021098966143316347,PARELHEIROS
5311475358,5311476292,0,80.007,0,3,67.54939534883721,0.014801227284495342,0.0004772130756382725,-1.7857516353029407e-18,0.00014758952916760313,PARELHEIROS
5311475399,5494626570,0,87.315,0,4,65.59590697674419,0.015242017369206247,0.0002498819780311145,1.3165602317859214e-17,0.00017707853797521424,PARELHEIROS
5311475401,5311476225,0,92.018,0,6,65.5819534883721,0.015245260324025612,0.0013945099995501212,3.9040469612688595e-17,0.00022399308686571462,PARELHEIROS
5311475401,5311475775,0,216.78199999999998,0,5,66.55218604651162,0.01502300694960835,0.0005023835027781431,2.7148887733122413e-17,0.00019539232840659176,PARELHEIROS
5311475401,5311475911,0,131.572,0,6,65.58772093023256,0.015243919735401408,0.00020831091058291177,3.802143652229442e-17,0.00022334709578864035,PARELHEIROS
5311475401,5494626570,0,47.969,0,5,65.58251162790698,0.015245130579337657,0.0007104666266901059,2.928278238956528e-17,0.00019641479713337396,PARELHEIROS
5311475402,5311475412,0,108.33899999999998,0,3,68.50716279069768,0.014594298066948015,0.0004772130756382725,1.0473369838717862e-18,0.00013840182341565518,PARELHEIROS
5311475412,5311475578,0,410.92499999999995,0,5,67.53358139534883,0.014804693203450204,0.0,9.212079605288628e-18,0.00021567172690744669,PARELHEIROS
5311475412,5311475794,0,96.75000000000001,0,5,67.53246511627907,0.014804937917886866,0.00247831897992573,4.6327912250711185e-18,0.000214129866618248,PARELHEIROS
5311475412,5311476292,0,67.27499999999999,0,6,67.52874418604651,0.014805753691106906,0.0015487215757826322,6.825565169004688e-18,0.00026416065508429507,PARELHEIROS
5311475413,5311476087,0,20.576,0,4,63.65506976744186,0.01570674507374045,0.00880702995223883,1.52939461919379e-17,0.0001660147661985913,PARELHEIROS
5311475413,5311475883,0,157.61700000000002,0,4,64.64018604651163,0.015467374316790477,0.0055557169044474775,1.9810330712577733e-17,0.00016084034599666907,PARELHEIROS
5311475413,5311476225,0,241.484,0,5,64.6266046511628,0.015470624812878562,0.0027905006124614115,2.886309097571971e-17,0.0001940603242452818,PARELHEIROS
5311475474,5311475540,0,149.236,0,5,67.65079069767442,0.014779043129835022,5.694666773726402e-07,2.705511550887329e-18,0.00022107031518108725,PARELHEIROS
5311475474,5311475478,0,34.532000000000004,0,3,67.66344186046511,0.014776279863950442,0.0004772130756382725,3.431516764347434e-18,0.00014096073802949015,PARELHEIROS
5311475498,5311475515,0,266.235,0,2,70.5946046511628,0.014162753066312466,0.0004772130756382725,4.449852165184066e-18,0.0001346069282697625,PARELHEIROS
5311475515,5494626524,0,179.395,0,2,70.5946046511628,0.014162753066312466,0.0004772130756382725,-2.504108559236348e-18,0.0001346069282697625,PARELHEIROS
5311475530,5311475540,0,70.475,0,4,67.63702325581396,0.01478205138784593,0.00016958717652157225,-1.2829949314599144e-18,0.00018504230575535052,PARELHEIROS
5311475530,5311475549,0,92.34800000000001,0,4,68.59739534883721,0.014575100824222765,0.0006409916920506438,-2.5110231751014024e-18,0.00019426968284521153,PARELHEIROS
5311475549,5311476291,0,294.157,0,4,69.54083720930232,0.014377364346062679,0.001220367089609568,2.6623669760654406e-18,0.00020593138862283223,PARELHEIROS
5311475573,5311475999,0,508.9989999999999,0,5,64.61972093023256,0.015472272846362692,7.175280134895266e-06,2.4836523407153683e-17,0.00020043111744431853,PARELHEIROS
5311475573,5311476087,0,352.202,0,5,63.645767441860464,0.015709040737103035,0.008829466939327311,2.040928349069718e-17,0.00020083809882663574,PARELHEIROS
5311475573,5311476095,0,120.15699999999998,0,5,64.62027906976745,0.015472139208945856,0.008614322428615928,2.0891366403740094e-17,0.0002033749210856923,PARELHEIROS
5311475573,5311475911,0,146.98600000000002,0,6,64.6193488372093,0.01547236193925644,0.00024623739129592964,3.2410910656377974e-17,0.00022733936209961468,PARELHEIROS
5311475576,5311475999,0,196.79700000000003,0,4,65.60111627906977,0.015240807019733073,0.0037256787900427613,2.0985884943902352e-17,0.00017158045141731255,PARELHEIROS
5311475576,5311475578,0,11.344999999999999,0,4,66.5713488372093,0.015018682525620351,0.0006015845979764571,9.70833389617522e-18,0.00017555185226182836,PARELHEIROS
5311475576,5311475794,0,87.20699999999998,0,4,66.56613953488372,0.015019857850768462,0.0029259197883406253,1.3143291246656102e-17,0.00017409921407111596,PARELHEIROS
5311475578,5311476146,0,240.43599999999998,0,4,67.54381395348837,0.014802450364690068,0.00013302741583424876,4.7618195164681964e-18,0.00017655076868770115,PARELHEIROS
5311475580,5311475791,0,132.745,0,3,64.63888372093024,0.015467685948985994,0.0004772130756382725,1.0540183789544439e-17,0.00013075943007872365,PARELHEIROS
5311475688,5311475998,0,1.311,0,4,68.55181395348838,0.014584792083937188,0.0015211593885977965,3.2176116545986794e-18,0.00019863563171126865,PARELHEIROS
5311475688,5311476145,0,175.89999999999998,0,4,67.56948837209302,0.014796825868838556,0.003934445273967571,-1.960194757350014e-18,0.0002051424825430891,PARELHEIROS
5311475688,5311476291,0,313.502,0,4,68.55460465116279,0.014584198371150752,0.002163631694009609,4.1593580472605733e-19,0.000207207293346996,PARELHEIROS
5311475712,5311475860,0,263.574,0,5,67.55962790697674,0.014798985495672384,0.0004863245424762347,5.3169831051204836e-18,0.0002120389852042267,PARELHEIROS
5311475712,5311475973,0,91.148,0,5,67.56297674418605,0.014798251966812703,0.0014285641068570052,1.0664524219721995e-17,0.00021554001964953917,PARELHEIROS
5311475712,5311475834,0,94.33700000000002,0,5,67.56948837209302,0.014796825868838556,0.00047072115551622436,-5.859189575546696e-20,0.00021503954125501546,PARELHEIROS
5311475744,5311475993,0,275.467,0,2,65.61413953488372,0.015237781986866133,0.0004772130756382725,2.273836096524499e-18,0.0001175574998763966,PARELHEIROS
5311475745,5311475750,0,58.423,0,2,69.53693023255813,0.014378172147441814,0.0004772130756382725,-2.0153119141776657e-18,0.00011130120529174787,PARELHEIROS
5311475750,5311475834,0,63.01,0,4,68.54493023255814,0.014586256782175127,0.00010569301532036202,-2.3492238069436905e-19,0.00019184275203146153,PARELHEIROS
5311475750,5311475998,0,89.911,0,4,68.54902325581395,0.01458538584506488,0.001043946312959524,1.5149131013612711e-18,0.00019832951846823668,PARELHEIROS
5311475770,5311476145,0,2.754,0,4,66.584,0.015015828930199027,0.0048758875850000195,-3.838252284437387e-18,0.00019796870975254848,PARELHEIROS
5311475770,5311475973,0,80.923,0,4,66.58827906976744,0.015014863988913475,0.0018886931821740984,2.0480035850045027e-18,0.0001853248327715291,PARELHEIROS
5311475770,5311476095,0,79.243,0,4,65.59851162790697,0.015241412170440623,0.007212409362259963,5.2939266664439196e-18,0.00018095413330366996,PARELHEIROS
5311475775,5311475794,0,489.59399999999994,0,4,67.52986046511629,0.014805508949701493,1.8222933675924487e-05,1.5312326553069488e-17,0.00016951022861731702,PARELHEIROS
5311475775,5311475926,0,102.58599999999998,0,4,66.56893023255815,0.015019228189420024,2.3575920443227303e-05,1.636617697281547e-17,0.00016524609055693822,PARELHEIROS
5311475787,5311475791,0,106.572,0,5,63.65525581395349,0.01570669916731697,5.5352161040620625e-05,8.412824127644963e-18,0.00020846860434758636,PARELHEIROS
5311475791,5494626570,0,95.856,0,5,64.62251162790697,0.015471604682362831,9.111466837962243e-07,1.3873920426932993e-17,0.0002039503919332523,PARELHEIROS
5311475791,5311476225,0,45.763000000000005,0,6,64.61990697674419,0.015472228300300577,0.000978571538397145,2.559703419805036e-17,0.00023189645040058937,PARELHEIROS
5311475834,5311475860,0,317.664,0,4,68.5393488372093,0.014587444591326252,0.00010580690865583655,2.555411300678622e-18,0.00017872858006834477,PARELHEIROS
5311475860,5311476146,0,162.26600000000002,0,4,67.55460465116279,0.014800085925322082,0.0001242576290027101,3.0351094539948562e-18,0.00017640899830201096,PARELHEIROS
5311475883,5311475911,0,88.256,0,5,65.59944186046512,0.015241196039671353,0.005126452923043982,2.560077350440705e-17,0.0001909929573884751,PARELHEIROS
5311475883,5311476225,0,129.70999999999998,0,5,65.59181395348837,0.015242968492948638,3.519304066162916e-05,2.985505905556338e-17,0.00019161616847078922,PARELHEIROS
5311475911,5311475926,0,211.91899999999998,0,5,65.59590697674419,0.015242017369206247,0.0046429757139546095,2.6859677036758363e-17,0.00019424871179595475,PARELHEIROS
5311475926,5311475999,0,265.349,0,4,65.60372093023256,0.015240201917077874,0.00418797183873387,1.284396624783824e-17,0.00016640462896130593,PARELHEIROS
5311475973,5311475998,0,144.90799999999996,0,4,67.56632558139535,0.014797518510665833,9.111466837962244e-06,4.2154570781336e-18,0.00018848440157550825,PARELHEIROS
5311475974,5311475976,0,39.230000000000004,0,4,61.69637209302326,0.01620539295213167,0.009957238747196088,-4.3905600187143066e-18,0.00017889341272516558,PARELHEIROS
5311475976,5311475981,0,52.767,0,4,62.668651162790695,0.015953972758903232,0.00016719541647660716,-1.4616855682332453e-18,0.00018046151514729887,PARELHEIROS
5311475981,5311476087,0,153.573,0,4,62.67702325581396,0.015951841704537697,0.018079314179891105,5.93965856705569e-18,0.00017431266130189983,PARELHEIROS
5311476097,5311476145,0,457.169,0,2,67.57674418604651,0.014795237111982931,0.0004772130756382725,-3.00061638560057e-18,0.00011409996538003884,PARELHEIROS
5311476280,5311476291,0,210.588,0,2,69.54753488372093,0.014375979754853966,0.0004772130756382725,2.3022184818462307e-18,0.00011616477618394576,PARELHEIROS
5311476292,5311476297,0,62.666,0,3,67.54939534883721,0.014801227284495342,0.0004772130756382725,-7.204309456453543e-20,0.00014758952916760313,PARELHEIROS
5311481066,5311482268,0,642.6739999999999,0,4,62.70493023255814,0.01594474229985254,0.004221798159369805,9.271886822112924e-19,0.00021496890550403423,PARELHEIROS
5311481066,5311481117,0,759.5179999999999,0,2,62.70939534883721,0.015943606981484174,0.0004772130756382725,-3.1239503909321113e-18,0.00011500571543190636,PARELHEIROS
5311482106,5311482268,0,1588.0259999999992,0,4,63.690232558139535,0.015698073524471643,0.0032744333948926813,-2.055043018604787e-18,0.0002193741861334784,PARELHEIROS
5311482106,5311483948,0,27.918999999999997,0,4,64.672,0.015459765485656422,0.000979482685080941,-1.8779270805513194e-18,0.00021537925879951684,PARELHEIROS
5311482268,12374165699,0,1614.515,0,2,63.69786046511628,0.015696193658434002,0.0004772130756382725,1.2243537229296212e-18,0.00012052799144385757,PARELHEIROS
5311485293,5311485316,2,212.509,0,3,67.69060465116279,0.014770350459134173,0.0009541983646055959,1.0747338229445443e-18,0.00018550608704759038,PARELHEIROS
5311485293,5311485316,3,354.68399999999997,0,3,67.69060465116279,0.014770350459134173,0.0,2.138715761619602e-18,0.00018550608704759038,PARELHEIROS
5311485293,5494626541,0,110.687,0,4,66.69153488372093,0.014991617080512292,0.0014309558669019702,-5.8193071891714065e-18,0.00022825970865744937,PARELHEIROS
5311485316,5311486772,0,894.9429999999999,0,2,68.69004651162791,0.01455544149790498,0.0004772130756382725,-6.976535183824698e-19,0.00013354451070255705,PARELHEIROS
5311489793,5311489796,0,115.03800000000001,0,2,62.754976744186045,0.015932026515825298,0.0004772130756382725,1.6116942334628981e-18,0.00013746302150830078,PARELHEIROS
5312162777,5312162793,0,75.23599999999999,0,2,36.246883720930235,0.027583445826297178,0.0004772130756382725,2.6580003538597673e-18,0.00013759949380180887,PARELHEIROS
5312162793,5312162817,0,310.245,0,4,35.247441860465116,0.02836557493863978,0.0014309558669019702,-2.4779639521955492e-18,0.0002385204910104551,PARELHEIROS
5312162793,7983993577,0,149.572,0,2,36.246883720930235,0.027583445826297178,0.0004772130756382725,7.5579077223336105e-19,0.00013759949380180887,PARELHEIROS
5312162817,5506339387,0,420.164,0,4,34.6626976744186,0.028844089484305894,0.0013553306921468837,-5.373210450676224e-18,0.00022080912897045582,PARELHEIROS
5312162817,5312166796,0,139.595,0,4,34.817488372093024,0.028715855170350104,0.001470590747647106,-4.959059957540283e-18,0.0002168411088005768,PARELHEIROS
5312164267,5312164292,0,61.403000000000006,0,4,38.48781395348837,0.02597741598669709,4.5557334189811215e-07,5.12976726225009e-18,0.00022491144319519523,PARELHEIROS
5312164267,5312164304,0,211.60899999999998,0,4,37.48893023255814,0.026669578120425006,0.0009537427912636978,3.528382265618323e-18,0.00021927881422630134,PARELHEIROS
5312164267,5312164284,0,110.354,0,2,38.48818604651163,0.025977164844301362,0.0004772130756382725,7.200120841481908e-18,0.00012273812228346244,PARELHEIROS
5312164292,8950414214,0,468.28800000000007,0,2,38.48818604651163,0.025977164844301362,0.0004772130756382725,2.8010934150498735e-18,0.00012273812228346244,PARELHEIROS
5312164292,5312164304,0,164.964,0,4,37.48893023255814,0.026669578120425006,0.0009537427912636978,3.7861290856061685e-18,0.00021927881422630134,PARELHEIROS
5312164304,5312165854,0,5.778,0,4,36.49041860465116,0.02739935554921075,0.0023837875114818717,-1.1406475302494872e-18,0.0002109351736277594,PARELHEIROS
5312164532,5312165544,0,44.137,0,4,41.82716279069768,0.023903460975620607,0.0003193569126705766,-9.162604758267986e-18,0.0002097882439874693,PARELHEIROS
5312164533,5312165601,0,91.852,0,4,41.74548837209302,0.023950227736627715,0.024860751160715455,-6.666610185450265e-18,0.00020869577611898728,PARELHEIROS
5312164533,5312164578,0,543.968,0,2,42.653953488372096,0.023440123874119468,0.0004772130756382725,-4.6234066448817666e-18,0.00011579778232535427,PARELHEIROS
5312165344,7954399454,0,102.986,0,2,39.309209302325584,0.0254345984371968,0.0004772130756382725,8.323447816956488e-19,0.0001220903011568001,PARELHEIROS
5312165409,5312165409,0,516.876,0,1,39.777488372093025,0.025135170530018146,0.0,-8.4713514821195345e-19,8.737912468993509e-05,PARELHEIROS
5312165544,5312165601,0,367.192,0,4,41.33562790697675,0.02418770450852691,0.029012277132097475,-1.267007054670072e-17,0.00020538379671054574,PARELHEIROS
5312165593,5312165918,0,621.8760000000001,0,4,33.904,0.029489557382266756,0.05418691832538073,-4.6447980979785655e-18,0.0001933869908633235,PARELHEIROS
5312165601,5312167884,0,183.284,0,4,41.416558139534885,0.024140440403568508,0.021195208051803246,-9.890053739559101e-18,0.00021258696490907746,PARELHEIROS
5312165854,5494714367,0,538.944,0,4,35.52781395348837,0.0281417245315822,0.03685030258611902,-2.7443003074130078e-18,0.00021064037289842422,PARELHEIROS
5312165885,5494714367,0,153.583,0,4,34.5953488372093,0.028900242000537778,0.03773798724280749,-4.964789856193246e-18,0.00020672858111259277,PARELHEIROS
5312165885,5312165918,0,252.414,0,4,34.02195348837209,0.029387317628015837,0.04222470130049105,-1.879386882134663e-18,0.00019729536806402858,PARELHEIROS
5312166080,5312166095,0,188.43999999999997,0,2,44.18976744186047,0.02262546311889525,0.0004772130756382725,-5.997251635929149e-19,0.00012760807481928898,PARELHEIROS
5312166080,5506361999,0,588.837,0,4,43.19144186046512,0.023148427337026285,0.004286717360590287,4.152306896170414e-18,0.00022933963744329716,PARELHEIROS
5312166080,5506361977,0,51.781,0,4,44.1886511627907,0.022626034675850688,0.0033357080093779773,5.447365153317807e-18,0.000239070263842664,PARELHEIROS
5312166453,5506339423,0,67.253,0,4,40.00372093023256,0.024993023904753046,0.027884960897570598,1.0448927920649389e-17,0.00023611759181456615,PARELHEIROS
5312166736,5506361999,0,26.418000000000003,0,4,42.1953488372093,0.023694885361552027,0.006186002622963516,9.862087727925105e-18,0.00021476558185063956,PARELHEIROS
5312166736,8953766667,0,589.4850000000001,0,5,41.628093023255815,0.024017769752984343,0.002293014523108673,1.355900503047055e-17,0.00025278760955605627,PARELHEIROS
5312166755,5506361977,0,190.29200000000003,0,2,45.1873488372093,0.022125970635946672,0.0004772130756382725,-4.146786172385058e-18,0.00013202699039510467,PARELHEIROS
5312166796,5312167060,0,327.19800000000004,0,4,34.70586046511628,0.02880821682820139,0.021837794250550532,-2.249187648404875e-18,0.00021037751763405436,PARELHEIROS
5312167025,5312167078,0,262.12,0,4,35.65544186046512,0.02804099181833361,0.01514906644480245,-1.870728401223001e-18,0.00021654086932753307,PARELHEIROS
5312167025,7963004033,0,312.34399999999994,0,2,36.19497674418604,0.027623003063511318,0.0004772130756382725,1.444065118390763e-18,0.00011751435627955072,PARELHEIROS
5312167060,5312167078,0,158.09300000000002,0,4,35.13283720930232,0.02845810452290046,0.015972515260283288,1.6423972615179487e-18,0.0002140487204618358,PARELHEIROS
5312167080,7895608535,0,6.62,0,5,34.51739534883721,0.028965509806986433,0.14589235143610954,-1.3223312681210079e-18,0.0002143664097946732,PARELHEIROS
5312167080,5494714529,0,58.744,0,5,34.00502325581395,0.02940194882288253,0.025757661177577364,-6.292206588443253e-19,0.00020778903220048587,PARELHEIROS
5312167080,5312167098,0,276.399,0,5,34.24353488372093,0.02919715960643055,0.04731994744961501,2.7235584950610537e-18,0.00021506390534182786,PARELHEIROS
5312167098,5494714537,0,7.283,0,4,34.29469767441861,0.029153601614460706,0.08246344451031276,-2.521681021194624e-18,0.00019512212325000362,PARELHEIROS
5312167098,5494714529,0,328.48900000000003,0,4,34.29153488372093,0.02915629052122159,0.035501349920758714,-5.699520123717569e-18,0.00017414101665707063,PARELHEIROS
5312167118,5506339423,0,245.697,0,4,40.67720930232558,0.024579216977680205,0.02710706941627957,1.0833656974815416e-17,0.00022870659979137105,PARELHEIROS
5312167118,7963004043,0,253.12700000000004,0,2,41.50809302325582,0.024087205184979338,0.0004772130756382725,1.37890948640318e-17,0.00012208397194456546,PARELHEIROS
5312167148,5312167265,0,296.107,0,4,41.717953488372096,0.023966035480792385,0.022234484738008313,-4.140149692807703e-18,0.00021917471745817852,PARELHEIROS
5312167148,7963059284,0,183.995,0,2,42.192,0.02369676605727086,0.0004772130756382725,-5.637363425164606e-19,0.00011650189385706569,PARELHEIROS
5312167161,5312167221,0,175.809,0,4,35.077767441860466,0.028502781858780225,0.03437699491295417,-5.076448527013235e-19,0.00023857279676576122,PARELHEIROS
5312167161,5312167165,0,105.995,0,4,35.136372093023255,0.02845524150419892,0.035066505165916965,1.2669073821346753e-18,0.0002341302822094632,PARELHEIROS
5312167161,7891838685,0,143.66500000000002,0,2,35.608,0.028078351872848014,0.0004772130756382725,1.807345792820161e-18,0.00012901837698497682,PARELHEIROS
5312167165,7892327059,0,253.215,0,2,35.66158139534884,0.02803616425206463,0.0004772130756382725,2.0297108667317504e-18,0.00012567670659621602,PARELHEIROS
5312167221,5494714391,0,306.346,0,4,35.008372093023254,0.02855928150077058,0.033723930527343224,-3.167957237312097e-18,0.00023948728577691605,PARELHEIROS
5312167221,5494714523,0,340.359,0,2,35.544372093023256,0.028128614872468607,0.0004772130756382725,7.311317474364289e-19,0.00013011922115251407,PARELHEIROS
5312167239,5312167242,0,19.574,0,4,37.06753488372093,0.026972766239372007,0.03099971583612799,-1.4045762643984553e-18,0.00022599300327894533,PARELHEIROS
5312167239,5506361951,0,61.974,0,2,37.949209302325585,0.026346107649391843,0.0004772130756382725,2.151086083940017e-18,0.0001265724218899136,PARELHEIROS
5312167242,8946412941,0,79.367,0,2,37.098418604651165,0.02695031192955006,0.0004772130756382725,-2.1748351399523852e-18,0.00011998538276076136,PARELHEIROS
5312167265,5312167616,0,456.587,0,4,42.2353488372093,0.023672444552122106,0.0014309558669019702,-3.351035473673672e-18,0.000241853970519426,PARELHEIROS
5312167278,5312167285,0,109.66900000000001,0,2,44.097488372093025,0.02267280950452275,0.0004772130756382725,-7.927859060416905e-19,0.00011241461831222604,PARELHEIROS
5312167285,5312168192,0,308.586,0,4,43.098418604651165,0.02319839070337659,0.0010327847660830203,8.983032382951193e-18,0.0001929635143617325,PARELHEIROS
5312167286,13340877668,0,302.73300000000006,0,2,40.57674418604651,0.02464007336084365,0.0004772130756382725,3.928201276568881e-18,0.00012075532800904162,PARELHEIROS
5312167459,5312167462,0,40.248000000000005,0,2,42.94213953488372,0.023282816466938746,0.0004772130756382725,9.21860438422495e-18,0.00012885633555897628,PARELHEIROS
5312167462,8953766667,0,87.619,0,5,41.9426976744186,0.023837616770610623,0.0014309558669019702,1.2044281390856939e-17,0.0002700188928072296,PARELHEIROS
5312167462,13340877676,0,55.714,0,2,42.94213953488372,0.023282816466938746,0.0004772130756382725,2.3616444980404206e-18,0.00012885633555897628,PARELHEIROS
5312167517,8950168593,0,154.952,0,4,41.415813953488374,0.024140874174565383,0.02425449693598454,7.668677762545831e-18,0.00018831322172649406,PARELHEIROS
5312167536,5312167852,0,293.02000000000004,0,2,43.928372093023256,0.022760095716070558,0.0004772130756382725,5.928955945230558e-18,0.00011165421085570631,PARELHEIROS
5312167588,6718187077,0,499.129,0,4,43.38102325581395,0.02304726533518032,0.0002624102449333126,4.431104922910776e-18,0.00018919315137462338,PARELHEIROS
5312167588,5312167872,0,569.644,0,5,44.37823255813954,0.022529377486553225,1.0250400192707523e-06,7.960159224740813e-18,0.00023932185152205281,PARELHEIROS
5312167588,5312167852,0,103.416,0,4,43.926883720930235,0.022760866895094174,0.0002165112307370778,4.668469977611676e-18,0.00019765222471255253,PARELHEIROS
5312167589,5312167852,0,485.38699999999994,0,4,42.93023255813954,0.023289274106175515,0.001167520581949387,-7.40214560090619e-19,0.00019446512458445018,PARELHEIROS
5312167589,5312167879,0,25.481,0,5,42.38437209302326,0.023589212346806193,0.0012955366910227565,1.0050054588678264e-17,0.0002180692159406036,PARELHEIROS
5312167589,5312167600,0,213.98,0,4,42.39869767441861,0.02358124207413128,0.0013699090390876232,7.6225191336e-18,0.0001874033755305988,PARELHEIROS
5312167591,5312167872,0,32.173,0,3,45.37711627906977,0.02203343966019139,0.0004772130756382725,3.145403358220156e-18,0.0001540533747573994,PARELHEIROS
5312167592,5312167871,0,68.612,0,2,44.38027906976744,0.022528338587430412,0.0004772130756382725,1.5703820505505672e-18,0.00011085770807848845,PARELHEIROS
5312167598,5312167872,0,35.719,0,3,45.37711627906977,0.02203343966019139,0.0004772130756382725,9.940826564656934e-18,0.0001540533747573994,PARELHEIROS
5312167611,5312167616,0,34.924,0,2,43.23479069767442,0.023125217847814208,0.0004772130756382725,-4.868292329811129e-18,0.00013918114691831318,PARELHEIROS
5312167616,7963059276,0,87.036,0,2,43.23479069767442,0.023125217847814208,0.0004772130756382725,5.518961584345669e-19,0.00013918114691831318,PARELHEIROS
5312167871,6718187077,0,40.825,0,4,43.38139534883721,0.023047067653050285,0.0023827624714626012,1.3473453058837732e-18,0.000193488044224536,PARELHEIROS
5312167871,5312167872,0,85.322,0,5,44.37916279069768,0.022528905247801188,0.0014299308268826995,8.071133064353503e-18,0.0002442003440096816,PARELHEIROS
5312167879,6718187077,0,107.303,0,5,42.384,0.023589419438664876,0.0031191967786408994,6.737358503464192e-18,0.00021803000154951922,PARELHEIROS
5312167884,5312167897,0,218.86599999999999,0,4,41.99218604651163,0.023809523809523808,0.0014309558669019702,-3.8522659742031595e-19,0.0002358326675027877,PARELHEIROS
5312167884,5312167967,0,169.636,0,4,41.5393488372093,0.02406908103944033,0.019803431492304513,-6.222703441133491e-18,0.00021933093932267287,PARELHEIROS
5312167897,5312167909,0,50.268,0,2,42.991627906976746,0.023256015232819803,0.0004772130756382725,-4.143905989947649e-20,0.00013670849775907295,PARELHEIROS
5312167897,5312167913,0,107.982,0,2,42.991627906976746,0.023256015232819803,0.0004772130756382725,5.630645474497888e-19,0.00013670849775907295,PARELHEIROS
5312167921,5312167980,0,160.541,0,2,44.07981395348837,0.022681900484955407,0.0004772130756382725,-5.344556628027199e-19,0.00014429079839213527,PARELHEIROS
5312167967,5312168047,0,200.63400000000001,0,4,42.08167441860465,0.023758891900136612,0.0023837875114818717,-8.418892743701575e-18,0.00023174673453771533,PARELHEIROS
5312167967,5312168051,0,421.635,0,4,41.6193488372093,0.024022815863820046,0.019554005087615296,-7.923255592385334e-18,0.00021952443897214343,PARELHEIROS
5312167980,5312168047,0,81.058,0,4,43.08037209302326,0.023208108586654688,0.0014309558669019702,-5.52317735769072e-18,0.00025583076335089256,PARELHEIROS
5312167980,5312168031,0,638.7860000000001,0,2,44.07981395348837,0.022681900484955407,0.0004772130756382725,-1.547594003432483e-18,0.00014429079839213527,PARELHEIROS
5312168047,7931261888,0,125.67,0,2,43.08074418604651,0.023207908135723508,0.0004772130756382725,-2.245502371417759e-18,0.0001321047663304869,PARELHEIROS
5312168051,5506361976,0,599.198,0,4,41.68148837209302,0.023987002204983083,0.019520064873643887,-1.6626524972662887e-18,0.00021342355650241557,PARELHEIROS
5312168051,7931241099,0,87.279,0,2,42.15293023255814,0.023718729587062833,0.0004772130756382725,1.5729556242663177e-18,0.00011988247076491498,PARELHEIROS
5312168170,5312168184,0,61.482,0,5,42.99944186046512,0.02325178909839825,0.0010742419401957484,2.2620649522388516e-18,0.0002288197566187464,PARELHEIROS
5312168184,5312168192,0,110.095,0,5,42.63944186046512,0.02344810133209999,0.002457362606198417,6.2965121085283386e-18,0.00022124184818353453,PARELHEIROS
5312176456,5846948407,0,42.022999999999996,0,4,34.91423255813954,0.028636286128399694,0.00047265734221929134,-6.39527549920319e-19,0.00017255707948652012,PARELHEIROS
5312184076,8706766829,0,8.872,0,5,34.21172093023256,0.029224310449839034,5.261872098923195e-05,-2.965745876009594e-17,0.00018389869778100788,PARELHEIROS
5312184076,8706766831,0,7.147,0,6,33.63460465116279,0.02972575310035069,0.22841160368080482,-4.111379579367292e-17,0.00021365135442891615,PARELHEIROS
5494626564,5494626569,0,105.748,0,2,62.74288372093023,0.015935097244420195,0.0004772130756382725,4.466749203593338e-18,0.00012541249341097948,PARELHEIROS
5494626578,5494626587,0,163.055,0,2,66.7099534883721,0.014987477898071764,0.0004772130756382725,2.539868685790624e-18,0.00013510174008544922,PARELHEIROS
5494645024,5494645037,0,266.787,0,4,59.861581395348836,0.016702097241387884,0.0014309558669019702,1.7176995210870356e-18,0.00022829590965897564,PARELHEIROS
5494645036,5494645037,0,47.461,0,2,60.861023255813954,0.016427820302756108,0.0004772130756382725,3.3561715381661887e-18,0.0001346995949164345,PARELHEIROS
5494645037,5494645038,0,56.439,0,2,60.861023255813954,0.016427820302756108,0.0004772130756382725,-9.552737011694055e-20,0.0001346995949164345,PARELHEIROS
5494645051,5494645054,0,107.793,0,2,52.70176744186047,0.01897116552288966,0.0004772130756382725,7.90966745547478e-19,0.00011986579026710633,PARELHEIROS
5494645054,5506628208,0,697.84,0,4,52.628093023255815,0.018997723384097626,0.12961038798334196,9.11758153394532e-19,0.0002181091245441252,PARELHEIROS
5494645055,5494645063,2,358.396,0,3,51.99516279069768,0.019228980155577977,0.0,2.2693113224934085e-18,0.0001804259732429654,PARELHEIROS
5494645055,5494645063,3,120.39,0,3,51.99516279069768,0.019228980155577977,0.0009541983646055959,9.156992347742364e-19,0.0001804259732429654,PARELHEIROS
5494645068,5494645074,0,103.579,0,2,44.00130232558139,0.022722371853687206,0.0004772130756382725,-1.3106749509164439e-18,0.00012627163707508177,PARELHEIROS
5494645075,5494645079,0,84.221,0,2,42.59832558139535,0.023470733646043518,0.0004772130756382725,-6.529322961526066e-18,0.00011689248541955659,PARELHEIROS
5494677426,5864706654,0,373.537,0,2,38.814511627906974,0.025758766800237743,0.0004772130756382725,-7.798889088186704e-19,0.00011384766021255285,PARELHEIROS
5494714367,5494714373,0,109.974,0,2,35.563162790697675,0.028113752406461873,0.0004772130756382725,8.689953692897974e-20,0.00011681069258523346,PARELHEIROS
5494714378,5494714380,0,111.80199999999999,0,2,35.95590697674419,0.027806667598039975,0.0004772130756382725,7.258410106695073e-19,0.00012360326064923425,PARELHEIROS
5494714382,5494714390,0,201.81600000000003,0,2,35.35013953488372,0.02828316851484419,0.0004772130756382725,2.1155046593395034e-18,0.0001282697507251355,PARELHEIROS
5494714390,5494714391,0,69.941,0,4,34.907162790697676,0.02864208585164103,0.03381299511568431,-4.716467856251073e-18,0.0002376378153495374,PARELHEIROS
5494714391,5494714403,0,144.637,0,2,35.460837209302326,0.02819487728355421,0.0004772130756382725,3.601766683761217e-18,0.00012993286599613158,PARELHEIROS
5494714537,5494714550,0,193.741,0,2,34.94939534883721,0.028607474993745108,0.0004772130756382725,3.1583495172806586e-20,0.00011485799434364418,PARELHEIROS
5494728711,6278680461,0,113.159,0,4,40.78176744186047,0.024516199669711043,2.9726160558851817e-05,1.8964966251421904e-18,0.0001809969762213815,PARELHEIROS
5494746573,5494746584,0,367.62699999999995,0,2,44.80893023255814,0.022312828007706106,0.0004772130756382725,1.5093050461682124e-18,0.00012724554186794706,PARELHEIROS
5494746584,7976363060,0,295.313,0,4,43.81023255813953,0.022821471037880074,0.0033357080093779773,-6.739341847076444e-18,0.00022392713409150457,PARELHEIROS
5494746584,13361875537,0,116.055,0,4,44.80818604651163,0.022313198584976168,0.0023837875114818717,-2.0898641298400553e-18,0.00024254965779036336,PARELHEIROS
5497462524,5846949966,0,71.483,0,2,40.31516279069768,0.02479994831421267,0.0004772130756382725,3.3975664331840183e-12,0.000131245526395242,PARELHEIROS
5497462550,11770046512,0,151.126,0,4,41.40613953488372,0.024146514616414597,6.491920122048098e-06,-1.5138860060016998e-18,0.00018969811759372862,PARELHEIROS
5497462550,7308239543,0,59.266999999999996,0,4,40.99906976744186,0.024386259472704997,0.03566626747052583,-7.072277601219467e-18,0.00018990171852527278,PARELHEIROS
5497462550,5497462555,0,53.757,0,4,40.84632558139535,0.024477451502853576,0.035729933845056086,-1.761661840040837e-18,0.00019366204070036847,PARELHEIROS
5497462555,5497462556,0,125.53,0,2,41.2526511627907,0.024236356338479162,0.0004772130756382725,-2.7117770783875753e-18,0.00010856583299325409,PARELHEIROS
5497490498,5497490505,0,144.37699999999998,0,4,42.904558139534885,0.02330321058748027,0.0014309558669019702,6.031081414425638e-18,0.000250462746423518,PARELHEIROS
5497490498,8950334406,0,315.08,0,2,42.90493023255814,0.02330300849037786,0.0004772130756382725,1.3284793760276067e-17,0.00012828938894978828,PARELHEIROS
5497490505,5497490512,0,101.501,0,2,43.904,0.022772730354600312,0.0004772130756382725,-6.926753300105324e-20,0.00014273815884545938,PARELHEIROS
5497490505,5497492031,0,228.94399999999996,0,2,43.904,0.022772730354600312,0.0004772130756382725,3.3337366559011795e-18,0.00014273815884545938,PARELHEIROS
5497511288,5497511290,0,23.271,0,2,39.909953488372096,0.025051744392026704,0.0004772130756382725,5.901233989025093e-17,0.00011344992786084552,PARELHEIROS
5497511294,5497511304,0,119.319,0,2,38.81153488372093,0.025760742430924397,0.0004772130756382725,1.146031059579455e-08,0.00011218362302503528,PARELHEIROS
5497511304,5497581632,0,33.041,0,4,38.38046511627907,0.026050073923265228,0.06346227767309082,1.1987964810711694e-08,0.00020889397057938502,PARELHEIROS
5497581632,5497581633,0,79.589,0,2,38.81302325581395,0.025759754577701084,0.0004772130756382725,2.0374191167885184e-09,0.00011727514892607936,PARELHEIROS
5497596131,5847354072,0,136.06900000000002,0,5,44.08930232558139,0.02267701915773483,0.00808164329860156,9.591605673705273e-12,0.00025046504739124084,PARELHEIROS
5497596131,6968023858,0,50.347,0,4,43.095813953488374,0.023199792781902952,0.009028096916394888,5.1637754446392455e-11,0.00021417749788820654,PARELHEIROS
5497596131,8915698922,0,240.18599999999998,0,2,44.09227906976744,0.02267548819389357,0.0004772130756382725,8.822311235227032e-12,0.00011652350150720879,PARELHEIROS
5497596135,5847354072,0,57.991,0,6,45.08372093023256,0.022176828639224183,0.0066602544718794504,2.153888687001884e-12,0.00028421938448983943,PARELHEIROS
5497596135,5497596137,0,55.441,0,3,46.08111627906977,0.021696825819787956,0.0004772130756382725,4.4788756666222353e-13,0.00015170599676428095,PARELHEIROS
5497596135,5847354068,0,57.012,0,6,46.07962790697675,0.021697526627314497,0.004286717360590287,4.868424216434507e-13,0.0002808139231894844,PARELHEIROS
5497596154,5497596155,0,63.885,0,2,46.565581395348836,0.021471093531503456,0.0004772130756382725,-1.4008724535549479e-18,0.00012925086589183563,PARELHEIROS
5499449341,5846951204,0,1536.6989999999998,0,4,46.32483720930232,0.021582676026924128,0.005163240470402254,5.5428469896862935e-18,0.00023658393646050979,PARELHEIROS
5499449346,5499449362,0,178.307,0,2,48.04576744186046,0.020809615637802717,0.0004772130756382725,2.343022736792042e-18,0.0001142095293482776,PARELHEIROS
5499449346,7843267716,0,266.459,0,4,47.10251162790698,0.02122634056940626,0.00021503061737590895,-5.725703699811888e-18,0.00019966515980036247,PARELHEIROS
5499449373,5499449374,0,120.83800000000001,0,2,47.794232558139534,0.02091913396186754,0.0004772130756382725,3.3852539035801282e-18,0.00012140354696038653,PARELHEIROS
5499449374,5499470015,0,232.635,0,4,47.08390697674419,0.021234727907822156,0.007650557023830472,-3.3267501481771896e-18,0.00022206972611171137,PARELHEIROS
5499470015,5499470125,0,171.442,0,2,47.32632558139535,0.0211259577244977,0.0004772130756382725,-1.906109370136625e-18,0.00012123098052305448,PARELHEIROS
5499470126,5499470129,0,55.745999999999995,0,2,48.74158139534884,0.020512546471948882,0.0004772130756382725,8.434049337500942e-19,0.0001193239382261764,PARELHEIROS
5499470132,8089578836,0,85.868,0,4,45.36390697674419,0.022039855473668237,0.0071038690135527376,1.0245126647412149e-18,0.00022968830914803435,PARELHEIROS
5499470132,5499470133,0,240.623,0,2,46.34120930232558,0.021575050986815694,0.0004772130756382725,5.318653195856355e-18,0.00012384659801039586,PARELHEIROS
5499470134,5499470135,0,64.459,0,2,45.436279069767444,0.022004749815739907,0.0004772130756382725,-2.564221558591465e-18,0.0001177552280814552,PARELHEIROS
5499470136,5499470140,0,133.52,0,2,47.10958139534884,0.02122315511780549,0.0004772130756382725,6.4230314538230744e-18,0.00012534168340747447,PARELHEIROS
5499715229,5499715232,0,87.526,0,2,37.02195348837209,0.02700597508455071,0.0004772130756382725,2.4525680168829378e-18,0.00011256364989336785,PARELHEIROS
5499715233,5499715235,0,89.74,0,2,38.523162790697675,0.02595357912122939,0.0004772130756382725,1.8325349822244916e-18,0.00011468356542973291,PARELHEIROS
5499715236,8706739480,0,12.823,0,2,33.38660465116279,0.029946559823463524,0.0004772130756382725,-1.553508483095154e-18,0.00011329496756164485,PARELHEIROS
5506339340,5506339346,0,87.75399999999999,0,2,38.95237209302326,0.025667601220811104,0.0004772130756382725,3.504217185650803e-18,0.0001341514651023794,PARELHEIROS
5506339346,5846950050,0,74.73,0,4,38.952,0.02566784641323609,0.0014309558669019702,-4.430278136331172e-18,0.0002592484785768392,PARELHEIROS
5506339346,8940650039,0,51.698,0,4,37.9533023255814,0.02634326638856073,0.0023837875114818717,-3.098810162872793e-18,0.00023667637150621995,PARELHEIROS
5506339387,5506339417,0,411.43699999999995,0,2,35.05916279069768,0.02851790727169489,0.0004772130756382725,-5.028636516815787e-18,0.00011988813176180958,PARELHEIROS
5506339419,5506339423,0,137.238,0,2,40.842046511627906,0.02448001603454716,0.0004772130756382725,3.909442129330578e-18,0.00012718742921853524,PARELHEIROS
5506361976,8950168613,0,113.03099999999999,0,4,42.208,0.023687783204330272,0.0014309558669019702,9.449772070373356e-19,0.00022742361091283712,PARELHEIROS
5506361977,7877840846,0,5.037,0,4,45.18660465116279,0.022126335032403098,0.0023837875114818717,5.904100976547575e-18,0.00024913115575892153,PARELHEIROS
5506361987,7877840846,0,185.13800000000003,0,2,46.18567441860465,0.021647707131578098,0.0004772130756382725,-5.054734943392129e-18,0.00013766896673554646,PARELHEIROS
5506361992,5506361995,0,83.12100000000001,0,2,47.18474418604651,0.021189347759228445,0.0004772130756382725,3.316054393804636e-18,0.00014711077065557434,PARELHEIROS
5506361992,7877840846,0,71.111,0,4,46.1853023255814,0.021647881536862628,0.0014309558669019702,4.84247649698421e-18,0.0002642149360193912,PARELHEIROS
5506361992,5506361998,0,65.60300000000001,0,2,47.18474418604651,0.021189347759228445,0.0004772130756382725,1.4781751076328308e-18,0.00014711077065557434,PARELHEIROS
5506361999,5506362014,0,123.18,0,4,43.19255813953488,0.023147829083390765,0.0014309558669019702,2.050783725559282e-18,0.00023975212861184506,PARELHEIROS
5506362013,5506362014,0,199.13600000000002,0,2,44.192,0.02262432009160871,0.0004772130756382725,6.088039933722553e-19,0.00013802056598783688,PARELHEIROS
5506362014,5506362015,0,113.47900000000001,0,2,44.192,0.02262432009160871,0.0004772130756382725,1.6884329112424832e-18,0.00013802056598783688,PARELHEIROS
5506363427,5506363427,0,101.85699999999999,0,1,41.17023255813953,0.024284875050838265,0.0,4.52663936330685e-19,8.459386573488219e-05,PARELHEIROS
5506363428,5506363438,0,24.726,0,4,41.54660465116279,0.024064877548552927,0.0014309558669019702,3.898109091684498e-18,0.0002564141134866561,PARELHEIROS
5506363428,5506363439,0,56.98599999999999,0,2,41.54697674418605,0.02406466202449455,0.0004772130756382725,-3.6764541161164855e-18,0.0001326937128904515,PARELHEIROS
5506363430,5506363438,0,51.451,0,2,42.54604651162791,0.02349957364934298,0.0004772130756382725,-4.802550474837347e-18,0.0001442852019679343,PARELHEIROS
5506363465,5506363484,0,113.95499999999998,0,4,41.817302325581394,0.023909097380410024,0.048863657718636766,-3.546097832994193e-18,0.00022500575199988708,PARELHEIROS
5506363465,5506363471,0,70.41,0,4,42.79479069767442,0.023362982671222752,0.0023837875114818717,-1.4827441921514859e-18,0.00023593827695877112,PARELHEIROS
5506363471,5506363472,0,27.829,0,4,43.79348837209302,0.02283019669484685,0.0014309558669019702,-6.611204162870223e-19,0.00025761996010784766,PARELHEIROS
5506363471,13034335363,0,36.936,0,2,43.79386046511628,0.02283000271886895,0.0004772130756382725,8.738250831101318e-19,0.0001333102792003543,PARELHEIROS
5506363472,13034335364,0,52.404,0,2,44.79293023255814,0.022320798132595677,0.0004772130756382725,3.634122660260825e-18,0.00014487448227922304,PARELHEIROS
5506363472,13034335367,0,30.881,0,2,44.79293023255814,0.022320798132595677,0.0004772130756382725,-4.689412025225748e-19,0.00014487448227922304,PARELHEIROS
5506363474,5506363484,0,110.50900000000001,0,2,41.838883720930234,0.02389676455417015,0.0004772130756382725,1.880176450587923e-20,0.00012237775424147023,PARELHEIROS
5506374648,5506374650,0,57.351,0,2,44.714046511627906,0.022360176085346472,0.0004772130756382725,2.817491199832398e-18,0.00012791044737181002,PARELHEIROS
5506374650,5506374652,0,45.281,0,4,44.69432558139535,0.02237004229245063,0.04431817469984835,6.232047112001844e-18,0.0002338092556242824,PARELHEIROS
5506374651,5506374652,0,48.921,0,2,45.674418604651166,0.02189002036659878,0.0004772130756382725,2.721858007679387e-18,0.00012646360962420203,PARELHEIROS
5506374693,12956828462,0,79.341,0,2,49.55776744186046,0.02017471740754506,0.0004772130756382725,-1.110488218812009e-18,0.00013069935304531435,PARELHEIROS
5506374693,5506374697,0,100.278,0,4,49.55739534883721,0.020174868885877217,0.0014309558669019702,-1.4741465481804753e-18,0.0002539736550802821,PARELHEIROS
5506374696,5506374697,0,134.065,0,2,50.55683720930232,0.019776038389213338,0.0004772130756382725,-1.2863815432158605e-18,0.00014383910340669747,PARELHEIROS
5506374697,5506374723,0,437.79600000000005,0,2,50.55683720930232,0.019776038389213338,0.0004772130756382725,-3.739730217798108e-18,0.00014383910340669747,PARELHEIROS
5506403648,5506403651,0,77.351,0,2,37.78772093023256,0.026458699516023417,0.0004772130756382725,-2.916449378278722e-18,0.0001236662621121287,PARELHEIROS
5506403651,5506403689,0,6.606,0,4,37.78586046511628,0.026460002264905292,0.0052368155651187995,3.3760203265760336e-18,0.0002316293851598553,PARELHEIROS
5506403652,5506403654,0,68.842,0,2,39.7806511627907,0.02513317213931279,0.0004772130756382725,1.0031502740988375e-18,0.00013098368730766826,PARELHEIROS
5506403654,6266892646,0,10.214,0,4,39.77953488372093,0.025133877417393542,0.0033357080093779773,-1.5451135846885724e-18,0.00024395816840451262,PARELHEIROS
5506403654,5506403689,0,10.463,0,4,38.78232558139535,0.025780144395672926,0.004286717360590287,2.1143441103421588e-18,0.0002389468103553949,PARELHEIROS
5506403655,5506403657,0,63.150000000000006,0,2,41.776558139534885,0.023932415642020227,0.0004772130756382725,7.769517695770437e-18,0.00013824191538327238,PARELHEIROS
5506403657,6266892650,0,13.437,0,4,41.776186046511626,0.023932628803769368,0.0014309558669019702,5.16366521480243e-18,0.00026494044867582096,PARELHEIROS
5506403657,6266892646,0,42.78,0,4,40.777488372093025,0.024518772327640877,0.0023837875114818717,1.8103321590753944e-18,0.0002512163964801167,PARELHEIROS
5506403662,7985124599,0,66.972,0,2,37.85544186046511,0.02641136661866685,0.0004772130756382725,1.971435177523007e-18,0.0001207798710248978,PARELHEIROS
5506403687,6266892650,0,87.243,0,2,42.775627906976744,0.0233734489102684,0.0004772130756382725,3.4189094307044285e-18,0.00014726333466427824,PARELHEIROS
5506403689,5506403693,0,61.47,0,2,38.78381395348837,0.025779155053894456,0.0004772130756382725,-1.9401037796021995e-18,0.0001285279244194563,PARELHEIROS
5506431923,5610747351,0,35.78,0,4,39.21283720930233,0.02549710820851264,0.0014309558669019702,-4.1225209327562076e-18,0.00023324929118734544,PARELHEIROS
5506431923,7867735960,0,38.116,0,4,38.25916279069767,0.026132666806066823,0.002161695507306542,3.994920646404711e-18,0.0002169309229913247,PARELHEIROS
5506431923,5610747349,0,37.725,0,5,39.159627906976745,0.0255317531582123,0.0031826353665002113,-1.975083486444845e-18,0.00025496275129621775,PARELHEIROS
5506431937,5610747351,0,52.565,0,2,40.21227906976744,0.02486339935505064,0.0004772130756382725,-4.130043552322857e-18,0.0001357884429284969,PARELHEIROS
5506431945,5846949522,0,79.062,0,2,41.710697674418604,0.023970204509467206,0.0004772130756382725,3.1295975089461784e-18,0.0001191105328176894,PARELHEIROS
5506628208,5588829878,0,116.577,0,4,53.47720930232558,0.018696075702755357,0.1287892170345706,1.0237224183783569e-18,0.00020550853986084892,PARELHEIROS
5506628208,5506628209,0,95.68299999999999,0,2,53.55274418604651,0.018669705328543736,0.0004772130756382725,4.797068766397409e-19,0.00011880813564874852,PARELHEIROS
5506628218,5506629128,0,39.075,0,2,68.82586046511628,0.014526719269933692,0.0004772130756382725,1.89909073553736e-18,0.00013680783016258063,PARELHEIROS
5506629124,5506629128,0,9.751,0,2,68.82586046511628,0.014526719269933692,0.0004772130756382725,-1.8323476720412487e-18,0.00013680783016258063,PARELHEIROS
5506629125,5506629128,0,55.276,0,4,67.82641860465117,0.01474077467241961,0.0014309558669019702,5.401915998873953e-18,0.0002349120304610851,PARELHEIROS
5506629130,5506629150,0,285.184,0,2,52.141209302325585,0.019175120156712185,0.0004772130756382725,6.341953124498313e-19,0.00013788326252190427,PARELHEIROS
5506629170,7825953840,0,117.082,0,4,43.244093023255815,0.023120243334753075,0.010058603815768417,2.8923564297803363e-18,0.00020950151523211838,PARELHEIROS
5506629170,7825953821,0,299.905,0,4,44.154046511627904,0.022643767275669115,0.0019074855825273957,6.161376142496964e-18,0.00021815176335353135,PARELHEIROS
5506629170,5846951799,0,1411.6779999999992,0,4,44.06511627906977,0.022689465906691998,0.008080276578575867,2.8901757520422362e-18,0.00021882597584540326,PARELHEIROS
5514951260,5514951261,0,81.908,0,2,46.751441860465114,0.021385735149568822,0.0004772130756382725,-3.658469804560606e-18,0.00014001539965394485,PARELHEIROS
5514951260,5846951425,0,265.803,0,2,46.751441860465114,0.021385735149568822,0.0004772130756382725,1.9125752647627336e-18,0.00014001539965394485,PARELHEIROS
5514951278,5846951799,0,141.61,0,2,44.97190697674419,0.022231967036785757,0.0004772130756382725,2.336994762029423e-18,0.0001225484436066604,PARELHEIROS
5515107550,5515107557,0,38.72,0,2,50.29227906976744,0.01988006851114046,0.0004772130756382725,1.9018937568058607e-18,0.0001333721816435828,PARELHEIROS
5515107556,5515107557,0,48.758,0,2,50.29227906976744,0.01988006851114046,0.0004772130756382725,-1.6800214903501092e-18,0.0001333721816435828,PARELHEIROS
5515107557,5515107558,0,11.484,0,4,49.29283720930233,0.020283148832416806,0.0014309558669019702,-6.027868408849811e-19,0.00022697654700554821,PARELHEIROS
5515159671,5515159696,0,92.18499999999999,0,2,38.5346976744186,0.025945810239276956,0.0004772130756382725,-2.078246140124236e-18,0.00013730123466206392,PARELHEIROS
5515159680,5515159696,0,56.236000000000004,0,2,38.5346976744186,0.025945810239276956,0.0004772130756382725,2.7215308747449732e-18,0.00013730123466206392,PARELHEIROS
5515159681,8940889467,0,88.954,0,4,37.44353488372093,0.026701911467313263,0.09427623347905985,4.038527577026295e-19,0.00022227065581590695,PARELHEIROS
5515159681,5515159696,0,644.6170000000001,0,4,37.53525581395349,0.026636662833577858,0.0014309558669019702,2.0118207520408566e-18,0.0002372761808881998,PARELHEIROS
5515159722,8941299661,0,118.891,0,5,38.71851162790698,0.025822633966325826,0.029056695532932542,8.401396835773686e-18,0.00024515167471134093,PARELHEIROS
5515159722,5515159746,0,335.113,0,3,39.6173023255814,0.025236800458338617,0.0004772130756382725,7.717200883883476e-18,0.00014811540089390064,PARELHEIROS
5610747348,5610747349,0,44.197,0,3,40.09972093023256,0.024933189815158487,0.0004772130756382725,-5.772496979564385e-18,0.0001577422316893912,PARELHEIROS
5610747349,13256248302,0,162.35,0,5,39.67646511627907,0.025199169093270687,0.005480775089705238,-1.9228739342393574e-19,0.0002517673728707635,PARELHEIROS
5610747349,7868100453,0,49.446000000000005,0,5,40.09860465116279,0.024933883914072287,0.0033357080093779773,-7.94087574941877e-18,0.00025977423114676996,PARELHEIROS
5610747351,5610747352,0,59.041,0,2,40.21227906976744,0.02486339935505064,0.0004772130756382725,-5.5074972808565835e-18,0.0001357884429284969,PARELHEIROS
5610747357,7867735960,0,106.299,0,2,38.2993488372093,0.026105246795136476,0.0004772130756382725,3.3012042648827054e-18,0.00011947007473247622,PARELHEIROS
5645100858,5645100860,0,41.362,0,2,38.373023255813955,0.026055125936340937,0.0004772130756382725,2.6838629038190173e-18,0.00011340772587481831,PARELHEIROS
5645100882,6283318281,0,22.291,0,5,40.056372093023256,0.02496017240818753,0.028686086619298428,9.41048074573446e-05,0.00019592728289510956,PARELHEIROS
5645100882,6283318291,0,33.715,0,5,39.91944186046511,0.025045789893133615,0.0005522687837159865,3.119833409500337e-05,0.00019681399927735737,PARELHEIROS
5645100882,5645100891,0,49.918,0,6,39.20911627906977,0.025499527874390863,0.02905840393296466,2.619392111886568e-05,0.00022848633014648607,PARELHEIROS
5645100882,6283318292,0,39.486000000000004,0,5,40.12297674418605,0.024918738204867823,0.0005947509978479855,2.672766540190899e-05,0.0001957064147478865,PARELHEIROS
5645100886,5645100891,0,49.232,0,5,39.06809302325581,0.025591572972174997,0.00535480906067041,9.308177472735063e-06,0.00019781899371627793,PARELHEIROS
5645100886,6283318291,0,30.021,0,4,39.42883720930232,0.025357429339876374,0.036131521745939275,1.4312590448866037e-05,0.00016533242735287864,PARELHEIROS
5645100891,6283318292,0,72.721,0,5,39.27125581395349,0.02545917956443674,0.04566621621852486,1.3051557382213475e-05,0.00019629631347408566,PARELHEIROS
5645100899,6283318292,0,13.214,0,4,40.0673488372093,0.024953334385824796,0.04613522897400897,2.094901713431778e-05,0.0001671338749124341,PARELHEIROS
5645100899,6283318281,0,49.66000000000001,0,4,40.85767441860465,0.024470652520377032,0.00019156859026815616,8.832615918976216e-05,0.0001673420038526451,PARELHEIROS
5645100903,6283318160,0,38.934999999999995,0,4,43.36409302325581,0.023056263460927914,6.21857611690923e-05,0.006617124353508116,0.0001609390436378613,PARELHEIROS
5645100903,6277557364,0,54.59700000000001,0,4,43.32074418604651,0.023079334676120576,0.0028389052800380857,0.014140354574927098,0.00015882735436179826,PARELHEIROS
5645100913,6277557383,0,9.436,0,4,45.95367441860465,0.02175699693523508,0.0009303946574914196,0.009569873117777369,0.00016965933910945645,PARELHEIROS
5846948021,5846948159,0,269.48699999999997,0,4,46.44093023255814,0.021528723659963143,0.07213297730276663,1.489913555124989e-19,0.00021034652767053886,PARELHEIROS
5846948159,5846948201,0,1189.437,0,4,45.52,0.0219642784158254,0.07301565065269423,1.1898860551660466e-17,0.00022027413480920125,PARELHEIROS
5846948159,7959224527,0,335.85900000000004,0,2,46.480186046511626,0.02151054112580104,0.0004772130756382725,-1.9670793515364442e-19,0.00011948516835426506,PARELHEIROS
5846948376,7308239543,0,32.149,0,4,41.36595348837209,0.024169972384884546,0.03561478768289134,-6.312416530873907e-18,0.00018903304240180209,PARELHEIROS
5846948376,11770046514,0,99.925,0,4,41.628279069767444,0.024017662411956093,2.551210714629428e-05,-9.641242929946463e-18,0.00018923126136567156,PARELHEIROS
5846948383,13322380585,0,101.059,0,2,41.45953488372093,0.024115416545132266,0.0004772130756382725,-1.3073985810574522e-18,0.00012120608251950916,PARELHEIROS
5846948387,5846948407,0,227.46500000000003,0,4,34.74176744186047,0.02877844240830687,0.00030967597915524173,9.12314384431162e-19,0.00017167948509969364,PARELHEIROS
5846948558,5846948563,0,82.032,0,2,51.74288372093023,0.019322733515989617,0.0004772130756382725,1.1751480519867703e-17,0.00011516384676815079,PARELHEIROS
5846948566,7512525248,0,58.295,0,4,49.859162790697674,0.020052762572156737,0.002584695355258939,2.221169861220979e-16,0.0001499479229068905,PARELHEIROS
5846948645,5846948650,0,127.67200000000001,0,2,41.57376744186047,0.02404915443101419,0.0004772130756382725,-3.905556177104449e-18,0.00011598287967287994,PARELHEIROS
5846948669,7319680557,0,55.39699999999999,0,4,45.184558139534886,0.022127337184549567,0.02126627749313935,2.7473887709283248e-18,0.00018267268547084067,PARELHEIROS
5846948675,6959649434,0,125.971,0,4,49.628093023255815,0.020146128786771182,0.0002871250987312852,7.33589093107225e-18,0.00016909481028741378,PARELHEIROS
5846948746,5846948756,0,74.66,0,2,39.096,0.025573305542469105,0.0004772130756382725,-1.2331792551488564e-18,0.00012191257976839759,PARELHEIROS
5846948790,5846948882,0,203.65,0,4,37.671813953488375,0.02654010647649714,0.00045750952860117915,-7.42130241998077e-18,0.00018318050867510694,PARELHEIROS
5846948790,5846948845,0,454.70099999999996,0,4,37.369302325581394,0.026754953699093895,0.00016958717652157225,-1.6950624970667788e-18,0.0001784053932685092,PARELHEIROS
5846948882,5846948883,0,130.673,0,4,37.79218604651163,0.026455573442030592,0.0017185365389751535,-3.971923451103652e-18,0.00018494682629215228,PARELHEIROS
5846949136,7333070550,0,575.9490000000002,0,4,36.54976744186047,0.027354864981802448,0.0003915652873614274,-4.287982911835768e-18,0.00017660580645676924,PARELHEIROS
5846949193,7309013554,0,7.916,0,4,40.99293023255814,0.02438991181689866,0.004357331228584493,1.181123661633092e-17,0.00018664353730809413,PARELHEIROS
5846949209,5846949213,0,53.531,0,5,50.49079069767442,0.01980190723244948,0.0014283363201860562,-1.715722713377848e-17,0.0001984877569600534,PARELHEIROS
5846949209,8934891205,0,105.217,0,4,51.417302325581396,0.019445087709141436,0.0022936978831215203,1.1108264291631252e-18,0.00016910538665922527,PARELHEIROS
5846949368,5846949399,0,64.946,0,2,41.439813953488375,0.024126892910536546,0.0004772130756382725,4.376192265904895e-18,0.0001375993934281507,PARELHEIROS
5846949368,5846949395,0,23.228,0,2,41.439813953488375,0.024126892910536546,0.0004772130756382725,1.843334740868201e-18,0.0001375993934281507,PARELHEIROS
5846949518,5846949522,0,40.257000000000005,0,4,40.99516279069768,0.024388583565162537,0.008123783832727136,3.2170259572889142e-18,0.0002073634751806296,PARELHEIROS
5846949522,5846949524,0,36.306,0,4,41.40093023255814,0.02414955286927605,0.008871607473452886,-1.0159800635935999e-18,0.00021855800350497365,PARELHEIROS
5846949524,8945679876,0,117.23899999999999,0,2,42.02474418604651,0.023791077681808725,0.0004772130756382725,-1.9801183673907294e-18,0.0001200122720590139,PARELHEIROS
5846949878,5846949971,0,216.30400000000006,0,5,38.31813953488372,0.026092445134977667,0.0033357080093779773,1.1292524087344063e-10,0.00022618175028707639,PARELHEIROS
5846949966,5846949971,0,25.888999999999996,0,4,39.31609302325582,0.025430145179913308,0.0023837875114818717,2.0032057953364096e-11,0.00022539967288757117,PARELHEIROS
5846949967,5846949971,0,47.611999999999995,0,2,39.31683720930233,0.02542966384009691,0.0004772130756382725,1.915732336354761e-11,0.0001147189478640588,PARELHEIROS
5846950050,6266892165,0,166.62199999999999,0,2,39.95144186046512,0.025025728908116364,0.0004772130756382725,-1.6606203206372848e-18,0.0001456618148461894,PARELHEIROS
5846950600,7825953821,0,2134.4029999999993,0,3,44.242232558139534,0.022598632475757142,0.0014309558669019702,6.416226373632599e-18,0.00019816780335973623,PARELHEIROS
5846950875,5846951022,0,49.828,0,2,52.64986046511628,0.018989869007360605,0.0004772130756382725,2.5059234947000488e-18,0.0001391440665737418,PARELHEIROS
5846950990,5846951122,0,286.217,0,4,50.652279069767445,0.019738775270333804,1.8222933675924486e-06,-1.1073529611479757e-18,0.00022626283387744515,PARELHEIROS
5846950990,5846951022,0,194.01000000000002,0,4,51.650418604651165,0.019357325274384864,0.0014309558669019702,2.198258109153135e-18,0.0002430962895723091,PARELHEIROS
5846951009,5846951132,0,123.02300000000001,0,2,51.65246511627907,0.019356558321807285,0.0004772130756382725,-9.812716301968345e-19,0.00013773684090358527,PARELHEIROS
5846951009,5846951097,0,429.1570000000001,0,2,51.65246511627907,0.019356558321807285,0.0004772130756382725,9.117523802800446e-19,0.00013773684090358527,PARELHEIROS
5846951022,13162311976,0,225.60799999999998,0,2,52.64986046511628,0.018989869007360605,0.0004772130756382725,6.873519433788864e-19,0.0001391440665737418,PARELHEIROS
5846951191,5846951204,0,276.19800000000004,0,2,46.48204651162791,0.021509680156579586,0.0004772130756382725,7.838423588869203e-19,0.0001280774639294055,PARELHEIROS
5846952047,5846952055,0,241.06300000000005,0,4,38.12018604651163,0.026227940028111824,0.0003111565925164106,4.600351864592311e-18,0.00018372830769427167,PARELHEIROS
5847337882,5847354064,0,133.553,0,3,48.075906976744186,0.02079656976564193,0.0004772130756382725,2.221536924434163e-14,0.00016037703994989275,PARELHEIROS
5847338485,5847354064,0,52.727000000000004,0,3,48.075906976744186,0.02079656976564193,0.0004772130756382725,2.2212570101781436e-14,0.00016037703994989275,PARELHEIROS
5847341294,5847354063,0,112.525,0,2,49.074976744186046,0.020373192608936302,0.0004772130756382725,3.902951698814144e-15,0.0001293711134710992,PARELHEIROS
5847341296,5847354063,0,48.003,0,2,49.074976744186046,0.020373192608936302,0.0004772130756382725,3.90474930736345e-15,0.0001293711134710992,PARELHEIROS
5847344818,5847354068,0,120.29400000000001,0,3,47.077953488372096,0.0212374132561926,0.0004772130756382725,1.0026907972719558e-13,0.0001509386239241667,PARELHEIROS
5847344820,5847354068,0,50.992,0,3,47.077953488372096,0.0212374132561926,0.0004772130756382725,1.0027200604008506e-13,0.0001509386239241667,PARELHEIROS
5847354061,5847354072,0,70.211,0,3,45.08613953488372,0.022175638983568405,0.0004772130756382725,1.9772716105716896e-12,0.00015434408522452172,PARELHEIROS
5847354063,5847354064,0,56.473,0,5,48.07553488372093,0.020796730726066734,0.0014309558669019702,2.3202545577670453e-14,0.00027012317640487746,PARELHEIROS
5847354064,5847354068,0,57.312,0,6,47.077023255813955,0.021237832903228355,0.002859861653765399,1.087865639657716e-13,0.0002894849663750962,PARELHEIROS
5847354072,6968023853,0,47.968,0,3,45.08613953488372,0.022175638983568405,0.0004772130756382725,1.9772613985292244e-12,0.00015434408522452172,PARELHEIROS
5864706457,5864706678,0,445.3800000000001,0,4,39.27627906976744,0.025455923452228697,0.011692517606485998,-2.947577134409017e-18,0.00023127560595129676,PARELHEIROS
5864706457,8945679860,0,244.137,0,2,39.693581395348836,0.02518830295332149,0.0004772130756382725,-1.8028349110786824e-18,0.00012416781268479932,PARELHEIROS
5864706580,5864706604,0,114.18999999999998,0,4,40.46958139534884,0.024705319872749675,0.00884677872631944,6.667715080451804e-18,0.00021181793331553374,PARELHEIROS
5864706580,8945679855,0,62.441,0,2,40.48372093023256,0.024696691176470588,0.0004772130756382725,6.154951842330736e-18,0.00011856940414669066,PARELHEIROS
5864706626,5864706678,0,228.82299999999998,0,2,39.808,0.0251159051820833,0.0004772130756382725,-4.0933076218584026e-19,0.00012767259463822712,PARELHEIROS
5998506192,5998506202,0,161.66799999999998,0,2,49.33748837209302,0.020264792280222786,0.0004772130756382725,2.413483290388146e-19,0.00012122173038074582,PARELHEIROS
5998506202,5998506212,0,146.284,0,4,49.33581395348837,0.02026548005128592,0.0028088374394728104,4.717517526421977e-18,0.00022476801556041626,PARELHEIROS
5998506204,5998506212,0,258.257,0,2,50.333767441860466,0.019863682062806788,0.0004772130756382725,-1.9865673749590892e-18,0.0001241110865514001,PARELHEIROS
6223418675,6277557314,0,11.105,0,5,45.96372093023256,0.021752241403736012,1.3667200256943365e-06,0.1588536196235171,0.0001543307303711988,PARELHEIROS
6223418675,6277557489,0,127.969,0,4,45.963906976744184,0.021752153357943137,0.001093376020555469,0.0870711600697031,0.00013466536417183756,PARELHEIROS
6228462288,6266892303,0,120.74,0,2,37.21209302325581,0.026867984901132416,0.0004772130756382725,-1.2832535488968228e-18,0.00012415837951354507,PARELHEIROS
6228463963,8921368939,0,29.751,0,2,39.61209302325582,0.02524011929643285,0.0004772130756382725,6.119050324683887e-19,0.0001370141598426534,PARELHEIROS
6242586049,6242586061,0,162.868,0,2,36.587906976744186,0.027326350045764263,0.0004772130756382725,2.5254848444729045e-18,0.00013769993623455974,PARELHEIROS
6242586049,6242586060,0,377.12200000000007,0,2,36.587906976744186,0.027326350045764263,0.0004772130756382725,3.6705065549121875e-18,0.00013769993623455974,PARELHEIROS
6266891481,6266892087,0,68.758,0,2,38.65506976744186,0.025865014848077933,0.0004772130756382725,1.991136010017403e-18,0.00013858130229577352,PARELHEIROS
6266892087,6266892088,0,39.12200000000001,0,2,38.65506976744186,0.025865014848077933,0.0004772130756382725,2.723072493261438e-18,0.00013858130229577352,PARELHEIROS
6266892171,7976407434,0,124.828,0,4,39.06939534883721,0.025590719911618206,0.0033357080093779773,2.469373583892822e-18,0.00023605656098689588,PARELHEIROS
6266892171,6266892176,0,22.667,0,4,40.0673488372093,0.024953334385824796,0.0023837875114818717,7.760973853925098e-19,0.0002482819105182026,PARELHEIROS
6266892171,6266892179,0,212.035,0,2,40.06809302325581,0.024952870926701523,0.0004772130756382725,3.042691678475292e-19,0.00013131669865311022,PARELHEIROS
6266892172,6266892173,0,41.014,0,2,42.06548837209302,0.023768033896206138,0.0004772130756382725,-4.5550645774529345e-18,0.0001470970660946868,PARELHEIROS
6266892173,6266892174,0,42.063,0,2,42.06548837209302,0.023768033896206138,0.0004772130756382725,-4.2094814428825936e-18,0.0001470970660946868,PARELHEIROS
6266892173,6266892176,0,63.323,0,4,41.06604651162791,0.02434648665790785,0.0014309558669019702,-2.9148756852489084e-18,0.00026406227795977924,PARELHEIROS
6266892176,8940650045,0,133.662,0,2,41.06641860465116,0.024346266060199698,0.0004772130756382725,-2.4176931021575764e-18,0.00013753001323682209,PARELHEIROS
6266892291,6266892303,0,29.454,0,4,36.82883720930233,0.02714758404687934,0.04948403471696652,2.9437810506335334e-19,0.00022598392680315833,PARELHEIROS
6266892291,12697029956,0,370.203,0,4,37.437209302325584,0.026706423158156294,0.0023837875114818717,-4.353593966358598e-18,0.00023485393178980627,PARELHEIROS
6266892301,9012054769,0,125.607,0,2,36.947162790697675,0.027060642224471403,0.0004772130756382725,9.451589179152302e-19,0.00012243944379041505,PARELHEIROS
6266892301,6266892303,0,47.912000000000006,0,4,36.59088372093023,0.027324126990583498,0.04953619786461385,-1.5202928573450252e-18,0.00022603302193223044,PARELHEIROS
6266892382,6266892384,0,81.202,0,2,35.926697674418605,0.027829275113150292,0.0004772130756382725,-5.0913540469039966e-20,0.00013976936247848157,PARELHEIROS
6266892383,6266892384,0,21.82,0,2,35.926697674418605,0.027829275113150292,0.0004772130756382725,4.271489650955424e-18,0.00013976936247848157,PARELHEIROS
6266892389,7984784952,0,32.22,0,2,34.15646511627907,0.02927158738718129,0.0004772130756382725,-1.8065036051779207e-18,0.00010820003702515829,PARELHEIROS
6266892418,6266892420,0,31.926000000000002,0,4,33.81060465116279,0.02957101666189774,0.009162377158919356,1.3423492002543874e-18,0.00018938587149895875,PARELHEIROS
6266892646,6266892649,0,63.469,0,2,40.778232558139536,0.024518324870085727,0.0004772130756382725,3.3284857418899884e-18,0.00013353928246857399,PARELHEIROS
6266892650,6266892651,0,53.188,0,2,42.775627906976744,0.0233734489102684,0.0004772130756382725,-1.4236060994033104e-18,0.00014726333466427824,PARELHEIROS
6277557314,6277557338,0,3.142,0,6,45.96279069767442,0.021752681643392027,0.00017733192333384016,0.18952212704915555,0.0001799946977224505,PARELHEIROS
6277557314,6277557488,0,154.27,0,8,45.03553488372093,0.022200556872918956,0.00033245464625014735,0.157593271740923,0.00023958027983607421,PARELHEIROS
6277557318,6277557337,0,15.564,0,5,46.63888372093023,0.021437347417465814,5.694666773726402e-07,0.11247871744862666,0.00016611287420171373,PARELHEIROS
6277557318,6277557338,0,13.040999999999999,0,6,46.6386976744186,0.021437432933226426,2.0273013714465992e-05,0.17385532745158794,0.00018671861815283404,PARELHEIROS
6277557337,6277557338,0,8.515,0,5,46.70530232558139,0.02140686182735091,0.0003375798463465011,0.12606403982154563,0.00016154915379975015,PARELHEIROS
6277557337,6277557379,0,148.83599999999998,0,4,46.032186046511626,0.021719888611810543,0.00017437069661150242,0.050619298496022376,0.00014192053406552306,PARELHEIROS
6277557340,6277557353,0,98.951,0,4,45.099162790697676,0.022169235338767697,0.0005613802505539487,0.0379932894315959,0.00014438646420678416,PARELHEIROS
6277557340,13151847411,0,14.943999999999999,0,4,44.29544186046512,0.022571486173179663,0.0004147995277982311,0.038286758088746896,0.00014781391608881218,PARELHEIROS
6277557353,6277557488,0,24.629,0,7,45.06772093023256,0.022184701885328128,0.0009907581252929195,0.07962994266284669,0.00022366462095684925,PARELHEIROS
6277557353,6277557489,0,23.972,0,4,45.99795348837209,0.02173605296898952,1.571728029548487e-05,0.04185781564191382,0.00014106815386657204,PARELHEIROS
6277557364,6277557488,0,26.366,0,7,44.162046511627906,0.022639665334013,0.0037878645512118537,0.0731138445883015,0.00023128667950048304,PARELHEIROS
6277557375,6277557488,0,17.198999999999998,0,7,45.10139534883721,0.02216813794241399,9.043130836677526e-05,0.0762184751212241,0.00022752727098309322,PARELHEIROS
6277557375,6277557379,0,17.059000000000005,0,4,46.098046511627906,0.021688857319283064,1.7084000321179205e-06,0.032702589103933304,0.000146665425379941,PARELHEIROS
6277557375,6277557383,0,6.766,0,4,46.02660465116279,0.021722522464257276,0.0005228843031635582,0.020060488623806137,0.00015811170511944689,PARELHEIROS
6277557379,6277557488,0,7.896000000000001,0,7,45.10158139534884,0.022168046497621906,0.0006159351582462477,0.08006705319075119,0.00022432520943507398,PARELHEIROS
6277557488,6277557489,0,16.354,0,7,45.1019534883721,0.022167863610301004,0.0015202482419140002,0.08581081218710908,0.0002217341223874704,PARELHEIROS
6278548720,6278548728,0,39.596999999999994,0,4,43.72148837209302,0.022867793177108377,0.0029055328812906847,0.0005638811785882318,0.0001884672546587379,PARELHEIROS
6278548728,6278662672,0,59.337999999999994,0,4,44.66083720930232,0.022386816189825538,0.002316932123558324,0.0005609390724049963,0.00019581743467088526,PARELHEIROS
6278662672,6278662673,0,24.134,0,3,45.49209302325581,0.02197775233109766,0.0019180776627265267,0.00010263265797546056,0.00015652636238905766,PARELHEIROS
6278662672,6278662673,1,44.63999999999999,0,3,45.49209302325581,0.02197775233109766,0.0,0.00010263265797546261,0.00015652636238905766,PARELHEIROS
6278680461,6278680463,0,36.936,0,5,40.78641860465116,0.024513403914663796,0.0028597477604299245,-3.585898423526488e-18,0.0002152239646191144,PARELHEIROS
6278680463,6278680464,0,60.376,0,6,39.80279069767442,0.025119192296905676,0.0042705445069529035,-4.559091623149408e-19,0.0002531196708409678,PARELHEIROS
6278680464,6278680465,0,58.043,0,5,38.821023255813955,0.02575444616438947,8.655893496064131e-06,1.5550487648318475e-17,0.00022524952360524197,PARELHEIROS
6283318090,6283318095,0,23.582,0,5,45.35813953488372,0.022042657916324856,0.002374334364637486,0.02540013387164721,0.00018210407837661866,PARELHEIROS
6283318160,13151847411,0,67.597,0,4,43.36986046511628,0.023053197376379696,0.034655236331518444,0.021931086478838246,0.00015494885730066575,PARELHEIROS
6648413453,6648413456,0,110.613,0,2,64.71311627906977,0.01544994293238422,0.0004772130756382725,3.1409977764196455e-18,0.0001222855482783089,PARELHEIROS
6649845551,6649845552,0,53.642,0,4,36.377488372093026,0.027484414076684276,0.010799593856365697,2.1591032821199296e-18,0.00020679069080759103,PARELHEIROS
6649845551,7867735960,0,499.131,0,4,37.33469767441861,0.026779752234968156,0.0016708152314113263,3.123269891485111e-19,0.0002135262430231402,PARELHEIROS
6708254866,13965077922,0,48.634,0,4,42.095255813953486,0.023751226454287507,0.0014309558669019702,-7.668841147361972e-18,0.0002584224744161612,PARELHEIROS
6708254866,7868100453,0,83.423,0,4,41.096558139534885,0.02432841091202115,0.0023837875114818717,-9.13355167037181e-18,0.00023521427200372112,PARELHEIROS
6708254866,6708254869,0,52.78,0,2,42.095627906976745,0.023751016511685465,0.0004772130756382725,-6.403802266575044e-19,0.0001336175275413387,PARELHEIROS
6725082933,6725082958,0,29.546999999999997,0,4,38.74474418604651,0.025805150466019697,0.0065156099358268,1.9782303441057892e-15,0.00019035478213230716,PARELHEIROS
6725082945,8758886196,0,105.329,0,2,43.46679069767442,0.023001789123158443,0.0004772130756382725,3.053322231311181e-19,0.0001439963115631813,PARELHEIROS
6725082946,6725082947,0,53.763,0,4,40.472,0.024703843484096957,1.3667200256943365e-06,1.2919262123319604e-16,0.00019551599499398163,PARELHEIROS
6725082946,8758886191,0,61.754,0,4,40.605023255813954,0.0246229129629969,0.002855305920346418,7.317667359201503e-17,0.00020434880530367116,PARELHEIROS
6725082946,6725082958,0,137.749,0,4,39.73953488372093,0.025159176029962548,0.0033293299825914034,3.661430995084911e-16,0.00019378157290938976,PARELHEIROS
6725082947,6725082974,0,45.323,0,4,40.071255813953485,0.024950901417474917,0.002238231828745425,7.715595427924345e-17,0.00020105208503559913,PARELHEIROS
6725082947,6725082958,0,167.25099999999998,0,4,39.60967441860465,0.025241660482287626,0.0027124836776613597,3.6556904363039367e-16,0.00019321880863142142,PARELHEIROS
6725082969,8758886194,0,70.952,0,2,41.59013953488372,0.024039687403543775,0.0004772130756382725,3.2021397592218482e-18,0.00011875956164692724,PARELHEIROS
6725082974,8758886194,0,59.051,0,4,40.592,0.024630812807655993,0.0009560206579731883,1.9825691649912256e-17,0.00021205263063865486,PARELHEIROS
6725101797,6725101798,0,71.377,0,2,40.88874418604651,0.02445205822265296,0.0004772130756382725,-5.402029082356808e-18,0.00013591130487486372,PARELHEIROS
6987792366,6987826185,0,407.9280000000001,0,4,38.15330232558139,0.026205174717419077,0.04361590839331241,1.0922608766508904e-18,0.00022256757196352462,PARELHEIROS
6987792366,6987792371,0,209.97600000000003,0,4,38.32018604651163,0.026091051652902594,0.0014309558669019702,-3.0821833159629185e-19,0.00023848644185336796,PARELHEIROS
6987792371,6987792384,0,372.68899999999996,0,2,39.31962790697674,0.025427858978059364,0.0004772130756382725,-2.4402664336033666e-18,0.0001375185084384652,PARELHEIROS
6987792371,6987792372,0,378.3549999999999,0,2,39.31962790697674,0.025427858978059364,0.0004772130756382725,3.953502726022922e-18,0.0001375185084384652,PARELHEIROS
6987826185,6987826198,0,43.32,0,4,38.8113488372093,0.025760865917904618,0.042379937916742834,1.736556139238741e-18,0.0002190084005047939,PARELHEIROS
6987826185,7962699975,0,204.673,0,4,38.98251162790697,0.025647756179276573,0.0014309558669019702,1.6074162404409887e-19,0.00023831808003506918,PARELHEIROS
6987826192,7962699975,0,70.212,0,2,39.98195348837209,0.025006630898591457,0.0004772130756382725,1.1673931451091004e-18,0.00013728324285817702,PARELHEIROS
6987826193,6987826197,0,350.81700000000006,0,2,41.63293023255814,0.024014979198040905,0.0004772130756382725,-1.2630721914488008e-19,0.00014373182302217702,PARELHEIROS
6987826197,8385064743,0,62.506,0,2,41.63293023255814,0.024014979198040905,0.0004772130756382725,-3.817157899085212e-18,0.00014373182302217702,PARELHEIROS
6987826197,6987826199,0,125.637,0,4,40.633488372093026,0.024605663789748402,0.0014309558669019702,1.4134292974146558e-18,0.00025425967760473443,PARELHEIROS
6987826198,6987826199,0,98.522,0,4,39.63479069767442,0.02522566502532424,0.0023837875114818717,5.207331173621478e-18,0.00022850141791045905,PARELHEIROS
6987826199,6987826200,0,110.90899999999999,0,2,40.63386046511628,0.024605438470378698,0.0004772130756382725,-2.8499290424445996e-18,0.00013109265595428703,PARELHEIROS
7092086377,8916340195,0,117.536,0,2,40.40409302325581,0.024745363122317794,0.0004772130756382725,2.3333449331644017e-09,0.00011379901248589723,PARELHEIROS
7092086379,8916340197,0,7.584,0,2,42.11832558139535,0.023738217027554707,0.0004772130756382725,1.8492175458592285e-10,0.00011954815389279917,PARELHEIROS
7092086379,7092103392,0,226.782,0,4,42.012651162790696,0.02379792576322525,0.00028063317860923707,4.5005987261695997e-10,0.0002163048996367561,PARELHEIROS
7092103392,7092103395,0,84.983,0,2,42.87404651162791,0.0233197944872596,0.0004772130756382725,3.2181867930645165e-10,0.00011732154711568661,PARELHEIROS
7260683606,7260683620,0,126.698,0,3,45.50325581395349,0.021972360781748305,0.0004772130756382725,4.6664524702230206e-18,0.00013389188383547732,PARELHEIROS
7260683607,7260683620,0,68.658,0,5,45.502511627906976,0.021972720136072224,3.189013393286785e-06,1.1528521489029262e-17,0.0002097689201447387,PARELHEIROS
7260683607,13190720629,0,60.326,0,4,45.50474418604651,0.021971642108361816,0.00047709918230279795,1.6012940257032333e-18,0.0001800419711732658,PARELHEIROS
7260683607,7260683621,0,172.474,0,5,44.50846511627907,0.02246345612854414,0.0009508954578768345,1.2817472026332442e-17,0.00020831873475294895,PARELHEIROS
7260683608,7260683609,0,52.097,0,2,49.49283720930232,0.02020118485550176,0.0004772130756382725,-1.4140321699290194e-18,0.00012943735366126693,PARELHEIROS
7260683608,7260683619,0,60.303,0,5,48.49339534883721,0.020617528351978883,0.0014309558669019702,5.5779264143976985e-19,0.0002699980777653617,PARELHEIROS
7260683608,7260683610,0,88.328,0,2,49.49283720930232,0.02020118485550176,0.0004772130756382725,-2.3749256309415528e-18,0.00012943735366126693,PARELHEIROS
7260683612,7260683619,0,54.408,0,3,48.49376744186046,0.020617370153536874,0.0004772130756382725,-5.033778518959407e-19,0.00016018156680140092,PARELHEIROS
7260683613,7260683618,0,104.686,0,3,47.49581395348837,0.021050569940068157,0.0004772130756382725,-1.7114332869690815e-18,0.0001485518339556829,PARELHEIROS
7260683614,7260683618,0,79.413,0,3,47.49581395348837,0.021050569940068157,0.0004772130756382725,1.734913132040392e-18,0.0001485518339556829,PARELHEIROS
7260683615,7260683617,0,140.165,0,3,46.498976744186045,0.02150184850279276,0.0004772130756382725,2.9468682249763227e-18,0.0001419057383499874,PARELHEIROS
7260683616,7260683617,0,76.803,0,3,46.498976744186045,0.02150184850279276,0.0004772130756382725,1.853484710218911e-18,0.0001419057383499874,PARELHEIROS
7260683617,7260683618,0,60.218,0,6,46.497488372093024,0.02150253677117844,0.004286717360590287,4.157387125721407e-18,0.0002686268748067071,PARELHEIROS
7260683617,7260683620,0,60.921,0,6,45.501209302325584,0.021973349034423825,0.005711522987376632,7.674459611058152e-18,0.00025396692468650147,PARELHEIROS
7260683618,7260683619,0,60.885,0,6,47.49488372093023,0.02105098223554067,0.002859861653765399,2.7668473717588047e-18,0.00028690270325812064,PARELHEIROS
7260683619,7260683625,0,60.222,0,3,48.49376744186046,0.020617370153536874,0.0004772130756382725,2.241110430228097e-18,0.00016018156680140092,PARELHEIROS
7260683620,7260683621,0,197.708,0,6,44.50623255813954,0.022464582958853948,0.006657065458486164,1.4060269031174637e-17,0.00024439122543846884,PARELHEIROS
7260683621,7260683626,0,72.881,0,5,44.50846511627907,0.02246345612854414,0.00047709918230279795,1.1828524687483907e-17,0.0002144350222362226,PARELHEIROS
7260683626,13190720629,0,203.415,0,3,45.5073488372093,0.021970384543053615,1.1389333547452804e-07,5.444574442444288e-18,0.00014343750870485293,PARELHEIROS
7260683626,13190720629,1,317.26300000000003,0,3,45.5073488372093,0.021970384543053615,0.0,7.82832316954089e-19,0.00014343750870485293,PARELHEIROS
7260717809,7260717819,0,339.623,0,2,44.35720930232558,0.022540055364482846,0.0004772130756382725,-7.280176437377193e-19,0.0001276713469479583,PARELHEIROS
7260717811,7260717820,0,387.15099999999995,0,2,44.35646511627907,0.022540433527951143,0.0004772130756382725,2.358812840191328e-18,0.00012586191533572172,PARELHEIROS
7260717813,12071407241,0,146.036,0,2,46.352372093023256,0.02156985518415053,0.0004772130756382725,2.4025009050511064e-19,0.00013753001323682209,PARELHEIROS
7260717814,12071407241,0,227.978,0,4,45.353302325581396,0.02204500890168763,0.0023837875114818717,-6.211850976601467e-19,0.00024836756402374973,PARELHEIROS
7260717814,7260717820,0,65.082,0,4,44.355348837209306,0.022541000796946438,0.0033357080093779773,-7.619366126362386e-18,0.00023669946612264937,PARELHEIROS
7260717814,7260717815,0,211.68,0,2,45.35404651162791,0.022044647178990722,0.0004772130756382725,5.599069483213884e-18,0.00013140235215865732,PARELHEIROS
7260717816,7976249601,0,206.322,0,2,45.35553488372093,0.02204392376920742,0.0004772130756382725,4.145404708165671e-18,0.0001359387165037643,PARELHEIROS
7260717819,7260717828,0,10.807,0,4,43.35851162790698,0.023059231416164633,0.0033357080093779773,-6.474421376562591e-19,0.0002261600358964787,PARELHEIROS
7260717819,7976249601,0,73.012,0,4,44.35646511627907,0.022540433527951143,0.0023837875114818717,-4.108638529763875e-18,0.0002430452620799929,PARELHEIROS
7260717820,7260717828,0,60.945,0,4,43.35813953488372,0.023059429307015662,0.004286717360590287,6.192403081764772e-19,0.00022435060428424212,PARELHEIROS
7308863424,7308863433,0,69.153,0,4,37.859162790697674,0.026408770817669402,0.0023837875114818717,4.1158504894434915e-13,0.00022751347634887694,PARELHEIROS
7308863424,7620365425,0,57.047,0,4,37.23274418604651,0.02685308255798847,0.08677100435129488,4.1292143256027735e-13,0.00020599402708243437,PARELHEIROS
7308863427,7308863430,0,68.874,0,2,39.857302325581394,0.025084837536700696,0.0004772130756382725,1.2270315733001298e-14,0.00014371469232106763,PARELHEIROS
7308863429,7308863430,0,105.992,0,2,39.857302325581394,0.025084837536700696,0.0004772130756382725,1.226820450520121e-14,0.00014371469232106763,PARELHEIROS
7308863430,7308863433,0,64.503,0,4,38.85786046511628,0.025730030977540088,0.0014309558669019702,7.289851595322331e-14,0.00025407056810033046,PARELHEIROS
7308863433,7308863435,0,105.361,0,2,38.858232558139534,0.025729784595644036,0.0004772130756382725,6.980558253918997e-14,0.00013092067715099245,PARELHEIROS
7308863436,7308863437,0,116.805,0,2,39.89637209302325,0.025060272426705464,0.0004772130756382725,3.200125801152216e-11,0.00012038493816822189,PARELHEIROS
7309013554,7309771304,0,95.067,0,4,41.606325581395346,0.024030335279966373,0.0,5.32053195327133e-18,0.00018778694622944675,PARELHEIROS
7309013554,7309771307,0,32.758,0,4,41.98567441860465,0.02381321646807549,0.004549127605523599,2.728253937276224e-18,0.00018710855582090868,PARELHEIROS
7309308497,13045074235,0,73.55199999999999,0,4,43.31627906976744,0.02308171373349082,0.003708822576392531,-2.0973378812444328e-19,0.00017789484495183994,PARELHEIROS
7309771304,7309771307,0,46.383,0,4,41.89320930232558,0.023865776104025297,0.00014088605598199118,1.177125978150005e-18,0.00018785043059238167,PARELHEIROS
7319680557,7319680560,0,26.23,0,4,45.22604651162791,0.02210703854539471,0.02107892295628375,3.826756998483444e-18,0.00018589292157095854,PARELHEIROS
7319680557,7319680558,0,41.879999999999995,0,4,44.32093023255814,0.02255850561444013,0.0006126322515174863,3.1171844544092463e-18,0.00018600496307413615,PARELHEIROS
7319680558,7319680560,0,34.419,0,4,44.36279069767442,0.02253721954288111,3.485136065520558e-05,9.666547421941712e-18,0.00018695611831989674,PARELHEIROS
7333070303,7333070311,0,166.912,0,2,44.608186046511626,0.022413239409598405,0.0004772130756382725,7.562885076954713e-19,0.00012375170303586554,PARELHEIROS
7333070482,7333070499,0,35.949,0,4,41.53953488372093,0.024068973239278917,0.081800585297851,4.137314216467877e-18,0.0001552958108476997,PARELHEIROS
7333070482,7333070496,0,28.721999999999994,0,7,41.37841860465116,0.024162691257997655,0.0012918921042875716,1.8974386885422198e-17,0.00024110446566620288,PARELHEIROS
7333070483,7333070508,0,13.794,0,4,42.47051162790698,0.02354136823798948,0.0012950811176808583,1.0473652514981856e-17,0.00015675999966452083,PARELHEIROS
7333070483,7333070496,0,5.734999999999999,0,7,42.03013953488372,0.023788023655228585,0.0005173035297253064,2.3328665806987057e-17,0.00024177949229197803,PARELHEIROS
7333070487,7333070494,0,28.262,0,4,41.208,0.02426261778024588,0.01842349983969513,4.1202384162960096e-18,0.00015634794387777893,PARELHEIROS
7333070487,7333070496,0,20.096,0,7,41.37841860465116,0.024162691257997655,3.1206773920020686e-05,1.008567791196966e-17,0.00024140251639713582,PARELHEIROS
7333070490,7333070494,0,31.985,0,4,41.651162790697676,0.024004466778336127,0.018091045193444982,5.0335770705885846e-18,0.00016766016426818426,PARELHEIROS
7333070490,7333070508,0,41.531,0,4,42.25748837209302,0.02366004208969155,0.001289386450907132,7.691758428135276e-18,0.00016772952201435674,PARELHEIROS
7333070494,7333070496,0,22.425,0,7,41.864372093023256,0.023882215437670263,9.396200176648563e-05,1.216602959380848e-17,0.000242360401274245,PARELHEIROS
7333070496,7333070499,0,10.286999999999999,0,7,42.03013953488372,0.023788023655228585,2.141194706921127e-05,2.3006546699265868e-17,0.00024139740035677894,PARELHEIROS
7333070496,7333070508,0,14.117,0,7,41.864372093023256,0.023882215437670263,0.0004214053412557537,2.3782431188079338e-17,0.00024244444247851127,PARELHEIROS
7333070550,7333070553,0,105.649,0,4,36.242976744186045,0.027586419309466856,5.0910320957114034e-05,1.2793804000045825e-18,0.00017291392461747342,PARELHEIROS
7333070550,7333070552,0,106.031,0,5,36.23590697674419,0.027591801527971742,3.473746731973105e-05,1.1077866444696142e-18,0.00020859748073643464,PARELHEIROS
7333070551,7333070552,0,83.08300000000001,0,5,35.905302325581395,0.027845858097009703,0.1019027590091052,-1.4402139897643007e-18,0.00021052405522436178,PARELHEIROS
7333070551,7333070553,0,81.48599999999999,0,4,35.91386046511628,0.02783922253246787,0.00010933760205554691,4.802593102630099e-18,0.0001746932622014966,PARELHEIROS
7333070552,7975526980,0,10.508,0,5,36.55683720930232,0.027349574794013017,0.10271572963772238,5.5643640620214955e-18,0.0002111523570734179,PARELHEIROS
7333070552,7333070553,0,4.887,0,5,36.567627906976746,0.027341504240629658,0.0004185580078688905,7.19363680748524e-18,0.00020824818753024482,PARELHEIROS
7333070587,7961668107,0,7.228,0,4,39.64241860465116,0.025220811158355155,0.09409878766239053,1.487872141800163e-17,0.00017642704784139377,PARELHEIROS
7333070587,7333070625,0,143.571,0,5,39.50567441860465,0.025308109991852804,0.0002616129915849909,2.032479175733657e-17,0.00020075666792440037,PARELHEIROS
7333070587,7980847792,0,149.54999999999998,0,4,39.523162790697675,0.025296911554955115,0.09419479974419556,1.7286447493226943e-17,0.0001673834116105062,PARELHEIROS
7333070592,7333070621,0,11.368,0,5,39.752558139534884,0.02515093368278186,0.00021708069741445044,3.318144398360218e-17,0.00019216549192591672,PARELHEIROS
7333070592,7333070625,0,19.311,0,6,39.34939534883721,0.025408623045535997,0.0007357509471654511,3.280888878979916e-17,0.00022709714793846914,PARELHEIROS
7333070621,7980847792,0,8.168,0,4,39.35386046511628,0.02540574016555806,0.09456563644450063,1.5745064621145194e-17,0.0001625624008024522,PARELHEIROS
7333070625,7980847792,0,11.815,0,5,39.91758139534884,0.02504695721882763,4.5557334189811215e-07,2.2450723232366662e-17,0.00019817872604843624,PARELHEIROS
7512525262,7512525263,0,62.081,0,2,39.500279069767444,0.02531156683026084,0.0004772130756382725,2.8924234833270444e-18,0.00011432003707048284,PARELHEIROS
7512569062,7512569068,0,156.182,0,4,34.34325581395349,0.029112381158752944,6.127461448529608e-05,-1.5487050017697137e-17,0.00015513210377710452,PARELHEIROS
7620365425,7620365433,0,19.86,0,4,37.53562790697674,0.026636398782675933,0.007225393202504059,7.663866167676086e-14,0.0001977641105557511,PARELHEIROS
7620365425,7620365429,0,50.247,0,4,37.00018604651163,0.02702186286932561,0.07981075483377552,7.666853591421702e-14,0.00019668742434476627,PARELHEIROS
7620365429,7620365433,0,40.56099999999999,0,4,37.29432558139535,0.026808742024474076,0.06763134321813592,2.6638087128893777e-14,0.00019621388050314727,PARELHEIROS
7620365433,8398036969,0,24.009,0,4,37.83162790697674,0.02642799183653397,0.07444375918620934,1.5665019734561717e-14,0.00020175078103391473,PARELHEIROS
7825953821,7825953840,0,515.584,0,4,43.32130232558139,0.023079037328431792,0.0,1.0075584110461223e-17,0.00021453341273643448,PARELHEIROS
7839329098,7839401168,0,15.662,0,4,56.01953488372093,0.017847594692881222,1.1161546876503748e-05,1.6410204743198387e-18,0.00018797113510625853,PARELHEIROS
7839429044,7839429045,0,14.912,0,4,57.9773023255814,0.017244920225396948,1.6514533643806564e-05,-1.1149449569274097e-18,0.0001842018001645434,PARELHEIROS
7843267713,7843267714,0,47.794,0,2,51.052093023255814,0.019584191250159436,0.0004772130756382725,-5.430870623358773e-18,0.0001361801477504781,PARELHEIROS
7843267714,7843267715,0,62.975,0,2,51.052093023255814,0.019584191250159436,0.0004772130756382725,1.1979419151713851e-18,0.0001361801477504781,PARELHEIROS
7868100453,8932619373,0,78.787,0,2,41.097302325581396,0.02432797037546741,0.0004772130756382725,-4.833014250818867e-18,0.00012216154583411204,PARELHEIROS
7868200629,7985027473,0,91.41900000000001,0,4,39.24632558139535,0.02547535186229847,0.01024276933923073,-6.276789540148662e-18,0.00019878232939105306,PARELHEIROS
7886791109,7886791110,0,51.876,0,2,38.120558139534886,0.026227684018389638,0.0004772130756382725,2.229740114915139e-18,0.00011370614824751543,PARELHEIROS
7887183038,7887183039,0,45.015,0,2,38.87162790697674,0.025720917988848208,0.0004772130756382725,-1.6124481855168498e-18,0.00011501434136686955,PARELHEIROS
7889005931,8319810178,0,25.782,0,4,46.818418604651164,0.021355141486753375,0.012039095026334986,1.334197439183458e-17,0.0001844132990072728,PARELHEIROS
7889005931,8319810177,0,36.4,0,4,46.36576744186046,0.021563623523369286,0.06100263720018291,1.050867732940041e-17,0.00018415318753116534,PARELHEIROS
7889100077,7890006480,0,191.34400000000002,0,2,42.14809302325581,0.02372145171400069,0.0004772130756382725,-3.774792296216374e-19,0.00013480766113862418,PARELHEIROS
7889715511,12544993756,0,31.734,0,5,46.0686511627907,0.021702696481287784,0.03193352729368364,1.0337059699659363e-19,0.00020965029200475417,PARELHEIROS
7889861285,12544993756,0,6.493,0,5,46.582511627906975,0.02146328994612211,0.0009580707380117298,-1.199920888209125e-18,0.00020807734671627936,PARELHEIROS
7892001468,8706682357,0,16.189,0,4,34.97190697674419,0.0285890601891751,0.0002498819780311145,5.236384642875166e-17,0.00018406596806097342,PARELHEIROS
7893856867,7893856868,0,31.165999999999997,0,4,34.20558139534884,0.029229555900029916,0.0017033887253570413,-2.20847271021409e-17,0.0001658882652630995,PARELHEIROS
7895608535,13198197897,0,298.63800000000003,0,4,34.650976744186046,0.028853846195147356,0.055436100428865355,8.51089032005864e-18,0.00018173284551777937,PARELHEIROS
7934520444,7934520448,0,54.440000000000005,0,4,38.57079069767442,0.02592153117433122,0.0021915355612008684,-4.2281565754517014e-18,0.0002070368981171023,PARELHEIROS
7953458136,7953491704,0,51.628,0,4,37.08632558139535,0.026959099824921364,0.0305869663883683,-2.4878889505776544e-18,0.0002313800816279855,PARELHEIROS
7953458136,8941299656,0,359.463,0,4,36.262697674418604,0.02757141684452471,0.031352557389428076,2.1672908451460448e-18,0.00023071188577950918,PARELHEIROS
7953458136,8941299657,0,90.622,0,2,37.17488372093023,0.026894877761929784,0.0004772130756382725,2.097101724638099e-18,0.00012696278068600336,PARELHEIROS
7953458150,7953491713,0,64.539,0,4,41.438883720930235,0.024127434518304344,4.8632454247623475e-05,6.9272766509056915e-18,0.00018721976132238607,PARELHEIROS
7953491704,8941299661,0,130.558,0,4,37.906418604651165,0.02637584847875061,0.029820464240624726,4.321101626100099e-19,0.00022151675655114606,PARELHEIROS
7953491704,7953491712,0,151.392,0,2,37.9966511627907,0.0263132124250852,0.0004772130756382725,6.3696421159949594e-18,0.00012498210231371183,PARELHEIROS
7953539278,7953547688,0,158.28600000000003,0,2,42.00037209302326,0.023804883234700026,0.0004772130756382725,4.620696988507753e-18,0.00011469285512469076,PARELHEIROS
7958153560,7958153561,0,102.701,0,2,43.18697674418605,0.0231508206608366,0.0004772130756382725,2.2197174072164757e-15,0.00011265829461915332,PARELHEIROS
7958153561,7977018018,0,122.27199999999999,0,5,42.36948837209302,0.023597498858327185,0.020337021769002674,1.3086789222883055e-14,0.00024253195376891534,PARELHEIROS
7958446416,7958446428,0,71.133,0,2,47.8146976744186,0.02091018038629749,0.0004772130756382725,6.957566994048359e-16,0.00013109182980066585,PARELHEIROS
7958783286,13041618336,0,59.764,0,2,44.72279069767442,0.02235580423071323,0.0004772130756382725,6.000879378285096e-17,0.00013709249538956515,PARELHEIROS
7958787718,7975537122,0,243.41,0,4,36.99758139534884,0.027023765224125272,0.0018331132344625287,-6.743575275154175e-20,0.0002125922143579569,PARELHEIROS
7958787718,7975594957,0,326.171,0,2,37.987162790697674,0.02631978489673378,0.0004772130756382725,1.13344756435863e-18,0.0001224262830257101,PARELHEIROS
7959155108,7959224537,0,584.996,0,4,51.19125581395349,0.019530951870413916,0.0,8.135063361844808e-18,0.0001881766018844628,PARELHEIROS
7961784079,9026410459,0,58.28,0,4,43.34586046511628,0.02306596161109776,0.047076557391705944,-1.5290409745959016e-19,0.00021019520297653558,PARELHEIROS
7961887931,7961887940,0,143.184,0,2,43.10827906976744,0.023193084369483873,0.0004772130756382725,-4.7958496750656815e-18,0.00012157132199915226,PARELHEIROS
7961887941,7961887944,0,81.626,0,4,47.67479069767442,0.020971543636732592,2.2778667094905607e-07,2.0087176007066248e-18,0.00019704366287475313,PARELHEIROS
7961887941,7961887954,0,37.965,0,4,46.67702325581396,0.02141983108067711,0.0014303864002245977,5.813339707839567e-18,0.0001961142294277936,PARELHEIROS
7961887941,7961887945,0,25.42,0,4,47.6753488372093,0.020971298121012272,0.0009538566845991723,4.381290244105432e-18,0.00020085841197698513,PARELHEIROS
7961887944,7961887947,0,52.956,0,4,48.672744186046515,0.0205415570913094,3.416800064235841e-07,7.723281010879485e-18,0.0002009907952463989,PARELHEIROS
7961887944,7961887975,0,42.794,0,4,47.674418604651166,0.020971707317073172,0.00047709918230279795,4.0701617532453406e-18,0.00019711591785808173,PARELHEIROS
7961887945,7961887947,0,87.75399999999999,0,3,48.67367441860465,0.02054116450896526,0.0004768713956318489,4.614926944072543e-18,0.00015845702490995293,PARELHEIROS
7961887945,7961887947,1,197.09400000000002,0,3,48.67367441860465,0.02054116450896526,0.0,-5.826902846455695e-18,0.00015845702490995293,PARELHEIROS
7961887950,7961900285,0,77.607,0,3,46.67851162790698,0.021419148096629294,0.0004768713956318489,-2.4842723921469662e-18,0.00015925380188393462,PARELHEIROS
7961887950,7961900285,1,229.95700000000002,0,3,46.67851162790698,0.021419148096629294,0.0,1.497205716713727e-18,0.00015925380188393462,PARELHEIROS
7961887950,7961887975,0,72.388,0,4,47.67479069767442,0.020971543636732592,3.416800064235841e-07,5.148733028639531e-18,0.00020149282969886078,PARELHEIROS
7961887952,7961900296,0,21.076,0,4,44.68409302325581,0.02237516498249208,0.004286717360590287,5.136105765077781e-19,0.00020419459162403502,PARELHEIROS
7961887952,7961900285,0,41.665,0,4,45.68093023255814,0.02188690003461828,0.0009538566845991723,8.630507468443635e-19,0.00020351985091452568,PARELHEIROS
7961887952,7961887954,0,26.973999999999997,0,4,45.67981395348837,0.021887434885492142,0.0028595199737589754,-6.945378739803412e-19,0.00019799983550112865,PARELHEIROS
7961887954,7961887975,0,74.831,0,4,46.67702325581396,0.02141983108067711,0.0009535150045927488,2.4890665466679788e-18,0.0001961864844111222,PARELHEIROS
7961900296,8940889469,2,676.8960000000001,0,3,43.689488372093024,0.022884542500777153,0.0,3.081600455064528e-19,0.00016025048546993,PARELHEIROS
7961900296,8940889469,3,39.804,0,3,43.689488372093024,0.022884542500777153,0.004761880356190017,-1.7843000737573497e-18,0.00016025048546993,PARELHEIROS
7962533942,7962533944,0,146.91,0,2,47.07088372093023,0.02124060298965242,0.0004772130756382725,5.973253167035765e-19,0.0001188771173630573,PARELHEIROS
7962699975,8950168587,0,54.429,0,2,39.98195348837209,0.025006630898591457,0.0004772130756382725,-4.32298025673191e-18,0.00013728324285817702,PARELHEIROS
7963004046,7963004056,0,246.78699999999998,0,2,41.01841860465116,0.024374756207081107,0.0004772130756382725,2.3674258815073954e-18,0.00011527515454901738,PARELHEIROS
7963004046,13340877687,0,53.094,0,4,40.926883720930235,0.024429271485848843,0.00045921792863329704,1.7696918679384614e-18,0.00020504896511162142,PARELHEIROS
7963059259,7963059267,0,103.01099999999998,0,2,37.988837209302325,0.02631862481022577,0.0004772130756382725,-1.6824270122734247e-18,0.00011843735151130616,PARELHEIROS
7975594958,7975594979,0,219.93500000000003,0,2,38.6366511627907,0.025877345044108015,0.0004772130756382725,-9.746973740797662e-19,0.00011323237919730384,PARELHEIROS
7975608273,7975632386,0,225.905,0,2,37.37897674418605,0.026748028987815562,0.0004772130756382725,-2.7206660290534965e-18,0.00011492608988606921,PARELHEIROS
7975737488,8950313371,0,360.90199999999993,0,4,41.779348837209305,0.02393081704992786,0.0,2.768030440026812e-13,0.0001982458804692222,PARELHEIROS
7975737488,8950313372,0,176.938,0,4,40.992,0.024390465297823283,0.023645167591195816,1.4896401899992055e-12,0.0002051862310412664,PARELHEIROS
7975737507,8950334397,0,56.015,0,4,44.08055813953489,0.022681517559816487,0.04062005809699042,1.916168124786006e-16,0.00022706557976213715,PARELHEIROS
7975737507,8950334398,0,102.273,0,2,44.26306976744186,0.02258799398101835,0.0004772130756382725,1.249476290945926e-16,0.00012528529917831953,PARELHEIROS
7975914889,7975914907,0,180.206,0,2,39.09060465116279,0.025576835211696618,0.0004772130756382725,-7.832010379222422e-18,0.00011432556025678143,PARELHEIROS
7975914889,7975914909,0,54.992,0,4,38.44874418604651,0.026003812989325567,0.0001555782962582053,-1.0030609211015241e-17,0.00020075254494805994,PARELHEIROS
7975914889,8945679842,0,57.046,0,4,38.7233488372093,0.025819408277200702,0.0007986200683473906,-1.0977852346595335e-17,0.0002044544463070161,PARELHEIROS
7976249601,12071407255,0,74.07,0,4,45.355162790697676,0.022044104617202114,0.0014309558669019702,3.6054565589513425e-19,0.00026175907908027117,PARELHEIROS
7976363060,8759086118,0,231.637,0,4,42.81395348837209,0.023352525801195,0.0037967482313788666,8.426310302758612e-19,0.00020603700992883077,PARELHEIROS
7976363060,8759086125,0,57.736000000000004,0,4,43.81023255813953,0.022821471037880074,1.4578346940739589e-05,-4.356236305725114e-18,0.00022109939591022918,PARELHEIROS
7976407434,11691875472,0,35.607,0,2,39.070511627906974,0.025589988762118817,0.0004772130756382725,5.127670270619172e-18,0.00012530466370551532,PARELHEIROS
7976421512,7976421514,0,62.676,0,2,49.734697674418605,0.020102946237524504,0.0004772130756382725,1.9880894095303745e-18,0.00011544769163813021,PARELHEIROS
7976653707,8759086122,0,50.54,0,2,45.80502325581396,0.02182760497477681,0.0004772130756382725,-4.8195889313373574e-18,0.0001268720057036812,PARELHEIROS
7976653707,8759086121,0,59.255,0,4,44.80762790697674,0.022313476526006785,0.002863506240500584,-3.3012013198560786e-20,0.00022808180656751377,PARELHEIROS
7976653707,8759086123,0,62.61,0,4,45.80279069767442,0.02182866891425322,0.0019147747559977654,-8.33734677389464e-18,0.0002338616747179366,PARELHEIROS
7976653714,8759086121,0,53.934,0,4,43.81023255813953,0.022821471037880074,0.003811326578319606,-5.376645959376682e-18,0.0002116945592687199,PARELHEIROS
7976653714,8759086118,0,59.475,0,4,42.81395348837209,0.023352525801195,0.007593496462757733,-2.5712365950702393e-18,0.00019927537473843094,PARELHEIROS
7976653714,13045074279,0,232.43599999999998,0,5,43.81023255813953,0.022821471037880074,0.0033357080093779773,-1.959521444873806e-18,0.00024365061115046892,PARELHEIROS
7976660970,7976660972,0,106.68299999999999,0,2,42.95386046511628,0.023276463225007257,0.0004772130756382725,3.3860281268587384e-18,0.0001375870312429029,PARELHEIROS
7976660970,7976660975,0,213.576,0,2,42.95386046511628,0.023276463225007257,0.0004772130756382725,-1.804457315994381e-18,0.0001375870312429029,PARELHEIROS
7976948408,7976948451,0,50.69,0,5,40.38660465116279,0.024756078460276953,0.0012212782362933641,4.786876046468753e-16,0.0002230091001438891,PARELHEIROS
7976948408,8950313360,0,425.732,0,4,40.63944186046512,0.024602059174956625,0.06332310001714095,1.3687475290501672e-16,0.00019903957880311988,PARELHEIROS
7976948413,7976948441,0,87.236,0,2,40.99311627906977,0.02438980112372809,0.0004772130756382725,1.139128776042479e-16,0.00010776163622816148,PARELHEIROS
7976948418,7976948441,0,324.579,0,4,40.38009302325582,0.024760070585091432,0.0,3.3926169966083853e-16,0.00019381694804231862,PARELHEIROS
7976948418,7976948451,0,101.338,0,5,39.99386046511628,0.024999185921560054,0.013565949081706509,5.934294448407119e-16,0.00022660010953872312,PARELHEIROS
7976948441,7976948451,0,96.43400000000001,0,5,40.584558139534884,0.024635329280927102,0.0009541983646055959,4.601676919031188e-16,0.00022805404054953627,PARELHEIROS
7977018018,8950313371,0,188.133,0,5,42.0866976744186,0.023756056158715563,0.02220350575075924,5.944980556292418e-14,0.00023736244093183805,PARELHEIROS
7977018018,8950313366,0,158.952,0,3,42.544186046511626,0.02350060129004045,0.0004772130756382725,1.2513546502278351e-14,0.0001502549505542165,PARELHEIROS
7980945910,7983523336,0,95.537,0,3,33.78641860465116,0.029592185108093524,0.0004772130756382725,5.215067740244696e-18,0.00017595768427341725,PARELHEIROS
7981038057,8934798333,0,210.09000000000003,0,4,33.68632558139535,0.029680113109176866,0.03011556187283923,-3.9255539954218875e-19,0.00019078406308211125,PARELHEIROS
7981038072,7984876185,0,431.312,0,4,34.288744186046515,0.029158663497954443,0.2125442119691645,1.0723931686663863e-17,0.00017294676476904767,PARELHEIROS
7983523311,7983523311,0,237.423,0,1,36.40186046511628,0.027466012470612287,0.0,5.02424455078724e-18,8.31842836261722e-05,PARELHEIROS
7983523336,7983523336,0,46.13199999999999,0,1,34.78604651162791,0.02874181040246022,0.0,-7.540878727034333e-19,8.036754740042724e-05,PARELHEIROS
7984784959,8934726094,0,77.069,0,2,34.78902325581395,0.028739351091763773,0.0004772130756382725,-3.932930791745253e-19,0.00012456540880212774,PARELHEIROS
7984876185,7984876188,0,7.594,0,4,34.32055813953488,0.029131634439728306,2.198141374658391e-05,1.3421816260749676e-17,0.0001706029495853221,PARELHEIROS
7999471213,7999471214,0,19.492,0,4,38.49581395348837,0.025972017495106685,0.0004723156622128678,7.151026001039463e-15,0.00018542128529109415,PARELHEIROS
8319810177,8319810178,0,27.27,0,4,46.61320930232558,0.021449155045380888,0.0011971328491727643,7.788209685219472e-18,0.0001837444758978346,PARELHEIROS
8349908024,9469976211,0,43.345,0,4,39.926511627906976,0.025041355047645673,0.0014309558669019702,1.3648916641817495e-18,0.00025175952579350807,PARELHEIROS
8349908024,13265425150,0,75.242,0,2,40.925953488372095,0.024429826754615254,0.0004772130756382725,-1.5279722904755355e-18,0.0001432536682056421,PARELHEIROS
8349908024,13265425147,0,48.587,0,2,40.925953488372095,0.024429826754615254,0.0004772130756382725,-3.05029223527598e-18,0.0001432536682056421,PARELHEIROS
8706682357,8706682362,0,45.596000000000004,0,4,35.2593488372093,0.028355995968741922,0.05399671645513827,1.7925972758667474e-16,0.0001818816594980845,PARELHEIROS
8706682357,13198230503,0,252.77600000000004,0,4,35.11274418604651,0.028474389474967016,0.054335890808181415,3.760307534544887e-17,0.00018430837584710382,PARELHEIROS
8706682362,8706682363,0,34.679,0,4,35.59627906976744,0.028087597344901478,0.05390070437333324,4.473121631146791e-16,0.0001771113914066503,PARELHEIROS
8706766829,8706766830,0,6.966,0,4,34.19981395348837,0.02923448515971799,0.020835532898374684,-1.7262122247168735e-17,0.0001530041011489649,PARELHEIROS
8706766830,8706766831,0,8.464,0,5,33.61432558139535,0.029743686246727585,5.284650766018101e-05,-3.14863498873353e-17,0.00018339362211515947,PARELHEIROS
8758886191,8758886197,0,58.315,0,4,41.4686511627907,0.024110115121986235,0.0023837875114818717,1.0240050242233133e-17,0.00022693132109602107,PARELHEIROS
8758886191,8758886194,0,86.782,0,4,41.06716279069767,0.024345824876775876,5.0113067608792335e-06,1.638917027690601e-17,0.00021478658662875866,PARELHEIROS
8758886195,8758886196,0,48.741,0,2,43.46679069767442,0.023001789123158443,0.0004772130756382725,-3.219271233616977e-19,0.0001439963115631813,PARELHEIROS
8758886196,8758886197,0,55.072,0,4,42.4673488372093,0.023543121500731616,0.0014309558669019702,3.515815095824589e-18,0.00025433580630564135,PARELHEIROS
8758886197,8758886198,0,41.284,0,2,42.46772093023256,0.023542915220972207,0.0004772130756382725,-1.0919186181709503e-18,0.0001309042961141897,PARELHEIROS
8759078402,8759078416,0,42.541,0,4,43.40632558139535,0.023033830670912823,0.0004772130756382725,1.7339788567474994e-17,0.00018617851879527958,PARELHEIROS
8759078402,13249712921,0,301.16400000000004,0,4,44.40390697674419,0.022516350960108265,0.0,9.277982772157824e-18,0.00018608077303012584,PARELHEIROS
8759078402,8921907585,0,163.096,0,4,44.40446511627907,0.022516067942046473,4.5557334189811215e-07,9.668671135866147e-18,0.0001860636423290164,PARELHEIROS
8759078404,8759086117,0,22.089,0,4,43.40613953488372,0.023033929398048932,0.0009537427912636978,1.4078796163850423e-17,0.00018619564949638897,PARELHEIROS
8759078404,13249712921,0,74.863,0,4,43.40632558139535,0.023033830670912823,0.0004767575022963744,1.1712510815860825e-17,0.00018617851879527958,PARELHEIROS
8759078404,8759078415,0,47.178,0,4,42.40874418604651,0.023575655744537106,0.0019065744358435993,2.094748164510663e-17,0.00018674128307324787,PARELHEIROS
8759078410,8759078411,0,150.031,0,4,40.417302325581396,0.024737275769529974,0.0,1.2390765202820355e-17,0.00019182831943671645,PARELHEIROS
8759078410,8759078412,0,34.819,0,4,40.417302325581396,0.024737275769529974,0.004761880356190017,9.339482222454503e-18,0.00019182831943671645,PARELHEIROS
8759078411,8759078413,0,62.879,0,4,41.41246511627907,0.024142826336975273,0.0014292474668698523,1.2188218439301923e-17,0.00018826909544337073,PARELHEIROS
8759078411,8759078412,0,98.327,0,4,41.41339534883721,0.024142284037969964,0.0019057771824952776,1.0353185615491261e-17,0.00018933188930067904,PARELHEIROS
8759078412,8759078415,0,48.024,0,4,41.41246511627907,0.024142826336975273,0.002382079111449754,1.1717078591320921e-17,0.00018826909544337073,PARELHEIROS
8759078413,8759078416,0,52.788,0,4,42.40874418604651,0.023575655744537106,0.0009532872179217997,1.124825690716616e-17,0.00018674128307324787,PARELHEIROS
8759078413,8759078415,0,129.222,0,4,42.40893023255814,0.023575552318949936,7.972533483216963e-07,7.604470041124546e-18,0.00018720630158606242,PARELHEIROS
8759078416,8759086117,0,160.499,0,4,43.40613953488372,0.023033929398048932,4.5557334189811215e-07,8.499199700636978e-18,0.00018619564949638897,PARELHEIROS
8759086117,8921907585,0,45.803,0,4,44.40390697674419,0.022516350960108265,0.0004769852889673234,1.42737361599315e-17,0.00018608077303012584,PARELHEIROS
8759086120,8759086121,0,45.377,0,2,44.80874418604651,0.02231292065086964,0.0004772130756382725,-1.9534172816703495e-18,0.00012177460223556226,PARELHEIROS
8759086123,8759086124,0,76.931,0,2,45.80502325581396,0.02182760497477681,0.0004772130756382725,-4.967920815795225e-18,0.00012755447038598504,PARELHEIROS
8759086123,8759086125,0,25.662,0,4,44.80762790697674,0.022313476526006785,0.0009651321248111506,-3.4707177728891094e-18,0.0002314074727009271,PARELHEIROS
8759086125,13045074276,0,219.621,0,2,44.80874418604651,0.02231292065086964,0.0004772130756382725,-5.905859904400812e-18,0.00012441780368667167,PARELHEIROS
8759086140,8759086141,0,209.50900000000001,0,2,43.90753488372093,0.022770896980123134,0.0004772130756382725,-8.146308294802812e-18,0.00013536748764407134,PARELHEIROS
8759086141,8759086144,0,104.628,0,4,43.907162790697676,0.022771089953008673,0.0014309558669019702,1.2453615963367615e-18,0.0002610558430532056,PARELHEIROS
8759086141,8759086151,0,109.00300000000001,0,4,42.90846511627907,0.02330108874272112,0.0023837875114818717,-4.4313402695865115e-18,0.00024059006744894806,PARELHEIROS
8759086143,8759086144,0,71.622,0,2,44.90660465116279,0.022264296338032837,0.0004772130756382725,3.64341047977748e-18,0.00014625315678086392,PARELHEIROS
8759086144,8759086145,0,87.373,0,2,44.90660465116279,0.022264296338032837,0.0004772130756382725,3.1603174210191275e-18,0.00014625315678086392,PARELHEIROS
8759086151,8759086155,0,52.391,0,4,41.91051162790698,0.023855923362735218,0.0033357080093779773,-5.746761803366597e-18,0.00021814255812277055,PARELHEIROS
8759086151,13045074272,0,139.246,0,2,42.90920930232558,0.023300684625623815,0.0004772130756382725,-1.221274184777901e-17,0.0001257873811766064,PARELHEIROS
8921368939,8940650035,0,30.237,0,2,39.61209302325582,0.02524011929643285,0.0004772130756382725,-1.4632148474076727e-18,0.0001370141598426534,PARELHEIROS
8921795182,8921795186,0,51.355000000000004,0,2,38.68539534883721,0.02584473919609107,0.0004772130756382725,3.1832801740205394e-13,0.00013463772458361872,PARELHEIROS
8921907585,13249712921,0,26.876,0,4,44.40446511627907,0.022516067942046473,4.5557334189811215e-07,9.945108531043747e-18,0.0001860636423290164,PARELHEIROS
8934798330,8934798333,0,52.413,0,2,34.416558139534885,0.029050375968300818,0.0004772130756382725,-5.510577460765356e-18,0.00011366307481774552,PARELHEIROS
8934891205,8934891206,0,43.183,0,4,52.3326511627907,0.01910497426125537,1.8222933675924486e-06,3.300795888725233e-17,0.00016702489553801537,PARELHEIROS
8940311951,8940311955,0,67.589,0,4,54.53562790697674,0.018333225303535303,0.00018165987008187222,1.5102675699040932e-16,0.00015226376255890776,PARELHEIROS
8940650037,13801905454,0,68.378,0,2,38.62381395348837,0.025885945771496558,0.0004772130756382725,2.2499534763150233e-18,0.00013142900218159078,PARELHEIROS
8940650037,9012054770,0,55.411,0,4,38.623441860465114,0.025886195153202538,0.0014309558669019702,-6.675216854556038e-19,0.00025470574093420254,PARELHEIROS
8940650039,8940650040,0,26.707,0,2,37.95404651162791,0.026342749861521644,0.0004772130756382725,5.586578783544246e-18,0.0001230897077755702,PARELHEIROS
8940889446,8940889449,0,131.632,0,2,49.93023255813954,0.020024219841639497,0.0004772130756382725,1.8893165296228152e-18,0.00012300885954749552,PARELHEIROS
8940889458,8940889463,0,141.712,0,2,44.84911627906977,0.02229283509773338,0.0004772130756382725,-2.8916019515510196e-18,0.00012571786945410004,PARELHEIROS
8940889463,9026410459,0,220.94599999999997,0,4,44.0173023255814,0.02271411242090848,0.04619935092188113,1.7280675147425948e-18,0.00022665218613002782,PARELHEIROS
8940889465,8940889467,0,82.316,0,2,38.350325581395346,0.026070546685877563,0.0004772130756382725,-5.8387597143466565e-18,0.00012229570958977113,PARELHEIROS
8941299650,8941299656,0,107.54599999999999,0,2,36.349023255813954,0.027505937269674884,0.0004772130756382725,-2.9505161163766354e-18,0.0001243139064652355,PARELHEIROS
8941299661,8941299665,0,153.459,0,2,38.81246511627907,0.025760125013781235,0.0004772130756382725,6.993093305420351e-18,0.00011709945560916387,PARELHEIROS
8945679834,8945679838,0,108.29299999999999,0,2,40.78623255813954,0.024513515732622955,0.0004772130756382725,-4.229595024830418e-18,0.00012262836814052027,PARELHEIROS
8950168590,13340877683,0,49.511,0,2,43.70530232558139,0.02287626215328032,0.0004772130756382725,4.241440439723812e-18,0.00014299107380250537,PARELHEIROS
8950168593,13340877687,0,65.868,0,4,40.823627906976746,0.024491060808378186,0.024345383817693213,3.192020816081629e-18,0.00020040146387694538,PARELHEIROS
8950168593,13340877682,0,57.463,0,4,41.70716279069767,0.02397223610020698,0.0023837875114818717,1.2419705366250634e-18,0.00021859231904801033,PARELHEIROS
8950168612,8950168613,0,77.148,0,2,43.20744186046512,0.023139855322080606,0.0004772130756382725,-2.8874529870773287e-18,0.00013388252517533656,PARELHEIROS
8950168613,13340877667,0,193.791,0,2,43.20744186046512,0.023139855322080606,0.0004772130756382725,9.316564392813057e-19,0.00013388252517533656,PARELHEIROS
8950304754,8950304755,0,24.777,0,4,40.38213953488372,0.024758815778562017,0.00010956538872649598,-2.9783173181037565e-18,0.00020687453850015106,PARELHEIROS
8950304757,8950304767,0,154.75,0,2,36.81227906976744,0.027159795012786432,0.0004772130756382725,3.283476666235804e-15,0.00010703898581388094,PARELHEIROS
8950304769,8950304770,0,40.473,0,4,50.58846511627907,0.019763674410565143,0.0009541983646055959,1.0880367017018565e-18,0.00022449566136019253,PARELHEIROS
8950304769,8950304771,0,204.32,0,4,49.58958139534884,0.020161774416231466,0.0019074855825273957,-6.586089466861679e-20,0.0002183808987108841,PARELHEIROS
8950304770,8950304771,0,248.15599999999995,0,4,49.58958139534884,0.020161774416231466,0.0,-2.6790768876808133e-18,0.00021838089871088415,PARELHEIROS
8950304770,8950304787,0,68.167,0,2,50.588837209302326,0.01976352904400272,0.0004772130756382725,-1.0525250174592526e-18,0.0001225302313659611,PARELHEIROS
8950313360,8950313361,0,100.21000000000001,0,2,41.08874418604651,0.024333037509282233,0.0004772130756382725,2.404267140033075e-17,0.0001162623017992977,PARELHEIROS
8950334391,8950334393,0,59.732,0,2,40.02102325581395,0.024982218647873443,0.0004772130756382725,6.242914746211854e-18,0.00011809946332021723,PARELHEIROS
8950334395,8950334397,0,54.64,0,2,44.31739534883721,0.022560304946139056,0.0004772130756382725,9.59557005667339e-17,0.00012234508195554722,PARELHEIROS
8950405531,13265408875,0,242.77,0,2,40.77413953488372,0.024520786088765793,0.0004772130756382725,-1.8474223250221375e-18,0.00011645636276741913,PARELHEIROS
8950405531,8950405548,0,158.454,0,4,39.775441860465115,0.02513646377570828,0.0007398511072425341,-2.1432758954769933e-18,0.00020668948768083438,PARELHEIROS
8950405531,8950405535,0,60.36,0,4,40.77320930232558,0.024521345525561702,0.00021434725736306176,-1.048069380199664e-18,0.00020881435629201486,PARELHEIROS
8950405535,13265408884,0,122.09299999999999,0,4,40.17655813953488,0.024885505373954037,0.0016439364042393377,-6.04719834174459e-18,0.00020313953877293785,PARELHEIROS
8950405535,13265408878,0,108.576,0,4,41.17376744186046,0.024282790126022892,0.0009541983646055959,-7.29224695045751e-18,0.00020899822976897485,PARELHEIROS
8950405548,8950405552,0,62.656,0,4,39.17767441860465,0.025519992401937506,0.0025795701551625857,-9.215736704508055e-18,0.00019789439519213298,PARELHEIROS
8950405552,13265408884,0,26.205,0,4,39.17860465116279,0.025519386471021203,0.002120010546522865,-7.883264333007862e-18,0.0001978780141553302,PARELHEIROS
8953120740,8991441724,0,338.61099999999993,0,2,41.244837209302325,0.02424094798616092,0.0004772130756382725,5.083032069564018e-18,0.00011605816404386034,PARELHEIROS
8953766667,8953766668,0,49.526,0,3,41.94306976744186,0.023837405297989743,0.0004772130756382725,1.9587635355319138e-17,0.0001608098249244948,PARELHEIROS
8953766667,13340877672,0,176.282,0,5,41.23646511627907,0.024245869539716487,0.002049282785193183,1.6143088915184784e-17,0.00025895064234077414,PARELHEIROS
9012054770,9012054772,0,85.091,0,2,39.62288372093023,0.025233245528775948,0.0004772130756382725,5.332550586076388e-18,0.00014384154012434138,PARELHEIROS
9012054770,12688108928,0,124.29400000000001,0,2,39.62288372093023,0.025233245528775948,0.0004772130756382725,-4.583584450517977e-18,0.00014384154012434138,PARELHEIROS
9026410450,9026410459,0,221.956,0,2,44.182883720930235,0.02262898818020658,0.0004772130756382725,-3.662711313771267e-18,0.00012149911804765745,PARELHEIROS
9026422148,9026422152,0,71.857,0,2,45.44595348837209,0.022000065500753258,0.0004772130756382725,-4.473690683438368e-18,0.00011628168308527818,PARELHEIROS
11770046508,11770046511,0,73.293,0,2,41.416558139534885,0.024140440403568508,0.0004772130756382725,-1.0758956057209565e-18,0.00011473450993814157,PARELHEIROS
11770046512,11770046515,0,23.009999999999998,0,4,41.949953488372095,0.023833493731179125,0.00027004109841010596,-2.8445445233784857e-18,0.00018830749037323537,PARELHEIROS
11770046512,11770046514,0,62.271,0,4,41.965767441860464,0.02382451255951695,0.00020888037726028442,-7.181848348928457e-18,0.00018904083829691248,PARELHEIROS
12067404503,12067404504,0,7.49,0,5,42.57860465116279,0.02348160447435113,0.000978571538397145,1.2552478370876508e-08,0.0002032411118471973,PARELHEIROS
12071407240,12071407242,0,179.051,0,2,47.351441860465115,0.021114752037216026,0.0004772130756382725,4.347457389739965e-18,0.0001470970660946868,PARELHEIROS
12071407241,12071407242,0,33.635,0,4,46.352,0.021570028337253452,0.0014309558669019702,3.604229307306435e-18,0.00026406227795977924,PARELHEIROS
12071407242,12071407248,0,255.11499999999995,0,2,47.351441860465115,0.021114752037216026,0.0004772130756382725,-1.6837368496351918e-18,0.0001470970660946868,PARELHEIROS
12071407249,12071407255,0,171.056,0,2,46.35460465116279,0.02156881632390952,0.0004772130756382725,1.4018550778722387e-18,0.00014638516394823649,PARELHEIROS
12071407250,12071407255,0,214.99099999999999,0,2,46.35460465116279,0.02156881632390952,0.0004772130756382725,5.60770182064399e-18,0.00014638516394823649,PARELHEIROS
12544993756,12544993757,0,31.228,0,5,45.880372093023254,0.021791757735992897,4.441840083506594e-06,1.0991281601281272e-18,0.00020932086889439126,PARELHEIROS
12697029955,12697029956,0,29.498,0,2,38.436279069767444,0.026012246182143806,0.0004772130756382725,-2.9706215207036284e-18,0.00013302838450019304,PARELHEIROS
12697029956,12697029961,0,85.464,0,4,38.435906976744185,0.026012498003320537,0.0014309558669019702,5.320460089032722e-19,0.00025702218476335396,PARELHEIROS
12697029957,12697029961,0,40.962,0,2,39.435348837209304,0.025353242280565187,0.0004772130756382725,5.569658003951517e-18,0.00014455860163489054,PARELHEIROS
12697029961,12697029963,0,34.423,0,2,39.435348837209304,0.025353242280565187,0.0004772130756382725,-3.423721089969415e-18,0.00014455860163489054,PARELHEIROS
13041618335,13041618336,0,20.37,0,2,44.72279069767442,0.02235580423071323,0.0004772130756382725,5.709784319131804e-17,0.00013709249538956515,PARELHEIROS
13041618336,13041618337,0,94.447,0,4,43.7233488372093,0.022866820133354324,0.0014309558669019702,3.528361385798373e-16,0.0002364339048762207,PARELHEIROS
13041665770,13041665772,0,105.39,0,2,37.81023255813953,0.026442946415391428,0.0004772130756382725,5.906034924311101e-16,0.00011042101546306225,PARELHEIROS
13041665772,13041665773,0,53.062,0,4,36.81320930232558,0.027159108712241815,0.006186002622963516,3.5064399397262458e-15,0.00018918657219928653,PARELHEIROS
13041665772,13041665775,0,224.733,0,4,37.80781395348837,0.0264446379978053,0.0052368155651187995,6.204819563089601e-16,0.00019724295593875955,PARELHEIROS
13041665775,13041665784,0,71.865,0,4,38.80409302325582,0.02576568283374566,0.001904752142476007,1.0889444827936648e-16,0.00019366677299952469,PARELHEIROS
13041665775,13041665785,0,153.183,0,4,38.80372093023256,0.025765929903629477,0.0028571282137140105,1.0807547259751679e-16,0.0001939153372759316,PARELHEIROS
13041665777,13041665779,0,18.246,0,2,42.794976744186044,0.023362881103194028,0.0004772130756382725,1.4277826199343635e-19,0.00013692270662884375,PARELHEIROS
13041665778,13041665780,0,55.388,0,2,41.796279069767444,0.023921123500478512,0.0004772130756382725,4.2844325486770485e-18,0.00011840095501865119,PARELHEIROS
13041665779,13041665781,0,55.593,0,4,41.79553488372093,0.023921549425553412,0.0014309558669019702,1.2289769308623487e-18,0.00023555178212521574,PARELHEIROS
13041665779,13721072103,0,189.367,0,2,42.794976744186044,0.023362881103194028,0.0004772130756382725,-6.091361989262501e-18,0.00013692270662884375,PARELHEIROS
13041665780,13041665782,0,70.105,0,4,40.797581395348836,0.024506696703406952,0.0009532872179217997,5.40358585944265e-18,0.00020820590919819675,PARELHEIROS
13041665780,13041665781,0,209.334,0,4,41.795162790697674,0.023921762393778738,9.111466837962243e-07,-2.144600245107177e-18,0.00021703003051502313,PARELHEIROS
13041665781,13041665783,0,60.899,0,4,40.797209302325584,0.024506920217981166,0.0019065744358435993,-2.5320498700617735e-19,0.00020862678218971426,PARELHEIROS
13041665782,13041665784,0,70.663,0,4,39.800372093023256,0.025120718749853922,0.0014292474668698523,1.9845973032270676e-17,0.00019664978670337293,PARELHEIROS
13041665782,13041665783,0,170.597,0,4,40.797395348837206,0.024506808460184416,7.972533483216963e-07,4.839474886537667e-18,0.0001998026608728879,PARELHEIROS
13041665783,13041665785,0,56.623,0,4,39.8,0.02512095360523548,0.002382079111449754,1.9572122240613404e-17,0.00019652630212184694,PARELHEIROS
13041665784,13041665785,0,135.94,0,4,39.800744186046515,0.025120483898863642,1.0250400192707523e-06,3.4097400593164145e-17,0.00019337342795233199,PARELHEIROS
13041665786,13041665795,0,72.573,0,3,40.00502325581395,0.024992210280569416,0.0004772130756382725,2.0277757192087767e-18,0.00014283648301071015,PARELHEIROS
13041665791,13041665793,0,46.107,0,4,40.99627906976744,0.02438791949354451,0.001717739285626832,4.888694432858796e-18,0.00019108914656060125,PARELHEIROS
13041665791,13041670102,0,19.434,0,4,40.992744186046515,0.024390022511073996,0.0016954161918738243,6.483284747773011e-18,0.0001872630777984677,PARELHEIROS
13041665791,13041665795,0,144.518,0,5,40.00111627906977,0.024994651312056408,0.0,8.692689544064617e-18,0.00022548663060260052,PARELHEIROS
13041665792,13041665793,0,34.525,0,2,41.00037209302326,0.02438548487364834,0.0004772130756382725,2.1366460070835185e-18,0.00010801917428965227,PARELHEIROS
13041665793,13041665795,0,54.726,0,5,40.0046511627907,0.02499244273921637,0.002661459463368771,6.852485449732438e-18,0.00023050260977690816,PARELHEIROS
13041665794,13041665795,0,54.035,0,5,39.008186046511625,0.025630875332071028,0.0036051796411107105,8.285852724406407e-18,0.00021949423441372778,PARELHEIROS
13041665796,13041670102,0,95.254,0,4,41.93209302325582,0.023843645318011402,0.0010638776466675665,8.095146924558643e-18,0.0001866191821999465,PARELHEIROS
13041665796,13041670113,0,39.37,0,4,41.68762790697674,0.023983469525284396,0.0027159004777255955,9.712801962050358e-18,0.00018051687476802617,PARELHEIROS
13041665796,13041670104,0,51.726,0,4,42.31032558139535,0.023630495387348408,0.0012978145577322469,5.669890071407323e-18,0.0001892610663415222,PARELHEIROS
13041665800,13041670105,0,54.18,0,4,42.963906976744184,0.023271020348069337,0.00030489245906531156,8.552656337243415e-18,0.00019870752700380773,PARELHEIROS
13041665800,13041670102,0,57.677,0,4,41.965581395348835,0.023824618181012124,0.0006096710247951486,4.808735070489079e-18,0.000190865028405942,PARELHEIROS
13041665800,13041670104,0,81.62,0,4,42.92986046511628,0.023289475965122125,0.00029407259219523137,9.000235154304887e-18,0.00019350691254751772,PARELHEIROS
13041670104,13041670106,0,46.687,0,4,43.308651162790696,0.023085779091346483,0.0006493059055402843,9.520972184690665e-18,0.00019828073188650665,PARELHEIROS
13041670105,13041670106,0,61.68,0,3,43.928744186046515,0.022759902929479877,0.000294642058872604,7.644595705229696e-18,0.0001573748512408385,PARELHEIROS
13041670105,13041670106,1,118.559,0,3,43.928744186046515,0.022759902929479877,0.0,6.21784522574189e-18,0.0001573748512408385,PARELHEIROS
13041670107,13041670108,0,27.421,0,2,43.688558139534884,0.022885029766720893,0.0004772130756382725,7.0934607453831e-18,0.0001130077833999866,PARELHEIROS
13041670108,13041670118,0,42.838,0,4,43.68781395348837,0.022885419594416197,0.0009541983646055959,6.688647911543055e-18,0.00020068649391807386,PARELHEIROS
13041670108,13041670120,0,281.508,0,4,42.689488372093024,0.02342061223066732,0.0,6.217563881592252e-18,0.00019712435704142037,PARELHEIROS
13041670111,13041670112,0,25.485,0,2,42.690046511627905,0.023420306024169894,0.0004772130756382725,7.129273767659116e-18,0.00010797414115546378,PARELHEIROS
13041670111,13041670117,0,63.936,0,5,41.691162790697675,0.02398143603016645,0.0009535150045927488,1.2108065017309911e-17,0.0002250150657744567,PARELHEIROS
13041670111,13041670118,0,295.814,0,4,42.689302325581394,0.02342071430127912,6.833600128471683e-07,1.2776152308911943e-17,0.00019565285167355106,PARELHEIROS
13041670113,13041670117,0,55.274,0,5,41.68874418604651,0.023982827331676164,0.0004313140614420377,9.069567743748847e-18,0.00021423633278080543,PARELHEIROS
13041670113,13041670114,0,38.808,0,4,40.69506976744186,0.02456842952234657,0.00263879468960934,8.732081689073323e-18,0.00017267700770374242,PARELHEIROS
13041670114,13041670117,0,75.736,0,5,40.696,0.0245678679351379,0.0029043939479359393,6.57739033028318e-18,0.00021109029095495678,PARELHEIROS
13041670117,13041670120,0,38.293,0,5,41.690976744186045,0.0239815430476284,0.0019068022225145484,1.439928016994709e-17,0.00022123080578569516,PARELHEIROS
13041670118,13041670120,0,231.726,0,4,42.689302325581394,0.02342071430127912,0.0014302725068891231,1.1371173358664545e-17,0.00019236008553125068,PARELHEIROS
13045074242,13721052797,0,71.432,0,2,43.503813953488375,0.02298221380215795,0.0004772130756382725,-1.2835437097956146e-18,0.00010996748066891049,PARELHEIROS
13045074242,13045074257,0,72.941,0,4,42.64427906976744,0.023445441576175872,0.0017618160064554742,-1.5866860835247033e-18,0.00020255846736672446,PARELHEIROS
13045074257,13045074263,0,157.889,0,4,42.368372093023254,0.02359812058139024,0.0011236716477916937,3.2802713554817544e-18,0.00020920240810197986,PARELHEIROS
13045074257,13045074297,0,140.387,0,4,42.15032558139535,0.023720195270085363,0.0009982750854342383,-4.267512331309149e-18,0.00020864891455637662,PARELHEIROS
13045074263,13045074271,0,125.684,0,2,42.945302325581395,0.023281101758429328,0.0004772130756382725,1.535717494292097e-19,0.00011661142140416591,PARELHEIROS
13045074279,13045080303,0,48.433,0,6,44.80837209302326,0.02231310593950466,0.0019074855825273957,-5.390652055578903e-18,0.000292687857317756,PARELHEIROS
13045074279,13653000412,0,64.927,0,3,44.80893023255814,0.022312828007706106,0.0004772130756382725,-4.844236855413181e-18,0.00015426071011505495,PARELHEIROS
13045074279,13045074282,0,102.262,0,3,44.80893023255814,0.022312828007706106,0.0004772130756382725,-4.470367091581974e-18,0.00015426071011505495,PARELHEIROS
13045074287,13045080303,0,147.193,0,3,45.80762790697674,0.02182636384312961,0.0004772130756382725,-1.928943200129866e-18,0.00016025784470166432,PARELHEIROS
13045074288,13045080303,0,32.01,0,3,45.80762790697674,0.02182636384312961,0.0004772130756382725,-6.492117921450165e-18,0.00016025784470166432,PARELHEIROS
13045074289,13045080303,0,92.884,0,3,45.80762790697674,0.02182636384312961,0.0004772130756382725,-6.430664673008981e-18,0.00016025784470166432,PARELHEIROS
13045074296,13045074297,0,26.968,0,4,41.85953488372093,0.023884975221671594,0.0019260501962097437,-7.468746862687071e-18,0.00020456275711301652,PARELHEIROS
13045074297,13721052800,0,44.416,0,2,42.51106976744186,0.023518908344529688,0.0004772130756382725,-2.2502458918703743e-18,0.00011605792785856269,PARELHEIROS
13190720636,13190720641,0,40.461,0,5,43.8046511627907,0.02282437884901253,0.0006060264380599637,1.4743260245923268e-14,0.0002189043712089805,PARELHEIROS
13190720636,13190720639,0,145.695,0,3,43.80520930232558,0.022824088034554667,0.0004772130756382725,1.3318820504494361e-14,0.00014032883458184702,PARELHEIROS
13190720636,13190720650,0,163.44500000000002,0,5,43.8046511627907,0.02282437884901253,0.0,1.4743732566606315e-14,0.0002189043712089805,PARELHEIROS
13190720641,13190720642,0,85.994,0,4,43.86772093023256,0.02279156364376625,0.00047584635561257816,5.451448870099725e-15,0.00018044787934202322,PARELHEIROS
13190720641,13190720650,0,88.539,0,4,44.354232558139536,0.02254156809449506,0.00020216067046728727,5.819803729397688e-15,0.00017870886251520235,PARELHEIROS
13190720642,13190720650,0,137.635,0,4,43.86772093023256,0.02279156364376625,0.0002750524051709852,5.4553238816107086e-15,0.00018044787934202322,PARELHEIROS
13198197897,13198230503,0,54.269000000000005,0,4,34.88539534883721,0.028659957655365876,0.05250630826711859,8.789917482459958e-18,0.00018427699086796172,PARELHEIROS
13198197897,13198197900,0,47.30499999999999,0,4,35.26493023255814,0.02835150805332658,0.002839360853379984,2.337686263850412e-18,0.00018455181815920572,PARELHEIROS
13198197900,13198230503,0,48.976,0,4,35.497302325581394,0.028165913688822736,0.0019225195028100333,9.222756413204277e-18,0.0001851266921255617,PARELHEIROS
13198197900,13198230518,0,212.93900000000002,0,4,35.878511627906974,0.02786665076459577,0.004286717360590287,-1.4060459959172909e-19,0.00018615491568517353,PARELHEIROS
13198230515,13198230540,0,50.357,0,2,40.86753488372093,0.024464748273491668,0.0004772130756382725,-2.5078085554462985e-18,0.00013463663845044512,PARELHEIROS
13198230518,13198230527,0,51.203,0,4,36.87497674418605,0.02711361583830719,0.0028584949337397045,-2.4764281787335704e-18,0.00018791798401694595,PARELHEIROS
13198230518,13198230523,0,114.895,0,4,36.87497674418605,0.02711361583830719,0.0009528316445799015,-3.6634852584948815e-18,0.00018791798401694595,PARELHEIROS
13198230523,13198230527,0,91.68199999999999,0,4,37.87255813953488,0.02639943015744357,7.972533483216963e-07,-1.4379218104046097e-18,0.0001889276560803506,PARELHEIROS
13198230523,13198230531,0,50.8,0,4,37.872,0.026399819219697192,0.00047664360896089984,9.324569952933223e-19,0.00019192882534483442,PARELHEIROS
13198230527,13198230528,0,50.733,0,4,37.872,0.026399819219697192,0.002383218044804499,-1.2034288036925923e-18,0.00019192882534483442,PARELHEIROS
13198230528,13198230539,0,49.459,0,4,38.86976744186047,0.02572214909656575,0.0019074855825273957,2.499159096333273e-18,0.00020191482312735624,PARELHEIROS
13198230528,13198230531,0,117.18799999999999,0,4,38.86995348837209,0.0257220259804907,5.694666773726402e-07,2.228561039744914e-18,0.00019492999460931818,PARELHEIROS
13198230531,13198230539,0,182.60600000000002,0,4,38.86976744186047,0.02572214909656575,0.0,2.386650283308155e-18,0.00020191482312735624,PARELHEIROS
13198230539,13198230540,0,42.57,0,4,39.86809302325582,0.025078048074814153,0.0014309558669019702,-2.0183024353827595e-18,0.0002288040635872774,PARELHEIROS
13198230540,13198230541,0,43.852,0,2,40.86753488372093,0.024464748273491668,0.0004772130756382725,1.689455106609812e-19,0.00013463663845044512,PARELHEIROS
13256248302,13256248303,0,110.849,0,2,39.987162790697674,0.025003373175577277,0.0004772130756382725,-3.89142268557936e-18,0.00011458161606311858,PARELHEIROS
13256248304,13256248306,0,75.957,0,2,36.73786046511628,0.027214811663780095,0.0004772130756382725,2.0579128139108354e-18,0.00011758088094478699,PARELHEIROS
13256248339,13256248342,0,248.12300000000002,0,2,37.898976744186044,0.026381027652461624,0.0004772130756382725,1.8147233614472684e-13,0.00011140634218964764,PARELHEIROS
13265408878,13265408879,0,117.893,0,2,41.17581395348837,0.024281583227905294,0.0004772130756382725,-2.516706410741691e-18,0.00011664023624437909,PARELHEIROS
13265408878,13265408884,0,243.917,0,4,40.17693023255814,0.024885274900324612,0.0,-5.250334544173078e-18,0.00020685698012099153,PARELHEIROS
13265408885,13265408888,0,117.866,0,2,39.40241860465116,0.02537443103480839,0.0004772130756382725,-1.0813184884896988e-18,0.00012162420922843675,PARELHEIROS
13265408895,13265425104,0,39.235,0,4,41.2926511627907,0.024212878692306306,0.0009537427912636978,5.928257215000609e-19,0.00022292355079851962,PARELHEIROS
13265408895,13265425103,0,92.761,0,2,41.376558139534886,0.024163777714827854,0.0004772130756382725,-5.526069698690119e-18,0.00012205008851871932,PARELHEIROS
13265425105,13265425113,0,303.678,0,2,47.566883720930235,0.02101911824525173,0.0004772130756382725,1.9415418452474706e-18,0.00012303933630882,PARELHEIROS
13265425119,13265425121,0,126.34,0,2,39.839441860465115,0.025096083348510535,0.0004772130756382725,-1.432970025161421e-18,0.00012329093966115023,PARELHEIROS
13265425138,13265425139,0,60.571,0,2,42.42920930232558,0.023564284367504615,0.0004772130756382725,4.072496282293029e-18,0.00013628345734102468,PARELHEIROS
13265425139,13265425142,0,111.484,0,4,42.42883720930232,0.02356449102190261,0.0014309558669019702,2.1805035382072075e-18,0.00026223240094468223,PARELHEIROS
13265425141,13265425142,0,44.566,0,2,43.42827906976744,0.023022186807867127,0.0004772130756382725,4.890673140297809e-18,0.0001465137449753872,PARELHEIROS
13265425142,13265425145,0,94.09100000000001,0,2,43.42827906976744,0.023022186807867127,0.0004772130756382725,-2.501618454246676e-19,0.0001465137449753872,PARELHEIROS
13275694632,13275694633,0,115.841,0,2,47.55702325581395,0.021023476345655056,0.0004772130756382725,8.365102101738614e-20,0.00014472534441074104,PARELHEIROS
13275694632,13275694634,0,137.943,0,2,47.55702325581395,0.021023476345655056,0.0004772130756382725,5.7333303393822955e-19,0.00014472534441074104,PARELHEIROS
13322434914,13322434918,0,166.932,0,2,38.967255813953486,0.025657797363558672,0.0004772130756382725,6.852627125277621e-18,0.00011435070541187658,PARELHEIROS
13340877665,13340877666,0,171.088,0,2,40.2,0.024870993867869954,0.0004772130756382725,1.2524329619709318e-16,0.00011994630246289894,PARELHEIROS
13340877668,13340877672,0,256.453,0,4,40.47293023255814,0.024703275689292183,0.001964318356929185,9.600517730609086e-18,0.00021881718531226174,PARELHEIROS
13340877671,13340877672,0,25.66,0,2,41.35627906976744,0.02417562643393765,0.0004772130756382725,9.920728949857654e-18,0.00011862665867494979,PARELHEIROS
13340877678,13340877682,0,57.382000000000005,0,2,42.70623255813953,0.023411429517395208,0.0004772130756382725,1.6682409421309107e-18,0.00012852946710539871,PARELHEIROS
13340877682,13340877683,0,30.147,0,4,42.70586046511628,0.023411633499459798,0.0014309558669019702,-6.315199400413004e-19,0.00025095573953617446,PARELHEIROS
13340877683,13340877684,0,40.161,0,2,43.70530232558139,0.02287626215328032,0.0004772130756382725,2.0469424632389585e-18,0.00014299107380250537,PARELHEIROS
13361875537,13361875540,0,216.582,0,2,45.80725581395349,0.021826541139009156,0.0004772130756382725,-2.833706343876827e-18,0.00013586891729414595,PARELHEIROS
13965077922,13965077923,0,56.676,0,2,43.094697674418605,0.023200393724582748,0.0004772130756382725,3.0407037426364365e-18,0.0001453697482465521,PARELHEIROS
13965077922,13965077926,0,78.357,0,2,43.094697674418605,0.023200393724582748,0.0004772130756382725,6.3046301636154245e-19,0.0001453697482465521,PARELHEIROS
