u,v,key,length,flood_count,Degree,Mean Shortest Path Length,Closeness,bet,Eigenvector,Pagerank,district
26035126,26035175,0,595.987,0,3,29.12215909090909,0.034321854778395604,0.0025575426618923685,2.5692518118525676e-14,0.0005735117263416417,PERUS
26035126,631384183,0,195.751,0,1,30.12121212121212,0.03318347585513078,0.0012795905310300703,4.942567177380689e-15,0.00022896289811840965,PERUS
26035175,8941501811,0,125.44500000000001,0,2,29.122632575757574,0.03432129676297007,0.0012795905310300703,2.4870710704717758e-14,0.0003679831957082536,PERUS
26035175,3245959849,0,1947.0590000000004,0,4,28.124526515151516,0.035539318843751576,0.005108531723113648,1.0316547138042017e-13,0.0006496017757962419,PERUS
26035300,3245959916,0,1130.97,0,4,26.13399621212121,0.03824621795452487,0.0076529671836638394,9.088046705280913e-13,0.0005660312956807803,PERUS
26035300,26114333,0,1626.402,0,3,25.144886363636363,0.03975068730463601,7.372800754974798e-06,1.8661525156848662e-12,0.000426186644938049,PERUS
26035300,29030767,0,565.7180000000001,0,4,25.14346590909091,0.03975293297930437,0.008918631313267847,2.3584650685554978e-12,0.0005380563392065917,PERUS
29019785,29030757,0,424.485,0,4,23.171401515151516,0.043136213167681556,0.013614286194102907,2.5045222074640763e-11,0.0005189912999420506,PERUS
29019785,5199272148,0,2554.1510000000003,0,4,22.18844696969697,0.045047159745636126,0.02052505810176595,9.124899470644409e-11,0.0004995060476127229,PERUS
29020076,5199272138,0,2786.5829999999996,0,3,22.721117424242426,0.04399108091774856,0.004755456486958744,2.7388550733785748e-11,0.0004100257678752116,PERUS
29030757,29030767,0,508.5639999999999,0,4,24.15719696969697,0.04137593100744806,0.010144973838845321,7.0243329666708e-12,0.0005268827348221287,PERUS
29031084,7196543578,0,401.471,0,2,25.681818181818183,0.03891961651917404,0.0012795905310300703,7.204877071071819e-13,0.0003289058728808553,PERUS
360446531,360446644,0,148.30400000000003,0,4,21.68087121212121,0.046101768945184536,0.0004784128489894757,6.949446729437053e-11,0.0004726173467262776,PERUS
360446531,4808011245,0,367.0829999999999,0,4,22.611742424242426,0.0442038696708267,0.22170503390259547,2.4137584519018302e-11,0.0005240078305022314,PERUS
360446531,5199272138,0,123.826,0,4,22.206439393939394,0.04501066098081023,0.22190655712323146,4.1564727611646114e-11,0.000505413872597465,PERUS
360446644,360446670,0,718.77,0,4,20.933238636363637,0.04774829793490308,0.15349351971773642,1.9429404626102703e-10,0.00044575128240200633,PERUS
360446644,4090669135,0,1137.382,0,6,21.466382575757574,0.046562410393277014,0.1524121756070068,1.0004712323604268e-10,0.0006223247231739,PERUS
360446670,360446717,0,212.87199999999999,0,4,20.726325757575758,0.0482249737286974,3.768320385876008e-05,4.005123327946287e-10,0.0004453816310443106,PERUS
360446670,5199272145,0,325.877,0,4,20.826231060606062,0.04799363419347505,0.15413249578316757,4.3656304425138253e-10,0.00043337053705321145,PERUS
360446717,5199272148,0,143.881,0,4,21.229640151515152,0.047081651314762364,0.23558556012396137,3.284700211937174e-10,0.00046673061751659683,PERUS
360446717,940924944,0,463.149,0,5,20.492897727272727,0.048774288948961436,0.23615080818184275,1.1156854204676627e-09,0.0005249502086814252,PERUS
817882587,4795344573,0,76.388,0,4,26.657670454545453,0.037494893518765206,0.03206103368304985,0.0002798341752456882,0.0004606738531370115,PERUS
817882587,942550777,0,119.03599999999999,0,4,26.833806818181817,0.03724877807774425,0.0012918785322883616,0.00032282157668418683,0.00045717266306117367,PERUS
817882587,942449999,0,315.352,0,4,27.052083333333332,0.03694822697518115,0.03233055051064837,0.0008502008882521536,0.000452974467176091,PERUS
817882627,942550804,0,103.487,0,5,26.849431818181817,0.03722710118858675,0.09870459890735093,1.2995819638778242e-06,0.0005327736435645683,PERUS
817882627,942550784,0,293.364,0,4,27.41287878787879,0.03646193173967113,0.01902100674775109,3.0571594681992205e-06,0.0004583238084991881,PERUS
817882627,940926910,0,703.8870000000001,0,4,27.492897727272727,0.03635580814604323,0.1166196855418558,9.421628441878473e-07,0.0004562710683991677,PERUS
817882652,942450284,0,6.273,0,4,24.593276515151516,0.04064226718777074,0.051304862853617954,0.061096497567828464,0.0004234528365123799,PERUS
817882652,942450253,0,65.524,0,4,24.59753787878788,0.04063522617901829,0.04948623866739084,0.04712051943052964,0.0004313991498529783,PERUS
817882652,4794277755,0,178.50599999999997,0,5,24.026988636363637,0.0416001576510001,0.0011730945201248789,0.11680242158904644,0.0004898805782453764,PERUS
817882899,940926933,0,36.125,0,4,30.94034090909091,0.032304961283016555,0.10299966494716568,8.19824194715539e-09,0.0004775379527786607,PERUS
817882899,4795410185,0,398.623,0,4,31.821969696969695,0.03140995119628616,0.1029161065386093,2.8312049713948845e-09,0.0004845908805049391,PERUS
817882899,3245998670,0,35.943999999999996,0,4,31.868844696969695,0.031363751170012034,0.0010567681082130542,4.777592912532235e-09,0.0004786779187940845,PERUS
817882959,4795410185,0,21.32,0,4,32.734848484848484,0.030534019902800278,0.06906102467184892,8.461877054262961e-10,0.0004943131838267349,PERUS
940908092,4794101467,0,80.772,0,4,25.294981060606062,0.039514815716077345,0.06805422776875292,0.012297190505443128,0.0005043057882562739,PERUS
940908092,942500248,0,35.356,0,4,24.61837121212121,0.04060083855829519,0.08054129464742857,0.030311018943393678,0.00046289468880946334,PERUS
940908092,1805056502,0,13.594999999999999,0,4,25.223958333333332,0.039626076999605804,0.014410548675640185,0.0268565459124336,0.0004714894460603663,PERUS
940908125,942449974,0,42.274,0,4,21.461647727272727,0.04657268294835308,0.1506975898314332,0.0481200380115483,0.0004277779900168164,PERUS
940908125,940908200,0,30.242,0,4,21.946969696969695,0.04554280289955126,0.013214516553166494,0.04086609370371353,0.00044036603886200035,PERUS
940908125,940908139,0,75.293,0,5,22.070549242424242,0.045287795250252075,0.1590247586841353,0.11723357372378543,0.0004922441758175572,PERUS
940908139,4794278334,0,136.93200000000002,0,6,22.572916666666668,0.044279900994252636,0.0005185536530998941,0.18064648393330268,0.0005528730621808184,PERUS
940908139,1805056421,0,146.48499999999999,0,5,22.607007575757574,0.04421312780128178,0.028367260504807475,0.1277404463453911,0.00048675063402127503,PERUS
940908139,942450603,0,113.37899999999999,0,6,22.40530303030303,0.044611158072696534,0.129663808477574,0.21000180593531526,0.00054238270128205,PERUS
940908156,942500129,0,72.303,0,4,26.44933712121212,0.03779022931920302,0.06225756797517496,0.0011039753463287936,0.0005276267465123736,PERUS
940908156,4794101467,0,49.169,0,4,25.956439393939394,0.03850784385260854,0.06589973154813251,0.0034947759453638327,0.0005214379106307294,PERUS
940908156,4794184143,0,63.861,0,4,26.410984848484848,0.03784510577267838,0.00468090927932511,0.0016567869651081142,0.0005042346040273236,PERUS
940908174,1805056478,0,55.765,0,5,26.039299242424242,0.03838530775525048,0.013191578950817684,7.910910524863119e-07,0.0005601570396486946,PERUS
940908174,4794177238,0,51.370000000000005,0,5,26.13778409090909,0.03824067532561636,0.0008257536845571773,5.992248744121177e-07,0.0005603169413845033,PERUS
940908174,4794081542,0,197.056,0,5,25.786458333333332,0.03876168267200382,0.00014909441526726812,8.743901231775916e-07,0.0005691198209939582,PERUS
940908174,3930337124,0,161.472,0,5,25.62594696969697,0.039004471379476,0.012514919681527776,4.86488807140208e-07,0.0006056060521357988,PERUS
940908182,942500118,0,29.84,0,4,27.505208333333332,0.03633953624485721,0.045956305505925686,2.8056050903550215e-05,0.0004595781195268848,PERUS
940908182,7958728679,0,34.410000000000004,0,4,27.737689393939394,0.0360349595438872,0.04404675011038721,1.1664135386849357e-05,0.00045210580494048537,PERUS
940908182,1805056381,0,163.01299999999998,0,4,27.017992424242426,0.036994847709508956,0.0023011330356360227,1.7449561083656887e-05,0.0004612228616116418,PERUS
940908200,1805056417,0,127.672,0,5,22.300189393939394,0.04482143615440146,0.007865140005390337,0.030836000362744233,0.0005631015677226806,PERUS
940908200,4789241872,0,18.902,0,4,21.50899621212121,0.04647016091751602,0.018864539531728848,0.015533339592869877,0.0004681857950853964,PERUS
940924893,940924968,0,39.118,0,4,20.57433712121212,0.048581225692127125,0.04743578085742396,1.2162516058851912e-09,0.00041292589294329826,PERUS
940924893,940924917,0,27.238,0,5,20.634943181818183,0.048438539730616556,0.0007970816816211642,1.882157148943421e-09,0.000490682422411467,PERUS
940924893,5199272141,0,232.49200000000002,0,5,20.614583333333332,0.04848637971427259,0.04770857448535803,1.2566040629801604e-09,0.0004924182611643304,PERUS
940924917,8943252995,0,32.572,0,5,20.865530303030305,0.047903240446582555,0.0009674752990694707,1.9992324951558487e-09,0.0004943336459661927,PERUS
940924917,940924936,0,20.953,0,5,20.54308712121212,0.04865512711180769,0.0016875521728053425,2.5814244545307124e-09,0.0004898200863706339,PERUS
940924917,940925003,0,43.415,0,6,20.277935606060606,0.04929133490555024,0.0007831552801951007,2.697746360344458e-09,0.0005755977685224603,PERUS
940924929,2478796267,0,20.783,0,5,20.158143939393938,0.04958425330013623,0.23779821955053768,1.9033775218131966e-08,0.0005077780094242699,PERUS
940924929,940925009,0,88.917,0,4,20.060606060606062,0.04982533987915408,0.29673884638605785,4.562703403582301e-08,0.00044165219906135557,PERUS
940924929,7983468724,0,18.701,0,4,19.932291666666668,0.05014609117039219,0.058920966033506925,1.6853494699734263e-08,0.0004225987097701756,PERUS
940924936,8943252995,0,49.668000000000006,0,4,20.815814393939394,0.04801765120669654,0.3370099033098141,2.029286907190411e-09,0.00040976145190183504,PERUS
940924936,1805050455,0,108.917,0,5,20.263257575757574,0.049327039910271986,0.3390054747141606,4.765666688815517e-09,0.0004905256541120888,PERUS
940924944,2478796318,0,8.453,0,5,20.45407196969697,0.048866871918331445,0.1370955916385886,1.289776543691342e-09,0.0005071092813241392,PERUS
940924944,1805050764,0,56.077,0,6,20.416666666666668,0.048956400742115026,0.35635859009111964,1.596416385873844e-09,0.0005893956089488805,PERUS
940924944,1805050957,0,100.20999999999998,0,5,20.294981060606062,0.04924993584210158,0.02468004092723619,2.165073931053161e-09,0.0005371729234141871,PERUS
940924958,9573065000,0,11.307,0,5,20.08712121212121,0.04975957005468603,0.08823276423503505,7.58367108679335e-09,0.0005039182505447654,PERUS
940924958,1805050455,0,220.575,0,5,19.97774621212121,0.050031995828691965,0.32542149892316147,7.074326112649367e-09,0.0004898796833034565,PERUS
940924958,2478796267,0,161.35600000000002,0,5,19.977272727272727,0.05003318164580963,0.2374312179129567,1.1296622358075003e-08,0.0004949626069607571,PERUS
940924968,940925003,0,31.187,0,5,20.28503787878788,0.04927407684048364,0.0007888896807823033,2.0318408146204034e-09,0.0004997082319323184,PERUS
940924968,7347525140,0,80.503,0,4,20.785984848484848,0.048086560364464695,0.0471564336288188,1.130670018309981e-09,0.0004252362984834883,PERUS
940925003,6080898005,0,121.32,0,5,19.961174242424242,0.0500735329000427,0.06807634617101785,3.5391344435107455e-09,0.0004915259486364711,PERUS
940925003,7347525140,0,83.432,0,5,20.480113636363637,0.048804734822212974,0.06700237486104318,1.942951906813328e-09,0.0005066620800302104,PERUS
940925009,1805050519,0,155.60899999999998,0,4,20.528882575757574,0.04868879304379915,0.006044058218911561,6.56632174540556e-08,0.0004571091578259473,PERUS
940925009,1805050448,0,108.603,0,4,20.197443181818183,0.049487774573926904,0.3018785077123592,1.348383974929771e-07,0.0004591284352325417,PERUS
940925015,4789241911,0,65.117,0,4,20.091382575757574,0.04974901609596305,0.41420230801431634,0.00037537831119810136,0.00047326802914120876,PERUS
940925015,1805050430,0,113.733,0,4,20.25284090909091,0.049352410342731565,0.4086219170428843,0.0001190509656969709,0.00047452513546895046,PERUS
940925015,4793152135,0,79.96599999999998,0,4,20.203125,0.049473856898450866,0.007987200817889364,0.00016742392562385687,0.00047359996359188614,PERUS
940926902,3245993256,0,79.782,0,4,29.233901515151516,0.034190664377571185,0.016732980913457245,7.885490773092144e-08,0.0004732555933488314,PERUS
940926902,940926910,0,244.992,0,4,28.30871212121212,0.03530808857964809,0.1254113408421213,2.62806429914582e-07,0.0004669901578493227,PERUS
940926902,3245998661,0,76.99600000000001,0,4,29.18371212121212,0.0342494645986112,0.10756916301508229,7.8855674695141e-08,0.0004723372401531623,PERUS
940926906,942450253,0,9.777,0,4,25.12878787878788,0.039776153150437144,0.04240507314227949,0.020780450009810013,0.00045050242864004157,PERUS
940926906,942500408,0,78.627,0,4,25.80587121212121,0.038732523577116436,0.002256077031022288,0.007421412028260832,0.000464315064629153,PERUS
940926906,942450136,0,110.75299999999999,0,4,25.677083333333332,0.03892679328784805,0.039233130417472555,0.007672296558558754,0.00045854761910688394,PERUS
940926910,942483580,0,263.47,0,4,28.32149621212121,0.035292150798294744,0.009899213813679494,2.6169916382537315e-07,0.0004623050698923383,PERUS
940926933,3245998661,0,2.181,0,4,30.060132575757574,0.033250901759415315,0.10652877890854696,2.629212642901113e-08,0.00047473173854607097,PERUS
940926933,3245998670,0,8.917,0,4,30.988636363636363,0.032254614350323924,0.002413363447128417,8.573308665787106e-09,0.00047694796725477717,PERUS
940926938,8002082155,0,15.634,0,5,23.413825757575758,0.042689585439838224,0.04123771302274181,0.18118240923090723,0.0004578750798887844,PERUS
940926938,942450603,0,110.38,0,6,22.75662878787879,0.04392243352336565,0.13133251904844995,0.2291675533084907,0.0005325851640656872,PERUS
940926938,1805056447,0,114.63199999999999,0,6,23.298768939393938,0.04290040034954377,0.005210112533515524,0.18440745506393832,0.0005494707956366356,PERUS
940926938,1805056505,0,93.53399999999999,0,6,23.224431818181817,0.04303771661569827,0.12177818847008649,0.17849211704785028,0.000552054301159387,PERUS
942449892,942450017,0,18.714,0,5,23.870265151515152,0.04187328916570794,0.01021624424614341,0.03229490113877803,0.0004947582152418874,PERUS
942449892,942450002,0,112.48100000000001,0,6,24.093276515151516,0.041485703055910386,0.011327079559892947,0.0743086884144692,0.0005640881717022898,PERUS
942449892,942450246,0,116.41100000000002,0,6,24.33712121212121,0.041070038910505834,0.012672206097633905,0.037346654126146,0.0005788436508822665,PERUS
942449892,4794278346,0,93.793,0,5,24.466382575757574,0.04085305672207923,0.018314856275441282,0.03273931285565293,0.000504106000134572,PERUS
942449966,942450475,0,71.312,0,5,25.229640151515152,0.039617153044946986,0.0011526145180277266,0.0208804810809554,0.0005164892181965615,PERUS
942449966,4794286507,0,116.11699999999999,0,5,24.65719696969697,0.0405369075965896,0.00016957441736442034,0.033364158762153165,0.0005020564706664307,PERUS
942449966,4794286732,0,111.99099999999999,0,5,24.66003787878788,0.040532237625283206,0.003107225918179934,0.03857377840105829,0.0005010594516106887,PERUS
942449966,4794336461,0,69.487,0,5,25.216856060606062,0.039637237598107326,0.0012312577260807911,0.020707870210545563,0.0005157890683884304,PERUS
942449974,4789241860,0,79.42099999999999,0,4,20.848484848484848,0.047942405523255814,0.15100151306255494,0.028043168438910377,0.00043948617742332186,PERUS
942449974,942450610,0,124.39200000000001,0,5,21.571022727272727,0.046336538039422275,0.0004661248477311844,0.06316204159878926,0.0005087942611560944,PERUS
942449994,4794286498,0,23.405,0,4,24.29024621212121,0.04114929533537358,0.004196762029748432,0.0035210376664291027,0.00044633566815382314,PERUS
942449994,4794337033,0,96.789,0,4,23.435606060606062,0.04264991110392759,0.0034627587545864964,0.0022006168454594267,0.00045157420714652156,PERUS
942449994,4794336497,0,177.31699999999998,0,4,24.133522727272727,0.04141651952128703,1.6384001677721772e-06,0.005482649889123814,0.00043634944958261267,PERUS
942449999,2479349174,0,121.13199999999999,0,5,26.642518939393938,0.03751621674456628,0.006284083843490186,0.002030793382983951,0.0005315417984830548,PERUS
942449999,942500137,0,128.904,0,4,26.48532196969697,0.03773888481684753,0.03825090951689313,0.0017713526280365626,0.000454467302989198,PERUS
942450002,4794286732,0,102.316,0,5,24.051136363636363,0.04155839042444287,0.011091149935733754,0.07246747203270294,0.0004830194959933218,PERUS
942450002,4794278254,0,122.809,0,6,23.46496212121212,0.042596553533233786,0.0006045696619079334,0.14287933999391722,0.0005504649020222615,PERUS
942450002,4794286507,0,118.20199999999998,0,5,24.051136363636363,0.04155839042444287,0.0009486336971400906,0.06725785239379777,0.00048401651504906376,PERUS
942450005,4795344573,0,377.99600000000004,0,4,26.28787878787879,0.03802233429394813,0.0,0.00017702478197590326,0.00045726718765309746,PERUS
942450005,942550777,0,88.449,0,4,26.45975378787879,0.03777535207487071,0.0002990080306184223,0.00022001218341439994,0.00045376599757725975,PERUS
942450005,4794342848,0,200.515,0,5,25.882102272727273,0.03861844392001903,0.0009805825004116481,0.00031755618865223097,0.0005461932978660926,PERUS
942450017,942450662,0,109.76500000000001,0,5,23.396780303030305,0.042720686445137004,0.009122612134155482,0.012139545174653465,0.0005102293149936008,PERUS
942450017,4794278308,0,148.81900000000002,0,4,24.121685606060606,0.04143684365492197,7.12704072980897e-05,0.010782300077343418,0.0004235877423017779,PERUS
942450022,942450179,0,64.837,0,4,26.078598484848484,0.03832746287083772,0.004313088441660257,0.0008567602423003105,0.00044140662466764046,PERUS
942450022,2479349174,0,129.744,0,5,26.479640151515152,0.037746982565936525,0.0007061504723098083,0.001912842742152256,0.0005260230292979447,PERUS
942450022,942450482,0,94.195,0,4,26.92282196969697,0.03712562213116195,0.002902425897208412,0.0010357527156377143,0.0004367556934716266,PERUS
942450092,4794342829,0,46.112,0,4,24.365056818181817,0.0410229503099555,0.01228554365803967,4.3867897648511686e-05,0.0005113886022595171,PERUS
942450092,4794342837,0,208.344,0,4,23.633522727272727,0.04229274351885243,0.11141203060859194,0.00010555394463632759,0.00048646722947698784,PERUS
942450092,8921421674,0,60.334,0,4,23.52746212121212,0.04248339706178306,0.11958027464502012,3.9479407500212664e-05,0.00048706606659590346,PERUS
942450136,942500137,0,100.003,0,4,26.095643939393938,0.038302427695322425,0.038365597528637184,0.003799992796156688,0.00045942559585550243,PERUS
942450136,942450475,0,96.80799999999999,0,4,25.736742424242426,0.03883655898152918,0.0007806976799434424,0.007747510138200694,0.0004466474999933239,PERUS
942450179,4794337067,0,36.692,0,4,25.402935606060606,0.039346890085925706,0.00679198789549956,0.0009453140547397724,0.00045245940253649795,PERUS
942450179,4794342848,0,199.554,0,5,25.96496212121212,0.0384952040555819,0.0020217858070308665,0.0005448755768018751,0.0005430165529333091,PERUS
942450228,4794286507,0,46.002,0,4,24.826704545454547,0.04026013655261853,0.0018522113896664463,0.02543623032835115,0.00041683723824988193,PERUS
942450228,4794337066,0,68.283,0,4,25.39441287878788,0.03936009546361382,0.005105254922778104,0.010537724392346457,0.00043556793836534407,PERUS
942450228,942450246,0,63.666999999999994,0,5,25.02840909090909,0.03993567915247825,0.006890291905565891,0.020622709919935277,0.0005064537543614946,PERUS
942450246,4794336497,0,66.74,0,5,24.588068181818183,0.04065087617947237,0.006349619850201073,0.016663505212232244,0.0005065464673380796,PERUS
942450246,4794286506,0,140.073,0,5,24.603219696969695,0.04062584196143335,0.0007184384735680997,0.016859986279247452,0.0005099024560350288,PERUS
942450253,942450351,0,114.02,0,4,24.59469696969697,0.04063991991375327,0.009487975371568678,0.04544710720695084,0.00042891235699026053,PERUS
942450284,4794234353,0,25.152,0,4,24.634469696969695,0.04057430614284616,0.025475484208689583,0.040918613993556965,0.00044003062215107296,PERUS
942450284,2479349134,0,94.426,0,5,24.08712121212121,0.04149630445038528,0.038628560755564624,0.1116930004260133,0.0004936365694799479,PERUS
942450292,942450410,0,48.001,0,4,22.5625,0.044300344161840005,0.12700304660511197,0.0005684014340891767,0.00046287580634042,PERUS
942450292,8002166673,0,184.701,0,4,21.890625,0.04566002638807778,0.12687361299185798,0.0010514233340740984,0.00045094583846888223,PERUS
942450292,4794337033,0,62.91,0,4,22.656723484848484,0.044116110426114394,0.0023445506400819856,0.0010059901026672007,0.000457014870116979,PERUS
942450351,4794277755,0,109.812,0,5,24.041666666666668,0.04157475972900583,0.002190541024311401,0.1151290093654677,0.00048722223701000623,PERUS
942450351,4794286732,0,16.913,0,4,24.68087121212121,0.04049802401872386,0.009809101804452025,0.052426724089096745,0.00041193718210194824,PERUS
942450410,4794342837,0,168.93699999999998,0,4,23.091856060606062,0.04328480623334017,0.11546051742315698,0.000281982509932539,0.0004734980855864264,PERUS
942450410,4794337046,0,32.120000000000005,0,4,23.287405303030305,0.042921334607486324,0.011196826746555059,0.0006054323563012674,0.00046184154475870196,PERUS
942450450,4794337049,0,60.164,0,5,24.116477272727273,0.04144579259433777,0.0007118848728970109,0.002848683239454123,0.0005313511791189523,PERUS
942450450,4794337046,0,121.143,0,4,24.06534090909091,0.04153386062251604,0.00032604163338666327,0.00115386213865967,0.0004510774857508867,PERUS
942450450,4794337033,0,105.528,0,4,23.53409090909091,0.04247143087075487,0.0012443649274229685,0.0013914877538573696,0.00045035070037950143,PERUS
942450470,2479349208,0,34.65,0,4,27.34659090909091,0.03655031511877554,0.020815874131545512,2.9951848531462418e-05,0.0004701117055362438,PERUS
942450470,4795344572,0,35.756,0,4,27.498106060606062,0.03634892210207315,0.009500263372826969,2.9954012261163024e-05,0.00047100312576660883,PERUS
942450470,4795344573,0,82.836,0,4,26.711174242424242,0.03741978941397525,0.03114352958909743,9.974430881059066e-05,0.0004661462463120936,PERUS
942450473,8002166683,0,10.634,0,4,25.077651515151516,0.03985726153613776,0.012940084525064656,0.0008548645736570122,0.0004618744015406943,PERUS
942450473,4794337050,0,54.649,0,4,24.66524621212121,0.04052367880521375,0.012546868484799334,0.0012804788426455207,0.0004509270629631141,PERUS
942450473,4794336516,0,169.56100000000004,0,4,25.194602272727273,0.03967224821935314,0.0012681217298556651,0.0018194700081772652,0.0004496643315198969,PERUS
942450475,2479349169,0,214.414,0,4,25.785984848484848,0.03876239441792141,0.00019005441946157257,0.00778626821598139,0.00043524848661300223,PERUS
942450482,2479349174,0,122.48700000000001,0,5,26.97537878787879,0.03705328933511198,0.005511578164385604,0.0018887399507871185,0.0005258698226979644,PERUS
942450482,4794342841,0,82.8,0,4,26.73058712121212,0.03739261358604198,0.007586611976869067,0.0007077834130881948,0.00044071083049123457,PERUS
942450603,4794278250,0,136.53,0,6,22.885890151515152,0.0436743560566877,0.003636429172370347,0.25493236825730875,0.0005260039848066455,PERUS
942450603,1805056436,0,150.32399999999998,0,5,22.929450757575758,0.043591384971193754,0.0012320769261646772,0.17827693809983874,0.00046348051736078036,PERUS
942450610,4794278296,0,80.795,0,5,22.17282196969697,0.04507890409788806,0.031105027185154784,0.05715742082289719,0.0005079923219934049,PERUS
942450610,4794278153,0,79.946,0,5,21.620265151515152,0.04623100170820376,0.035385347623459594,0.05802472843055384,0.0005115986676519693,PERUS
942450610,4794278334,0,109.13899999999998,0,6,22.137310606060606,0.04515121700817042,0.003727360381681703,0.13589056704118266,0.0005679920473875356,PERUS
942450662,4794286721,0,209.70599999999996,0,5,22.698390151515152,0.04403512797513507,0.00886538330781525,0.005970650481509658,0.0005207884552456033,PERUS
942450662,4794278326,0,111.732,0,5,23.544507575757574,0.042452640469774365,0.006260327041057489,0.006877176244899656,0.0005202196839895587,PERUS
942450662,4794286520,0,83.22800000000001,0,5,23.544981060606062,0.04245178675568605,0.007626752780979485,0.006968684267835908,0.0005200264379408775,PERUS
942450693,4794342829,0,64.345,0,2,25.26278409090909,0.03956517664698716,0.0012795905310300703,2.0403116943849564e-05,0.00028932135532362766,PERUS
942450714,942483304,0,16.707,0,5,20.943655303030305,0.047724549544457755,0.16213853820298632,0.0012547336651037072,0.0005414406618983939,PERUS
942450714,8005510904,0,28.061999999999998,0,5,21.095643939393938,0.04738070655833371,0.27685849875031027,0.002202058654490669,0.0005346717024130675,PERUS
942450714,8002166673,0,12.26,0,5,21.08996212121212,0.047393471330429704,0.13641074036845982,0.0016666649250887664,0.0005363425857725943,PERUS
942450714,5998233395,0,494.601,0,5,20.40340909090909,0.04898821126891302,0.0008044544823761389,0.0019203430587483386,0.0005500498570311876,PERUS
942483204,942483547,0,96.95,0,3,24.868844696969695,0.04019191592254822,0.0012795905310300703,2.2040241061234656e-06,0.00032633776569672624,PERUS
942483205,942483462,0,4.884,0,4,25.607007575757574,0.03903331977367701,0.04630938074208059,3.0230122092647328e-06,0.0004611340218953067,PERUS
942483205,4794359179,0,25.42,0,4,26.57149621212121,0.03761649352269285,0.028478671716215983,1.6711675218889183e-06,0.0004464016441514904,PERUS
942483205,4794359180,0,21.153,0,5,25.770833333333332,0.03878518409642096,0.01700823214164297,2.495120346930853e-06,0.0005369317380652403,PERUS
942483210,4794390726,0,107.34,0,2,26.926609848484848,0.03712039951467407,0.0012795905310300703,1.7630942766527194e-07,0.00029039846601459083,PERUS
942483224,942550834,0,47.781,0,5,27.38967803030303,0.036492817259322005,0.0011034625129945613,6.65922204363118e-07,0.0004968122610220695,PERUS
942483224,942483570,0,175.315,0,4,27.223011363636363,0.03671623619445169,0.0013819905415158313,6.079495804337855e-07,0.0004143843142934217,PERUS
942483224,942550767,0,124.446,0,5,26.70407196969697,0.03742974166208621,0.001009254503347661,1.2463659992391401e-06,0.00048339095849857597,PERUS
942483225,942483395,0,33.226,0,4,25.893939393939394,0.03860078993563487,0.08335688533574506,9.84416816006616e-07,0.00046648705601105936,PERUS
942483225,942483483,0,34.08,0,4,25.13967803030303,0.03975892268575196,0.08422359902449654,3.3207007202245267e-06,0.00045730120062007873,PERUS
942483225,942483407,0,61.508,0,4,26.04782196969697,0.0383727482595023,5.242880536870967e-05,1.0900574644119395e-06,0.00046314866113158956,PERUS
942483246,942483286,0,28.049,0,4,29.060132575757574,0.03439511201629328,0.003058073913146769,8.013133004335128e-09,0.0004684061312133946,PERUS
942483246,942483617,0,133.374,0,4,28.486268939393938,0.03508801090371158,0.08089191228333181,9.533098559341752e-09,0.00047291030223480044,PERUS
942483246,942483435,0,21.872,0,4,29.21969696969697,0.034207285455016855,0.0770064462854601,5.384982984293049e-09,0.00045819287020060836,PERUS
942483268,942483320,0,45.038,0,5,26.265625,0.03805454905990301,0.003950182804498719,1.3291017015954451e-06,0.0004931657597882356,PERUS
942483268,942483592,0,49.044,0,6,25.37215909090909,0.039394617997238084,0.00502661171472504,2.3695330752922917e-06,0.0005639529505635065,PERUS
942483268,942483546,0,120.647,0,5,26.248106060606062,0.038079948048199724,9.011200922746974e-06,1.3492659213378724e-06,0.0004962577812990418,PERUS
942483268,942550767,0,218.21800000000002,0,6,26.153882575757574,0.038217137063924544,6.799360696254535e-05,1.8569618347669183e-06,0.0005614853899479603,PERUS
942483274,942483547,0,46.187,0,6,24.08712121212121,0.04149630445038528,0.01724743856613771,5.346784775256139e-06,0.0006170090792298998,PERUS
942483274,942483444,0,35.085,0,5,23.443181818181817,0.042636128615285186,0.021287733379863897,1.0822887160566351e-05,0.0005543703681686201,PERUS
942483274,942483361,0,94.519,0,3,24.26467803030303,0.04119265517981541,0.0012795905310300703,4.00781088258881e-06,0.0003459524058314078,PERUS
942483274,7990875065,0,232.748,0,5,24.151041666666668,0.04138647636598898,0.0030310403103785276,4.594376520453315e-06,0.0005483607785260181,PERUS
942483276,942483522,0,31.738,0,4,26.873106060606062,0.03719430544788216,0.00031866883263168846,8.176206909061218e-07,0.0004527407964604139,PERUS
942483276,4794359179,0,28.851,0,4,26.714488636363637,0.03741514684248773,0.027856079652462555,9.760643687900801e-07,0.0004507351732681544,PERUS
942483276,2479349161,0,16.636,0,4,27.49715909090909,0.03635017391603816,0.027352271600872613,4.0415207222969763e-07,0.00046205990325104196,PERUS
942483286,942483435,0,23.348999999999997,0,4,29.784564393939394,0.03355854065654559,0.0019226625968806498,7.011387395632585e-09,0.00045955564901829175,PERUS
942483286,942483323,0,77.656,0,4,28.859848484848484,0.03463381021131382,0.004035379613222872,1.9585733903016232e-08,0.0004791946287976209,PERUS
942483293,942550793,0,36.475,0,4,30.912405303030305,0.03233415534486192,0.009757492199167201,1.2650450789038807e-08,0.0004737454040336241,PERUS
942483293,942550831,0,21.375,0,4,31.82528409090909,0.031406680056535,0.004550656465987222,1.0957854202110084e-08,0.0004733210179339928,PERUS
942483293,4795296841,0,129.927,0,4,31.112689393939394,0.03212600821792726,0.006450381460519062,1.153779198352666e-08,0.0004714620146177415,PERUS
942483304,942483416,0,112.80600000000001,0,4,21.6875,0.046087677932058334,0.08799028101020477,0.00035597841644107505,0.00045886324610859385,PERUS
942483304,942483585,0,71.41900000000001,0,4,21.55066287878788,0.046380314182137755,0.07335854831191535,0.0003555986594998174,0.0004594556346388983,PERUS
942483314,942483483,0,33.354,0,4,24.265625,0.04119104763019766,0.08517796712222384,1.1066401204886798e-05,0.0004582172780850139,PERUS
942483314,942483564,0,34.273,0,4,23.396306818181817,0.042721551008843825,0.08613643122037055,3.455794812513177e-05,0.000466706589068163,PERUS
942483314,4794341311,0,57.718,0,4,24.13399621212121,0.04141570697063036,0.00012615681291845764,1.5391889666101804e-05,0.0004679103245599944,PERUS
942483320,942483330,0,124.755,0,4,27.118844696969695,0.03685726756874727,0.00297615390475816,5.652268168448709e-07,0.00043036648448429915,PERUS
942483320,942550807,0,220.12199999999999,0,4,27.026988636363637,0.036982533592614004,0.0001581056161900151,7.449490746142423e-07,0.0004122619206669248,PERUS
942483323,942483562,0,94.84299999999999,0,4,28.885416666666668,0.034603153788151986,0.001489305752504909,1.889088682953249e-08,0.000510999251204794,PERUS
942483323,4794403152,0,179.08099999999996,0,4,27.926136363636363,0.035791793828416414,0.002940928301151058,6.755622903395162e-08,0.0004804180448469917,PERUS
942483325,942483564,0,44.097,0,4,23.302556818181817,0.04289342680077212,0.00013516801384120462,4.4368770038585155e-05,0.00046912713977980574,PERUS
942483325,4794369964,0,34.915000000000006,0,4,23.196022727272727,0.04309042661767708,0.05364122149286108,6.18952420794758e-05,0.0004692321110918703,PERUS
942483325,4794341311,0,29.147000000000006,0,4,24.031723484848484,0.04159196138311497,0.05293425182046738,2.5202711579572203e-05,0.0004703308752716372,PERUS
942483326,4795296919,0,148.97299999999998,0,4,30.96875,0.03227532642265236,0.0019070977952868142,5.420269275652945e-09,0.0004956971893321197,PERUS
942483326,4795296848,0,106.556,0,4,30.03125,0.03328288083751143,0.003449651553244319,1.963253010916259e-08,0.00047189384359513605,PERUS
942483326,4795296887,0,48.873999999999995,0,4,30.955492424242426,0.0322891492551011,0.0025272322587885834,5.576965777546959e-09,0.0004580045139429789,PERUS
942483330,942483546,0,50.969,0,4,27.099431818181817,0.03688367054547996,0.0011247617151755997,5.853910365901552e-07,0.00043326177188108216,PERUS
942483330,4794403117,0,48.847,0,4,27.93087121212121,0.03578572639430412,0.0031670275243036185,2.689391307385367e-07,0.0004515397088274862,PERUS
942483357,4795296841,0,112.73400000000001,0,4,30.552083333333332,0.03271549452933701,0.0073711623548070255,1.9196527560176096e-08,0.00046778264041784996,PERUS
942483357,4795296848,0,230.676,0,4,29.866477272727273,0.03346650179143283,0.008305050450437166,2.7920202831961964e-08,0.0004670749618495917,PERUS
942483357,942550799,0,222.495,0,4,30.473484848484848,0.032799875699192044,0.00024903682550137093,4.3025944667433136e-08,0.0004592205932314671,PERUS
942483376,4794384373,0,173.549,0,4,29.187973484848484,0.03424446427123043,0.002304409835971567,2.2068569880976375e-08,0.0004771502451718453,PERUS
942483376,4794369997,0,92.79100000000001,0,4,28.463068181818183,0.035116611770968496,0.00029818883053453623,3.1872192598638885e-08,0.00048606197786021276,PERUS
942483376,942483450,0,12.861,0,4,28.973958333333332,0.03449740983445819,0.001767014580942293,2.7028573899146384e-08,0.00047895761523851846,PERUS
942483383,942483618,0,87.57900000000001,0,4,27.373106060606062,0.036514910399225074,6.062080620757056e-05,1.0798222232734457e-07,0.00047242391523864293,PERUS
942483383,6348597379,0,19.868999999999996,0,4,28.249526515151516,0.03538206258485158,0.01258537088874198,1.0734979551309565e-07,0.00047138204475409557,PERUS
942483383,4794386137,0,13.960999999999999,0,4,28.137310606060606,0.035523171675697504,0.011792385207540246,5.826946802897306e-08,0.0004723095458213699,PERUS
942483395,942483618,0,91.61899999999999,0,4,26.55871212121212,0.03763460029950795,0.08246805324472865,3.029742840292578e-07,0.00047103888095162286,PERUS
942483395,942483594,0,59.686,0,4,26.717329545454547,0.0374111684122849,7.946240813695059e-05,3.8642795987761984e-07,0.00046923518443905726,PERUS
942483407,942483522,0,7.053,0,4,26.84659090909091,0.037231040564373895,0.015335425570347578,8.502874200448387e-07,0.0004557457433867196,PERUS
942483407,942483594,0,33.146,0,4,26.867424242424242,0.03720217115465952,0.014191822253242599,4.920686082936423e-07,0.00046589678955958746,PERUS
942483416,4794369964,0,40.131,0,4,22.458806818181817,0.044504880568380666,0.00021790722231369955,0.0001257405212134949,0.0004666675438568961,PERUS
942483416,942483564,0,33.588,0,4,22.560606060606062,0.04430406312961719,0.0871055449196078,0.00010821404917260276,0.00046656257254483154,PERUS
942483426,942483617,0,17.589,0,4,27.856060606060606,0.03588183301604569,0.0827310164716561,2.7309855313477654e-08,0.00047664830311249407,PERUS
942483426,4794359200,0,102.991,0,4,27.90909090909091,0.03581365363735071,0.001952153799900549,3.242335008165061e-08,0.00047408634710754445,PERUS
942483426,942483618,0,73.54499999999999,0,4,27.211174242424242,0.03673220810857839,0.08160953155681604,9.085103769009213e-08,0.0004735486049732472,PERUS
942483435,4795296900,0,32.207,0,5,29.94412878787879,0.03337971601151134,0.0779657295836907,3.341413913635632e-09,0.0005276625678392041,PERUS
942483439,6348597378,0,31.926,0,2,27.249526515151516,0.036680509461173565,0.0012795905310300703,1.8061547747628312e-07,0.0002832210151692829,PERUS
942483439,4794384368,0,41.302,0,5,27.21969696969697,0.03672070693014194,0.0004792320490733618,2.2321409466433485e-07,0.0006103027960551629,PERUS
942483439,4794359212,0,49.537,0,4,26.26846590909091,0.038050433497359364,0.002109440216006678,7.125357788463425e-07,0.000509489917158961,PERUS
942483444,4794348578,0,96.33600000000001,0,4,23.598958333333332,0.042354687907546,0.0024043522462056702,1.027687494288035e-05,0.000491043301353943,PERUS
942483444,8921421673,0,74.741,0,4,22.785984848484848,0.043865846563045464,0.02389688564704109,3.184639780791248e-05,0.0004708343568749165,PERUS
942483450,942483519,0,26.908,0,4,28.961174242424242,0.03451263773992087,0.0019488769995650048,2.1713050278024076e-08,0.00047895753275291694,PERUS
942483450,942483484,0,145.787,0,4,28.008049242424242,0.0356871164607036,0.001925120197132308,6.437839803588588e-08,0.0004781078491188013,PERUS
942483462,4794359212,0,64.75299999999999,0,4,25.453598484848484,0.03926857397968674,0.0052666373393036635,2.578914293636153e-06,0.0004877195865135505,PERUS
942483462,4794341311,0,20.392,0,4,24.791193181818183,0.04031780591684333,0.05221663254698317,8.91670750234469e-06,0.0004723180839017461,PERUS
942483481,942483484,0,37.291,0,4,27.05871212121212,0.036939175474207324,0.018000283443229025,1.833161900614732e-07,0.00047019417363817996,PERUS
942483481,4794403152,0,156.055,0,4,27.024147727272727,0.036986421375383265,0.009000551321656456,1.8748096937384363e-07,0.0004671876415344528,PERUS
942483481,942483486,0,84.88300000000001,0,4,26.174242424242426,0.03818740955137482,0.00820183123986752,5.96402691292886e-07,0.0004451324330753564,PERUS
942483483,4794359180,0,65.741,0,5,25.085227272727273,0.03984522461306153,0.00013844481417674896,4.063327178798148e-06,0.0005385021385600646,PERUS
942483484,942483493,0,93.93100000000001,0,4,27.276988636363637,0.036643579996181154,0.016935323334177108,1.0147992376544168e-07,0.00048715859425135094,PERUS
942483486,942483592,0,118.639,0,5,25.339015151515152,0.039446146946707526,0.006060442220589283,1.8696849392733786e-06,0.000497119499776766,PERUS
942483486,942483546,0,50.591,0,4,26.21212121212121,0.03813222543352601,0.0020578306107218547,8.494177853148651e-07,0.00042621386060128836,PERUS
942483488,4795296873,0,105.931,0,3,31.85842803030303,0.031374006093482947,0.0012795905310300703,5.866172513841825e-10,0.00035145101669062763,PERUS
942483493,4794390726,0,57.894,0,4,26.740530303030305,0.03737870954033572,0.0006356992650956047,2.0461129780474445e-07,0.0005140529123372539,PERUS
942483493,4794369997,0,33.223,0,4,27.502367424242426,0.03634329000602565,0.017571022599272713,7.345097144531227e-08,0.0004941419996545728,PERUS
942483516,942550834,0,188.375,0,5,28.07433712121212,0.03560285362521714,5.6524805788140114e-05,4.767572110358081e-07,0.000503758520245769,PERUS
942483516,942550794,0,54.095,0,5,28.74100378787879,0.03477702179535757,0.011547444382458305,2.6632197953809494e-07,0.0005218570494509068,PERUS
942483516,942483570,0,44.30500000000001,0,4,27.91808712121212,0.035802113189627394,0.012536218883708814,4.187845871095766e-07,0.00042092058758880045,PERUS
942483519,4794396124,0,43.660000000000004,0,4,29.899147727272727,0.03342993333016612,0.007198311137107061,8.379463131988595e-09,0.000486532063634649,PERUS
942483519,8648325764,0,196.349,0,4,29.173768939393938,0.03426113770997322,0.00805273682460025,1.2706604579578096e-08,0.0004775280118770547,PERUS
942483522,4794359180,0,25.646,0,5,25.93465909090909,0.03854018329864534,0.01610956964961993,2.0055033114390057e-06,0.0005371900045739208,PERUS
942483537,942550831,0,39.811,0,4,31.376420454545453,0.03185597657959467,0.006497895065384455,1.6391321662243688e-08,0.00047026712827072614,PERUS
942483537,942550799,0,68.624,0,4,30.549242424242426,0.03271853688778673,0.0076824583866837385,4.0800676543208825e-08,0.00045984607776809196,PERUS
942483537,4795296841,0,132.852,0,4,31.302083333333332,0.03193162910301013,0.00031784963254780237,1.6971259420892783e-08,0.00046840812495447485,PERUS
942483547,942483592,0,50.974,0,6,24.647727272727273,0.040552481942523436,0.006983680715128906,3.30506818482858e-06,0.0005800920081365178,PERUS
942483547,942550830,0,210.507,0,5,24.714488636363637,0.04044293733356323,0.008879309709241313,2.766965112553438e-06,0.0005073556016474965,PERUS
942483562,4794390717,0,29.323,0,4,29.84753787878788,0.03348773755512548,0.003355443543597419,5.937455267566415e-09,0.0005226092378713052,PERUS
942483562,4794390714,0,25.977,0,2,29.871685606060606,0.03346066667723375,0.0012795905310300703,4.792287961453128e-09,0.00029107882218276296,PERUS
942483570,942550804,0,52.697,0,5,27.036458333333332,0.036969580217509325,0.014886503924378002,8.186503166606894e-07,0.000518128966061318,PERUS
942483580,2479349236,0,176.266,0,4,29.238636363636363,0.034185127607203006,0.005697536583427746,7.60089999610842e-08,0.000453310447263509,PERUS
942483580,4795303360,0,77.618,0,4,29.211647727272727,0.03421671124078126,0.005307597343497968,7.485768676932384e-08,0.00046578245876767124,PERUS
942483585,8921421673,0,591.1299999999999,0,4,22.151515151515152,0.04512226402188783,0.018686773113525568,0.00010624656823076347,0.00046949029224083676,PERUS
942483585,4794369964,0,43.032,0,4,22.314393939393938,0.04479290443048718,0.05443584557423059,0.000125360764272221,0.0004672599323872005,PERUS
942483592,4795332967,0,214.685,0,6,25.240530303030305,0.039600060028513545,0.005017600513802293,2.566220126764927e-06,0.0005626531195456533,PERUS
942483594,6348597379,0,8.283999999999999,0,4,27.599431818181817,0.03621547435237605,0.013435700575815739,2.225830823234118e-07,0.0004697322887982829,PERUS
942483603,4794348578,0,143.55700000000002,0,2,24.453598484848484,0.04087441428184177,0.0012795905310300703,3.37345997069248e-06,0.0002809874290508716,PERUS
942483609,4795296873,0,186.02700000000002,0,3,31.85842803030303,0.031374006093482947,0.0012795905310300703,5.86617283685883e-10,0.00035145101669062763,PERUS
942483615,4794375579,0,126.719,0,2,28.69034090909091,0.03483843284813678,0.0012795905310300703,2.5538262023983974e-08,0.0002811977765352697,PERUS
942483615,4794384368,0,35.95099999999999,0,5,27.872632575757574,0.03586049909117162,0.020146587663010578,8.97326844212986e-08,0.0006081792935025549,PERUS
942483615,4794369997,0,181.329,0,4,28.47159090909091,0.035106099913523585,0.01824440506822708,4.257837669033862e-08,0.0005029058403470775,PERUS
942483617,4794396123,0,8.215,0,4,28.663825757575758,0.034870659750900264,0.001359052939167021,8.682013950146982e-09,0.00048778052002904516,PERUS
942483619,2479349236,0,21.782,0,5,30.177083333333332,0.033122038472400916,0.00033341443414163803,3.060432611997048e-08,0.0005361351638978076,PERUS
942483619,6987826282,0,235.067,0,5,31.071022727272727,0.03216908963457377,0.0,1.6183630485844674e-08,0.0005347861933343635,PERUS
942483619,942558957,0,85.202,0,5,31.103219696969695,0.03213578931344192,0.0033783811459462292,2.0126340210141946e-08,0.0005359280834423394,PERUS
942483619,942559009,0,116.227,0,5,31.06628787878788,0.032173992562336155,0.002922086699221678,1.960534600136317e-08,0.0005492856494356238,PERUS
942483623,4795297089,0,9.889,0,4,34.28030303030303,0.029157458563535913,0.026017794664222174,2.314452945914633e-10,0.0004596863528271175,PERUS
942483623,942558961,0,132.976,0,4,34.08948863636363,0.029320666138866896,0.025048680964984932,1.7046503407212896e-10,0.0004624585546982463,PERUS
942483623,7320395776,0,16.762,0,4,33.55965909090909,0.029783571771212505,8.110080830472278e-05,2.0740555957407483e-10,0.0004672065767833621,PERUS
942500072,942500428,0,57.147999999999996,0,2,31.013257575757574,0.03222900763358778,0.0012795905310300703,6.815851023834261e-07,0.00028743677094614716,PERUS
942500077,4794164952,0,50.532,0,4,30.043560606060606,0.033269242892265016,0.014416283076227387,1.2141417468978572e-06,0.0004686228494661549,PERUS
942500077,942500525,0,55.961,0,4,29.572443181818183,0.033799253886674034,0.015844968022524726,4.320173933190592e-06,0.000456811072053931,PERUS
942500077,4794213389,0,61.126999999999995,0,4,29.532670454545453,0.03384477257787825,0.00039157764009755037,1.2844034041934022e-06,0.00046980326198822666,PERUS
942500078,942500525,0,61.89,0,4,29.83712121212121,0.03349942871651644,0.0169771025384553,6.877344114892977e-06,0.00044790298548828985,PERUS
942500078,942500337,0,24.678,0,4,30.080018939393938,0.03322891907632735,0.017927374635763164,5.161542702694299e-06,0.0004563974378124355,PERUS
942500078,4794208935,0,65.94500000000001,0,5,29.351325757575758,0.03405387965800936,0.0003031040310378528,1.3142603536545702e-05,0.0005399774659469974,PERUS
942500086,942500118,0,52.92700000000001,0,4,27.493844696969695,0.03635455594399573,0.048257438541561705,8.476348455813215e-05,0.00048541098157274136,PERUS
942500086,942500129,0,137.119,0,4,27.024147727272727,0.036986421375383265,0.05997199974113277,0.0002975078868987206,0.0005263224976111749,PERUS
942500086,4794187348,0,60.086999999999996,0,4,27.761363636363637,0.03600422977213808,0.010824909908470775,8.210851818500827e-05,0.0005322579747151192,PERUS
942500102,942500143,0,20.472,0,4,27.68844696969697,0.036099045794999826,0.007417037559504646,1.0706846145124669e-06,0.0004518755554836756,PERUS
942500102,942500208,0,29.811,0,5,27.767045454545453,0.03599686242411841,0.008586855279293981,3.3510705991464894e-06,0.0005267378765246389,PERUS
942500102,4794177103,0,151.233,0,4,27.65719696969697,0.03613983428062727,0.0,1.0614835902637433e-06,0.00045611217575021457,PERUS
942500111,4794213377,0,44.164,0,4,29.828598484848484,0.03350900028572336,0.00375521318453383,1.9777978120158053e-06,0.0004780626424961435,PERUS
942500111,942500256,0,52.646,0,4,29.111742424242426,0.03433413571010344,0.020366952485575934,5.1836124100891084e-06,0.000478276081454458,PERUS
942500111,942500147,0,50.68300000000001,0,4,29.575757575757574,0.03379546618852459,0.01585643682369913,1.5784813385756964e-06,0.0004933546897756521,PERUS
942500118,4794187345,0,111.762,0,5,28.10653409090909,0.0355620693721467,0.0011902977218864867,3.1478280473319394e-05,0.0005388512607599645,PERUS
942500125,942500147,0,41.064,0,4,29.544981060606062,0.03383067036330711,0.009440461766703285,5.555332861988897e-07,0.0004946543498075418,PERUS
942500125,942500275,0,49.228,0,4,29.43844696969697,0.03395309936629459,0.008339456853960382,3.360481341974488e-07,0.0004832696359863331,PERUS
942500125,4794213388,0,72.572,0,4,29.982481060606062,0.033337018145065775,8.847360905969756e-05,5.026273066636937e-07,0.00048064638462316274,PERUS
942500129,4794185032,0,241.739,0,2,27.275568181818183,0.03664548831718918,0.0012795905310300703,0.0002705098558084816,0.00029543996723775646,PERUS
942500137,4794234355,0,87.18100000000001,0,4,26.439867424242426,0.037803764259236046,0.0007995392818728224,0.0024962053898188495,0.0004659850662899192,PERUS
942500143,4794177079,0,52.509,0,4,27.34375,0.036554112554112554,0.00244203545006443,6.310617134125853e-07,0.00045700038026453497,PERUS
942500143,942500176,0,78.08,0,4,27.568655303030305,0.036255903821382565,0.0038068227898186537,5.03488955228904e-07,0.0004600495848698938,PERUS
942500147,4794225031,0,80.467,0,4,30.026515151515152,0.03328812917875615,0.005609882174451935,4.610029969636571e-07,0.0005363073772541106,PERUS
942500159,4794187325,0,90.78999999999999,0,2,29.463068181818183,0.033924725998778646,0.0012795905310300703,6.300702353838186e-06,0.000296674950280256,PERUS
942500167,4794234330,0,99.207,0,4,25.48721590909091,0.03921677905961471,0.020466894895810037,0.005474599313860205,0.0005048359913232975,PERUS
942500167,4794234305,0,278.24300000000005,0,2,26.3125,0.037986755920247604,0.0012795905310300703,0.0017001734532158216,0.000287252806342937,PERUS
942500167,942500209,0,23.694000000000003,0,4,25.56344696969697,0.039099833302463416,0.018456577889953574,0.0033338212929944436,0.0005112013885059841,PERUS
942500175,4794165006,0,38.585,0,4,29.648200757575758,0.03371288947091045,0.00334888994292633,1.0393132548200466e-07,0.00048535206931468505,PERUS
942500175,942500275,0,46.353,0,4,29.287405303030305,0.0341282030555331,0.00760053837829513,2.061372607353142e-07,0.0004863746091620247,PERUS
942500175,4794177237,0,19.842,0,4,28.981060606060606,0.0344889556920664,0.00482345009392129,1.5126376359153503e-07,0.0005073096511836866,PERUS
942500176,4794177238,0,50.21999999999999,0,4,26.915719696969695,0.03713541849910284,0.0008593408879965069,4.1248928909250015e-07,0.00045903088625778236,PERUS
942500176,4794177103,0,51.677,0,4,27.533617424242426,0.03630204123746797,0.003458662754167066,4.94287930995095e-07,0.0004642862051364328,PERUS
942500189,942500208,0,82.64,0,6,26.994318181818183,0.0370272924998246,0.0003473408355677016,5.33098661933605e-06,0.000613659204627212,PERUS
942500189,942500546,0,48.071999999999996,0,5,26.51846590909091,0.03769171710679022,0.016772302517483777,3.574767952167963e-06,0.0005351094810358982,PERUS
942500189,1805056500,0,65.25,0,5,26.598484848484848,0.0375783252634577,0.020099074058145185,6.228338844919016e-06,0.000533699046095239,PERUS
942500189,4794087021,0,232.65,0,5,26.738636363636363,0.037381357132738345,0.002617344268016053,4.566714977593991e-06,0.0005640082345282874,PERUS
942500192,4794187348,0,95.085,0,2,28.755681818181817,0.03475927023644866,0.0012795905310300703,2.026126878510685e-05,0.0003013754443417008,PERUS
942500203,942500637,0,81.338,0,4,29.58191287878788,0.03378843414376491,0.02022113487064421,8.114027647878386e-06,0.0004677797236579816,PERUS
942500203,4794207314,0,54.165000000000006,0,4,29.583806818181817,0.03378627102639202,0.002468249852748785,1.2936126435969817e-05,0.0004599513659494533,PERUS
942500203,942500641,0,36.905,0,4,28.75899621212121,0.0347552643276972,0.023924738449893217,1.8178177650562227e-05,0.00046964311882650625,PERUS
942500208,942500523,0,84.599,0,5,27.359375,0.03653323641901597,0.011947214023394716,4.925520326604503e-06,0.0005214683918978087,PERUS
942500208,4794187332,0,44.656,0,5,27.55965909090909,0.036267738721094046,0.002698445076320776,4.9728706754513795e-06,0.0005184355087387556,PERUS
942500209,942500366,0,74.77799999999999,0,4,25.740056818181817,0.03883155822894248,0.05505270323739681,0.002428075408495479,0.0004995206586049427,PERUS
942500209,942500520,0,32.869,0,4,25.007575757575758,0.03996894880339291,0.0401727529136899,0.007669330801955294,0.00048641621948793525,PERUS
942500248,942500520,0,203.20999999999998,0,4,24.56912878787879,0.040682212372326075,0.040617578559240045,0.026436387646681242,0.00046152817971408785,PERUS
942500248,1805056505,0,85.142,0,5,23.929450757575758,0.04176972239260769,0.12042323153133891,0.09144809069567429,0.0005099060570361633,PERUS
942500256,942500637,0,79.422,0,4,29.351799242424242,0.034053330322143534,6.553600671088709e-05,6.617661939333502e-06,0.0004717225871902583,PERUS
942500256,942500641,0,95.868,0,4,28.613636363636363,0.03493182419909981,0.02146140379764775,1.6681811942020378e-05,0.0004735859823587829,PERUS
942500275,4794213389,0,80.829,0,4,29.434185606060606,0.0339580149601866,0.00039813124076863905,4.767323363711839e-07,0.00047782665128359085,PERUS
942500331,942500565,0,28.928,0,4,28.68655303030303,0.034843033043937544,0.000656998467276643,1.5189670550864679e-06,0.00048180451775095735,PERUS
942500331,4794177068,0,42.849,0,4,28.935606060606062,0.0345431339180521,0.005932647007503054,2.6800904861941395e-06,0.0004772909384070159,PERUS
942500331,4794225043,0,59.016000000000005,0,4,29.359848484848484,0.03404399432331312,0.004580966869091007,9.012128420981503e-07,0.0005285684299640258,PERUS
942500337,942500637,0,46.419,0,4,30.09090909090909,0.033216893252769386,0.01904804035051933,4.305961459079205e-06,0.00046704770435644844,PERUS
942500337,4794213377,0,55.435,0,4,30.554450757575758,0.032712959662797726,0.00013271041358954634,2.4155030785855593e-06,0.00046942158021514094,PERUS
942500345,4794182313,0,33.342,0,4,26.5,0.03771798170383076,0.0027320322797601054,0.0009839379515201273,0.0005151890044779044,PERUS
942500345,4794189485,0,114.112,0,2,27.26846590909091,0.036655032904446876,0.0012795905310300703,0.00035683964002516206,0.00029040153918283724,PERUS
942500345,942500366,0,83.694,0,4,26.41903409090909,0.03783357528182519,0.0016588801698693295,0.0008648108526651033,0.0005171941261046311,PERUS
942500366,942500422,0,61.209,0,4,26.528882575757574,0.0376769173106784,0.05352161828061371,0.0007116414584737805,0.000498713730005181,PERUS
942500408,4794234355,0,198.077,0,4,26.16287878787879,0.03820399594614159,0.0012984321329594505,0.0037983651882707273,0.00046949177608520044,PERUS
942500408,4794234368,0,47.907,0,4,25.682765151515152,0.03891818148298366,0.0003727360381681703,0.006198446738727728,0.0004686506500342623,PERUS
942500422,4794177241,0,51.804,0,4,27.245265151515152,0.03668624656772444,0.04991549951134715,0.00019770929359504168,0.0004864618075982267,PERUS
942500422,4794208947,0,352.191,0,4,27.244791666666668,0.03668688413479085,0.002411725046960645,0.0001963443134420729,0.0005065135557796574,PERUS
942500428,8945582816,0,28.572,0,4,30.534564393939394,0.032734264758330876,0.002478899453839304,1.9959928966316135e-06,0.0005100608087184155,PERUS
942500428,8945670617,0,31.163,0,4,30.466382575757574,0.03280752195197762,7.864320805306451e-05,1.5352281383642012e-06,0.0005080135164003967,PERUS
942500520,4794182320,0,78.599,0,4,25.082859848484848,0.039848985370457765,0.0017833985826200148,0.007535715349889573,0.00048140347279875255,PERUS
942500523,7958728679,0,5.115,0,4,27.696022727272727,0.03608917153896126,0.034017283483369826,6.040804530412062e-06,0.0004406793801999663,PERUS
942500523,1805056500,0,30.491,0,4,27.102272727272727,0.03687980433263452,0.020965787746896666,5.822872552166502e-06,0.00043958753718043356,PERUS
942500525,4794208935,0,153.837,0,5,29.113636363636363,0.03433190215977101,0.0,1.3006479442489633e-05,0.000540048903473145,PERUS
942500546,1805056478,0,12.497,0,4,26.45028409090909,0.03778887635823354,0.015630337600546572,1.2392289121371232e-06,0.0004507050029637127,PERUS
942500546,4794177079,0,53.959,0,4,26.95691287878788,0.03707867142079286,7.536640771752016e-05,1.1552290308605823e-06,0.0004509640208919251,PERUS
942500565,4794177221,0,142.711,0,4,28.142518939393938,0.03551659740565641,0.000499712051170514,1.0942072054302e-06,0.000477257025716978,PERUS
942500565,4794187332,0,47.854,0,4,28.254734848484848,0.03537554043637095,0.0014663681501560985,3.194098701612022e-06,0.00045030896529431184,PERUS
942500641,4794177241,0,48.388999999999996,0,4,27.940814393939394,0.03577299147616546,0.04637245914853982,5.6447268633517934e-05,0.0004753614406300406,PERUS
942500652,4794208947,0,242.23200000000003,0,2,28.099905303030305,0.03557045848989839,0.0012795905310300703,4.9221491921726764e-05,0.0002833719022163721,PERUS
942550739,4795344572,0,132.49699999999999,0,4,27.105113636363637,0.03687593893023093,0.008658944886675957,1.0051837361082002e-05,0.0004737319322077188,PERUS
942550739,942550752,0,143.19400000000002,0,4,26.53787878787879,0.03766414501855552,0.007158989533080528,3.113073870017406e-06,0.00047593373244497874,PERUS
942550739,942550776,0,144.83699999999996,0,4,27.11032196969697,0.03686885446320974,0.0007364608754135936,3.5698247119500182e-06,0.00047577598554964017,PERUS
942550750,942550751,0,117.549,0,3,24.92566287878788,0.040100298235282945,0.0012795905310300703,2.193769656819501e-06,0.0003665046221139662,PERUS
942550751,7987898133,0,26.765,0,5,24.887310606060606,0.04016209428864959,0.0009322496954623688,2.642903155553595e-06,0.0005880560459675294,PERUS
942550751,942550829,0,62.333000000000006,0,5,24.70028409090909,0.04046619510418464,0.1111842929852716,2.5375283427254786e-06,0.0005686771666367263,PERUS
942550751,942550822,0,275.638,0,5,24.144886363636363,0.0413970271012276,0.11188225145674255,6.185259346491744e-06,0.0005796196527151765,PERUS
942550752,4795344548,0,42.965,0,4,26.66903409090909,0.03747891699955615,0.001950515399732777,1.3146112471989413e-06,0.00048163156823729337,PERUS
942550752,942550808,0,57.711999999999996,0,4,25.89157196969697,0.038604319441142586,0.010020455426094636,1.1922363771609438e-06,0.00047253511932487014,PERUS
942550767,4795332967,0,50.954,0,6,25.978219696969695,0.03847555863376226,0.005351014947943931,2.053648886240505e-06,0.000560185558930107,PERUS
942550767,942550807,0,44.611,0,5,26.87215909090909,0.0371956161680234,0.003266150734453835,1.2728092077576087e-06,0.00048302729806446956,PERUS
942550770,942550795,0,20.939,0,4,26.661931818181817,0.037488900728112236,0.0026673154731331043,4.82877867909608e-07,0.0004886208645523774,PERUS
942550770,4795344521,0,40.372,0,2,27.54782196969697,0.03628332273422595,0.0012795905310300703,2.3491475194000713e-07,0.0002813847628082008,PERUS
942550770,4795344548,0,81.594,0,4,27.421875,0.036449969783303116,0.0008273920847249494,7.341908600263202e-07,0.0005002443834347948,PERUS
942550771,942550802,0,15.512,0,4,30.445075757575758,0.03283048211508554,0.0004128768422785886,3.8654993920054505e-08,0.00048314144737512005,PERUS
942550771,2479349234,0,63.641999999999996,0,2,30.536458333333332,0.03273223450607043,0.0012795905310300703,3.314180267900041e-08,0.0002685868600088322,PERUS
942550771,942550794,0,192.04300000000003,0,5,29.624526515151516,0.03373983090127383,0.00214466581961378,1.3304921478649256e-07,0.0005580900493437128,PERUS
942550776,942550784,0,74.731,0,4,27.588541666666668,0.036229769852575214,0.000258867226508004,3.5586146549058756e-06,0.0004717578516778851,PERUS
942550776,4795344548,0,2.084,0,4,27.271306818181817,0.03665121447297602,0.0018833409928541178,1.7713620891120033e-06,0.0004814738213419549,PERUS
942550777,4794342841,0,197.06099999999998,0,4,26.60653409090909,0.03756695673838378,0.0016859137726375703,0.000322457533717046,0.0004502271263834165,PERUS
942550784,2479349208,0,218.136,0,4,27.96496212121212,0.03574210152043615,0.020017154049756576,1.0038463574337291e-05,0.0004688223781055987,PERUS
942550787,942550796,0,44.013,0,4,25.848011363636363,0.038669377736256894,0.10503537715562263,9.27620671224133e-07,0.0004334750453818065,PERUS
942550787,942550804,0,55.162000000000006,0,5,26.331439393939394,0.03795943321585269,0.10759865421810219,1.072683432908997e-06,0.0005167321966957638,PERUS
942550787,4795332967,0,216.5,0,5,25.803030303030305,0.03873678802113917,0.00503070771514447,1.6692655836922036e-06,0.0004924161582771293,PERUS
942550793,942550802,0,19.326,0,4,30.933238636363637,0.03231237850331389,0.000610304062495136,1.7884527247489887e-08,0.00047617721059259403,PERUS
942550793,4795303360,0,229.47000000000003,0,4,30.064867424242426,0.03324566514953462,0.00879001690009773,2.5160487228913445e-08,0.00047219092296414266,PERUS
942550794,942550799,0,45.26,0,5,29.607954545454547,0.03375871553764473,0.008853914506640845,1.3499550642739624e-07,0.0005394098991086083,PERUS
942550794,4794403135,0,193.247,0,5,28.88683712121212,0.03460145224475077,0.0004980736510027419,2.161997655169667e-07,0.0005267672790839383,PERUS
942550795,942550808,0,43.111,0,4,25.837594696969695,0.038684967655628656,0.008504116070821485,6.902920598688393e-07,0.00046577876297844916,PERUS
942550795,942550804,0,119.77,0,5,26.379261363636363,0.03789061798862025,0.006461031061609581,8.423419913635819e-07,0.000540179731340566,PERUS
942550796,942550829,0,68.633,0,4,25.283617424242426,0.03953257551639544,0.10472162352349425,1.0658618032695075e-06,0.00045331239676425257,PERUS
942550796,7990875064,0,192.075,0,4,25.38778409090909,0.0393703724426043,0.001247641727758513,9.98094730685758e-07,0.00044727704503042746,PERUS
942550802,942550831,0,38.809,0,4,31.1875,0.03204894637760369,0.0010788865104779787,1.6191930676478937e-08,0.00047575282449296275,PERUS
942550807,942550834,0,125.54599999999999,0,5,27.57717803030303,0.03624469893377745,0.0024461314504838605,6.923654129063323e-07,0.0004964486005879631,PERUS
942550808,942550829,0,10.814,0,4,25.236268939393938,0.03960674684328036,0.008060109625355225,1.058874633471821e-06,0.00046369127774955574,PERUS
942550822,8921421674,0,171.984,0,4,23.497632575757574,0.0425373284703891,0.11251713152175427,1.7470311882213384e-05,0.0004803131001769879,PERUS
942550822,4794348578,0,36.272,0,4,24.267045454545453,0.041188636541013034,0.0003776512386714868,7.200667872504884e-06,0.0004963017095678452,PERUS
942550830,7990875064,0,23.32,0,4,25.51278409090909,0.039177477126366385,0.0023240706379848335,1.4513623511375695e-06,0.0004314973084623275,PERUS
942550830,4795332967,0,48.031,0,5,25.283617424242426,0.03953257551639544,0.006063719020924827,2.028117054508451e-06,0.0004906465982275085,PERUS
942550834,4794403135,0,44.285,0,5,28.210700757575758,0.035430758127591014,0.0026230786686032557,4.266349970054311e-07,0.0005086687498788003,PERUS
942558954,6987826276,0,15.689,0,5,32.87926136363637,0.030399907835428636,0.02438103289661777,2.66772513392882e-09,0.0005605471277316627,PERUS
942558954,7992155276,0,54.547000000000004,0,4,33.73106060606061,0.02963222908478383,0.02310308076575547,8.087402540559852e-10,0.00046679491605253936,PERUS
942558954,7992155277,0,55.433,0,4,33.79876893939394,0.029572867489458275,0.002274099432867782,8.036539710896919e-10,0.000473715792372758,PERUS
942558957,6987826283,0,93.156,0,4,31.130681818181817,0.032107440530510435,0.01048248427340639,1.124566616925748e-08,0.0004526170261022533,PERUS
942558957,2479349236,0,103.794,0,4,30.203598484848484,0.033092961279197364,0.006468403862364556,2.663349195270665e-08,0.000444795229811931,PERUS
942558961,7320397990,0,9.484,0,5,34.83475378787879,0.028693371029345802,0.00015564801593835682,1.460002915403995e-10,0.0005655058982286445,PERUS
942558961,7992155276,0,264.84400000000005,0,4,34.56534090909091,0.028917015972165148,0.02410168566801261,2.983103476383372e-10,0.0004653256899611862,PERUS
942559009,7992155256,0,273.78499999999997,0,4,31.070549242424242,0.03216957986010576,0.0009584640981467236,9.697763059811876e-09,0.0004978290542189655,PERUS
942559009,4795303360,0,49.809,0,4,30.11837121212121,0.03318660587957868,0.003354624343513533,2.496118454919852e-08,0.00046969439293279984,PERUS
1560933195,1560933197,0,292.39899999999994,0,4,20.411931818181817,0.04896775690095106,0.11679253675955577,1.1507864862903247e-08,0.0004912822557221805,PERUS
1560933195,1805050294,0,86.298,0,4,20.606060606060606,0.04850643382352941,0.12781487388824309,2.7855758201598504e-08,0.00048350620509657165,PERUS
1560933195,1805050275,0,72.47,0,4,20.900568181818183,0.047822935073172944,0.03539190122413068,2.4276139797309688e-08,0.000482331509703087,PERUS
1560933197,5512309905,0,116.831,0,4,20.637310606060606,0.048432983067957604,0.18257758029594423,3.3523261675330416e-09,0.0005135465133386532,PERUS
1560933197,4789252056,0,346.6969999999999,0,4,20.371685606060606,0.049064497385241136,0.06674514603470295,4.136818476437114e-09,0.0005005515371781235,PERUS
1560933250,8002022688,0,199.23000000000002,0,4,23.097064393939394,0.04327504561202107,0.1560739999819776,4.554141187345441e-11,0.0004928033414956002,PERUS
1560933250,4375155032,0,36.202,0,4,23.785984848484848,0.042021657775300585,0.1353343114582335,4.7073472257291485e-11,0.00048601485525414994,PERUS
1560933250,4375155034,0,46.239,0,4,23.724905303030305,0.04212984213782506,0.019872974834992622,8.637568443280386e-11,0.0004897067811180453,PERUS
1560933260,3930326176,0,2831.066,0,4,24.658617424242426,0.04053457247643004,0.00776192079482069,9.69750268923377e-10,0.0005388451736267942,PERUS
1560933260,4375155034,0,103.64,0,4,24.310132575757574,0.0411156340689091,0.02163097821501217,2.7129114761395875e-10,0.0005071232099783392,PERUS
1560933260,7845876119,0,40.063,0,4,25.029829545454547,0.0399334127839888,0.012833588514159463,2.658077983459888e-10,0.000541278808745613,PERUS
1805030375,4795410836,0,52.095,0,4,37.427083333333336,0.02670596867646687,0.005070029319171002,1.907455390177152e-12,0.00048149386971489395,PERUS
1805030375,1805030377,0,67.595,0,4,36.47017045454545,0.027406686140863355,0.006321767047348946,5.839197741505594e-12,0.000481406495025381,PERUS
1805030377,4795410839,0,229.368,0,4,35.52320075757576,0.02813728757080973,0.023231695178925586,2.0448318497807125e-11,0.0004922974396783472,PERUS
1805050149,1805050154,0,71.258,0,4,26.81344696969697,0.037277061628112305,0.0007102464727292388,1.7499982042497512e-09,0.0004983467369676837,PERUS
1805050149,4787236123,0,436.902,0,4,26.930397727272727,0.03711517836735412,3.440640352321572e-05,2.8656310521441457e-09,0.0005351746644635433,PERUS
1805050149,4787230004,0,189.31,0,4,26.91808712121212,0.03713215246873406,0.0005971968611529585,3.291470195025496e-09,0.0005041931515552484,PERUS
1805050154,1805050168,0,152.964,0,4,26.628314393939394,0.03753622930706449,0.001350041738244274,1.218961877281685e-09,0.000493174340492978,PERUS
1805050154,1805050196,0,100.457,0,4,27.214488636363637,0.03672773457208971,0.0006873088703804283,1.6904943435343812e-09,0.00047840344867404916,PERUS
1805050157,4787251098,0,92.96,0,4,25.10842803030303,0.039808406720850856,0.002541158660214647,1.6283163540333526e-09,0.0005505257785770668,PERUS
1805050157,1805050180,0,287.62199999999996,0,2,26.093276515151516,0.03830590284708487,0.0012795905310300703,5.08873074406717e-10,0.00029979391411217785,PERUS
1805050157,1805050168,0,169.39999999999998,0,4,26.059185606060606,0.03835601504442466,3.276800335544354e-05,1.0081019568580141e-09,0.000524460677912811,PERUS
1805050168,1805050215,0,223.69199999999998,0,4,26.04782196969697,0.0383727482595023,0.002570649863234546,1.866719317247859e-09,0.0004853891841152279,PERUS
1805050196,2056730928,0,43.89,0,4,26.795454545454547,0.03730209216850438,0.001386905742019148,3.001537792864491e-09,0.000465931346892173,PERUS
1805050196,1805050216,0,128.525,0,4,26.621685606060606,0.03754557581147176,0.0032309251308467336,2.7877762747869655e-09,0.00046219799059814704,PERUS
1805050209,4787251098,0,205.43800000000002,0,2,25.120265151515152,0.03978964828288159,0.0012795905310300703,1.382886688802971e-09,0.0002995113539849907,PERUS
1805050215,1805050218,0,31.144,0,4,25.086174242424242,0.039843720508852064,0.006454477460938492,4.401437775503195e-09,0.0004689796981327471,PERUS
1805050215,1805050216,0,158.753,0,4,26.049242424242426,0.03837065580921914,0.0026320898695260026,3.04277573616646e-09,0.0004642450494109357,PERUS
1805050216,4787268215,0,63.342999999999996,0,5,26.259943181818183,0.03806278285642163,0.0018554881900019907,6.708369071367085e-09,0.0005458814005777897,PERUS
1805050218,1805050233,0,57.393,0,5,24.718276515151516,0.04043673977588354,0.008513946471828118,1.0443114242544402e-08,0.000555319464415894,PERUS
1805050218,1805050223,0,76.404,0,4,24.117897727272727,0.04144335159118126,0.01276313730694526,7.450778793104345e-09,0.0004805932526292055,PERUS
1805050223,4787251098,0,110.07099999999998,0,4,24.13162878787879,0.04141977004277361,0.005075763719758205,5.5362747329695785e-09,0.0005230678392759419,PERUS
1805050223,4156382965,0,430.0400000000001,0,4,23.158143939393938,0.043160907789818036,0.013320193363987801,1.8220877807172965e-08,0.0004911586428553631,PERUS
1805050233,4787268150,0,123.57,0,3,25.323390151515152,0.039470485948806165,0.0012795905310300703,8.525557672845872e-09,0.00034907714521747145,PERUS
1805050233,4787268215,0,165.79399999999998,0,6,25.312026515151516,0.039488205914813224,0.0006742016690382509,1.2300521048688243e-08,0.00063840531471813,PERUS
1805050233,4787268242,0,135.69599999999997,0,5,24.91003787878788,0.04012545143508839,0.007674266385844878,2.1426385971725107e-08,0.0005513280898431328,PERUS
1805050263,4787230001,0,21.293,0,2,26.996685606060606,0.03702404546012593,0.0012795905310300703,7.082893541206079e-09,0.00029909228201478575,PERUS
1805050268,4787229990,0,105.455,0,2,26.964015151515152,0.03706890496593383,0.0012795905310300703,9.433527074442441e-08,0.00030861902867258427,PERUS
1805050275,4787246545,0,5.766,0,4,21.739583333333332,0.045977261837348085,0.03496345958025826,2.6083611333727877e-08,0.0004863201811067057,PERUS
1805050275,4789241633,0,73.152,0,4,21.365056818181817,0.04678323693016865,0.0003874816396781199,6.032490353515425e-08,0.00047526937172572914,PERUS
1805050287,1805050319,0,7.71,0,4,25.017045454545453,0.03995381936558407,0.015107687947027246,1.4447720122472608e-06,0.0005103435926743594,PERUS
1805050287,4787229990,0,151.553,0,4,25.982954545454547,0.0384685472702092,0.012596020489832499,3.8523055926879805e-07,0.000558052373654025,PERUS
1805050287,4787268174,0,45.961,0,2,26.0,0.038443327505827504,0.0012795905310300703,3.5322130155503246e-07,0.00029821283450154253,PERUS
1805050291,4787229990,0,42.535,0,4,26.499526515151516,0.03771865563635714,0.010097460233979928,1.0351059901296047e-07,0.0005577630914771017,PERUS
1805050291,4787236131,0,103.788,0,4,27.015151515151516,0.03699873808188447,0.005074125319590433,2.8302894764117565e-08,0.0005601546299723321,PERUS
1805050291,4787230001,0,131.775,0,4,26.515625,0.037695755432938696,0.0038567939949357053,2.8408848433713163e-08,0.0005482363448193031,PERUS
1805050294,4789252077,0,53.896,0,4,20.805397727272727,0.04804169226917913,0.13024380213696535,4.462923937648045e-08,0.0004929938989943876,PERUS
1805050294,4789241633,0,113.682,0,4,21.087594696969695,0.04739879201562745,0.0015917057629906701,6.390452193363689e-08,0.00047644406711921385,PERUS
1805050313,1805050314,0,20.646,0,4,23.703125,0.042168554363676315,0.01875312832032034,2.275313478819114e-06,0.0004404574516470624,PERUS
1805050313,4787268151,0,67.819,0,5,24.173768939393938,0.04134756635001469,0.012816385312397855,9.125587986526109e-07,0.0005282693148385712,PERUS
1805050313,1805050318,0,66.361,0,4,23.679924242424242,0.04220986963128849,0.005088051721016496,1.0178225547554662e-06,0.0004415803132556987,PERUS
1805050314,1805050332,0,86.27,0,5,23.230113636363637,0.04302719008601361,0.017248257766221596,7.027404611215382e-06,0.0005236623761284964,PERUS
1805050314,1805050319,0,89.173,0,4,24.126420454545453,0.04142871160828182,0.0024666114525810127,2.8303748822212926e-06,0.0004577238589632428,PERUS
1805050318,4787268196,0,43.739000000000004,0,4,24.14346590909091,0.04139946265027162,0.001977549002501018,6.362884564870144e-07,0.0004431956220628378,PERUS
1805050318,1805050322,0,62.292,0,4,23.17850378787879,0.043122995526321165,0.003411968349385559,1.4490713285971315e-06,0.00043971411939018644,PERUS
1805050319,4787236096,0,95.828,0,5,24.056344696969695,0.0415493928002047,0.013894452622791948,3.916385745612398e-06,0.000564654770068015,PERUS
1805050322,1805050337,0,89.275,0,5,22.72253787878788,0.043988330902271305,0.0017637377806067488,4.460056250517003e-06,0.0005172961492900871,PERUS
1805050322,1805050327,0,202.94200000000004,0,4,22.654829545454547,0.04411979852446339,0.005106893322945876,1.3933195347830523e-06,0.0004384625450714764,PERUS
1805050323,4789241625,0,54.086,0,4,22.964015151515152,0.04352577319587629,0.015766324814471662,2.054248921365027e-07,0.000466089256186628,PERUS
1805050323,4789241012,0,31.668,0,4,22.84280303030303,0.04375673658900589,0.014834894319093178,6.622697129617833e-08,0.000502080096290072,PERUS
1805050323,4156382966,0,89.236,0,4,23.367424242424242,0.04277435564921381,0.0011706369198732206,9.389989419721235e-08,0.000479180601730365,PERUS
1805050327,1805050352,0,83.81400000000001,0,5,22.550189393939394,0.04432452861882165,0.004594893270517071,8.181513305236174e-07,0.000531569971400742,PERUS
1805050327,4787268241,0,147.24,0,4,23.07717803030303,0.0433123371427399,0.000610304062495136,4.913636817944506e-07,0.0004524493975573728,PERUS
1805050332,1805050337,0,109.49,0,6,22.755208333333332,0.043925175305353836,0.0005783552592235786,8.780898609061736e-06,0.0005999459678907682,PERUS
1805050332,4787236096,0,90.395,0,6,23.174242424242426,0.043130925138934295,0.0005308416543581854,8.113415474610724e-06,0.0006280352892836232,PERUS
1805050332,4789241460,0,141.87400000000002,0,5,22.754261363636363,0.043927003350188315,0.018113333054805305,1.4408244886337962e-05,0.0005218171131907882,PERUS
1805050336,4787236096,0,91.999,0,3,24.079545454545453,0.041509359760893504,0.0012795905310300703,3.2247146031929557e-06,0.00035445895603327353,PERUS
1805050337,1805050358,0,278.94500000000005,0,5,22.741950757575758,0.04395078178676272,0.0011771905205443093,4.743360186097477e-06,0.0005159310527806789,PERUS
1805050337,4789241441,0,125.336,0,5,22.770833333333332,0.04389503451717541,0.002337997039410897,6.740434686604865e-06,0.0005162069539018106,PERUS
1805050345,1805050444,0,259.393,0,2,23.440814393939394,0.042640434686004,0.0012795905310300703,3.842719190544535e-06,0.0002937204478429391,PERUS
1805050352,8001976655,0,7.867,0,5,22.158143939393938,0.04510876533185179,0.011610522788917534,1.162674984839215e-06,0.0005281439154744043,PERUS
1805050352,4789241625,0,108.362,0,5,22.573863636363637,0.044278043460021815,0.016174286456246932,5.96277649407342e-07,0.0005360541221622281,PERUS
1805050352,4789241626,0,338.569,0,5,22.01657196969697,0.045398825781199595,0.0,5.951205099405547e-07,0.0005345670170841432,PERUS
1805050358,8001976655,0,14.298,0,4,22.695549242424242,0.04404064006008387,0.011454874772979177,2.0211471246956583e-06,0.00043395370714893603,PERUS
1805050358,4789241832,0,167.622,0,4,22.776515151515152,0.04388408448361883,0.010130228237335372,2.572315694994692e-06,0.00043644322362823486,PERUS
1805050409,4787236095,0,26.85,0,4,23.270359848484848,0.04295277433007101,0.01848852669322513,6.767991221071798e-06,0.0005033823822704921,PERUS
1805050409,1805050444,0,97.899,0,4,23.192234848484848,0.04309746437466824,0.0004603904471439818,8.174118055162468e-06,0.0005203350780951244,PERUS
1805050409,4789241908,0,27.003,1,4,22.878314393939394,0.043688818063287733,0.019994216447407766,2.0003931546110823e-05,0.0004929006786390992,PERUS
1805050423,4789241656,0,41.32,0,4,20.73816287878788,0.04819744743030663,0.018804737925605164,3.5090059991195363e-06,0.0004883085436079068,PERUS
1805050423,4789241689,0,291.97200000000004,0,4,21.426609848484848,0.046648840960820274,0.0021397506191104636,1.6765408863118344e-06,0.0005152404024722076,PERUS
1805050423,4789241710,0,52.722,0,4,20.986742424242426,0.047626567999278044,0.01890631873600704,3.4569455958297096e-06,0.0004941917931676965,PERUS
1805050424,4789241710,0,212.89,0,4,20.53409090909091,0.04867644346061612,0.10595042364932339,9.773617862218934e-06,0.00048620019224420233,PERUS
1805050424,1805050430,0,216.10200000000003,0,4,20.212594696969695,0.04945067816065028,0.10685891654235305,3.440255837169947e-05,0.0004778314734142518,PERUS
1805050424,4789241656,0,273.402,0,4,20.286458333333332,0.04927062667755864,0.0010018817025926863,9.82567826551057e-06,0.0004803169426844126,PERUS
1805050430,1805050441,0,56.205,0,4,20.626420454545453,0.048458554277712736,0.3071746362546828,3.958579021850637e-05,0.00047489837543853976,PERUS
1805050434,4789241918,0,172.823,0,4,21.493844696969695,0.04650291882365899,0.05352161828061371,0.0004505531480496061,0.00047497818381919113,PERUS
1805050434,4789241741,0,23.770999999999997,0,4,21.26278409090909,0.04700826151824883,0.012523111682366637,0.0013390388780900524,0.00047509135191885205,PERUS
1805050434,4789241882,0,37.718,0,4,20.950757575757574,0.0477083709998192,0.04184392108481752,0.0007403271388880826,0.0004742603170603923,PERUS
1805050441,1805050447,0,38.783,0,4,20.541193181818183,0.04865961321254869,0.0071958535368554025,3.532893133753299e-05,0.00047471709131603697,PERUS
1805050441,1805050449,0,115.772,0,4,20.801136363636363,0.048051534189201495,0.30913580125550605,1.6307378010368482e-05,0.0004745469713240105,PERUS
1805050444,1805050446,0,52.419,0,4,22.687026515151516,0.04405718459772514,0.0020971522147483867,1.1734607634208384e-05,0.0005257761833879276,PERUS
1805050445,4793029064,0,8.624,0,2,22.616477272727273,0.04419461541682368,0.0012795905310300703,8.836742763895822e-07,0.00028691425789137843,PERUS
1805050445,4793029045,0,96.589,0,4,21.883049242424242,0.045675833567734817,0.0033832963464495457,2.6753335337835385e-06,0.0005079303718777399,PERUS
1805050445,1805050479,0,42.373999999999995,0,4,22.256155303030305,0.044910115945112225,0.005701632583847176,1.902890347604772e-06,0.0005072505858578903,PERUS
1805050446,4789241398,0,15.1,0,4,22.305397727272727,0.04481097030291452,0.006748570291053598,1.1218187735212169e-05,0.0005274561827313359,PERUS
1805050446,4789241922,0,78.447,2,4,22.068655303030305,0.04529168186401768,0.009640346587171491,3.756074824050273e-05,0.0005005286031121715,PERUS
1805050447,1805050513,0,119.848,0,4,20.492897727272727,0.048774288948961436,0.008211661640874153,2.9261531260351903e-05,0.0004770886833490015,PERUS
1805050447,4793152135,0,128.453,0,4,20.375473484848484,0.049055376106708806,0.010515252276761833,9.788079387356776e-05,0.00047434407449125775,PERUS
1805050448,1805050471,0,81.535,0,4,20.703598484848484,0.048277912454832365,0.0007225344739875302,1.8795474975150924e-07,0.0004630556807202998,PERUS
1805050448,4790928370,0,113.628,0,4,20.34375,0.04913187171251687,0.30282877980966705,3.9933861497579787e-07,0.0004641891929218519,PERUS
1805050449,1805050479,0,89.45299999999999,0,4,21.37405303030303,0.0467635461432812,0.02234532068816084,4.74620934442313e-06,0.00048209993385744596,PERUS
1805050449,1805050454,0,168.93099999999998,0,4,20.896306818181817,0.04783268755806313,0.2966470959766626,4.825886746637636e-06,0.000468093199525843,PERUS
1805050452,4789241656,0,42.599,0,4,20.468276515151516,0.04883295935598788,0.019646056411756176,3.2206278456896257e-06,0.00047473299689549016,PERUS
1805050452,1805050454,0,142.561,0,4,20.862689393939394,0.04790976351504698,0.3119366463423126,2.137114078981576e-06,0.00046524160077487687,PERUS
1805050452,4790928370,0,58.004,0,4,20.431344696969695,0.048921230098954833,0.3028681014136936,1.213937237841921e-06,0.00046701951190923245,PERUS
1805050454,1805050488,0,87.501,0,5,21.050189393939394,0.04748301767960772,0.019480577994811187,1.8117123992939826e-06,0.0005601949036914841,PERUS
1805050455,6080898005,0,12.593,0,5,20.232481060606062,0.04940207343614706,0.007206503137945922,5.577000356039879e-09,0.0004893502695037551,PERUS
1805050455,4792421424,0,55.602999999999994,0,5,20.122632575757574,0.04967175698251724,0.026965609161278378,7.428382127498517e-09,0.0004923100713297289,PERUS
1805050471,1805050481,0,154.932,0,4,20.921401515151516,0.047775313447698364,0.00019169281962934474,3.208172922733009e-07,0.00046017965485719794,PERUS
1805050471,1805050519,0,196.791,0,4,20.773674242424242,0.04811505675343028,0.0006488064664377822,1.187795697120099e-07,0.00046103640331370536,PERUS
1805050479,4790926800,0,44.561,0,4,21.998106060606062,0.04543693499784761,0.016202958459182945,1.5534584521056499e-06,0.00048527720088606353,PERUS
1805050481,1805050488,0,200.552,0,5,21.022727272727273,0.047545045045045045,0.0007864320805306451,8.231853160541876e-07,0.000558170215010767,PERUS
1805050481,4790928370,0,89.179,0,4,20.819602272727273,0.04800891496668259,0.0006602752676121874,5.322011575083544e-07,0.00046131316705874995,PERUS
1805050488,1805050499,0,62.837,0,5,21.49337121212121,0.046503943252412215,0.0034250755507277365,8.482288004075882e-07,0.0005698641635347433,PERUS
1805050488,1805050541,0,47.355000000000004,0,5,21.510890151515152,0.046466069423961615,0.014764443111878975,7.51877263193633e-07,0.0005865415222634424,PERUS
1805050499,4790926800,0,78.848,0,4,21.966382575757574,0.045502554264651995,0.01648476328803976,6.696522554316819e-07,0.000480212407501115,PERUS
1805050499,1805050547,0,46.43199999999999,0,4,22.411458333333332,0.04459890562609596,0.01582530722051146,3.381573484235006e-07,0.0005055474389008486,PERUS
1805050506,1805050515,0,198.13899999999998,0,5,20.75662878787879,0.048154569095305445,0.003570073965575574,1.5011059889963165e-08,0.0005389940979743762,PERUS
1805050506,8644579497,0,180.619,0,5,21.099905303030305,0.04737113749074344,0.0037838851874698433,7.034161346255474e-09,0.0005590379443583403,PERUS
1805050506,4790930300,0,58.841,0,5,21.12784090909091,0.047308502532383126,0.022305999084134307,7.669380526122966e-09,0.0005399939293970216,PERUS
1805050506,4792421424,0,83.33500000000001,0,5,20.59469696969697,0.048533198455030346,0.02643722510717185,9.417998197761146e-09,0.0005172338685504243,PERUS
1805050513,4793029045,0,9.265,0,4,21.159564393939394,0.04723757524222963,0.008911258512512872,8.55076205240458e-06,0.0004849505609725044,PERUS
1805050513,1805050727,0,222.238,0,4,20.847064393939394,0.04794567217061482,0.002531328259208014,9.840441720645049e-06,0.00047628778112656137,PERUS
1805050515,4792420920,0,87.551,0,4,21.312026515151516,0.04689964675301593,0.0026935298758174594,1.2699937397799807e-08,0.00045527006787153936,PERUS
1805050515,1805050519,0,116.95799999999998,0,4,20.763257575757574,0.04813919547569096,0.0064749574630356445,4.094925168222364e-08,0.0004545735394792005,PERUS
1805050541,4790928371,0,202.925,0,2,22.482954545454547,0.044457080279673156,0.0012795905310300703,1.8834619492698542e-07,0.00028019111096544674,PERUS
1805050541,1805050559,0,31.226,0,4,22.44412878787879,0.0445339859077676,0.012491982079178964,2.2392464781329494e-07,0.0005149937657582851,PERUS
1805050547,1805050601,0,75.846,0,2,23.379261363636363,0.04275269862486583,0.0012795905310300703,9.258110279250844e-08,0.00029027590431928525,PERUS
1805050547,1805050559,0,69.31099999999999,0,4,23.341856060606062,0.04282120978538683,0.013562676588818082,1.4149564934603883e-07,0.0005250785591121235,PERUS
1805050559,4792420897,0,89.759,0,4,22.961174242424242,0.043531158493834286,0.0258220058441734,7.841104191106725e-08,0.0005314386290600132,PERUS
1805050568,1805050638,0,65.534,0,4,22.907670454545453,0.04363283107004816,0.0027500546816055993,1.119712606138075e-09,0.0004697890413775262,PERUS
1805050568,4790930300,0,50.536,0,4,22.044507575757574,0.04534129472915503,0.01306050693739591,2.9127797960524554e-09,0.00045927023276800324,PERUS
1805050568,4790939021,0,170.93200000000002,0,4,22.964488636363637,0.0435248757757572,0.009753396198747771,9.43455842369362e-10,0.0004691214722761768,PERUS
1805050638,1805051115,0,509.39300000000003,0,4,23.267045454545453,0.04295889295889296,0.0012361729265841076,5.989031210519385e-10,0.0004729027905868696,PERUS
1805050638,1805050732,0,75.529,0,4,22.303030303030305,0.04481572690217391,0.0002686976275146371,1.345975108534575e-09,0.0004737091215153569,PERUS
1805050712,1805050784,0,59.182,0,4,24.4375,0.04090134077346354,0.0018513921895825603,3.456728681346431e-10,0.0004725801734337528,PERUS
1805050712,1805050774,0,121.635,0,4,23.744791666666668,0.04209455821651479,0.009071821728954545,7.902436979331838e-10,0.0004717614383241322,PERUS
1805050712,4790939021,0,202.203,0,4,23.894886363636363,0.04183014306661911,0.00720896073819758,4.748221438575342e-10,0.0004718422616193813,PERUS
1805050727,1805050817,0,98.873,0,4,21.48342803030303,0.0465254666872369,0.001091993711820156,4.2844394503452055e-06,0.0004735634726865306,PERUS
1805050727,4793135937,0,50.153,0,4,20.820075757575758,0.04800782316019285,0.003523379560794067,8.885565230489655e-06,0.0004711888687236882,PERUS
1805050732,4792409222,0,472.91499999999996,0,4,21.661458333333332,0.04614308509475617,0.0002514944257530292,2.7509172409218766e-09,0.0004692048998551832,PERUS
1805050732,8644579497,0,16.692,0,4,21.95691287878788,0.04552217885407457,0.001580236961816265,2.503823107347953e-09,0.0004813446436543729,PERUS
1805050737,4793152144,0,74.167,0,4,20.029829545454547,0.0499018982105288,0.03589652847580452,7.437009023436025e-05,0.0004673512960016143,PERUS
1805050737,1805050759,0,21.896,0,5,20.182765151515152,0.049523764838361566,0.020512770100507657,3.1206200153331564e-05,0.00056455856721959,PERUS
1805050737,4793135937,0,95.17699999999998,0,4,20.558238636363637,0.048619268062369006,0.014598964694933984,2.3681384473345548e-05,0.00046558448475493645,PERUS
1805050739,4792421425,0,9.902,0,4,23.40625,0.042703402516486626,0.012746753305267538,7.0148289673334245e-09,0.000517422756694102,PERUS
1805050739,4792421426,0,101.367,0,4,24.016098484848484,0.041619021331966405,0.01033338985813912,5.562919971824248e-09,0.0004977552784968482,PERUS
1805050739,4793005724,0,92.909,0,2,24.33096590909091,0.04108042890225154,0.0012795905310300703,2.4277172790648746e-09,0.000286971227096211,PERUS
1805050744,1805050811,0,83.939,0,4,22.553977272727273,0.04431708443548726,0.005876941401798799,5.494793886108109e-07,0.00047469363723419823,PERUS
1805050744,1805050817,0,60.861999999999995,0,4,22.008522727272727,0.04541542962867347,0.001431961746632883,1.4546548038639303e-06,0.0004740822647825015,PERUS
1805050744,4793029099,0,12.219000000000001,0,4,22.62878787878788,0.04417057248074992,0.005547622968076592,6.859250177782789e-07,0.00047551751605557664,PERUS
1805050759,1805050922,0,126.16999999999999,0,5,20.28219696969697,0.049280978616117285,0.01808302265170152,1.7240162802992144e-05,0.0005652315747193357,PERUS
1805050759,4793146520,0,158.92400000000004,2,5,20.145359848484848,0.049615719087127176,0.0,3.1041853509803e-05,0.0005749424773700732,PERUS
1805050759,4793146504,0,53.55599999999999,0,3,20.713068181818183,0.04825584053399168,0.0012795905310300703,1.5342563838742446e-05,0.00036036687408191637,PERUS
1805050764,8941280347,0,32.117000000000004,0,5,21.064393939393938,0.0474509980219385,0.00460963887202702,1.131313615635282e-09,0.0005050744952939825,PERUS
1805050764,5199272141,0,12.016,0,6,20.545454545454547,0.048649520648967555,0.03015557428793081,1.3877483533792084e-09,0.000577313928791822,PERUS
1805050764,8943801550,0,132.433,2,5,20.841856060606062,0.047957653687127996,0.3314975059453446,1.1812680864880882e-09,0.0005001552007701237,PERUS
1805050774,4792420896,0,85.64,0,4,23.076231060606062,0.04331411453310626,0.013809255814067795,1.9059899670960774e-09,0.0004717211025152987,PERUS
1805050774,1805050792,0,26.312,0,4,23.43655303030303,0.0426481878055679,0.016083355246935577,1.367684968075896e-09,0.00046902818331151345,PERUS
1805050784,1805050836,0,53.274,0,4,24.821022727272727,0.04026935256190149,0.0031588355234647577,2.514820843801347e-10,0.0004728773327833688,PERUS
1805050784,4790934308,0,61.444,0,4,24.517992424242426,0.040767061913406205,0.0013303809362310078,2.743469416066604e-10,0.00047254419862624266,PERUS
1805050792,4792420881,0,57.604,0,4,23.386363636363637,0.042739714933592486,0.0040484868145650495,2.4174745893742183e-09,0.0004654773965166146,PERUS
1805050792,4790939063,0,27.641,0,4,23.121685606060606,0.04322896402023222,0.011628545190763027,1.972124237037229e-09,0.00046355870171235227,PERUS
1805050811,1805050947,0,123.04999999999998,0,4,22.685132575757574,0.04406086284986746,0.00019496961996488907,4.626037472061195e-07,0.0004769828093541518,PERUS
1805050811,1805050867,0,93.178,0,4,22.716856060606062,0.043999333027637665,0.005475533360694616,2.436115980646171e-07,0.0004740910284055961,PERUS
1805050816,4793135937,0,17.534,0,4,20.58096590909091,0.04856557848482757,0.013705217403414263,8.228917255166773e-06,0.00046900425728481387,PERUS
1805050816,1805050886,0,98.858,0,4,21.102272727272727,0.04736582301202657,0.012016846030525033,3.4842789009586443e-06,0.00047130127514690415,PERUS
1805050816,1805050922,0,99.68999999999998,0,4,20.6875,0.04831548109493729,0.0006709248687027066,6.5819299035193695e-06,0.0004663432201684097,PERUS
1805050817,1805050886,0,69.679,0,4,21.74100378787879,0.04597425790012414,0.0002351104240753074,2.016570340321035e-06,0.00047356320147137016,PERUS
1805050821,4792420881,0,15.206,0,4,23.525094696969695,0.042487672335715,0.004250829235284913,5.897908434127185e-09,0.00045565806244391414,PERUS
1805050821,4792420891,0,232.803,0,5,23.639204545454547,0.04228257821575932,0.000453017646389007,1.504273747395146e-08,0.0005396459102639151,PERUS
1805050821,1805050994,0,133.414,0,4,23.79782196969697,0.04200075605340125,0.0026017794664222175,9.809268976261051e-09,0.00044654996566133315,PERUS
1805050830,1805050926,0,72.023,0,4,21.126893939393938,0.04731062303899597,0.007711130389619752,1.6189643277179305e-09,0.0004621758277513943,PERUS
1805050830,12587603685,0,256.21,0,4,21.517992424242426,0.0464507327377547,0.0,8.598375599658144e-10,0.00046289537105347517,PERUS
1805050830,8941280347,0,32.063,0,4,21.008522727272727,0.04757719179625873,0.008887501710080176,8.584354994233219e-10,0.00044356063567841866,PERUS
1805050836,1805051115,0,351.38199999999995,0,4,24.235795454545453,0.04124174578986441,0.0006488064664377822,3.0225121662562306e-10,0.0004729767701593221,PERUS
1805050836,4790939021,0,160.00599999999997,0,4,23.92850378787879,0.04177137542790431,0.0024920066551814813,3.806313729608712e-10,0.00047213942096899724,PERUS
1805050867,1805050920,0,85.324,0,4,22.714015151515152,0.04400483615442342,0.008373044057399711,8.969119810101159e-08,0.0004630881195990833,PERUS
1805050867,1805050992,0,114.047,0,4,22.786458333333332,0.043864935064935065,0.0033333251413324946,1.6035184281511708e-07,0.00048216127828349,PERUS
1805050878,1805051179,0,359.33900000000006,0,4,23.87121212121212,0.041871628054585844,0.0006725632688704788,5.182419012149252e-10,0.000470931194631417,PERUS
1805050878,4790939063,0,61.866,0,4,23.425189393939394,0.04266887658163884,0.0020733954123156903,1.5258337168454472e-09,0.0004649126177380816,PERUS
1805050878,4790934308,0,96.17599999999999,0,4,24.14962121212121,0.04138891067367265,0.001350041738244274,5.084426116322682e-10,0.0004708713371491675,PERUS
1805050886,1805050947,0,87.83399999999999,0,4,21.892518939393938,0.04565607630252828,0.012032410832118869,1.2242665883731184e-06,0.00047629385080170304,PERUS
1805050902,1805051227,0,176.69,0,4,22.779829545454547,0.043877699486603895,0.007567770374939687,8.193874790419505e-09,0.00043187547032565523,PERUS
1805050902,1805051148,0,288.976,0,5,21.98153409090909,0.0454711900915455,0.0,1.3727587461769667e-08,0.000517008798344729,PERUS
1805050902,4790939063,0,52.259,0,4,22.73721590909091,0.04395993419545616,0.008758887296910059,4.906375983038821e-09,0.00044774144342854717,PERUS
1805050920,4792420891,0,93.698,0,5,22.926609848484848,0.043596786518246215,0.009939354617789912,3.170619545482239e-08,0.0005427033298350273,PERUS
1805050920,1805051003,0,117.676,0,4,22.888731060606062,0.04366893527233611,0.003088384316250554,2.9011067950052786e-08,0.00045589111398860885,PERUS
1805050922,4793165449,0,600.5449999999998,0,4,20.417140151515152,0.048955265415922634,0.018226382666381585,5.146930564483317e-06,0.00047041750644869515,PERUS
1805050926,1805050965,0,38.228,0,4,20.697916666666668,0.048291165301733996,0.01197998202675016,4.9870036648553595e-09,0.0004655922334156595,PERUS
1805050926,8941325985,0,87.065,0,4,21.36600378787879,0.046781163434903045,0.01066025069160967,1.6824079174859518e-09,0.00046776083615795056,PERUS
1805050947,1805050992,0,94.149,0,4,22.69933712121212,0.04403329092008928,0.012009473229770059,3.7934399195657996e-07,0.0004850530592320457,PERUS
1805050957,4794043968,0,358.509,0,4,20.81912878787879,0.04801000682283375,0.005024973314557268,2.0760911402800856e-09,0.0005101808069671285,PERUS
1805050957,1805050965,0,31.356,0,4,20.368844696969695,0.04907134057044562,0.0185966611042981,5.139051644017014e-09,0.0004671681673528602,PERUS
1805050965,1805051274,0,927.0199999999996,0,4,20.382575757575758,0.04903828284705445,0.013453722977661233,1.7396719642418467e-08,0.000459338882857634,PERUS
1805050992,1805051044,0,93.466,0,4,23.015625,0.04342817173774404,0.012123342041430224,1.1811931632369154e-07,0.0005120895764386467,PERUS
1805050994,4792420891,0,173.26099999999997,0,5,23.365056818181817,0.04277868968731635,0.0007462912764202267,1.6287638427827756e-08,0.0005389855091966133,PERUS
1805050994,1805051003,0,206.937,0,4,23.327651515151516,0.04284728424129252,0.002097971414832273,1.359251092514128e-08,0.0004524214858322326,PERUS
1805051003,4793143988,0,71.275,0,4,22.947443181818183,0.04355720623130094,0.004006707610286859,1.5313400304670738e-08,0.0004643585748408163,PERUS
1805051044,8002258922,0,7.699,0,4,23.130681818181817,0.04321215098665357,0.011207476347645578,4.146543032162096e-08,0.0005210637411970612,PERUS
1805051044,4793143921,0,71.868,0,2,23.623579545454547,0.04231054456536989,0.0012795905310300703,3.0802542461881125e-08,0.0002909773050830459,PERUS
1805051115,1805051179,0,272.776,0,4,24.223958333333332,0.04126189871190946,0.0006070272621595917,3.3491536651683666e-10,0.00047270349348444546,PERUS
1805051144,8002258922,0,128.72099999999998,0,4,23.12405303030303,0.0432245382693804,0.004566221267581058,4.160791532156136e-08,0.0005212700292258177,PERUS
1805051144,4793165304,0,18.991,0,4,22.21212121212121,0.04499914733969986,0.0035651587650722574,1.1883446361541788e-07,0.0005129334932870799,PERUS
1805051144,4793126898,0,357.48400000000015,0,2,23.179924242424242,0.04312035297001389,0.0012795905310300703,3.096807990983135e-08,0.00029118359311180244,PERUS
1805051146,4793143988,0,84.078,0,4,22.05587121212121,0.04531793396590958,0.00853688407417693,2.0139692863618446e-08,0.00046800178822142943,PERUS
1805051146,4793165366,0,45.437,0,4,21.128314393939394,0.047307442350357436,0.009042330525934646,4.2668910353325945e-08,0.00045769131952191525,PERUS
1805051146,1805051176,0,84.16700000000002,0,4,22.08996212121212,0.04524799588459725,0.0025780226639895206,2.9765477360949765e-08,0.0004707249003546019,PERUS
1805051148,1805051227,0,85.89,0,5,22.015625,0.045400778544852353,0.006171853431997791,1.444945850019177e-08,0.0005134809008251991,PERUS
1805051148,4794023519,0,83.239,0,6,21.039772727272727,0.047506526239985594,0.013121946943687367,2.8669585844896682e-08,0.0006018482056889005,PERUS
1805051148,1805051208,0,179.549,0,5,21.846117424242426,0.04575305056459828,0.0070500359219236785,1.4901897982166172e-08,0.0005138273182426135,PERUS
1805051176,1805051187,0,48.321999999999996,0,4,22.177556818181817,0.0450692798736096,0.0019120129957901307,6.518358162894927e-08,0.00047675416469874387,PERUS
1805051176,4793143977,0,172.74200000000002,0,4,22.598958333333332,0.04422887552640952,0.0005529600566231098,2.6219636064351894e-08,0.00047945700636838,PERUS
1805051179,4790934308,0,471.786,0,4,24.544981060606062,0.040722236154246805,0.0,3.157652513835141e-10,0.00047227455881079637,PERUS
1805051187,4793165379,0,126.039,0,4,21.223011363636363,0.04709635678111684,0.0006078464622434778,1.41235424613747e-07,0.000473621494985179,PERUS
1805051187,4793165304,0,112.248,0,4,21.723484848484848,0.04601133391455972,0.0023265282382364917,1.4048877179269896e-07,0.0004852743792174475,PERUS
1805051202,4794023519,0,313.086,0,5,20.882575757575758,0.047864139307092324,0.0,2.4758043680903955e-08,0.0005238765497565147,PERUS
1805051202,4792409222,0,425.226,0,4,21.296875,0.046933013183930276,0.007303987947928366,7.911755559797497e-09,0.0004510085538894552,PERUS
1805051202,1805051208,0,35.363,0,4,21.584280303030305,0.04630807704119686,0.00763822158215389,1.0990355817189366e-08,0.00043376195079838556,PERUS
1805051208,1805051227,0,187.21599999999998,0,4,22.547348484848484,0.044330113397732046,0.0009404416963012297,9.368185309908372e-09,0.00042889833864799933,PERUS
1805051243,4793165450,0,87.626,0,4,21.02840909090909,0.047532198504908585,0.0013295617361471217,3.9384056807090696e-07,0.0005054922691441272,PERUS
1805051243,1805051253,0,88.985,0,3,21.026988636363637,0.04753540948906753,0.001091993711820156,1.1240250890165571e-07,0.00039778315374115026,PERUS
1805051243,1805051253,1,349.411,0,3,21.026988636363637,0.04753540948906753,0.0,1.124025089013843e-07,0.00039778315374115026,PERUS
1805051253,1805051273,0,63.839,0,4,20.95691287878788,0.047694358464562485,0.0012279809257452468,7.610255003374256e-08,0.000501456464420151,PERUS
1805051273,1805051276,0,49.262,0,4,20.48342803030303,0.048796837798479,0.017906075433582126,1.2171173893317736e-07,0.0004931172572258779,PERUS
1805051273,1805051274,0,83.72399999999999,0,4,20.425189393939394,0.04893597292410404,0.019153717161340636,4.7762584983044716e-08,0.00046986346758082166,PERUS
1805051274,4794023519,0,215.21500000000003,0,5,20.682765151515152,0.048326541825008014,0.005832704597268951,3.224194223758302e-08,0.0005320069186665139,PERUS
1805051276,2368336536,0,28.2,0,4,20.986742424242426,0.047626567999278044,0.0289488925643666,1.1150856949852519e-07,0.0005188190983848091,PERUS
1805051276,4793165450,0,143.36800000000002,0,4,20.525568181818183,0.04869665513264129,0.017793025822005846,3.952020683517559e-07,0.0004965278483585161,PERUS
1805056292,1805056294,0,135.797,0,4,26.038352272727273,0.03838670376229702,0.002422374648051164,5.847008103106932e-06,0.000519705872255307,PERUS
1805056292,4794075211,0,41.292,0,2,26.49715909090909,0.03772202566026947,0.0012795905310300703,1.4671402232973077e-06,0.00028788709415955257,PERUS
1805056292,4794081542,0,330.71999999999997,0,4,25.94649621212121,0.03852260077738645,0.00016302081669333164,1.7540917444362302e-06,0.0004995554106685261,PERUS
1805056294,4794075212,0,79.387,0,4,26.085227272727273,0.03831772308139113,0.003699507578829576,2.0664113307065425e-05,0.0005247764963028119,PERUS
1805056294,4794087021,0,211.75399999999996,0,4,26.48058712121212,0.03774563269976934,0.0001515520155189264,6.407391366918682e-06,0.0005065497897202903,PERUS
1805056297,4794075212,0,70.715,0,4,26.101799242424242,0.03829339525096595,0.006165299831326703,7.612271949404946e-05,0.0005172337232689616,PERUS
1805056297,4794091329,0,108.42899999999999,0,4,26.291193181818183,0.03801754101608227,0.00043417604445962694,8.826572530662294e-05,0.0004905995388502879,PERUS
1805056297,4794075208,0,71.805,0,4,25.62878787878788,0.03900014779781259,0.007179469535177681,0.0002667725109855592,0.0004927441872459489,PERUS
1805056303,1805056313,0,61.275999999999996,0,4,24.410984848484848,0.04094576770889906,0.016894363329982804,0.0031790155908338006,0.0004887660292754881,PERUS
1805056303,4794075208,0,135.09,0,4,25.067234848484848,0.03987382418495712,0.008245248844313482,0.000900307376681489,0.0004879698247828499,PERUS
1805056303,1805056334,0,66.67099999999999,0,4,25.237689393939394,0.0396045176541218,0.007531725571248699,0.0009011855105563019,0.0004918979891135024,PERUS
1805056313,4794075202,0,155.82100000000003,0,4,23.747632575757574,0.04208952248031104,0.017512040193232915,0.008830269027251824,0.0004920432318466584,PERUS
1805056313,1805056333,0,48.135,0,4,24.429924242424242,0.040914024342972324,0.0005505024563714515,0.005838384932496886,0.0004935585742926263,PERUS
1805056333,1805056357,0,102.35499999999999,0,4,25.204545454545453,0.039656597535317105,0.00015400961577058465,0.00458243725620263,0.0005244983929092339,PERUS
1805056333,1805056390,0,256.06399999999996,0,4,24.98058712121212,0.040012130631740556,0.0015302657566992135,0.013656339023782596,0.00048238795287749856,PERUS
1805056334,4794110320,0,115.319,0,4,26.01278409090909,0.03842443437266787,0.00407142441691386,0.00031830275349403113,0.0004928935571607919,PERUS
1805056334,1805056355,0,97.178,0,4,26.13778409090909,0.03824067532561636,0.002356019441256391,0.00027132203062662965,0.0005121723257393167,PERUS
1805056345,1805056386,0,156.21599999999998,0,2,26.785511363636363,0.03731593926216613,0.0012795905310300703,0.0018455076550281772,0.0003012458696360625,PERUS
1805056345,1805056357,0,69.826,0,4,26.02225378787879,0.038410451427427716,0.0024854530545103926,0.0028179954714464992,0.0005526705854092511,PERUS
1805056345,1805056422,0,168.90499999999997,0,4,26.007575757575758,0.038432129332944945,0.0049545221073430635,0.006743386414566849,0.0005297466559721354,PERUS
1805056355,4794111624,0,86.42399999999999,0,4,26.76657196969697,0.037342343139162584,0.0002015232206359778,0.00011218034725481144,0.0005117064939244654,PERUS
1805056355,4794118560,0,90.92299999999999,0,2,26.957859848484848,0.037077368929480985,0.0012795905310300703,7.402241459857856e-05,0.0002885554687447216,PERUS
1805056357,4794118541,0,35.458000000000006,0,2,26.19649621212121,0.03815496954470692,0.0012795905310300703,0.001428408091237999,0.0003002042052932905,PERUS
1805056381,1805056500,0,174.717,0,4,26.679924242424242,0.03746361893944772,0.00036700163758096767,1.297302917821625e-05,0.00045335799735736883,PERUS
1805056381,4794091329,0,115.162,0,4,26.833806818181817,0.03724877807774425,0.001432780946716769,3.7711133063600786e-05,0.00047371723755236186,PERUS
1805056390,1805056394,0,87.641,0,4,24.451231060606062,0.0408783718363316,0.0023601154416758212,0.03263693009214591,0.0004573871013544842,PERUS
1805056390,1805056413,0,33.742999999999995,0,4,24.940814393939394,0.04007593735168486,0.0005431296556164767,0.027694310012419204,0.00046117675627258513,PERUS
1805056394,1805056447,0,75.12800000000001,0,5,23.70975378787879,0.04215676485272092,0.026741967538377476,0.09905949865058182,0.0005076652201540359,PERUS
1805056394,4794075202,0,183.59300000000002,0,4,23.690814393939394,0.042190466673328667,0.023275931983455435,0.02867836914917562,0.00047085167078300645,PERUS
1805056413,1805056422,0,45.223,0,4,25.151041666666668,0.03974095897889644,0.0069320711098440815,0.022545799187959577,0.00048036326686720486,PERUS
1805056413,1805056459,0,89.52099999999999,0,5,24.37121212121212,0.04101258936897731,0.007583335176533522,0.07464225152533614,0.0005230201234260988,PERUS
1805056417,1805056421,0,110.447,0,5,22.887310606060606,0.04367164549629691,0.004219699632097242,0.057912432525060835,0.0005420580555540551,PERUS
1805056417,4794130951,0,203.527,0,5,23.131155303030305,0.04321126645241848,0.0038338563925868945,0.02373502234759516,0.0006102752906619281,PERUS
1805056417,4794131326,0,71.773,0,3,23.132575757575758,0.04320861306697232,0.0012795905310300703,0.021711200344860196,0.00036295397180449414,PERUS
1805056420,1805056422,0,59.938,0,4,26.115530303030305,0.03827326129523533,0.0015990785637456449,0.007727476484048939,0.0005175552279880599,PERUS
1805056420,1805056473,0,27.308,0,4,26.257102272727273,0.038066901090974666,0.010177741842200765,0.007488013865835786,0.0005291098447332827,PERUS
1805056420,4794146441,0,42.914,0,4,27.048295454545453,0.036953401253369746,0.008922727313687278,0.0032580469191965493,0.0005614752662477029,PERUS
1805056421,1805056436,0,116.03,0,4,22.912405303030305,0.04362381434564278,0.03185951046241387,0.09601557850991457,0.0004050389822831058,PERUS
1805056428,1805056472,0,57.68,0,2,30.038352272727273,0.03327501142794092,0.0012795905310300703,5.490944936382647e-05,0.000370819940930481,PERUS
1805056428,4794146460,0,29.329,0,2,30.038352272727273,0.03327501142794092,0.0012795905310300703,5.490944936382362e-05,0.000370819940930481,PERUS
1805056428,4794146454,0,58.726,0,4,29.039772727272727,0.03441922650492402,0.0038338563925868945,0.00022957065728199108,0.0006653340902798505,PERUS
1805056436,1805056447,0,11.417,0,5,23.257102272727273,0.04297725930902502,0.03242475852029527,0.13351683985528648,0.00047964491969243467,PERUS
1805056447,1805056459,0,91.693,0,6,23.723484848484848,0.04213236468146256,0.008569652077532373,0.13397729413286064,0.0005751974270857345,PERUS
1805056459,1805056502,0,140.45,0,5,24.462594696969695,0.04085938256072776,0.0006184960633339969,0.07443432863528349,0.0005279704160046645,PERUS
1805056459,1805056505,0,95.76899999999999,0,6,23.86221590909091,0.04188741393336905,0.0019439617990616883,0.1280619561167725,0.0005777809326084856,PERUS
1805056473,1805056502,0,73.297,0,4,25.385416666666668,0.039374044092960796,0.012617319692013537,0.022098413679693774,0.0004964901922415001,PERUS
1805056473,4794126460,0,35.356,0,2,26.377367424242426,0.03789333859879014,0.0012795905310300703,0.005710678557885564,0.0002888348926013975,PERUS
1805056478,4794081542,0,171.742,0,4,26.322916666666668,0.037971723567291435,0.0012623873292684626,8.992271773173145e-07,0.000463876561045266,PERUS
1805056505,4794234333,0,142.912,0,5,23.823863636363637,0.04195484537721599,0.0003563520364904485,0.11048150104511081,0.0004914166181955028,PERUS
2056730928,4787230004,0,74.071,0,4,26.37405303030303,0.037898100606800475,0.0008396800859832408,4.150251808025999e-09,0.00048160997667027626,PERUS
2056730928,4787268215,0,172.576,0,5,26.215435606060606,0.03812740441056947,0.000591462460565756,6.9221305927445666e-09,0.0005498075862407132,PERUS
2368336536,4808011236,0,326.835,0,4,21.493844696969695,0.04650291882365899,0.025280514588724694,3.038978820836144e-08,0.0005601523322304501,PERUS
2368336536,4794044005,0,299.38000000000005,0,4,21.027935606060606,0.04753326878476053,0.002627993869106572,3.041062511755173e-08,0.0005568068546029569,PERUS
2368337940,4789241635,0,92.76600000000002,0,2,21.35653409090909,0.04680190666223257,0.0012795905310300703,0.0005657247078887736,0.00028790151753542713,PERUS
2368337940,4789241902,0,175.31199999999998,0,4,21.161931818181817,0.04723229068778807,0.00033259523405775195,0.001504582990605621,0.0005218100868219176,PERUS
2368337940,5998233395,0,29.474999999999998,0,4,20.531723484848484,0.04868205613080276,0.0022413314295123385,0.001426377474250996,0.0004978299945580058,PERUS
2428212814,4810690297,0,462.6220000000001,0,5,28.24100378787879,0.03539274038058513,0.09103934372242879,1.91864748271311e-14,0.0006040697567782229,PERUS
2478796267,7983468724,0,7.231,0,5,20.239109848484848,0.04938589308691075,0.0005283840541065271,1.318416651425245e-08,0.0005016084048398697,PERUS
2478796267,4792421424,0,369.55499999999995,0,5,20.119318181818183,0.04967993975336534,0.000564428857797515,1.1650678375436956e-08,0.0004973929949870293,PERUS
2478796318,5199272141,0,63.717,0,5,20.55587121212121,0.04862486755424517,0.018622875506982453,1.0811085047058927e-09,0.0004955313644779443,PERUS
2478796318,5199272145,0,83.209,0,4,20.662405303030305,0.04837416072778936,0.15473215024457218,7.239127650186543e-10,0.00041776745159502357,PERUS
2479349068,4789241902,0,250.878,0,4,21.580492424242426,0.04631620518671289,0.002554265861556824,0.0014002720087276713,0.0005434854181866822,PERUS
2479349068,3930337284,0,1177.4170000000001,0,4,22.191761363636363,0.04504043184194244,3.2768003355443544e-06,0.0009028295561731171,0.000576190252065106,PERUS
2479349068,11580713782,0,139.941,0,2,22.38967803030303,0.0446422906930023,0.0012795905310300703,0.00044453737116695373,0.00030957684890019167,PERUS
2479349134,4794278152,0,95.728,0,6,23.57907196969697,0.04239040944597281,0.0006709248687027066,0.19961813258218294,0.0005449730475101474,PERUS
2479349134,4794234333,0,116.32400000000001,0,5,24.017045454545453,0.041617380332781326,0.0008380416858154686,0.12160322874701926,0.0004866623381212321,PERUS
2479349134,8002082155,0,99.589,0,5,24.05871212121212,0.04154530425883649,0.03938058643257205,0.15543326503116867,0.00046894180272925195,PERUS
2479349161,6348597379,0,58.877,0,4,28.28219696969697,0.035341190651577044,3.6044803690987895e-05,1.6733327539157467e-07,0.00046890034941604315,PERUS
2479349161,4794386142,0,14.752,0,4,28.142518939393938,0.03551659740565641,0.026556009119335335,1.3285122542133015e-07,0.00046896500611533015,PERUS
2479349169,2479349174,0,75.556,0,5,26.315814393939394,0.03798197160798143,0.00175718417993566,0.004098191628884765,0.0005246811976049135,PERUS
2479349169,4794336461,0,145.115,0,4,25.813920454545453,0.03872044608301693,0.002296217835132706,0.0076136573455715595,0.0004345908127463475,PERUS
2479349194,4795297131,0,51.246,0,5,32.81912878787879,0.030455607813717287,0.046203703931259284,1.0014757098838682e-09,0.0005303144167383175,PERUS
2479349194,7320395746,0,11.222999999999999,0,4,32.84659090909091,0.030430144726979184,0.018523752296832237,6.700286783221832e-10,0.0004640070179973784,PERUS
2479349194,4795297089,0,7.795,0,4,33.697916666666664,0.029661374174511732,0.026950863559768428,4.4074082962206267e-10,0.00045261075835964894,PERUS
2479349208,4795344572,0,25.798,0,4,27.583333333333332,0.03623661082120297,0.00015319041568669857,1.5440605824784142e-05,0.0004714693849964121,PERUS
3245959849,3245959916,0,137.70999999999998,0,3,27.12878787878788,0.03684375872661268,0.00638156865347263,2.4207040708959264e-13,0.0004600525992103332,PERUS
3245959849,3245959916,1,174.25699999999998,0,3,27.12878787878788,0.03684375872661268,0.0,2.4207567014015435e-13,0.0004600525992103332,PERUS
3245993237,3245998714,0,266.68300000000005,0,2,33.01751893939394,0.030272611245751653,0.0012795905310300703,6.788068893671427e-10,0.0003109652318848185,PERUS
3245993256,3245993260,0,5.768,0,4,30.160511363636363,0.03314023768034035,0.015551694392493506,2.6287385865827023e-08,0.0004802461867943268,PERUS
3245993256,3245998661,0,10.726,0,4,30.11032196969697,0.03319547748966081,7.372800754974797e-05,4.0589528181776185e-08,0.0004745738290484576,PERUS
3245993260,3245998668,0,8.850000000000001,0,4,31.038825757575758,0.03220245904140098,7.372800754974797e-05,8.566128449917185e-09,0.00048522180416428164,PERUS
3245993260,3245998683,0,32.626999999999995,0,4,31.09090909090909,0.03214851364522417,0.014362215870690906,8.181628806645328e-09,0.0004949126653716072,PERUS
3245998668,3245998670,0,4.468999999999999,0,4,31.917140151515152,0.031316293076592144,0.0022151170268279834,5.149453007087796e-09,0.00048176567512711865,PERUS
3245998668,3245998683,0,29.610999999999997,0,4,31.969223484848484,0.031265273478576404,0.0008847360905969757,4.761746738194339e-09,0.0004951342781913618,PERUS
3245998683,3245998714,0,383.84299999999996,0,4,32.02272727272727,0.031213035249585994,0.013985383832103305,2.7729008856289806e-09,0.0005389880568241113,PERUS
3245998749,5509039255,0,11.71,0,4,34.00852272727273,0.029390471417035612,0.0038338563925868945,2.0103793505563106e-10,0.0006424975680367765,PERUS
3422840967,4795512626,0,27.704,0,2,29.541193181818183,0.033835008254395664,0.0012795905310300703,1.834857037796281e-14,0.00031457938619985546,PERUS
3422840972,4810690348,0,102.86500000000001,0,4,25.636363636363637,0.038988622931442084,0.10871276633218727,5.443260964058651e-13,0.0004892949814606912,PERUS
3422840972,4810690314,0,150.428,0,4,25.696022727272727,0.03889810208218168,0.0001146880117440524,9.69011485845974e-13,0.00048286319567407047,PERUS
3422840972,4810678042,0,220.11900000000003,0,4,24.775568181818183,0.040343232809693076,0.10964010082714633,1.4731217099564043e-12,0.0005064412305903778,PERUS
3422891916,4810690356,0,96.303,0,2,32.27793560606061,0.03096624664446759,0.0012795905310300703,1.3822120240198594e-16,0.0003160142535215875,PERUS
3572130847,4810690311,0,59.98,0,5,27.54782196969697,0.03628332273422595,0.005445222957590831,1.462378918524543e-13,0.0005847920579034178,PERUS
3572130847,4810690357,0,60.941,0,5,27.613636363636363,0.03619684499314129,0.0003563520364904485,1.2282809268681111e-13,0.0005870971307748825,PERUS
3572130847,5499509204,0,248.95800000000003,0,5,28.542613636363637,0.03501874523074881,0.0,9.144218139451121e-14,0.0006016812666374396,PERUS
3572130847,4795512626,0,35.775000000000006,0,5,28.542613636363637,0.03501874523074881,0.0038338563925868945,7.666156503375803e-14,0.0006410957950247056,PERUS
3891166409,4810707203,0,38.253,0,2,35.54545454545455,0.02811967178175618,0.0012795905310300703,-1.2283611871291489e-17,0.00032041899839076334,PERUS
3891180140,4810678038,0,60.010999999999996,0,3,24.891098484848484,0.04015598249952444,0.0012795905310300703,2.0088876729372638e-12,0.0003765764575121138,PERUS
3891180155,4810678068,0,383.90999999999997,0,2,25.020359848484848,0.03994852676797305,0.0012795905310300703,1.8853824494057887e-12,0.00030026613454185047,PERUS
3930337038,3930337220,0,3111.625,0,4,25.310132575757574,0.039491160789449066,0.0036954115784101457,3.653222925039308e-08,0.0005439674107702859,PERUS
3930337124,3930337220,0,258.86,0,4,25.489109848484848,0.039213865101331895,0.008744960895483996,1.3178603585117683e-07,0.0005481931652205614,PERUS
3930337124,7954363527,0,1933.8709999999996,0,3,26.06628787878788,0.038345564193853085,0.0025575426618923685,1.239554753432517e-07,0.0004693256823260543,PERUS
3930337220,5430168659,0,110.4,0,4,25.90246212121212,0.038588089057873,0.0038338563925868945,3.579313837573305e-08,0.0006015596983175655,PERUS
3930337284,4794078726,0,580.1480000000003,0,4,22.75284090909091,0.04392974570275107,0.002554265861556824,0.0022282960502292095,0.0005716067310164518,PERUS
3930337284,6423014460,0,241.22299999999998,0,2,22.975852272727273,0.04350334878928387,0.0012795905310300703,0.0006043599496766712,0.0003153928926850161,PERUS
4090364004,4090370119,0,63.317,0,4,22.747632575757574,0.04393980392564994,0.00017776641820328121,7.081332118570132e-11,0.0004953536145899573,PERUS
4090364004,4090364012,0,294.23999999999995,0,4,23.62878787878788,0.042301218339211286,0.0025559042617245963,4.319312363261447e-11,0.000512711368608312,PERUS
4090364004,8023668169,0,50.161,0,4,22.632575757575758,0.04416317991631799,0.004008346010454631,6.963731923315042e-11,0.0004868089254721095,PERUS
4090364012,7825318169,0,32.22,0,2,23.745738636363637,0.04209287950389823,0.0012795905310300703,2.0469760057599438e-11,0.0002889907504213476,PERUS
4090364012,4090370119,0,337.872,0,4,22.861268939393938,0.04372139262266222,1.6384001677721772e-06,6.285855984332456e-11,0.0005118442573042386,PERUS
4090370119,4090372769,0,369.013,0,4,21.865056818181817,0.0457134195196951,0.001100185712659017,1.9118738491687863e-10,0.0004820555221906843,PERUS
4090372769,7347525140,0,756.344,0,4,20.979640151515152,0.047642691101130695,0.1130922099806423,6.668385559710059e-10,0.0004506856971515627,PERUS
4090372769,8023668169,0,362.075,0,4,21.752367424242426,0.0459502405258919,0.11098276976463563,1.9001137064994442e-10,0.0004735108330728365,PERUS
4090669135,4810676361,0,200.238,0,6,22.232954545454547,0.04495698100349263,0.006975488714290044,6.279487918213168e-11,0.000643269880924159,PERUS
4090669135,4810684606,0,577.5949999999999,0,6,22.169981060606062,0.04508468060568524,0.12783371549017247,6.261998473329678e-11,0.0006389871550172546,PERUS
4156382965,4156382966,0,60.16300000000001,0,4,22.798295454545453,0.04384215991692627,0.006444647059931859,5.686865179855346e-08,0.0004816291252354801,PERUS
4156382965,4787246545,0,120.431,0,4,22.56155303030303,0.044302203567681005,0.019697666017041,2.4544754362590204e-08,0.0004893229506045916,PERUS
4156382966,4787268241,0,110.39399999999999,0,4,22.993844696969695,0.04346930790931367,0.00517734453016008,1.579650027462596e-07,0.00046979146666819075,PERUS
4156383021,4793152139,0,149.762,0,4,19.675189393939394,0.05080136689608702,0.032178998495129445,0.0009037272516039153,0.0004716144066291929,PERUS
4156383021,4789241911,0,30.601,0,4,19.723958333333332,0.050675756775571935,0.4136862119614681,0.0009870964957952556,0.0004719345002328936,PERUS
4156383021,8943678111,0,466.806,1,4,19.635890151515152,0.05090304067902872,0.44495753676365174,0.0031637136752328417,0.0004682419917875935,PERUS
4375155027,4790923608,0,286.34999999999997,0,4,25.226325757575758,0.039622358196629,0.13790578052155192,7.943429550595292e-12,0.00048448009019205936,PERUS
4375155027,4375155032,0,49.983999999999995,0,4,24.4375,0.04090134077346354,0.13743801727365296,2.836842151533703e-11,0.00048713807025854033,PERUS
4375155027,8005455696,0,91.425,0,4,25.326704545454547,0.039465320620676765,0.0015982593636617588,8.359689812953924e-12,0.0005032524180663724,PERUS
4375155032,4375155034,0,34.742000000000004,0,4,24.379261363636363,0.04099904834042223,0.0030031875075264007,8.359727451434932e-11,0.0004885288883473455,PERUS
4787230001,4787230004,0,219.256,0,4,26.467329545454547,0.03776453961609331,0.001368064140089768,8.286881277903233e-09,0.0005246667837745933,PERUS
4787236066,4787236095,0,62.971,0,2,24.015625,0.04161984188008912,0.0012795905310300703,2.2090966989717148e-06,0.00027676775201830676,PERUS
4787236095,4787236096,0,162.84199999999998,1,5,23.758522727272727,0.042070229981266694,0.01607844004643226,4.677107423951446e-06,0.0005811192992139635,PERUS
4787236123,4787236131,0,175.954,0,4,26.998106060606062,0.03702209750964574,0.0025264130587046973,7.755088468598749e-09,0.0005675665818359173,PERUS
4787236123,5508995483,0,717.0089999999997,0,2,27.470170454545453,0.03638588689522037,0.0012795905310300703,2.0499776643601115e-09,0.00030533550418820443,PERUS
4787236124,4787236131,0,84.034,0,2,27.515151515151516,0.036326404185022025,0.0012795905310300703,6.959797742875475e-09,0.0003110105671678146,PERUS
4787246545,4789241012,0,125.314,0,4,22.591856060606062,0.04424277989688561,0.015072462343420145,2.599066094151125e-08,0.000507426744791057,PERUS
4787268128,4787268243,0,11.615,0,2,26.454545454545453,0.0377827892325315,0.0012795905310300703,5.506803561390617e-09,0.00026581552146508273,PERUS
4787268151,4787268196,0,61.806,0,5,24.64346590909091,0.04055949430322593,0.00014581761493172378,5.310247003921537e-07,0.0005299850898953843,PERUS
4787268151,4787268186,0,46.79299999999999,0,5,24.66524621212121,0.04052367880521375,0.012970394928168441,4.564548589401063e-07,0.0005297042582123307,PERUS
4787268151,4787268195,0,193.173,0,5,24.651988636363637,0.040545472006146166,0.0,4.472559732271761e-07,0.0005302012715869469,PERUS
4787268186,4787268195,0,108.626,0,4,25.121685606060606,0.03978739845826187,0.012380570867770457,2.499499174124638e-07,0.0004416834685518124,PERUS
4787268186,4787268199,0,61.427,0,4,24.609375,0.04061568061568062,0.0019038209949512699,2.2405543133491628e-07,0.000447125239508126,PERUS
4787268191,4787268199,0,48.357,0,4,24.49100378787879,0.04081198646689222,0.0037683203858760077,1.5577767592992337e-07,0.0004570017694053144,PERUS
4787268191,4787268241,0,291.724,0,4,23.52225378787879,0.042492803800398556,0.004457267656424208,1.7626790825594812e-07,0.00046187208914708105,PERUS
4787268191,4787268200,0,221.18000000000004,0,4,24.479166666666668,0.040831721470019344,0.0006692864685349344,1.0811921237650694e-07,0.00045944155568481136,PERUS
4787268195,4787268200,0,32.415,0,4,24.586174242424242,0.04065400762623734,0.011135386740263603,1.6719808207998042e-07,0.00045000688431379306,PERUS
4787268196,4787268199,0,50.30200000000001,0,4,24.604640151515152,0.040623496584239395,0.001848115389247016,2.986252727830395e-07,0.0004473738389191311,PERUS
4787268200,4787268242,0,78.821,0,4,25.016098484848484,0.03995533179392058,0.010561127481459454,6.091065010473612e-08,0.0004576870205652983,PERUS
4787268215,4787268243,0,50.163,0,5,25.884943181818183,0.038614205491229035,0.003024486709707439,9.70215385410047e-09,0.0005599761688417226,PERUS
4787268242,4787268243,0,39.881,0,4,25.468276515151516,0.03924594247894551,0.005536154166902187,1.882801878599054e-08,0.0004701685764955283,PERUS
4789240962,4789241012,0,59.784,0,2,23.222064393939394,0.043042104190029566,0.0012795905310300703,1.7799555378275432e-08,0.00028570595175087725,PERUS
4789241387,4789241391,0,114.434,0,2,21.46780303030303,0.04655932951036612,0.0012795905310300703,5.802032971698258e-06,0.0002954421835664214,PERUS
4789241391,4793146520,0,162.354,0,4,20.51941287878788,0.04871126289313981,0.006142362228977892,2.2829921724652486e-05,0.0005118651690175984,PERUS
4789241391,4789241401,0,104.712,0,4,21.411458333333332,0.04668185135224785,0.004538368464728931,7.229803471488478e-06,0.0005438853776912924,PERUS
4789241398,4789241401,0,50.089999999999996,0,3,21.942708333333332,0.045551647498004014,0.0,4.412449966460805e-06,0.0004175175087484129,PERUS
4789241398,4789241401,1,39.845,0,3,21.942708333333332,0.045551647498004014,0.005632819776800745,4.412449966466048e-06,0.0004175175087484128,PERUS
4789241441,4789241460,0,53.38199999999999,0,4,22.311079545454547,0.04479955858322192,0.013313639763316712,1.2367780963873227e-05,0.00043580048216224185,PERUS
4789241441,4789241832,0,201.24599999999998,0,4,22.3125,0.04479670656141244,0.010092545033476612,4.569390195489681e-06,0.0004367048148747558,PERUS
4789241450,4789241460,0,92.88199999999999,0,4,22.280776515151516,0.044860488343923324,0.03213148489026405,3.835810816347765e-05,0.00045286851628511713,PERUS
4789241450,4789241918,0,65.477,0,4,21.787405303030305,0.045876344670216236,0.04689920480247857,0.0001275282809120154,0.0004711569767597181,PERUS
4789241450,4789241908,0,24.538999999999998,0,4,22.225852272727273,0.044971347010076476,0.02352169200862126,4.442503449885436e-05,0.0004753310457881065,PERUS
4789241625,4789241626,0,148.95000000000002,0,4,22.408143939393938,0.044605502260913664,0.0005783552592235786,3.078803376737422e-07,0.0004492136273333585,PERUS
4789241626,4789241633,0,153.767,0,4,21.810606060606062,0.04582754428621049,0.0007012352718064918,1.9827273451655598e-07,0.00045894798886523045,PERUS
4789241689,4789252027,0,11.821,0,2,22.25899621212121,0.04490438408032163,0.0012795905310300703,5.495275189436247e-07,0.000291532338139925,PERUS
4789241689,4789251970,0,327.26800000000003,0,4,21.333333333333332,0.04685280539772727,0.0004177920427819052,1.1705036388973803e-06,0.0005217259274839145,PERUS
4789241710,4789251970,0,44.693000000000005,0,4,20.892045454545453,0.04784244402139425,0.1208950907796573,2.950908348398128e-06,0.0005006773181794034,PERUS
4789241741,4789241872,0,591.459,0,4,21.023200757575758,0.04754397423481453,0.019501877196992225,0.004371798889570246,0.00047857893778099523,PERUS
4789241741,4789241882,0,28.534999999999997,0,4,20.848958333333332,0.04794131673971794,0.007932314412268996,0.0013747410172013177,0.00047483977053781114,PERUS
4789241832,8001976655,0,270.153,0,4,22.26846590909091,0.044885288426782334,0.0,1.993000718266971e-06,0.0004381866971934765,PERUS
4789241860,8943678111,0,9.86,0,4,20.132102272727273,0.04964839248336038,0.4424933829113224,0.011100783920926843,0.0004574076167383399,PERUS
4789241860,4794278153,0,98.78399999999999,0,4,20.947916666666668,0.047714841101216036,0.3183190341958691,0.022905855270674905,0.0004421175277088661,PERUS
4789241872,4789241902,0,13.925999999999998,0,4,21.336174242424242,0.046846566952199194,0.004148429224799153,0.004402712712828199,0.0004990418491294013,PERUS
4789241882,4789241911,0,16.617,0,4,20.19649621212121,0.0494900949478373,0.05090837001301709,0.0006712243309146334,0.00047347252675734646,PERUS
4789241908,4789241922,0,43.324,0,4,22.146306818181817,0.04513287580441708,0.004970906109020785,4.4271130611411494e-05,0.00048597942643399493,PERUS
4789241918,4789241922,0,80.562,0,4,21.72537878787879,0.04600732281405283,0.005811405395087912,0.00012737437702458107,0.00048180535740560655,PERUS
4789251392,8943252999,0,126.03099999999999,0,2,21.716856060606062,0.04602537827584703,0.0012795905310300703,4.1938548753066885e-10,0.000331551498218633,PERUS
4789251392,4789251962,0,304.454,0,4,20.718276515151516,0.04824370957789611,0.0038338563925868945,1.7534067962684336e-09,0.0005554417406969948,PERUS
4789251392,8644579503,0,70.242,0,2,21.716856060606062,0.04602537827584703,0.0012795905310300703,4.193854841164611e-10,0.000331551498218633,PERUS
4789251632,4789251636,2,359.077,0,3,20.762310606060606,0.04814139110604333,0.0,2.377464265370535e-07,0.0004057536647584075,PERUS
4789251632,4789251636,3,80.24600000000001,0,3,20.762310606060606,0.04814139110604333,0.11963679945080827,2.3774642652258513e-07,0.0004057536647584075,PERUS
4789251632,4789252077,0,122.44500000000002,0,4,20.60653409090909,0.048505319271156457,0.11881432256658662,1.0671289490760385e-07,0.0005150083288760549,PERUS
4789251636,4789251970,0,149.877,0,4,20.855113636363637,0.0479271670526268,0.12045763793486212,8.872800159603981e-07,0.0005188785682689345,PERUS
4789251962,9573065000,0,276.98900000000003,0,5,19.95028409090909,0.050100866263201614,0.09784198121901888,5.361696523363454e-09,0.0005532164209627178,PERUS
4789251962,4789252056,0,207.20299999999997,0,4,20.160511363636363,0.04957843068179149,0.09462744008984987,2.8837495771098374e-09,0.0004996711350909679,PERUS
4789252034,5508969151,0,12.442,0,2,22.848958333333332,0.043744948919327765,0.0012795905310300703,1.7600761280719424e-10,0.00036290275355312297,PERUS
4789252035,4789252077,0,197.70300000000003,0,4,20.599905303030305,0.048520927666812236,0.03410329949217787,3.274624030061956e-08,0.0005137975093738747,PERUS
4789252035,4789252055,0,49.727000000000004,0,4,20.457859848484848,0.048857823963709586,0.03389686107103857,9.307544876421225e-09,0.0005277554088764024,PERUS
4789252035,5508969181,0,39.482,0,4,21.025568181818183,0.047538620907084626,0.013985383832103305,9.005162432133587e-09,0.0005508304174076836,PERUS
4789252045,5508969175,0,38.894,0,2,25.999526515151516,0.03844402760831163,0.0012795905310300703,1.0776895176470965e-11,0.0003734788380769167,PERUS
4789252055,4789252056,0,167.93700000000004,0,4,20.241477272727273,0.04938011695906433,0.03372482905342249,3.6884827193855746e-09,0.0005169586076495111,PERUS
4789252055,8644579498,0,25.869,0,4,20.853693181818183,0.04793043162364053,0.00638156865347263,2.781529740626046e-09,0.0005701093108936862,PERUS
4790923608,4790923938,0,76.545,0,4,26.015625,0.03842023842023842,0.1014145127848461,2.200738477212427e-12,0.00047933653093247053,PERUS
4790923609,4790923985,0,25.166000000000004,0,4,30.714015151515152,0.03254301042116298,0.013985383832103305,7.856027501863977e-15,0.00046139496179717425,PERUS
4790923609,4790923926,0,88.895,0,4,29.829545454545453,0.03350793650793651,0.013742900607273022,2.482199743615889e-14,0.0004410556132375025,PERUS
4790923611,4790923931,0,19.357,0,4,27.53787878787879,0.036296423658872076,0.08252703565076845,1.7628398081773102e-13,0.0004934584510779899,PERUS
4790923931,8943159209,0,91.83000000000001,0,4,27.648674242424242,0.03615097441517964,0.0019759106023332458,1.8683622426740604e-13,0.0004813924064562443,PERUS
4790923938,8943159196,0,28.291,0,4,26.901041666666668,0.03715568071812021,0.02080604373053888,6.189096155605895e-13,0.000477480145931844,PERUS
4790923955,4790923967,0,124.475,0,4,33.68276515151515,0.029674716747729764,5.73440058720262e-06,4.322947218432455e-16,0.0004769189151930887,PERUS
4790923955,5219798224,0,60.830999999999996,0,4,33.68181818181818,0.029675551057130004,0.00255098906122128,3.011680132710318e-16,0.0004806636272084757,PERUS
4790923955,4790923993,0,65.775,0,4,32.69081439393939,0.030575148820300393,0.003821568391328603,8.245220157842766e-16,0.0004747318150618547,PERUS
4790923964,4790923989,0,185.916,0,4,35.67045454545455,0.0280211319953276,8.192000838860886e-07,5.131760496940535e-17,0.0004991676130611938,PERUS
4790923964,4790923992,0,233.30600000000004,0,4,35.671875,0.028020016193472174,3.2768003355443544e-06,2.462490851300419e-17,0.000515161915659054,PERUS
4790923964,5219798224,0,60.513999999999996,0,4,34.675662878787875,0.028825015361507476,0.0012787713309461842,1.1465957980854802e-16,0.0004917879761425283,PERUS
4790923967,4790923994,0,77.102,0,4,32.69081439393939,0.030575148820300393,0.006369280652214339,8.357130812416398e-16,0.00047473181506185475,PERUS
4790923967,4790923978,0,78.699,0,4,33.68181818181818,0.029675551057130004,0.00510197812244256,3.0125597068937334e-16,0.0004806636272084757,PERUS
4790923978,4790923989,0,70.354,0,4,34.675662878787875,0.028825015361507476,0.003829760392167464,1.0068513640009681e-16,0.0004917879761425283,PERUS
4790923978,5219798224,0,173.35,0,4,34.67518939393939,0.02882540896304995,2.457600251658266e-06,1.6075325343402207e-16,0.00048440833922386273,PERUS
4790923985,4790923993,0,74.73100000000001,0,4,31.70217803030303,0.03152863863789112,0.005088870921100382,2.3704561913814976e-15,0.00047019454670342814,PERUS
4790923985,4790923994,0,101.74599999999998,0,4,31.70217803030303,0.03152863863789112,0.007633306381650573,2.37071184636557e-15,0.00047019454670342814,PERUS
4790923989,4790923992,0,60.333,0,4,35.671875,0.028020016193472174,0.002554265861556824,3.1172968910624306e-17,0.000515161915659054,PERUS
4790923992,11378357111,0,24.598,0,2,36.66856060606061,0.027258406074066422,0.0012795905310300703,8.686218735389842e-18,0.00028996785388850805,PERUS
4790923993,4790923994,0,67.711,0,4,32.69318181818182,0.03057293477001506,7.372800754974798e-06,1.2387254157458614e-15,0.0004725447149306208,PERUS
4790926800,4793029063,0,179.18200000000002,0,4,22.414299242424242,0.04459325292042502,0.0012140545243191833,7.295536036332362e-07,0.0004794259268387503,PERUS
4790930300,4792420920,0,117.709,0,4,21.69649621212121,0.046068568186282,0.011821057210476259,5.358258047305875e-09,0.0004562168910177049,PERUS
4792409205,12587603685,0,18.447,0,4,22.00378787878788,0.045425202272336034,5.73440058720262e-05,1.0540474058337166e-09,0.00046817098195341025,PERUS
4792409205,8941325985,0,16.884,0,4,22.089488636363637,0.045248965768546506,0.008259994445823432,1.1871300905514768e-09,0.00046904037900217995,PERUS
4792409205,4792409222,0,243.106,0,4,21.71875,0.0460213647264007,0.007163904733583844,2.4906603169388787e-09,0.00046622777433655277,PERUS
4792420881,4792420909,0,60.355,0,4,23.61221590909091,0.042330906976277845,0.0015261697562797831,3.286965003785807e-09,0.00046859593663517744,PERUS
4792420891,4792421426,0,59.603,0,5,23.385416666666668,0.04274144563676858,0.009231565745312332,1.4233836186355149e-08,0.0005521136674338437,PERUS
4792420895,4792420909,0,62.063,0,4,23.226325757575758,0.04303420720022832,0.0026427394706165217,3.5695152107934017e-09,0.00047841660590963763,PERUS
4792420895,4792421425,0,151.438,0,4,22.885890151515152,0.0436743560566877,0.025112578571528047,6.823466341423642e-09,0.0004967292696898521,PERUS
4792420895,4792420896,0,60.520999999999994,0,4,22.73058712121212,0.04397275397337888,0.023187458374395738,3.2383298070792498e-09,0.00047799098499486006,PERUS
4792420896,4792420920,0,351.659,0,4,22.21496212121212,0.04499339272773775,0.009815655405123113,4.478476019980595e-09,0.0004664721840412308,PERUS
4792420897,4792421425,0,85.63399999999999,0,4,22.997632575757574,0.04346214819542525,0.025407490601727038,2.1528990633563053e-08,0.0005270875038650661,PERUS
4792420897,4794048924,0,175.48300000000003,0,2,23.541666666666668,0.04245776347546259,0.0012795905310300703,1.92901086028744e-08,0.00029663597426717487,PERUS
4792420909,4792421426,0,229.37199999999999,0,4,23.540719696969695,0.04245947141880204,4.1779204278190515e-05,5.144523291740041e-09,0.0004717024067384159,PERUS
4793029045,4793029108,0,80.943,0,4,21.96780303030303,0.045499612035520304,0.006781338294409041,2.5232961821114432e-06,0.00048563367376566204,PERUS
4793029063,4793029108,0,198.28900000000004,0,4,22.574810606060606,0.04427618608163094,6.553600671088709e-05,9.269481474738028e-07,0.000479102613698499,PERUS
4793029063,4793029099,0,340.77,0,4,22.695549242424242,0.04404064006008387,0.0,6.296819614056655e-07,0.0004771304437383857,PERUS
4793029099,4793029108,0,84.55000000000001,0,4,22.498579545454547,0.04442620535808237,0.005740954187873709,9.198895283192619e-07,0.00047848346007838585,PERUS
4793143977,8002258922,0,109.8,0,4,23.070549242424242,0.04332478193945613,0.006911591107746929,2.4298277926011807e-08,0.0004963137568258214,PERUS
4793143977,4793143988,0,75.127,0,4,22.998579545454547,0.043460358635455915,0.006497895065384455,1.6593851562560593e-08,0.0004767338942352076,PERUS
4793146520,4793152144,0,53.512,5,4,20.028882575757574,0.04990425758256306,0.006989415115716108,7.420574359083218e-05,0.00047702533128112445,PERUS
4793152135,4793152139,0,80.70100000000001,0,4,19.84469696969697,0.050367436533689636,0.004723507683687187,0.00027509575406433625,0.00047294815868231815,PERUS
4793152139,4793152144,0,125.88,0,4,19.78503787878788,0.05051931268846025,0.03577037166288606,0.00025621032072197273,0.0004723606663838665,PERUS
4793165304,4793165367,0,212.08100000000002,0,4,21.255681818181817,0.04702396863583712,0.000989593701334395,4.0260414384485884e-07,0.0004853516949703109,PERUS
4793165366,4794023519,0,228.39100000000005,0,5,20.612689393939394,0.04849083474985069,0.007700480788529232,4.845519211465265e-08,0.0005296421921648224,PERUS
4793165366,4793165379,0,137.881,0,4,20.705018939393938,0.04827460037961078,0.0016056321644167335,1.2270279368872053e-07,0.00045907261028699817,PERUS
4793165367,4793165379,0,125.57499999999999,0,4,20.75094696969697,0.048167754301099805,0.0009912321015021672,4.0335079667601826e-07,0.00047369881073804245,PERUS
4793165367,4793165449,0,107.854,0,4,20.767518939393938,0.04812931761701739,0.0014598145494850098,1.423175873638573e-06,0.000477844803776863,PERUS
4793165449,4793165450,0,153.888,0,4,20.530776515151516,0.04868430156131086,0.019363432382815477,1.4204396512238381e-06,0.0004850742151098159,PERUS
4794043959,4794043968,0,117.472,0,4,20.95691287878788,0.047694358464562485,0.0027754498842060683,2.5575201934757636e-09,0.00056543862690831,PERUS
4794043959,4794044005,0,572.8419999999999,0,4,21.044507575757574,0.0474958376456824,0.002541158660214647,8.202854564361223e-09,0.0005779938449906609,PERUS
4794043959,13277651677,0,84.25,0,2,21.504734848484848,0.04647936941300806,0.0012795905310300703,2.0769334536105007e-09,0.0003143094465419832,PERUS
4794043968,13361871980,0,75.604,0,2,21.39441287878788,0.04671904393050791,0.0012795905310300703,8.943650207614039e-10,0.0002999086698864287,PERUS
4794044005,8941012123,0,80.592,0,2,21.54024621212121,0.04640274327918581,0.0012795905310300703,7.453051574679535e-09,0.0003124638879687796,PERUS
4794075202,4794078726,0,38.171,0,4,23.260416666666668,0.04297113544762447,0.005105254922778104,0.008052929389107795,0.000527772173021513,PERUS
4794075208,4794110320,0,68.012,0,4,25.88399621212121,0.03861561819745002,1.720320176160786e-05,0.00031742461961921896,0.0004889653928301395,PERUS
4794075212,4794086896,0,151.222,0,2,26.601325757575758,0.037574312057242536,0.0012795905310300703,1.8681487986778352e-05,0.0002929577182070574,PERUS
4794078726,4794078739,0,202.687,0,2,23.513257575757574,0.04250906161900926,0.0012795905310300703,0.0019844495782689463,0.0003049933278515376,PERUS
4794086895,4794087021,0,37.799,0,2,27.414299242424242,0.036460042487780446,0.0012795905310300703,2.1181872565649276e-06,0.00027473101162453576,PERUS
4794091329,4794111624,0,69.832,0,4,27.219223484848484,0.03672134569554856,0.0021127170163422223,7.668911545587359e-05,0.0004894745589681276,PERUS
4794101467,4794180405,0,93.184,0,2,26.139204545454547,0.038238597253921675,0.0012795905310300703,0.003048115358256493,0.0002892511313561122,PERUS
4794110320,4794111624,0,43.009,0,4,26.765625,0.03734366431389199,0.0029892611061003373,0.00015916107012222847,0.0004924277253459405,PERUS
4794130926,8943865548,0,29.562,0,2,25.127367424242426,0.03977840170344269,0.0012795905310300703,0.0024144537171658493,0.00031955367115201627,PERUS
4794130926,4794130951,1,17.363,0,3,24.12878787878788,0.041424646781789635,0.0025575426618923685,0.006254515924935124,0.0004361927975653571,PERUS
4794130926,4794130951,0,27.288000000000004,0,3,24.12878787878788,0.041424646781789635,0.0,0.006254515924935148,0.0004361927975653571,PERUS
4794146437,4794146441,0,34.653000000000006,0,2,28.044981060606062,0.03564012088264591,0.0012795905310300703,0.0007963500810981388,0.0003212003141158177,PERUS
4794146441,4794146454,0,6.158,0,4,28.04308712121212,0.035642527901126174,0.00638156865347263,0.000867759451528376,0.0006157144634651872,PERUS
4794146454,4794146455,0,74.85,0,2,29.040719696969695,0.03441810415104184,0.0012795905310300703,0.00021180318285008326,0.0003432936388694714,PERUS
4794164952,4794164979,0,113.317,0,4,30.51657196969697,0.032753564723588466,0.009604301783480502,3.4087067161058064e-07,0.000472910597598626,PERUS
4794164952,4794164980,0,61.866,0,4,29.984375,0.03333491243861228,0.0036749315763129936,3.4489322807570285e-07,0.0004731588921983099,PERUS
4794164968,4794165006,0,170.151,0,4,30.273200757575758,0.0330168759873,0.0012582913288490321,6.105396494742207e-08,0.00047765617526073493,PERUS
4794164968,4794164996,0,45.134,0,4,31.259943181818183,0.0319746747247088,7.372800754974798e-06,3.948795513635332e-08,0.0004755228742041832,PERUS
4794164968,4794164981,0,123.725,0,4,30.851799242424242,0.03239767338356942,1.3926401426063506e-05,5.2892594078566024e-08,0.000475079321328395,PERUS
4794164979,4794164995,0,56.937,0,4,31.50662878787879,0.0317243244867903,0.0005046272516738305,1.0641541645182714e-07,0.00047415560089958647,PERUS
4794164979,4794164990,0,36.125,0,4,31.504734848484848,0.031726231627040184,0.00884244570546644,1.0056485978636259e-07,0.00047630942386478936,PERUS
4794164980,4794164981,0,9.828,0,4,30.428030303030305,0.0328488733972364,0.0031227907197737695,1.118409527819922e-07,0.00047461095066434714,PERUS
4794164980,4794165006,0,46.02000000000001,0,4,29.865530303030305,0.03346756293994546,0.0008486912869059877,1.200023236471658e-07,0.00047718780459668714,PERUS
4794164981,4794164995,0,59.846,0,4,31.414772727272727,0.031817085669500214,0.0018456577889953577,6.164811779971537e-08,0.00047429184828279975,PERUS
4794164990,4794164996,0,54.83599999999999,0,4,31.41003787878788,0.031821881877656846,0.0012091393238158668,4.239292220100369e-08,0.00047688922412379096,PERUS
4794164990,4794165009,0,40.765,0,4,31.960227272727273,0.03127407407407407,0.00638156865347263,3.1336996483312047e-08,0.00048442741165068083,PERUS
4794164995,4794164996,0,81.625,0,4,31.412405303030305,0.031819483592843256,7.618560780140624e-05,4.824347885850653e-08,0.00047473540115858807,PERUS
4794165000,4794165013,0,125.87799999999999,0,4,33.95217803030303,0.02943924581979444,2.457600251658266e-06,5.2659466637709965e-09,0.0005016983202378587,PERUS
4794165000,4794165009,0,23.814,0,4,32.95549242424242,0.03032958823022327,0.001277132930778412,9.697957500174198e-09,0.0004960803522455456,PERUS
4794165000,4794165011,0,147.37300000000002,0,4,33.95217803030303,0.02943924581979444,0.0,3.943201561622888e-09,0.0005171972746762678,PERUS
4794165009,4794165013,0,147.106,0,4,32.95549242424242,0.03032958823022327,0.0038313987923352362,9.697957504275132e-09,0.0004960803522455456,PERUS
4794165011,4794165013,0,16.442,0,4,33.95217803030303,0.02943924581979444,0.0025575426618923685,3.94320155916918e-09,0.0005171972746762678,PERUS
4794165011,7959544960,0,132.295,0,2,34.95028409090909,0.02859852333536544,0.0012795905310300703,1.5222085762846572e-09,0.00029073785931738933,PERUS
4794177068,4794187346,0,48.249,0,5,28.514204545454547,0.03505363488426157,0.00680263749659008,8.546693762162999e-06,0.000533940269996836,PERUS
4794177068,8945670617,0,83.198,0,4,29.473011363636363,0.03391328096133147,0.00031784963254780237,2.918394471417368e-06,0.00047561501834783956,PERUS
4794177079,4794177238,0,72.132,0,4,26.811079545454547,0.037280353200883,0.001239449726919652,5.400620472889067e-07,0.0004559816816524235,PERUS
4794177103,4794177221,0,46.613,0,4,27.84280303030303,0.035898918440922384,0.002627993869106572,5.833921703663361e-07,0.0004752544010661176,PERUS
4794177115,4794177237,0,108.17,0,2,29.19412878787879,0.034237244153232343,0.0012795905310300703,1.0109812052468029e-07,0.0002861736322853308,PERUS
4794177221,4794177237,0,256.178,0,4,28.388731060606062,0.03520856613906633,0.0025083906568592034,3.72515011061309e-07,0.0005038788057647773,PERUS
4794177241,4794207312,0,36.565000000000005,0,4,28.073863636363637,0.03560345409161438,0.002469888252916557,5.9878104043159686e-05,0.0004726948924856852,PERUS
4794182313,4794184143,0,121.17599999999999,0,4,26.561079545454547,0.03763124587767617,0.0032694275347893795,0.0014624419338701705,0.0004968352900477735,PERUS
4794182313,4794182320,0,87.438,0,4,25.901988636363637,0.03858879444292112,3.2768003355443544e-06,0.00241358705528478,0.0004925027902890336,PERUS
4794182320,4794184143,0,182.03200000000004,0,4,25.780776515151516,0.03877022534849125,0.0006299648645084021,0.0025224465301474873,0.000490983660226571,PERUS
4794187323,8945582816,0,6.593,0,4,29.570075757575758,0.0338019599052072,0.005121638924455826,5.766333187594106e-06,0.00048613109571244334,PERUS
4794187323,4794187345,0,56.403999999999996,0,5,28.589015151515152,0.03496190791652865,0.00031457283221225803,1.5740606168023628e-05,0.0005485450433327345,PERUS
4794187323,4794187325,0,40.598,0,4,29.178977272727273,0.03425502223087658,0.006145639029313437,9.780285554336583e-06,0.0005114025187003292,PERUS
4794187325,4794187348,0,47.395,0,4,28.720643939393938,0.03480167496455538,0.008427930463020079,2.2862993486499426e-05,0.0005492709051018548,PERUS
4794187332,4794187346,0,75.169,0,5,27.985795454545453,0.03571549419686665,5.570560570425402e-05,8.96224592829947e-06,0.0005175543820704393,PERUS
4794187345,4794187347,0,44.449,0,5,28.58996212121212,0.034960749892352025,0.0002949120301989919,1.6565076867293846e-05,0.0005205260248705794,PERUS
4794187345,4794187346,0,38.318,0,6,28.074810606060606,0.03560225317907377,9.420800964690018e-05,1.7960456005650413e-05,0.0006085881104472788,PERUS
4794187346,4794187347,0,29.914,0,5,28.378314393939394,0.03522148994744306,0.007955252014617806,1.1758338419356637e-05,0.0005150769973925451,PERUS
4794187347,7958728679,0,54.196999999999996,0,4,28.183238636363637,0.03546528232783966,0.009434727366116082,8.884247370335523e-06,0.0004355213201448346,PERUS
4794207312,4794207314,0,112.52200000000002,0,4,28.768939393939394,0.0347432521395655,1.4745601509949595e-05,2.3619389922142143e-05,0.0004605037616888921,PERUS
4794207312,4794208939,0,220.34499999999997,0,4,28.769886363636363,0.03474210855468879,0.001209958523899753,3.244623403596368e-05,0.00046723938982169493,PERUS
4794207314,4794208935,0,82.489,0,5,29.356060606060606,0.03404838709677419,0.0012443649274229685,1.7109121081033168e-05,0.0005430053399178879,PERUS
4794208935,4794208939,0,69.07600000000001,0,5,28.610795454545453,0.03493529275477444,0.00021217282172649693,2.5935965194843312e-05,0.000550278993582718,PERUS
4794208939,4794208947,0,49.439,0,4,27.947443181818183,0.03576450656501482,0.00014581761493172378,5.866708137979074e-05,0.0004924570640672213,PERUS
4794213377,4794213388,0,88.51899999999999,0,4,30.053030303030305,0.03325875976808672,0.002403533046121784,1.069166507788529e-06,0.0004751671061857659,PERUS
4794213388,4794213389,0,47.028,0,4,29.974905303030305,0.033345443631825865,0.0012386305268357659,6.43311508833492e-07,0.00047520339992042056,PERUS
4794224981,4794225031,0,69.64699999999999,0,2,30.992424242424242,0.03225067220728428,0.0012795905310300703,1.1574320362577757e-07,0.0003084635626893348,PERUS
4794224982,4794225032,0,64.498,0,2,30.763731060606062,0.03249041909716344,0.0012795905310300703,6.648030457937992e-08,0.00031986623502273205,PERUS
4794225004,4794225043,0,79.237,0,2,30.18087121212121,0.03311788145963415,0.0012795905310300703,2.2185210941139294e-07,0.0003063157644505999,PERUS
4794225021,4794225032,0,186.70799999999997,0,4,30.375,0.032906222721037534,0.0009273344949590523,9.62477930976473e-08,0.0005914991965284848,PERUS
4794225021,4794225028,0,126.32399999999998,0,2,30.935132575757574,0.032310400244891714,0.0012795905310300703,4.5339309166544375e-08,0.00032041245102585453,PERUS
4794225021,4794225031,0,161.777,0,4,30.478219696969695,0.032794780177101135,0.0032030723279946063,1.3865041946554545e-07,0.0005800965241950875,PERUS
4794225032,4794225043,0,105.46199999999999,0,4,29.982007575757574,0.03333754461324658,0.0021053442155872476,2.4817970286977723e-07,0.0005774025099532301,PERUS
4794234330,4794234337,0,22.701,0,4,24.922348484848484,0.040105631126985335,0.021387675790098,0.017128004725519508,0.0004697151515335769,PERUS
4794234330,4794234347,0,377.774,0,4,25.434185606060606,0.039298546084107454,0.00021299202181038305,0.0062013262344019285,0.0004797074731544953,PERUS
4794234333,4794234337,0,99.42399999999999,0,4,24.383522727272727,0.040991883179929314,0.0006078464622434778,0.05278769389881619,0.0004337644842466108,PERUS
4794234337,4794234353,0,78.907,0,4,25.117897727272727,0.039793398556051955,0.022821275936898654,0.024274779269360648,0.00045518191768742185,PERUS
4794234347,4794234355,0,49.935,0,4,25.94649621212121,0.03852260077738645,0.0003252224333027772,0.003562868091804824,0.00047287644391275806,PERUS
4794234347,4794234368,0,197.311,0,4,25.667140151515152,0.038941873120699515,0.0009347072957140271,0.005962949642261821,0.0004720353178618198,PERUS
4794234353,4794234368,0,139.27200000000002,0,4,25.174242424242426,0.039704333433644295,0.001839923388408155,0.014930776549126102,0.0004617404703419921,PERUS
4794277755,4794278152,0,137.642,0,6,23.466382575757574,0.04259397510139021,0.0009879553011666229,0.20315235647939428,0.0005429761010464547,PERUS
4794277755,4794278254,0,107.875,0,6,23.562026515151516,0.04242107589976488,0.0033128451392353425,0.17864273102928585,0.0005495291729607241,PERUS
4794277766,4794278326,0,83.769,0,4,22.736268939393938,0.043961765134634206,0.008789197700013844,0.005031118826426375,0.0004403186620356259,PERUS
4794277766,4794278155,0,101.134,0,4,22.06344696969697,0.045302373492424566,0.2833277218127587,0.009843350176812529,0.0004450565419055895,PERUS
4794277766,8005510904,0,188.303,0,4,21.904356060606062,0.045631403743893476,0.2784264477108682,0.0038252421758660643,0.00044309492989044595,PERUS
4794278152,4794278250,0,115.70599999999999,0,6,23.001420454545453,0.04345499083966323,0.0014188545452907054,0.25113209173073975,0.0005268073582659691,PERUS
4794278152,8002082155,0,123.29599999999999,0,5,23.468276515151516,0.04259053767779683,0.0010215425046059526,0.1911866970633315,0.00045581965179547284,PERUS
4794278153,4794278155,0,82.86500000000001,0,4,21.552556818181817,0.046376238493815766,0.28359723864035724,0.021504156502894396,0.00043942997691586176,PERUS
4794278155,4794278296,0,82.996,0,4,22.162405303030305,0.04510009186660115,0.00046284804739564006,0.02063684889523778,0.00043604259419226596,PERUS
4794278226,4794278296,0,27.680000000000003,0,4,22.933238636363637,0.043584184990193044,0.03051274552450514,0.01841242538602735,0.00042610911593611795,PERUS
4794278226,4794278292,0,46.768,0,4,23.904356060606062,0.04181357207938834,0.008336999253708724,0.007937165651211438,0.0004241708176750074,PERUS
4794278226,8943849005,0,49.785,0,5,23.868844696969695,0.041875781079526296,0.021386037389930227,0.009661412275516913,0.0005059862888515052,PERUS
4794278250,4794278334,0,111.804,0,6,22.479640151515152,0.044463635023274425,0.003246489932440569,0.2255770462552963,0.0005364943457054137,PERUS
4794278250,4794278254,0,131.84300000000002,0,6,22.968276515151516,0.04351769774680987,0.002564096262563457,0.2266224662806317,0.0005333604301802385,PERUS
4794278254,8943849016,0,79.069,0,5,23.703598484848484,0.04216771203707403,0.006157107830487842,0.12094368701688776,0.0004885978881983933,PERUS
4794278292,8943849004,0,9.136,0,4,24.849431818181817,0.04022331466026447,0.007940506413107857,0.0054788779593805265,0.0004269712712697456,PERUS
4794278292,8943849005,0,6.005,0,5,24.807765151515152,0.04029087300072527,0.0002293760234881048,0.00756890838156163,0.0005061425315348115,PERUS
4794278293,4794278308,0,13.911,0,4,24.367424242424242,0.041018964713197575,0.003470131555341471,0.005907590040542141,0.000423657179068138,PERUS
4794278293,8943849005,0,26.189,0,5,24.56155303030303,0.040694760380923005,0.0019931138040948536,0.007461263327293687,0.0005016219523759863,PERUS
4794278293,8943849003,0,34.123000000000005,0,5,25.286458333333332,0.039528134069843644,0.002181529823388654,0.006843110762975384,0.0005036392535869129,PERUS
4794278308,4794278326,0,79.235,0,4,23.551609848484848,0.04243983836271888,0.0027205634785857,0.005519931147589604,0.0004329762382227024,PERUS
4794278331,8943865520,0,24.613,0,4,23.789772727272727,0.0420149669612292,0.0008437760864026712,0.03922093725857762,0.0004395194948694456,PERUS
4794278331,4794278334,0,99.589,0,5,22.805397727272727,0.043828506176684316,0.002411725046960645,0.11946707537282884,0.0004920713476805009,PERUS
4794278331,8943865523,0,27.116999999999997,0,4,23.785511363636363,0.042022494276898574,0.001019084904354294,0.037611371576427605,0.00043900882249171006,PERUS
4794278346,8943865528,0,25.635,0,4,25.445075757575758,0.03928172683289914,0.016056321644167336,0.01205804968668918,0.0004400362399646355,PERUS
4794278346,8943865531,0,19.842,0,4,25.449810606060606,0.03927441860465116,0.0029401091010671718,0.013610657845355647,0.0004415829640869387,PERUS
4794286498,4794286506,0,26.946,0,4,24.857954545454547,0.040209523809523806,0.005142118926552978,0.006079581571726227,0.0004379534310761113,PERUS
4794286498,4794286520,0,158.942,0,4,24.398200757575758,0.040967222340817795,0.0,0.0044792790953520015,0.00043942563648132166,PERUS
4794286506,4794286520,0,15.856,0,4,24.169981060606062,0.04135404627108351,0.006707610286859293,0.006637372385061932,0.0004326023223789541,PERUS
4794286721,8002166673,0,29.569000000000003,0,4,21.928030303030305,0.0455821385386077,0.008986624920230392,0.002206257719462992,0.00043933329842283677,PERUS
4794286721,8005510904,0,19.366999999999997,0,4,21.94034090909091,0.04555656264836635,0.0009945089018377116,0.002741651448864902,0.00043775822194681705,PERUS
4794336461,4794337062,0,62.727999999999994,0,4,25.913352272727273,0.03857187231632224,0.003719168380842842,0.006853231295645406,0.00044349747753764116,PERUS
4794336497,4794337049,0,103.654,0,5,24.684185606060606,0.040492586269733184,0.0056172549752069095,0.00601987516933813,0.0005203740638258118,PERUS
4794336516,4794337066,0,144.155,0,4,25.107481060606062,0.03980990815999397,0.001276313730694526,0.003924892331764503,0.00044475052111547683,PERUS
4794336516,4794337049,0,75.681,0,5,24.721117424242426,0.040432092853996286,0.0009748480998244454,0.003366247816459206,0.0005300705922047163,PERUS
4794337046,4794337050,0,84.32,0,4,24.050189393939394,0.04156002677481593,0.009982772222235876,0.0011324355501330218,0.0004511326935748323,PERUS
4794337049,4794337050,0,115.41,0,5,24.661931818181817,0.04052912490880467,0.003501261158529143,0.0028272566509274697,0.0005314128715806879,PERUS
4794337062,4794337066,0,65.217,0,4,25.443181818181817,0.039284650885812115,0.004436787654327055,0.004611013911248322,0.0004493243374124143,PERUS
4794337062,4794337067,0,357.437,0,4,25.479166666666668,0.03922916821526797,6.553600671088709e-06,0.0025733321562486544,0.00045559251562485986,PERUS
4794337067,8002166683,0,63.07899999999999,0,4,24.910984848484848,0.04012392610050939,0.007745536793142968,0.0009226051422445843,0.00046322876934871987,PERUS
4794342827,4794342832,0,45.65,0,4,24.963541666666668,0.04003945147279176,0.007813530400105514,0.00010954489050843149,0.0004991033159533018,PERUS
4794342827,4794342833,0,172.433,0,4,24.422348484848484,0.04092671578131059,0.007072154324188603,0.00014656296224151236,0.0004899121394577413,PERUS
4794342827,4794342829,0,16.698999999999998,0,4,25.052556818181817,0.03989718584037346,0.010566861882046657,6.18385144781732e-05,0.0005140431187452232,PERUS
4794342830,4794342832,0,123.85900000000001,0,2,25.713068181818183,0.03887231613449711,0.0012795905310300703,7.582785316696079e-05,0.00027438155253170634,PERUS
4794342832,4794342848,0,86.783,0,5,25.446969696969695,0.03927880321524263,0.005911347805322016,0.00028331127551751284,0.0005714786700994066,PERUS
4794342833,8002166683,0,75.836,0,4,24.414299242424242,0.040940209064639375,0.0047308804844421615,0.00040640983555130885,0.0004745269664751842,PERUS
4794342833,4794342837,0,82.89699999999999,0,4,23.737689393939394,0.04210715283041449,0.0035291139613812697,0.0001815341177196871,0.00048081086905714247,PERUS
4794342841,4794342848,0,87.82900000000001,0,5,26.043560606060606,0.03837902697985601,0.00551239736446949,0.00042000153895489155,0.0005424207098741025,PERUS
4794359179,4794359180,0,14.385,0,5,25.93655303030303,0.038537369016758555,0.0003506176359032459,2.1639469893185363e-06,0.0005350375496018276,PERUS
4794359200,8648325764,0,15.308,0,4,28.603219696969695,0.03494454560503228,0.009120154533903824,1.8199696844254457e-08,0.0004743905951062974,PERUS
4794359200,4794386137,0,12.729,0,4,28.760890151515152,0.0347529756515154,0.011612980389169192,3.162139138017214e-08,0.00047300122851242016,PERUS
4794359212,4794390726,0,280.51000000000005,0,4,26.107481060606062,0.038285061390304506,0.002200371425318034,7.088293826979882e-07,0.000516667368004269,PERUS
4794384368,8957689916,0,180.54099999999994,0,3,28.03409090909091,0.03565396568031347,0.0012795905310300703,7.871217109371972e-08,0.0003778130027076361,PERUS
4794384368,4794384383,0,20.871,0,5,27.998579545454547,0.035699186579405746,0.0219824150509993,9.485273603426208e-08,0.0005857164904897691,PERUS
4794384373,4794384383,0,45.785000000000004,0,4,28.625,0.0349179568611883,0.0031850499261491124,3.789480559803535e-08,0.0004726244653698868,PERUS
4794384373,8648325764,0,54.146,0,4,29.372632575757574,0.03402917707745627,9.093120931135583e-05,1.7539377304529322e-08,0.0004747500009577935,PERUS
4794384383,4794386142,0,22.876999999999995,0,4,28.776988636363637,0.03473353406716356,0.026009602663383313,6.186833594907338e-08,0.0004707501035988331,PERUS
4794386137,4794386142,0,71.56700000000001,0,4,28.914772727272727,0.03456802253225912,0.0006938624710515171,5.493460218299589e-08,0.0004714862725928626,PERUS
4794390696,8943678086,0,40.496,0,2,30.293560606060606,0.032994685839324786,0.0012795905310300703,1.2010171858090319e-09,0.00029235555565054175,PERUS
4794390696,4794390717,0,13.858,0,4,30.069602272727273,0.03324043018879808,0.002710733077579067,2.8462990980870626e-09,0.0005238859713390839,PERUS
4794390696,4794396123,0,163.618,0,4,29.491477272727273,0.033892046366759784,0.00018595841904214212,3.376045152068585e-09,0.000516357704882591,PERUS
4794390717,4794396124,0,15.809,0,4,30.051609848484848,0.03326033181553199,0.0062709766421480085,4.231859996362863e-09,0.0005024881372804898,PERUS
4794396123,4794396124,0,209.90700000000004,0,4,29.322443181818183,0.03408742269372992,0.0,4.761606038748163e-09,0.0004949598708239967,PERUS
4794403116,4795296848,0,20.264,0,4,29.192708333333332,0.03423891006406617,0.01102069872851955,6.279664450316704e-08,0.00046281584336634496,PERUS
4794403116,4794403135,0,237.818,0,4,29.03409090909091,0.03442596216568819,0.00133201933639878,1.591066454437075e-07,0.000443060200298027,PERUS
4794403116,4794403117,0,246.80800000000002,0,4,28.478219696969695,0.03509792837428923,0.01073397869915942,1.186834602460392e-07,0.00045901316782610965,PERUS
4794403117,4794403152,0,47.542,0,4,27.892518939393938,0.035834931844030624,0.011143578741102464,1.2404415754286226e-07,0.00046654700600678886,PERUS
4795296863,4795297058,0,59.784000000000006,0,5,31.699810606060606,0.031530993278566094,0.00014090241442840724,1.0221422937004287e-09,0.000496772972311121,PERUS
4795296863,4795296872,0,61.2,0,4,31.52462121212121,0.03170621808350856,0.004566221267581058,8.443233507282318e-10,0.0004146971566752933,PERUS
4795296863,4795296900,0,85.4,0,5,30.838541666666668,0.03241160123443521,0.0054607877591846665,1.6377926496957673e-09,0.0005082937785041633,PERUS
4795296872,4795297144,0,107.68,0,5,32.30823863636363,0.030937202315527223,0.00011059201132462196,8.475686883311013e-10,0.0004955412099821897,PERUS
4795296872,4795296884,0,54.598,0,4,32.09801136363637,0.03113982682066941,0.0036593667747191576,8.668471193712397e-10,0.0004197410326271599,PERUS
4795296873,4795296900,0,31.896,0,6,30.884943181818183,0.03236290606938631,0.003819110791076945,1.654721112641023e-09,0.0006253077653488306,PERUS
4795296873,4795297070,0,185.95499999999998,0,5,31.822916666666668,0.03140901651539949,1.4745601509949595e-05,7.978642630476745e-10,0.0005408782724018665,PERUS
4795296884,4795297140,0,149.842,0,5,32.82102272727273,0.03045385037075507,0.00013926401426063507,9.771172590853922e-10,0.0005014301455444626,PERUS
4795296884,4795296887,0,197.336,0,4,31.87405303030303,0.03135862622181289,0.002781184284793271,1.822034816302925e-09,0.00043186895413126555,PERUS
4795296887,4795297131,0,217.673,0,5,31.877367424242426,0.03135536576308949,0.0006111232625790221,2.018841442415633e-09,0.0005254198339138378,PERUS
4795296900,4795296901,0,21.653,0,5,30.87784090909091,0.03237034992486276,0.06866617023141583,1.6226314190350735e-09,0.0005108572648162687,PERUS
4795296901,4795297070,0,177.457,0,4,31.81628787878788,0.03141556045002679,0.0067543046916408,7.657745493945794e-10,0.0004257987372235342,PERUS
4795296901,4795297058,0,46.387,0,5,31.792140151515152,0.03143942214610172,0.06125486707249839,1.0069810689161448e-09,0.0004993364586232264,PERUS
4795296919,7320395746,0,68.238,0,4,31.91524621212121,0.0313181514724427,0.004110746020940393,1.5306979038316795e-09,0.0004971013557723913,PERUS
4795296919,7320395748,0,133.17999999999998,0,2,31.946022727272727,0.03128797984289314,0.0012795905310300703,1.3416536679805835e-09,0.0002824349009791488,PERUS
4795297038,4795297144,0,213.17499999999998,0,5,33.24668560606061,0.030063944628793596,0.00016875521728053426,6.967676361431283e-10,0.0004998216659812652,PERUS
4795297038,4795297042,0,49.413,0,4,33.41619318181818,0.029911441728657458,0.00440238125080384,4.5250741146736284e-10,0.00042439153832681605,PERUS
4795297038,4795297165,0,48.638,0,4,34.17850378787879,0.029244302832998545,0.003303014738228709,3.265775778447098e-10,0.0004321728686418731,PERUS
4795297042,4795297058,0,197.039,0,5,32.63825757575758,0.030624383450356875,0.0001646592168611038,7.81127419883208e-10,0.0005028213220219965,PERUS
4795297042,4795297070,0,55.703,0,4,32.73011363636363,0.030538437056968435,0.005504205363630629,5.399209117596619e-10,0.0004290707268427707,PERUS
4795297055,4795297074,0,51.363,0,4,34.775094696969695,0.0287425965007829,0.0011231233150078275,3.115333013285804e-10,0.00043197691201921567,PERUS
4795297055,4795297061,0,42.64,0,4,35.70596590909091,0.027993263582236014,0.00238551064427629,2.991191547883698e-10,0.0004283667134005454,PERUS
4795297055,4795297059,0,193.962,0,5,34.77320075757576,0.028744161980365193,0.00033996803481272677,4.540384997990653e-10,0.0005176246690604765,PERUS
4795297058,4795297144,0,47.767,0,6,32.478219696969695,0.030775286468204217,0.060411910186179606,1.0253876519086187e-09,0.000575660682811027,PERUS
4795297059,4795297168,0,24.42,0,5,34.77556818181818,0.028742205157530704,0.004774298088888124,4.139538131416437e-10,0.0005475277649615201,PERUS
4795297059,4795297149,0,50.655,0,6,34.73863636363637,0.028772761967070112,0.05263770139010062,6.115636148023945e-10,0.0006002763683178887,PERUS
4795297059,4795297083,0,50.124,0,6,33.812026515151516,0.02956127207292994,0.047918289706832866,7.161560592032398e-10,0.0006052222909062702,PERUS
4795297061,4795297159,0,46.826,0,4,34.74668560606061,0.028766096613749403,0.0033226755402419755,3.274889894408387e-10,0.000426495529652782,PERUS
4795297061,4795297149,0,186.355,0,5,34.76467803030303,0.02875120874930199,8.192000838860886e-06,4.5664427048933646e-10,0.0005128376027498835,PERUS
4795297074,4795297096,0,51.303,0,4,34.72679924242424,0.028782569570374814,0.0001794048183710534,2.872128772249352e-10,0.00043951302289049044,PERUS
4795297074,4795297083,0,198.877,0,5,33.81392045454545,0.029559616327102148,0.00033259523405775195,5.736508511453478e-10,0.0005213271997598153,PERUS
4795297083,4795297131,0,47.166,0,6,32.83570075757576,0.03044023706181776,0.04762829287713719,1.11771252245673e-09,0.0006073418074668309,PERUS
4795297083,4795297139,0,28.285,0,5,33.82007575757576,0.029554236433891472,0.0003342336342255241,5.394102030675245e-10,0.0005492615601454779,PERUS
4795297088,4795297131,0,256.08700000000005,0,5,32.81676136363637,0.03045780490268219,8.110080830472278e-05,9.412173335759513e-10,0.0005255096445497126,PERUS
4795297088,4795297096,0,55.88099999999999,0,4,33.77130681818182,0.029596915527514898,0.0010895361115684978,3.578362489660729e-10,0.00044289537786605497,PERUS
4795297088,4795297089,0,303.327,0,4,33.691287878787875,0.029667210073641013,0.00010895361115684978,3.804824450331281e-10,0.0004480650696289949,PERUS
4795297096,4795297165,0,138.525,0,4,34.69554924242424,0.028808493797508085,0.0021880834240597426,2.449994448050307e-10,0.00044244231040288897,PERUS
4795297117,4795297139,0,168.52400000000003,0,2,34.817708333333336,0.028707418236214047,0.0012795905310300703,1.4990038244230598e-10,0.00026784979412656926,PERUS
4795297139,4795297168,0,49.578,0,4,34.80823863636363,0.028715228184724207,0.0022233090276668446,2.3720795924333293e-10,0.0004866637524491505,PERUS
4795297140,4795297149,0,46.917,0,6,33.79829545454545,0.02957328177972038,0.05451530798236754,7.723883275178602e-10,0.0005871204956932497,PERUS
4795297140,4795297159,0,178.37199999999999,0,5,33.78314393939394,0.02958654519971969,0.004748902886287655,6.432330590402842e-10,0.0005030789052563981,PERUS
4795297140,4795297144,0,49.003,0,6,33.07007575757576,0.030224500314987687,0.059611551704222894,9.578388209351668e-10,0.000574911993577815,PERUS
4795297149,4795297180,0,153.39,0,3,34.76846590909091,0.02874807642548787,0.0012795905310300703,3.552660212565229e-10,0.0003260574116165966,PERUS
4795297159,4795297165,0,45.663,0,4,34.72064393939394,0.02878767216691668,0.00018104321853882558,2.976897057172143e-10,0.0004330350157838509,PERUS
4795297168,4795297176,0,152.691,0,2,35.77320075757576,0.027940650933781584,0.0012795905310300703,1.2568516495958184e-10,0.0002675934478426831,PERUS
4795410185,4795410843,0,20.512999999999998,0,4,32.74100378787879,0.030528279512357374,0.03271311694982318,8.461538710303112e-10,0.0004954534439872802,PERUS
4795410213,4795410843,0,263.675,0,4,33.65909090909091,0.029695588566284042,0.031639145639848515,2.7398395883513007e-10,0.0005167126926286078,PERUS
4795410832,11580679048,0,119.292,0,4,37.47774621212121,0.026669867219183102,0.00019087361954545865,2.13658999880612e-12,0.0005021484781785801,PERUS
4795410832,4795410836,0,58.161,0,4,38.395833333333336,0.026032161002318355,0.0038256643917480336,1.0833824611804007e-12,0.0004907425044465004,PERUS
4795410839,11580679036,0,206.27299999999997,0,4,35.552083333333336,0.028114428788322723,0.00491765810356819,2.054863654217866e-11,0.0005041591731303267,PERUS
4795512625,4795512626,0,68.77199999999999,0,2,29.541193181818183,0.033835008254395664,0.0012795905310300703,1.8324175131084317e-14,0.00031457938619985546,PERUS
4807989383,4808011245,0,273.78099999999995,0,4,23.322443181818183,0.04285685283309986,0.22041561297055876,7.825644786722491e-12,0.0005496876618023876,PERUS
4808011164,4808011243,0,120.462,0,2,23.463541666666668,0.04259913227726768,0.0012795905310300703,1.9796386465304277e-09,0.0003254105653655152,PERUS
4808011175,4808011238,0,128.88400000000001,0,2,25.430397727272727,0.03930439963507047,0.0012795905310300703,1.4058044169755762e-10,0.0003289788369971897,PERUS
4808011179,4808011197,0,112.31200000000001,0,2,27.404829545454547,0.0364726411997443,0.0012795905310300703,1.0026579829086055e-11,0.000312518194818195,PERUS
4808011180,4808011244,0,80.17,0,2,24.446022727272727,0.040887081154367615,0.0012795905310300703,5.275349523061829e-10,0.0003291777806690513,PERUS
4808011184,4808011242,0,138.90699999999998,0,2,26.416666666666668,0.03783696587324348,0.0012795905310300703,3.7472756178565846e-11,0.0003243753825651579,PERUS
4808011197,4808011242,0,56.906000000000006,0,4,26.410984848484848,0.03784510577267838,0.012722177302750956,4.088464186749212e-11,0.0005881140878632511,PERUS
4808011197,4808011229,0,681.287,0,4,27.400094696969695,0.03647894382138969,0.010190849043542942,1.1061942470909947e-11,0.0005484608003801993,PERUS
4808011229,7980163064,0,56.288,0,4,28.392045454545453,0.035204456006937494,0.005105254922778104,3.2429681261122457e-12,0.0005046893217922258,PERUS
4808011229,4808011233,0,46.044,0,4,28.39346590909091,0.03520269481548185,0.00383057959225135,3.15660611422851e-12,0.0005276831496975809,PERUS
4808011235,4808011236,0,95.367,0,2,22.482954545454547,0.044457080279673156,0.0012795905310300703,7.428843500304833e-09,0.0003158093655962729,PERUS
4808011236,4808011243,0,45.192,0,4,22.473484848484848,0.04447581324793528,0.022781954332872122,8.098271976953603e-09,0.0005924404414416862,PERUS
4808011238,4808011244,0,50.221,0,4,24.43844696969697,0.040899755880187544,0.017765173019153715,5.750746820799026e-10,0.0006093771281461392,PERUS
4808011238,4808011242,0,40.092,0,4,25.423768939393938,0.03931464754632647,0.01524695196128788,1.5325776917550539e-10,0.0006045747300422457,PERUS
4808011243,4808011244,0,46.753,0,4,23.455018939393938,0.042614611300643965,0.020276840476348465,2.1580286186611973e-09,0.0006058088565144647,PERUS
4808011245,8710768730,0,28.187,0,2,23.482007575757574,0.04256563293946848,0.0012795905310300703,6.169425761528275e-12,0.0002994319511681452,PERUS
4810676360,4810678042,0,8.741,0,4,23.906723484848484,0.04180943138381098,0.1117618290444113,4.890482039108871e-12,0.0005030590267348754,PERUS
4810676360,4810678038,0,57.467999999999996,0,5,23.958806818181817,0.04171854311179621,0.014649755100134922,5.5623785791732445e-12,0.0005917127569957418,PERUS
4810676360,4810684606,0,154.787,0,4,23.035984848484848,0.04338978870344487,0.12575458567726958,1.7073302467004566e-11,0.0004808956137165176,PERUS
4810676361,4810676362,0,224.56300000000007,0,3,23.220170454545453,0.043045614893660405,0.005905613404734813,1.6768195601705416e-11,0.00038495632729584824,PERUS
4810676361,4810676362,1,414.94599999999997,0,3,23.220170454545453,0.043045614893660405,0.0,1.676819597016475e-11,0.00038495632729584824,PERUS
4810676362,4810678068,0,228.75500000000005,0,4,24.088068181818183,0.041494673113967845,0.004855398897192847,7.311229475688867e-12,0.0005340749209805435,PERUS
4810676381,4810678042,0,195.44099999999997,0,2,24.84090909090909,0.04023711497407746,0.0012795905310300703,1.228284610675243e-12,0.00028555540904661467,PERUS
4810678022,4810678068,0,74.08200000000001,0,4,24.953125,0.04005616591715527,0.0027631618829477766,2.4568548993538774e-12,0.0005433092771985401,PERUS
4810678022,4810678038,0,184.645,0,5,24.888257575757574,0.04016056616695837,0.0006774784693737953,2.5631320202075342e-12,0.0006184364156575422,PERUS
4810678022,4810678037,0,125.726,0,2,25.884469696969695,0.03861491183141875,0.0012795905310300703,9.689527236361746e-13,0.0002918226321767916,PERUS
4810678038,4810690314,0,168.04,0,5,24.826231060606062,0.04026090439227204,0.011565466784303799,2.282242472641551e-12,0.000586857789242521,PERUS
4810684574,4810684606,0,103.79,0,2,23.10274621212121,0.0432644026807124,0.0012795905310300703,1.5382168659117252e-11,0.00026339199602825686,PERUS
4810690271,5499509179,0,63.81099999999999,0,2,29.29782196969697,0.03411606897554827,0.0012795905310300703,4.632590752288107e-15,0.00031300605373978455,PERUS
4810690297,4810690301,0,34.528000000000006,0,5,28.29782196969697,0.03532167656655233,0.011457332373230836,1.9061603832823948e-14,0.0006319817380850544,PERUS
4810690297,5499509202,0,10.971,0,5,27.369791666666668,0.0365193322376957,0.10664510532045879,5.072091036023228e-14,0.0006169298286493597,PERUS
4810690297,5499509179,0,52.449,0,5,28.300189393939394,0.03531872176677263,0.00638156865347263,1.9041288828479455e-14,0.0006503793676213319,PERUS
4810690301,5499509214,0,29.772000000000002,0,4,29.289772727272727,0.03412544455221468,0.008922727313687278,5.056024096693544e-15,0.0005551731022565379,PERUS
4810690301,4810690310,0,125.248,0,2,29.29308712121212,0.03412158339664118,0.0012795905310300703,4.659492687042192e-15,0.00029577455234721615,PERUS
4810690311,4810690317,0,101.12899999999999,0,4,26.62121212121212,0.03754624359704041,0.00589578300372818,2.528736718394781e-13,0.0004741234309068238,PERUS
4810690311,4810690348,0,120.386,0,4,26.56155303030303,0.03763057506506471,0.0010420225067031047,2.1378632618346035e-13,0.00048099023767775886,PERUS
4810690314,4810690317,0,59.363,0,4,25.754734848484848,0.03880942751038718,0.01041530986652773,7.206669550819284e-13,0.0004747402377561985,PERUS
4810690317,4810690357,0,123.625,0,4,26.684185606060606,0.03745763614102951,0.003477504356096446,2.2947506504955414e-13,0.00047615748860529257,PERUS
4810690348,5499509202,0,40.309,0,4,26.501893939393938,0.03771528621453584,0.10869802073067732,1.6413164398159719e-13,0.0005013425682365485,PERUS
4810690356,4810690374,0,76.024,0,4,32.27698863636363,0.03096715515850313,3.2768003355443544e-06,1.893421000296876e-16,0.0005832490175230731,PERUS
4810690356,4810690370,0,114.23700000000002,0,4,31.279829545454547,0.03195434660854033,0.002554265861556824,4.2187421418344665e-16,0.000570425896331814,PERUS
4810690357,5499509204,0,21.163,0,4,27.678977272727273,0.036111396216086764,0.0025575426618923685,9.249482896842829e-14,0.0004920891984623951,PERUS
4810690370,4810690374,0,62.156000000000006,0,4,31.279829545454547,0.03195434660854033,0.002554265861556824,4.1615387508087186e-16,0.0005704258963318141,PERUS
4810690370,5499509214,0,58.977,0,4,30.283617424242426,0.03300551916071233,0.00638156865347263,1.362626966391972e-15,0.00056258968223965,PERUS
4810690374,4810690385,0,104.52399999999999,0,2,32.27793560606061,0.03096624664446759,0.0012795905310300703,1.3468966526439342e-16,0.0003160142535215875,PERUS
4810707374,13267486007,0,113.66100000000002,0,4,34.55350378787879,0.028926922180961125,0.0038338563925868945,1.6119159709951518e-18,0.0006054112002193601,PERUS
5199272138,5199272148,0,406.36300000000006,0,4,21.96212121212121,0.04551138323559848,0.22344747248102118,9.432198574314404e-11,0.00049989679474548,PERUS
5199272141,5199272145,0,165.145,0,5,20.723011363636363,0.048232686727443054,0.0,9.430681074933226e-10,0.0005005814972851584,PERUS
5430168659,5508995510,0,117.245,0,2,26.901041666666668,0.03715568071812021,0.0012795905310300703,8.56111813921693e-09,0.00034728220506667775,PERUS
5430168659,8945670634,0,90.148,0,2,26.901041666666668,0.03715568071812021,0.0012795905310300703,8.561118130538864e-09,0.00034728220506667775,PERUS
5499509179,5499509180,0,21.502,0,4,29.296875,0.03411717171717172,0.0038338563925868945,5.054034480415002e-15,0.0006181204615117378,PERUS
5499509180,5499509190,0,49.49199999999999,0,2,30.295454545454547,0.03299262315578895,0.0012795905310300703,1.1907225342756503e-15,0.00035389389729205504,PERUS
5499509180,5499509181,0,28.659,0,2,30.295454545454547,0.03299262315578895,0.0012795905310300703,1.2017481177564127e-15,0.00035389389729205504,PERUS
5499509202,8945813296,0,241.65599999999998,0,2,27.436079545454547,0.036431098455431875,0.0012795905310300703,4.148174219862531e-14,0.00028171289783972237,PERUS
5499509203,5499509204,0,96.707,0,2,28.611742424242426,0.03493413649301648,0.0012795905310300703,3.5498173336794414e-14,0.00027747406300309557,PERUS
5499509214,5499510321,0,92.15299999999999,0,2,30.285984848484848,0.033002939153273715,0.0012795905310300703,1.247486353549113e-15,0.00030817803942942353,PERUS
5508969151,8644579498,0,28.247999999999998,0,4,21.85037878787879,0.04574412758949467,0.0038338563925868945,7.358693935118379e-10,0.0006430548598898024,PERUS
5508969151,5508969155,0,71.09,0,2,22.848958333333332,0.043744948919327765,0.0012795905310300703,1.7600760814171815e-10,0.00036290275355312297,PERUS
5508969157,5508969163,0,63.94500000000001,0,2,23.012310606060606,0.04343442656680795,0.0012795905310300703,5.866043687403217e-10,0.0003266804064959674,PERUS
5508969163,5508969181,0,43.742000000000004,0,4,22.01657196969697,0.045398825781199595,0.011457332373230836,2.399689785462429e-09,0.0005909331300641535,PERUS
5508969163,5508969171,0,77.151,0,4,23.009469696969695,0.04343978928306857,0.008922727313687278,6.394461270055397e-10,0.0006147288334334565,PERUS
5508969164,5508969171,0,66.368,0,2,24.006155303030305,0.041636259639849314,0.0012795905310300703,1.5629700090113552e-10,0.00033682791645759085,PERUS
5508969171,5508969174,0,27.807,0,4,24.004261363636363,0.04163954474623745,0.00638156865347263,1.703122667988388e-10,0.0006376637497915504,PERUS
5508969173,5508969174,0,37.726,0,2,25.001893939393938,0.03997803196727521,0.0012795905310300703,4.156990226287745e-11,0.00034961532285406136,PERUS
5508969174,5508969175,0,5.64,0,4,25.00094696969697,0.03997954622930949,0.0038338563925868945,4.5057044037037894e-11,0.0006743146714108762,PERUS
5508969175,5508969178,0,17.72,0,2,25.999526515151516,0.03844402760831163,0.0012795905310300703,1.0776879276774795e-11,0.0003734788380769167,PERUS
5508969179,5508969181,0,58.827999999999996,0,2,22.020359848484848,0.04539101640613241,0.0012795905310300703,2.2013284380345775e-09,0.00031303221308828793,PERUS
5509039255,8719414414,0,10.283,0,2,35.00710227272727,0.028552106580104146,0.0012795905310300703,4.808489699413126e-11,0.0003614352794275583,PERUS
5509039255,8719414413,0,7.119,0,2,35.00710227272727,0.028552106580104146,0.0012795905310300703,4.8084909974654095e-11,0.0003614352794275583,PERUS
5512309893,5512309905,0,423.59599999999995,0,2,21.457386363636363,0.0465819321241008,0.0012795905310300703,8.211906958414684e-10,0.0002887758687731357,PERUS
5512309905,7845563709,0,276.519,0,4,21.27462121212121,0.04698210629395531,0.18066229049981855,9.021767993338207e-10,0.0005119119371419499,PERUS
5998233395,8943678111,0,113.637,0,4,19.967329545454547,0.050058096796376655,0.0026968066761530038,0.0033992615564575066,0.0004670938722550004,PERUS
6080898005,9573065000,0,231.84,0,5,19.757102272727273,0.05059074460181657,0.06194791034346602,6.086345332964407e-09,0.000503388836745064,PERUS
6987826273,7992155256,0,61.15,0,4,32.00142045454545,0.031233817154186456,0.002378957043605201,3.1891692668176293e-09,0.0005199420890493967,PERUS
6987826273,7992155275,0,106.887,0,2,32.95738636363637,0.03032784530069247,0.0012795905310300703,1.2177464645588593e-09,0.00028123912802539445,PERUS
6987826273,6987826276,0,64.57,0,5,32.91193181818182,0.03036973097396058,0.004150067624966925,3.1198475850851587e-09,0.0005869386896248979,PERUS
6987826276,12505028256,0,56.441,0,5,32.92992424242424,0.03035313740150687,0.00870645849154135,2.882236880685518e-09,0.0005714547235640997,PERUS
6987826276,6987826282,0,57.622,0,5,31.985795454545453,0.031249074814222694,0.010613556286828163,6.206725851975585e-09,0.0005492032718527626,PERUS
6987826282,6987826283,0,41.68,0,4,32.02272727272727,0.031213035249585994,0.009735373796902277,7.302956457737641e-09,0.0004515353896924873,PERUS
6987826283,12505028255,0,43.401,0,4,32.08238636363637,0.031154992768381594,0.0014843905520015926,4.199830099507019e-09,0.0004763751677722892,PERUS
6987826284,12505028255,0,64.935,0,4,33.036458333333336,0.030255256331245612,0.0008486912869059877,1.36778604851252e-09,0.0005172921707994857,PERUS
6987826284,12505028257,0,24.719,0,4,34.03219696969697,0.029370026156157827,0.0038338563925868945,4.229423339707842e-10,0.0005917439311545914,PERUS
6987826284,12505028262,0,53.977999999999994,0,4,33.98626893939394,0.029409715933629614,0.00425984043620766,6.211124680421565e-10,0.0005421183700608294,PERUS
6987826291,6987826299,0,77.17600000000002,0,2,38.84659090909091,0.025730096046024085,0.0012795905310300703,6.523988182929674e-13,0.0003701237734332755,PERUS
6987826294,6987826295,0,92.03,0,2,36.853219696969695,0.027121823367679935,0.0012795905310300703,9.461721112949062e-12,0.000316459040566029,PERUS
6987826295,7320395783,0,30.501,0,4,35.85653409090909,0.02787571471959223,0.008922727313687278,3.87099822860026e-11,0.0005455623537514677,PERUS
6987826295,6987826307,0,99.592,0,4,36.85132575757576,0.0271232172684055,0.00638156865347263,1.0310131795519834e-11,0.0006091313984653507,PERUS
6987826299,6987826307,0,27.043999999999997,0,4,37.84801136363637,0.026408957277788202,0.0038338563925868945,2.727595715103217e-12,0.0006627961313325974,PERUS
6987826299,6987826302,0,110.052,0,2,38.84659090909091,0.025730096046024085,0.0012795905310300703,6.524089397650354e-13,0.0003701237734332755,PERUS
6987826307,6987826310,0,97.59200000000001,0,2,37.848958333333336,0.026408296533520146,0.0012795905310300703,2.5165228405027794e-12,0.0003414518474194237,PERUS
7320395746,7320395776,0,8.508000000000001,0,4,32.85748106060606,0.030420059082066433,0.01700823214164297,4.984339756887795e-10,0.0004742363634251019,PERUS
7320395776,7320397985,0,20.065,0,4,33.753787878787875,0.029612276961059364,0.01588838562697069,1.742020747545422e-10,0.0004685605321833766,PERUS
7320395783,7320397994,0,195.764,0,4,35.58380681818182,0.028089364363365402,0.005281382940813613,8.982717443053991e-11,0.0005174228103688308,PERUS
7320395783,7320397990,0,57.879,0,5,35.10511363636363,0.028472390817620243,0.013689652601820427,9.095351537715984e-11,0.0005902351314016471,PERUS
7320397985,7320397990,1,111.81000000000002,0,4,34.35037878787879,0.029097976512102334,0.0,9.834155459684249e-11,0.0004652215005264806,PERUS
7320397985,7320397990,2,108.452,0,4,34.35037878787879,0.029097976512102334,0.014841447919764267,9.83415486378706e-11,0.0004652215005264806,PERUS
7320397994,7992155277,0,16.196,0,4,34.71401515151515,0.028793169294560533,0.0032808963359637847,2.6687265008582335e-10,0.0005057441769180533,PERUS
7320397994,7992155278,0,74.064,0,2,35.66714015151515,0.028023735878612486,0.0012795905310300703,6.884906778779522e-11,0.00028831949718339205,PERUS
7845563709,8005402972,0,130.53,0,4,21.89725378787879,0.04564620407810236,0.1644003496345958,2.5097676796766814e-10,0.0004913518053757876,PERUS
7845563709,8005402964,0,49.748000000000005,0,4,22.076231060606062,0.04527613941018767,0.018377115481816624,2.4958986557547444e-10,0.0004907508298512588,PERUS
7845876119,8940772740,0,59.569,0,2,26.01278409090909,0.03842443437266787,0.0012795905310300703,6.502112065919673e-11,0.00030465575063294515,PERUS
7983468724,9573065000,0,161.964,0,5,19.758049242424242,0.05058831987346929,0.05867930200876052,9.471215242183164e-09,0.0005105640484238781,PERUS
7987898133,7992155281,0,19.837,0,2,25.819602272727273,0.03871192532687829,0.0012795905310300703,8.767257873872376e-07,0.00027244052833169956,PERUS
7987898133,7990875065,0,130.867,0,4,24.911931818181817,0.04012240088189455,0.002090598614077298,1.8993213318336119e-06,0.00047683644235191314,PERUS
7990875064,7990875065,0,48.103,0,4,24.81155303030303,0.04028472195717721,0.00030638083137339713,1.7261794464115475e-06,0.00045228866832177354,PERUS
7992155256,7992155266,0,87.28999999999999,0,2,32.03787878787879,0.03119827382359896,0.0012795905310300703,2.487394872987918e-09,0.0002874824505441041,PERUS
7992155276,7992155277,0,9.204,0,4,34.64346590909091,0.02885180477537688,1.228800125829133e-05,4.2030906554508125e-10,0.00047670797266920564,PERUS
8002022688,12986045887,0,49.692,0,4,23.30066287878788,0.042896913291743714,0.008592589679881184,2.6247592865622344e-11,0.0005200340107475511,PERUS
8002022688,8005402972,0,296.95,0,4,22.50899621212121,0.044405645890742335,0.1654431913413828,7.624844079507688e-11,0.0004930329597300979,PERUS
8005402933,8005402965,0,112.235,0,4,24.05066287878788,0.041559208583522,0.001063321708884143,2.1106304741504635e-11,0.0004894020154535636,PERUS
8005402933,8005402946,0,41.331,0,4,24.856060606060606,0.04021258762572386,0.0006496256665216683,9.747873217812369e-12,0.0004882046010064583,PERUS
8005402933,8005402953,0,39.426,0,4,25.039772727272727,0.03991755540428107,0.0004448256455501461,7.174509816821749e-12,0.0005150034373005231,PERUS
8005402935,8005402936,0,148.172,0,4,23.687026515151516,0.04219721350470746,0.0010584065083808264,2.33940364479133e-11,0.00047791514111530155,PERUS
8005402935,8005402937,0,38.47,0,4,23.689393939393938,0.04219299648225136,0.0016965633737280894,2.3800938680062366e-11,0.0004776716806879189,PERUS
8005402935,8005402972,0,58.80699999999999,0,4,22.698863636363637,0.04403420942845223,0.0018997249945318395,7.226938107489121e-11,0.000483091818979484,PERUS
8005402936,8005402937,0,110.244,0,4,24.67566287878788,0.04050657200422143,4.096000419430443e-06,1.3922147111356523e-11,0.0004770551683380974,PERUS
8005402936,8005402946,0,39.378,0,4,24.671401515151516,0.04051356849499098,0.001914470596041789,1.1209682296996591e-11,0.0004794741397418082,PERUS
8005402937,8005402944,0,40.114999999999995,0,4,24.671875,0.04051279098777515,0.0025460738607179633,1.3724619672464203e-11,0.00047775146376499624,PERUS
8005402944,8005402965,0,39.188,0,4,24.051609848484848,0.04155757229757663,0.00551649336488892,2.2370565507411832e-11,0.0004813678496158124,PERUS
8005402944,8005402946,0,110.255,0,4,24.858901515151516,0.040207992076492324,0.002118451416929425,1.1012144254761051e-11,0.00048017043516870704,PERUS
8005402948,8005402953,0,187.578,0,2,26.03503787878788,0.03839159058669479,0.0012795905310300703,2.18268013117979e-12,0.00029201340641318396,PERUS
8005402953,8005402955,0,16.324,0,4,26.03125,0.03839717705263924,0.0021372930188588053,4.133599593440108e-12,0.000524193016706407,PERUS
8005402954,8941041885,0,59.591,0,4,24.055397727272727,0.04155102844208247,0.004661248477311844,2.1250302029684844e-11,0.0004934507069473555,PERUS
8005402954,8005402964,0,31.203,0,4,23.062973484848484,0.043339013324026364,0.009746023397992796,6.988877922783284e-11,0.0004883355470245344,PERUS
8005402954,8941041886,0,79.627,0,4,24.056344696969695,0.0415493928002047,0.0038166531908252867,2.1189753550896332e-11,0.000495477917207967,PERUS
8005402955,8941041885,0,47.231,0,4,25.044981060606062,0.03990925418281501,0.0033988611480433814,7.862470592305828e-12,0.0005049095316984887,PERUS
8005402955,8005402957,0,91.568,0,4,26.035984848484848,0.03839019422419437,9.830401006633064e-06,4.196090816882059e-12,0.0005250780100400926,PERUS
8005402956,8005402957,0,106.587,0,2,26.042613636363637,0.03838042253008982,0.0012795905310300703,2.2552799207235296e-12,0.0002928983997468695,PERUS
8005402957,8941041886,0,43.467,0,4,25.048768939393938,0.03990321909910591,0.0025477122608857355,7.4882294106347e-12,0.0005188760418926449,PERUS
8005402964,8005402965,0,8.761,0,4,23.06155303030303,0.043341682749558574,0.0074203143598401905,7.005654279585184e-11,0.00048524725652856717,PERUS
8005455686,12986045885,0,57.808,0,2,26.035984848484848,0.03839019422419437,0.0012795905310300703,7.866185984764448e-13,0.0003073704184750219,PERUS
8005455689,12986045886,0,169.14600000000002,0,2,26.571969696969695,0.037615823235923024,0.0012795905310300703,8.139821824163283e-13,0.00030556269867907385,PERUS
8005455696,12986045883,0,134.837,0,4,24.81628787878788,0.04027703579332977,0.0020570114106379686,4.159442174228078e-12,0.0005229091018021307,PERUS
8005455696,12986045886,0,165.823,0,4,25.57433712121212,0.039083183678003446,0.00041123844211081646,2.8394054994334396e-12,0.00053970578296858,PERUS
8022668675,8023668169,0,808.8990000000002,0,4,22.517992424242426,0.04438790529458766,0.10753475661155908,5.6765764198838935e-11,0.00047146416734186557,PERUS
8644579489,8644579497,0,112.585,0,2,22.039772727272727,0.045351035490246626,0.0012795905310300703,1.8409915551309649e-09,0.00026839177214801397,PERUS
8644579498,8644579500,0,38.765,0,2,21.851325757575758,0.0457421451787649,0.0012795905310300703,6.789172349327916e-10,0.00032893159585678126,PERUS
8921421673,8921421674,0,32.783,0,4,22.803977272727273,0.043831236244342014,0.006501171865719999,3.764652152723344e-05,0.00047699781471175737,PERUS
8941041885,8941041886,0,65.46,0,4,25.048768939393938,0.03990321909910591,7.372800754974798e-06,1.1154598851979314e-11,0.000498707563551041,PERUS
8941280347,8943801550,0,161.653,0,4,21.098011363636363,0.047375389932449115,0.00545587255868135,8.373488373709901e-10,0.00042431896702552967,PERUS
8941325985,12587603685,0,21.68,0,4,22.04971590909091,0.04533058472374326,0.0012222465251580442,9.232811606461478e-10,0.00046848037946003144,PERUS
8943159157,8943159204,0,306.755,0,4,28.755681818181817,0.03475927023644866,6.553600671088709e-06,1.1001345240655325e-13,0.0004753108775357373,PERUS
8943159157,8943159161,0,43.879999999999995,0,4,28.85558712121212,0.034638924897034934,0.0072826887457473274,6.974853556093662e-14,0.00047484330328475155,PERUS
8943159157,8943159196,0,169.62300000000002,0,4,27.87784090909091,0.03585379938177248,0.008536064874093044,1.925502634176828e-13,0.0004753538940895552,PERUS
8943159161,8943159207,0,336.445,0,4,29.609848484848484,0.033756556223615196,8.192000838860886e-07,3.556082323760775e-14,0.00047569013978778613,PERUS
8943159161,8943159189,0,63.947,0,4,29.731060606060606,0.03361893234806982,0.006023578216814409,2.3295083593585224e-14,0.0004747386408661367,PERUS
8943159162,8943159163,0,94.953,0,3,32.581912878787875,0.03067734294392048,1.6384001677721772e-06,5.727058690947124e-16,0.0003985095475463736,PERUS
8943159162,8943159163,1,172.46099999999998,0,3,32.581912878787875,0.03067734294392048,0.0,5.595013201750373e-16,0.0003985095475463736,PERUS
8943159162,8943159180,0,37.477,0,4,31.588068181818183,0.03164253380100129,0.0012795905310300703,1.953177602308194e-15,0.0005041425483942202,PERUS
8943159163,8943159181,0,42.048,0,4,33.568655303030305,0.02977558994033598,0.0012779521308622982,6.224565708011613e-16,0.0005041704627829063,PERUS
8943159171,8943159178,0,65.084,0,4,31.58475378787879,0.0316458542581738,0.004158259625805786,4.076900338346527e-15,0.0004755947022006814,PERUS
8943159171,8943159174,0,65.971,0,4,32.57528409090909,0.030683585517231354,0.0028901378959501206,1.8379448958153808e-15,0.0004768857259098403,PERUS
8943159171,8943159188,0,256.69399999999996,0,4,31.707859848484848,0.031522988934848506,6.553600671088709e-06,2.9571159220393366e-15,0.00047561952844658433,PERUS
8943159174,8943159176,0,60.47,0,4,32.57670454545455,0.030682247609081132,0.001617920165675025,1.167438136968186e-15,0.0004811517084631672,PERUS
8943159174,8943159187,0,209.238,0,4,32.697916666666664,0.03056850763126647,9.011200922746974e-06,1.2091272692078062e-15,0.00047902180532928676,PERUS
8943159176,8943159180,0,42.007,0,4,31.585700757575758,0.031644905485017014,1.638400167772177e-05,2.0720647650465806e-15,0.00048697510347650027,PERUS
8943159176,8943159181,0,52.444,0,4,32.57717803030303,0.030681801665625046,0.0003563520364904485,9.29456415629036e-16,0.0004869999297224032,PERUS
8943159178,8943159205,0,54.139,0,4,30.595643939393938,0.03266891578198025,0.005423923755409793,8.085344316069102e-15,0.0004775519673486449,PERUS
8943159178,8943159189,0,275.492,0,4,30.71780303030303,0.03253899747210062,5.73440058720262e-06,8.202721709294125e-15,0.00047511062246241906,PERUS
8943159180,8943159205,0,212.344,0,4,30.595170454545453,0.032669421359704104,0.0025395202600468746,6.747811401114419e-15,0.0004846663860711369,PERUS
8943159181,8943159187,0,182.48899999999998,0,4,32.697916666666664,0.03056850763126647,0.0022241282277507307,9.63164653399445e-16,0.0004848700265885228,PERUS
8943159187,8943159188,0,60.131,0,4,31.707386363636363,0.031523459666099214,0.003493069157690282,2.343305621804683e-15,0.00047775560786603074,PERUS
8943159188,8943159189,0,57.09,0,4,30.71780303030303,0.03253899747210062,0.0047595524873781745,7.084602437927692e-15,0.00047513544870832203,PERUS
8943159196,8943159204,0,189.882,0,4,27.882102272727273,0.035848319663083536,0.011018241128267891,1.9888521123714808e-13,0.0004757652157954172,PERUS
8943159204,8943159209,0,14.426,0,4,28.633522727272727,0.03490756358104309,0.010094183433644384,1.0887949585763047e-13,0.000477094405170652,PERUS
8943159205,8943159207,0,67.964,0,4,29.607954545454547,0.03375871553764473,0.00922337374447347,2.293345046075699e-14,0.00047808307480052084,PERUS
8943159207,8943159209,0,29.804000000000002,0,4,28.62594696969697,0.03491680174666711,0.01048248427340639,6.835642010454428e-14,0.0004775299199678245,PERUS
8943252995,8943801550,0,82.369,0,4,21.10037878787879,0.047370074499596085,0.33746128255603536,1.1671991393832276e-09,0.00041686357444115074,PERUS
8943849003,8943849005,0,10.169,0,6,24.802556818181817,0.040299333753316915,0.019057051551442078,0.00867500244154881,0.0005879198439967411,PERUS
8943849003,8943849004,0,5.721,0,5,25.414299242424242,0.03932929669306008,0.0014401537474717438,0.006584972019367685,0.0005109947695504397,PERUS
8943849003,13352788825,0,35.154,0,5,25.287405303030305,0.03952665380942573,0.019824642030043343,0.0068246123749925005,0.000514313107410758,PERUS
8943849004,8943865525,0,34.9,0,4,25.353693181818183,0.039423310362858795,0.00810106962954953,0.006294446868341386,0.0004375303903427343,PERUS
8943849016,8943865533,0,26.003,0,4,24.686079545454547,0.04048947964017876,0.003026944309959097,0.0386076178660819,0.000439135449631177,PERUS
8943849016,8943865519,0,24.61,0,4,24.687026515151516,0.04048792650415236,0.0040771588175010625,0.0398444211814648,0.00043911549875735157,PERUS
8943865519,8943865533,0,7.945,0,4,25.013731060606062,0.03995911336576501,0.0009199616942040775,0.022916978727900727,0.00044967406293007316,PERUS
8943865519,8943865520,0,2.641,0,4,24.474905303030305,0.040838830744230135,0.005619712575458568,0.023961489739119952,0.0004496105139512591,PERUS
8943865520,8943865523,0,7.945,0,4,24.625473484848484,0.04058912880462997,0.00558366777176758,0.022159631752806247,0.0004490562434685348,PERUS
8943865523,8943865525,0,5.29,0,4,24.724905303030305,0.04042589861927651,0.007528448770913155,0.014012932822917074,0.0004469917850765788,PERUS
8943865525,13352788825,0,8.790000000000001,0,4,25.223958333333332,0.039626076999605804,0.00035471363632267634,0.0065340872239661825,0.00044063921058746565,PERUS
8943865528,13352788825,0,2.291,0,4,25.810132575757574,0.03872612867127736,0.01955348680227705,0.00672042954503009,0.0004413477180215008,PERUS
8943865528,8943865531,0,7.648,0,4,26.173768939393938,0.03818810036361005,0.0028712962940207407,0.009401092375972182,0.0004484017380527319,PERUS
8943865531,8943865533,0,5.296,0,4,25.43655303030303,0.039294888500055844,0.004874240499122227,0.016316937973578242,0.0004498212379894669,PERUS
8945582816,8945670617,0,18.228,0,4,30.015151515151516,0.03330073195355881,0.001441792147639516,2.3578837344838138e-06,0.0004919802727466198,PERUS
11580679036,11580679048,0,275.889,0,4,36.52130681818182,0.02736831187688797,0.0012378113267518798,6.158976389547048e-12,0.0005068102816288868,PERUS
11580679036,11580679057,0,1212.416,0,4,36.536458333333336,0.027356962353398562,0.002441216249980544,6.1013487852013626e-12,0.0005217812932702934,PERUS
11580679051,11580679057,0,282.98999999999995,0,2,37.519412878787875,0.026640249365858584,0.0012795905310300703,1.7803464053426014e-12,0.00029258170470070755,PERUS
12505028255,12505028256,0,73.122,0,4,32.99195075757576,0.030296071987255844,0.001477836951330504,1.8424712867190943e-09,0.0004880400893991192,PERUS
12505028256,12505028262,0,45.748,0,4,33.921875,0.029465544435604316,0.006804275896757852,1.095797693410786e-09,0.0005128662886604629,PERUS
12505028257,13361871975,0,23.201,0,2,35.030776515151516,0.02853281070487261,0.0012795905310300703,1.0116071846411629e-10,0.00034490884360339824,PERUS
12505028257,13361871979,0,354.768,0,2,35.030776515151516,0.02853281070487261,0.0012795905310300703,1.0116069162434372e-10,0.00034490884360339824,PERUS
12505028262,12505028268,0,65.328,0,2,34.91856060606061,0.02862450507132397,0.0012795905310300703,3.3139259963774797e-10,0.0002952832825096363,PERUS
12986045883,12986045885,0,28.435,0,4,25.038352272727273,0.03991981997314725,0.004697293281002832,2.697710943019651e-12,0.0005473569464675446,PERUS
12986045883,12986045887,0,32.05,0,4,24.129734848484848,0.04142302107452612,0.006798541496170649,7.652747042588885e-12,0.0005352033160169494,PERUS
12986045885,12986045886,0,51.384,0,4,25.8125,0.03872257685817008,0.0021463042197815523,1.3776762133670154e-12,0.000564153627633994,PERUS
12986045887,12986045892,0,62.641999999999996,0,2,24.21590909090909,0.04127561395276083,0.0012795905310300703,6.5433201977621345e-12,0.00029521678802442675,PERUS
13267486007,13267486008,0,26.156,0,2,35.552083333333336,0.028114428788322723,0.0012795905310300703,-1.1762179619480565e-17,0.0003488217677580656,PERUS
