u,v,key,length,flood_count,Degree,Mean Shortest Path Length,Closeness,bet,Eigenvector,Pagerank,district
597246,26592024,0,33.31,1,6,24.33198224281027,0.041090239878157124,0.037441680818424423,2.3574231310927893e-17,0.00022671346330956825,SAUDE
597247,26592027,0,56.443000000000005,0,4,24.885736344335072,0.04017590531516369,5.9914447018225945e-05,7.375722360853249e-16,0.0001737069856834373,SAUDE
25717090,431328377,0,59.425000000000004,0,5,24.97625940938043,0.04003029319485016,0.0004893590383627356,6.762331788761104e-09,0.00020607369834373405,SAUDE
25717090,26358416,0,160.42000000000002,0,4,24.857363443350703,0.04022176323513425,0.04814108501600287,2.4806080179043007e-09,0.00017561823320216136,SAUDE
25717090,389479111,0,119.634,0,4,24.63732870102297,0.04058098177772903,0.04811233993448546,3.0959224068978163e-09,0.0001747922978592363,SAUDE
25717225,431328529,0,19.564,0,6,24.414398764717237,0.04095153014839,0.022182371611218964,7.21861564334497e-10,0.00023138350343485513,SAUDE
25717225,431328437,0,174.383,0,5,24.01138776298012,0.04163886722988996,0.026039061102519336,2.2848537670734595e-09,0.00019562733114697923,SAUDE
25717225,431328471,0,32.34,0,6,23.860258637328702,0.04190260475651189,0.013297024485787722,7.586581344042221e-10,0.00022668710776416981,SAUDE
25717225,8001980519,0,18.666,0,5,24.435051148426943,0.04091691811876965,0.009849000008831321,7.822834143814719e-10,0.00019710288385480456,SAUDE
25717435,4329528210,0,274.576,0,4,22.718201119475005,0.044009073685462564,0.003518501875616569,5.403892724147892e-14,0.00018390517119107745,SAUDE
25717435,25730435,0,803.006,0,4,22.54236633854468,0.04435235290088362,0.0006955963400931029,2.565848913810626e-13,0.00018629452322689824,SAUDE
25717435,4329772307,0,235.983,0,4,22.64273306311523,0.044155755591925805,0.004035740179788363,5.318729328490112e-14,0.00018919004060114774,SAUDE
25730435,307825662,0,639.8810000000001,0,4,22.513993437560316,0.0444082472459171,0.0015759577523493478,1.2241808324587526e-12,0.00018114201756850537,SAUDE
25730435,307825736,0,132.688,0,4,22.595058868944218,0.04424892153931576,0.0012249560641818796,2.734117446364692e-13,0.00018361090679447305,SAUDE
26358405,26358407,0,61.999,0,4,25.99343756031654,0.03846382321492218,0.012255101862352274,5.230497514740638e-10,0.00018614649230400726,SAUDE
26358405,8001902283,0,55.317,0,4,25.71183169272341,0.03888509379715193,0.013359016890506002,3.561110815196307e-10,0.0001861427447475602,SAUDE
26358407,1937130638,0,55.996,0,4,26.140513414398765,0.038247412023568676,0.0013908463539028634,1.66188393887021e-09,0.00018136006686990082,SAUDE
26358407,8001911199,0,105.08399999999999,0,4,26.237984944991315,0.03810532665386681,0.012516231879992403,1.0306487259397789e-09,0.00018745270376185262,SAUDE
26358416,8001902283,0,37.286,0,4,25.274271376182206,0.03955829120400776,0.04835424884340009,1.2084438950803183e-09,0.00018153998126470725,SAUDE
26358416,431328372,0,120.513,0,5,25.15769156533488,0.03974160286016787,0.00027792684238223304,4.448705594259422e-09,0.00020913840693938252,SAUDE
26379846,26379988,0,97.077,0,4,24.59660297239915,0.04064817357868718,0.0007617446602114911,6.607454619500462e-16,0.00019317503903558793,SAUDE
26379988,26380016,0,305.583,0,4,24.089558000386027,0.041503749759630795,0.0006659854428673323,2.4163259991291546e-15,0.0001933818811536136,SAUDE
26379988,26380363,0,127.569,0,4,24.380814514572478,0.04100794034057174,0.0011201923634708197,9.846336016928779e-16,0.00019250777198257286,SAUDE
26380015,26380016,0,177.768,1,4,23.830341632889404,0.041955209978536426,0.0009792375661504848,2.3152978006528715e-15,0.00019511795632259929,SAUDE
26380016,4329772307,0,299.96000000000004,0,4,23.233738660490253,0.043032548556997355,0.0014997659700140315,1.1032569218339869e-14,0.00019229975232668613,SAUDE
26380363,8079273234,0,354.172,0,4,24.303995367689634,0.04113755668326464,0.02363417139099008,6.446444277620585e-16,0.00019251892313664192,SAUDE
26380363,8009652133,0,97.638,0,4,23.517853696197644,0.04251267994025245,0.02526935093779097,2.4099480783468374e-15,0.00019040130555426752,SAUDE
26381134,4329528212,0,14.578,2,5,23.53985717043042,0.04247294194817973,0.027501770160215735,5.498884946967945e-16,0.00021558831549062547,SAUDE
26381134,431359242,0,50.317,0,5,24.155182397220614,0.04139099306421197,0.012608354671361467,2.2793412920818376e-16,0.00021560504222172905,SAUDE
26381134,7991155261,0,100.826,0,5,23.87550665894615,0.04187584378208393,0.02551143300984727,1.7091347923453054e-16,0.0002147440368124413,SAUDE
26592024,2069249256,0,281.926,0,5,24.398764717236055,0.040977770745985284,0.01940379583996332,4.030083901537143e-17,0.00020032953991603998,SAUDE
26592024,2069249251,0,64.201,0,5,24.582320015441034,0.04067179120766954,0.037984027778138536,1.2456471663628992e-17,0.00020073874371838156,SAUDE
26592024,6190903100,0,94.653,0,5,24.44354371742907,0.04090270210514679,0.019717567452671485,1.0823851418861281e-17,0.00020053903999012171,SAUDE
26592027,468002604,0,49.834,0,4,24.45203628643119,0.040888495966405126,0.02264073444722256,7.032163255081779e-16,0.000172267091463917,SAUDE
26592027,1920635359,0,335.193,2,5,24.423663385446826,0.04093599601703823,0.0226435050574893,3.372942993444009e-15,0.00020335679273677254,SAUDE
26592336,467890295,0,56.071,0,5,25.211349160393745,0.03965702036441586,0.04377910547730602,7.094769308578124e-14,0.0002075415687629299,SAUDE
26592336,26592430,0,49.096999999999994,1,6,25.294344721096312,0.039526898130484545,0.03968431666620779,6.146342132878173e-14,0.00023820853017524142,SAUDE
26592336,467897340,0,176.25900000000001,0,6,24.75969889982629,0.040380417835983784,0.02444578703600287,6.38445336177342e-14,0.00022938555193821898,SAUDE
26592336,467872039,0,541.976,0,5,24.928971241073153,0.04010622730475313,0.02813017920134042,1.9749119119603488e-13,0.00020396779743496604,SAUDE
26592435,6190983360,0,29.336,0,5,25.58000386025864,0.03908549007771825,0.017776928123962647,7.521816665030684e-13,0.000203758240310435,SAUDE
26592435,26592911,0,35.405,0,6,26.037058482918354,0.038399383237705524,0.020787369341915992,7.872998566770477e-13,0.0002336260504434054,SAUDE
26592435,467871962,0,110.758,0,5,25.717622080679405,0.03887633871948245,0.022286962148788354,2.5604083950256442e-12,0.00020236578616142557,SAUDE
26592435,6190983349,0,40.751,0,5,26.031075082030497,0.038408209569427657,0.018523261264565404,8.278012431582298e-13,0.0002004614849791527,SAUDE
28991264,389747728,0,28.442,0,4,23.583285080100367,0.04239472930392438,0.04381373810564025,1.8312329868493263e-08,0.00017849551715968528,SAUDE
28991264,8524810244,0,18.476,0,4,23.589268480988228,0.04238397591150095,0.0006453790290084627,4.975271944106009e-08,0.00017561338726358708,SAUDE
28991264,389747621,0,179.54799999999997,0,5,23.169272341246863,0.043152282572475845,0.044406821865864025,3.9590915413152234e-08,0.00020577910275618497,SAUDE
28991266,389479067,0,134.218,0,4,22.68924917969504,0.04406523015150613,0.02284558644381956,5.107181463583862e-12,0.0001677716107238003,SAUDE
28991266,29778771,0,62.207,0,5,22.665315576143602,0.04411176114929021,0.06579956955106243,1.6418655458728078e-12,0.00020434125405895245,SAUDE
28991266,1397985986,0,237.546,0,4,22.457247635591585,0.04452045964366443,0.06409720270529314,2.8088197795074053e-12,0.00016865792489632373,SAUDE
29778771,431359229,0,38.823,0,6,23.099787685774945,0.043282085561497326,0.036060531600455144,6.343794076532594e-13,0.0002361388380462004,SAUDE
29778771,2486864652,0,18.618000000000002,0,5,23.23219455703532,0.043035408670222486,0.066846167579323,5.925822791136275e-13,0.00021007158148992128,SAUDE
29778771,1397986117,0,67.462,0,5,22.962941517081646,0.04354002235838986,0.020052984458088546,1.1263059868801965e-12,0.00020713790800652056,SAUDE
29778772,307825727,0,281.60600000000005,0,4,23.468056359776106,0.04260288844293845,0.0001224263411615195,3.967958357775619e-14,0.00018181661035127024,SAUDE
29778772,431359229,0,131.417,0,5,23.319629415170816,0.042874051266770956,0.03950924872997823,1.8181742148498833e-13,0.00020626996086417826,SAUDE
29778772,7309700510,0,218.623,0,4,23.793669175834783,0.042019874264855,0.039179719271377984,3.7962270928346374e-14,0.00018058726456094207,SAUDE
142778762,431328643,0,97.686,0,4,23.3341053850608,0.04284745314076795,0.00020069608119688978,3.884994148134289e-11,0.000159258497581229,SAUDE
142778762,142778785,0,17.067999999999998,0,5,23.216753522486005,0.04306403072676787,0.01219120466307561,1.695274062672176e-11,0.00019005992603861666,SAUDE
142778762,389479062,0,115.065,0,5,23.053850607990736,0.043368329398369085,0.012472941094574608,1.9992020209602627e-11,0.0001941654946715168,SAUDE
142778785,1397986151,0,14.35,0,6,23.72553561088593,0.04214054441027643,0.009507522293455768,1.075720588013318e-11,0.0002263917522317651,SAUDE
142778785,389479085,0,119.056,0,6,23.367303609341825,0.04278657922125122,0.014674190951498562,1.2412697853129102e-11,0.00021622488442708639,SAUDE
142778785,431328644,0,100.786,0,5,23.630959274271376,0.04230920020909566,0.01087637692836639,2.402203523876022e-11,0.00018851577421360788,SAUDE
151280369,660760986,0,60.541999999999994,0,4,25.99575371549894,0.03846039618662944,0.04434604160313744,2.6662229899631536e-11,0.00017906477992361388,SAUDE
151280369,660760951,0,97.92699999999999,0,4,26.10557807373094,0.038298595964599676,0.000100954111594294,3.215741241964864e-11,0.00017743970753886722,SAUDE
151280369,431328473,0,116.875,0,5,25.177378884385252,0.03971052712274999,0.04463539721286997,1.2293563192672211e-10,0.00020463261884713253,SAUDE
246651697,1397985986,0,14.694,0,5,22.865083960625363,0.04372636412749865,0.0035327012532336056,2.3105839124638883e-12,0.00020913507228051916,SAUDE
246651697,467923562,0,183.427,0,5,23.013896931094383,0.043443619742525266,0.03984778267194537,1.5346364477119802e-12,0.0002110722230605051,SAUDE
246651697,431359341,0,142.413,0,5,23.18471337579618,0.04312354312354312,0.031336467932523863,8.05892669869283e-13,0.00021085939742656964,SAUDE
246651697,467923356,0,76.53900000000002,0,5,23.48619957537155,0.042569977482289904,0.00854127196293062,7.940092636938644e-13,0.0002286535484837511,SAUDE
246651709,246651710,0,140.89,0,6,22.623431769928587,0.044193427294133704,0.004160417641791608,1.4789443430262171e-06,0.0002048174305271968,SAUDE
246651709,370799791,0,162.469,0,6,23.069098629608185,0.043339664159436415,0.08339103995029526,1.1807684074280066e-06,0.00020994616845241665,SAUDE
246651709,431359363,0,32.353,0,6,22.59602393360355,0.04424703169044161,0.02448994363712902,1.4265374039168194e-06,0.00020868286602279405,SAUDE
246651709,2466086489,0,15.111,0,6,22.76008492569002,0.0439280868385346,0.0631519051149102,3.34698262414669e-06,0.00020588329244422256,SAUDE
246651710,370799479,0,165.983,0,6,22.89171974522293,0.04367548607949276,0.0038002383071155683,7.91009586893911e-07,0.00020816495294128274,SAUDE
246651710,246651711,0,142.034,0,6,22.818374831113683,0.04381587183434555,0.004151759484708049,8.84169983026263e-07,0.00020635459620590898,SAUDE
246651710,370799477,0,15.03,0,6,22.81490059834009,0.0438225440763426,0.003773224857014865,1.6208521460827306e-06,0.00020842146610555086,SAUDE
246651711,370799547,0,15.768,0,6,23.136653155761437,0.04321312077149603,0.011066163731637997,7.990678488654419e-07,0.0002094035282787538,SAUDE
246651711,1397984293,0,104.704,0,5,23.35089751013318,0.042816640629520335,0.003978076853611863,3.868286660927388e-07,0.00018101283654771346,SAUDE
246651711,370799792,0,170.107,0,6,23.218876664736538,0.04306009293664846,0.011121402773831102,4.5349565480338877e-07,0.00020994236629288837,SAUDE
246651712,370799793,0,178.142,0,6,24.301486199575372,0.04114180420313567,0.015032119165332878,1.0385120417027162e-07,0.0002184438881693997,SAUDE
246651712,1397984293,0,105.315,0,5,24.01640609920865,0.04163016660103352,0.003608373546143908,1.5175887226108712e-07,0.00018361524289605986,SAUDE
254190018,431359363,0,42.473,0,5,22.977610499903495,0.04351222626357657,0.012530950747034452,6.565249556442089e-07,0.00018442296952863604,SAUDE
254190018,254190023,0,83.084,0,4,23.78247442578653,0.04203965361922462,0.008794436476053876,1.6766720826635901e-07,0.00015875888305357186,SAUDE
254190018,370800476,0,147.236,0,5,23.64369812777456,0.04228640467599471,0.003914872306901885,2.528360553875358e-07,0.00018432188325646798,SAUDE
254190023,370800480,0,138.769,0,5,24.40706427330631,0.040963836366080676,0.006295692341738846,8.883906469547202e-08,0.0001890346207043825,SAUDE
254190023,254190024,0,98.697,0,4,24.1937849835939,0.041324951335482016,0.012959875848953948,5.0504267090317226e-08,0.00016501806408731703,SAUDE
254190024,467890936,0,154.662,0,5,24.32271762208068,0.04110589131538852,1.385305133369386e-06,3.816440255733908e-08,0.00019781266336584387,SAUDE
254190024,254190031,0,204.34300000000002,0,4,23.978382551630958,0.04169618133814154,0.013044033135806139,2.121723590044997e-08,0.0001724377476325562,SAUDE
254190031,254190047,0,144.44400000000002,0,4,24.325033777263076,0.041101977338369254,0.002818749620123358,1.0551083852387019e-08,0.00018430293066665551,SAUDE
254190031,254190032,0,109.97800000000001,0,5,23.576143601621308,0.04240757114320333,0.016193178030238096,3.348721800447799e-08,0.00020980592094995969,SAUDE
254190032,389461957,0,68.196,0,5,23.626712989770315,0.04231680418266481,0.006105386049042226,3.098397969473114e-08,0.0002119806423190065,SAUDE
254190032,389461956,0,77.491,0,6,22.808531171588495,0.04383478179925701,0.009952551567550682,1.1459184615027414e-07,0.0002313298547602069,SAUDE
254190032,1940235782,0,138.629,0,5,23.52576722640417,0.042498379646721963,0.015205282307004051,3.210760884812569e-08,0.00021413175821636082,SAUDE
254190047,1397984801,0,302.781,0,4,24.91989963327543,0.04012082720161103,0.001005558363684503,3.197303680641909e-09,0.00020163392364903738,SAUDE
254190047,467890940,0,114.817,0,4,24.652962748504148,0.040555246737181645,0.0034918347517992085,8.091870892954025e-09,0.0001885233372439274,SAUDE
254200845,8746504955,0,17.81,0,4,24.42983979926655,0.040925646475100934,0.0367774270069738,9.782890331060218e-13,0.00016531464719419286,SAUDE
254200845,389479086,0,217.37800000000004,0,6,23.543331403204014,0.0424666743183197,0.025568576846598755,4.6669845091609915e-12,0.00021880491824043187,SAUDE
254200845,7990748671,0,74.632,0,4,24.384674773209806,0.04100144850677157,0.02606382343177831,9.712684856253009e-13,0.00016881848470517554,SAUDE
254200846,254200847,0,41.144999999999996,0,6,25.69889982628836,0.03890466104877353,0.013260833389178448,1.0475537491485502e-13,0.00023315476925389546,SAUDE
254200846,8746504958,0,11.773,0,5,26.0005790387956,0.03845325850537084,0.00014684234413715492,1.2708582833636805e-13,0.00020078110641138632,SAUDE
254200846,1111783541,0,21.784,0,5,25.656050955414013,0.038969636784929734,0.011995530312987184,1.4411318921214846e-13,0.0002001573132302363,SAUDE
254200846,8746504955,0,27.325000000000003,0,5,25.179888052499518,0.03970656998091325,0.0249952336845255,2.529181388376947e-13,0.00020077368340860093,SAUDE
254200847,4035263075,0,13.038,0,6,25.528276394518432,0.03916468827025147,0.025470912834696217,5.941604263266498e-14,0.00023389874924090474,SAUDE
307825583,8001980507,0,13.244,0,4,25.79212507237985,0.038764040739659805,0.04194305668616657,2.6814170619884452e-14,0.00018572377727964145,SAUDE
307825583,660760965,0,54.94,0,4,26.52036286431191,0.03769959680353998,0.002363157394386501,1.874257256786416e-14,0.00018130702882254764,SAUDE
307825583,431328592,0,229.68,0,4,26.20845396641575,0.03814826270749562,0.03941470165462577,1.8137009691399174e-14,0.00018167736608025735,SAUDE
307825591,2461787411,0,322.20500000000004,0,4,24.71241073151901,0.04045768735111493,0.00040416277266051837,3.0312094518463397e-13,0.00017868212591125006,SAUDE
307825591,307825618,0,387.48500000000007,0,4,24.978382551630958,0.04002689065240741,0.015220174337187772,6.43081257019032e-14,0.0001871043614810622,SAUDE
307825591,8001980507,0,117.56099999999999,0,4,25.294923759891912,0.03952599330042044,0.015378791774958567,7.236985459404194e-14,0.00018634978370290177,SAUDE
307825662,431328655,0,10.839,0,4,22.738274464389114,0.043970222482534994,0.009792375661504846,4.384813505417631e-12,0.00017641678671925621,SAUDE
307825662,431328647,0,108.548,0,4,22.825323296660876,0.04380253344382621,0.007893988139363775,2.741988841194598e-12,0.00016715058695490568,SAUDE
307825714,4329772070,0,187.62300000000002,0,4,23.697162709901562,0.042190999796375486,0.0012959529522670605,8.168276607421035e-15,0.00018028381589815294,SAUDE
307825714,307825727,0,210.445,0,4,23.339316734221192,0.042837885892442175,0.0036665563617454223,1.2472964179208297e-14,0.00018491795243704933,SAUDE
307825714,4329528210,0,34.002,0,4,23.09322524609149,0.04329438510271969,0.004705881538055804,1.4183458938217895e-14,0.0001820555433908925,SAUDE
307825727,431339588,0,12.917,0,4,23.541594286817215,0.04246980790200789,0.004114183082965405,1.5913980236733688e-14,0.00018779571936606995,SAUDE
307825736,431339653,0,255.185,0,5,23.155568423084347,0.04317782093707541,0.0030149434596367973,1.4444147299672931e-13,0.000214835174277077,SAUDE
307825736,431339642,0,83.74199999999999,0,4,22.930901370391815,0.043600858549724335,0.004372888816622138,8.480311888047587e-14,0.000186751727644813,SAUDE
315793654,1393381231,0,47.153,0,5,26.199382358618028,0.03816147164779467,0.046205121092119154,0.00030590205982916776,0.0001961907167040701,SAUDE
315793654,389479088,0,90.117,0,5,25.972013124879368,0.03849555220309005,0.018961883502418484,0.0008418990612079871,0.00018947325943934415,SAUDE
315793654,1393381272,0,13.171,0,6,25.805828990542366,0.0387434554973822,0.06313718624786815,0.0003206265874644039,0.0002207768366443059,SAUDE
315793750,1397984628,0,54.913,0,5,26.193012931866434,0.038170751477458624,0.0014490291695043777,0.0005074975503315393,0.00021752607335986547,SAUDE
315793750,1393381165,0,64.499,0,4,25.93784983593901,0.03854625550660793,0.012570258780193808,0.00019400877165906137,0.00018290126703089343,SAUDE
315793750,389479066,0,92.112,0,4,26.406871260374444,0.03786162234859006,0.012987928277904678,0.0003814810006160037,0.00017573309424054917,SAUDE
315793940,386247339,0,84.184,0,4,26.23219455703532,0.038113737868720986,0.005765813128225055,7.349755115994471e-05,0.0001808333184759737,SAUDE
315793940,315793946,0,242.642,0,4,25.68326577880718,0.03892834329087288,0.00373114621358877,9.269587581730977e-05,0.00019094563709522682,SAUDE
315793940,1936800777,0,40.327,0,5,25.87126037444509,0.0386454688560792,0.009729690604219882,0.000335288389253312,0.00021000615108951725,SAUDE
364996104,1920635241,0,72.677,0,5,26.25767226404169,0.03807675627200623,0.03686868398263451,1.8702622028428778e-11,0.00020617059252596825,SAUDE
364996104,467872184,0,99.554,0,5,26.299749083188573,0.03801583748596423,0.0062466871726459035,1.2638883793267352e-11,0.00019834190302676392,SAUDE
364996104,370800390,0,135.202,0,6,26.685195908125845,0.037466728387918063,0.00716722243376986,7.762640694680986e-12,0.0002322243672311237,SAUDE
364996104,370800426,0,103.726,0,6,26.688477127967573,0.03746212203394734,0.03686799133006782,7.366867894670286e-12,0.00023348992776201974,SAUDE
364997060,389461759,0,99.44099999999999,0,6,25.924531943640226,0.038566057402375016,0.01009974023797118,0.13852721955750222,0.00021663460086867182,SAUDE
364997060,389461779,0,62.684000000000005,0,4,26.084732677089367,0.038329201968256316,0.0015567366436238475,0.02905955585875095,0.00017444116569436467,SAUDE
364997060,1397984544,0,22.953,0,4,25.924145917776492,0.03856663167377693,0.010590484581467285,0.02939842793864509,0.00017614692089252558,SAUDE
364997087,389461778,0,84.595,0,4,25.74541594286817,0.03883436916641052,0.013068102812498431,0.0016152958410783275,0.00018885871312164737,SAUDE
364997087,389461774,0,127.836,0,4,25.439683458791738,0.03930107812417016,0.000554814705914439,0.0005722967871604493,0.00019340198604177997,SAUDE
364997087,4369848140,0,17.251,0,4,25.62265971820112,0.039020421691738666,0.013629151391513033,0.0016959836033917373,0.00019110282082126815,SAUDE
370590272,389747702,0,17.91,0,6,22.430611850994016,0.044573326564153755,0.03809935443049154,5.2603632339516915e-09,0.00022598057697221623,SAUDE
370590272,7197570105,0,13.747,0,5,22.3605481567265,0.04471299093655589,0.03672547806447245,9.265308883437923e-09,0.00019399304720320827,SAUDE
370590272,410250058,0,55.3,0,6,22.305732484076433,0.044822871778896906,0.02701396959012804,3.9008437545345e-09,0.00021996078851337127,SAUDE
370590272,1920635315,0,69.56700000000001,0,5,22.507044972013126,0.044421957138814326,0.014238685650195563,3.4279304910734377e-09,0.0001912194154064651,SAUDE
370592835,370599027,0,95.01599999999999,0,4,23.361899247249564,0.04279647713941076,0.03246947436847835,1.1008321556319429e-11,0.0001754335838537948,SAUDE
370592835,467923925,0,58.393,0,4,23.939972978189537,0.04176307918054066,0.0007051203128850174,3.6955056706806925e-12,0.00017565622705069465,SAUDE
370592835,4370392641,0,75.35,0,4,23.980698706813357,0.04169215414828885,0.032502029039112534,2.9577492093453375e-12,0.0001764695846718237,SAUDE
370592852,411320968,0,92.875,0,6,23.875313646014284,0.04187618231499297,0.008546120530897414,2.594334526580473e-13,0.00024153276636054968,SAUDE
370592852,411320257,0,147.067,0,5,24.398764717236055,0.040977770745985284,0.034080584238586946,3.311859793154462e-13,0.0002038067585356804,SAUDE
370592852,1920635353,0,121.548,0,5,24.00424628450106,0.04165125516620298,0.015506759336653565,2.4725031893851995e-13,0.00020389635482194834,SAUDE
370592852,467923860,0,118.253,0,5,24.459177764910248,0.04087655753099279,0.044212186494625626,1.446937576751139e-13,0.00020991977928157702,SAUDE
370596670,411431219,0,33.326,0,5,24.81490059834009,0.040290590047135325,0.03810576146673337,1.206058193325282e-17,0.00020564084300058532,SAUDE
370596670,431359305,0,58.498000000000005,0,4,24.67689635205559,0.04051591305504063,0.006319588855289468,3.253267140395868e-17,0.0001738333454582877,SAUDE
370596670,8009652135,0,5.908,0,4,24.718780158270604,0.040447262391854324,0.04486345307045091,1.8167657741465692e-17,0.0001772994927427441,SAUDE
370596677,467923541,0,72.405,0,4,25.027986875120632,0.039947559188709805,0.00648530598186878,3.155801992843882e-17,0.00019211132812539195,SAUDE
370596677,431359331,0,112.09299999999999,0,4,24.81914688284115,0.04028369676797213,0.04185768725732268,-7.004173863533851e-18,0.0001895944182366754,SAUDE
370596677,2062147005,0,121.47400000000002,0,4,24.97452229299363,0.040033077523513635,0.04782177218276123,2.3022945858020463e-17,0.0001858277499729957,SAUDE
370596706,389747803,0,45.499,0,4,24.880718008106545,0.04018400862637405,0.07535142160878602,1.5869881330145372e-15,0.0001859677472235165,SAUDE
370596706,467923740,0,148.52599999999998,0,4,25.345686160972786,0.03944683054616345,0.00047914241300413637,3.8093870840952248e-16,0.00018402548474145858,SAUDE
370596706,1397985802,0,78.447,0,5,24.802740783632505,0.04031034294919185,0.0749394664947503,4.4034250098179313e-16,0.0002139268155880243,SAUDE
370596710,1397985707,0,135.218,0,4,26.30206523837097,0.038012489818083084,0.000574728467206624,7.068802163185257e-16,0.00019225413789002182,SAUDE
370596710,467923793,0,98.86699999999999,0,4,26.100366724570545,0.03830624288228595,0.06072554317381372,1.7487244587760962e-15,0.0001918607038239284,SAUDE
370596710,389747803,0,25.752000000000002,0,4,25.352827639451842,0.03943571901669547,0.06128503328455328,1.8132673922117045e-15,0.00019124676218433922,SAUDE
370599027,410246028,0,142.325,0,5,22.62690600270218,0.044186641644630216,0.03334689200732619,4.140576043753682e-11,0.00020406036417619755,SAUDE
370599027,1920635319,0,90.47299999999998,0,4,23.271955220999807,0.04296188169724314,0.001483142308413599,2.0794545117129857e-11,0.0001725278016233655,SAUDE
370599679,4370392641,0,13.616,0,5,24.06871260374445,0.04153969526864475,0.032459430906261424,1.3576156336734976e-12,0.00020813693049856341,SAUDE
370599679,467923937,0,72.908,0,5,24.555684230843468,0.040715908287023574,0.026625391500217928,1.3151265152644611e-12,0.00020485026684915211,SAUDE
370599679,411320257,0,81.24,0,5,24.42057517853696,0.040941172751199385,0.03427348797840864,7.516070143965022e-13,0.00020445213617705833,SAUDE
370599679,411322345,0,19.48,0,5,23.9442192626906,0.04175567288702592,0.02960968508377893,1.0286236901108615e-12,0.00020475985735096656,SAUDE
370599978,467923564,0,132.035,0,4,23.646593321752558,0.04228122729832753,0.013530102074477121,2.838325819950756e-13,0.000188127182951686,SAUDE
370599978,1397985838,0,20.668,0,4,24.21019108280255,0.04129694737429544,0.01080105096173943,6.605772681502167e-14,0.00020374281743220014,SAUDE
370599978,1397985814,0,75.617,0,4,24.015634047481182,0.04163150492264416,0.0027442894692047536,9.243776834930162e-14,0.00019008656859442405,SAUDE
370602728,1920635216,0,44.089,0,5,24.902721482339317,0.040148502956882985,0.03833606844515603,1.5797702547321822e-14,0.00020456448407224728,SAUDE
370602728,1920635359,0,40.906,1,5,24.874541594286818,0.04019398642095053,0.00746817997399436,6.824052327241199e-15,0.0001983200359524234,SAUDE
370602728,1920635268,0,58.3,0,5,24.764331210191084,0.04037286444693852,0.030736977136058264,1.0657546686696675e-14,0.00019462871224954983,SAUDE
370799476,370799688,0,111.84,0,6,24.603551437946344,0.04063669383624511,0.00429063632432833,1.1614297074258183e-05,0.00023051193364664085,SAUDE
370799476,389461783,0,87.258,0,5,24.339895773016792,0.041076880377463224,0.01930924876461086,1.0424674469169407e-05,0.0002001635348351679,SAUDE
370799476,8941296194,0,52.531,0,5,24.229299363057326,0.04126437880381098,0.004143274490766162,4.988134081961268e-06,0.00021246028015175323,SAUDE
370799476,389461782,0,78.043,0,5,24.578073730939973,0.04067881795836311,0.017285491127899857,6.179686923481275e-06,0.00019669447410441732,SAUDE
370799477,2466086489,0,140.981,0,6,22.900598340088784,0.04365855303081383,0.018098318914904342,3.488890427202562e-06,0.00020948732802257664,SAUDE
370799477,370799547,0,142.29899999999998,0,6,23.070642733063114,0.043336763463259965,0.01789710334428244,1.535750011927058e-06,0.00021147039817839575,SAUDE
370799477,370799717,0,131.793,0,5,23.3335263462652,0.042848516432157896,0.004030891611821571,1.959143365935068e-06,0.0001919383991082686,SAUDE
370799479,370799792,0,141.791,0,6,23.29936305732484,0.042911344168861935,0.026124776857646564,3.603352586734519e-07,0.00021175272302826218,SAUDE
370799479,370799482,0,135.17000000000002,0,6,23.357459949816636,0.042804610998636534,0.0034300155102225996,2.8961627959330616e-07,0.00021732467016772475,SAUDE
370799479,467872374,0,68.559,0,5,23.607604709515538,0.042351055914840036,0.026445128669738235,3.1359198630742774e-07,0.0001848912927467894,SAUDE
370799482,467872376,0,68.377,0,5,24.050762401080874,0.041570698275377786,0.0014168208251535395,1.1515950197696715e-07,0.00019464541231787281,SAUDE
370799482,477234268,0,140.492,0,6,23.765682300714147,0.04206935758953951,0.00036156463980940975,1.3768515987145124e-07,0.00022291740423072723,SAUDE
370799482,467872389,0,75.42999999999999,0,5,23.76491024898668,0.0420707242986859,0.004417045417748287,9.367498195901705e-08,0.00019568147185798377,SAUDE
370799484,4369900482,0,70.581,0,5,25.312294923759893,0.03949886764829232,0.0023101694730351223,4.0901211879626604e-10,0.0002045914337747024,SAUDE
370799484,11184698001,0,86.855,0,5,24.739239529048447,0.040413812473668605,0.0029179721003009403,1.3742847827377481e-09,0.00020072249357849228,SAUDE
370799484,370800403,0,141.212,0,6,25.040532715691953,0.03992754461016688,0.015328920790157269,5.245963185320685e-10,0.00023143177387281044,SAUDE
370799484,370800397,0,137.656,0,6,25.21868365180467,0.03964548669044375,0.015816548197103292,4.440261883660858e-10,0.00023999602111184962,SAUDE
370799488,4369043899,0,142.097,0,5,25.77378884385254,0.03879161861398595,0.004898092625310806,0.0002593087670862048,0.00022090506287178073,SAUDE
370799488,370799681,0,173.41,0,5,25.36981277745609,0.039409316727657275,0.003166634371740745,0.000254534010936521,0.0002045469858253873,SAUDE
370799488,370799580,0,139.69400000000002,0,6,25.67284308048639,0.0389441474765245,0.029708041748248152,0.000928673894312486,0.00023570738688985163,SAUDE
370799488,1397984369,0,139.99099999999999,0,6,25.1092453194364,0.03981828104941925,0.02950422873050118,0.00026571103521035185,0.00023870641943111708,SAUDE
370799490,389461834,0,26.021,0,5,24.44721096313453,0.04089656642534008,0.02044467948454874,7.35661801212981e-05,0.00019094030599521008,SAUDE
370799490,389461838,0,114.673,0,5,24.093997297818955,0.041496102730892166,0.042613544370717356,4.0477622239414534e-05,0.0001912939632749028,SAUDE
370799490,389461783,0,53.453,0,5,24.40397606639645,0.04096902014441975,0.018276676950825653,3.3209498875152404e-05,0.000196829847238066,SAUDE
370799490,389461832,0,82.186,0,5,24.46072186836518,0.04087397716422975,0.044735139182472565,7.403487245975658e-05,0.00019658574639847836,SAUDE
370799508,370799547,0,209.891,0,6,23.557228334298397,0.04244162228594838,0.016796997905245477,6.543564409666175e-07,0.00021234091312219368,SAUDE
370799523,370799580,0,243.922,0,6,26.026249758733837,0.03841533053499652,0.021401579005423645,0.002499022145913721,0.00022827318662864751,SAUDE
370799523,389461813,0,88.26599999999999,0,6,26.372128932638486,0.03791150079775166,0.0028909586502002373,0.005495246158492389,0.0002290276864403798,SAUDE
370799523,389461736,0,70.004,0,5,26.467670333912373,0.03777465014694193,0.0047361850878482594,0.0023818158588502403,0.0001943955398976272,SAUDE
370799523,389461739,0,75.753,0,5,26.374252074889018,0.03790844890043543,0.019293837245002124,0.004294862184560741,0.00019227331493776415,SAUDE
370799547,370799729,0,166.801,0,5,23.413240687126038,0.04270263140539471,0.011810592077682371,1.083311071055307e-06,0.00018390281621851848,SAUDE
370799549,370799690,0,114.85600000000001,0,5,24.042462845010615,0.04158504864969012,0.01101196366829492,6.886125455041965e-06,0.00018937508952164293,SAUDE
370799549,389461782,0,63.588,0,5,24.3329473074696,0.041088610205522375,0.0169758754305918,4.303126219517826e-06,0.0001904438300206186,SAUDE
370799549,370799724,0,103.73599999999999,0,6,24.271955220999807,0.04119186023395068,0.016559418074872625,3.790956753336392e-06,0.00022128005365447813,SAUDE
370799549,370799729,0,149.881,0,5,23.730167921250725,0.0421323182535422,0.011320713549894623,2.7361803890635e-06,0.0001893439454195023,SAUDE
370799550,477234187,0,115.58100000000002,0,6,26.545454545454547,0.03766396184160777,0.0024589166117306603,7.305061704767427e-05,0.00022924517624927005,SAUDE
370799550,370799555,0,146.481,0,6,26.21713954834974,0.03813562441563413,0.019229247393158774,0.0001496625624392941,0.00023465128501841645,SAUDE
370799550,389461741,0,60.274,0,5,26.538506079907354,0.03767382323849421,0.00404266670545521,0.0001699129522935293,0.00019956616528505084,SAUDE
370799550,1397984373,0,100.223,0,5,26.160007720517275,0.03821891024458627,0.01780411473720502,6.892387813566632e-05,0.00020373859299667167,SAUDE
370799552,389461735,0,63.253,0,5,26.70063694267516,0.03744506130002313,0.008343173328858798,0.015247855455336018,0.00019502357877122442,SAUDE
370799552,389461810,0,84.549,0,5,26.54140127388535,0.03766971369563162,0.003530276969250209,0.02024423334423895,0.0001949446068326323,SAUDE
370799552,389461739,0,79.836,0,5,26.437753329473075,0.037817396002161,0.018120137470754912,0.012829870536924852,0.0001932280456455234,SAUDE
370799552,389461733,0,81.761,0,5,26.248407643312103,0.038090195818902446,0.022629998332438946,0.036802729836356754,0.00018928369563587976,SAUDE
370799553,8062436010,0,70.164,0,5,27.337579617834393,0.03657262277951933,0.007758055073151904,0.002680530111875141,0.0002040676671330795,SAUDE
370799553,4369877715,0,69.325,0,5,27.34916039374638,0.036557136404697384,0.00437462044803885,0.0015947034700322744,0.00021701915961920023,SAUDE
370799553,389461776,0,82.264,0,5,27.089751013317894,0.03690720474236206,0.0025074022913985886,0.004732510970416698,0.00020163093958435108,SAUDE
370799553,389461740,0,78.545,0,5,27.30110017371164,0.036621490735045635,0.0063351735380398734,0.001563951480974437,0.00020484746615325483,SAUDE
370799555,8743100583,0,2.883,0,5,26.7234124686354,0.03741314804917156,0.006885312839129191,0.00011926695519922634,0.0002072413679755779,SAUDE
370799555,389461740,0,62.265,0,5,26.60432348967381,0.03758062058808593,0.006038718239498825,0.0003770087282585246,0.00020306461874030718,SAUDE
370799555,8743100584,0,33.72,0,5,26.302451264234705,0.038011931930756644,0.01694332075995762,0.00012792795578467204,0.0002083035864455388,SAUDE
370799580,389461814,0,71.241,0,5,26.19861030689056,0.03816259623531145,0.008233041570755932,0.0016391390439880538,0.000200179441425538,SAUDE
370799580,3742865084,0,87.78,0,5,26.32908704883227,0.03797347721224828,0.0400152314299414,0.0008908408625812785,0.00020432035837387086,SAUDE
370799583,389461821,0,50.483,0,4,25.974329280061763,0.038492119518774195,0.00552147993532703,0.0020605944600534296,0.0001696671849319816,SAUDE
370799583,389461826,0,71.078,0,4,26.257865276973558,0.0380764763822937,0.0027654153724886365,0.0008788053552785483,0.0001715495656431853,SAUDE
370799583,389461829,0,121.925,0,5,25.660297239915074,0.03896318806131813,0.002573896937800319,0.0006347571502301121,0.0002016459936099341,SAUDE
370799585,389461829,0,149.555,0,5,25.93128739625555,0.03855601042054336,0.004912811492352856,0.0002472265095132329,0.0002034614359583154,SAUDE
370799585,370799687,0,70.259,0,4,25.637521713954836,0.038997801668322944,0.011606432733652057,6.433654388281438e-05,0.0001740248821743589,SAUDE
370799585,370799686,0,36.554,0,4,26.142636556649297,0.03824430580678504,0.01506779077251714,6.365338736538836e-05,0.00017590574622204782,SAUDE
370799629,4369043877,0,60.709999999999994,0,5,26.631731325998842,0.03754194478869973,0.004227604940760024,0.00032087425188095003,0.0002259342568961242,SAUDE
370799629,389461736,0,69.732,0,5,27.01466898282185,0.03700978115644849,0.004641118523070785,0.0008643824095572631,0.00020545932707735753,SAUDE
370799629,389461737,0,77.8,0,5,27.162709901563403,0.036808072194983305,0.0036239582288943137,0.0005859111107878357,0.00021134507510270286,SAUDE
370799629,389461741,0,79.84700000000001,0,5,26.807566106929166,0.037295701634386925,0.004265700831927682,0.00037385457213221407,0.00020772877700881635,SAUDE
370799649,389461879,0,115.727,0,4,26.689056166763173,0.03746130926552692,0.0012445234991907222,0.006162196453519508,0.0001799289255619164,SAUDE
370799649,389461877,0,25.781,0,4,26.66859679598533,0.03749004849098936,0.004296697034286822,0.013277352824764267,0.00018025956437034638,SAUDE
370799649,389461813,0,75.544,0,5,26.883806215016406,0.03718993430735542,0.0031089710455642445,0.006910036664915425,0.0002061411514704511,SAUDE
370799657,477234167,0,42.037,0,4,26.99459563790774,0.03703730185401011,0.008651230557891815,0.0013483461879617092,0.00018233709790969275,SAUDE
370799657,389461814,0,21.412999999999997,0,4,26.79328314997105,0.037315583218072844,0.008343000165717127,0.0012983864104604214,0.00017457358475821578,SAUDE
370799657,8729399314,0,135.935,0,4,26.95020266357846,0.03709831052288565,0.0010784600463280669,0.0004981401947759195,0.00018152794346298573,SAUDE
370799665,389461828,0,65.267,0,5,26.45956379077398,0.037786223347217464,0.031670153306524215,0.000243104347192374,0.00020972919335141138,SAUDE
370799665,8729399309,0,12.411999999999999,0,4,26.738660490252848,0.03739181278107021,0.0007454673248944009,0.00011525998398112784,0.00017942458143517924,SAUDE
370799665,8729399314,0,5.506,0,4,26.75969889982629,0.03736241542966778,0.03179812086821921,0.00018270670860103674,0.00017976261831705826,SAUDE
370799680,389461827,0,19.2,0,4,26.495271183169272,0.03773529925986363,0.01046286334605563,6.887989310629485e-05,0.00017773424553431592,SAUDE
370799680,370799681,0,140.65,0,4,25.786913723219456,0.038771874672534845,0.0005870230502652773,7.416333272031528e-05,0.0001738896736298751,SAUDE
370799680,8729399309,0,82.849,0,4,26.560316541208262,0.03764288672979238,0.010031687123294409,7.6282672653638e-05,0.00018014585763706335,SAUDE
370799681,370799685,0,80.279,0,5,25.205365759505888,0.03966643438574459,0.003314169368444585,6.417116410247042e-05,0.00020001035087896784,SAUDE
370799685,370799688,0,104.05699999999999,0,6,24.922987840185293,0.04011585583073897,0.003020311517028604,2.4169236104114384e-05,0.000228079033764004,SAUDE
370799685,370799696,0,73.185,0,5,25.278710673615134,0.03955134421122556,0.004472284459941391,2.4064035273608343e-05,0.00019409175887875654,SAUDE
370799685,370799699,0,69.982,0,5,25.523837097085504,0.039171500086963754,0.0045635414356020995,2.443933187583242e-05,0.00020177380337668208,SAUDE
370799686,370799699,0,70.644,0,4,26.258637328701024,0.03807535686458992,0.004697396544113917,2.6059987154165948e-05,0.00017512972195880743,SAUDE
370799686,389461827,0,61.769,0,4,26.369426751592357,0.0379153857414727,0.011849207458275043,6.0508379766786964e-05,0.0001773241235625135,SAUDE
370799687,389461832,0,28.011,0,4,25.018722254391044,0.03996235206986468,0.013399710228798729,6.610879887938873e-05,0.00016934834288201425,SAUDE
370799687,370799701,0,69.96600000000001,0,4,25.499903493534067,0.039208265526246074,0.0019266131142334736,2.541564837087219e-05,0.00017249309566391225,SAUDE
370799688,477234166,0,79.36099999999999,0,6,24.986682107701217,0.040013595352861205,0.0022381336060999144,1.2756328088875313e-05,0.0002242277273285111,SAUDE
370799688,370799701,0,71.165,0,5,25.157498552403013,0.039741907765016384,0.0015219308521479417,1.4125624848641581e-05,0.00019875574889797117,SAUDE
370799690,477234166,0,62.007000000000005,0,5,24.67091295116773,0.040525739320920046,0.002196920778382175,9.904717173622782e-06,0.0001896921203258001,SAUDE
370799690,370799697,0,99.74499999999999,0,5,24.352634626519976,0.04105539307764859,0.01242895765659013,2.2335514553114163e-05,0.00019159267623521017,SAUDE
370799696,370799697,0,67.454,0,5,24.957537154989385,0.04006032249332973,0.004027601512129818,2.508192463786012e-05,0.00019231767915369304,SAUDE
370799696,477234166,0,101.381,0,5,25.293379656436983,0.03952840627265443,0.0001811286461880472,1.2651127258368881e-05,0.00019041712324428293,SAUDE
370799697,370799726,0,103.114,0,5,24.94904458598726,0.040073958889378855,0.003960760539444746,2.1462599025938528e-05,0.00019427775108978493,SAUDE
370799697,1397984369,0,242.75000000000003,0,6,24.626133950974715,0.04059942941342446,0.01244800560217396,7.63660777405526e-05,0.0002320635429539855,SAUDE
370799699,370799701,0,104.928,0,4,25.776684037830535,0.03878726160435496,0.0001494397912622225,1.4395720620358795e-05,0.0001711352405782235,SAUDE
370799717,8941296194,0,133.656,0,4,23.934568616097277,0.04177250917301722,0.0034710551747986675,1.8820974140057506e-06,0.00017900984769293093,SAUDE
370799717,389461784,0,91.994,0,4,24.06388728044779,0.041548024864648085,0.0006748167630925622,3.7262202562256595e-06,0.00016783264783032373,SAUDE
370799719,389461939,0,209.84999999999997,0,6,23.79810847326771,0.04201203588054956,0.0007002717449182246,2.0191060279600132e-05,0.00021745129627741885,SAUDE
370799719,2466086489,0,134.916,0,6,23.2213858328508,0.04305544011304131,0.04403313580613763,9.890727452778327e-06,0.00021202654722158923,SAUDE
370799719,389461784,0,48.004999999999995,0,5,23.874155568423085,0.04187821362739708,0.002267051850759,1.0253704212779998e-05,0.00019248256642739894,SAUDE
370799719,389461838,0,68.251,0,5,23.794055201698512,0.042019192550110725,0.04292004313147533,2.1114245122018144e-05,0.00018611003759000011,SAUDE
370799721,370799724,0,151.30399999999997,0,5,24.29241459177765,0.041157167941903244,3.1688854925824706e-05,2.1051832349052547e-06,0.0001892853529345369,SAUDE
370799721,4279348726,0,103.40299999999999,0,5,24.528855433314032,0.04076044191243587,0.00038234421680995054,6.452816990285202e-07,0.00018910617757949893,SAUDE
370799721,370799729,0,103.132,0,4,23.98706813356495,0.0416810833863064,0.0007638226179115452,1.0504068706324571e-06,0.00015668565147678723,SAUDE
370799724,370799726,0,216.882,0,5,24.583478093032234,0.04066987524240973,5.541220533477544e-06,5.5117183182604845e-06,0.00019131465260726472,SAUDE
370799724,4279348730,0,100.17600000000002,0,6,24.89712410731519,0.04015752914909452,0.016236122489372545,2.1688789209038963e-06,0.00021851360780540227,SAUDE
370799726,4279348732,0,97.08,0,4,24.98359390079135,0.040018541409147096,0.003616165887519111,4.946403531215458e-06,0.0001631541959310657,SAUDE
370799791,467872374,0,69.951,0,5,23.681528662420384,0.0422188534076646,0.02662175507424283,3.8132045904873446e-07,0.0001863866267350629,SAUDE
370799791,370800476,0,70.835,0,6,23.723991507431,0.04214328717639976,0.0025735506115169768,4.0264222027326936e-07,0.00021349829334403272,SAUDE
370799791,370800516,0,72.618,0,5,23.732870102296854,0.04212752114508783,0.05901209388697746,3.488987361706111e-07,0.0001872522427965704,SAUDE
370799792,1397984300,0,105.862,0,5,23.831885736344336,0.04195249163784795,0.02220955822446134,1.9766324808394265e-07,0.00018387343206686154,SAUDE
370799792,477234268,0,132.99200000000002,0,6,23.725149585022198,0.04214123006833713,0.014866921528178579,2.084041389509979e-07,0.00021734545709126466,SAUDE
370799793,370799935,0,128.703,0,6,24.81432155954449,0.04029153022253681,0.035240430961500466,4.6248570232428575e-08,0.00022992898460654198,SAUDE
370799793,1397984300,0,104.729,0,5,24.497394325419805,0.04081278905776034,0.02187898978701107,8.308859129565833e-08,0.000189403404253058,SAUDE
370799820,370800600,0,38.3,0,4,26.191468828411505,0.03817300181284912,0.023695817469425017,6.91573097214471e-10,0.00019153999315602144,SAUDE
370799820,4369009807,0,80.121,0,4,26.729202856591392,0.037405043181883826,0.02117542794240109,1.663019907384551e-10,0.0001858037920017795,SAUDE
370799829,4369009839,0,77.729,0,5,26.939586952325804,0.03711292934214109,0.004794021577166432,3.2030722925130366e-11,0.00020848557928589327,SAUDE
370799829,1397984318,0,114.236,0,5,26.618992472495655,0.037559910958357805,0.021252658703586436,3.977626445643281e-11,0.00021424655889651763,SAUDE
370799829,1397984267,0,74.833,0,5,27.144759698899826,0.03683241252302026,0.011081055761821718,1.8859378939640647e-11,0.00021174325290646725,SAUDE
370799935,370800544,0,12.133000000000001,0,5,24.987454159428683,0.04001235902981616,0.01242757235145676,2.8435886603592178e-08,0.00020127037183460025,SAUDE
370799935,7984449130,0,111.99499999999999,0,5,25.226404169079327,0.039633353226522214,0.02256869858028735,1.5748213501405866e-08,0.00021078165464001586,SAUDE
370800002,370800447,0,52.32,0,5,27.74946921443737,0.036029769771162276,0.006092052487133546,1.6301682567952343e-12,0.00020823383000455412,SAUDE
370800002,370800012,0,220.727,0,5,28.037637521713954,0.03565945905013665,0.0035408399208921503,1.170660739559122e-12,0.0002052372426550411,SAUDE
370800002,370800390,0,139.994,0,6,27.36865469986489,0.036531097272861905,0.004254791554002398,2.9533177491800634e-12,0.00023500371775444384,SAUDE
370800002,370800385,0,74.657,0,5,28.081837483111368,0.03560333214197344,0.006327727522948013,1.0174640016960382e-12,0.0002053750578003298,SAUDE
370800012,370800438,0,97.52499999999999,0,4,27.895773016792123,0.03584080593379829,0.0064813232296103435,1.208026082993253e-12,0.00017777557419146632,SAUDE
370800012,370800378,0,74.743,0,5,28.324454738467477,0.03529836659875025,0.009557046951973723,5.130728819637971e-13,0.0002096524281804854,SAUDE
370800378,8008735621,0,2.374,0,5,29.002895193977995,0.03447266144918277,0.007369996472666804,1.9745490847633527e-13,0.00021375952844812,SAUDE
370800378,370800385,0,222.404,0,5,28.7222543910442,0.03480948860963645,4.7619863959572645e-05,3.598800797385933e-13,0.00020979024332577412,SAUDE
370800385,4369891156,0,91.055,0,4,28.828025477707005,0.03468177131455965,0.006127724094317807,2.4983818322119294e-13,0.00017839095995354987,SAUDE
370800387,1397984548,0,130.142,0,4,27.689635205558773,0.036107625819043636,0.03300350949739225,3.8086673954510133e-13,0.00017511369976010892,SAUDE
370800387,370800421,0,64.697,0,5,27.82513028372901,0.035931798948405265,0.001426344797945454,1.2251433069938753e-12,0.00020894352792002856,SAUDE
370800387,4369891157,0,138.38400000000001,0,4,28.103068905616677,0.03557643438963751,0.033965084423092276,2.8722716397237236e-13,0.00018107614618775235,SAUDE
370800390,370800421,0,104.409,0,6,27.447596988998264,0.03642602984402908,0.0019098162894913696,3.1287668581423503e-12,0.0002363233758035612,SAUDE
370800390,370800449,0,51.797999999999995,0,5,27.079521327928973,0.036921146978952095,0.0037888095397652704,3.762351851568638e-12,0.00020713449040096724,SAUDE
370800397,370800548,0,74.68,0,5,25.985717043041884,0.03847525105472696,0.01322152535601909,1.8651748823961245e-10,0.00021919066307594758,SAUDE
370800397,4369900478,0,64.039,0,5,25.989577301679212,0.038469536286130174,0.013904653949911869,1.4758873073950245e-10,0.00021266383804996003,SAUDE
370800397,1397984318,0,100.46200000000002,0,5,25.981856784404556,0.03848096752146911,0.021956740037621426,1.352412565932823e-10,0.0002162389448402187,SAUDE
370800403,467872124,0,96.432,0,5,25.367689635205558,0.039412615080270864,0.0008530016358721994,2.3564798280449637e-10,0.00019727856554578753,SAUDE
370800403,370800466,0,62.329,0,5,25.081451457247635,0.03986240544221875,0.07303501826265074,5.657280019658587e-10,0.00020034326368496217,SAUDE
370800403,370800416,0,148.79399999999998,0,6,25.306311522872033,0.03950820672402221,0.05731682673001667,2.5248184487891683e-10,0.00023240593656418982,SAUDE
370800410,4369910519,0,55.74,0,4,26.196873190503762,0.03816512679958151,0.0032648178730683005,3.274078867474601e-11,0.00019137790737876122,SAUDE
370800410,4369900482,0,79.56400000000001,0,4,25.658174097664542,0.038966412156317,0.00924379482869057,1.0275699881352446e-10,0.0001773018189341972,SAUDE
370800410,370800416,0,137.882,0,5,25.893070835745995,0.0386129166915141,0.008656771778425294,8.838435106993983e-11,0.0002083994700202822,SAUDE
370800416,1920635241,0,65.568,0,5,25.826095348388343,0.038713052576510594,0.037183494574192705,7.433545558561246e-11,0.00020773801013066108,SAUDE
370800416,467872143,0,100.654,0,6,25.529820497973365,0.03916231949799652,0.028168448255649754,9.050053587096846e-11,0.00023226204297634078,SAUDE
370800421,1397984466,0,87.546,0,3,27.9189345686161,0.03581107239643825,0.0005884083553986467,1.1330568965243101e-12,0.00013119663025194182,SAUDE
370800421,370800426,0,154.754,0,6,27.070449720131247,0.03693351966460371,0.0004803545549958346,2.7329992260016246e-12,0.00023758893633445726,SAUDE
370800426,2421037078,0,116.74,0,3,27.153445280833814,0.036820630926486686,0.0005884083553986467,1.9766520579207132e-12,0.00012864102091822015,SAUDE
370800426,370854749,0,31.924999999999997,0,6,26.593707778421155,0.037595622069646256,0.03739094401791477,2.263518888792806e-12,0.00023503475153222907,SAUDE
370800430,4369900478,0,90.067,0,4,26.571318278324647,0.0376273008585998,0.006641325972514507,4.476039721203611e-11,0.00018155264640492262,SAUDE
370800430,370800444,0,36.901,0,4,27.32426172553561,0.03659044833894905,0.007376403508908638,9.626596938881628e-12,0.00018497992664693547,SAUDE
370800430,1933826195,0,215.9,0,4,27.267322910635013,0.03666685542782717,0.0009383710647160879,1.0171873331305425e-11,0.00018538376146002414,SAUDE
370800438,1933826195,0,36.956,0,4,27.699092839220228,0.03609529715906319,0.006802887183693712,3.2086995300002127e-12,0.00018449985472770124,SAUDE
370800438,370800444,0,217.327,0,4,27.80930322331596,0.03595224875069406,0.00018337976702977247,2.6634276093183062e-12,0.00018409601991461257,SAUDE
370800444,370800447,0,42.842,0,4,27.639065817409765,0.03617368957667007,0.007538657372654527,2.6155376507431013e-12,0.00018118895182735848,SAUDE
370800447,370800449,0,138.85199999999998,0,4,27.379849449913145,0.03651616086849247,0.0019169159782998879,2.439203664749349e-12,0.00017873010081775548,SAUDE
370800449,4369910519,0,29.553,0,4,26.971434086083768,0.037069107407380904,0.0029410027981432063,7.248315404639465e-12,0.00019130861487440837,SAUDE
370800451,370800514,0,31.295,0,4,25.188766647365373,0.039692574117070105,0.07269423319984188,2.3124793194166753e-09,0.00017566293647552144,SAUDE
370800451,370800455,0,137.10399999999998,0,5,24.78343949044586,0.04034173656378745,0.01472839101484164,6.338433674957146e-09,0.00021027073650775103,SAUDE
370800451,370800493,0,78.56899999999999,0,4,25.16946535417873,0.039723012507380966,0.05824498116937416,4.364107061410265e-09,0.00017322855686805513,SAUDE
370800455,370800458,0,138.522,0,5,24.790580968924917,0.040330115228900655,0.013951581161304757,5.792574856683255e-09,0.0002181087177948303,SAUDE
370800455,11184698001,0,74.606,0,5,24.454545454545453,0.04088430058642925,0.00320871301516684,5.802657266431704e-09,0.000206319752870867,SAUDE
370800455,467872389,0,136.205,0,5,24.133757961783438,0.04142773738973264,0.004132018886557536,2.137304110082671e-08,0.00020621682466039857,SAUDE
370800458,370800597,0,27.25,0,4,25.640030882069098,0.03899398529068586,0.024610118857448814,1.450762605884245e-09,0.00019666569206301126,SAUDE
370800458,370800587,0,43.189,0,4,25.58637328701023,0.03907576020458197,0.010651611170477209,1.2657939714263664e-09,0.000193546190162377,SAUDE
370800466,11184698001,0,138.067,0,4,24.80081065431384,0.04031348011175706,0.00016918038941273627,1.4154164653578585e-09,0.00016864025612934948,SAUDE
370800466,370800514,0,41.034000000000006,0,4,25.168114263655664,0.03972514494309642,0.07302861122640891,1.1103037576906211e-09,0.00017321236206356864,SAUDE
370800473,370800510,0,65.008,0,4,25.732291063501254,0.03885417682400858,0.0006173266000577326,3.6342152223512382e-09,0.000172107827689603,SAUDE
370800473,370800490,0,109.55599999999998,0,5,25.095541401273884,0.03984002461159822,0.00032069813837501285,9.52395416384981e-09,0.0002007179234000582,SAUDE
370800473,370800514,0,80.515,0,4,25.15421733256128,0.03974709186335594,0.0008791492702645466,2.6509683409572825e-09,0.00017406763924604984,SAUDE
370800476,370800480,0,84.824,0,6,23.983979926655085,0.04168645029413895,0.002583940400017247,1.7400791181548997e-07,0.00021348413193867925,SAUDE
370800476,370800521,0,72.692,0,6,23.857363443350703,0.04190768981837304,0.0036381576065113498,1.8056573276315854e-07,0.00021226073122050662,SAUDE
370800480,370800527,0,72.443,0,6,24.547577687705076,0.04072935422743963,0.0038878588568011818,8.698112645090533e-08,0.000212907416667917,SAUDE
370800480,467890936,0,98.025,0,6,24.411310557807372,0.04095671081241352,0.00183604879113945,7.649920016235335e-08,0.00022061806483635903,SAUDE
370800484,370800510,0,109.531,0,5,25.717043041883805,0.038877214049834886,0.00032520038005846337,8.060858268416474e-09,0.00020130431288038197,SAUDE
370800484,370800490,0,64.574,0,6,25.38448176027794,0.039386543184531275,0.0016893796101439661,1.3950597210773324e-08,0.00022858675711491901,SAUDE
370800484,467891252,0,65.977,0,5,25.874734607218684,0.03864027988094616,0.00010181992730264986,8.363784910881692e-09,0.00020123124991870562,SAUDE
370800484,370800508,0,104.287,0,6,25.19918934568616,0.039676156774435686,0.001563316843007352,2.197440879574926e-08,0.00022372517681754864,SAUDE
370800490,370800501,0,111.053,0,6,24.728623817795793,0.040431161654399424,0.0007092762282851256,2.8937278836047524e-08,0.00022374039233132267,SAUDE
370800490,370800493,0,77.171,0,5,25.09862960818375,0.03983512258143899,0.0012083324025814468,1.0396203770494222e-08,0.0002007502792045668,SAUDE
370800493,467872272,0,62.922,0,4,25.162709901563403,0.039733676975945015,0.05724652249449818,8.248966252722595e-09,0.0001731000024120876,SAUDE
370800497,467872284,0,28.942999999999998,0,4,24.868751206330824,0.040203345104583024,0.0576212475330746,3.137805905192413e-08,0.00016993368693473722,SAUDE
370800497,467872272,0,47.940000000000005,0,4,25.00366724570546,0.03998641388254184,0.057356654252601044,1.4761479134955395e-08,0.00017176225271595705,SAUDE
370800497,370800501,0,75.018,0,5,24.969310943833236,0.040041432833974926,0.0002576667548067058,3.0628433639230034e-08,0.00019478036899458736,SAUDE
370800501,370800521,0,90.928,0,6,24.31885736344335,0.04111241626718309,0.0036554739206784673,7.953307241637725e-08,0.00021567059514264036,SAUDE
370800501,370800508,0,82.66999999999999,0,6,24.856398378691374,0.040223324869351845,0.002794506780289394,3.6961090423467e-08,0.00021887881203395233,SAUDE
370800508,370800527,0,99.57600000000001,0,6,24.61783439490446,0.04061311693911953,0.003195206290116489,5.0966965403563456e-08,0.0002148922328410563,SAUDE
370800508,467891120,0,67.66399999999999,0,5,25.098436595251883,0.03983542892298227,0.004216868825976411,1.913954762050259e-08,0.00019612941208786396,SAUDE
370800510,467872513,0,62.099,0,4,26.220613781123337,0.038130571443293654,0.000554641542772768,2.4950640139024877e-09,0.00017699694018982173,SAUDE
370800516,467872284,0,62.103,0,4,24.40764331210191,0.04096286455367875,0.05887841194160731,9.069579747485035e-08,0.00016470689070548813,SAUDE
370800516,370800521,0,72.457,0,5,24.23161551823972,0.041260434588670104,0.00013887683962028095,1.268222486589121e-07,0.00018608275661933756,SAUDE
370800521,370800527,0,84.096,0,6,24.447983014861997,0.04089527493782813,0.00042875193877782496,9.353894738925541e-08,0.00021168401594974433,SAUDE
370800527,467890936,0,328.845,0,6,24.48948079521328,0.04082597730138714,0.0,6.018681948288716e-08,0.00021869205913088895,SAUDE
370800531,370800536,0,133.449,0,5,25.313839027214822,0.03949645828091284,0.0004531679417534604,2.491858805674593e-08,0.00021315506164438933,SAUDE
370800531,679604932,0,81.10500000000002,0,3,25.42887473460722,0.039317783327134585,0.0005884083553986467,2.012060274874941e-08,0.00013562936804181432,SAUDE
370800531,477234268,0,63.31999999999999,0,6,24.432155954448948,0.040921766745929546,0.014359726686223713,7.830459339131885e-08,0.00023596056296141998,SAUDE
370800531,370800539,0,62.494,0,5,25.373866049025285,0.03940302140542514,0.013743439065016008,2.26247032298586e-08,0.00021831183564324853,SAUDE
370800536,370800539,0,157.64300000000003,0,4,25.91333719359197,0.03858271821953418,0.012002630001795703,1.2177043599970476e-08,0.0001810452545361881,SAUDE
370800536,370800544,0,90.28,0,4,25.16193784983594,0.03973489613697033,0.012084882494089509,2.2630793200083962e-08,0.00017100099050456426,SAUDE
370800539,11060052942,0,3.506,0,4,25.71627099015634,0.03887838121828935,0.02556147715779024,5.989398201353608e-09,0.00019996272348089556,SAUDE
370800544,477234268,0,197.428,0,5,24.319050376375216,0.04111208997039612,0.0006775873733593009,7.601679853298564e-08,0.00019475919327534565,SAUDE
370800548,370800587,0,69.359,0,4,25.78845782667439,0.0387695531771574,0.010630485267193325,3.108368400637228e-10,0.0001935757424230875,SAUDE
370800548,370800568,0,102.55100000000002,0,4,26.078363250337773,0.03833856356208183,0.00343746152531446,1.2891374830098946e-10,0.0001994635684101911,SAUDE
370800557,370800568,0,88.33099999999999,0,3,26.423663385446826,0.03783756144951461,0.0029962418403363107,1.5447980035206793e-10,0.0001598430633299559,SAUDE
370800557,370800568,1,229.144,0,3,26.423663385446826,0.03783756144951461,0.0,1.5447979516372798e-10,0.0001598430633299559,SAUDE
370800557,370800600,0,107.472,0,4,26.066782474425786,0.038355596362882445,0.0032320900392924486,6.828278058070814e-10,0.00020198859185896278,SAUDE
370800587,370800592,0,128.395,0,4,26.192819918934568,0.0381710327548727,0.00013125766138674932,3.629589491922083e-10,0.00020755460753888138,SAUDE
370800592,370800597,0,98.86699999999999,0,4,26.259216367496624,0.03807451726951319,0.0010452127231272018,5.479275832565011e-10,0.00021067410943951563,SAUDE
370800592,1920635173,0,138.37199999999999,0,2,26.916232387569966,0.03714513133457151,0.0005884083553986467,1.456328630821818e-10,0.00011789435169697656,SAUDE
370800597,11060052942,0,52.711,0,4,26.06871260374445,0.038352756511824196,0.02519125436089727,1.467756018798121e-09,0.00020889584710468174,SAUDE
370800600,7984449130,0,50.18,0,4,25.633275429453775,0.03900426185563905,0.02281355126261039,3.2703351698770668e-09,0.00018867978372401814,SAUDE
370800617,679604938,0,168.704,0,5,30.051148426944604,0.03327017566395838,0.024633495881574423,3.4276060254361573e-15,0.00021981822399533797,SAUDE
370854749,6190983349,0,115.505,0,5,26.48832271762208,0.03774519805298901,0.018499537914156452,7.571556886087861e-13,0.00020066147291726734,SAUDE
370854749,1397984548,0,38.336999999999996,0,5,26.887666473653734,0.03718459495351926,0.03336628627919336,6.778364579278469e-13,0.00020495420431723447,SAUDE
370854749,2421037065,0,19.652,0,5,26.97452229299363,0.037064863511144505,0.04679889750490961,6.460350031444112e-13,0.0002015448820262863,SAUDE
370857290,370857317,0,148.54000000000002,0,4,30.03590040532716,0.03328706559736788,0.0,9.02820149834306e-15,0.00018777683635377837,SAUDE
370857290,1067411044,0,96.31,0,4,29.49218297625941,0.0339007454237266,0.03851840923333578,2.7334149138660287e-14,0.0001880148469947786,SAUDE
370857290,679604938,0,23.289,0,4,29.855047288168308,0.033488708874507854,0.038168273360876664,7.2808878479412e-15,0.00018572160012127393,SAUDE
370857317,679604938,0,64.72399999999999,0,4,30.210384095734415,0.03309481216457961,0.014331327930989641,5.746928071533464e-15,0.00018554624764475843,SAUDE
370857317,370857322,0,8.404,0,4,30.04921829762594,0.0332723126826605,0.013911234149295374,1.6150762637651603e-14,0.00018733483516604515,SAUDE
370857322,8008735621,0,127.30499999999999,0,4,29.800617641381972,0.03354987467373071,0.0015096362690892884,4.709589286376365e-14,0.0001833852975459168,SAUDE
370967618,389747762,0,86.41,0,5,23.392781316348195,0.04273997920757768,0.00950509800947237,4.23849362095677e-08,0.00019599327724403314,SAUDE
370967618,370967683,0,78.88,0,5,23.6394518432735,0.04229400045723244,0.045026745913046826,1.298188721571388e-07,0.0001978552186068174,SAUDE
370967618,4678388132,0,83.78599999999999,0,5,23.60702567071994,0.04235209471171142,0.035365801076070395,4.048855152971931e-08,0.00019425774184624088,SAUDE
370967624,389747783,0,50.227,0,4,23.204979733642155,0.04308588064046579,0.0061545643812768395,4.280939249687313e-09,0.0001789706164742776,SAUDE
370967624,389747758,0,73.70599999999999,0,4,23.03146110789423,0.04341048891272648,0.015264677264597263,4.527132328745027e-09,0.00017471345045257046,SAUDE
370967624,389747762,0,179.92900000000003,0,5,23.12719552209998,0.043230792341973925,0.009792721987788189,2.012352646755653e-08,0.00020392298689607898,SAUDE
370967675,389747765,0,89.457,0,5,23.331210191082803,0.042852770125497396,0.02070303889192213,4.630139375377648e-08,0.0002098891235886314,SAUDE
370967675,389747739,0,46.107,0,4,23.62690600270218,0.04231645848820776,0.010463902324905657,1.85469257073651e-07,0.0001754853434700854,SAUDE
370967675,6113236965,0,9.532,0,4,23.745801968731904,0.042104578669722906,0.022481770683168423,4.7012437075835907e-08,0.0001778369199450366,SAUDE
370967682,389747762,0,120.06800000000001,0,6,23.408994402624977,0.04271037746739005,0.0026164950706514278,4.9146291805889585e-08,0.00023624615943366556,SAUDE
370967682,4370199950,0,46.602000000000004,0,3,23.878015827060413,0.04187144335230212,0.0005884083553986467,3.701131646721863e-08,0.00013157421801545372,SAUDE
370967682,6113236965,0,180.40599999999998,0,5,23.68268674001158,0.04221678891605542,0.022246441973637298,4.576733492562011e-08,0.00021130442765845766,SAUDE
370967682,370967683,0,89.89999999999999,0,6,23.498552403011,0.042547599099765084,0.02012623246701545,1.3658022775319408e-07,0.00023817898731717108,SAUDE
370967683,389747737,0,107.194,0,5,23.769156533487745,0.04206320849709293,0.03849745649319356,4.4075442217466e-07,0.00020316869953449507,SAUDE
370967683,431328432,0,60.768,0,5,23.85331017178151,0.04191481097876748,0.02642798551871279,1.517670626278625e-07,0.000205617212919977,SAUDE
386247339,386247466,0,85.644,1,4,26.599691179309012,0.03758716521663413,0.002958319112310324,1.5879254963166033e-05,0.0001740770636391491,SAUDE
386247339,477234179,0,128.761,0,4,26.634626519976837,0.037537863965099935,0.002472942826206025,1.5839971709069496e-05,0.0001809554107648788,SAUDE
386247340,8088782483,0,68.494,0,4,27.41420575178537,0.036470397724472484,0.002126097053438665,2.8797021045363033e-06,0.00019278798361165484,SAUDE
386247340,477234174,0,49.887,0,5,27.41999613974136,0.036462696127774294,0.006628511900030841,4.691701092778879e-06,0.00020491455042603293,SAUDE
386247340,3416576930,0,48.54,0,4,27.394325419803128,0.036496864651588815,0.007784202707544251,8.054672430460812e-06,0.00017884176272354164,SAUDE
386247466,477234178,0,131.213,0,5,26.751785369619764,0.037373467723898095,0.00017437528366287145,5.6560388525476556e-06,0.00019859534671954747,SAUDE
386247466,481466315,0,100.489,0,4,26.630380235475776,0.037543849476705415,0.002692860016128415,4.326059648741144e-06,0.00016223112832189254,SAUDE
386247467,1397984369,0,68.276,0,5,25.157498552403013,0.039741907765016384,0.036712317665705436,7.166538853974936e-05,0.000202595443209248,SAUDE
386247467,4279348715,0,140.567,0,5,25.591391623238756,0.03906809765515993,0.02504926058472691,1.7059772675563564e-05,0.00019573660773493655,SAUDE
386247467,1397984306,0,92.757,0,4,25.68867014089944,0.03892015357682222,0.011609376507060468,1.7718280581716178e-05,0.00017348040573490837,SAUDE
389461733,389461734,0,64.742,0,5,26.43949044585987,0.03781491133936328,0.0004512631471950775,0.04071306480321171,0.0001887294174860958,SAUDE
389461733,389461759,0,35.936,0,6,25.952518818760858,0.03852446824334375,0.023199358742253765,0.14115418821409684,0.0002073814544166945,SAUDE
389461734,389461777,0,59.384,0,5,26.725728623817794,0.03740990568081695,0.00046563568795378486,0.03985753711472291,0.00019085609363065752,SAUDE
389461734,389461735,0,81.006,0,5,26.90909090909091,0.037154989384288746,0.000644686376441778,0.019158190422191003,0.0001944693006214405,SAUDE
389461734,389461776,0,76.297,0,5,26.881490059834007,0.037193138655733704,0.00015653948007074062,0.01767445155005009,0.00019401369310502944,SAUDE
389461735,8062436010,0,5.978,0,4,27.494692144373673,0.03636363636363636,0.008350965670234,0.00633539683056017,0.00016400885238919842,SAUDE
389461736,389461738,0,76.22900000000001,0,5,27.041304767419415,0.036973326385964414,0.0002439868666146831,0.0017439775582550683,0.0001989964914841166,SAUDE
389461737,4369877715,0,5.513,0,4,27.391623238756996,0.03650046506384058,0.0044033655295562645,0.000640067645826219,0.0001823220518981783,SAUDE
389461737,389461738,0,69.78200000000001,0,5,27.555684230843468,0.03628314864883796,0.0007953383096956987,0.001465506259485639,0.00020488223950946194,SAUDE
389461738,389461739,0,69.177,0,5,26.759891912758153,0.0373621459431778,0.0011792409947806897,0.003657023883965566,0.00019687426652425355,SAUDE
389461738,8062436010,0,77.982,0,5,27.271376182204207,0.03666140573135258,0.0005884083553986467,0.0025392890716942557,0.00020065091968227196,SAUDE
389461740,389461741,0,149.56,0,4,26.95348388342019,0.03709379430846569,0.00013956949218696564,0.00039725911811275917,0.00016725066800569015,SAUDE
389461742,1397985825,0,63.228,0,3,25.222350897510132,0.0396397223688943,0.0005884083553986467,4.4869066632161894e-11,0.00014516155190384136,SAUDE
389461742,431328537,0,56.446000000000005,0,5,24.58096892491797,0.04067402672864614,0.03484994807703197,4.979208873291111e-11,0.00023156809012110974,SAUDE
389461742,1397985772,0,33.825,0,5,25.05732484076433,0.039900787231748086,0.04159032336658239,1.0269159478201691e-10,0.00022559007868110383,SAUDE
389461742,431328627,0,115.47,0,5,25.0023161551824,0.039988574692944874,0.008461963244045223,1.281579301366153e-10,0.00022710386001018553,SAUDE
389461746,389747737,0,75.273,0,5,23.910828025477706,0.04181398427535881,0.03849936128775195,1.8502123287030432e-06,0.0002099597156261974,SAUDE
389461746,431328420,0,32.146,0,5,24.17004439297433,0.04136554202435616,0.01769917787335229,2.076716532272888e-06,0.00021956349335188423,SAUDE
389461746,4678388138,0,104.28200000000001,0,5,23.978575564562824,0.041695845709272095,0.040790655978344914,6.626460206679724e-06,0.00021790990179399857,SAUDE
389461746,389747741,0,225.358,0,6,23.976645435244162,0.04169920224113087,0.019180069060924163,1.940152219172937e-06,0.00025290415698747985,SAUDE
389461749,389479104,0,82.487,0,7,24.675545261532523,0.040518131472732394,0.022958661975330835,0.004558076777452451,0.0002632674891988781,SAUDE
389461749,389747666,0,73.159,0,6,25.127581547963715,0.039789224647811594,0.03655283441222629,0.003112353899779553,0.00023082886087701137,SAUDE
389461749,389461859,0,345.928,0,7,25.129704690214243,0.03978586296151217,0.002791736170022655,0.004631873721982243,0.00025370494119248614,SAUDE
389461749,431328414,0,95.506,0,6,24.526153252267903,0.04076493271425199,0.05354377503614348,0.003114570804957678,0.00023016053993061175,SAUDE
389461749,13338976078,0,347.554,0,6,24.8907546805636,0.04016780527144286,0.024395050235493217,0.005869511966621146,0.00021948186667586968,SAUDE
389461753,4678388121,0,10.385,0,4,25.539085118702953,0.039148112879577986,0.021386686975239922,0.01020557467791042,0.0001627720048776664,SAUDE
389461753,389461859,0,94.282,0,5,25.478286045165024,0.03924153238941539,0.003715388367696693,0.004286166392458653,0.00019414958681346705,SAUDE
389461753,389461887,0,36.635,0,4,26.014475969889983,0.03843271677758735,0.018863007348524245,0.003940943528447014,0.00016692467746236167,SAUDE
389461755,389461876,0,123.47200000000001,0,7,25.45705462265972,0.03927426019576475,0.03959981305307225,0.28648202278782425,0.0002362040079944375,SAUDE
389461755,445230369,0,73.456,0,8,25.08820690986296,0.039851671769937376,0.03982752258436985,0.3053181112381936,0.00025500103440388407,SAUDE
389461755,389461884,0,72.544,0,7,25.418259023354565,0.039334204051878624,0.021258373087261584,0.3013418110377794,0.00022386251905190304,SAUDE
389461755,389461808,1,141.29299999999998,0,8,25.36209226018143,0.03942131338422082,0.0,0.3723722037337387,0.00024666957939229194,SAUDE
389461755,389461808,0,140.99699999999999,0,8,25.36209226018143,0.03942131338422082,0.022029295393981647,0.37237220373373875,0.00024666957939229194,SAUDE
389461755,13338976067,0,76.38600000000001,0,8,25.43524416135881,0.03930793747154348,0.00256368031244172,0.31836746966989715,0.00025362521345630845,SAUDE
389461759,389461777,0,69.178,0,6,26.169079328314997,0.038205661518490655,0.030595676012454588,0.14029866052560785,0.0002095845257857161,SAUDE
389461759,389461808,1,205.14200000000002,0,7,25.779772244740396,0.03878261520607944,0.0,0.2632661368783509,0.00022577215420165837,SAUDE
389461759,389461808,0,202.404,0,7,25.779772244740396,0.03878261520607944,0.01804602364611965,0.26326613687835093,0.00022577215420165837,SAUDE
389461766,389461767,0,66.887,0,4,24.31132985910056,0.041125145883118844,0.006345563326540143,7.850976593108625e-11,0.00020791110057362288,SAUDE
389461766,389747800,0,49.735,0,4,24.517853696197644,0.0407787320805813,0.020427882659806638,7.511318490432993e-11,0.00019893130416541636,SAUDE
389461766,4678388150,0,116.328,0,4,24.580196873190502,0.040675304279544564,0.019656094537378217,3.587474945208784e-10,0.00019592933677638162,SAUDE
389461767,467928474,0,90.154,0,2,24.666859679598534,0.04053239853206989,0.0005884083553986467,1.8705494308780473e-11,0.00011710834993357641,SAUDE
389461767,389461768,0,79.88,0,4,24.00752750434279,0.04164556249648264,0.0067725836339012566,3.8487045647541206e-11,0.00020749691565763865,SAUDE
389461768,389747792,0,50.486,0,4,23.812005404362093,0.0419875172246089,0.006813969624760667,1.1280268787684904e-10,0.00019557320249926125,SAUDE
389461768,389747798,0,91.516,0,4,23.25168886315383,0.04299932761669171,0.0015776893837660595,3.070609878519724e-11,0.00019550730024540036,SAUDE
389461774,1393381202,0,452.09400000000005,0,4,25.271569195136074,0.039562521003268875,0.00018909415070492117,0.0001344808162343114,0.0001932573895102016,SAUDE
389461776,12571177990,0,104.008,0,5,27.01524802161745,0.03700898789706072,0.0024699990527976153,0.006086694057642541,0.00019520048600425922,SAUDE
389461777,8064359220,0,12.56,0,4,26.647944412275624,0.03751910359763296,0.03059030795506278,0.031451679910555704,0.00016116182439518463,SAUDE
389461778,1393381122,0,112.262,0,4,26.263462651997685,0.038068361370167045,0.01301459540172204,0.0014939564971390494,0.00018107895240473702,SAUDE
389461778,389461779,0,12.091999999999999,0,4,26.00540436209226,0.03844612347291701,0.0025335499257909356,0.006340917933419028,0.00018334781578517744,SAUDE
389461779,12571177985,0,100.85600000000001,0,4,26.530206523837098,0.03768560889904186,0.001067550768402783,0.00749158958287097,0.00017854401911993642,SAUDE
389461782,477234166,0,113.43700000000001,0,5,24.975873383516696,0.04003091190108192,7.446015091860449e-05,7.321717938097527e-06,0.00019076086082477574,SAUDE
389461783,389461784,0,184.089,0,4,23.95927427137618,0.0417294353636825,0.001312403450725822,9.211361622480576e-06,0.0001654656483828451,SAUDE
389461807,389461808,0,59.768,0,6,25.77147268867014,0.03879510492652896,0.004262757058519272,0.2186542138934694,0.00020602693303233734,SAUDE
389461807,389461877,0,131.66,0,4,26.457247635591585,0.03778953127849717,0.0005652044944147095,0.04824414215487048,0.0001718599923697032,SAUDE
389461807,389461810,0,99.474,0,4,26.17544875506659,0.03819636470891863,0.003593308352818516,0.04809080482840409,0.0001615006280263554,SAUDE
389461809,389461826,0,51.608000000000004,0,4,26.51746767033391,0.03770371286948547,0.004947097794403749,0.0021779157683812877,0.00017448895047493976,SAUDE
389461809,389461874,0,117.892,0,5,26.125844431576915,0.03826888695163936,0.006248765130345958,0.00942051734991806,0.00020847620407581837,SAUDE
389461809,477234167,0,26.973,0,4,26.881683072765874,0.03719287160561196,0.009908221803282862,0.0026994615599175726,0.00017969294895739404,SAUDE
389461810,389461813,0,156.374,0,5,26.361513221385835,0.03792676765827836,0.0002635543016235257,0.01364989350566607,0.0001977626833168121,SAUDE
389461813,389461814,0,241.839,0,5,26.40590619571511,0.03786300608878071,0.0005002683162880195,0.00463536305656672,0.00020088303138006877,SAUDE
389461819,389461952,0,121.09400000000002,0,6,25.342018915267325,0.03945253890035568,0.023599019273230833,1.363785510686093e-05,0.0002283904672497815,SAUDE
389461819,389461919,0,119.383,0,5,25.817409766454354,0.03872607655502392,0.024483709764028857,1.6536780805023622e-05,0.00020293589152985028,SAUDE
389461819,389461924,0,110.89999999999999,0,5,25.345879173904653,0.03944653015222705,0.021138544193225133,1.4361067484328703e-05,0.0001988940500627022,SAUDE
389461819,389461867,0,33.997,0,5,25.508203049604322,0.03919550840660422,0.020789274136474377,4.189703035638414e-05,0.00019407395910703352,SAUDE
389461820,389461867,0,44.394,0,5,25.53117158849643,0.039160247057311554,0.020759316912965262,0.00011532123139047253,0.00018764099616511525,SAUDE
389461820,389461897,0,82.458,0,6,25.68693302451264,0.038922785609088996,0.019815058301432355,0.0002606184471540065,0.00022009607309727002,SAUDE
389461820,389461836,0,73.725,0,5,25.507430997876856,0.03919669476519818,0.004145179285324545,0.00019923863786957234,0.00018500315699843893,SAUDE
389461820,389461851,0,150.911,0,6,25.629801196680177,0.039009549055637555,0.00587282794977784,0.00011734752975553219,0.00021680912024629888,SAUDE
389461821,389461874,0,114.51,0,5,25.623624782860453,0.03901895206243032,0.03380767912731318,0.009316030099091478,0.00020485240277078737,SAUDE
389461821,389461830,0,19.445999999999998,0,4,25.408415363829377,0.039349442802774214,0.038534686568652866,0.00205876154329631,0.00016527715476548658,SAUDE
389461822,389461925,0,45.557,0,5,25.5278903686547,0.03916528050809012,0.022374755861615636,1.8537750702275044e-05,0.00019197142299563262,SAUDE
389461822,4370109387,0,13.304,0,5,25.5842501447597,0.03907900295732995,0.04234375619599366,2.4401555297377053e-05,0.00018824131178960584,SAUDE
389461822,389461841,0,44.982,0,6,25.359197066203436,0.039425814013669645,0.02688530937586636,2.228783026189131e-05,0.00022188815277838963,SAUDE
389461822,7987118934,0,49.964999999999996,0,5,25.433507044972014,0.0393106222158138,0.036371705766038244,1.4046961339404406e-05,0.00019303490830024805,SAUDE
389461823,389461944,0,70.277,0,5,24.77205172746574,0.04036028174281618,0.03667647289537951,1.693062746963446e-06,0.00020311536251460186,SAUDE
389461823,389461824,0,70.285,0,6,24.231229492375988,0.04126109190549776,0.03674210172607288,1.0058566219993433e-06,0.00023048021787595656,SAUDE
389461823,389461958,0,154.691,0,5,24.682493727079713,0.04050672505473882,0.0002968016248243909,1.6694762333548146e-06,0.00020122251145217416,SAUDE
389461823,389461959,0,200.033,0,5,24.674387183941324,0.04052003316697696,0.0003184470175332876,8.496117074003128e-07,0.0002026195786205453,SAUDE
389461824,389461961,0,199.307,0,5,24.105385060799073,0.041476499319401075,0.0017034058246193312,5.544682288473874e-07,0.00019419101109598196,SAUDE
389461824,1397984878,0,163.39100000000002,0,5,23.995367689635206,0.041666666666666664,0.036861584293825994,4.764513831077078e-07,0.00019590424577211157,SAUDE
389461824,7984814638,0,177.428,0,6,24.209998069870682,0.04129727661202883,0.0016815872687687633,1.0482386491077533e-06,0.00022660009044254062,SAUDE
389461825,2421037116,0,15.717,0,5,23.186064466319245,0.04312103024299283,0.029073918323448317,1.7174561563257618e-07,0.00019816093567595676,SAUDE
389461825,1397984878,0,16.1,0,5,23.271569195136074,0.042962594343534874,0.0418918003962319,2.401213333333256e-07,0.000194761052459019,SAUDE
389461825,389461941,0,232.28500000000003,0,6,22.84713375796178,0.04376071841920741,0.019979390122878297,4.959103948460772e-07,0.00022088001389849798,SAUDE
389461825,389461956,0,14.575,0,6,22.63790773981857,0.04416516749511881,0.03221925362876351,2.2640915555717076e-07,0.00022252533942456897,SAUDE
389461826,389461828,0,122.23,0,5,26.178343949044585,0.038192140381921404,0.0022862729594845003,0.0006233768497216547,0.0002071709703582444,SAUDE
389461827,389461828,0,79.732,0,5,26.376375217139547,0.03790539749443859,0.0028738154991747914,0.00021986714390490159,0.00020896071369093443,SAUDE
389461828,389461829,0,70.706,0,6,25.87376954255935,0.03864172112314624,0.03262826496939082,0.0003793286446732179,0.00023633612586996836,SAUDE
389461829,389461831,0,70.032,0,6,25.334298397992665,0.03946456189003253,0.03517289733624871,0.00040424640133409766,0.00022777410011591914,SAUDE
389461830,389461833,0,74.727,0,5,25.71781509361127,0.03887604695145748,0.0065982083502383855,0.0008666376531230153,0.00019221678237608389,SAUDE
389461830,389461831,0,128.365,0,5,25.099980698706812,0.03983297832255485,0.03321234424624769,0.0006336276321241439,0.00019282204835501787,SAUDE
389461831,389461832,0,217.18699999999998,0,5,24.790773981856784,0.040329801231693926,0.032022540299825056,0.0002497021631609626,0.0001943174799334393,SAUDE
389461831,389461835,0,70.045,0,6,25.382551630959274,0.03938953819948748,0.036603744375877614,0.0003837888382673674,0.00021886224803368697,SAUDE
389461833,389461836,0,73.646,0,5,25.16077977224474,0.0397367250187944,0.003978942669320219,0.0005508285996398998,0.00018733781017888485,SAUDE
389461833,389461835,0,149.401,0,6,25.11754487550666,0.039805123949160096,0.0020464420082699254,0.0006167988592662431,0.0002182355090257126,SAUDE
389461833,389461896,0,79.14800000000001,0,5,25.420382165605094,0.03933091880974617,0.004715232347706048,0.0015605225391416356,0.00019246577468810873,SAUDE
389461834,389461937,0,78.493,0,5,24.521713954834976,0.04077231260871961,0.01843269694147138,8.433824109570576e-05,0.0001844059109335583,SAUDE
389461834,389461835,0,259.862,0,5,24.8332368268674,0.04026084050333823,0.0020396886457447498,0.0002280725091046185,0.0001843371425389115,SAUDE
389461835,389461837,0,69.083,0,6,24.844431576915653,0.0402426992130144,0.03674106274722286,0.0002680279101653717,0.00021249434649549663,SAUDE
389461836,389461837,0,171.917,0,5,24.890368654699866,0.040168428235768515,0.00012156052545316361,0.0002020576505390361,0.00018184637737798085,SAUDE
389461837,389461856,0,42.943,0,6,25.210963134530015,0.0396576275857845,0.03695249494320336,0.00012141668423132479,0.00021151468576518145,SAUDE
389461837,389461937,0,213.398,0,6,24.584636170623433,0.04066795945765586,0.0004019116518187931,0.00012429364215645994,0.00021255706119811091,SAUDE
389461838,389461937,0,143.102,0,5,24.17544875506659,0.041356294859204966,0.0006240799625829084,5.124968321381828e-05,0.00018475956821325105,SAUDE
389461841,389461856,0,52.82,0,6,25.15711252653928,0.03974251758874934,0.0009207084242656282,4.738700618252155e-05,0.00021636606077939124,SAUDE
389461841,389461928,0,102.022,0,5,25.140899440262498,0.039768147096080765,0.02776064905701414,1.7902201879063677e-05,0.00019036868675455712,SAUDE
389461841,7987118934,0,85.961,0,5,25.01891526732291,0.039962043773095826,0.00028052428950730066,1.712771876116784e-05,0.0001915666440443715,SAUDE
389461851,389461925,0,34.673,0,5,25.472881683072767,0.03924985792763781,0.0001645049845876146,4.238678481657115e-05,0.00018860319856768787,SAUDE
389461851,389461856,0,51.746,0,6,25.695618606446633,0.03890962900645239,0.00018684302986319594,6.815528287505136e-05,0.00021437400139959073,SAUDE
389461851,4370109387,0,39.628,0,5,25.96757382744644,0.038502133226300375,0.005925642707987549,4.825058941167599e-05,0.00018487308736166104,SAUDE
389461856,4370109387,0,27.058,0,5,25.78787878787879,0.03877042370534478,0.036170490195416335,4.950073121800665e-05,0.00018296287733186666,SAUDE
389461859,389461890,0,45.776,0,5,25.60374445087821,0.03904924879196098,0.003884222430826087,0.0026862236742692157,0.00019285202930052715,SAUDE
389461859,13338976078,0,7.248,0,5,25.53985717043042,0.03914692945995375,0.00021004689084713315,0.005343973604889199,0.0001874810891561018,SAUDE
389461860,389461890,0,61.853,0,4,26.147654892877824,0.038236965845088615,0.00288541742966676,0.0008938267235410455,0.00016510869181135377,SAUDE
389461860,389461892,0,92.777,0,5,26.526153252267903,0.03769136736713429,4.0173848867712196e-05,0.0008311751098213035,0.00019901377924686284,SAUDE
389461860,389461861,0,64.462,0,4,26.513414398764716,0.037709476872006174,0.002725761013045938,0.0004275764825268764,0.00016928763082929484,SAUDE
389461861,389461894,0,97.711,0,5,26.62594093804285,0.03755010909828995,0.0003182738543916164,0.000722636821731052,0.00020055005045380262,SAUDE
389461861,389747677,0,26.122,0,4,26.966222736923374,0.037076271186440676,0.003370620552629387,0.000226714420657073,0.00017552041340719018,SAUDE
389461862,389461880,0,98.664,0,5,26.499903493534067,0.03772870294837431,0.006295692341738846,0.0005665001499834051,0.0001998902454388079,SAUDE
389461862,389461864,0,64.694,0,5,26.44238563983787,0.03781077096016,0.0022386530955249275,0.00018974410193072782,0.00020427160678420937,SAUDE
389461862,389747677,0,35.927,0,4,26.638100752750436,0.0375329681476973,0.008538501352663881,0.00017240889938045675,0.0001742842214712343,SAUDE
389461864,389461903,0,92.899,0,5,26.347616290291448,0.03794677196041229,5.558536847644661e-05,0.00021197473677297518,0.00019962199809437178,SAUDE
389461864,389747680,0,63.522000000000006,0,3,26.835552982049798,0.03725680584025605,0.0005884083553986467,8.789132729526877e-05,0.00013060551360588487,SAUDE
389461864,389461898,0,64.989,0,6,26.21501640609921,0.038138713002503315,0.002241596868933338,0.000148013083161615,0.00023360941036587853,SAUDE
389461867,389461898,0,110.14699999999999,0,5,25.68982821849064,0.038918399086394335,0.002137006331363949,0.00010219548525347555,0.00019288374869582574,SAUDE
389461874,389461878,0,155.749,0,5,25.755645628257092,0.0388189448441247,0.033636593943342064,0.019135984581913464,0.00020760610520632075,SAUDE
389461874,389461885,0,66.34,0,5,25.726886701408993,0.03886233879256664,0.006634572609989332,0.025592907461014402,0.00019864038614777978,SAUDE
389461876,389461878,0,135.672,0,4,25.680756610692917,0.0389321468298109,0.03553307667092475,0.06094228005188636,0.00016975816564829683,SAUDE
389461876,4370143833,0,60.182,0,4,26.029530978575565,0.03841048799116114,0.004309164780487146,0.061138630164723255,0.0001823572735667755,SAUDE
389461877,4370143833,0,60.182,0,4,26.554719166184135,0.03765082134031109,0.003884915083392772,0.021729186902814335,0.00019117442924075333,SAUDE
389461878,389461879,0,117.097,0,4,26.171588496429262,0.03820199859876839,0.0021454913253058363,0.014417680418732677,0.00017824468251384469,SAUDE
389461879,477234167,0,124.548,0,4,26.879173904651612,0.037196343556343846,0.0035926157002518313,0.003937482622672088,0.00018270100930844387,SAUDE
389461880,389461894,0,67.979,0,6,26.679791546033584,0.03747431779378997,0.018247585543024893,0.0010098309867312696,0.00022938260405239787,SAUDE
389461880,389461881,0,57.798,0,5,26.699092839220228,0.037447226881036376,0.006389719927666293,0.0015825610629959738,0.00019692266353511605,SAUDE
389461880,389461903,0,62.236,0,5,26.45107122177186,0.037798355260757574,0.018342305781519026,0.0005887307848256481,0.0001952406367489703,SAUDE
389461881,389461882,0,58.944,0,5,26.2242810268288,0.038125239202755616,0.006386776154257883,0.0061422798311747545,0.00019736802856240476,SAUDE
389461881,389461895,0,101.005,0,4,26.25284694074503,0.03808375485237031,0.00019654016579678164,0.0015910675830233523,0.00016360739160866766,SAUDE
389461882,389461896,0,77.495,0,5,25.674194171009457,0.03894209806191643,0.002978752363027522,0.00613875630445903,0.0001966673841751382,SAUDE
389461882,389461885,0,49.229,0,5,25.75197838255163,0.03882447290906229,0.006771890981334572,0.02291820485939662,0.00019435549159153718,SAUDE
389461882,389461893,0,68.94,0,5,26.207102875892684,0.038150229416920145,0.0025981397776342835,0.006187390668248441,0.0001976681202330937,SAUDE
389461884,13338976067,0,8.488,0,5,25.660876278710674,0.03896230885527533,6.787995153509992e-05,0.1457346686478269,0.00017539582032032204,SAUDE
389461884,4678388179,0,23.875,0,4,25.398378691372322,0.039364992514571887,0.02161543548538754,0.0841492155066208,0.0001495347639233161,SAUDE
389461885,13338976067,0,375.31100000000004,0,5,25.552403011001736,0.039127708914017234,0.00013835735019526743,0.09928464981306008,0.0001824301864895132,SAUDE
389461886,389461888,0,60.109,0,4,26.439876471723604,0.03781435923641275,0.0014824496558469142,0.007125874074764025,0.0001686928408334963,SAUDE
389461886,389461887,0,115.647,0,4,26.168693302451263,0.038206225106947926,0.0002394846249312326,0.007437078799494656,0.00016846390586173465,SAUDE
389461886,13338976066,0,99.846,0,5,26.15865662999421,0.038220884245322,0.0013880757436361248,0.03272920146364826,0.00019643966581026694,SAUDE
389461887,389461889,0,59.804,0,5,26.417293958695232,0.037846684396644945,0.01846836854865564,0.002720511600322068,0.00020137312224407388,SAUDE
389461888,389461891,0,59.235,0,4,26.442578652769736,0.03781049496711655,0.002375105651161812,0.001994458287133151,0.00016833665620675367,SAUDE
389461888,389461889,0,114.851,0,5,26.21501640609921,0.038138713002503315,0.0010360350766186294,0.002409306875591442,0.00020161584405828677,SAUDE
389461889,389461890,0,88.478,0,5,26.050762401080874,0.03837918336803266,0.000866508360922551,0.0016456227783526371,0.0001981400644499704,SAUDE
389461889,389461892,0,58.931,0,6,26.406871260374444,0.03786162234859006,0.018149921531122354,0.0015829711646328968,0.0002313226080956261,SAUDE
389461891,389461893,0,59.622,0,4,26.53696197645242,0.037676015361340624,0.0024313836722049437,0.0017713901776898158,0.00016558535314566142,SAUDE
389461891,389461892,0,115.646,0,5,26.657209033005213,0.03750606396304422,7.151637751019456e-05,0.0011681225761746078,0.00019896748036732766,SAUDE
389461892,389461894,0,60.792,0,6,26.629994209612043,0.03754439370877727,0.018093989836362564,0.0011262354490254832,0.00022918321103932216,SAUDE
389461893,389461894,0,115.99,0,5,26.520169851380043,0.037699871179976856,0.0001560199906457271,0.0017295030505406958,0.00019667141025004887,SAUDE
389461895,389461896,0,62.51,0,4,26.03416328894036,0.0384036535367689,0.004220332088809835,0.001587544056307632,0.0001629519447000803,SAUDE
389461895,389461897,0,62.016,0,5,26.03628643119089,0.03840052189126277,0.004648218211879303,0.0006392299260903371,0.0001940415418988337,SAUDE
389461897,389461903,0,59.109,0,5,26.2237019880332,0.03812608103632282,0.01857001531281662,0.0003114543546283708,0.00019188054302254898,SAUDE
389461897,389461898,0,80.831,0,6,25.842501447596987,0.038688475614310255,0.0036213607817692462,0.00024749270101701053,0.0002256010771837712,SAUDE
389461898,3472243507,0,51.545,0,5,26.21115614746188,0.03814432989690722,0.004017558049912891,8.647577325134017e-05,0.00020153430180671537,SAUDE
389461902,389747658,0,35.181000000000004,0,4,26.601042269832078,0.0375852561311856,0.028365161584588204,1.38645391450124e-05,0.00018606643098411616,SAUDE
389461902,389461919,0,24.159000000000002,0,4,26.24203821656051,0.03809944101206237,0.024351932613217095,1.1763697835325514e-05,0.00017806752881483555,SAUDE
389461902,3472243507,0,27.046999999999997,0,4,26.507237984944993,0.037718263503575225,0.004047861599705346,2.1404235384552473e-05,0.00017788632800192682,SAUDE
389461914,389747667,0,19.354,0,4,27.226597182011194,0.03672170195872707,0.007791302396352769,3.919046307343277e-05,0.00019118959141334527,SAUDE
389461914,389747676,0,78.38999999999999,0,4,26.47751399343756,0.0377606065024056,0.03495661657230142,0.0001390320666790676,0.00018844812489093128,SAUDE
389461914,389461915,0,24.625,0,4,26.896352055587723,0.037172587011123075,0.027317697740619276,3.482127095816065e-05,0.00019135733350741148,SAUDE
389461915,389747667,0,29.272,0,4,27.42173325612816,0.03646038628301143,0.001344438631934989,2.2394018759861543e-05,0.00019167205712857863,SAUDE
389461915,389747658,0,67.47800000000001,0,4,26.87164640030882,0.037206763298903905,0.028608802124919546,1.7179277249922574e-05,0.00019082708305004606,SAUDE
389461919,3472243507,0,19.122,0,4,26.266743871839413,0.03806360590206337,0.00030736457646633253,2.1772582785109733e-05,0.0001736353617259773,SAUDE
389461924,389461958,0,85.756,0,4,25.053464582127003,0.03990693517819448,0.0012001937349229018,4.92765820583947e-06,0.00016675458159235782,SAUDE
389461924,389461925,0,73.514,0,4,25.238370970855048,0.03961456102783726,0.022117781759375617,1.2824523579453603e-05,0.00016298416617975672,SAUDE
389461928,2466086518,0,22.985999999999997,0,4,25.021424435437176,0.03995803634792804,0.024172362435304087,7.205210916177316e-06,0.0001635434302087948,SAUDE
389461928,389461939,0,58.968,0,5,24.511870295309787,0.04078868625783489,0.003804047896232334,1.796473614279985e-05,0.00018904462358770751,SAUDE
389461937,389461939,0,70.999,0,6,24.244547384674775,0.04123842657092134,0.01882387247850656,5.032649837139261e-05,0.00021602325231724859,SAUDE
389461939,2466086514,0,49.854,0,6,24.10017371163868,0.041485468073008014,0.015909536804180714,1.6738662481124925e-05,0.00022431188441751355,SAUDE
389461940,389461945,0,13.583,0,4,24.9988419224088,0.039994132135053546,0.017525841568539445,8.2926549582996e-07,0.0001767098500042843,SAUDE
389461940,389461944,0,196.787,0,4,25.00965064659332,0.03997684738568397,0.0002271900418725793,1.5602568461924432e-06,0.00017428258752063538,SAUDE
389461940,2466086522,0,5.166,0,4,25.50337772630766,0.039202924326247036,0.017175013043513647,1.7322150647172342e-06,0.00017470302346462243,SAUDE
389461941,431359360,0,12.389,0,5,22.732098050569387,0.04398216939078752,0.008682573086534298,5.437881854624981e-07,0.00018514817721182957,SAUDE
389461941,389461961,0,36.794,0,5,23.34008878594866,0.04283646888567294,0.019413666139038575,5.392500789821119e-07,0.00018999957709565162,SAUDE
389461941,1397984576,0,319.427,0,6,22.882069098629607,0.04369390647142182,0.012525929015925988,1.3804453018924755e-06,0.0002152974484130051,SAUDE
389461944,7987118934,0,8.433,0,4,25.06832657788072,0.039883275972251095,0.036769288339315254,5.504360341539839e-06,0.0001662563810660341,SAUDE
389461945,389461959,0,56.751,0,4,24.494113105578073,0.040818256319737754,0.01788255764038206,5.474284544821483e-07,0.000172750098988049,SAUDE
389461945,2466086508,0,34.583,0,4,24.078749276201506,0.041522380402718995,0.0011148243060790134,1.3468880104932877e-06,0.00016936244998414854,SAUDE
389461949,389747610,0,13.354,0,4,25.423084346651226,0.039326738386085316,0.02282948227164414,4.4866819438766064e-07,0.00018569391173821326,SAUDE
389461949,7984814638,0,20.571,0,5,24.861223701988035,0.040215517910656334,0.0013719715714607056,1.045410820959825e-06,0.00019934712075738312,SAUDE
389461949,8524850139,0,35.284,0,5,25.297625940938044,0.039521771307804404,0.021552404101819234,1.5675930578274349e-06,0.00019973125413504355,SAUDE
389461951,389747520,0,45.461,0,4,25.149585022196487,0.0397544128933231,0.0026194388440598376,1.3633552411645663e-07,0.00018834389303384904,SAUDE
389461951,389747500,0,89.965,0,4,24.820497973364215,0.040281503946498695,0.0027210856082208164,3.9821269914396883e-07,0.00018168871860848093,SAUDE
389461951,389747538,0,128.991,0,5,24.522292993630572,0.04077134986225895,0.0009342151493159797,1.3144441151972706e-07,0.00021653942654827676,SAUDE
389461952,8524850139,0,18.496000000000002,0,6,25.031654120826094,0.03994170669833216,0.02174946375704103,4.36378850851446e-06,0.00022680508196802748,SAUDE
389461952,8729513618,0,30.352999999999998,0,5,25.66917583478093,0.03894971126082772,0.0024074871586543217,4.046126154623859e-06,0.00019677692473611723,SAUDE
389461952,7984814634,0,24.28,0,5,25.050762401080874,0.039911239868092585,0.0011078977804121664,4.095594439589454e-06,0.00019438116237009885,SAUDE
389461953,389461954,0,105.977,0,4,24.667438718394134,0.04053144708220529,0.005208227812043878,4.045885964772546e-08,0.0001842894959534805,SAUDE
389461953,389747538,0,149.096,0,5,24.651804670912952,0.04055715191706924,0.017759092320370515,7.778185345614725e-08,0.00021806893900663392,SAUDE
389461953,389747610,0,20.943,0,4,25.276973557228334,0.039554062309102016,0.022770953129759283,1.0478480210756183e-07,0.0001929690461283748,SAUDE
389461954,2421037113,0,81.013,0,4,24.614553175062728,0.04061853083244464,0.005292038772612725,4.208368854254645e-08,0.0001805810750131447,SAUDE
389461954,389747535,0,96.407,0,4,24.27407836325034,0.041188257370948764,0.0001482276492705243,2.8406781717214094e-08,0.00018063193636951304,SAUDE
389461956,431359360,0,231.13000000000002,0,5,22.480988226211156,0.04447344471727596,0.031569545521213264,2.742869461700606e-07,0.0001867323756002017,SAUDE
389461956,431359354,0,149.00900000000001,0,6,22.301293186643505,0.04483179422379547,0.05766904056017584,1.1946015252486802e-07,0.00022489867269947684,SAUDE
389461957,467890837,0,104.798,0,4,24.325805828990543,0.04110067284499175,0.00527645408986232,6.804066365503349e-09,0.00018476844744870922,SAUDE
389461957,467890674,0,99.847,0,4,24.325805828990543,0.04110067284499175,0.00045524589945351445,6.804066365402679e-09,0.00018476844744870922,SAUDE
389461958,7984814634,0,42.113,0,4,25.354178729974908,0.03943361753958587,0.0017224537702031602,1.965846428406774e-06,0.00016456121506590757,SAUDE
389461959,389461961,0,71.16,0,4,24.129125651418644,0.04143569068816843,0.017509737396364026,3.982233142478991e-07,0.0001655152438311602,SAUDE
389479062,431328663,0,75.11400000000002,0,6,23.271569195136074,0.042962594343534874,0.013564215213386343,4.0923836851357865e-11,0.00022721539706557227,SAUDE
389479062,389479067,0,118.474,0,5,22.950588689442192,0.043563457155592185,0.015945208411364976,1.4759294220110863e-11,0.00019803380067381823,SAUDE
389479062,1397986137,0,26.148000000000003,0,5,23.267708936498746,0.04296972210700954,0.016966524620941555,1.3557781373214559e-11,0.0001975606366092931,SAUDE
389479066,1397984672,0,64.506,0,5,26.464582127002508,0.03777905814911788,0.001297511420542101,0.0011900281642771959,0.00020281054922248283,SAUDE
389479066,1397984671,0,65.798,0,4,26.674194171009457,0.037482181491906595,0.012116398185873662,0.0004945062082730591,0.00017112111555609696,SAUDE
389479067,479051995,0,53.333,0,5,23.171395483497395,0.043148328627000195,0.02077697955341572,1.2733763777883999e-11,0.0002058759234031393,SAUDE
389479068,479051995,0,99.611,0,5,23.85273113298591,0.04191582848496128,0.020072032403672377,1.0885523123408893e-11,0.00021466354022923337,SAUDE
389479068,8732281020,0,10.267,0,4,24.84732677089365,0.04023801016048596,0.018834954919573516,2.9063006727856272e-12,0.000187637616412529,SAUDE
389479068,8732281019,0,10.027,0,4,24.84732677089365,0.04023801016048596,0.0015124068793560272,3.5516863793800976e-12,0.00018579552756117462,SAUDE
389479069,1397984601,0,34.674,0,4,26.14398764717236,0.038242329386055575,0.02161076008056242,0.0006004525732036316,0.00018749926418778427,SAUDE
389479069,1393381165,0,57.748000000000005,0,4,25.96429260760471,0.038506998907233816,0.014696009507349131,0.0002290180214209382,0.00018529015484976404,SAUDE
389479069,1397984628,0,108.394,0,5,26.17853696197645,0.038191858793343705,0.007003063775465589,0.0005425068000934133,0.0002200889504620366,SAUDE
389479073,445230369,0,55.181000000000004,0,5,25.37463810075275,0.03940182252445499,0.005988500928414184,0.08469200067239249,0.00017981903818023933,SAUDE
389479073,445230365,0,115.93599999999999,0,5,25.845589654506853,0.038683852852000655,0.0026822970644864736,0.022981498845450705,0.00018328233064699118,SAUDE
389479073,389479074,0,136.166,0,5,25.68500289519398,0.03892571050693599,0.003519194528183254,0.027382895268260564,0.00018299218745498614,SAUDE
389479074,445230368,0,115.91,0,6,25.729009843659526,0.03885913189599556,0.0162766426645236,0.016146479594399382,0.00021147149614112717,SAUDE
389479074,1397984912,0,70.904,0,5,26.077205172746574,0.0383402661613844,0.004833329610325787,0.013622311148808249,0.00018991774738571091,SAUDE
389479074,389479091,0,89.29400000000001,0,6,25.257865276973558,0.03958398606154622,0.01742454113066181,0.03382889320265161,0.0002148850902764278,SAUDE
389479075,389747778,0,134.005,0,5,24.378305346458212,0.04101216113503927,0.01919634639624125,1.8794436301134203e-07,0.00020044778009226617,SAUDE
389479075,431328433,0,85.732,0,6,24.495657209033006,0.040815683308119015,0.02134201088468876,6.377101638004222e-07,0.00023683076729950848,SAUDE
389479075,467928458,0,90.863,0,5,24.207102875892684,0.0413022158080643,0.024589858769873286,1.9538664517940416e-07,0.00020089910450225243,SAUDE
389479075,389479076,0,50.554,0,5,24.478286045165024,0.04084464840485089,0.03555402941106696,2.4032633952899123e-07,0.00019960149206141477,SAUDE
389479076,1397985657,0,274.815,0,4,24.82513028372901,0.04027398751350889,0.0,1.207258491438813e-07,0.0001645962381204145,SAUDE
389479076,389479078,0,70.358,0,5,24.716077977224472,0.040451684445624504,0.035417230529146734,3.6139676727549426e-07,0.0002001776261324461,SAUDE
389479078,1397985600,0,66.343,0,5,25.107508203049605,0.039821035961931706,0.013458758860108598,5.923112161278693e-07,0.0002071216629283368,SAUDE
389479078,467928509,0,117.813,0,5,24.877822814128546,0.04018868510070447,0.01774246865877008,3.4436888099211886e-07,0.00020078854595664646,SAUDE
389479078,389479079,0,116.156,0,6,24.703146110789422,0.04047286052489706,0.03014614449667622,9.626880028465057e-07,0.0002327196017784627,SAUDE
389479079,431328428,0,116.07600000000001,0,6,24.500482532329666,0.04080764473715308,0.0026646344240360137,2.874433584713057e-06,0.00022476489341546256,SAUDE
389479079,467928522,0,58.725,0,5,24.876278710673613,0.04019117966543558,0.0037875973977735725,8.358046738262597e-07,0.0002058199611006522,SAUDE
389479079,2532735443,0,54.036,0,5,24.83922022775526,0.040251142262145274,0.02933245089396338,1.01298802768161e-06,0.00019789630681953075,SAUDE
389479080,2532735443,0,61.476,0,5,24.86720710287589,0.040205841489634186,0.029460591618800047,6.840443567848571e-07,0.00020160054979751724,SAUDE
389479080,431328427,0,116.073,0,5,24.505886894421927,0.040798645295947705,0.006378464323457666,1.2906532248882154e-06,0.00020016754677610907,SAUDE
389479080,389479081,0,12.244,0,6,24.577880718008107,0.04067913741381206,0.02970908072709818,5.601197527728523e-07,0.00023345354489427573,SAUDE
389479080,467928516,0,58.081,0,5,24.85176606832658,0.04023082240188883,0.009374359837510634,4.357729811273416e-07,0.00021537522483927623,SAUDE
389479081,431328484,0,116.613,0,5,24.662806408029336,0.04053905993206968,0.008240833912131134,2.514175597904795e-07,0.00019389523781828256,SAUDE
389479081,445225741,0,116.672,0,5,24.58753136460143,0.040663170785317296,0.003826905430932929,5.595449302658928e-07,0.0001952265747636395,SAUDE
389479081,3416576988,0,59.263,0,5,24.85002895193978,0.040233634697238015,0.024609079878598786,2.8193545508783983e-07,0.0001931215580032866,SAUDE
389479082,431328478,0,113.17500000000001,0,7,25.494692144373673,0.03921628005572043,0.02023792269339336,1.661938767466859e-07,0.0002371236829663625,SAUDE
389479082,445230359,0,115.351,0,7,25.085118702953096,0.039856577874213255,0.023488541188844622,2.2457729701162572e-07,0.0002332023592613494,SAUDE
389479082,8021890090,0,123.707,0,6,25.823200154410344,0.03871739292921743,0.011187031604524476,1.457589937286084e-07,0.00021356949579928361,SAUDE
389479082,431328429,0,116.805,0,7,25.55336807566107,0.03912623119221705,0.01814922887855567,2.2827003774336243e-07,0.0002339211552818678,SAUDE
389479082,431328441,0,105.69699999999999,0,7,25.36267129897703,0.03942041338163222,0.012481252925374825,2.0758340058585935e-07,0.00023106005117083688,SAUDE
389479083,431328369,0,117.55799999999999,0,5,25.472495657209034,0.0392504527441219,0.00425652318541911,0.000214319478645049,0.00018370307758849803,SAUDE
389479083,389479084,0,116.125,0,5,25.50337772630766,0.039202924326247036,0.0011598467229135183,6.718102671419235e-05,0.00018259077298449485,SAUDE
389479083,431328370,0,116.153,0,5,25.675352248600657,0.038940341592494584,0.0030603122027546446,5.549245566037004e-05,0.00018765335223623855,SAUDE
389479084,431328328,0,117.605,0,5,25.488708743485812,0.039225485964394166,5.298792135137901e-05,7.325048821013342e-05,0.0001826531073870729,SAUDE
389479084,445230356,0,116.792,0,6,25.457826674387185,0.03927306913728136,0.0019302495402085682,3.8549164365885065e-05,0.00021118799170590188,SAUDE
389479084,431328326,0,115.732,0,6,25.690214244354372,0.03891781429140277,0.0022596058356671397,3.858408048389772e-05,0.00021158917525742132,SAUDE
389479085,431328645,0,123.422,0,6,23.898475197838255,0.04183559740910046,0.0017548352776956696,1.1191289804954466e-11,0.00021483134170577985,SAUDE
389479085,389479086,0,115.875,0,7,23.28257093225246,0.04294229318477621,0.01343087959429954,8.507409126296805e-12,0.00024195959282444048,SAUDE
389479085,4369337343,0,19.039,0,5,23.86778614167149,0.04188938936915226,0.002534762067782634,6.2066594903987024e-12,0.00018691077250018536,SAUDE
389479086,431328647,0,236.265,0,6,23.08936498745416,0.0433016233929079,0.0009376784121494031,5.595742551827274e-12,0.00021547178112299895,SAUDE
389479086,431328646,0,141.636,0,7,23.27292028565914,0.04296010018494406,0.019004481635269594,8.080627070456116e-12,0.00024295850390530958,SAUDE
389479086,431359223,0,16.381,0,7,23.519976838448176,0.04250884233158538,0.007453634270093981,5.0570900461471505e-12,0.0002498851725978523,SAUDE
389479088,445230366,0,116.758,0,5,25.957151129125652,0.03851759317093483,0.014591245806638072,0.0030769406723409024,0.00018595066525314743,SAUDE
389479088,389479090,0,116.869,0,4,25.90194943061185,0.03859968106827225,0.004817052275008698,0.001275637280798731,0.000154442521335193,SAUDE
389479090,445230367,0,118.234,0,5,25.785176606832657,0.03877448668717672,0.0055339476815273545,0.0028710572441278098,0.00018129966590570707,SAUDE
389479090,1397985152,0,115.22200000000001,0,5,25.791932059447984,0.0387643308288682,0.01031221141280171,0.0011888030324007255,0.00018300518142952855,SAUDE
389479091,445230369,0,185.315,0,6,24.946149392009264,0.04007860978289463,0.00444250039957395,0.0911379986067835,0.00021156236041377455,SAUDE
389479091,389479108,0,237.298,0,5,24.91275815479637,0.040132328217365364,0.00047844976043745165,0.02783169408811036,0.00018950188681298433,SAUDE
389479091,4678388125,0,62.947,0,6,25.119281991893455,0.039802371237792275,0.02198219501944709,0.035467444072398116,0.00021729368606538237,SAUDE
389479093,1397985540,0,14.2,0,4,25.254391044199963,0.03958943160887476,0.030238094124903615,1.1030762877512328e-06,0.00016986142159017653,SAUDE
389479093,6710270741,0,50.144,0,4,25.713182783246477,0.03888305059300405,0.024799039845012062,1.0531377046363495e-06,0.00017909085254959277,SAUDE
389479093,389479094,0,117.709,0,5,25.0293379656437,0.03994540280851654,0.006351277710215293,4.49802537657892e-06,0.00019595188763266912,SAUDE
389479094,431328410,0,117.515,0,6,24.80872418452036,0.04030062084740224,0.004433149589923706,4.953448276706876e-06,0.00021830421589482922,SAUDE
389479094,431328360,0,116.162,0,6,24.8907546805636,0.04016780527144286,0.002617534049501455,9.638957574057331e-06,0.000216039649256578,SAUDE
389479094,389479095,0,115.374,0,6,24.623045744064854,0.04060452136832534,0.009008466119159446,1.1385079020625547e-05,0.00021897094676200007,SAUDE
389479095,431328403,0,116.966,0,5,24.62748504149778,0.04059720208472119,0.0032220465770755207,9.58868326406557e-06,0.00018964391413798682,SAUDE
389479095,389479096,0,12.657,0,6,24.63308241652191,0.04058797718297499,0.010133333887455387,2.344087565774865e-05,0.0002165798571230965,SAUDE
389479095,431328359,0,116.142,0,5,24.8895966029724,0.0401696742223911,0.003554173482800831,1.9090009326435883e-05,0.00018928366340836145,SAUDE
389479096,389479097,0,115.95599999999999,0,6,24.636556649295503,0.04058225349023049,0.021032395187380704,4.928948863035555e-05,0.00021012902291489647,SAUDE
389479096,1350191095,0,116.487,0,5,25.095541401273884,0.03984002461159822,0.017202545983039365,3.4117912331256846e-05,0.0001855158243971848,SAUDE
389479096,431328404,0,115.874,0,5,24.479251109824357,0.04084303815433622,0.0064042656315666715,2.3143948874418046e-05,0.00018237609766395992,SAUDE
389479097,1350191097,0,117.096,0,6,25.01080872418452,0.03997499633433914,0.002522986974148994,7.579912804887307e-05,0.00021022569321802476,SAUDE
389479097,431328405,0,115.893,0,6,24.433507044972014,0.04091950391026147,0.017031807125351586,5.2782613739870256e-05,0.00020723180439797986,SAUDE
389479097,389479098,0,116.352,0,6,24.68867014089944,0.04049659140659203,0.007161508050094712,9.900538505077964e-05,0.0002076727846141486,SAUDE
389479098,389479099,0,116.11,0,6,24.76182204207682,0.04037695551519592,0.006931201071672052,0.00020474866967906222,0.0002167134676466263,SAUDE
389479098,1350191101,0,116.784,0,6,25.145338737695425,0.03976112620703419,0.011631368226052707,0.00013683781127677336,0.0002110062586118569,SAUDE
389479098,431328406,0,117.611,0,6,24.60374445087821,0.04063637504706916,0.011427035718880723,9.978905931193041e-05,0.0002133996715705131,SAUDE
389479099,4370169217,0,68.95700000000001,0,5,25.04072572862382,0.03992723685021891,0.008282046739848874,0.0005533409390626248,0.00020242067544941244,SAUDE
389479099,431328415,0,116.372,0,6,24.589268480988228,0.04066029812318971,0.0060297137561319235,0.0001929452915623707,0.00022795491710692411,SAUDE
389479099,1350191099,0,117.03,0,5,25.147075854082225,0.039758379577394524,0.00543732264847484,0.00019871844511200662,0.00019143149172636304,SAUDE
389479104,389479108,0,257.24600000000004,0,5,24.830920671685003,0.04026459591601956,0.0006064173221324487,0.007003871425190858,0.0002017744602820702,SAUDE
389479104,4370164413,0,50.101,0,5,25.158849642926075,0.03973977352932151,0.015136882866043939,0.0023836925951255246,0.00022225037858026374,SAUDE
389479104,4370169217,0,126.578,0,5,24.86894421926269,0.04020303307824845,0.0080704413807267,0.0023934266060044356,0.0002100669757579468,SAUDE
389479108,1397985095,0,74.123,0,4,25.233545647558387,0.039622136382759014,0.00036485473950116203,0.006640068111701858,0.00016513686196943157,SAUDE
389479111,431328378,0,29.554,0,4,24.783053464582128,0.040342364934852534,0.0060882428980167805,4.504684024962815e-09,0.00017262756395210164,SAUDE
389479111,431328364,0,239.649,0,4,24.371356880911023,0.0410238540247727,0.04564389934996289,5.616372964649076e-09,0.00017224999937639744,SAUDE
389479112,431328378,0,115.743,0,5,25.20903300521135,0.03966066397157907,0.00512303154634166,1.1291957703509179e-08,0.000205746529222405,SAUDE
389479112,8003048340,0,43.884,0,5,25.64910248986682,0.03898019384745049,0.005865208771544309,2.2207921959662105e-08,0.00021184813316418356,SAUDE
389479112,431328381,0,115.354,0,6,25.37251495850222,0.039405119622684566,0.0013716252451773632,2.4695669892729986e-08,0.00023071992609311037,SAUDE
389479112,431328402,0,53.211,0,5,25.698706813356495,0.03890495324646063,0.003620321802919219,1.1048186421056465e-08,0.00021654144631482036,SAUDE
389479113,445230361,0,111.762,0,6,25.463231036479446,0.039264733750236876,0.009749604365512067,1.0252935096257306e-05,0.0002052591416663942,SAUDE
389479113,431328468,0,115.659,0,6,25.441420575178537,0.039298394683336874,0.006745570183800554,4.102280880247344e-06,0.00020560777332224946,SAUDE
389479113,431328362,0,119.80099999999999,0,6,25.25709322524609,0.03958519605370748,0.0009892810283674129,4.873939443584896e-06,0.0002081961992886663,SAUDE
389479113,431328319,0,114.095,0,6,25.39625554912179,0.039368283451640854,0.0035617926610343625,4.989763799622272e-06,0.000212211473183747,SAUDE
389479116,1350191099,0,116.35600000000001,0,5,25.874541594286818,0.03864056812078534,0.004523887076159401,0.00016107733344249925,0.00019958764899243776,SAUDE
389479116,2424531897,0,67.811,0,5,26.370005790387957,0.03791455318650593,0.008529150543013638,0.0002903969393594651,0.00021243771038349134,SAUDE
389479116,445226092,0,116.612,0,6,26.041111754487552,0.0383934064142189,0.009843285625156172,0.00023816389375796675,0.00023201982617615633,SAUDE
389479116,1397985207,0,67.891,0,5,26.536575950588688,0.037676563431913064,0.014179637018885692,0.00014939993503602887,0.00022152150925232794,SAUDE
389747500,389747507,0,50.095,0,4,24.679212507237985,0.040512110618396255,0.0033313125194700307,1.520812532222503e-06,0.00018770513255776848,SAUDE
389747500,445230362,0,95.46600000000001,0,5,24.21810461300907,0.04128345314567161,0.005429010817674624,7.02099607801281e-07,0.00021243448647318067,SAUDE
389747505,389747535,0,93.19,0,4,23.581161937849835,0.04239854633555421,0.0009908394966424534,2.9402939458991675e-08,0.0001749657578187383,SAUDE
389747505,389747621,0,99.814,0,5,23.054622659718202,0.043366877082531015,0.02927548022035356,4.098604273055152e-08,0.0002043883456061791,SAUDE
389747505,2421037116,0,38.32,0,4,23.44836904072573,0.04263865795235665,0.029793930666517057,4.878330874486899e-08,0.00017168083520496003,SAUDE
389747507,389747509,0,46.179,0,4,25.360355143794635,0.03942401363857769,0.000831529406304974,1.4531072989250755e-06,0.00020290427916904593,SAUDE
389747507,389747587,0,51.983,0,4,25.014282956958116,0.03996944420867445,0.002844724091374034,6.958772573593128e-06,0.0001939404687510857,SAUDE
389747509,389747515,0,76.696,0,3,26.21443736730361,0.03813955543120522,0.0005908326393820431,3.0456633151404964e-07,0.0001612784090618988,SAUDE
389747509,389747515,1,96.85600000000001,0,3,26.21443736730361,0.03813955543120522,0.0,3.045663315117938e-07,0.0001612784090618988,SAUDE
389747515,389747520,0,56.741,0,4,25.86045165026057,0.03866162125045715,0.000605724669565764,1.472906011099126e-07,0.00020291176518185997,SAUDE
389747520,389747602,0,53.113,0,4,25.829762594093804,0.03870755619320899,0.00294152228756822,1.757870460104362e-07,0.00019306536412564085,SAUDE
389747527,389747702,0,51.114,0,5,22.98919127581548,0.04349030703485102,0.04818437580142067,6.694822847488914e-09,0.00020339060686489508,SAUDE
389747527,389747715,0,201.196,0,4,23.388342018915267,0.042748091603053436,0.00032398823806676513,1.764812633892008e-08,0.00017934471184793025,SAUDE
389747527,389747728,0,75.386,0,4,23.432734993244548,0.04266710596762901,0.0476681764760989,9.35249890205277e-09,0.00017892055312407245,SAUDE
389747528,389747701,0,256.527,0,5,23.60470951553754,0.042356250408844116,0.00508891840743244,4.132628135722765e-07,0.000208638763233149,SAUDE
389747528,445230362,0,96.925,0,6,23.599112140513416,0.04236629671129577,0.0035207529964582946,5.538586387263062e-07,0.00024085667156402635,SAUDE
389747528,389747617,0,168.44799999999998,0,5,23.287782281412856,0.04293268354136622,0.005185197114201612,2.243199688732137e-07,0.0002028507132779661,SAUDE
389747528,8524810244,0,112.47,0,5,23.93823586180274,0.041766109785202864,0.003574087244093016,2.0600200137108505e-07,0.00020818604103733617,SAUDE
389747534,389747644,0,297.17100000000005,0,4,25.486585601235284,0.03922875361616406,0.0009265959710824481,0.00014003684760385582,0.00018875177050387438,SAUDE
389747534,389747587,0,87.867,0,4,25.2783246477514,0.03955194820069178,0.002348958016769465,3.357411009745234e-05,0.00019223908435787374,SAUDE
389747534,389747655,0,167.56900000000002,0,4,25.844817602779386,0.038685008439007636,0.0015117142267893425,5.602276693354261e-05,0.00019066023150314312,SAUDE
389747535,389747538,0,96.783,0,5,23.991507430997878,0.0416733708769107,0.0006604442223338547,6.57297755267019e-08,0.00021397766985753529,SAUDE
389747538,389747544,0,83.309,0,5,23.855819339895774,0.04191040235604424,0.01843910397771321,1.440825727739327e-07,0.00020929162103376856,SAUDE
389747544,389747617,0,30.375,0,4,23.28527311329859,0.04293730986977893,0.024037641511083913,1.483476698065168e-07,0.0001673640531757776,SAUDE
389747544,445230362,0,169.225,0,5,23.59776104999035,0.04236872239489612,0.005987115623280815,4.778863396580598e-07,0.00020586691252271646,SAUDE
389747587,389747589,0,131.93200000000002,0,4,25.53561088592936,0.039153439153439155,0.0006401841347583275,6.976849470022411e-06,0.00019307913978430577,SAUDE
389747589,389747603,0,42.357,0,4,26.055008685581935,0.038372928565608075,0.00029004826229921517,1.5633304311493506e-06,0.00019175494715333778,SAUDE
389747589,389747596,0,93.7,0,4,26.303995367689634,0.038009700545197055,0.0003463262833423465,1.5417314567563563e-06,0.00019246676583213913,SAUDE
389747591,8729513618,0,22.525,0,4,25.677089364987456,0.03893770718543519,0.003438327341022816,1.1342560144329452e-06,0.00017565028796668458,SAUDE
389747591,389747603,0,204.88,0,4,26.12623045744065,0.038268321513002364,0.00023827248293953438,5.971998463587347e-07,0.00018790829444092385,SAUDE
389747591,389747602,0,63.227999999999994,0,4,26.02547770700637,0.03841647013453181,0.0030476712934126493,3.753589363553724e-07,0.00018834950286348938,SAUDE
389747596,389747602,0,64.592,0,4,25.989577301679212,0.038469536286130174,0.0008857294696480512,4.4050624914916644e-07,0.0001920331519414233,SAUDE
389747596,389747603,0,82.472,0,4,26.409573441420577,0.0378577484140673,6.008761015989712e-05,6.623471591500768e-07,0.0001915919435188578,SAUDE
389747609,389747610,0,119.227,0,2,25.89770314611079,0.03860601001669449,0.0005884083553986467,8.848625396785273e-08,0.00010958576394996288,SAUDE
389747617,389747621,0,70.971,0,5,22.898668210770122,0.04366223301134544,0.029345091803305374,8.157797583052342e-08,0.00020095275825599384,SAUDE
389747621,431359354,0,14.897,0,6,22.453966415749854,0.04452696546151598,0.035292899393426835,5.6999346585487395e-08,0.00023200771903870182,SAUDE
389747624,445230362,0,195.135,0,5,23.879559930515345,0.041868735855156804,0.007095013403692982,1.4406365264078326e-06,0.00021362561195532208,SAUDE
389747624,389747701,0,54.555,0,4,23.645242231229492,0.042283643250126526,0.002726453665612623,1.3000407012528815e-06,0.00017995964734907546,SAUDE
389747624,1397985355,0,28.463,0,4,23.90040532715692,0.04183221888425881,0.007310601515073592,5.97683181899337e-06,0.00019584019613931382,SAUDE
389747644,389747666,0,63.543,0,4,25.44006948465547,0.03930048177231516,0.0014396783598541343,0.0006458660875345027,0.00017977271014610262,SAUDE
389747644,389747655,0,159.458,0,4,25.929550279868753,0.03855859343015163,0.00036312310808445027,0.0001404223785537779,0.00018846234339326247,SAUDE
389747655,389747658,0,88.071,0,4,26.128932638486777,0.03826436391035206,0.0017602033350874761,3.63710128693619e-05,0.00019009258563498923,SAUDE
389747666,389747676,0,102.537,0,4,25.702374059061956,0.03889940224084588,0.03495384596203468,0.000646871066965659,0.00017950645994394798,SAUDE
389747667,389747678,0,62.373,0,4,26.990542366338545,0.03704286388535305,0.008781102914145196,4.887635770681393e-05,0.0001896286544101714,SAUDE
389747676,389747678,0,168.233,0,4,26.265971820111947,0.03806472472884395,0.0,0.00014871796131244662,0.00018688718788775738,SAUDE
389747677,389747678,0,82.68,0,4,26.63983786913723,0.037530520717861775,0.008473911500820533,9.540341979641992e-05,0.0001839097184444445,SAUDE
389747701,389747711,0,26.901,0,4,23.605481567265006,0.042354865085854454,0.007902992622730675,3.006043799722245e-07,0.0001776873434717041,SAUDE
389747702,389747757,0,113.947,0,5,22.981277745608956,0.0435052827843381,0.021913622415345304,5.947452155452563e-09,0.0001975759740230057,SAUDE
389747702,1397985505,0,65.787,0,5,22.843273499324454,0.043768113492915144,0.02408543453818516,3.6655182801974705e-09,0.00019188130649423207,SAUDE
389747705,389747711,0,61.555,0,5,23.69832078749276,0.042188938027870763,0.008299363054015992,9.668118118047368e-08,0.00021380971256976825,SAUDE
389747705,4369172325,0,30.666,0,5,23.754680563597763,0.04208884158182542,0.02103308783994739,1.312553283259885e-07,0.0002195484292589938,SAUDE
389747705,389747734,0,112.599,0,5,23.80833815865663,0.04199398464544268,0.0015389008400317167,5.206052853355694e-08,0.00020969351309989197,SAUDE
389747705,389747764,0,85.643,0,5,23.454931480409186,0.04262672811059908,0.015146406838835853,5.059058201908609e-08,0.00021019753818235737,SAUDE
389747707,8003106350,0,24.955,0,5,25.317699285852154,0.039490436148233984,0.024929431690690455,3.79492828055851e-07,0.00018821341765159805,SAUDE
389747707,5699822308,0,63.894,0,5,25.459756803705847,0.03927009180710652,0.023524212796028884,2.648625908795172e-07,0.00019463183041288268,SAUDE
389747707,431328397,0,116.10600000000001,0,6,25.12294923759892,0.039796561208340374,0.014536699417011651,3.158958438087889e-07,0.00021323774216550258,SAUDE
389747707,445230357,0,116.645,0,6,24.90310750820305,0.0401478806104338,0.01596477584637382,7.195893249265876e-07,0.00021646556116651424,SAUDE
389747709,4369244618,0,65.895,0,4,26.104806022003473,0.03829972864864065,0.0018247931869308236,2.4912871205306603e-08,0.0001776213957745403,SAUDE
389747709,431328399,0,104.942,0,5,26.112333526346266,0.03828868783631956,0.0010162944784681159,5.043699365528846e-08,0.00019684447407775131,SAUDE
389747709,431328435,0,39.221,0,4,25.950588689442192,0.03852733358125697,0.0022973554005514553,1.64372909996739e-08,0.00017095347911108945,SAUDE
389747711,389747715,0,117.095,0,4,23.70276008492569,0.04218103644832416,0.0005134287150550287,7.019880564075843e-08,0.00018050661177552015,SAUDE
389747715,4370198364,0,229.018,0,4,23.808531171588495,0.04199364420520137,0.00035186750387582405,2.413721432601164e-08,0.00018307389506616486,SAUDE
389747728,4370198364,0,18.964,0,4,23.858328508010036,0.04190599466062616,0.003844394908241717,1.5841586883993975e-08,0.00018264973634230707,SAUDE
389747734,389747765,0,75.696,0,5,23.651225632117352,0.04227294613055649,0.0044423272364322785,2.454066206914628e-08,0.00020729743038869244,SAUDE
389747734,389747764,0,76.69,0,4,23.766454352441613,0.04206799096918804,0.0029983197980363646,2.2554071380897515e-08,0.00017108095864686135,SAUDE
389747737,389747739,0,243.955,0,4,23.853503184713375,0.04191447182101388,0.00010995859496119501,4.883983493429e-07,0.00017272654384481518,SAUDE
389747739,389747741,0,48.239,0,5,23.90580968924918,0.04182276191706498,0.010515678104265338,5.783382398113312e-07,0.00021603265597662432,SAUDE
389747741,389747742,0,68.305,0,3,24.374252074889018,0.041018981177197246,0.0005884083553986467,4.854509142260614e-07,0.00013921454617865544,SAUDE
389747741,4369172325,0,43.056,0,5,24.02277552596024,0.041619128730054154,0.020768840885757176,5.178485321097042e-07,0.00022326921216055188,SAUDE
389747757,445230360,0,178.438,0,5,23.077205172746574,0.04332443983506603,0.0037858657663568606,7.702017716079029e-09,0.00019958051381785148,SAUDE
389747757,389747764,0,93.686,0,4,23.12005404362092,0.0432441457611554,0.0181069770719879,1.3876674036560984e-08,0.00016835256292116699,SAUDE
389747758,410248079,0,109.74,0,5,22.687705076240107,0.0440682291888213,0.012217005971184615,1.8357085370593878e-09,0.0002024062177531054,SAUDE
389747758,8935317538,0,177.764,0,4,23.156726500675546,0.04317566159616587,0.0038864735516678122,2.075579199993976e-09,0.0001817621938565578,SAUDE
389747761,389747762,0,98.154,0,6,23.359969117930902,0.042800013220081305,0.0026204778229098648,2.552687183762234e-08,0.00023363979632770647,SAUDE
389747761,4678555351,0,95.54,0,5,23.792511098243583,0.042021919541815056,0.0021325040896804986,1.3647584770202065e-08,0.00020245944541960118,SAUDE
389747761,4678388132,0,53.744,0,6,23.46998648909477,0.04259938485830359,0.0337649078313204,2.3630487159197814e-08,0.00023179380969748717,SAUDE
389747761,4370205534,0,105.673,0,5,23.543717429067748,0.042465978029185114,0.03387400061057324,1.0729528670563742e-08,0.00021642565870181506,SAUDE
389747765,445230360,0,93.089,0,6,23.011194750048254,0.04344872128232442,0.021152743570842167,1.68960592368131e-08,0.00023846023166601161,SAUDE
389747765,389747772,0,144.471,0,5,23.666859679598534,0.04224502112251056,0.0022731125607174914,1.5681878100102422e-08,0.0002195020445202046,SAUDE
389747768,389747773,0,14.351,0,2,25.86045165026057,0.03866162125045715,0.0005884083553986467,8.985011350356867e-10,0.0001214585331918261,SAUDE
389747770,389747773,0,47.26,0,4,24.8614167149199,0.04021520569534264,0.0006465911710001609,4.059611549376346e-09,0.000211977124153502,SAUDE
389747770,6113236965,0,140.446,0,4,24.305732484076433,0.04113461660631472,0.0012521426774242538,1.6509654384410093e-08,0.00018956492731530533,SAUDE
389747770,389747772,0,92.11800000000001,0,4,24.21327928971241,0.04129168028441837,0.0005473686908225786,6.423182918218836e-09,0.00019611345519931375,SAUDE
389747772,389747774,0,32.912,0,4,24.44605288554333,0.04089850380956141,0.0017049642928943717,3.923794704815233e-09,0.00020833083398723792,SAUDE
389747773,389747774,0,92.895,0,4,25.211735186257478,0.03965641316164199,0.0005298792135137901,1.5602233414319723e-09,0.00022419450294142615,SAUDE
389747774,6553827327,0,13.629,0,2,25.445087820883998,0.03929273084479371,0.0005884083553986467,8.767866716179245e-10,0.0001206585568617647,SAUDE
389747778,467928446,0,114.641,0,4,24.61551823972206,0.04061693836105165,0.001081403819736477,4.3745650391846045e-08,0.000170090550879182,SAUDE
389747778,467928455,0,89.356,0,5,24.173325612816058,0.041359927180977626,0.018339362008110618,5.836261087783321e-08,0.00020032340199174742,SAUDE
389747781,4370205534,0,72.27,0,4,23.596795985331017,0.0423704551961065,0.034174265498231056,2.232436217725036e-09,0.00019406633085144052,SAUDE
389747781,389747792,0,15.67,0,4,23.595251881876084,0.04237322797287459,0.03866040300950614,5.018811567873782e-10,0.00019240510142444912,SAUDE
389747781,389747785,0,30.621,0,4,23.582706041304768,0.042395770244389515,0.0060359476292320855,6.593957163815857e-10,0.00019086053249462551,SAUDE
389747783,389747785,0,47.176,0,4,23.2219648716464,0.04305436652730794,0.005769622717341822,1.024335755393884e-09,0.0001861436235635134,SAUDE
389747783,389747784,0,184.074,0,4,22.854082223508975,0.043747413581967286,0.00021731974279732243,1.1009005513057215e-09,0.00017955194156184966,SAUDE
389747784,389747791,0,45.632999999999996,0,4,22.66975487357653,0.044103122977897355,0.026146595413497134,4.422192314601557e-10,0.00018019666637470575,SAUDE
389747784,410248079,0,54.846,0,5,22.652383709708552,0.04413694381486341,0.02609724391812085,1.138283805125355e-09,0.0002031396251267104,SAUDE
389747785,389747791,0,185.425,0,4,23.025670719938237,0.04342140557939914,0.00023203860983937215,3.6565443727954245e-10,0.00018678834837636946,SAUDE
389747791,389747794,0,45.32599999999999,0,4,22.797915460335844,0.043855193199905176,0.02619057885148161,1.610998672219009e-10,0.00018212379978909944,SAUDE
389747792,389747794,0,187.12699999999998,0,4,23.04651611657981,0.04338213125188436,0.03169612777777489,1.344701800424941e-10,0.0001862375689211398,SAUDE
389747794,389747795,0,51.425,0,5,22.44180660104227,0.0445510918457741,0.05771908470811881,6.528387729492445e-11,0.00021048502632260195,SAUDE
389747795,389747798,0,98.279,0,5,22.595251881876084,0.04424854355662618,0.00537983248544001,3.02272956438223e-11,0.00021707930692548713,SAUDE
389747795,389747805,0,267.60699999999997,0,6,22.148426944605287,0.045141218812907946,0.024177037840129208,2.8426422430748848e-11,0.0002368056266251085,SAUDE
389747795,410246028,0,14.095,0,6,22.19764524223123,0.045041128288958836,0.03611802176348997,5.410580802761915e-11,0.000236790374326707,SAUDE
389747797,429402556,0,7.042,0,3,24.04207681914688,0.041585716350090715,0.0005884083553986467,2.4087605524965384e-12,0.0001469518247358778,SAUDE
389747798,8934979080,0,109.407,0,4,23.430611850994016,0.04267097220620459,0.004647525559312618,1.053974964928806e-11,0.00020729208167129219,SAUDE
389747800,389747801,0,75.052,0,4,24.450685195908125,0.040890755373818866,0.0002561082865316652,1.6112002401026023e-11,0.0001978939292369522,SAUDE
389747800,8618149384,0,74.362,0,4,24.306697548735766,0.04113298341181422,0.02030303203466172,1.643947187033806e-11,0.00019606505122341842,SAUDE
389747801,429402556,0,73.567,0,5,23.86469793476163,0.041894810057989534,0.003973401448786741,5.186092184194084e-12,0.00023553131614060938,SAUDE
389747801,8934979083,0,60.368,0,4,24.32059447983015,0.04110947978254831,0.003986735010695422,4.03660077577117e-12,0.00021077957248440233,SAUDE
389747803,4452029410,0,27.643,0,4,24.822042076819148,0.040278998157119196,0.015391779010583905,7.303484010332996e-15,0.00019180319393924454,SAUDE
389747805,431359343,0,14.091,0,6,22.437174290677476,0.04456028972790696,0.08446136132896478,1.0565534307740158e-11,0.00023360508707821303,SAUDE
389747805,1397985986,0,298.812,0,5,22.332561281605866,0.04476902467481959,0.0610206131672214,8.508576564654526e-12,0.00020154598223072796,SAUDE
389747805,431328659,0,61.223,0,5,22.453966415749854,0.04452696546151598,0.057275787065440606,9.107029768159541e-12,0.00020857770030281123,SAUDE
405645600,7984898204,0,279.382,0,4,24.93977996525767,0.0400888455495964,0.043645596695077546,6.503742571809013e-13,0.00017991716779853915,SAUDE
405645600,409289431,0,68.96,0,4,24.49662227369234,0.04081407534057691,0.04417478325602465,5.092955667837228e-13,0.00017739868318294454,SAUDE
405645600,411317394,0,267.592,0,5,24.40513414398765,0.04096707607380401,0.0006514397389669538,2.2274029937105323e-12,0.00020518083035166385,SAUDE
405653520,411317476,0,144.155,0,6,23.31731325998842,0.04287831003170346,0.04064346730792442,1.2138488920661358e-10,0.00022680436156116807,SAUDE
405653520,1920635302,0,24.477,0,5,23.141092453194364,0.043204830933991696,0.01186357999903375,1.5726558651668458e-10,0.00019589425652895957,SAUDE
405653520,8739906705,0,10.007,0,5,23.85176606832658,0.04191752443840228,0.011753275077789213,8.453259612618182e-11,0.0001984571043085315,SAUDE
405653520,8739906709,0,10.714,0,5,23.35842501447597,0.04280284250537101,0.04068554595135051,1.2406803687783462e-10,0.00019628602797984633,SAUDE
405705081,1920635310,0,168.947,0,5,23.58521520941903,0.04239125987151684,0.001242445541490668,2.488348343394763e-10,0.0002019964228425648,SAUDE
405705081,4369171010,0,175.168,0,4,24.289326384867785,0.04116240076921243,0.011435001223397596,9.332652700911223e-11,0.00017735422644903998,SAUDE
405705081,1920635242,0,109.338,0,5,24.18780158270604,0.0413351739987392,0.01055308134286631,2.919653750753196e-10,0.0002087661503432123,SAUDE
405734786,1920635294,0,113.582,0,5,23.765682300714147,0.04206935758953951,0.001055602511627472,2.0073980442993877e-11,0.0001983442062677956,SAUDE
405734786,411317476,0,211.721,0,5,23.398764717236055,0.042729049979790316,0.04054528380659686,7.653146323340379e-11,0.00019602737683399368,SAUDE
405734786,4369172257,0,87.345,0,4,24.097085504728817,0.041490784720497886,0.04153196738783921,2.0395078846270494e-11,0.00017439669156058774,SAUDE
405744107,467923906,0,113.495,0,4,25.662806408029336,0.03895937845501245,0.0017524109937122733,5.824885166277471e-14,0.0001796572402007897,SAUDE
405744107,1920635382,0,41.154,0,4,25.372321945570352,0.03940541938624918,0.003168539166299128,1.5366343436779543e-13,0.00017646679926584414,SAUDE
405744107,467923806,0,88.128,0,4,25.15904265585794,0.03973946865722023,0.004722851525939579,5.8436907401604e-14,0.0001824380043102761,SAUDE
405754199,2421037128,0,8.065,0,4,25.36614553175063,0.03941501422897232,0.003640928216778089,6.919182467047339e-11,0.00021402271329221166,SAUDE
405754199,4129332587,0,88.91,0,4,25.87705076240108,0.03863682133826612,0.012726105607697864,1.5816460396440815e-11,0.0002115415429265389,SAUDE
405754199,1397985215,0,82.57900000000001,0,4,25.596988998262884,0.03905955450994586,0.014863285102203484,2.0951677934467464e-11,0.0001911973933691792,SAUDE
405754231,679610760,0,38.154,0,4,24.85543331403204,0.04022488662483693,0.0016713706434101643,3.3778690775219957e-10,0.00021995567761660067,SAUDE
405754231,2527836467,0,113.767,0,4,24.289326384867785,0.04116240076921243,0.004492544547516918,1.6047055392058404e-09,0.00021645931930651223,SAUDE
405754231,2421037128,0,109.958,0,4,24.872611464968152,0.04019710549800178,0.0031259410334480192,3.3188088276201804e-10,0.00022002446338828882,SAUDE
408439388,8739906709,0,6.434,0,5,22.86411889596603,0.04372820976033902,0.04505254722115583,3.2227652306869537e-10,0.00019490066784471672,SAUDE
408439388,1920635302,0,30.378999999999998,0,5,22.85176606832658,0.04375184762870054,0.0017513720148622462,3.554740784610664e-10,0.00019450889639383001,SAUDE
408439388,410246888,0,120.919,0,6,22.316927234124687,0.04480038746281049,0.04488561795258482,1.1091047368778163e-09,0.00021952633791636004,SAUDE
408439388,1920635360,0,212.304,0,5,22.811426365566494,0.043829218350735284,0.0018912878333325542,3.3654293388439206e-10,0.00019703560566540108,SAUDE
409289431,1920635235,0,95.515,0,5,24.444701795020265,0.04090076432316341,0.013985521137072307,1.8251077008419847e-13,0.00020791929510948948,SAUDE
409289431,1920635286,0,67.67399999999999,0,4,24.967766840378307,0.04004390915134742,0.04389651008735908,1.251272083890876e-13,0.00018817112894622506,SAUDE
409290291,409290296,0,90.673,0,4,25.804091874155567,0.03874606368416722,0.03985470919761222,9.4943933567182e-15,0.00018804932492566821,SAUDE
409290291,467890299,0,25.704,0,4,26.142250530785564,0.03824487053594501,0.06998578850096306,8.849189376610587e-15,0.00019083147184416528,SAUDE
409290291,467897338,0,92.156,0,4,25.79270411117545,0.03876317049808429,0.031407291657467376,7.586309331400209e-15,0.0001805140631445446,SAUDE
409290296,1920635286,0,21.921,0,4,25.519397799652577,0.039178314273612874,0.04412612441321505,3.250027843525799e-14,0.00019276822297531682,SAUDE
409290296,1397985297,0,182.84400000000002,0,4,25.445859872611464,0.03929153866575644,0.003968379717678277,1.0370063811629224e-14,0.00018098493558459238,SAUDE
409290312,1920635200,0,55.501999999999995,0,4,25.693302451264234,0.03891313656407521,0.0023312953763190056,2.9552999808029157e-12,0.0002040184804632943,SAUDE
409290312,7541610297,0,33.214,0,4,25.7222543910442,0.038869337495403965,0.0046681319731714885,9.698707817297862e-13,0.00019570845406794509,SAUDE
409290312,467897403,0,159.857,0,4,26.127581547963715,0.03826634260935088,0.0026440280101771444,1.3087796098293704e-12,0.00019866600050500629,SAUDE
410044906,1920635359,0,30.395000000000003,0,5,24.85002895193978,0.040233634697238015,0.0051187024677998814,3.4752974424141723e-15,0.00020535134259869447,SAUDE
410045065,410045070,0,39.97,0,5,24.860065624396835,0.04021739130434782,0.0007037350077516481,9.329677096574075e-17,0.00020739934889395768,SAUDE
410045070,2062147004,0,115.535,0,4,24.416521906967766,0.04094796920206795,0.0358217396280906,6.874538509870789e-17,0.000171841713758229,SAUDE
410045070,468002604,0,65.288,0,4,24.45203628643119,0.040888495966405126,0.035095839738205035,1.6551048044970696e-16,0.00017251639829851057,SAUDE
410246028,467923960,0,112.08399999999999,0,5,22.09959467284308,0.04524096490768398,0.05112728339412226,1.3332808124781953e-10,0.0001986921857556572,SAUDE
410246028,411322144,0,144.099,0,5,22.523837097085504,0.04438883937752794,0.04909971616829449,3.9742991455096334e-11,0.00020070800556828107,SAUDE
410246887,410246888,0,15.265,0,6,22.344528083381586,0.04474504824345452,0.02010510656373157,2.5171895151425614e-09,0.00021522557696636454,SAUDE
410246887,410248079,0,243.44300000000004,0,6,22.64755838641189,0.04414634769936167,0.02553377105512285,2.478769895053438e-09,0.00022298483140520647,SAUDE
410246887,445230360,0,108.23,0,6,22.858328508010036,0.04373928683008385,0.021040707018180917,6.032726653796412e-09,0.0002255145334731228,SAUDE
410246887,1397985505,0,149.21699999999998,0,5,22.888631538313067,0.04368137891488034,0.025034195391401518,2.7179982632555757e-09,0.0001863018738214675,SAUDE
410246888,410250058,0,154.266,0,6,22.260567458019686,0.04491381403253217,0.026251532277349863,2.1051900506307677e-09,0.00021506360591049757,SAUDE
410246888,410248081,0,240.376,0,6,22.037444508782087,0.04536855381165919,0.05302965366852177,1.300419558240557e-09,0.00021706122675640865,SAUDE
410248079,410248081,0,14.805,0,6,22.176799845589656,0.04508346533447057,0.012213196382067849,1.2619999350949103e-09,0.00022482048119525064,SAUDE
410248081,1920635344,0,130.17100000000002,0,6,22.166184134337,0.045105056468395986,0.010080692292387351,5.908793179855766e-10,0.00022987880801368665,SAUDE
410248081,467923960,0,85.17500000000001,0,5,21.96159042655858,0.04552525421196488,0.051128149209830616,5.49341648253691e-10,0.00019251786422770067,SAUDE
410250058,1397985505,0,14.826,0,5,22.547191661841342,0.04434286105618189,0.001253527982557623,2.3059987997665875e-09,0.00018613061441166608,SAUDE
410250058,1920635315,0,38.197,0,5,22.537348002316154,0.04436222873096621,0.0007955114728373699,2.033728885481566e-09,0.0001885726323066207,SAUDE
411200627,411200628,0,115.59899999999999,0,5,23.554333140320402,0.042446839021592166,0.004752981912590363,7.876581241533878e-12,0.0001972394637064256,SAUDE
411200627,1920635198,0,41.44,0,4,23.24030110017371,0.04302039731579297,0.014134268275767845,2.1375276064463505e-11,0.00017252469899472128,SAUDE
411200627,1920635357,0,22.686999999999998,0,4,23.867979154603358,0.041889050622675075,0.017755109568112076,5.468406408978592e-12,0.00017456222755662807,SAUDE
411200628,411200629,0,216.04199999999997,0,6,23.749855240301102,0.04209739288732852,0.0014365614233040533,5.849634580290203e-12,0.00021881460265497246,SAUDE
411200628,411201188,0,116.057,0,6,23.768770507624012,0.04206389164081659,0.024299117855007386,1.1779925906291214e-11,0.00022165570074470263,SAUDE
411200628,1920635370,0,116.513,0,6,23.612816058675932,0.04234170903562262,0.021638985672654824,4.792347246066605e-12,0.0002290453246940971,SAUDE
411200629,411200630,0,115.992,0,6,24.16077977224474,0.04138140393203224,0.0010895424873950221,3.045523875495412e-12,0.0002202485739299287,SAUDE
411200629,1920635252,0,115.705,0,6,24.274850414977802,0.041186947395203864,0.0006043393644323946,6.210890296410334e-12,0.00021850897317429087,SAUDE
411200629,1920635296,0,116.573,0,6,24.413240687126038,0.040953472743803614,0.0007795804638036219,2.8824275227211074e-12,0.00022187198152520693,SAUDE
411200630,1397985576,0,141.805,0,5,24.815672650067555,0.04028933654818387,0.0010862523877032697,1.0489576206615432e-12,0.00020416498430060026,SAUDE
411200630,1920635270,0,116.211,0,6,24.28816830727659,0.04116436342252279,0.00498276940158801,1.771716346040685e-12,0.0002265588186740179,SAUDE
411200630,1920635246,0,116.566,0,6,24.72650067554526,0.040434633278171546,0.004456526614049315,1.2851053313408264e-12,0.00022699264184828462,SAUDE
411201188,1920635252,0,214.57,0,6,23.64697934761629,0.0422805370770926,0.0028130352364482093,1.2141181004361372e-11,0.00022135007126402098,SAUDE
411201188,12222384996,0,128.073,0,5,23.446438911407064,0.04264216800026343,0.001025472124976688,1.4814500621442798e-11,0.00019559776710039058,SAUDE
411201188,1920635338,0,115.54599999999999,0,6,23.606832657788072,0.04235244098865969,0.022433285003500492,2.820542949475026e-11,0.0002249829586117823,SAUDE
411317394,1920635270,0,114.779,0,6,24.376568230071413,0.04101508373253098,0.0054516951892335476,2.722445418727389e-12,0.00023088407502453118,SAUDE
411317394,1920635294,0,115.698,0,6,24.080486392588302,0.04151938506424283,0.0008663351977808798,7.717217192314563e-12,0.00023147074709475266,SAUDE
411317394,7541610300,0,110.55699999999999,0,5,24.731519011773788,0.04042642858257761,0.005434898364491444,2.332284665314844e-12,0.00020652270847354746,SAUDE
411317476,1920635310,0,115.54599999999999,0,6,23.29936305732484,0.042911344168861935,0.02184366450611015,2.343721523834753e-10,0.0002282142565400338,SAUDE
411317476,1920635338,0,116.799,0,6,23.5825130283729,0.04239611723590411,0.0217814989382502,8.245358369311276e-11,0.00022655559413591443,SAUDE
411320257,1920635336,0,146.873,0,4,24.538313066975487,0.040744731894944666,0.00022372677903915582,6.684597504417222e-13,0.00016999813900585946,SAUDE
411320968,8935317518,0,123.307,0,5,23.952132792897125,0.04174187725631769,0.015040084669849752,1.6901276851163187e-13,0.00022157046482965085,SAUDE
411320968,467923654,0,344.695,0,6,23.446245898475198,0.042642519036838855,0.014416351033550186,5.513171020690201e-13,0.00024046726611742095,SAUDE
411320968,1397985814,0,160.93899999999996,0,5,23.988805249951746,0.0416780651078963,0.008051912924567885,1.7926627829939357e-13,0.00021599632328418134,SAUDE
411322144,4370392656,0,298.08700000000005,0,4,22.95502798687512,0.04355503237198352,0.00011394134721963199,8.826111691633115e-12,0.00017066095466876117,SAUDE
411322144,431359343,0,120.33599999999998,0,5,22.596216946535417,0.0442466537400381,0.049003437461525315,1.0913873238642843e-11,0.00020022844512156783,SAUDE
411322345,467923654,0,186.845,0,5,23.494113105578073,0.042555638622117434,0.02920898557395183,9.000808619660729e-13,0.0002030907363840969,SAUDE
411322345,4370392656,0,13.406,0,4,23.427330631152287,0.04267694868055727,0.000491783322346132,2.10931609940899e-12,0.000171697395529247,SAUDE
411431219,431359305,0,36.919,0,5,24.345107122177186,0.04106808740050106,0.02107637862536518,4.6267075381802214e-17,0.00020539626325863673,SAUDE
411431219,468710733,0,27.598,0,6,24.744257865276975,0.040405616224648985,0.040096271780243505,9.62740774284617e-18,0.00023282898110586067,SAUDE
411431219,2069249256,0,50.712,0,5,24.372707971434085,0.04102157988517125,0.019024222233420107,4.85527182071606e-17,0.00020257432025647815,SAUDE
429402556,431328659,0,42.504,0,5,23.14070642733063,0.04320555166316351,0.048502822818953954,4.366353776995154e-12,0.0002266391642409574,SAUDE
429402556,8618149384,0,67.113,0,5,23.86180274078363,0.04189989322807131,0.05089282050029949,5.51356024326403e-12,0.0002336308345989475,SAUDE
431328319,431328366,0,118.034,0,5,25.467670333912373,0.039257889471610026,0.0006043393644323946,3.531982825824191e-06,0.0001928286784878995,SAUDE
431328319,431328489,0,115.463,0,5,25.573827446438912,0.03909492973478845,0.003871235195200749,2.7116761860037325e-06,0.00018580665756368528,SAUDE
431328319,431328374,0,81.285,0,5,25.82570932252461,0.038713631233978314,0.0013854782965110571,5.7365497641372385e-06,0.00018681639513341418,SAUDE
431328326,431328370,0,116.223,0,6,25.682493727079713,0.038929513531387856,0.025804251882413223,2.6895509430077955e-05,0.00021688385635191106,SAUDE
431328326,445230361,0,116.557,0,6,25.636363636363637,0.038999563325352725,0.025275931137174475,1.9546510392918002e-05,0.00020799123490177065,SAUDE
431328326,431328374,0,87.97399999999999,0,5,25.843273499324454,0.038687319820156246,0.0028935560973253048,1.590828735101295e-05,0.0001829832251355329,SAUDE
431328328,445225739,0,116.401,0,5,25.461686933024513,0.039267114928326144,0.005427625512541254,9.345498092358092e-05,0.00018718996654440589,SAUDE
431328328,431328369,0,116.25699999999999,0,5,25.504149778035128,0.03920173759053104,0.005337580678872244,0.00022038894014098624,0.0001837654119910761,SAUDE
431328331,431328333,0,119.268,0,5,25.704304188380622,0.0388964812951477,9.489340163580295e-05,0.0008404992043167059,0.00018092559035243438,SAUDE
431328331,1397985152,0,116.78099999999999,0,5,25.738660490252848,0.03884456176135341,0.01493497464285535,0.0007839417970305399,0.00018170885089786133,SAUDE
431328331,445225736,0,116.226,0,5,25.81219841729396,0.03873389514929,0.014935320969138693,0.00036905755855684113,0.00018459052946384104,SAUDE
431328333,1397985089,0,116.961,0,6,25.669368847712796,0.0389494183904416,0.008291397549499117,0.0018455633316654158,0.00020813969161630048,SAUDE
431328333,445226093,0,115.791,0,6,25.74657402045937,0.03883262240147534,0.0025761480586420442,0.0008151346126893606,0.00021244823625868274,SAUDE
431328333,431328335,0,114.61500000000001,0,6,25.776684037830535,0.03878726160435496,0.007198564962412343,0.0014433543015544346,0.000215196016178791,SAUDE
431328335,1397985037,0,117.12,0,6,25.879173904651612,0.038633651551312646,0.008509583108004795,0.0027819405425247587,0.00021580134984926713,SAUDE
431328335,431328338,0,115.385,0,6,25.888631538313067,0.03861953790753678,0.004107429720440229,0.0017085283752231064,0.00022691383837852494,SAUDE
431328335,6665810235,0,57.915,0,5,26.22524609148813,0.03812383622942012,0.011427555208305736,0.0010360498475799227,0.00019728177983254408,SAUDE
431328338,2424531897,0,48.075,0,5,26.266164833043813,0.038064445015982655,0.007895719770780487,0.001052926998902676,0.0002088464654466992,SAUDE
431328338,1397985095,0,62.412,0,5,25.726307662613394,0.03886321349258748,0.00027810000552390423,0.0024797414386336083,0.00020077462604595452,SAUDE
431328338,1397984936,0,116.306,0,5,26.142829569581163,0.03824402344845917,0.00459315233282787,0.0018922811409708342,0.00019720986211177702,SAUDE
431328339,431328366,0,116.97899999999998,0,4,25.5284694074503,0.03916439215804873,0.002596927635642585,2.119431758777027e-06,0.00017319723743741903,SAUDE
431328339,8029955018,0,114.114,0,4,25.346265199768386,0.039445929378079336,0.016717689186360078,2.410027934386591e-06,0.00018347719563565075,SAUDE
431328339,431328341,0,232.902,0,4,25.375410152480217,0.03940062371643721,0.018790971481589036,7.803591372066199e-07,0.0001804769648517992,SAUDE
431328341,431328355,0,118.708,0,4,25.546612623045743,0.03913657758939837,0.0007757708746868561,1.800407198744447e-07,0.00017602087027430557,SAUDE
431328341,4369177208,0,116.775,0,4,25.48562053657595,0.03923023909240312,0.018128102975271784,1.7139445396246965e-07,0.00017647800647200863,SAUDE
431328346,431328461,0,31.419,0,5,26.090137039181624,0.03832126238228049,0.021363656277397655,2.405861214773626e-08,0.000201046016955782,SAUDE
431328346,431328454,0,19.365,0,5,26.59544489480795,0.0375931664622508,0.025041468243351704,6.854596359890276e-09,0.00021964654193889607,SAUDE
431328346,4369268443,0,40.376,0,4,27.083767612430034,0.036915358356910226,0.0038675987692256544,1.0344460970445139e-08,0.00017527435671741188,SAUDE
431328348,431328379,0,119.477,0,5,25.530206523837098,0.03916172734970364,0.0002349823832477821,3.469965555157613e-08,0.00019694466655534635,SAUDE
431328348,4369177208,0,115.60399999999998,0,4,25.52190696776684,0.03917446248553646,0.019993243174211993,4.576943741689322e-08,0.00017210295783957031,SAUDE
431328348,8685586793,0,111.461,0,4,25.902721482339317,0.03859853057331485,0.019970212476369726,1.4331199593713042e-08,0.0001759534393189032,SAUDE
431328349,431328443,0,39.493,0,2,26.553175062729203,0.037653010787078764,0.0005884083553986467,3.828545882596225e-09,0.0001091145006988075,SAUDE
431328349,431328444,0,121.35199999999999,0,4,26.091681142636556,0.038318994533255414,0.011045037828354115,1.7194331762316115e-08,0.0001865647660144193,SAUDE
431328349,431328447,0,68.244,0,4,25.974329280061763,0.038492119518774195,0.010520353509090459,6.751988768649944e-09,0.00018901143809059342,SAUDE
431328355,1397985528,0,58.974,0,4,25.96815286624204,0.038501274704365214,0.0007414845726359639,9.984904366284343e-08,0.00016961242166772147,SAUDE
431328355,431328384,0,115.44900000000001,0,5,25.645821270025092,0.03898518111551806,0.00040416277266051837,7.449403476907865e-08,0.00020302250327116692,SAUDE
431328359,8953805390,0,65.235,0,4,25.57652962748504,0.03909079932383482,0.0004566312045868838,1.702934390507406e-05,0.00015918003251990265,SAUDE
431328359,445225739,0,117.141,0,5,25.312873962555493,0.03949796410107819,0.0028412608285406107,5.7957873129545946e-05,0.00019053783598167867,SAUDE
431328360,445230356,0,115.894,0,6,25.223895000965065,0.03963729578758082,0.0024854105724063497,1.8139671829659928e-05,0.00021170437008372062,SAUDE
431328360,8953805390,0,50.655,0,5,25.585022196487163,0.039077823712242374,0.00019619383951343929,1.1579555237387811e-05,0.00018710995988529514,SAUDE
431328360,431328361,0,118.091,0,6,25.32059447983015,0.03948592075373897,0.00044572192666159994,9.732792920567471e-06,0.00021295924657939122,SAUDE
431328361,445230361,0,116.955,0,6,25.413433700057904,0.03934167255272771,0.02403694885851723,1.1104715365821455e-05,0.00020884492784592178,SAUDE
431328361,431328362,0,53.843,0,6,25.280640802933796,0.039548324540575205,0.0007151637751019455,5.725719713153859e-06,0.00021178198546819386,SAUDE
431328361,4369185621,0,72.679,0,5,25.806601042269833,0.03874229641596362,0.02414915857432015,4.686862787643718e-06,0.00019053997741467433,SAUDE
431328362,4369185681,0,73.756,0,5,25.665122563211735,0.03895586255649728,0.0023103426361767935,2.545994027396907e-06,0.00018956911436328187,SAUDE
431328362,431328492,0,116.23599999999999,0,6,25.319822428102682,0.039487124757969845,0.0015780357100494019,2.868226666424203e-06,0.00020728187153889476,SAUDE
431328364,431328393,0,91.256,0,5,24.510326191854855,0.04079125586669607,0.011924879751185346,2.1778838483540786e-08,0.00020107673614099285,SAUDE
431328364,431328437,0,323.61899999999997,0,4,24.1385832850801,0.041419455949848874,0.03418275049217294,5.749157693087616e-09,0.00016636593475646342,SAUDE
431328366,431328367,0,116.904,0,5,25.808145145724765,0.03873997846117028,0.002414067358037826,6.533992588681452e-06,0.00019818579424969485,SAUDE
431328367,431328370,0,109.11500000000001,0,6,25.82879752943447,0.03870900245854475,0.002798662695689502,1.972578160606305e-05,0.00022648800224983772,SAUDE
431328367,431328374,0,116.563,0,5,25.753522486006563,0.038822145110882944,0.001127465215421009,8.738559526995862e-06,0.00019217351089520954,SAUDE
431328367,4369140650,0,121.701,0,5,25.905037637521716,0.03859507949990314,0.0010337839557769044,6.752261796294877e-06,0.0002050124691200378,SAUDE
431328369,1397985152,0,9.51,0,6,25.640609920864698,0.038993104694227815,0.018597201926058994,0.0007159375296455889,0.00021333150506125278,SAUDE
431328369,1393381272,0,316.508,0,6,25.564562825709324,0.03910909777274443,0.016292919999840692,0.0002814993043000071,0.0002167441428708144,SAUDE
431328370,1397985135,0,113.355,0,5,25.88129704690214,0.03863048228441879,0.02598243675519286,1.8965626652696706e-05,0.00019982000649449558,SAUDE
431328372,431328376,0,59.613,0,5,25.836325033777264,0.038697724454272435,0.0012325752424154112,5.169086214398432e-09,0.00021176118038951502,SAUDE
431328372,1937130638,0,51.489,0,5,25.729202856591392,0.03885884038618786,0.0013908463539028634,4.7352069657965884e-09,0.00020891416703172213,SAUDE
431328372,431328382,0,117.154,0,6,25.426751592356688,0.039321066375174595,0.0005148140201883981,1.423187445472881e-08,0.00023198397122468158,SAUDE
431328376,431328377,0,57.511,0,5,25.67786141671492,0.03893653645226516,0.001802974631080256,6.973776149638311e-09,0.00021005174330797745,SAUDE
431328376,3060053046,0,61.051,0,2,26.279675738274463,0.038044875325915314,0.0005884083553986467,1.9414049538229987e-09,0.00010038816677108876,SAUDE
431328377,431328378,0,114.79599999999999,0,5,25.115614746187994,0.03980818296394208,0.0017434065103453722,8.171093407083213e-09,0.00020373686677437777,SAUDE
431328377,431328381,0,116.606,0,6,25.276973557228334,0.039554062309102016,0.0009963807171759309,2.1574805599211218e-08,0.0002285689128131058,SAUDE
431328379,431328380,0,116.628,0,6,25.472302644277168,0.039250750159124666,0.00041836215027755454,6.81723092952191e-08,0.0002183005158252965,SAUDE
431328379,431328382,0,115.689,0,6,25.514765489287782,0.03918542725732268,0.0008072865664710097,3.398422729066014e-08,0.0002223857375487841,SAUDE
431328379,431328384,0,116.003,0,6,25.601042269832078,0.039053370426495974,0.0011028760493037024,5.4777986986427655e-08,0.00022694478952914587,SAUDE
431328380,431328383,0,116.852,0,6,25.75680370584829,0.03881719946645085,0.0013546552572935883,1.3438885621220564e-07,0.00021753760406963705,SAUDE
431328380,431328381,0,116.224,0,6,25.37734028179888,0.03939762701551567,0.001185474867880852,6.126433269828321e-08,0.0002178373448596909,SAUDE
431328380,431328385,0,114.404,0,6,25.73364215402432,0.03885213686752771,0.0007080640862934274,1.0728076165308493e-07,0.000223235062473748,SAUDE
431328381,431328382,0,117.35999999999999,0,6,25.431383902721482,0.03931390406800243,0.0011032223755870448,2.7076250693304194e-08,0.00022192256658317848,SAUDE
431328382,1937130595,0,52.059000000000005,0,5,25.900212314225055,0.03860226993270685,0.001147378976713194,1.3602310507180323e-08,0.00019866308447688522,SAUDE
431328383,1397985571,0,57.832,0,5,26.19861030689056,0.03816259623531145,0.0008332610377216857,1.6882475286620054e-07,0.00018794047547950285,SAUDE
431328383,431328390,0,114.86200000000001,0,6,25.770121598147075,0.038797138898251135,0.0051638980477760575,3.1172715976374093e-07,0.00022164854376633417,SAUDE
431328383,1397985541,0,57.94199999999999,0,5,25.962362478286046,0.038509861647002847,0.003925608421685498,1.2328966115070085e-07,0.00019151340802594802,SAUDE
431328384,1397985541,0,58.072,0,5,26.036865469986488,0.03839966789476415,0.0036824873707791703,6.542065612981526e-08,0.00019773195160091372,SAUDE
431328384,4369177208,0,119.49199999999999,0,5,25.596409959467284,0.03906043811031935,0.002276922149834257,6.584776885652095e-08,0.00020350084852660915,SAUDE
431328385,8003048340,0,73.177,0,5,25.71048060220035,0.03888713721604132,0.006046337417732356,7.614317291465558e-08,0.00020700563799779263,SAUDE
431328385,431328386,0,115.188,0,6,25.901756417679984,0.038599968702728076,0.007104191050201554,2.465061837046828e-07,0.0002224840258053499,SAUDE
431328385,10095571821,0,46.101,0,5,25.708550472881683,0.03889005675846122,0.0009908394966424534,8.453172896827567e-08,0.00020809004309382456,SAUDE
431328386,431328389,0,116.721,0,6,25.501061571125266,0.03920648496454008,0.006478206293060262,6.36909565467644e-07,0.00021081810228929814,SAUDE
431328386,1397985571,0,58.071,0,5,26.00868558193399,0.03844127316309341,0.0008343000165717127,2.6357549220729955e-07,0.00018517748874900166,SAUDE
431328386,431328388,0,115.70700000000001,0,6,25.449720131248792,0.03928557885556103,0.0018218494135224137,3.733760005810029e-07,0.00021143553164878662,SAUDE
431328387,431328388,0,115.678,0,5,25.362478286045164,0.03942071337792897,0.00024952808714816065,2.405047778237664e-07,0.00018558447714149253,SAUDE
431328387,10095571821,0,70.023,0,4,25.565527890368656,0.039107621456343666,0.0010008829588593815,7.351934011323372e-08,0.00017233193673963366,SAUDE
431328387,431328392,0,117.076,0,5,25.09862960818375,0.03983512258143899,0.001207466586873091,1.0953400901319072e-07,0.0001891493433383244,SAUDE
431328388,445230358,0,116.356,0,6,25.351669561860646,0.03943752046106877,0.0004810472075625193,6.193305860838217e-07,0.00020535519838433045,SAUDE
431328388,431328391,0,116.429,0,6,25.166570160200735,0.039727582292849034,0.0020488662922533217,3.28519926617277e-07,0.00020642740854651733,SAUDE
431328389,431328468,0,117.257,0,6,25.529820497973365,0.03916231949799652,0.006560285622212399,1.621044891996129e-06,0.00020674385239492535,SAUDE
431328389,445230358,0,115.054,0,6,25.417679984558966,0.03933510012225774,0.004139638064791068,8.828641509725891e-07,0.00020473776902484196,SAUDE
431328389,1397985539,0,57.902,0,5,25.969503956765102,0.03849927163540149,0.0037617960896645674,5.962973151055421e-07,0.0001821308026011868,SAUDE
431328390,1397985539,0,57.191,0,5,26.10557807373094,0.038298595964599676,0.003219449129950453,3.658656487390466e-07,0.00018971796205148603,SAUDE
431328390,1397985528,0,59.30799999999999,0,5,25.901177378884384,0.03860083163181662,0.0010957763604951844,2.7921316363826893e-07,0.00019590780947641184,SAUDE
431328390,431328489,0,117.137,0,5,25.71241073151901,0.038884218111938505,0.003701362153221328,8.781708216002792e-07,0.0001880189128951953,SAUDE
431328391,431328407,0,115.688,0,6,25.32599884192241,0.03947749477952048,0.0015927545770914515,2.2477541854905807e-07,0.00020606983911624746,SAUDE
431328391,431328392,0,116.038,0,6,24.915653348774367,0.04012766484878533,0.0030573684293462348,1.9754915780360496e-07,0.00021013356655828782,SAUDE
431328391,431328398,0,115.67,0,6,24.943447210963136,0.04008295159093723,0.004206132711192798,3.992503070089359e-07,0.00020360257279754108,SAUDE
431328392,431328393,0,116.676,0,6,24.78845782667439,0.0403335695209026,0.0028840321245333905,7.598633874548997e-08,0.0002242179975815847,SAUDE
431328392,431328399,0,115.222,0,6,25.276394518432735,0.039554968424750106,0.001487125060672036,9.754030535300966e-08,0.0002185540822298492,SAUDE
431328393,431328394,0,115.14,0,6,25.003474232773595,0.03998672255544491,0.005024328555589092,2.29847588204574e-08,0.00025061305078015163,SAUDE
431328393,431328400,0,115.19200000000001,0,6,25.14823393167342,0.03975654870177216,0.014500161994119035,2.588298640793963e-08,0.00023497049866053993,SAUDE
431328394,3416576989,0,32.034,0,5,25.78498359390079,0.038774776932750464,0.001764186087345913,6.292352325137579e-09,0.00024739710724861543,SAUDE
431328394,1397985618,0,63.017,0,3,25.78556263269639,0.038773906209064714,0.0005884083553986467,5.940836371650978e-09,0.00014571682792593988,SAUDE
431328394,431328402,0,63.205,0,5,25.517853696197644,0.03918068498124168,0.003630365265136147,7.880905515876191e-09,0.00023012273255922078,SAUDE
431328396,431328407,0,103.537,0,6,25.42713761822042,0.03932046941656925,0.012886801003168713,1.4490843875678584e-07,0.00021303864761998368,SAUDE
431328396,4369244618,0,49.846,0,5,25.707392395290483,0.03889180869434642,0.0025170994273321745,7.325291499449755e-08,0.00020172190962178398,SAUDE
431328396,431328442,0,102.739,0,6,25.17216753522486,0.03971874832268799,0.0019492974857923972,1.0080364062196818e-07,0.00021838096053506604,SAUDE
431328396,431328397,0,115.853,0,6,25.123142250530787,0.03979625546430245,0.013203516389285288,1.7185364130784128e-07,0.00021281966201637154,SAUDE
431328397,431328441,0,101.49799999999999,0,6,25.075275043427908,0.03987222414655736,0.004147257243024599,2.0217969754647227e-07,0.00020504027431838003,SAUDE
431328397,431328408,0,103.39899999999999,0,6,25.248214630380236,0.03959911628226984,0.005181214361943175,2.3784859641453172e-07,0.00020949477860494837,SAUDE
431328398,431328494,0,116.008,0,6,25.006755452615327,0.03998147576412473,0.003411313890922113,6.708982265636555e-07,0.0002084489984274696,SAUDE
431328398,431328408,0,115.903,0,6,25.230843466512255,0.03962637984715539,0.004679907066805128,3.853782823218489e-07,0.00020724649788985414,SAUDE
431328398,445230358,0,116.12899999999999,0,6,25.1391623238757,0.039770895075472566,0.003671058603428873,6.900609664710923e-07,0.00020253036263535417,SAUDE
431328399,431328436,0,64.524,0,6,26.112912565141865,0.03828783880672033,0.011747387530972393,5.181010418503221e-08,0.00022887348885927995,SAUDE
431328399,431328407,0,114.792,0,6,25.632889403590042,0.03900484925152857,0.012665671671254625,1.2476656609971342e-07,0.00021449035478780887,SAUDE
431328400,431328436,0,51.311,0,6,25.955220999806986,0.038520457486205514,0.011861155715050354,2.0611892413904577e-08,0.00023746674232742724,SAUDE
431328400,3416577211,0,60.606,0,3,26.077591198610307,0.038339698611481184,0.0005884083553986467,9.238561726223434e-09,0.0001300742758063282,SAUDE
431328400,431328438,0,145.15499999999997,0,5,25.575564562825708,0.03909227437041062,0.0035474201202756552,1.1289346928212827e-08,0.0002025656348792102,SAUDE
431328402,3060053047,0,120.203,0,2,26.11522872032426,0.038284443064824876,0.0005884083553986467,3.0263897014448155e-09,0.00010457336624095849,SAUDE
431328403,445225740,0,116.882,0,5,24.486392588303417,0.04083112624542817,0.0029631676802771164,3.461039928266458e-06,0.00019217344446883716,SAUDE
431328403,2532735430,0,57.696,0,4,25.026249758733837,0.039950332019651244,0.0003922145158852074,2.5971191245897005e-06,0.00016014361264180248,SAUDE
431328404,431328405,0,116.98599999999999,0,5,24.34665122563212,0.041065482796892344,0.00031931283324164347,2.6637073983936195e-05,0.00017961880456669624,SAUDE
431328404,445225734,0,117.62,0,5,24.345879173904653,0.041066785057398365,0.006367555045532383,1.1272589523643655e-05,0.0001840030579790236,SAUDE
431328405,431328406,0,116.356,0,6,24.398764717236055,0.040977770745985284,0.011289024694968798,5.3566288001019295e-05,0.0002129586913543444,SAUDE
431328405,445230352,0,116.74,0,6,24.299749083188573,0.04114474530767215,0.006344351184548446,2.5840871594909504e-05,0.00020985327047470185,SAUDE
431328406,431328415,0,115.698,0,6,24.471916618413434,0.04085527924346749,0.0025531173607997782,8.798568119523826e-05,0.00022464112103081092,SAUDE
431328406,3377037347,0,45.458,0,5,24.855240301100174,0.040225198990487286,0.021096638712940707,4.2004565382524286e-05,0.00019597722916955067,SAUDE
431328407,431328408,0,116.227,0,6,25.525574213472304,0.039168834311293935,0.0017896410691715756,2.1090339386596166e-07,0.00020971376420856052,SAUDE
431328408,8940639519,0,62.532,0,5,25.837869137232193,0.038695411829740185,0.0022926799957263336,2.0145544494795996e-07,0.00019228285714058743,SAUDE
431328409,6710270741,0,66.419,0,5,25.865662999420962,0.038653831803596744,0.024762675585261115,7.048651237649335e-07,0.0002083185286440067,SAUDE
431328409,8003106350,0,93.329,0,5,25.65836711059641,0.038966119034723475,0.023007147654998762,6.33835998243367e-07,0.00019283004065140456,SAUDE
431328409,431328488,0,56.9,0,6,25.40995946728431,0.03934705162971234,0.0024246303096797676,7.212752155539571e-07,0.00022612510008782435,SAUDE
431328409,431328410,0,115.66900000000001,0,6,25.13337193591971,0.03978005775019967,0.0032360727915508856,1.719385136480225e-06,0.00022302867558584978,SAUDE
431328410,2532735430,0,58.384,0,5,25.08666280640803,0.039854124671088065,0.00022407310532249818,1.9631472219217247e-06,0.0001899401599885518,SAUDE
431328410,445230357,0,115.41,0,6,24.75854082223509,0.04038230662488111,0.0042412848289520464,1.7776279761124618e-06,0.00021604279943740877,SAUDE
431328414,4678388141,0,17.028,0,4,24.60258637328701,0.040638287857154065,0.0005501393010893174,0.0006562322057739068,0.00017628245986090355,SAUDE
431328414,4370173269,0,16.763,0,4,24.29781895386991,0.041148013694821545,0.05353667534733496,0.0006525878812095118,0.00017893240375067664,SAUDE
431328415,431328423,0,29.489,0,5,24.773402817988806,0.04035808057592072,0.017619522828183548,6.508423172181422e-05,0.00020737174173930762,SAUDE
431328415,431328417,0,84.606,0,5,24.56417679984559,0.04070183158242121,0.010727802952812525,9.6932639116429e-05,0.0002046615074574536,SAUDE
431328417,8729428396,0,159.56300000000002,0,4,24.624975873383516,0.04060133874684516,0.010662000958977479,9.662734962362982e-05,0.00018000634522444538,SAUDE
431328417,4678388141,0,228.12900000000002,0,4,24.92260181432156,0.040116477184721666,0.0,0.0001636398588809283,0.00017851527967666583,SAUDE
431328419,4678388138,0,42.323,0,4,24.247828604516503,0.04123284618078772,0.003359364948420761,6.343676556495429e-06,0.00018820170255071965,SAUDE
431328419,431328422,0,47.843,0,4,24.73074696004632,0.04042769062670725,0.003170617123999182,2.021643966826556e-06,0.0001938768874876358,SAUDE
431328419,431328420,0,96.381,0,4,24.59891912758155,0.04064434627727605,0.00021195168540551605,1.793932882089552e-06,0.000189538934710107,SAUDE
431328420,8934810441,0,41.056,0,4,24.703146110789422,0.04047286052489706,0.017151636019388038,7.784348763275264e-07,0.0001979538326089014,SAUDE
431328421,431328422,0,86.843,0,4,24.89229878401853,0.04016531360735692,0.001067550768402783,1.3290016674319266e-06,0.00019299952316562645,SAUDE
431328421,445230354,0,142.89,0,5,24.602779386218877,0.040637969042967986,0.01673448601110218,2.3593994325842446e-06,0.00021885477587601991,SAUDE
431328421,8934810441,0,5.788,0,4,24.940552016985137,0.040087604572153816,0.01652928768822184,7.533133860795358e-07,0.0001989714878998782,SAUDE
431328422,4370182755,0,108.376,0,4,25.042462845010615,0.039924467224170486,0.002344109448802672,3.1781202617530523e-06,0.0002027679861874597,SAUDE
431328423,4370182755,0,35.571,0,4,25.189731712024706,0.03969105342201244,0.0025931180465258194,1.3811211953531564e-05,0.0001950449789855728,SAUDE
431328423,3377037344,0,29.353,0,4,25.182590233545646,0.03970230932544397,0.015993694091032903,1.540606672893665e-05,0.0001792604244803116,SAUDE
431328427,2532735438,0,62.369,0,4,24.70121598147076,0.04047602303538917,0.0004661551773787984,1.5855518425619461e-06,0.0001626257397318661,SAUDE
431328427,445225734,0,117.12700000000001,0,5,24.496815286624205,0.040813753762271705,0.0065052197431609655,4.807130967018871e-06,0.00019034208935931994,SAUDE
431328428,2532735438,0,53.535,0,5,24.65508589075468,0.04055175437223066,0.0010656459738444001,2.840388531491418e-06,0.00019174857536474177,SAUDE
431328428,445230355,0,116.809,0,6,24.464775139934375,0.04086720525119919,0.0008950802792982945,3.5411220268747626e-06,0.00022320828490461953,SAUDE
431328428,445230352,0,116.017,0,6,24.356687898089174,0.04104856092303791,0.002883685798250048,8.785664281935541e-06,0.00021533567464604553,SAUDE
431328429,5699822308,0,53.082,0,5,25.58521520941903,0.039077528912090646,0.023295291122739595,1.7183308176733755e-07,0.0001894141343961101,SAUDE
431328429,431328430,0,115.788,0,6,25.03628643119089,0.03993431652956913,0.006850333884511613,3.1155119726156426e-07,0.0002091313863714539,SAUDE
431328429,431328441,0,62.091,0,6,25.236826867400115,0.03961698482623593,0.011323484160161362,2.002576597323561e-07,0.0002049787195310199,SAUDE
431328430,445230359,0,116.26599999999999,0,6,24.8326577880718,0.040261779290833064,0.0016299846525507538,3.078584565331366e-07,0.00020847328707138143,SAUDE
431328430,445230357,0,116.953,0,6,24.615711252653927,0.04061661988175702,0.008011219586275159,7.171667161947977e-07,0.0002124207601598257,SAUDE
431328430,3416576975,0,57.548,0,5,24.878980891719745,0.04018681438036277,0.0007181075485103555,3.2326636342407774e-07,0.00018588076899539324,SAUDE
431328431,431328433,0,118.826,0,5,24.45956379077398,0.040875912408759124,0.001390500027619521,5.889951067710233e-07,0.00021586276322503126,SAUDE
431328431,431328432,0,70.687,0,4,24.32966608762787,0.041094151619966365,0.0020176969267525105,1.5180580834446397e-07,0.00018263770889700515,SAUDE
431328431,5680414349,0,32.804,0,2,24.9166184134337,0.04012611063341932,0.0005884083553986467,1.1843950312804166e-07,0.00010449395213582012,SAUDE
431328432,467928458,0,29.973,0,4,24.166570160200735,0.04137148881452315,0.02491350068165671,9.02947265126018e-08,0.00017075481641614382,SAUDE
431328433,445230355,0,115.806,0,6,24.530399536768964,0.040757876184181537,0.0025044585179901787,1.8404033970195795e-06,0.00023356263684933562,SAUDE
431328433,4370189217,0,67.825,0,5,24.657981084732675,0.0405469930256041,0.02025021727645201,9.356156674713409e-07,0.0002126286715138432,SAUDE
431328435,431328449,0,61.856,0,4,26.34665122563212,0.03794816193169331,0.0027359776384045372,9.310584725779113e-09,0.00017051996081994807,SAUDE
431328435,431328439,0,62.539,0,5,25.484269446052885,0.03923231894814972,0.000828585632896564,1.814950735551202e-08,0.00020156235362848727,SAUDE
431328436,431328449,0,143.164,0,5,26.081451457247635,0.03833402403646913,0.0010311865086518367,1.648522677974347e-08,0.00020408388304160382,SAUDE
431328436,4369244208,0,47.845,0,3,26.562053657595058,0.03764042494441134,0.0005884083553986467,1.4214517218628316e-08,0.0001296411813568037,SAUDE
431328437,431328440,0,59.493,0,5,24.345686160972786,0.041067110635430296,0.008636511690849766,6.2790630623856174e-09,0.00019834657672397193,SAUDE
431328438,431328449,0,52.832,0,4,25.958888245512448,0.03851501565137219,0.0023340659865857443,7.162681294877267e-09,0.000168255873621315,SAUDE
431328438,431328440,0,60.801,0,5,25.111368461686933,0.03981491445173787,0.005798021472575894,7.715104370982997e-09,0.0001999583507548459,SAUDE
431328439,431328442,0,114.666,0,6,25.062922215788458,0.03989187607334561,0.020110301457981705,5.417581318774255e-08,0.0002250815769236373,SAUDE
431328439,431328447,0,63.505,0,5,25.488515730553946,0.039225783001151024,0.010385632584870286,1.6218873680696863e-08,0.0002054100343350775,SAUDE
431328439,431328440,0,115.976,0,6,24.868751206330824,0.040203345104583024,0.008931754847399116,1.7376755685402152e-08,0.0002318977340781343,SAUDE
431328440,431328450,0,64.118,0,5,25.12507237984945,0.039793198282285884,0.005960275336321783,6.147644053014444e-09,0.00020242253707093363,SAUDE
431328441,431328442,0,116.753,0,6,25.117351862574793,0.039805429829482146,0.01926370685835134,1.3112969685946137e-07,0.00021060157283707455,SAUDE
431328442,431328444,0,95.00399999999999,0,5,25.592163674966223,0.03906691906812577,0.0032128689305669484,5.5173774623691835e-08,0.0001970453432495787,SAUDE
431328444,8021890090,0,4.981,0,4,26.140899440262498,0.03824684721935084,0.014657567289898131,4.179069348718915e-08,0.00016839677660290803,SAUDE
431328446,1397985780,0,118.12299999999999,0,3,25.58907546805636,0.03907163384297427,0.0005884083553986467,5.556433684724359e-10,0.00013513770576733085,SAUDE
431328447,431328450,0,115.424,0,4,25.390658174097666,0.03937696219659594,0.020415588076747985,4.98976204597102e-09,0.0001743935921244278,SAUDE
431328448,1397985780,0,30.034,0,5,25.01196680177572,0.03997314545440515,0.016090319124085418,6.648278011022997e-10,0.00020723465605292592,SAUDE
431328448,8001980519,0,13.713,0,4,24.854468249372708,0.040226448501603625,0.00028485336804908,4.0786163465975996e-10,0.00016615294973003136,SAUDE
431328448,431328471,0,28.231,0,5,24.26095348388342,0.041210539714867614,0.01622382790631389,3.842363510541934e-10,0.00019688670038114594,SAUDE
431328450,1397985780,0,101.15400000000001,0,5,25.11908897896159,0.0398026770758095,0.026202700271398593,2.0908467996339117e-09,0.0002098563311731028,SAUDE
431328451,431328638,0,116.857,0,6,24.522292993630572,0.04077134986225895,0.0018935389541742795,9.88350579971431e-09,0.0002258397840976331,SAUDE
431328451,431328459,0,116.744,0,6,24.948272534259797,0.04007519902210325,0.0019087773106413427,2.980753805781244e-08,0.0002213514021662967,SAUDE
431328451,431328466,0,116.964,0,5,24.71839413240687,0.040447894054628085,7.826974003537031e-05,1.1979245055053531e-08,0.0001946631235435046,SAUDE
431328451,431328452,0,116.326,0,6,25.23663385446825,0.039617287821890466,0.00010424421128604629,9.840541234555554e-09,0.000238644128983175,SAUDE
431328452,431328614,0,41.292,0,5,25.790194943061184,0.03876694182713536,0.024190890891462903,2.9155158649741138e-09,0.00022255130490340477,SAUDE
431328452,431328454,0,63.480999999999995,0,6,26.21115614746188,0.03814432989690722,0.02448457557973721,4.245408632671827e-09,0.0002590984183113436,SAUDE
431328452,431328453,0,114.953,0,3,26.23335263462652,0.03811205532869808,0.0005884083553986467,2.7182001292137817e-09,0.00013725951575911563,SAUDE
431328454,3482253828,0,10.086,0,3,27.006176413819727,0.03702141953558845,0.0005884083553986467,2.1124045363935263e-09,0.00014408761738793263,SAUDE
431328454,4369273029,0,50.176,0,3,27.006176413819727,0.03702141953558845,0.0005884083553986467,2.1124045352671445e-09,0.00014408761738793263,SAUDE
431328455,3482253826,0,7.462,0,2,27.420768191468827,0.03646166949397116,0.0005884083553986467,4.590980814083573e-09,0.00010884846977364702,SAUDE
431328455,431328481,0,17.127,0,4,26.756610692916425,0.03736672774227057,0.004430205816515296,1.9333926277565377e-08,0.00018574172413933932,SAUDE
431328455,4369268443,0,77.32600000000001,0,4,26.95985331017178,0.037085030677481944,0.00397617205905348,9.381178834781683e-09,0.00018856505098767805,SAUDE
431328459,431328486,0,115.616,0,6,24.930901370391815,0.04010312231452306,0.004803718713100017,7.610771338962538e-08,0.00021449234800430977,SAUDE
431328459,431328461,0,116.309,0,6,25.328701022968538,0.039473283140793125,0.0029055043541006157,4.1416421240742953e-08,0.00022246927267206596,SAUDE
431328459,431328460,0,117.28299999999999,0,5,24.930322331596216,0.040104053761109905,7.775025061035679e-05,3.7209115822253627e-08,0.00019037937123188872,SAUDE
431328460,431328466,0,117.007,0,4,24.885543331403206,0.040176216920547264,0.004522328607884361,1.938082282227375e-08,0.00016271605468758262,SAUDE
431328460,431328484,0,114.50500000000001,0,4,24.868172167535224,0.040204281212648046,0.004670036767729872,6.601853016942082e-08,0.00016023331350825573,SAUDE
431328461,431328478,0,120.173,0,6,25.56050955414013,0.03911529951898753,0.019061971798304423,6.745650382905996e-08,0.00022062858099618704,SAUDE
431328461,4369268443,0,19.681,0,5,26.09148812970469,0.038319277999704096,0.0005407884914390741,2.4406881589782834e-08,0.00020334438099987759,SAUDE
431328463,431328464,0,116.40100000000001,0,6,25.09747153059255,0.03983696070137661,0.0005284939083804208,1.7309725663787407e-08,0.00021390496492617144,SAUDE
431328463,467928554,0,56.807,0,5,25.37405906195715,0.03940272167834295,0.0015385545137483743,1.3450605759933946e-08,0.00018638482665180384,SAUDE
431328463,467928669,0,118.958,0,6,25.279482725342596,0.0395501362876318,0.013265508794003568,2.4545788282839206e-08,0.00021648258636087247,SAUDE
431328463,431328634,0,116.283,0,6,25.23393167342212,0.039621530247749295,0.013990542868180772,1.1321405524972357e-08,0.00021437738735014347,SAUDE
431328464,431328465,0,117.143,0,5,25.06157112526539,0.039894026678167646,0.0002536840025482688,1.334715206561926e-08,0.0001886152183867026,SAUDE
431328464,467928637,0,117.096,0,6,25.0810654313839,0.03986301896956405,0.0034156429694638924,3.2674571764022155e-08,0.0002180068081813418,SAUDE
431328464,431328633,0,116.197,0,6,25.035514379463425,0.039935548034446336,0.0034307081627892844,1.2927231144129627e-08,0.0002127398678896388,SAUDE
431328465,467928592,0,116.78,0,4,25.06813356494885,0.039883583054866875,0.006847216947961533,1.4780079681391496e-08,0.00016477128359542102,SAUDE
431328465,431328632,0,116.69800000000001,0,4,24.752171395483497,0.04039269812306517,0.006813103809052311,5.790525738022307e-09,0.00015829283594354234,SAUDE
431328466,431328631,0,116.577,0,4,24.462265971820113,0.04087139712322174,0.00444544417298236,6.013908612805675e-09,0.00016183887238058919,SAUDE
431328468,431328492,0,115.885,0,6,25.456282570932252,0.03927545132649425,0.0005861572345569214,2.0965681030836153e-06,0.0002046934455724779,SAUDE
431328468,431328489,0,116.236,0,5,25.593900791353022,0.039064267507277414,0.0002851996943324223,1.8241932666282824e-06,0.00017948767837704492,SAUDE
431328471,431328473,0,18.89,0,6,24.24203821656051,0.041242694947371775,0.03788255417711923,3.086565395883372e-10,0.0002294150141007827,SAUDE
431328471,431328496,0,43.83,0,5,23.666859679598534,0.04224502112251056,0.04111343207441998,2.632704289598904e-10,0.00019551478771804415,SAUDE
431328473,431328529,0,25.018,0,6,24.798687512063307,0.04031693155461465,0.056796644652436466,2.7185997082697594e-10,0.00023411140977146801,SAUDE
431328473,8001980511,0,32.991,0,5,25.198803319822428,0.03967676458197694,0.005566848678444878,1.2958658989447708e-10,0.00020338834265676184,SAUDE
431328478,431328481,0,68.721,0,5,25.893456861609728,0.038612341040893304,0.0012159515808149786,6.36951001047857e-08,0.00019405948327737724,SAUDE
431328478,431328486,0,118.423,0,6,25.142636556649297,0.0397653994964073,0.00017783854649629493,1.0214779599228582e-07,0.00021265165632843087,SAUDE
431328481,8021890090,0,102.51400000000001,0,4,26.356880911021037,0.037933433415107465,0.0038965170138847405,4.326021708440445e-08,0.00016783976565298852,SAUDE
431328484,431328486,0,115.59400000000001,0,5,24.75313646014283,0.04039112330988881,0.00388907099879288,1.0491712773534793e-07,0.00018553438999024897,SAUDE
431328486,445230359,0,116.959,0,6,24.89268480988226,0.040164690739635106,0.001531281661798185,1.6053121624789588e-07,0.00020884496665636026,SAUDE
431328488,431328494,0,116.212,0,6,25.295888824551245,0.0395244853423675,0.0011333527622378289,6.744047422189374e-07,0.00021877927555319937,SAUDE
431328488,8003106350,0,89.876,0,5,25.637135688091103,0.038998388869649014,0.0018204641083890444,4.394215583195417e-07,0.00019078609310904673,SAUDE
431328488,8940639519,0,52.799,0,5,25.887087434858135,0.038621841471507073,0.002670521970852834,3.394314226078117e-07,0.00019843310653895423,SAUDE
431328492,431328494,0,115.761,0,6,25.181625168886317,0.039703830883141965,0.000867547339772578,1.3392246221531581e-06,0.00020860599799450998,SAUDE
431328492,445230358,0,116.07900000000001,0,6,25.40822235089751,0.03934974171984199,0.0014088553206366655,1.3583873620584788e-06,0.00020268736220239455,SAUDE
431328494,1397985540,0,117.37700000000001,0,5,25.133950974715304,0.0397791412927453,0.003581186932901534,7.079332335355423e-07,0.00019199295829459,SAUDE
431328495,660760975,0,50.236,0,4,26.24377533294731,0.03809691915068876,0.0015150043264810947,4.802566592645035e-11,0.00017992513674204425,SAUDE
431328495,8001980511,0,16.455000000000002,0,4,25.769349546419612,0.0387983012635663,0.0006360282193582194,6.826185455372283e-11,0.0001740591292147163,SAUDE
431328495,431328529,0,43.063,0,5,25.35359969117931,0.039434518145207334,0.001466345483671495,2.105352336342667e-10,0.0002060086062674721,SAUDE
431328496,431328658,0,354.24,0,5,23.720324261725537,0.042149802677082064,0.02834368935502098,1.1571665608153558e-10,0.00019857645919634268,SAUDE
431328496,431328559,0,281.176,0,4,23.482339316734222,0.04257697555522678,0.012467399874041132,7.940404497623774e-11,0.00016603103998014823,SAUDE
431328529,431328611,0,53.407,0,5,25.342983979926654,0.039451036541712996,0.05219864375164181,2.0682094391172116e-10,0.00021367251669535248,SAUDE
431328537,4370358636,0,25.908,0,4,24.773595830920673,0.04035776614310646,0.03530432816077713,1.30468309282599e-11,0.00020277425926674018,SAUDE
431328537,431328554,0,278.43,0,4,23.89326384867786,0.04184472215266053,0.0008235639017881,2.2668039857522654e-11,0.0001932761476472388,SAUDE
431328546,1397985795,0,75.473,0,5,24.881683072765874,0.04018245004344049,0.03335018210701794,1.7464949986004654e-09,0.00019398642849776475,SAUDE
431328546,431328566,0,115.835,0,6,24.320208453966416,0.04111013229843734,0.03286480582091364,2.8593162475851823e-09,0.00021377896771156168,SAUDE
431328546,431328609,0,117.558,0,6,24.406292221578845,0.04096513218768041,0.014029158248773443,1.8191833778071048e-09,0.00022180030123657003,SAUDE
431328546,431328634,0,115.883,0,6,24.742134723026442,0.040409083462699606,0.0139417108622295,4.583528617628669e-09,0.00021636342044990066,SAUDE
431328549,1397985905,0,30.912,0,5,24.820111947500482,0.04028213044255908,0.0014339639761789856,1.7082766784787447e-10,0.0002237698590684896,SAUDE
431328549,431328602,0,35.921,0,3,25.13356494885157,0.0397797522596896,0.0005884083553986467,7.227250011323502e-11,0.00014199844932036103,SAUDE
431328549,431328600,0,134.58499999999998,0,5,24.790773981856784,0.040329801231693926,0.008358758011609204,1.662180065748287e-10,0.000220660978334512,SAUDE
431328549,4596414699,0,122.68900000000001,0,5,24.215209419031076,0.04128838903546178,0.006775527407309667,1.149954964224251e-10,0.0002193756959279202,SAUDE
431328554,431328662,0,35.103,0,4,23.36440841536383,0.04279188110796276,0.008809328506237597,1.5154715864939206e-11,0.0002001652408130717,SAUDE
431328554,4596414699,0,69.04,0,4,23.631731325998842,0.04230781796203731,0.00925989900086599,6.378777036312e-11,0.0001849262109986517,SAUDE
431328556,431328557,0,16.76,0,4,24.077012159814707,0.04152537617341254,0.04811303258705214,3.5978145165495123e-10,0.00016865034578330873,SAUDE
431328556,431328628,0,117.57300000000001,0,4,24.20478672071029,0.04130616801562936,0.01969038083942911,2.686519120539435e-10,0.00016550805934816375,SAUDE
431328556,431328573,0,115.87,0,5,24.168500289519397,0.04136818483113315,0.028660577904279227,1.0801813748766288e-09,0.00019651732021906565,SAUDE
431328557,431328637,0,98.996,0,4,24.206523837097084,0.04130320378905066,0.02018320314062527,6.885042212692135e-10,0.00017286741984711532,SAUDE
431328557,431328658,0,64.987,0,5,23.689442192626906,0.042204750071291805,0.029049848646756023,2.129795873195278e-10,0.00020217767752179336,SAUDE
431328559,431328574,0,254.041,0,4,23.178729974908318,0.043134675115955666,0.012506361580917145,3.3601153109125536e-11,0.0001694394047049334,SAUDE
431328559,431328658,0,78.91199999999999,0,5,23.612237019880332,0.04234274737401398,0.00038875125305178396,8.40585670733689e-11,0.00020110851980948024,SAUDE
431328566,431328633,0,115.802,0,6,24.564948851573057,0.040700552364639236,0.0036918381804294134,5.21469863268474e-09,0.00021062783757527188,SAUDE
431328566,431328567,0,116.622,0,6,24.26944605288554,0.04119611897566407,0.03320316659973911,2.564129299825084e-09,0.00021088988391286203,SAUDE
431328566,431328610,0,117.023,0,5,24.265585794248214,0.04120267260579064,0.0033500141387705178,1.9560665560400455e-09,0.00018167559958284598,SAUDE
431328567,431328571,0,13.027999999999999,0,6,24.01466898282185,0.0416331779456679,0.033035371515459745,1.888949266619731e-09,0.00021635038385863485,SAUDE
431328567,431328632,0,116.049,0,5,24.26635784597568,0.041201361712958545,0.006990942355548606,2.7200354811841216e-09,0.00018379522116628008,SAUDE
431328567,431328583,0,232.54399999999998,0,6,23.764717236054814,0.042071065989847715,0.006813450135335654,1.3987360355128976e-09,0.00021128842936305378,SAUDE
431328571,1397985966,0,58.269,0,5,24.455703532136653,0.04088236454757113,0.004671075746579898,1.07132538024614e-09,0.0001929186988044385,SAUDE
431328571,431328573,0,115.93299999999999,0,6,24.056359776104998,0.04156102570685837,0.03217752131162076,1.7237198302470503e-09,0.00022305711280761652,SAUDE
431328571,431328631,0,115.549,0,5,24.222736923373866,0.04127555817622591,0.004519731160759293,2.3368226635781555e-09,0.00019108438547284513,SAUDE
431328573,1397985988,0,58.048,0,5,24.577301679212507,0.040680095810264265,0.004826749410942283,1.0989666217302125e-09,0.00019456136645721212,SAUDE
431328573,431328638,0,116.03300000000002,0,6,24.339316734221192,0.04107785760733375,0.006050666496274135,3.30506652744499e-09,0.00022585770025480435,SAUDE
431328574,431328657,0,60.202,0,5,23.428681721675353,0.042674487576616356,0.003628114144294422,3.360043388921218e-11,0.00020031911571527137,SAUDE
431328574,431328655,0,117.849,0,4,22.969889982628835,0.043526851361684604,0.00931461855363408,1.3101320375077242e-11,0.00017303418384360703,SAUDE
431328577,431328628,0,116.248,0,5,23.947114456668597,0.04175062464737648,0.019445008667681056,8.633456168390276e-11,0.0001957866348863886,SAUDE
431328577,5163835123,0,109.014,0,5,24.103840957344143,0.04147915632356945,0.004201630469509348,3.4638558990598916e-11,0.00019859251164352964,SAUDE
431328577,431328654,0,117.45,0,6,23.504728816830728,0.0425364187291629,0.01909521912150529,3.412827385167455e-11,0.0002237353127352827,SAUDE
431328577,431328657,0,60.063,0,6,23.53561088592936,0.0424806048975709,0.00381235972703255,4.854236379969775e-11,0.00022774534901226043,SAUDE
431328580,4596414699,0,58.568,0,5,23.761049990349353,0.04207755917664452,0.015989018686207782,2.4615377761053247e-10,0.00020416710790079802,SAUDE
431328580,8732281025,0,100.246,0,5,24.21019108280255,0.04129694737429544,0.026037848960527635,2.3577796019089994e-10,0.00020516305864388452,SAUDE
431328580,431328609,0,116.152,0,6,24.128932638486777,0.04143602214187438,0.01363763638545492,6.802484992468267e-10,0.00022806066735017808,SAUDE
431328580,4728719386,0,116.195,0,6,23.671685002895195,0.042236409742096984,0.003822922678674492,4.4480273609242583e-10,0.000223055669436194,SAUDE
431328583,4728719386,0,115.346,0,6,23.676703339123723,0.04222745762988204,0.0038914952827762764,6.104399802294471e-10,0.00021355433318673742,SAUDE
431328583,431328598,0,12.129,0,6,23.942868172167536,0.04175802915000645,0.0037617960896645674,4.881768360034423e-10,0.00021484240792976126,SAUDE
431328583,431328648,0,114.626,0,6,23.887087434858135,0.04185554181918083,0.006713535002591387,4.769121520350534e-10,0.0002163649636238139,SAUDE
431328588,660760980,0,85.552,0,4,28.30110017371164,0.035327495430613524,3.792272802598694e-05,1.3085812619414913e-13,0.0001904098603710397,SAUDE
431328588,1383421098,0,116.637,0,4,27.72071028758927,0.03606714895454007,0.0014907614866471305,6.153348730279014e-14,0.00020727997920838562,SAUDE
431328588,3900024670,0,115.92099999999999,0,4,27.936305732484076,0.03578880459865412,0.0016308504682591095,2.24075254862499e-13,0.00019187898296151956,SAUDE
431328592,660760966,0,56.49,0,5,26.864311908897896,0.037216921485228184,2.770610266738772e-06,4.0706936602511317e-14,0.0002121918788455439,SAUDE
431328592,2041166254,0,119.71000000000001,0,4,26.528083381586566,0.03768862502000844,0.03956085134619624,2.719712027496033e-14,0.00018149670051704678,SAUDE
431328595,1397986082,0,47.574,0,4,25.013124879366917,0.039971294745858185,0.006214305665153394,4.3201257812038624e-11,0.0001674095411255148,SAUDE
431328595,5163835132,0,8.876999999999999,0,4,25.112912565141865,0.0398124663746061,0.00622261749595361,3.2970613413824846e-11,0.0001726694996055679,SAUDE
431328595,4596414698,0,8.884,0,4,25.044585987261147,0.039921082647430564,0.002162807639472954,1.7415247715782302e-11,0.00017127427850735426,SAUDE
431328598,431328652,0,114.438,0,6,24.312101910828027,0.041123839918704996,0.0034258595948224915,1.9577700869578737e-10,0.00021760874604598944,SAUDE
431328598,431328630,0,116.247,0,5,24.28527311329859,0.04116927087472779,0.0040279478384131606,2.1179566940501075e-10,0.00019088652323531437,SAUDE
431328598,1397986082,0,63.196,0,5,24.56533487743679,0.040699912785901175,0.004031411101246584,1.5972796078950474e-10,0.00019064555114940495,SAUDE
431328600,1397985772,0,17.707,0,4,25.32792897124107,0.0394744863744437,0.04176816191307869,1.6595897729801173e-10,0.0001808485434930271,SAUDE
431328600,1397985795,0,57.708,0,4,24.984944991314418,0.040016377359073596,0.03327468297724931,5.155855482514326e-10,0.000174078396770913,SAUDE
431328609,431328610,0,116.923,0,5,24.222929936305732,0.04127522928469549,0.0002735977638404537,9.159336890528349e-10,0.0001892992155986326,SAUDE
431328609,1397985905,0,67.463,0,5,24.770507624010808,0.040362797656152596,0.0013747421817274445,5.928835848190053e-10,0.00020669255106033936,SAUDE
431328610,4728719386,0,116.788,0,5,24.016599112140515,0.04162983203407539,0.003302221111669274,6.804879258118734e-10,0.0001845781444409371,SAUDE
431328611,4369279160,0,37.253,0,4,26.216174483690406,0.038137028256740244,0.050669959536968685,4.4723032318340666e-11,0.0001951592316578464,SAUDE
431328611,4369281099,0,33.485,0,4,26.280833815865662,0.038043198860172885,0.0010587194481775533,4.4618524573460516e-11,0.00020080487345799274,SAUDE
431328612,4369281099,0,92.82,0,2,27.215402431962943,0.03673680701829039,0.0005884083553986467,9.945168768209741e-12,0.0001152450754187804,SAUDE
431328614,4369284061,0,17.87,0,4,26.260760470951553,0.03807227853032185,0.024112967477710873,6.745363163326839e-10,0.0002011803196837489,SAUDE
431328614,431328636,0,119.16499999999998,0,4,25.535803898861225,0.03915314321131359,0.0,7.569257544407156e-10,0.00019209266818054203,SAUDE
431328615,4369273491,0,38.074,0,4,27.459177764910248,0.03641066734145896,0.04845347132357767,6.043845903135013e-13,0.00020753431604843468,SAUDE
431328615,4369269285,0,34.686,0,4,27.67149198996333,0.03613130030830183,0.0469431424019217,3.3176353877324206e-13,0.00020589468353748595,SAUDE
431328615,4369272358,0,35.346999999999994,0,4,28.07681914688284,0.03560969573646075,0.0010459053756938863,2.0280830054478648e-13,0.00021351370044289306,SAUDE
431328616,4369272358,0,26.659,0,2,28.670719938235862,0.03487205724941599,0.0005884083553986467,7.376154219006867e-14,0.00011883627103162395,SAUDE
431328617,4369279160,0,38.795,0,4,26.8343949044586,0.037258413712247085,0.050316706727959494,1.0703366506409872e-11,0.0002039431204355911,SAUDE
431328617,4369273491,0,32.479,0,4,27.18413433700058,0.03677906291491824,0.04879494903895323,2.3248915582372563e-12,0.00020720057345412264,SAUDE
431328617,4369278297,0,40.685,0,4,27.527118316927233,0.036320801020909003,0.0010528319013607334,2.3128432227749236e-12,0.00021357064181114154,SAUDE
431328618,4369278297,0,52.577,0,2,28.183362285273112,0.03547507841498993,0.0005884083553986467,5.169993811653554e-13,0.00011922695499418448,SAUDE
431328622,660760954,0,81.615,0,4,27.89326384867786,0.03584403003148462,0.0004931686274795014,4.721535899368064e-12,0.00018606024132986372,SAUDE
431328622,660760983,0,85.042,0,4,27.64601428295696,0.03616459779102727,0.00015931009033747938,2.8374673575498137e-12,0.0001834910789916042,SAUDE
431328626,660760963,0,163.36,0,4,27.426172553561088,0.0364544846757451,0.00023186544669770098,2.621139594675125e-14,0.00019500503357510423,SAUDE
431328626,13308399490,0,219.62899999999996,0,4,27.480409187415557,0.036382536382536385,0.0014261716348037828,8.256012079885867e-15,0.00021754052301209035,SAUDE
431328626,1383421098,0,123.016,0,4,27.451843273499325,0.036420395421436005,0.0015084241270975902,1.735719464602393e-14,0.00021258607453481494,SAUDE
431328627,1397985722,0,29.918,0,4,25.42115421733256,0.03932972431229927,0.0015087704533809324,2.919916162971296e-10,0.0001854052126962235,SAUDE
431328627,1397985693,0,61.614,0,4,25.19803126809496,0.03967798025292797,0.009593238048582997,3.122422568593434e-10,0.00018665249667441607,SAUDE
431328628,431328629,0,114.625,0,5,24.379849449913145,0.04100956362024194,0.0005165456516051098,1.5403380479504737e-10,0.00020020604459053973,SAUDE
431328629,1397985988,0,58.619,0,5,24.694267515923567,0.040487412166545514,0.004503453825442203,3.1814204110369586e-10,0.00019967713012966756,SAUDE
431328629,431328630,0,116.835,0,5,24.416135881104033,0.040948616600790515,1.2121419916982128e-06,1.7630085107445293e-10,0.0001990156831473488,SAUDE
431328629,5163835132,0,111.724,0,5,24.922215788457827,0.040117098557952945,0.004114529409248747,1.1400249449548261e-10,0.0002043670327184004,SAUDE
431328630,1397985966,0,58.6,0,4,24.60046323103648,0.04064179514338394,0.004346394855946448,3.0473098210926834e-10,0.0001628090137839523,SAUDE
431328631,431328638,0,117.549,0,5,24.27118316927234,0.041193170522230795,7.878922946038382e-05,3.918169359733047e-09,0.00019377648982871415,SAUDE
431328632,431328633,0,117.203,0,5,24.889982628836133,0.04016905121941763,0.00020381301774697092,5.370604814401869e-09,0.00018354592766747676,SAUDE
431328633,431328634,0,115.561,0,6,24.91989963327543,0.04012082720161103,0.0009982855117343138,6.938911007499985e-09,0.00021321229031361086,SAUDE
431328634,1397985736,0,93.253,0,5,25.49005983400888,0.039223406833050645,0.0007426967146276621,3.983183010546617e-09,0.00019314806581398553,SAUDE
431328636,4369284061,0,39.569,0,4,25.7768770507624,0.03878697117184575,0.023993484909957764,3.782464217966109e-10,0.00020248172854568552,SAUDE
431328636,431328637,0,17.428,0,4,24.780544296467863,0.040346449823971085,0.02402084468634181,7.66028151659975e-10,0.0001843655703177916,SAUDE
431328637,431328638,0,114.99799999999999,0,5,24.338158656629993,0.04107981220657277,0.004351589750196584,2.967582828372381e-09,0.00020177124078469294,SAUDE
431328643,431328663,0,117.281,0,5,23.506079907353794,0.04253397380629798,0.0003122131444331254,5.9781756877083e-11,0.000192839761644713,SAUDE
431328643,431328648,0,117.751,0,5,23.628643119088977,0.04231334749223983,0.0003830368693766352,1.4626738900564252e-10,0.00019087927715285096,SAUDE
431328644,1397986132,0,62.518,0,4,24.277359583092068,0.04118269054944706,0.008183343749096305,2.5963242375063708e-11,0.00015639234632136895,SAUDE
431328644,431328652,0,118.18,0,5,24.054043620922602,0.041565027603029915,0.0025711263275335805,8.416417044946098e-11,0.00018678065457095326,SAUDE
431328645,1397986132,0,54.043,0,5,24.421540243196294,0.04093955488113303,0.007999271329499848,1.6261220464155005e-11,0.00018732737794344473,SAUDE
431328645,1397986140,0,54.152,0,5,24.050183362285274,0.04157169914288466,0.007668702892049579,9.429742864401602e-12,0.00018677486313618317,SAUDE
431328645,431328653,0,115.878,0,6,24.192433893070834,0.04132725923680201,0.0018599453046900718,1.7180118071496234e-11,0.0002199484212443736,SAUDE
431328646,1397986140,0,60.546,0,5,23.62536189924725,0.042319224202021194,0.0075348477835377615,7.095644307952674e-12,0.00018533178498916653,SAUDE
431328646,431328647,0,107.693,0,5,23.31306697548736,0.04288611996522747,0.0073906028865256745,5.945521448116843e-12,0.00018621560335990958,SAUDE
431328646,431328654,0,115.10300000000001,0,6,23.267129897703146,0.04297079147552407,0.019214182199833382,1.3673376676462722e-11,0.00021761826383460983,SAUDE
431328648,431328652,0,11.335999999999999,0,6,24.059254970082996,0.041556024420181144,0.009990127969293328,1.845123253433064e-10,0.00021913130174004212,SAUDE
431328648,4370356918,0,81.67999999999999,0,5,24.256900212314225,0.04121742590013925,0.015197143639345507,1.547992150705347e-10,0.00019949974070126883,SAUDE
431328649,431328663,0,117.672,0,6,23.58965450685196,0.04238328233157145,0.013575297654453297,1.0897618565912654e-10,0.00022785837748698077,SAUDE
431328649,4370356918,0,32.811,0,5,24.226018143215594,0.04126996773294029,0.015683039414874818,1.170620736574458e-10,0.00020340541214714514,SAUDE
431328649,8732281027,0,102.747,0,5,24.228720324261726,0.041265364975424004,0.005538796249494147,9.595525223275526e-11,0.00020481995975095093,SAUDE
431328649,4728719386,0,114.91,0,6,23.868558193398957,0.041888034416114765,0.003160227335498912,3.2898964574841284e-10,0.00022305201652286693,SAUDE
431328652,1397986100,0,63.585,0,6,24.54680563597761,0.04073063525637497,0.007052242107700201,9.614516145870902e-11,0.0002183416207810531,SAUDE
431328653,1397986100,0,54.137,0,6,24.680177571897318,0.04051052648043295,0.0041581665209498835,3.886312927716629e-11,0.00022139725973407596,SAUDE
431328653,1397986116,0,54.117,0,5,24.315769156533488,0.04111763772027306,0.0020273940626860964,1.5002052026075278e-11,0.0001903401223330793,SAUDE
431328653,4596414698,0,108.593,0,5,24.575757575757574,0.040682651754930216,0.004178772934808753,1.6708593534166416e-11,0.00019656300531383888,SAUDE
431328654,1397986116,0,60.599,0,5,23.872611464968152,0.041880922350506125,0.001626175063433988,1.3829414005698512e-11,0.00018957810066050031,SAUDE
431328654,431328656,0,58.19199999999999,0,5,23.320401466898282,0.04287263186644927,0.0016066076284251454,1.6443104053094095e-11,0.00019306289138151512,SAUDE
431328655,431328656,0,60.586,0,4,23.225825130283727,0.043047210657093236,0.0008064207507626538,1.0358077415171483e-11,0.00016980769098639707,SAUDE
431328656,431328657,0,118.007,0,5,23.213472302644277,0.04307011781922191,0.0003641620869344773,3.085719708385005e-11,0.0001968981493406395,SAUDE
431328657,431328658,0,252.757,0,6,23.41092453194364,0.04270685618177621,0.0001165387943446996,8.405784937762702e-11,0.00023095410845953116,SAUDE
431328659,431328662,0,390.1809999999999,0,4,22.959660297239914,0.04354624476688468,0.008629585165182918,5.094688747266076e-12,0.00019394079670003453,SAUDE
431328661,431328662,0,153.31900000000002,0,2,23.68693302451264,0.042209220840599075,0.0005884083553986467,3.2374826654239397e-12,0.00011255865074926407,SAUDE
431328663,479051995,0,116.79700000000001,0,6,23.43099787685775,0.04267026920162114,0.00045351426803680274,3.889830553107268e-11,0.00023533787393079165,SAUDE
431339588,431339599,0,218.77199999999996,0,4,23.7762980119668,0.04205057433940821,0.0007757708746868561,1.5641652887559262e-14,0.0001884041391521993,SAUDE
431339588,431339642,0,86.965,0,4,23.49546419610114,0.0425531914893617,0.00376958843103977,3.156232401083265e-14,0.0001904634832060738,SAUDE
431339599,660766777,0,242.661,0,4,24.145917776491025,0.04140687450039968,0.04007895546607639,9.791712366126197e-15,0.0001833228849133449,SAUDE
431339599,431359365,0,63.660999999999994,0,4,23.742520748890175,0.04211039752865621,0.040935766691065356,4.0461865984543315e-14,0.00018699547358316454,SAUDE
431339622,431339651,0,18.088,0,4,24.488129704690213,0.040828229804607756,0.0008947339530149522,4.75908214263039e-13,0.0001714060397002564,SAUDE
431339622,431339624,0,86.04599999999999,0,4,24.274271376182206,0.041187929869200494,0.0003721275914513513,2.7071974704995924e-13,0.00017564007394901943,SAUDE
431339622,431339653,0,81.968,0,5,24.00656243968346,0.04164723664956825,0.0006580199383504583,1.9797828591679368e-13,0.00021046886678152018,SAUDE
431339624,1397986188,0,150.257,0,4,23.947307469600464,0.04175028814146738,0.024200414864254817,7.796881424315801e-13,0.00017946211361874259,SAUDE
431339624,431339653,0,57.653999999999996,0,5,23.705848291835554,0.04217554144276177,0.02360871640916442,2.3982859944930254e-13,0.00021218859850205774,SAUDE
431339636,1397986122,0,13.152,0,4,23.716657016020072,0.042156320192714605,0.027969310642727903,1.9757283635359846e-13,0.00018766866715822902,SAUDE
431339636,431359365,0,54.538,0,4,24.091874155568423,0.04149975965390162,0.0016637514651766324,8.663009661192088e-14,0.00018683234140693625,SAUDE
431339636,2486864652,0,43.697,0,4,23.672650067554525,0.042234687887287195,0.026576732657408328,1.6274207031434142e-13,0.00018343442059371516,SAUDE
431339638,1397986122,0,51.757,0,4,23.378691372321946,0.04276573787409701,0.0262759482803255,2.0057399676291984e-13,0.00019223946920140717,SAUDE
431339638,431339642,0,162.57199999999997,0,4,23.254391044199963,0.04299433105634913,0.0010940447290784725,8.105396685759144e-14,0.00019371970480954882,SAUDE
431339638,8935070693,0,176.762,0,4,23.816830727658754,0.041979010494752625,0.024813066059487427,1.901400164252637e-13,0.00020291809737725655,SAUDE
431339651,431359228,0,90.8,0,4,24.4997104806022,0.04080893069572136,0.0004484925369283387,9.548121462337005e-13,0.00016742021429699702,SAUDE
431339651,431359223,0,58.037000000000006,0,5,24.354371742906775,0.04105246473292122,0.0008611403035307445,1.5531355938065319e-12,0.00019882320331267517,SAUDE
431339653,8740418475,0,183.23000000000002,0,5,23.96332754294538,0.041722377047859915,0.02590399385201582,1.0736983415732973e-13,0.00020793165779089382,SAUDE
431359220,8002799904,0,6.868,0,5,24.18683651804671,0.04133682328907048,0.026254649213899944,6.942813607445716e-14,0.00020685728423446145,SAUDE
431359220,3359512168,0,86.834,0,5,23.718201119475005,0.042153575729956705,0.003079706474621816,1.2433855037073188e-13,0.00020151386461126944,SAUDE
431359220,431359229,0,56.756,0,6,23.694846554719167,0.04219512393799435,0.02569775655028545,2.0741927916475394e-13,0.00023507638712179913,SAUDE
431359220,431359287,0,70.663,0,5,23.881104033970274,0.041866028708133975,0.0024234181676880697,6.961596252067699e-14,0.00020598341822248477,SAUDE
431359223,431359228,0,60.804,0,5,24.113491603937465,0.04146255563026286,0.005316454775588361,1.785002033378681e-12,0.00019727074812852586,SAUDE
431359223,2461787411,0,165.06699999999998,0,5,24.227176220806793,0.041267994996853116,0.011118285837281021,1.4415025901820935e-12,0.00020043324952674597,SAUDE
431359228,4369337343,0,48.620999999999995,0,4,24.25226790194943,0.04122529864465862,0.006039584055207181,2.1580113518223253e-12,0.00016307005263176046,SAUDE
431359229,3359512168,0,73.363,0,5,23.519590812584443,0.04250954002708137,0.02802195223779594,2.176905898070212e-13,0.00019995705084877973,SAUDE
431359233,431359291,0,134.382,0,5,25.47905809689249,0.03924034331512723,0.00011342185779461848,7.103053793549563e-16,0.0002024439238072088,SAUDE
431359233,431359293,0,208.18,0,6,25.674194171009457,0.03894209806191643,0.010642433523968637,7.068352289982786e-16,0.00022920181389864312,SAUDE
431359233,431359279,0,96.319,0,6,25.494692144373673,0.03921628005572043,0.0004353321381613295,1.296650002060002e-15,0.00022920700652487153,SAUDE
431359233,431359315,0,121.86799999999998,0,5,25.600656243968345,0.03905395930245708,0.01052347044564054,1.261385474989478e-15,0.0002039747499818239,SAUDE
431359240,431359247,0,162.429,0,4,26.095927427137617,0.03831275933226334,0.00013056500882006463,-1.605810455854125e-17,0.00019199524359102193,SAUDE
431359240,8009652132,0,85.309,0,4,25.48619957537155,0.039229347793159855,0.011995876639270526,6.214825288734368e-18,0.00019071124204236332,SAUDE
431359240,431359299,0,73.887,0,4,26.076433121019107,0.0383414013116016,0.0120717220953225,-1.9871943442238193e-17,0.0001941036744775645,SAUDE
431359242,4329528212,0,49.629999999999995,0,4,23.89326384867786,0.04184472215266053,0.0011558639706550815,5.194031273446249e-16,0.00018048902296623307,SAUDE
431359242,8009652132,0,7.627,0,4,24.51380042462845,0.040785474701982585,0.013595557742028825,1.2141929958080756e-16,0.0001847933570298426,SAUDE
431359247,431359250,0,92.891,0,4,25.840571318278325,0.038691365401852404,0.0012294583058653301,5.619475497550837e-18,0.00019159677131261945,SAUDE
431359247,8009652132,0,151.668,0,4,25.322910635012544,0.0394823091815424,0.001433444486753972,2.784419687047267e-17,0.00019036496591100718,SAUDE
431359250,431359299,0,231.85699999999997,0,4,26.199961397413627,0.03816062825065197,6.476301498501879e-05,4.37576473268475e-18,0.00019370520219916205,SAUDE
431359250,431359253,0,80.783,0,4,25.563790773981857,0.03911027890612023,0.0011165559374957251,6.594582559798412e-17,0.0001883148883063107,SAUDE
431359253,431359286,0,91.85,0,4,25.89500096506466,0.03861003861003861,0.0003023428453578685,1.0425389359836398e-16,0.00018484686848708063,SAUDE
431359253,431359292,0,241.648,0,4,25.226018143215594,0.039633959723327415,0.0009510119740580835,3.0954105644316e-16,0.00017848662594015688,SAUDE
431359258,431359279,0,108.462,0,5,25.017950202663577,0.03996358530451018,0.00015948325347915057,1.7841843410210307e-15,0.0001975675684767242,SAUDE
431359258,4329772043,0,251.247,0,5,24.067361513221385,0.041542027218849496,0.0011984621035061901,4.868483265524231e-15,0.00020502312157953272,SAUDE
431359258,431359292,0,218.81600000000003,0,4,24.783632503377728,0.04034142238559547,0.0008810540648229295,1.2021236127957809e-15,0.0001691472481911265,SAUDE
431359268,431359290,0,111.487,0,4,24.411889596602972,0.0409557393380667,0.002248869720883527,6.977327439606096e-15,0.00017234195720429424,SAUDE
431359268,431359287,0,28.089,0,4,24.45763366145532,0.040879138223572586,3.982752258436985e-06,1.7684139420530032e-14,0.0001754784649691279,SAUDE
431359268,8002799904,0,81.53399999999999,0,4,24.45763366145532,0.040879138223572586,0.0027640300673552674,1.749677795473128e-14,0.00017627981282683093,SAUDE
431359279,431359283,0,211.93800000000002,0,6,25.440262497587337,0.03930018360317436,0.0009943027594758768,1.1401694606327864e-15,0.00022875622784833543,SAUDE
431359279,431359290,0,261.98300000000006,0,5,24.740783632503376,0.04041129019675149,0.0014149160305951566,2.7132674990908623e-15,0.0001983569607024058,SAUDE
431359283,431359284,0,103.741,0,5,26.15537541015248,0.03822567909616194,0.0005896204973903448,4.0954989419983485e-16,0.00020292005510626278,SAUDE
431359283,431359292,0,110.649,0,5,25.455124493341053,0.039277238158064345,0.00024623798745640837,5.630766090926379e-16,0.00020147283669213657,SAUDE
431359283,431359293,0,129.367,0,6,25.92569002123142,0.03856433469077806,0.0004265008179360997,5.448236252623353e-16,0.00022875103522210704,SAUDE
431359284,431359300,0,53.798,0,4,26.84732677089365,0.03724046701558636,0.0006808774730510532,1.6431235631437124e-16,0.0001756333882963978,SAUDE
431359284,431359286,0,138.15699999999998,0,4,26.585022196487163,0.03760790492024656,0.0006055515064240928,1.4017693412635408e-16,0.00017959049134298185,SAUDE
431359286,431359297,0,70.831,0,4,26.81104033970276,0.03729086877645636,0.00023186544669770098,6.576780667061012e-17,0.00018536233023665487,SAUDE
431359287,4329772070,0,34.063,0,4,24.03628643119089,0.041595734429704816,0.0018452264376480221,1.6531253376200532e-14,0.00017544554357675098,SAUDE
431359290,4329772043,0,119.17,0,5,24.06929164254005,0.04153869594155714,0.0005295328872304478,5.7939220979407414e-15,0.00020581251380521435,SAUDE
431359291,431359316,0,100.535,0,4,25.613781123335265,0.03903394747748766,0.012375796572097081,9.35387722520744e-16,0.0001770686740162484,SAUDE
431359291,431359294,0,201.80700000000002,0,4,25.696583671105966,0.03890816771072754,0.012335103233804354,3.3941760924148656e-16,0.0001727098099713263,SAUDE
431359293,431359294,0,139.297,0,5,25.910055973750243,0.038587604290822405,0.000367798512909572,3.4116663021174565e-16,0.0002008107786333678,SAUDE
431359293,431359295,0,99.93700000000001,0,6,26.358811040339702,0.03793065573170285,0.010807111671697922,3.4592218593779036e-16,0.00023439811218676788,SAUDE
431359294,1397986073,0,54.774,0,4,26.136267129897703,0.038253625971110386,0.01285978755306801,1.3688457444165584e-16,0.00017779582922712304,SAUDE
431359295,431359300,0,105.201,0,5,27.03840957344142,0.03697728538183687,0.0009949954120425616,1.8071665129374213e-16,0.0002094586215381356,SAUDE
431359295,431359296,0,138.873,0,5,26.783632503377728,0.03732902872461554,0.0007721344487117615,1.566596648985993e-16,0.0002108853335244104,SAUDE
431359295,431359310,0,89.17999999999999,0,5,26.721482339316733,0.03741585045216839,0.010432559796263174,1.5191276815811804e-16,0.00021201013024237794,SAUDE
431359296,1397986073,0,46.148,0,4,26.739239529048447,0.037391003060576314,0.01256021531797688,7.478180154437932e-17,0.00018118238209842915,SAUDE
431359296,467923480,0,75.405,0,4,26.904072572862383,0.03716191979338546,0.011619419969277397,6.085009429139783e-17,0.00018352576053556798,SAUDE
431359297,431359298,0,106.124,0,4,27.417100945763366,0.03646654651948637,0.00101248488935135,5.870727736659272e-17,0.00018872867494222175,SAUDE
431359297,431359300,0,138.555,0,4,27.482918355529822,0.03637921468652775,0.0006119585426659262,8.308983379654547e-17,0.0001814052271900708,SAUDE
431359298,431359308,0,38.912,0,4,27.464775139934375,0.03640324677606381,0.012195533741617389,5.823844026526796e-17,0.00019704817746920214,SAUDE
431359298,431359310,0,54.562,0,4,27.280061764138196,0.03664973326352432,0.011619419969277397,7.303354741316011e-17,0.00018640187185223702,SAUDE
431359299,431359308,0,33.883,0,4,26.774174869716273,0.03734221472494359,0.012256660330627313,1.897592196184167e-17,0.00019931047961645423,SAUDE
431359303,431359307,0,15.675,0,4,25.79540629222158,0.03875910988731425,0.005238704524978004,1.3732512362643075e-18,0.00019896023331412,SAUDE
431359303,467923466,0,56.618,0,4,25.344528083381586,0.03944863300586399,0.004319035079562403,-6.559125938962202e-18,0.00019263541264813994,SAUDE
431359303,13742780078,0,51.006,0,4,25.033970276008493,0.03993801127207963,0.004335831904304507,-1.9379364528062204e-17,0.000191789543463953,SAUDE
431359305,7991155261,0,4.679,0,4,24.263462651997685,0.04120627799123372,0.027224535970400185,7.605258022423925e-17,0.00017625310139544927,SAUDE
431359307,467923473,0,45.063,0,4,26.49218297625941,0.03773969808241534,0.00296074339629372,3.141314570981058e-17,0.00019891862420393682,SAUDE
431359307,1397986084,0,70.348,0,4,26.76240108087242,0.03735864297253635,0.002142893878180769,1.911164327006011e-17,0.00021566338646859343,SAUDE
431359308,8935070696,0,50.946,0,4,27.45859872611465,0.036411435158825556,0.0014239205139620576,1.700250850053055e-17,0.0002153422862218946,SAUDE
431359309,467923480,0,14.388,0,4,27.404169079328316,0.03648375486860918,0.012948966571028665,3.847282001467114e-17,0.0001882586137981083,SAUDE
431359309,431359310,0,136.422,0,4,27.037058482918354,0.03697913320340665,0.0014036604263865304,5.4351818235656604e-17,0.0001851368525229846,SAUDE
431359309,467923473,0,55.598,0,4,27.110210384095733,0.03687935183471216,0.011472577625140241,2.640431842070753e-17,0.00019168642427924248,SAUDE
431359315,431359316,0,105.042,0,4,25.701795020266356,0.03890027861010356,0.00016208070060421816,1.4956378523990583e-15,0.0001784882617312608,SAUDE
431359315,3359512171,0,146.792,0,4,25.730360934182592,0.038857091419184,0.010819579417898247,3.809781083197966e-15,0.0001789759856003096,SAUDE
431359316,3359512172,0,139.234,0,4,25.725149585022198,0.03886496301075914,0.01246722671089946,3.394353191048031e-15,0.00018295527211598133,SAUDE
431359321,467923473,0,71.5,0,4,26.70488322717622,0.03743910724352766,0.008897988034773237,8.110946195979483e-18,0.0001925759616914463,SAUDE
431359321,467923485,0,70.494,0,4,27.12507237984945,0.036859145408617074,0.004031064774963242,2.1701019592830835e-17,0.00019044082436968796,SAUDE
431359321,431359322,0,39.024,0,4,26.25110982435823,0.03808627497114119,0.01321858158261068,-2.3741243043162512e-17,0.00018834454007251306,SAUDE
431359322,467923466,0,24.026,0,4,25.57710866628064,0.039089914349318945,0.008859026327897224,-3.963380382536953e-18,0.00018836238191902353,SAUDE
431359322,2069072991,0,48.834,0,5,25.78073730939973,0.038781163434903045,0.02104832619641445,1.1006563620836343e-17,0.00022417753807828483,SAUDE
431359325,13742780078,0,59.265,0,4,24.784597568037057,0.04033985156803651,0.0004412196849781494,1.7548130408670625e-17,0.0001897871048756164,SAUDE
431359325,467923466,0,70.01400000000001,0,4,25.091102103840957,0.0398470733940014,0.004254964717144069,3.0906490637554897e-17,0.00019063297405980337,SAUDE
431359325,431359331,0,207.842,0,4,24.83806215016406,0.04025301897642323,0.004542069206034874,4.622672233442497e-18,0.00018972528809998445,SAUDE
431359331,8009652135,0,24.442,0,4,25.006369426751593,0.039982092962225414,0.0453434612991634,9.037888366052357e-18,0.00018468771821969016,SAUDE
431359341,467923428,0,95.737,0,5,23.82513028372901,0.04196438697969831,0.00234670689592774,1.8776896792589746e-13,0.0002135797101454768,SAUDE
431359341,3359512168,0,73.739,0,4,23.46554719166184,0.042607443964630884,0.031145988476685576,2.1355559795275518e-13,0.00016853465791890284,SAUDE
431359343,8512121553,0,156.53599999999997,0,5,22.659525188187608,0.044123033415957545,0.05485756379200267,4.545285899458556e-12,0.0002000647402618734,SAUDE
431359343,467923562,0,115.948,0,5,22.777649102489868,0.04389421325130708,0.037289124090612115,4.582893860839725e-12,0.0002029498171726563,SAUDE
431359354,3270516981,0,136.272,0,5,22.62150164060992,0.04419719800003413,0.05036900199674419,3.7829422820150685e-08,0.00020357318946064205,SAUDE
431359354,7197570105,0,335.021,0,5,22.254391044199963,0.04492627927146574,0.007606017834764614,3.706803063651399e-08,0.00019690738639937977,SAUDE
431359360,431359363,0,314.02299999999997,0,5,22.561088592935725,0.04431554722856727,0.022978056247198005,7.113270965938498e-07,0.00018258098064889074,SAUDE
431359363,1397984576,0,16.334,0,6,22.768577494692146,0.04391170187514835,0.011008673568603168,1.5479842130237843e-06,0.0002126199468096549,SAUDE
431359365,2486864652,0,54.218,0,4,23.60316541208261,0.042359021326704174,0.039777305273285206,1.4106837486411697e-13,0.00018334033546438353,SAUDE
445225734,445225740,0,12.891,0,6,24.30110017371164,0.041142457745583935,0.02362066466593973,5.441872971170737e-06,0.00022092162266411312,SAUDE
445225734,445230352,0,117.04,0,6,24.30225825130284,0.04114049718052577,0.023659972699099086,1.0476387134613845e-05,0.0002144503047220824,SAUDE
445225736,445225739,0,10.69,0,6,25.66377147268867,0.03895791342017388,0.011468941199165146,0.00017411933195448116,0.00021995188798980075,SAUDE
445225736,445226093,0,118.226,0,6,25.762208067940552,0.03880905644545005,0.009531938296431402,0.000343692966929487,0.00021631075707077314,SAUDE
445225736,1397985406,0,60.14,0,5,26.06601042269832,0.038356732421065104,0.01678712760617022,0.00016608276872778568,0.00018961770339244292,SAUDE
445225739,13127014643,0,66.155,0,5,25.826674387183942,0.038712184622743034,0.013282651945029015,5.8814148520134575e-05,0.00018954129555388586,SAUDE
445225740,2532735436,0,58.09,0,5,24.613781123335265,0.040619804899469904,0.023785169650527342,2.095193373683789e-06,0.00019158580444354357,SAUDE
445225740,445225741,0,116.49799999999999,0,5,24.340474811812392,0.041075903194087604,0.004119897466640554,1.9248204065395264e-06,0.0001931257463097218,SAUDE
445225741,3416576975,0,59.977000000000004,0,4,24.785176606832657,0.0403389091362178,0.00033836077882547254,4.8148000428248e-07,0.0001604592945267322,SAUDE
445226092,445226093,0,115.592,0,6,25.9442192626906,0.03853679222122202,0.009656788921576318,0.0003526546066046955,0.00021851508678283351,SAUDE
445226092,6665810235,0,57.847,0,5,26.30322331596217,0.03801081620522906,0.0121600352975748,0.00032821542565800003,0.0001985405073230319,SAUDE
445226092,1350191101,0,115.266,0,6,25.746767033391237,0.03883233128926338,0.011884532739175961,0.00020789414702518223,0.00021772942340070043,SAUDE
445226093,1397985336,0,58.508,0,5,25.98282184906389,0.03847953824554105,0.002729743765304375,0.0002726398456680926,0.00018570658529425534,SAUDE
445230352,445230353,0,115.551,0,6,24.348195329087048,0.0410628785236389,0.027338130991336477,9.378295292201975e-06,0.00022013128051872553,SAUDE
445230353,445230355,0,114.63499999999999,0,6,24.497587338351668,0.04081246749972424,0.01575143885583493,4.133753037141744e-06,0.00022800389077729956,SAUDE
445230353,4370182759,0,40.824,0,5,24.75680370584829,0.040385140139554826,0.009518604734522722,4.821969761979257e-06,0.00020836224160414378,SAUDE
445230353,445230354,0,116.035,0,6,24.54854275236441,0.04072775305458148,0.022653029030281213,4.5995682982640735e-06,0.00023749992263901416,SAUDE
445230354,4370189217,0,48.371,0,5,24.585987261146496,0.04066572460354844,0.02052416136657581,2.2720267820539547e-06,0.00021570640805473299,SAUDE
445230354,3377037344,0,56.994,0,5,24.776104999034935,0.040353678962333966,0.028166023971666357,5.803372802312265e-06,0.00021218144468368298,SAUDE
445230355,1397985600,0,50.11,0,5,24.872611464968152,0.04019710549800178,0.01314602622625046,1.6739340215975104e-06,0.000203372552048889,SAUDE
445230356,445230361,0,117.107,0,6,25.543138390272148,0.03914190072465411,0.008731924581910583,1.9511594274908743e-05,0.0002075900513502512,SAUDE
445230356,13127014643,0,49.467999999999996,0,5,25.819918934568616,0.038722313172314296,0.012917624042386182,2.4445735887937023e-05,0.00018399084871143536,SAUDE
445230357,2532735436,0,57.672,0,5,24.728430804863926,0.04043147723192682,0.02333615762417399,1.0457533241971762e-06,0.0001867545293546548,SAUDE
445230359,3416576988,0,59.039,0,5,24.935147654892877,0.04009629302804418,0.02361668191368129,1.8846262221417092e-07,0.00018240959901440773,SAUDE
445230360,8935317538,0,69.441,0,5,23.317120247056554,0.04287866496697184,0.00430379672309534,5.420726134209485e-09,0.0002118395933874038,SAUDE
445230365,1397984664,0,83.277,0,5,26.231229492375988,0.03811514009889334,0.0074241965360098815,0.01085392117697871,0.00019146099553019513,SAUDE
445230365,445230368,0,115.902,0,6,25.87492762015055,0.03863999164540721,0.00983861022033105,0.011745083171589524,0.000211774465379205,SAUDE
445230365,445230366,0,116.991,0,6,25.895773016792123,0.038608887497577626,0.00047879608672079404,0.009067967269697367,0.00021555058267012985,SAUDE
445230366,1397984672,0,103.941,0,6,26.10615711252654,0.03829774649553439,0.0022140639294076212,0.0033874078553996264,0.0002237975132313692,SAUDE
445230366,445230367,0,115.963,0,6,25.81104033970276,0.038735633043439244,0.016581409793864865,0.004672360635669993,0.00021189577660995351,SAUDE
445230367,445230368,0,115.789,0,6,25.779193205944797,0.038783486320959557,0.017566881233115512,0.007349476537562148,0.00020811965931902864,SAUDE
445230367,1397985089,0,116.251,0,6,25.708550472881683,0.03889005675846122,0.005247709008344905,0.0034712601361063257,0.00020718693405431018,SAUDE
445230368,1397985037,0,117.25,0,6,25.858907546805636,0.03866392983765628,0.008352004649084028,0.007062365974091558,0.00020967775055149502,SAUDE
445230369,1397984646,0,36.663,0,5,25.28160586759313,0.03954681487815306,0.03992206965972231,0.08290066113236733,0.00018924024965953228,SAUDE
467871927,4369924997,0,136.085,0,4,25.88361320208454,0.03862702549532822,0.0002732514375571114,2.5189041343769714e-11,0.00017852274859477538,SAUDE
467871927,467872124,0,97.032,0,4,25.638486778614165,0.03899633374236824,0.0004741206818956723,5.7429439431109896e-11,0.0001685197440269416,SAUDE
467871927,467871933,0,199.022,0,5,25.62902914495271,0.03901072418363658,0.00029818692995776036,2.4698965897629452e-11,0.00020626707417964918,SAUDE
467871933,467872157,0,67.907,0,5,25.962555491217913,0.038509575353871776,0.012727317749689562,1.652017167198103e-11,0.0002100443535977751,SAUDE
467871933,467872143,0,98.016,0,6,25.637135688091103,0.038998388869649014,0.012627056290661954,4.093620640463576e-11,0.00023405673341807433,SAUDE
467871933,467871939,0,55.92700000000001,0,5,25.529820497973365,0.03916231949799652,0.020216623626967804,1.4409225474002995e-11,0.0002064750467412846,SAUDE
467871939,467871962,0,38.994,0,4,25.791932059447984,0.0387643308288682,0.013272435319670416,4.674506911897515e-12,0.00017127501480246993,SAUDE
467871939,467872034,0,44.629,0,4,25.401852924145917,0.039359608531461095,0.013273301135378772,3.2951853377095784e-12,0.0001761863983570298,SAUDE
467871962,467872184,0,59.604,0,4,25.896352055587723,0.03860802420827464,0.021909639663086865,8.972662667832723e-12,0.0001667840338843866,SAUDE
467872034,467890577,0,225.092,0,4,25.74541594286817,0.03883436916641052,0.0028412608285406107,7.927391415148516e-13,0.00018001592200645654,SAUDE
467872034,467872039,0,95.411,0,4,25.189345686160973,0.039691661686052745,0.010909277925283914,7.339153994362795e-13,0.00017592877134750345,SAUDE
467872039,6190983360,0,55.202,0,4,25.393167342211928,0.039373071251577206,0.01775701436267046,3.050106950299371e-13,0.00017232670788900568,SAUDE
467872124,467872143,0,175.69299999999998,0,5,25.5290484462459,0.039163503848305685,0.00020502515973866913,7.366668038292022e-11,0.00019714019699908032,SAUDE
467872143,467872184,0,94.798,0,5,25.935726693688476,0.0385494109679772,0.015872479891863082,3.62472565386512e-11,0.00019719169264729124,SAUDE
467872157,467872163,0,122.748,0,4,26.686353985717044,0.03746510248658344,0.012386705850022365,6.273822652723429e-12,0.00018447703755056186,SAUDE
467872157,4369924997,0,238.38299999999998,0,4,26.173904651611657,0.0381986180654391,0.0006762020682259315,1.701024624810019e-11,0.0001821119769056697,SAUDE
467872163,4369925008,0,115.831,0,4,26.894035900405328,0.037175788370724425,0.0032537354320013455,3.815256710078847e-12,0.00020205026151056646,SAUDE
467872163,467872170,0,86.767,0,5,26.608376761243004,0.03757489590738296,0.0144937549578772,1.8951830778370192e-12,0.00022595618726447577,SAUDE
467872170,467890577,0,110.857,0,5,26.453966415749854,0.03779421850603394,0.0005136018781966999,6.51977867373002e-13,0.00022155422644672574,SAUDE
467872170,467890566,0,142.62800000000001,0,5,26.948851573055396,0.03710017046024266,0.0004720427241956183,5.400797650249195e-13,0.00023487693299745397,SAUDE
467872170,467890222,0,187.03,0,5,26.362285273113297,0.03792565692655748,0.014765274764017601,5.726143656025684e-13,0.0002204439677532126,SAUDE
467872272,467872389,0,137.589,0,4,24.436016213086276,0.04091530216503558,0.0001035515587193616,2.2072835043517746e-08,0.00017082954869858082,SAUDE
467872284,467872376,0,69.75,0,4,24.601621308627678,0.040639882003122525,0.0017849656643464538,6.017393497974233e-08,0.0001680436636863505,SAUDE
467872374,467872376,0,134.69799999999998,0,4,23.896352055587723,0.04183931441679388,0.00018355293017144363,1.391352086848884e-07,0.00016107683145473277,SAUDE
467872513,467891129,0,113.465,0,4,26.74174869716271,0.03738749467697349,0.000623733636299566,1.1127570287087353e-09,0.0001849393190570119,SAUDE
467872513,467891252,0,94.027,0,4,26.332175255742136,0.03796902372697487,0.0006838212464594631,2.797990657649192e-09,0.0001769296670822581,SAUDE
467890222,467890239,0,210.371,0,4,26.179502026635785,0.03819045091273703,0.0036691538088704898,1.9796424765601806e-13,0.00018023976512814528,SAUDE
467890222,467890251,0,58.958,0,5,26.435630187222543,0.03782043325569679,0.013537721252710654,2.962396309540664e-13,0.0002198667899864594,SAUDE
467890239,467890295,0,71.09100000000001,0,4,25.722447403976066,0.038869045832457906,0.006391624722224675,9.196361429233543e-14,0.0001805865493409024,SAUDE
467890239,467890577,0,323.667,0,4,25.998069870681334,0.038456969768961215,0.00254445920371622,2.7732982738353274e-13,0.00018126277554712618,SAUDE
467890251,4369118504,0,60.405,0,5,26.967380814514573,0.037074678996263905,0.0018795127396989144,2.1853326592887045e-13,0.0002340845615713766,SAUDE
467890251,1397985039,0,102.802,0,5,26.436595251881876,0.037819052625430755,0.014684580739998834,5.804745481461337e-13,0.00022395939054929018,SAUDE
467890251,467890269,0,113.529,0,5,26.955414012738853,0.037091138225353724,0.001031532834935179,2.8322592530164937e-13,0.0002233574713170029,SAUDE
467890269,1397985039,0,189.30200000000002,0,4,26.822235089751015,0.03727530475080235,0.0006027808961573541,5.297166517465852e-13,0.00018607272507888272,SAUDE
467890269,467890277,0,86.569,0,4,27.371163867979156,0.03652774839574078,0.001736133658395183,1.4641623283661175e-13,0.00019139409998730213,SAUDE
467890277,467897527,0,26.524,0,4,27.57537154989384,0.03625724444942184,0.0007172417328019996,6.035506837953566e-14,0.00020126839256280501,SAUDE
467890277,467890280,0,41.92700000000001,0,4,27.344528083381586,0.036563329380540965,0.001508250963955919,4.2321232954348766e-14,0.00020037559386890528,SAUDE
467890280,6871038118,0,19.853,0,4,27.14784790580969,0.03682822264722402,0.03570797144401264,1.5654139813803082e-14,0.0002096608272582743,SAUDE
467890280,467897527,0,33.866,0,4,27.389114070642734,0.036503808939909656,0.03438431238907819,4.231460999914517e-14,0.00020425653681813824,SAUDE
467890295,467890299,0,90.406,0,4,25.93842887473461,0.038545395015886955,0.04842524573148527,2.89460791964072e-14,0.00018675201751399982,SAUDE
467890299,6871038118,0,72.22200000000001,0,4,26.635398571704304,0.03753677589530283,0.03540285798838803,9.21433933240154e-15,0.0002049562130488896,SAUDE
467890400,1397984979,0,11.163,0,4,25.60644663192434,0.039045128027316515,0.006134996946267997,5.206905349588445e-11,0.00020416202323552684,SAUDE
467890400,467890515,0,117.065,0,4,26.205365759505888,0.038152758341312515,0.002248696557741856,1.1424939457494288e-11,0.00020461730226232477,SAUDE
467890400,467890462,0,255.95900000000003,0,4,25.92028565913916,0.0385723753285726,0.0037408433495223557,1.0902151752838177e-11,0.0002010124778213041,SAUDE
467890462,1397985046,0,16.143,0,4,26.526153252267903,0.03769136736713429,0.012489218429891698,2.3923715693214442e-12,0.0002090291276309112,SAUDE
467890462,1397985039,0,13.781,0,4,26.211928199189344,0.03814320638567347,0.015436974590560081,2.303027186968858e-12,0.00019296147969287194,SAUDE
467890489,467890496,0,192.39999999999998,0,2,26.63192433893071,0.0375416727061893,0.0005884083553986467,8.796068164567347e-11,0.00012629179017077685,SAUDE
467890489,467891025,0,132.144,0,4,26.29666087627871,0.03802030196046769,0.0013049574356339617,9.382620436968253e-11,0.00023160197772948115,SAUDE
467890489,467890985,0,151.88899999999998,0,4,25.946728430804864,0.03853306553596667,0.001605222323291776,4.5633952495843257e-10,0.0002295842878264813,SAUDE
467890515,4129332587,0,15.752,0,4,26.385253812005406,0.03789264239001624,0.01229008081696985,5.392435850066657e-12,0.00021321514147600775,SAUDE
467890515,467890520,0,73.169,0,4,26.846168693302452,0.03724207347760443,0.01321996688774405,3.0956491596578357e-12,0.00020643055980117684,SAUDE
467890520,5850510532,0,72.167,0,4,26.824358232001543,0.037272354418356995,0.0025136361644987506,1.3588585547246908e-12,0.00020720699493980706,SAUDE
467890520,1397985046,0,101.518,0,4,27.09920864697935,0.03689432411450061,0.012152242956199596,1.186145537471562e-12,0.00021267660340205678,SAUDE
467890566,4369118504,0,73.109,0,4,27.42501447596989,0.03645602404126991,0.0011421840824630588,1.4825732497441323e-13,0.00020644494088898537,SAUDE
467890566,1397984791,0,105.971,0,2,27.70874348581355,0.036082725569278135,0.0005884083553986467,1.1004104474642727e-13,0.00011227851470074953,SAUDE
467890674,467890837,0,85.872,0,4,25.098436595251883,0.03983542892298227,0.00013316245594513222,2.804049462733398e-09,0.00018862522875988605,SAUDE
467890674,467890858,0,171.859,0,4,24.859486585601235,0.04021832806664752,0.0,1.965146457994132e-09,0.0001909787335424572,SAUDE
467890780,467890858,0,120.392,0,4,25.29994209612044,0.03951815317480298,0.0049257987279781945,7.180953817136648e-10,0.00019763008844914058,SAUDE
467890780,1397984849,0,50.067,0,4,25.945377340281798,0.03853507212307418,0.001992241944926848,3.631321771576263e-10,0.00020757864282263544,SAUDE
467890780,1397984979,0,64.112,0,4,25.65933217525574,0.038964653492902866,0.006266600933938089,1.9803010101633386e-10,0.00020370264449535443,SAUDE
467890837,467890858,0,70.848,0,4,24.859486585601235,0.04021832806664752,0.005119741446649909,1.965146455471028e-09,0.0001909787335424572,SAUDE
467890936,467890940,0,91.488,0,5,24.733835166956187,0.04042264292291605,0.0019098162894913696,3.029851358081391e-08,0.00020715594769360127,SAUDE
467890940,467890953,0,81.035,0,4,25.036093418259025,0.039934624398667816,0.002364023210094857,6.565143158318159e-09,0.0002013173071852132,SAUDE
467890953,467890985,0,236.008,0,3,25.54294537734028,0.039142196496848976,0.0,1.336234687825425e-09,0.00016806216495019293,SAUDE
467890953,467890985,1,220.62,0,3,25.54294537734028,0.039142196496848976,0.00181094013559713,1.3362346815737233e-09,0.00016806216495019293,SAUDE
467891025,467891030,0,39.499,0,3,26.58907546805636,0.03760217192467951,0.0013891147224861517,2.1276361501136026e-11,0.00017312158924642036,SAUDE
467891025,467891030,1,85.721,0,3,26.58907546805636,0.03760217192467951,0.0,2.1276363162646146e-11,0.00017312158924642036,SAUDE
467891030,467891041,0,67.566,0,4,26.83053464582127,0.03726377428799574,0.0015567366436238475,1.7974015304920395e-11,0.00021613713417710392,SAUDE
467891041,467891134,0,108.59500000000001,0,4,26.66106929164254,0.037500633456646226,0.002276748986692586,5.686413318698449e-11,0.00020092363850870735,SAUDE
467891041,4369925008,0,173.629,0,4,26.787106736151323,0.03732418722619322,0.002823251861806809,1.3005100935080495e-11,0.00021083091491805358,SAUDE
467891120,4369084664,0,136.107,0,4,25.498552403011,0.03921034305265389,0.003253215942576332,4.280312609050578e-09,0.00017899613885359023,SAUDE
467891120,467891252,0,75.119,0,4,25.781509361127195,0.03878000209621633,0.0007724807749951039,5.5289237314726315e-09,0.00017210408338662876,SAUDE
467891129,4369084664,0,17.297,0,4,26.15363829376568,0.03822821803368216,0.0004031237938104913,1.110092504849579e-09,0.00018737318251133337,SAUDE
467891129,679606258,0,24.944,0,4,26.440262497587337,0.03781380714958354,0.0006528250441003231,5.567894116865086e-10,0.0001897594207371117,SAUDE
467891134,679606258,0,74.166,0,4,26.075854082223508,0.03834225271837689,0.003134426027389907,2.6627688078513925e-10,0.00019323725535844752,SAUDE
467891134,4369924997,0,92.052,0,4,26.280254777070063,0.03804403707457513,0.0010519660856523774,5.841071352734756e-11,0.00018977792445632803,SAUDE
467897338,1397985297,0,15.636,0,4,25.3898861223702,0.03937815956516781,0.029050194973039366,8.461122603886236e-15,0.00017344967380346875,SAUDE
467897338,467897340,0,27.82,0,5,25.138004246284503,0.03977272727272727,0.0023394340439775504,2.0581291677235822e-14,0.0001998027334166015,SAUDE
467897340,467897353,0,27.479999999999997,1,6,24.515344528083382,0.040782905821405514,0.02535523985605987,2.6400237266186744e-14,0.00022493548333071218,SAUDE
467897340,467897341,0,28.426,0,6,25.082416521906968,0.03986087170647624,0.0030494029248293608,2.246688952609063e-14,0.00022630197848540342,SAUDE
467897353,1920635280,0,134.042,0,5,24.248407643312103,0.04123186156283083,0.022290079085338435,2.9391635857946936e-14,0.00019206062786553617,SAUDE
467897353,467897356,0,38.483000000000004,0,6,24.798880524995173,0.04031661776266121,0.03635664057271285,1.4696564415159363e-14,0.0002267478469999601,SAUDE
467897353,1397985297,0,28.046,0,5,24.855626326963908,0.04022457426403783,0.0328710396940138,1.428118716561901e-14,0.00020017379807114652,SAUDE
467897401,467897403,0,153.431,0,5,26.118316927234126,0.03827991634581988,0.002620824149193207,3.4479508674595833e-12,0.000233383136924931,SAUDE
467897401,5842846269,0,80.706,0,5,26.17371163867979,0.038198899753698216,0.035833687884865906,3.337924371111929e-12,0.00024074324970696392,SAUDE
467897401,1397985227,0,159.41000000000003,0,6,25.677089364987456,0.03893770718543519,0.03656530215842661,1.2657550444855938e-11,0.0002562512409787878,SAUDE
467897401,5850510532,0,61.687000000000005,0,5,26.282956958116195,0.03804012572334988,0.002737709269821249,3.448771206204792e-12,0.00023772205121571938,SAUDE
467897403,4369159304,0,53.432,0,4,26.264813742520747,0.038066403092344096,0.0037240465247802518,8.128472105705627e-13,0.0002117069479898023,SAUDE
467897499,1397985227,0,30.113999999999997,0,6,25.347230264427715,0.03944442752276812,0.03477340996841331,2.98069926580471e-11,0.000247726688374906,SAUDE
467897499,1397985241,0,12.395,0,5,24.943447210963136,0.04008295159093723,0.0015624510272989963,6.67973280497862e-11,0.00021205640947477816,SAUDE
467897499,1397985215,0,20.956,0,5,25.61551823972206,0.039031300390313,0.011973711757136617,2.8037995154108883e-11,0.00021483527814823367,SAUDE
467897499,3270516987,0,152.85399999999998,0,5,25.232387569967187,0.039623954899066005,0.04715561357675223,3.9813002847886853e-11,0.00022937509224511387,SAUDE
467897527,5139911166,0,143.53399999999996,0,4,27.273692337386606,0.03665829234634302,0.03521168587998305,1.464417791058908e-13,0.00021381997508739054,SAUDE
467923327,467923337,0,30.716,0,4,25.757189731712025,0.03881661770877046,0.0015250477886980228,1.2753874503069634e-14,0.00019995101546122176,SAUDE
467923327,467923428,0,144.942,0,5,24.800617641381972,0.04031379385487034,0.0002945505039826657,5.0824324347727144e-14,0.00022515031399916133,SAUDE
467923327,467923421,0,34.056,0,4,25.78131634819533,0.0387802924243672,0.0008329147114383433,1.3205769968845719e-14,0.00020096934127999993,SAUDE
467923337,3359512173,0,57.582,0,5,25.99633275429454,0.03845953952497271,0.0023413388385359335,1.1781311220620435e-14,0.00024423474141835105,SAUDE
467923337,467923340,0,73.745,0,2,26.68500289519398,0.03746699938519402,0.0005884083553986467,3.920392651508617e-15,0.00011278945563582682,SAUDE
467923346,467923356,0,32.945,0,4,24.46303802354758,0.0408701072248566,0.0076986601155586915,1.6225865455611153e-13,0.0002085275026209213,SAUDE
467923346,467923349,0,111.943,0,2,25.435051148426943,0.039308235758353,0.0005884083553986467,3.173941969686714e-14,0.00011478847405876037,SAUDE
467923346,3359512173,0,70.145,0,5,25.37734028179888,0.03939762701551567,0.006978647772489953,3.622586820335871e-14,0.00024657962650535,SAUDE
467923356,467923358,0,70.229,0,2,24.476355915846362,0.04084786928681828,0.0005884083553986467,1.5287973043403315e-13,0.00011166161567432554,SAUDE
467923387,467923449,0,27.332,0,4,26.620150550086855,0.03755827695966473,0.005094113301682575,1.2467388759653991e-17,0.0001974146761242689,SAUDE
467923387,467923392,0,80.40899999999999,0,4,27.22794827253426,0.03671987977429325,0.0012349995263988077,1.1630162165659775e-17,0.00021028039539094917,SAUDE
467923387,467923405,0,32.4,0,4,26.79328314997105,0.037315583218072844,0.0038168619687160006,9.466623522248275e-17,0.00020603295684926365,SAUDE
467923392,4369307908,0,42.79,0,4,27.791353020652384,0.03597547000770903,0.001764186087345913,2.760298911374949e-17,0.00024063485539768957,SAUDE
467923392,467923405,0,61.547,0,4,27.31461107894229,0.03660337627281528,0.0011165559374957251,1.0238166050508508e-16,0.00021333066818428738,SAUDE
467923395,4369307908,0,45.341,0,2,28.790773981856784,0.03472664499044682,0.0005884083553986467,-1.301887695473862e-17,0.0001408070955907854,SAUDE
467923405,467923505,0,156.626,0,4,26.799845589654506,0.03730644580482535,0.004904672824694311,5.148637152201154e-16,0.00021314806187864536,SAUDE
467923410,467923618,0,16.719,0,4,26.87608569774175,0.03720061761643147,0.005814818297317998,4.0789281468137014e-15,0.00020459885873038583,SAUDE
467923410,467923416,0,201.789,0,2,27.14611078942289,0.03683057933505873,0.0005884083553986467,2.3223218556025177e-15,0.00011314726507014437,SAUDE
467923410,3359512173,0,107.697,0,5,26.267708936498746,0.038062207461074415,0.00623283412131221,1.0376682211104784e-14,0.00024467759348930057,SAUDE
467923421,13755508834,0,110.07,0,2,26.767998455896546,0.03735083101993727,0.0005884083553986467,4.433601873351153e-15,0.00011380778145460502,SAUDE
467923421,4235715097,0,27.899,0,4,25.784018529241457,0.038776228225800416,0.0006220020048828543,1.4536099527769127e-14,0.00019822589280182396,SAUDE
467923428,4235715097,0,84.559,0,5,24.806601042269833,0.04030407008862227,0.0008691058080476185,5.215347857819739e-14,0.0002220320950655729,SAUDE
467923428,4369316067,0,131.263,0,5,24.78980891719745,0.04033137126662307,0.000762610475919847,5.1957919664649817e-14,0.0002197436554998884,SAUDE
467923441,467923515,0,16.543,0,4,25.763559158463618,0.038807021223994424,0.013770106188833368,5.74084523535901e-16,0.00018697812107725087,SAUDE
467923441,2069072991,0,238.26800000000003,0,5,25.8332368268674,0.03870235053271768,0.00853971349465558,1.4440136239474625e-16,0.00022387898502781344,SAUDE
467923441,467923449,0,118.841,0,4,26.124107315190116,0.03827143163229872,0.004921469649436415,1.1653908577786266e-16,0.00018869630920834415,SAUDE
467923449,1397986003,0,15.168,0,4,26.40995946728431,0.03785719505956296,0.008232348918189247,3.001342498042133e-17,0.0001906470294014027,SAUDE
467923480,467923485,0,74.327,0,4,27.089751013317894,0.03690720474236206,0.0016239239425922627,4.1522825175145404e-17,0.00018899871447585053,SAUDE
467923485,1397986003,0,121.809,0,4,26.824744257865277,0.03727181804445276,0.00566607115862246,4.116554495166335e-17,0.00018986938912270973,SAUDE
467923502,1397985958,0,41.094,0,2,28.261146496815286,0.03537743902855465,0.0005884083553986467,9.211561220065752e-17,0.0001405967416094979,SAUDE
467923505,1397985958,0,70.342,0,4,27.261725535610886,0.0366743838632711,0.001764186087345913,4.985051938640282e-16,0.00024024189511076001,SAUDE
467923505,467923618,0,69.724,0,4,26.582899054236634,0.037610908615657176,0.005620182926079599,2.4592026211931507e-15,0.0002090193342736682,SAUDE
467923513,467923515,0,68.556,0,4,25.33622852731133,0.03946155545567431,0.014094960242608489,2.8157291123558154e-15,0.0001909158737740244,SAUDE
467923513,2069072989,0,130.2,0,4,25.26867400115808,0.03956705393493588,0.0018208104346723866,4.011226775692762e-15,0.0001931366983582445,SAUDE
467923513,1397985840,0,168.62900000000002,0,4,25.01891526732291,0.039962043773095826,0.014917658328688233,1.2564539547044713e-14,0.0001949238244667005,SAUDE
467923515,4369292654,0,216.717,0,4,25.53213665315576,0.03915876687682376,0.0005492734853809615,5.791153530509268e-16,0.0001868808436567544,SAUDE
467923541,467923548,0,82.039,0,4,25.38602586373287,0.0393841475004752,0.0003444214887839636,1.2387283719803236e-16,0.00019226262525967526,SAUDE
467923541,2462089644,0,180.35599999999997,0,4,25.718008106543138,0.038875755187811924,0.005905036294128679,1.994021018295938e-17,0.0001982870773706914,SAUDE
467923548,4369292654,0,137.825,0,4,25.674966222736924,0.03894092706469607,0.00804671803031775,2.0456587417791648e-16,0.00018801612662373387,SAUDE
467923548,467923554,0,62.825,0,4,25.094769349546418,0.039841250307654445,0.00870214052154314,4.56664884335526e-16,0.0001894325833241602,SAUDE
467923554,2069072989,0,221.19,0,4,24.915653348774367,0.04012766484878533,0.0011259067471459684,2.024326936000164e-15,0.00019051812494140082,SAUDE
467923554,1397985818,0,186.3,0,4,25.052113491603937,0.03990908740706499,0.008944915246166125,4.3700790330477554e-16,0.00018321448576910169,SAUDE
467923562,467923564,0,216.699,0,4,23.18722254391044,0.04311887657845887,0.002955202175760243,1.1052457846855817e-12,0.00017716679449555109,SAUDE
467923564,467923690,0,120.499,0,4,23.65875313646014,0.042259496149327766,0.010992223070144407,5.116359516191961e-13,0.00017749965954651795,SAUDE
467923618,3359512173,0,336.336,0,5,26.146882841150358,0.03823809488657754,0.0,1.0372844100579969e-14,0.00024124101918167798,SAUDE
467923654,467923690,0,45.321,0,5,23.67998455896545,0.042221606377255756,0.00030701825018299015,6.922886521988574e-13,0.00020502355990783213,SAUDE
467923654,8512121553,0,29.827,0,5,23.095927427137617,0.04328931973926124,0.04350637352917392,1.2482864095796367e-12,0.00020180809473994095,SAUDE
467923690,8512121553,0,25.298,0,4,23.3875699671878,0.04274950276881432,0.011182875689124369,1.1187680984672462e-12,0.00016926860029512218,SAUDE
467923729,467923731,0,49.416999999999994,0,4,26.63346844238564,0.037539496188074326,0.001174392426813897,2.6270608706410253e-16,0.00019289228409646948,SAUDE
467923729,467923758,0,79.67299999999999,0,4,25.831885736344336,0.038704374789853176,0.002201076693782283,4.336994884384965e-16,0.00019524784100814193,SAUDE
467923729,467923791,0,100.39500000000001,0,4,26.177378884385252,0.03819354838709677,0.002346880059069411,7.3971766500516935e-16,0.00019359787124799698,SAUDE
467923731,1397985707,0,64.421,0,4,26.799459563790773,0.03730698317584697,0.0006145559897909939,2.71916336109292e-16,0.00019200337737398994,SAUDE
467923731,467923740,0,129.45999999999998,0,4,26.305153445280833,0.03800802717794067,0.00016987304197942096,1.7429734392168737e-16,0.0001890537391862494,SAUDE
467923740,467923746,0,71.958,0,4,25.573634433507046,0.039095224797542585,0.00034182404165889596,1.9171850112731254e-16,0.00018513287922819374,SAUDE
467923746,1397985802,0,173.47,0,5,25.001930129318666,0.039989192110240476,0.0033171131418529946,2.482697849763621e-16,0.00021503775220605193,SAUDE
467923746,467923758,0,174.603,0,4,25.45956379077398,0.03927038951980956,0.0035619658241760337,3.5815587004467545e-16,0.00018989411331505658,SAUDE
467923754,467923868,0,36.891,0,2,25.79328314997105,0.038762300295581247,0.0005884083553986467,1.3501095189846976e-15,0.00011603303424313505,SAUDE
467923754,467923758,0,25.567,0,4,25.425786527697355,0.03932255885099179,0.005677153599689415,1.4455215950800421e-15,0.0002051570057794451,SAUDE
467923754,467923755,0,70.548,0,4,25.134337000579038,0.03977853034456808,0.005511955962535116,6.956636433629059e-15,0.0002049311024536001,SAUDE
467923755,8003334308,0,160.04000000000002,0,4,25.20671685002895,0.03966430824833839,0.0027169296928207082,9.266986852276794e-15,0.00019234977526233789,SAUDE
467923755,467923806,0,189.63000000000002,0,4,24.933603551437947,0.04009877613580944,0.002877451925149886,3.144694291511295e-14,0.0001897541002877332,SAUDE
467923783,467923791,0,107.595,0,4,26.13414398764717,0.03825673370211446,0.002615629254943072,2.9637296400987037e-15,0.00019183566401679138,SAUDE
467923783,467923786,0,100.568,0,4,26.050762401080874,0.03837918336803266,0.00019654016579678164,7.98060472627941e-15,0.00018973676788876215,SAUDE
467923783,7206740985,0,73.282,0,4,25.995367689635206,0.03846096731560268,0.0027633374147885826,8.907076089416197e-15,0.0001893953200656385,SAUDE
467923786,467923860,0,75.342,0,4,25.205944798301488,0.03966552315608919,0.06143533889152386,3.124459047692913e-14,0.00018411278400966164,SAUDE
467923786,467923793,0,92.22200000000001,0,4,25.90137039181625,0.03860054398450017,0.06122009710642659,6.807510472491087e-15,0.00019021663433139475,SAUDE
467923791,1397985695,0,64.50999999999999,0,4,26.648137425207487,0.03751883184610036,0.0006310064882497553,9.298387000626957e-16,0.00019279725542773474,SAUDE
467923793,1397985695,0,108.22300000000001,0,4,26.556649295502798,0.03764808488989026,0.0007224366270521347,1.5973770270638336e-15,0.00019224219522266396,SAUDE
467923806,467923904,0,248.32999999999998,0,5,24.738660490252848,0.04041475840868839,0.0019745793044763887,1.221143324283496e-13,0.00021900445430441092,SAUDE
467923860,7206726684,0,69.222,0,4,25.323489673808144,0.03948140639171958,0.02422136760439703,3.5879579210901977e-14,0.00018253947019741736,SAUDE
467923903,467923904,0,36.536,0,3,25.068519590812585,0.039882968894364025,0.0005884083553986467,1.0973653273890701e-13,0.00013759727233209453,SAUDE
467923904,7206740986,0,26.291,0,5,25.06446631924339,0.039889418523167436,0.024461371718753275,1.1797589029342714e-13,0.00021830271153575685,SAUDE
467923904,1920635239,0,75.94500000000001,0,6,24.210963134530015,0.0412956304758564,0.022855976232319827,4.462024217350626e-13,0.0002445406812741024,SAUDE
467923906,8003334310,0,108.498,0,5,25.595830920671684,0.03906132175067113,0.001506173006255865,3.545178449091754e-14,0.00021817863117206532,SAUDE
467923906,467923911,0,143.681,0,4,25.523644084153638,0.03917179630665921,0.002147915609289233,1.1668166973278858e-13,0.00017495359528990688,SAUDE
467923911,1920635246,0,114.194,0,5,25.252653927813164,0.039592154944433404,0.030980444513247933,5.099427528045192e-13,0.0002011043900105135,SAUDE
467923911,1920635358,0,76.047,0,4,25.45049218297626,0.039284387110474064,0.030936461075263457,1.2610202034433398e-13,0.00017250239464677478,SAUDE
467923914,1920635358,0,32.688,0,4,25.473846747732097,0.03924837096529777,0.028540749010242776,4.569074922431063e-14,0.00017345083169666771,SAUDE
467923914,1920635216,0,100.408,1,5,25.274657402045936,0.03955768702080215,0.030791869851968027,2.2541766560140738e-14,0.0002105753954493829,SAUDE
467923914,8003334310,0,145.596,0,5,25.64157498552403,0.0389916371218451,0.002842992459957322,2.0739459404779463e-14,0.00021579639032622997,SAUDE
467923925,467923937,0,86.613,0,4,24.349353406678247,0.04106092553545666,0.0001106512475278797,2.331609667650705e-12,0.00017105416348500683,SAUDE
467923925,1920635313,0,57.851,0,5,24.09631345300135,0.0414921140953037,0.00048052771813750575,6.816573162167364e-12,0.0002079142192887733,SAUDE
467923937,1920635381,0,64.53999999999999,0,5,24.45473846747732,0.04088397790055249,0.02661240426459259,2.7562433007271546e-12,0.00020435812748767195,SAUDE
467923947,467923960,0,132.72299999999998,0,4,22.360934182590235,0.04471221903808307,0.0001664097791459975,1.493279385431691e-10,0.00016631503151998678,SAUDE
467923947,1920635319,0,51.798,0,4,23.078749276201506,0.0433215411763722,0.0014989001543056757,6.046267667272968e-11,0.00017105074519114995,SAUDE
467923947,1920635344,0,86.653,0,5,22.554719166184135,0.044328061888135824,0.0016968256252358265,1.9086560608172608e-10,0.00020449493130820414,SAUDE
467928437,467928558,0,32.751,0,5,25.261339509747152,0.0395785420120875,0.006617256295822214,4.770155200971141e-09,0.0002245674848683928,SAUDE
467928437,467928452,0,51.834,0,4,25.188187608569773,0.03969348659003832,0.006736738863575324,2.705435317002577e-09,0.0001931990000704712,SAUDE
467928437,1397985662,0,80.051,0,2,25.75197838255163,0.03882447290906229,0.0005884083553986467,1.1951999706899425e-09,0.0001082175980146245,SAUDE
467928446,467928448,0,88.088,0,4,24.927813163481954,0.040108090529690055,0.00035758188755097276,1.4980543239302144e-08,0.00017505788724874808,SAUDE
467928446,467928558,0,131.761,0,5,25.017950202663577,0.03996358530451018,0.0009627870676917232,1.2327425244536954e-08,0.00021191408942864234,SAUDE
467928448,467928455,0,114.735,0,5,24.47751399343756,0.04084593669668344,0.000917591487715547,2.9597503724661507e-08,0.00020553872395453175,SAUDE
467928448,467928452,0,131.142,0,4,25.141478479058097,0.039767231187335904,0.0005925642707987548,8.027889802226471e-09,0.00018207666795517946,SAUDE
467928452,4678388126,0,40.161,0,4,24.700829955607027,0.04047665559679625,0.007598398656531082,2.92838084051498e-09,0.00018676787438539607,SAUDE
467928455,467928458,0,146.71200000000002,0,5,24.19918934568616,0.04131572230729964,0.00036727902348455846,6.580489304321681e-08,0.00020077472640173366,SAUDE
467928455,4678388132,0,56.058,0,6,23.830341632889404,0.041955209978536426,0.019121713082180976,3.79469085270675e-08,0.00023071505458553896,SAUDE
467928504,467928516,0,58.158,0,4,25.1138776298012,0.03981093647926834,0.008761708642278024,1.0443375989649464e-07,0.0001837616959440647,SAUDE
467928504,467928507,0,116.125,0,5,25.072765875313646,0.03987621437699189,0.0014737914987633554,9.185862934576542e-08,0.00020746900698797872,SAUDE
467928504,467928592,0,115.093,0,4,25.14997104806022,0.0397538027044865,0.007102978908209856,3.919945701901757e-08,0.00017190888149305078,SAUDE
467928507,467928522,0,58.245999999999995,0,5,25.24145917776491,0.03960971432067046,0.0031541666255404206,2.1032382913735006e-07,0.0002092966224793969,SAUDE
467928507,467928637,0,115.374,0,6,25.15479637135688,0.039746176924198365,0.0031280189911480735,8.676667170582187e-08,0.00022961932474529202,SAUDE
467928507,467928509,0,116.707,0,5,25.180081065431384,0.03970626561805332,0.0012360385052488346,1.3382239961660802e-07,0.0002019786204633605,SAUDE
467928509,1397985657,0,73.323,0,4,25.162130862767807,0.03973459133970007,0.018754780384979762,1.0369796286032094e-07,0.00016519095521571583,SAUDE
467928516,8731600918,0,7.803,0,2,25.60644663192434,0.039045128027316515,0.0005884083553986467,8.636843812686904e-08,0.0001047803597630802,SAUDE
467928522,8731600917,0,6.894,0,2,25.56745801968732,0.039104669157890765,0.0005884083553986467,1.6725538212190684e-07,9.932126401821576e-05,SAUDE
467928554,467928558,0,54.004,0,5,25.267129897703146,0.03956947192324439,0.006361494335573891,9.098864390917738e-09,0.0002036417951668756,SAUDE
467928554,467928669,0,171.28199999999998,0,5,25.53387376954256,0.03915610283390405,0.004736704577273273,2.185341961138148e-08,0.00018928607878486233,SAUDE
467928558,1397985704,0,124.089,0,5,25.404748118123916,0.03935512300375317,0.0003482310779007294,4.508858165624457e-09,0.0002163540086749756,SAUDE
467928592,467928637,0,116.938,0,5,25.088399922794828,0.03985136517852335,8.15598397271226e-05,3.4107499378786264e-08,0.00019541311732366366,SAUDE
467928637,467928669,0,115.999,0,6,25.124300328121983,0.0397944210987255,0.0007061592917350445,3.9910634385194534e-08,0.00022058442961604287,SAUDE
467928669,1397985657,0,39.297,0,5,25.167149198996334,0.03972666825164314,0.018568110518258237,4.9680202701103766e-08,0.00019255975914218547,SAUDE
468002604,468002663,0,37.657,0,5,24.871453387376953,0.04019897717660389,0.012482465067366524,2.0577058963470507e-16,0.00020768986667771492,SAUDE
477234174,3416576916,0,88.751,0,5,27.019301293186643,0.03700343603334595,0.00978527597269633,7.76518327650984e-06,0.00019656033832159405,SAUDE
477234174,477234178,0,133.34199999999998,0,6,26.900019301293188,0.03716751931921733,0.008431140204827754,5.321810312326366e-06,0.00022777360697270294,SAUDE
477234174,1936800743,0,93.054,0,6,26.810847326770894,0.037291137235704465,0.0077987484114446295,5.323709916553657e-06,0.00022119447993127934,SAUDE
477234178,477234179,0,70.256,0,5,26.791932059447984,0.037317465005871374,0.0013660840246438857,5.616755598449843e-06,0.00020585224319143332,SAUDE
477234178,1936800713,0,95.18299999999999,0,6,26.76298011966802,0.03735783468797554,0.009184053544814016,4.2328193661737795e-06,0.00022055763269940586,SAUDE
477234179,8088782483,0,62.873,0,4,27.233159621694654,0.03671285304227648,0.001395348595586314,4.080355556740355e-06,0.00019332007166306415,SAUDE
477234187,3416576916,0,53.738,0,5,26.746767033391237,0.03738047988453906,0.01015723040100601,2.210334247584088e-05,0.00019653786979613043,SAUDE
477234187,1397984287,0,107.199,0,5,26.48388342018915,0.03775152500127539,0.010926594239451031,2.379195239394326e-05,0.00020060227060964022,SAUDE
477234187,4279345968,0,116.07700000000001,0,6,26.820497973364215,0.037277719006599166,0.0030277575321204643,2.251337519433711e-05,0.00022365546160408803,SAUDE
479051995,7917464360,0,8.384,0,3,23.855819339895774,0.04191040235604424,0.0005884083553986467,9.995334175049293e-12,0.00013356980871074517,SAUDE
481466315,1936800713,0,130.20600000000002,0,5,26.61551823972206,0.03756481380760724,0.007396144107059152,2.90284016236568e-06,0.0001852166477915114,SAUDE
660760948,660760978,0,56.708,0,5,27.668403783053463,0.03613533310080223,0.003607507730435552,3.5375679660840765e-12,0.00021234157589919187,SAUDE
660760948,660760954,0,36.421,0,4,27.410152480216176,0.036475790778244095,8.987167052733891e-05,5.106170256226889e-12,0.0001823188439523264,SAUDE
660760948,660760951,0,97.128,0,4,26.944026249758736,0.03710681461635995,0.003875044784317515,1.2728005135673081e-11,0.00017908268615126632,SAUDE
660760951,8001980511,0,157.128,0,4,26.14939200926462,0.03823442574549749,0.004354533523604993,3.880837348556825e-11,0.0001762879446152664,SAUDE
660760954,660760975,0,205.779,0,4,27.07681914688284,0.03692483159282888,0.0009338688230326373,1.0950351608049733e-11,0.00018539010994365445,SAUDE
660760956,660760960,0,101.38200000000002,0,4,27.540243196294153,0.036303491582916333,0.001056468327335828,4.456355060717305e-13,0.00017687381429515013,SAUDE
660760956,660760969,0,74.71600000000001,0,4,27.007334491410923,0.037019832052885476,0.04104555212288488,3.247207821932688e-13,0.00018377893530095943,SAUDE
660760956,8750550879,0,68.312,0,4,27.144373673036092,0.03683293632452803,0.04242133328346235,1.4330634760164149e-12,0.0001835396612710484,SAUDE
660760960,660760984,0,67.431,0,5,27.537154989384288,0.036307562907408705,7.96550451687397e-06,7.633299906553457e-13,0.00020577675334186728,SAUDE
660760960,660760961,0,232.248,0,5,27.350704497201313,0.036555072545587985,0.00072468774789386,2.661636585076248e-13,0.00020608900705778511,SAUDE
660760961,660760966,0,55.013,0,6,27.154989384288747,0.03681853720946762,9.177646508572182e-06,1.1774685520787709e-13,0.0002422932015181171,SAUDE
660760961,660760990,0,64.086,0,5,27.350511484269447,0.03655533051523256,0.0008639109137974833,2.306598193367427e-13,0.00020615664478793668,SAUDE
660760961,660760963,0,230.17000000000002,0,5,27.11464968152866,0.036873313828916364,0.0014076431786449674,1.0739017796002657e-13,0.00021270951617642512,SAUDE
660760963,660760965,0,54.373,0,4,26.862188766647364,0.037219863048148706,0.0017856583169131386,3.095369271105759e-14,0.000180994231463952,SAUDE
660760965,660760966,0,230.80599999999998,0,5,26.86296081837483,0.03721879333510566,0.0004303104070528655,4.131014546352241e-14,0.00021180511505042838,SAUDE
660760966,4369313145,0,117.437,0,5,27.161165798108474,0.036810164721934026,0.0005929105970820972,5.024573081178401e-14,0.00021238280358074172,SAUDE
660760969,4369313145,0,140.132,0,4,27.402431962941517,0.03648606767531626,0.0010329181400685484,7.774997558142864e-14,0.0001821029222654072,SAUDE
660760969,2041166254,0,113.80400000000002,0,4,26.79579231808531,0.037312088972765056,0.039692628497008005,7.456985595536047e-14,0.00018426341459146348,SAUDE
660760978,660760979,0,113.309,0,5,28.344142057517853,0.03527384900341162,0.001175258242522253,1.1773780891400345e-12,0.00021298707517920502,SAUDE
660760978,660760984,0,62.8,0,6,28.08666280640803,0.03559721544561804,1.4718867042049726e-05,1.5331472734478578e-12,0.00024231618169294963,SAUDE
660760978,660760983,0,85.083,0,5,27.94692144373673,0.035775210127561415,0.002104105334446426,1.5815702917114783e-12,0.000213377596311765,SAUDE
660760979,660760980,0,116.486,0,4,28.48832271762208,0.035095326494938954,0.0008557722461389382,3.092657296312483e-13,0.0001824677504762326,SAUDE
660760979,3900024670,0,87.858,0,4,28.45898475197838,0.03513150577160452,1.7316314167117325e-07,4.0248249353864e-13,0.00018393687306671243,SAUDE
660760980,660760990,0,63.851,0,4,27.951553754101525,0.03576928123079473,0.0005674556152564347,2.2360679445021925e-13,0.00017798223566858039,SAUDE
660760983,3900024670,0,113.03,0,4,28.05906195715113,0.035632231348109014,0.0019337128030419916,8.066756197580602e-13,0.00018432553130059257,SAUDE
660760984,8750550880,0,162.82000000000002,0,5,27.396448562053656,0.03649403625450011,0.0008743007022977538,1.801555610513254e-12,0.00020975425409376533,SAUDE
660760984,660760990,0,231.017,0,5,27.53696197645242,0.03630781739550989,0.0005406153282974029,7.278321613094495e-13,0.00020584439107201887,SAUDE
660760986,8750550879,0,13.604,0,4,26.724763559158465,0.03741125659933122,0.04265579617728512,5.8099062551096535e-12,0.00018341733322237952,SAUDE
660760986,8750550880,0,17.933,0,4,26.820111947500482,0.037278255550358026,0.0013397632271098675,5.8607030937511004e-12,0.00018049251674280304,SAUDE
679606258,4369084664,0,29.073,0,4,25.810268287975294,0.03873679172618024,0.002700825520645289,9.934119200116453e-10,0.0001886418242293194,SAUDE
679610760,1397984979,0,114.409,0,4,25.262883613202085,0.03957612291518638,0.0009499729952080565,1.0531794148204878e-10,0.0002151722470431945,SAUDE
679610760,4369127296,0,10.604,0,2,25.57286238177958,0.03909640509309926,0.0005884083553986467,7.084375522714035e-11,0.00012139486539054876,SAUDE
840703920,4279348733,0,160.99300000000002,0,3,25.967187801582707,0.03850270559552833,0.0005884083553986467,1.6925866977688097e-06,0.0001257270467176216,SAUDE
1067411044,4369891157,0,17.472,0,4,28.82821849063887,0.03468153911046539,0.0332062835362892,7.992771186001912e-14,0.0001869230011182191,SAUDE
1067411044,4369891156,0,34.343,0,4,29.225439104419998,0.034210161342517684,0.005720444385107208,7.477064977849906e-14,0.00018631281806492694,SAUDE
1111783541,2461787411,0,93.178,0,4,25.00810654313839,0.03997931572082398,0.010490049959298003,3.177723806622303e-13,0.00016905639728724174,SAUDE
1111783541,4035263075,0,16.25,0,5,25.37791932059448,0.039396728094126233,0.022610604060571776,9.877554456783968e-14,0.00020088935016525952,SAUDE
1350191095,1397985406,0,56.389,0,4,25.748504149778036,0.03882971147575392,0.01702037835800129,5.6894679355234476e-05,0.0001580862281571365,SAUDE
1350191095,1350191097,0,117.235,0,5,25.432155954448948,0.039312710603806804,8.207932915213611e-05,6.062755174977369e-05,0.00018560735785214252,SAUDE
1350191097,1350191101,0,117.362,0,6,25.53927813163482,0.03914781701796416,0.000135933066211871,0.00011363155427486133,0.0002135591672157331,SAUDE
1350191097,1397985336,0,58.412,0,5,25.665315576143602,0.03895556959359865,0.0023105157993184647,9.8762519860934e-05,0.000185581941515748,SAUDE
1350191099,1350191101,0,114.775,0,5,25.560316541208262,0.03911559488929833,0.0008576770406973211,0.00013080758670971576,0.00018603679778867705,SAUDE
1383421096,1383421098,0,31.533,0,2,28.090523065045357,0.03559232360155837,0.0005884083553986467,1.2620995999452743e-14,0.00011833145404253395,SAUDE
1393381045,3472243473,0,96.863,0,2,26.670719938235862,0.037487064068142506,0.0005884083553986467,6.864993132667434e-05,0.000104202812023877,SAUDE
1393381045,8743100584,0,191.308,0,4,26.267129897703146,0.038063046513336765,0.018739542028512697,9.451258945801872e-05,0.00018366533323837947,SAUDE
1393381045,1936800777,0,39.131,0,5,26.02605674580197,0.038415615428541765,0.019469944160081708,0.000334870602780616,0.00021424212856842374,SAUDE
1393381122,1397984459,0,31.519,0,5,26.861223701988035,0.0372212002759255,0.013162649887850892,0.0009321437623098613,0.00020500585541169348,SAUDE
1393381165,1393381202,0,168.62299999999996,0,4,25.57016020073345,0.039100536688833704,0.0028284467560569437,9.546575872773276e-05,0.00018903691185896012,SAUDE
1393381202,3805865212,0,588.347,0,4,25.34163288940359,0.03945313987585209,0.002670521970852834,3.959993966397678e-05,0.0001906753771325597,SAUDE
1393381231,1397984671,0,28.289,0,4,26.488129704690213,0.037745473093598575,0.048901963860506006,0.0003375017936165874,0.00016925633537485325,SAUDE
1393381272,3359512166,0,25.411,0,5,25.913723219455704,0.0385821434689667,0.07761466387042826,0.00013100481586169837,0.00019579907567880003,SAUDE
1397984267,1933826195,0,66.233,0,4,27.717622080679405,0.036071167438459666,0.007865589384129703,6.026143177360088e-12,0.00018260072125346152,SAUDE
1397984287,1397984306,0,63.626000000000005,0,4,26.16772823779193,0.03820763415083902,0.011268245117968256,1.1478445068161366e-05,0.00017609074156339248,SAUDE
1397984287,1397984373,0,95.162,0,4,26.544296467863347,0.03766560504922706,0.00018441874587979952,1.9665213481934068e-05,0.00017372019258518658,SAUDE
1397984293,1397984300,0,173.339,0,4,23.9442192626906,0.04175567288702592,0.00011169022637790675,1.309962593721428e-07,0.000153980617282331,SAUDE
1397984306,1397984371,0,79.75699999999999,0,4,26.214630380235477,0.038139274617502834,0.00020017659177187628,1.0618527550249125e-05,0.00018234693869306678,SAUDE
1397984313,1397984318,0,71.47,0,2,26.80872418452036,0.03729409054256422,0.0005884083553986467,2.7981861186603492e-11,0.00010171991210253261,SAUDE
1397984369,4369033021,0,64.736,0,5,25.060992086469792,0.039894948436934405,0.018691575838269782,7.13887389137288e-05,0.0002164655819528001,SAUDE
1397984371,1397984373,0,63.395,0,4,26.017950202663577,0.038427584774367765,0.017884981924365457,1.8805295964022255e-05,0.00017997638971486085,SAUDE
1397984371,4369033021,0,28.503,0,4,25.602779386218877,0.03905072070442072,0.018082387905870596,1.8413445499991184e-05,0.0001895639423326367,SAUDE
1397984418,1936800777,0,63.614000000000004,0,6,26.163867979154602,0.038213271365866254,0.01001575611426066,0.0011672512777857486,0.00022939507095117156,SAUDE
1397984418,1397984459,0,12.298,0,6,26.95136074116966,0.03709671643928814,0.006926006177421917,0.0014757274627852446,0.0002270059000480287,SAUDE
1397984418,12571177990,0,103.286,0,6,26.740011580775914,0.03738992348780136,0.028955647897686905,0.0035275887670609923,0.00022511773880973457,SAUDE
1397984459,12571177991,0,94.14800000000001,0,5,27.28874734607219,0.03663806822602435,0.0022284364701663285,0.0016322472034981613,0.0001995772483886222,SAUDE
1397984544,1397984606,0,122.005,0,4,25.87994595637908,0.03863249903045852,0.0016143999698003482,0.009530437450288686,0.00018481968814361075,SAUDE
1397984544,4369848140,0,45.022,0,4,25.75796178343949,0.03881545424572131,0.00968051227198527,0.006760477775626569,0.00018729767868295915,SAUDE
1397984548,1397984555,0,73.608,0,4,27.55993051534453,0.036277558338235705,8.814003911062718e-05,1.9202079181384335e-13,0.00017489513685890965,SAUDE
1397984576,2466086508,0,261.67900000000003,0,5,23.276780544296468,0.04295297561299203,0.024049070278434212,2.038878093168823e-06,0.00018873049088900492,SAUDE
1397984576,2466086489,0,23.093,0,6,22.88535031847134,0.04368764179507291,0.0460439062072233,3.468429433272841e-06,0.00020982037323108338,SAUDE
1397984601,4369848140,0,56.487,0,4,26.19166184134337,0.03817272050641493,0.022198995272819398,0.0016597603621028025,0.00019063001914090475,SAUDE
1397984601,1397984611,0,68.623,0,4,26.16290291449527,0.038214680929546295,0.0006772410470759586,0.0013243521154676138,0.00019171538221755778,SAUDE
1397984606,1397984611,0,61.815,0,4,26.124107315190116,0.03827143163229872,0.0005080606576632223,0.0048855791120849,0.0001889495947709188,SAUDE
1397984606,1397984646,0,251.615,0,4,25.768770507624012,0.038799173083260925,0.0019084309843580003,0.018565329440789778,0.00017665917396656524,SAUDE
1397984611,1397984623,0,77.891,0,4,26.632889403590042,0.03754031235279197,0.0007970699411124104,0.0011376035510904134,0.00019686017883869665,SAUDE
1397984623,1397984628,0,60.921,0,5,26.71241073151901,0.03742855697739113,0.0012296314690070011,0.0006237987026602171,0.00022868514388370723,SAUDE
1397984623,1397984643,0,106.207,0,2,27.276394518432735,0.03665466073210255,0.0005884083553986467,0.00028161359350888044,0.00010956499820131884,SAUDE
1397984628,1397984660,0,130.831,0,5,26.273113298591007,0.038054378090081616,0.008264903588823428,0.0014324383185592604,0.00021197058321091228,SAUDE
1397984646,1397984664,0,139.466,0,4,25.86527697355723,0.03865440869201839,0.03771614439797323,0.018803473719750514,0.0001667984853623804,SAUDE
1397984660,1397984664,0,22.052,0,4,26.199575371549894,0.03816119051127155,0.04485011950854223,0.0052897553672475,0.0001672405450136562,SAUDE
1397984660,1397984672,0,116.011,0,5,26.450685195908125,0.037798906896476234,0.036333783038012255,0.0019958815386247925,0.00020103006844833578,SAUDE
1397984671,1397984672,0,74.42899999999999,0,5,26.530399536768964,0.03768533473016427,0.03702349183128854,0.0011839659780541229,0.00020170554321777222,SAUDE
1397984801,1397984849,1,35.608000000000004,0,3,25.507237984944993,0.03919699136606812,0.0,6.775745303528428e-10,0.00016192242100689867,SAUDE
1397984801,1397984849,0,33.007999999999996,0,3,25.507237984944993,0.03919699136606812,0.001488337202663734,6.775745260231777e-10,0.00016192242100689867,SAUDE
1397984878,2421037113,0,18.959,0,4,23.98475197838255,0.041685108437613166,0.004909348229519433,1.3136499157158027e-07,0.00017083106708382212,SAUDE
1397984912,1397984936,0,45.558,0,4,26.08125844431577,0.03833430772532506,0.0047628522116656205,0.0036287184691150883,0.0001618074621882952,SAUDE
1397984912,1397985095,0,218.54700000000003,0,4,25.900598340088784,0.03860169459948879,7.18627037935369e-05,0.004216178766777861,0.0001651693960111593,SAUDE
1397984936,1397985037,0,115.30199999999999,0,5,26.181239143022584,0.03818791698919975,0.00035117485130913933,0.002965693308272495,0.00018664971580969393,SAUDE
1397985037,1397985089,0,116.195,0,6,25.808531171588495,0.03873939901580986,0.00022892167328929103,0.0031841495726357334,0.00020874502528677656,SAUDE
1397985046,1397985151,0,78.283,0,2,27.478865083960624,0.03638458080467521,0.0005884083553986467,5.721265944503878e-13,0.00011840129139248819,SAUDE
1397985089,1397985152,0,118.653,0,6,25.736151322138582,0.03884834894516983,0.0033997119604301444,0.0017890059243792465,0.00020897517163395967,SAUDE
1397985135,3359512163,0,82.95,0,4,26.200154410345494,0.038160347126555326,0.0005674556152564347,6.58261515354251e-06,0.0001796486568571174,SAUDE
1397985135,3359512164,0,77.833,0,4,26.29666087627871,0.03802030196046769,0.025361646892301706,9.927519595656806e-06,0.00017801283050688973,SAUDE
1397985207,1397985225,0,160.93099999999998,0,3,26.46882841150357,0.03777299741131002,0.0,0.00012240513520287027,0.00015435560526688718,SAUDE
1397985207,1397985225,1,74.73400000000001,0,3,26.46882841150357,0.03777299741131002,0.014227776372270278,0.00012240513520287195,0.00015435560526688718,SAUDE
1397985215,1397985227,0,29.806,0,5,25.753522486006563,0.038822145110882944,0.003106719924722519,1.799964010245699e-11,0.00021294545504887456,SAUDE
1397985225,4370164413,0,26.018,0,4,26.019301293186643,0.038425589365458514,0.014522846365677957,0.0004937995951133442,0.0002042794191239061,SAUDE
1397985227,1397985240,0,16.403,0,5,25.341825902335458,0.03945283938581526,0.0015558708279154916,2.1127667471994233e-11,0.00021449255797641002,SAUDE
1397985240,1920635200,0,116.033,0,4,25.350704497201313,0.039439021790440225,0.0021723316122648686,1.3564590758898371e-11,0.00019548611409924235,SAUDE
1397985240,1397985241,0,15.004,0,4,24.836132020845398,0.04025614722248127,0.0013056500882006462,5.8118006199737326e-11,0.00017783979672033763,SAUDE
1397985241,1920635242,0,202.343,0,5,24.39413240687126,0.040985552197237034,0.0010911009556700626,2.620197240625326e-10,0.00021026108153199497,SAUDE
1397985285,4369159304,0,16.464,0,4,26.1109824358232,0.03829066905182546,0.0033358147611534813,1.7024750809023446e-13,0.0002249925416918265,SAUDE
1397985285,5845247096,0,11.394,0,2,26.43196294151708,0.037825680570160065,0.0005884083553986467,3.654581496184339e-14,0.0001215471034516748,SAUDE
1397985285,1920635286,0,163.81,0,4,25.7216753522486,0.038870212510505465,0.0030002245925947477,5.827196080593798e-14,0.00021115892493667182,SAUDE
1397985336,1397985406,0,117.982,0,4,25.930515344528082,0.03855715838208804,0.00032641252205016155,9.502964746639579e-05,0.00015806962674929815,SAUDE
1397985355,4370198367,0,55.764,0,2,24.51746767033391,0.040779374138949026,0.0005884083553986467,5.599051116140403e-06,0.00011338475046971057,SAUDE
1397985355,4678388186,0,243.511,0,4,23.93823586180274,0.041766109785202864,0.007021419068482733,2.904342814765394e-05,0.0002010617409929826,SAUDE
1397985528,1397985541,0,115.437,0,4,26.013124879366917,0.03843471292682565,6.545566755170349e-05,9.077566502465851e-08,0.00016463722116236775,SAUDE
1397985539,1397985571,0,115.805,0,4,26.129125651418644,0.03826408125577101,0.0002763683741071925,2.2296324184125122e-07,0.00015545436713595168,SAUDE
1397985540,8003048299,0,3.516,0,4,25.516888631538315,0.03918216681920985,0.027439950918639128,6.402903060461736e-07,0.00017112837225538094,SAUDE
1397985553,1920635268,0,33.381,0,6,24.76722640416908,0.04036814501359892,0.0291731408036259,8.819600641232268e-15,0.0002303587882333241,SAUDE
1397985562,1920635329,0,94.086,0,5,25.232966608762787,0.03962304562004712,0.0007911823942955905,1.5591701678818967e-13,0.00021376380733154323,SAUDE
1397985562,1397985576,1,56.737,0,3,25.35900405327157,0.03942611409217186,0.0,2.2929755211941676e-13,0.00013987847140589494,SAUDE
1397985562,1397985576,0,53.68600000000001,0,3,25.35900405327157,0.03942611409217186,0.0009342151493159797,2.2929575671281777e-13,0.00013987847140589494,SAUDE
1397985597,1397985600,0,48.28899999999999,0,2,25.533101717815093,0.03915728680822757,0.0005884083553986467,3.62328062069042e-07,9.839703647771655e-05,SAUDE
1397985693,1397985704,0,41.244,0,4,25.289905423663384,0.039533836537507534,0.00042286439196100506,1.0126301204015114e-09,0.00018504757499527728,SAUDE
1397985693,4678388150,0,13.446,0,4,24.939586952325804,0.04008915580596229,0.010258877165166987,5.201949813456012e-10,0.0001901535196598415,SAUDE
1397985695,1397985707,0,91.51899999999999,0,4,27.076626133950974,0.036925094807675855,0.0003466726096256888,5.56185125762254e-16,0.0001926356292887574,SAUDE
1397985704,1397985722,0,59.222,0,4,25.457247635591585,0.03927396242437108,0.00037697615941814416,9.92379481209694e-10,0.00018380029101708472,SAUDE
1397985722,1397985726,0,11.953,0,4,25.778228141285467,0.03878493826605869,0.0014614969157047022,3.935338272636788e-10,0.00018386251367104425,SAUDE
1397985726,1397985772,0,110.616,0,4,25.477900019301295,0.039242126953583686,0.000778714648095266,2.535247877844602e-10,0.00018237963621806059,SAUDE
1397985726,1397985736,0,75.078,0,4,25.61995753715499,0.039024537242818506,0.000997592859167629,9.235313647070658e-10,0.00017575472873160688,SAUDE
1397985736,1397985795,0,114.39599999999999,0,4,25.33024512642347,0.03947087689353531,0.0001683145737043804,1.1461493880524442e-09,0.0001691210770882571,SAUDE
1397985774,6190903100,0,89.51700000000001,0,4,24.458791739046514,0.04087720267359001,0.004234185140143528,2.0598253016257754e-17,0.00016760072546401396,SAUDE
1397985780,8001980519,0,27.339999999999996,0,5,25.301293186643505,0.03951604290313229,0.010019219377094084,7.196954599725903e-10,0.00020725592353396647,SAUDE
1397985802,1397985818,0,10.495,0,5,25.128160586759314,0.03978830776793738,0.009330722725809499,2.220850219842222e-16,0.00021220842557859856,SAUDE
1397985802,2069249267,0,9.484,0,6,24.593707778421155,0.04065295871919636,0.08589168887916866,1.7558723058632742e-16,0.00024232691219663215,SAUDE
1397985814,1397985840,0,32.48,0,4,24.507624010808723,0.04079575346133854,0.005366152597247988,4.907330571073231e-14,0.00019152615043031547,SAUDE
1397985818,2069249246,0,22.765,0,4,24.89500096506466,0.04016095393895225,6.718729896841522e-05,1.23189421438206e-16,0.00017705520040676116,SAUDE
1397985830,1397985905,0,74.264,0,2,25.33507044972013,0.03946335926131905,0.0005884083553986467,1.221024209062372e-10,0.00010195907177056676,SAUDE
1397985838,1397985897,0,55.353,0,2,25.05732484076433,0.039900787231748086,0.0005884083553986467,1.4188912679867458e-14,0.00011593059616628483,SAUDE
1397985838,1397985840,0,49.772999999999996,0,4,24.70990156340475,0.040461795628876286,0.010835337263790323,2.2694516566437878e-14,0.00020518239926809156,SAUDE
1397985958,1397985961,0,53.301,0,2,28.261146496815286,0.03537743902855465,0.0005884083553986467,8.812117497481721e-17,0.0001405967416094979,SAUDE
1397985966,1397985988,0,116.535,0,4,24.77533294730747,0.04035493646824191,1.5584682750405591e-06,4.465721724689778e-10,0.0001634343927155632,SAUDE
1397986003,1397986073,0,87.231,0,4,26.46438911407064,0.0377793336834121,0.0025143288170654354,4.6637642724261714e-17,0.00018623333752619512,SAUDE
1397986081,1397986084,0,81.27,0,2,27.729781895386992,0.036055349834340285,0.0005884083553986467,5.349918807915194e-18,0.0001229868869601104,SAUDE
1397986082,1397986100,0,113.975,0,5,24.945956379077398,0.040078919880846456,0.002760566804521844,6.00961131414258e-11,0.00019133924031376407,SAUDE
1397986084,8935070696,0,19.119,0,4,27.66859679598533,0.03613508102489693,0.0017345751901201424,-8.946570647960803e-18,0.00022799031462584392,SAUDE
1397986100,1397986132,0,116.663,0,5,24.500482532329666,0.04080764473715308,0.0001650244740126281,3.7944233104210405e-11,0.00018871221222799316,SAUDE
1397986116,1397986140,0,115.657,0,4,24.004053271569195,0.041651590077594176,0.00013766469762858274,7.251679657135226e-12,0.00015648606801314937,SAUDE
1397986117,1397986122,0,30.970999999999997,0,4,23.16946535417873,0.043151923092943245,0.0020971788087795792,7.857384141288502e-13,0.00018142738105518422,SAUDE
1397986117,1397986137,0,151.03,0,4,23.309978768577494,0.04289180170407969,0.021894920796044815,3.390108961780652e-12,0.00016996333945917282,SAUDE
1397986137,1397986151,0,117.42699999999999,0,5,23.53561088592936,0.0424806048975709,0.013139446026866954,5.734287587191763e-12,0.00019949144080371747,SAUDE
1397986151,1397986188,0,109.797,0,5,23.897896159042656,0.04183661107297177,0.001006424179392859,3.6099038738239334e-12,0.00020824071332975797,SAUDE
1397986151,4369337343,0,125.77100000000002,0,5,23.80138969310944,0.04200624417143089,0.003828290736066298,4.551167924557409e-12,0.00019665196279156736,SAUDE
1397986188,8935070693,0,63.331999999999994,0,4,24.452808338158658,0.04088720498855474,0.024625010887632533,7.563979083454335e-13,0.00019567887524277744,SAUDE
1677391956,4370382356,0,42.789,0,4,24.930901370391815,0.04010312231452306,0.029844667467026707,4.706846805075135e-13,0.0001816361166432668,SAUDE
1677391956,1677391960,0,111.442,0,4,24.87492762015055,0.040193362663625005,0.00026442011733188153,3.5189049339822303e-13,0.00017285499800490475,SAUDE
1677391956,1920635296,0,76.23500000000001,0,5,24.68500289519398,0.04050260764858123,0.02943340500555767,9.135811632853128e-13,0.00020176706433292155,SAUDE
1677391960,1920635239,0,141.186,0,5,24.33680756610693,0.0410820928074614,0.0012289388164403166,4.913320225460587e-13,0.00020451208348392044,SAUDE
1677391960,1920635184,0,75.385,0,4,24.873576529627485,0.040195545898967955,0.0010569878167608416,3.253534885086287e-13,0.00017079364944102692,SAUDE
1920635168,1920635381,0,126.907,0,5,23.91179309013704,0.04181229668972532,0.0037794587301150273,3.914635881435899e-12,0.0002083456395509509,SAUDE
1920635168,1920635357,0,39.538,0,4,24.07971434086084,0.04152071627243361,0.01230185591060349,3.1963586310190915e-12,0.00017727811759489287,SAUDE
1920635168,1920635380,0,87.709,0,4,23.649488515730553,0.042276051188299815,0.008479452721354011,8.854184819071466e-12,0.0001773942502391146,SAUDE
1920635184,1920635382,0,116.482,0,4,24.864890947693496,0.040209586648554244,0.0006239067994412372,3.0469671070692287e-13,0.00017068446574838202,SAUDE
1920635184,1920635296,0,107.842,0,5,24.605481567265006,0.040633506169546835,0.0005328229869222001,8.870444787066297e-13,0.00019937180314214025,SAUDE
1920635198,1920635360,0,205.065,0,4,22.84578266743872,0.04376330641073299,0.000267883380165305,9.647632924836789e-11,0.00017043914630930577,SAUDE
1920635198,12222384996,0,73.66499999999999,0,4,23.315962169465354,0.04288079470198675,0.014166649783260354,2.3874189500189834e-11,0.00017114872597418334,SAUDE
1920635200,1920635327,0,48.539,0,2,26.045358038988613,0.03838714697534478,0.0005884083553986467,2.6411919655976067e-12,0.00011361398970793865,SAUDE
1920635206,1920635331,0,83.435,0,2,23.817409766454354,0.041977989918799336,0.0005884083553986467,3.3188797640250164e-11,0.00010501912231888506,SAUDE
1920635206,1920635380,0,47.82,0,4,23.55163095927427,0.04245170913203465,0.008668373708917262,3.608829354654488e-11,0.0001852356233014974,SAUDE
1920635206,1920635344,0,69.316,0,5,22.889403590040533,0.043679905556960955,0.009304575091417152,1.7149692386172938e-10,0.0002158514094962105,SAUDE
1920635211,1920635235,0,137.542,0,5,24.274271376182206,0.041187929869200494,0.002404543385245912,2.87251320268427e-13,0.0001992638160902174,SAUDE
1920635211,1920635270,0,189.52,0,5,24.243968345879175,0.04123941150245207,0.0030518272088127575,1.1090796105718672e-12,0.00019594442517057047,SAUDE
1920635211,1920635329,0,156.235,0,5,24.763173132599885,0.040374752529267796,0.0005063290262465105,2.852075279744362e-13,0.00020251834304175164,SAUDE
1920635216,1920635325,0,117.137,0,5,24.936884771279676,0.04009349989937925,0.009308038354250576,4.5412072752905867e-14,0.0002065817429399293,SAUDE
1920635216,1920635264,0,90.595,0,3,25.47751399343756,0.03924272153576921,0.0005884083553986467,1.3385438969580685e-14,0.00013442467490418886,SAUDE
1920635226,3270516977,0,142.518,0,4,23.322331596216948,0.042869083776782835,0.04970942359011869,3.4758550004256375e-09,0.00018001131121917404,SAUDE
1920635226,1920635365,0,98.112,0,4,23.092839220227756,0.04329510882284109,0.02254670686129511,2.069307074938201e-09,0.00017278568199441575,SAUDE
1920635226,7197570105,0,119.461,0,4,22.585022196487163,0.04426858554177741,0.02900067031452141,8.294352534225085e-09,0.0001702858319874216,SAUDE
1920635235,1920635280,0,192.846,0,5,24.183169272341246,0.041343091792837586,0.0004259813285110862,1.0267561902713e-13,0.00019685809389257975,SAUDE
1920635235,1920635325,0,117.277,0,5,24.725728623817794,0.04043589583463436,0.011606259570510386,1.1718515203059815e-13,0.0002010580800966863,SAUDE
1920635239,1920635353,0,136.463,0,5,23.98803319822428,0.04167940651099918,0.0007454673248944009,4.779964679440986e-13,0.00020256587304578392,SAUDE
1920635239,1920635370,0,115.13,0,6,23.789615904265585,0.04202703360540023,0.022398479212024588,1.4716589813428151e-12,0.00023618256484046144,SAUDE
1920635241,7193601961,0,12.516,0,2,26.691951360741168,0.03745724595237579,0.0005884083553986467,1.4874957411310023e-11,9.895668578154451e-05,SAUDE
1920635242,1920635365,0,127.703,0,5,23.78980891719745,0.04202669262910227,0.0012739612332748217,6.078858144477544e-10,0.00020779408559344718,SAUDE
1920635242,7984888768,0,171.75900000000001,0,5,24.21154217332561,0.041294642857142856,0.010616805379001303,6.140822967998818e-10,0.00021803991030319478,SAUDE
1920635246,1920635296,0,115.31200000000001,0,6,24.653734800231614,0.040553976716693675,0.029451587135433145,1.1220081494420735e-12,0.00022861604944356286,SAUDE
1920635246,1920635382,0,103.626,0,5,24.91874155568423,0.04012269178336845,0.0037962555548571313,5.396613981872732e-13,0.0002012006517597778,SAUDE
1920635252,1920635294,0,117.073,0,6,24.038216560509554,0.041592394533571005,0.0006505739232585979,9.931852971373323e-12,0.00022540588998860153,SAUDE
1920635252,4370368189,0,79.014,0,5,24.01621308627678,0.04163050117336934,0.0027051545991870684,4.9965902629548495e-12,0.00019858521810885998,SAUDE
1920635268,1920635359,0,27.19,3,6,24.3605481567265,0.04104205622286312,0.020600526312052798,9.405753622430471e-15,0.0002298269244787317,SAUDE
1920635268,1920635280,0,206.17800000000003,0,5,24.226597182011194,0.041268981341321564,0.021916739351895385,2.5752329634868884e-14,0.0001924459849131253,SAUDE
1920635270,4370368189,0,37.608999999999995,0,5,24.3329473074696,0.041088610205522375,0.002984639909844342,1.8702399377877695e-12,0.0002020051041937731,SAUDE
1920635294,7003227236,0,107.61,0,5,24.406678247442578,0.040964484266632926,0.0012848705112001055,1.098063525046911e-11,0.00020394972738761974,SAUDE
1920635297,1920635336,0,34.966,0,4,24.752750434279097,0.04039175322042357,0.024912808029090024,6.613060521521447e-13,0.00017383617503329487,SAUDE
1920635297,1920635353,0,60.419,0,4,24.395097471530594,0.040983930817858866,0.015890315695455213,3.33236316241684e-13,0.0001719748816635967,SAUDE
1920635297,1920635339,0,53.197,0,4,24.294730746960045,0.04115324419445305,0.03906768271871674,6.977426348703457e-13,0.00017520749518100924,SAUDE
1920635302,1920635361,0,93.20100000000001,0,4,23.060992086469792,0.04335489918730488,0.013335813029522066,2.981859951806382e-10,0.0001633581893026131,SAUDE
1920635310,1920635361,0,141.32100000000003,0,5,23.143601621308626,0.04320014678042149,0.0015560439910571628,3.7196220882322747e-10,0.00019856660783508192,SAUDE
1920635310,1920635365,0,92.169,0,5,23.236247828604515,0.043027901683736616,0.02201076693782283,5.64755270159591e-10,0.0002010243580927997,SAUDE
1920635313,1920635380,0,133.217,0,5,23.540822235089752,0.042471200754314764,7.099688808518103e-06,1.2180751554017155e-11,0.0002108164504602459,SAUDE
1920635313,1920635381,0,87.253,0,6,23.800038602586373,0.04200862879942907,0.0017563937459707103,7.2412035434674315e-12,0.00024045674836243103,SAUDE
1920635313,1920635319,0,104.38300000000001,0,5,23.377533294730746,0.04276785640568367,0.0017023668457693043,1.718645008238866e-11,0.00020734662865063214,SAUDE
1920635315,1920635361,0,46.776,0,4,22.688477127967573,0.04406672961913755,0.014732200603958407,9.80355491317443e-10,0.00016178765448106593,SAUDE
1920635325,1920635329,0,45.047,0,5,24.94750048253233,0.04007643923158457,0.003457375286606645,1.15143478557727e-13,0.0002043126070482206,SAUDE
1920635329,1920635358,0,155.694,0,5,25.316348195329088,0.039492543685767434,0.00251346300135708,1.1640910190521149e-13,0.0002080350565446354,SAUDE
1920635336,1920635381,0,80.25,0,5,24.337193591970664,0.04108144118136901,0.024635747002416147,2.436852035509888e-12,0.00020599225412559977,SAUDE
1920635338,7003227236,0,105.468,0,5,24.037637521713954,0.041593396446093195,0.0018802053922655992,2.517645813134546e-11,0.0002034304986644177,SAUDE
1920635338,1920635362,0,142.609,0,5,23.907546805635977,0.041819723085617405,0.0008135204395711719,3.0050197764265126e-11,0.00019886499359042902,SAUDE
1920635339,1920635370,0,117.559,0,5,24.19764524223123,0.0413183587518346,0.031106334117242878,1.6146208918184076e-12,0.00020598335027926666,SAUDE
1920635339,1920635357,0,94.141,0,4,24.347037251495852,0.04106483169761063,0.020912912619627595,1.7550118389389185e-12,0.00017640747794132707,SAUDE
1920635344,1920635360,0,43.596000000000004,0,5,22.678633468442385,0.044085856780540944,0.002121767974896886,2.2163591186998925e-10,0.00020294028386580234,SAUDE
1920635362,12222384996,0,116.635,0,4,23.769349546419612,0.04206286693355204,0.014773759757959488,1.6659276261385932e-11,0.0001682915972413383,SAUDE
1920635362,8739906705,0,104.87700000000001,0,4,24.00328121984173,0.04165292977702013,0.015746243961584798,3.545956233521669e-11,0.00016764013601956238,SAUDE
1920635370,4370382356,0,97.55099999999999,0,5,24.204400694846555,0.04130682679042766,0.03044277295835894,1.382246122497941e-12,0.0002134100613234236,SAUDE
1936800713,1936800743,0,138.487,0,6,26.65933217525574,0.03750307698990747,0.000336802310550432,4.234718970401567e-06,0.00021397850565798229,SAUDE
1936800743,4279345968,0,133.428,0,6,26.531364601428297,0.037683963945612874,0.0012322289161320688,7.90151665270092e-06,0.00021750760815561268,SAUDE
1937130595,8685586793,0,68.008,0,4,26.01466898282185,0.0384324316303364,0.001055602511627472,5.680072352868626e-09,0.00017648586635396357,SAUDE
1937130595,1937130638,0,118.078,0,4,25.917969503956765,0.03857582234269927,4.606139568453208e-05,4.105643012506951e-09,0.00017433792929465012,SAUDE
1940235782,2527836467,0,85.369,0,4,23.75738274464389,0.042084054368048615,0.005103117785049476,7.85485091515976e-09,0.0002012117749607633,SAUDE
1940235782,3270516981,0,106.033,0,4,23.3070835745995,0.0428971297017076,0.013954005445288154,1.3904849171462698e-08,0.0001806939056765777,SAUDE
2041166254,4369313145,0,50.106,0,4,27.16772823779193,0.03680127312512433,0.00014424489701208733,3.673515795339675e-14,0.00018168201031819572,SAUDE
2062147004,6190903100,0,56.018,0,4,24.41420575178537,0.04095185390149419,0.02367538421870782,2.4220837845852635e-17,0.00016996983878937396,SAUDE
2062147004,2069249267,0,212.301,0,5,24.674966222736924,0.040519082297541476,0.012286271227853085,5.1580879838693587e-17,0.00020574425763859977,SAUDE
2062147005,2069249246,0,11.008,0,4,24.868751206330824,0.040203345104583024,0.04281545259390594,6.96448304461937e-17,0.00017857148720471392,SAUDE
2062147005,2069249251,0,68.892,0,4,25.032233159621693,0.039940782777657835,0.005328749358647015,2.8292132718606075e-17,0.0001751424134399601,SAUDE
2069072989,4452029410,0,276.04600000000005,0,4,24.953869909283924,0.04006620979843138,0.0005515246062226868,7.673500562561237e-15,0.0001929628710010901,SAUDE
2069072991,2462089644,0,51.221000000000004,0,5,25.95792318085312,0.03851644756409494,0.006163742027785412,2.552587894145517e-17,0.00023253478071203298,SAUDE
2069072991,4369292654,0,38.789,0,5,25.6106929164254,0.03903865429688972,0.007746799468943278,1.456173274858612e-16,0.00022380177968464124,SAUDE
2069249246,2069249267,0,19.631,0,5,24.907160779772244,0.040141347137410494,0.04307796791667944,7.741591187591712e-17,0.00020820200096689719,SAUDE
2069249251,2069249267,0,52.647,0,5,24.53445280833816,0.04075114268406851,0.03288974131331429,4.110828887150054e-17,0.00020458339540709142,SAUDE
2069249256,8009652135,0,44.408,0,4,24.86643505114843,0.04020708979842121,0.0006538640229503502,5.522373145039915e-17,0.0001743945845515019,SAUDE
2421037113,2421037116,0,28.006000000000004,0,4,24.00868558193399,0.041643553690438866,0.0007418308989193061,6.298927387378366e-08,0.0001740382483309068,SAUDE
2421037128,5847776426,0,11.149,0,2,25.68500289519398,0.03892571050693599,0.0005884083553986467,6.41236347855904e-11,0.00012146365116223691,SAUDE
2424531895,2424531897,0,79.134,0,2,26.914881297046904,0.037146995969766075,0.0005884083553986467,0.00021477108973545818,0.00010059934759755812,SAUDE
2462089644,8059236870,0,42.524,0,2,26.65991121405134,0.03750226244343891,0.0005884083553986467,3.233534131896433e-18,0.00011032617459929082,SAUDE
2466086508,2466086514,0,30.142,0,5,23.906967766840378,0.041820735980365245,0.02327814797171415,5.0087783142073335e-06,0.00019739579364835483,SAUDE
2466086514,2466086518,0,53.956,0,5,24.64099594672843,0.04057494223162182,0.02309961677265117,5.979137254503665e-06,0.00019974810621896193,SAUDE
2466086514,2466086522,0,14.741,0,5,24.637521713954836,0.04058066386205708,0.016094648202627196,5.224728016286275e-06,0.00020193184567461828,SAUDE
2466086518,2466086522,0,62.473,0,4,25.569388149005984,0.03910171730515192,0.0011731802848221988,3.220196519675957e-06,0.00016960704042230478,SAUDE
2527836467,2527836469,0,48.073,0,2,24.529241459177765,0.040759800450088916,0.0005884083553986467,1.5123971165775833e-09,0.00011789850708046033,SAUDE
2532735430,2532735436,0,116.424,0,4,24.93977996525767,0.0400888455495964,0.0003080572290330172,1.2312725700054996e-06,0.00015959151586390777,SAUDE
2532735438,2532735443,0,116.378,0,4,24.854468249372708,0.040226448501603625,0.0003639889237928062,9.789429744582858e-07,0.0001639982325389808,SAUDE
2894371746,8003334309,0,11.198,0,2,26.679019494306118,0.03747540224563028,0.0005884083553986467,2.9908968135213835e-15,0.00010881314378017713,SAUDE
3270516977,7984888768,0,0.956,0,4,23.745801968731904,0.042104578669722906,0.05908049332793757,2.1982258950545217e-09,0.0001858702500622622,SAUDE
3270516977,3270516981,0,44.882999999999996,0,4,23.25979540629222,0.042984341418483264,0.0642998035810484,9.178467053286669e-09,0.00018021406399587652,SAUDE
3270516987,5847575466,0,10.323,0,2,25.55703532136653,0.03912061686717871,0.0005884083553986467,2.2632047427191294e-11,0.00011251430280674626,SAUDE
3270516987,5850510519,0,30.637,0,4,24.836132020845398,0.04025614722248127,0.047538996772412204,1.017431807386163e-10,0.00021132709233013025,SAUDE
3359512163,3359512164,0,68.244,0,4,26.392202277552595,0.03788266612061022,0.014978265428273144,7.914823620806763e-06,0.0001826402963351879,SAUDE
3359512163,6153207471,0,48.256,0,4,26.3036093418259,0.03801025836702647,0.015066751793667113,4.364166115415919e-06,0.0001854993607111161,SAUDE
3359512164,3359512166,0,241.26299999999998,0,4,26.210577108666282,0.0381451725737682,0.04031947906985765,2.863036966632456e-05,0.00017598406321168164,SAUDE
3359512171,3359512172,0,57.486,0,4,25.305153445280833,0.03951001479718701,0.012500300870958655,5.709800817934428e-15,0.00018344299598503012,SAUDE
3359512171,8002799904,0,122.215,0,4,24.83864118895966,0.04025208059740926,0.023178579165253222,1.541292683122597e-14,0.000178995877235113,SAUDE
3359512172,4369316067,0,33.414,0,4,25.25612816058676,0.03958670864793813,0.001119499710904135,1.313469604095823e-14,0.00018380363271056297,SAUDE
3377037344,3377037347,0,123.696,0,4,25.34066782474426,0.03945464239469876,0.012147740714516145,1.1661165012063349e-05,0.0001748177130641828,SAUDE
3377037347,4370182759,0,30.912,0,4,25.17255356108859,0.03971813922817994,0.009135221538862745,9.72282344618886e-06,0.00017940167672318518,SAUDE
3416576916,3416576930,0,169.90300000000002,0,4,27.162323875699673,0.03680859530441703,0.0001714315102544615,1.112815461419462e-05,0.00017090699531462596,SAUDE
3416576930,8743100583,0,50.433,0,4,27.218490638872805,0.03673263886426652,0.008351138833375672,3.1679821945960716e-05,0.00017616175666412473,SAUDE
3416576975,3416576988,0,116.446,0,4,25.00926462072959,0.039977464440894325,0.0006862455304428596,2.038705291013543e-07,0.00015850007289086273,SAUDE
3416576989,3416576992,0,49.506,0,3,26.784018529241457,0.03732849071832123,0.001176470384513951,1.2750675159172492e-09,0.00017963569357176584,SAUDE
3416576989,3416576992,1,113.58099999999999,0,3,26.784018529241457,0.03732849071832123,0.0,1.2750675186545119e-09,0.00017963569357176584,SAUDE
3416576992,3416577196,0,18.387,0,2,27.78343949044586,0.03598571686604699,0.0005884083553986467,4.077164637956347e-10,0.0001316109280009142,SAUDE
3742865084,8729399309,0,11.964,0,4,26.78498359390079,0.03732714577043085,0.00959929875854149,0.0002188203191386356,0.00017838529785155834,SAUDE
3742865084,8729399314,0,13.636,0,4,26.797915460335844,0.03730913281475079,0.03073212856809147,0.000286267043758542,0.00017872333473343733,SAUDE
3805865212,6153207471,0,69.894,0,4,25.716657016020072,0.038877797625302093,0.014379120958090885,9.025355753436164e-06,0.00018824956332808536,SAUDE
3805865212,8029955018,0,1.866,0,4,25.361320208453968,0.039422513451600874,0.017206875061581143,8.712927474093083e-06,0.00018781758999892898,SAUDE
4035263075,8740418475,0,22.128,0,5,24.760277938621886,0.04037947350779137,0.024169245498754006,5.4675276822443237e-14,0.00020246421800871754,SAUDE
4035263075,8740418474,0,9.54,0,5,25.559158463617063,0.03911736720484511,0.018957727587018375,4.1740239772415883e-14,0.00020524233595568199,SAUDE
4129332587,4989025343,0,55.426,0,2,26.723219455703532,0.037413418271904544,0.0005884083553986467,3.3908837120140196e-12,0.00011898248079656411,SAUDE
4235715097,4369316067,0,53.627,0,4,25.532522679019493,0.039158174835959,0.00018060915676303368,2.1075926276031634e-14,0.0001848728165488295,SAUDE
4279345968,4279348530,0,132.16899999999998,0,5,26.350125458405714,0.03794315851157339,0.002437790708446777,7.290006443908193e-06,0.0001903976426291321,SAUDE
4279348530,4279348715,0,134.665,0,5,25.974715305925496,0.03849154746423927,0.0019835837878432894,6.078343675150634e-06,0.0001918614980231529,SAUDE
4279348715,4279348733,0,133.476,0,6,25.6118509940166,0.03903688910659784,0.007764635272535408,5.652389529466634e-06,0.0002261522916733185,SAUDE
4279348726,4279348727,0,72.889,0,5,25.328894035900404,0.03947298234384168,0.010988932970452654,3.4314565615286194e-07,0.00018676781212776378,SAUDE
4279348727,4279348730,0,77.597,0,5,25.60258637328701,0.039051015100228424,0.010852307251674099,6.824609692003766e-07,0.00018504828016790078,SAUDE
4279348728,4279348731,0,96.59,0,4,25.873962555491218,0.0386414328661052,0.003864308669533902,5.187355983482769e-07,0.0001594583613409069,SAUDE
4279348728,4279348730,0,57.532,0,5,25.49005983400888,0.039223406833050645,0.011959858705802923,7.254161003043357e-07,0.00018720323728162714,SAUDE
4279348731,4279348732,0,63.128,0,4,25.66164833043814,0.03896113664227208,0.005996466432931058,1.396883631899106e-06,0.0001635822844979992,SAUDE
4279348732,4279348733,0,90.222,0,5,25.393939393939394,0.03937187419242053,0.004520943302750991,2.5669587174627085e-06,0.00019775070785556673,SAUDE
4329528210,4329772043,0,33.033,0,5,23.37251495850222,0.04277703913521013,0.0010076363213845571,1.3878835114592608e-14,0.00021242171051971443,SAUDE
4329528212,8009652133,0,8.118,0,4,23.258637328701024,0.0429864816643569,0.028158577956574494,2.342259251492488e-15,0.00018465219653833315,SAUDE
4329772043,4329772070,0,221.64100000000005,0,5,23.744064852345108,0.04210765904176625,1.385305133369386e-06,7.860671410270732e-15,0.0002105227936067517,SAUDE
4329772307,8009652133,0,582.9780000000001,0,4,22.95290484462459,0.04355906120973099,0.0024265351042381507,1.1034010509977472e-14,0.00018985643444291471,SAUDE
4369009807,4369009839,0,73.68599999999999,0,4,27.018722254391044,0.037004229054749115,0.005229873204752774,5.42546733285829e-11,0.00017802445001672643,SAUDE
4369033021,4369036829,0,45.470000000000006,0,2,25.855626326963908,0.03866883650099285,0.0005884083553986467,1.4357603894191862e-05,0.00010607143811513168,SAUDE
4369043877,4369043899,0,44.471,0,4,26.343949044585987,0.037952054393060194,0.004468301707682955,0.00011338707516021154,0.00020098278649953845,SAUDE
4369043877,5381691275,0,6.84,0,2,26.997104806022005,0.037033859528711965,0.0005884083553986467,6.942984918383172e-05,0.0001099246341971444,SAUDE
4369043899,5381691274,0,7.0280000000000005,0,2,26.5813549507817,0.0376130934227915,0.0005884083553986467,5.9586738462114336e-05,0.00010898073941455872,SAUDE
4369117851,4369118504,0,44.73,0,2,27.79540629222158,0.03597022387645131,0.0005884083553986467,5.865979781739189e-14,0.00011208901330040051,SAUDE
4369140650,6153207471,0,70.861,0,4,26.032040146689827,0.03840678569310161,0.00022216831076411528,3.773657804798908e-06,0.00018245830031083754,SAUDE
4369140650,8029955018,0,19.515,0,4,25.70276008492569,0.038898818016610846,0.0007620909864948334,3.4612295254598612e-06,0.0001820263269816811,SAUDE
4369159304,5847750086,0,12.165,0,2,26.762015055008685,0.037359181848341916,0.0005884083553986467,1.5717477780136312e-13,0.00012136802535231632,SAUDE
4369164164,4369172325,0,97.06,0,2,24.39567651032619,0.040982958051806254,0.0005884083553986467,1.0377894672443788e-07,0.00010397906949181898,SAUDE
4369171009,10603175890,0,19.532,0,4,25.10731519011774,0.039821342086853576,0.010432559796263174,4.58383343668384e-12,0.0001903813922395984,SAUDE
4369171009,7541610301,0,7.494999999999999,0,4,25.710673615132215,0.0388868452859084,0.013112605739907923,1.5406394579127912e-12,0.0001895296162308196,SAUDE
4369171009,7541610297,0,8.431000000000001,0,4,25.42115421733256,0.03932972431229927,0.004524926055009428,1.226307264970097e-12,0.00019192733370582984,SAUDE
4369171010,4369172257,0,21.926,0,4,24.700829955607027,0.04047665559679625,0.0010097142790846112,2.2727462366317368e-11,0.00018309339289423532,SAUDE
4369171010,10603175890,0,3.9139999999999997,0,4,24.733449141092454,0.04042327381695592,0.010582172750667068,2.0199560708605836e-11,0.00018666295766602226,SAUDE
4369172257,7032764596,0,5.932,0,4,25.064659332175257,0.039889111350685354,0.040668056474041724,8.23176831482408e-12,0.00018551808909366771,SAUDE
4369185621,8003048299,0,25.222,0,4,26.182590233545646,0.03818594639223896,0.024418946749043838,1.2444509000694663e-06,0.00017012362899645488,SAUDE
4369185621,4369185681,0,23.777,0,4,26.277552596023934,0.03804794923022682,0.00014684234413715492,1.5071371018908884e-06,0.00016661027795314252,SAUDE
4369185681,8003048299,0,38.900000000000006,0,4,26.017564176799844,0.038428154929264005,0.0026261922065850133,9.493490556339787e-07,0.00016998605493788812,SAUDE
4369242507,4369244618,0,33.423,0,2,26.605674580196872,0.03757871216737761,0.0005884083553986467,1.569477941593365e-08,0.00010108891742256728,SAUDE
4369269285,4369272358,0,29.915999999999997,0,4,28.248793669175836,0.035392909119481814,0.00013056500882006463,2.586199796235112e-13,0.00021213093804567617,SAUDE
4369273491,4369278297,0,36.263,0,4,27.828990542366338,0.035926814720284084,0.0001236384831532177,9.207681102686097e-13,0.00021416125451918542,SAUDE
4369279160,4369281099,0,28.13,0,4,27.114842694460528,0.036873051351774606,0.00011775093633639781,1.7585256732837968e-11,0.0002069219219252498,SAUDE
4369284061,8003172042,0,27.945,0,2,26.53503184713376,0.03767875587366706,0.0005884083553986467,1.6831926730013278e-10,0.00011474598358052852,SAUDE
4369307908,6340492496,0,11.93,0,2,28.790773981856784,0.03472664499044682,0.0005884083553986467,-1.3887477319164774e-17,0.0001408070955907854,SAUDE
4369337000,8935070693,0,10.972000000000001,0,2,24.648909476934953,0.04056191565000861,0.0005884083553986467,1.5133737969117868e-13,0.00011384537562202679,SAUDE
4369338511,4369338533,0,43.791,0,4,26.65026056745802,0.03751584283903676,0.0037555622165644053,2.1796853017792033e-14,0.00020694357201963168,SAUDE
4369338511,13308399490,0,42.58,0,4,27.13819725921637,0.03684131917526653,0.0025901742731174095,5.8627992732148715e-15,0.0002261248200153084,SAUDE
4369338533,8001980505,0,45.63,0,4,25.953290870488324,0.03852332222751071,0.006756652624867509,5.725782421508265e-14,0.00018843063672717748,SAUDE
4369877714,4369877715,0,11.704,0,2,27.90252846940745,0.03583212855294923,0.0005884083553986467,0.00035729596874685914,0.00010458624174250633,SAUDE
4369891156,4369891157,0,31.567999999999998,0,4,28.839027214823393,0.0346685406418365,0.0005049437211131412,1.1059223957422305e-13,0.00018515831402388276,SAUDE
4369900478,4369900482,0,137.183,0,4,25.82397220613781,0.038716235406669956,0.007099515645376432,1.1257466250466855e-10,0.0001762640971974345,SAUDE
4369910519,4369910521,0,48.618,0,2,27.109052306504537,0.0368809272918862,0.0005884083553986467,6.3934692303891966e-12,0.00011042254370154012,SAUDE
4369925008,4369925011,0,39.448,0,2,27.381393553368074,0.0365141016332659,0.0005884083553986467,2.6892347688203463e-12,0.00011659179409632724,SAUDE
4370143833,4370143834,0,54.157,0,2,26.888631538313067,0.03718326035460484,0.0005884083553986467,0.01324893487613847,0.00010880278112771616,SAUDE
4370164413,4730815435,0,16.724,0,2,26.14398764717236,0.038242329386055575,0.0005884083553986467,0.0004600544334841204,0.00011016833164926367,SAUDE
4370169214,4370169217,0,58.790000000000006,0,2,25.527697355722832,0.03916557663372625,0.0005884083553986467,0.0004711302008582327,9.886985800889618e-05,SAUDE
4370173269,4678388186,0,91.122,0,4,23.924145917776492,0.04179070761833305,0.043119700233822195,0.0001408457834204687,0.0001897152963471282,SAUDE
4370173269,8729428396,0,14.088999999999999,0,4,24.32908704883227,0.0410951296717943,0.011134563172598111,0.00017007805152495728,0.00018499514619355425,SAUDE
4370182755,4370182758,0,53.55,0,2,25.71627099015634,0.03887838121828935,0.0005884083553986467,2.716260233140799e-06,0.0001135693694174528,SAUDE
4370182759,6665810226,0,9.546,0,2,25.602393360355144,0.039051309500474946,0.0005884083553986467,2.3254265023480768e-06,0.00010236877857119395,SAUDE
4370189215,4370189217,0,55.108000000000004,0,2,25.157305539471146,0.0397422126745435,0.0005884083553986467,5.128389696427901e-07,0.00010150337380571015,SAUDE
4370198364,8524810244,0,15.998,0,4,23.990928392202278,0.04167437669453004,0.0041837946659172166,4.728197645864909e-08,0.00017976760644620887,SAUDE
4370205534,8729280878,0,8.207,0,2,24.23701988033198,0.04125123435160705,0.0005884083553986467,2.0723633750430174e-09,0.00010684586620219043,SAUDE
4370356917,4370356918,0,55.424,0,2,24.79328314997105,0.04032571971289333,0.0005884083553986467,4.346525437481652e-11,9.723921645684702e-05,SAUDE
4370358635,4370358636,0,8.946,0,2,25.087048832271762,0.03985351141749246,0.0005884083553986467,3.058775963164173e-12,0.00011502728879547365,SAUDE
4370358636,8618149384,0,53.584999999999994,0,4,24.339316734221192,0.04107785760733375,0.03548684211209855,6.084819680937196e-12,0.00020296378649352215,SAUDE
4370368189,4370368192,0,68.809,0,2,24.67882648137425,0.040512744308272265,0.0005884083553986467,1.0978762790062601e-12,9.661170399596341e-05,SAUDE
4370382356,8739748751,0,6.548,0,2,25.174483690407257,0.03971509403583559,0.0005884083553986467,2.962354787447725e-13,0.00010377512936384313,SAUDE
4370392641,4370392656,0,22.055,0,4,23.540629222157886,0.04247154898166672,0.00021022005398880432,2.438308707285988e-12,0.00017488051857344987,SAUDE
4452029410,8935317518,0,292.31899999999996,0,4,24.46496815286624,0.04086688283512027,0.014590206827788044,3.461498078905408e-14,0.00019544978607959176,SAUDE
4596414698,5163835123,0,8.894,0,4,24.636942675159236,0.0405816176240168,0.0023311222131773344,1.6046240437654396e-11,0.00016929519433914354,SAUDE
4678388121,4678388125,0,52.778,0,5,25.393360355143795,0.03937277197996397,0.019091409532388522,0.02063282663946015,0.00019073851171466576,SAUDE
4678388121,13338976066,0,120.932,0,5,25.658174097664542,0.038966412156317,0.002005056017410515,0.034972643445844005,0.00019232531623176622,SAUDE
4678388125,13338976078,0,152.14499999999998,0,5,25.083574599498167,0.03985903137936872,0.024297559386732344,0.015951056598647317,0.00018652442097298987,SAUDE
4678388125,4678388179,0,107.759,0,5,25.259023354564757,0.03958217121199386,0.02153352931937708,0.032454961172649566,0.00018772425499236414,SAUDE
4678388126,4678388150,0,38.9,0,4,24.640223895000965,0.040576213565615186,0.026415690935654136,1.5700320577632646e-09,0.00018899047135371988,SAUDE
4678388126,4678555351,0,144.88,0,4,24.361899247249564,0.04103978006480799,0.020699575629088706,6.012721133784725e-09,0.00017708883616676405,SAUDE
4678388132,4678555351,0,104.709,0,5,24.066203435630186,0.04154402624170924,0.01886664377449934,1.9461634898774856e-08,0.0001988055925729158,SAUDE
4678388138,4678388186,0,17.894,0,4,23.938042848870875,0.04176644654620514,0.04412750971834842,2.923561502241252e-05,0.00018912300946852744,SAUDE
4678388141,8729428396,0,24.771,0,4,24.822042076819148,0.040278998157119196,3.826905430932929e-05,0.0001737223760893491,0.00018234520230378114,SAUDE
4678388179,13338976066,0,39.334999999999994,0,5,25.65933217525574,0.038964653492902866,0.0004050285883688742,0.04679477797903342,0.00018931105950946458,SAUDE
5139911166,5842846269,0,5.228,0,4,26.839027214823393,0.03725198305682006,0.03552234055614114,6.809626343626124e-13,0.000217882385732353,SAUDE
5139911166,6863890273,0,42.21,0,2,27.62536189924725,0.03619163400336764,0.0005884083553986467,1.3228580052396405e-13,0.00012020660088745388,SAUDE
5163835123,5163835132,0,8.878,0,4,24.73730939972978,0.04041696576261665,0.0022760563341259013,3.1601603534306583e-11,0.0001706904154373572,SAUDE
5699822305,5699822308,0,47.169,0,2,26.032619185485427,0.038405931417979614,0.0005884083553986467,6.981905319078434e-08,9.409011650268235e-05,SAUDE
5842846269,5859927084,0,39.617000000000004,0,2,27.009071607797722,0.0370174510840825,0.0005884083553986467,6.42540178492843e-13,0.00011559837195706377,SAUDE
5850510516,5850510519,0,9.689,0,2,25.102682879752944,0.03982869049724352,0.0005884083553986467,9.313562164127145e-11,0.00011673537663554864,SAUDE
5850510519,7984888768,0,89.166,0,4,24.345300135109053,0.04106776180698152,0.048132253695777644,4.80790081542423e-10,0.00020184961338604442,SAUDE
5850510531,5850510532,0,7.623,0,2,27.222543910442,0.03672716959727737,0.0005884083553986467,7.686449137142066e-13,0.0001129316829302385,SAUDE
6190983349,6190983357,0,65.16999999999999,0,4,26.87762980119668,0.03719848046361658,1.7316314167117325e-07,3.2049700213039396e-13,0.00016703945491639477,SAUDE
6190983360,6190983361,0,57.11299999999999,0,4,25.925883034163288,0.03856404758714135,2.787926580905889e-05,2.2413531386264522e-13,0.00017276195467566638,SAUDE
6665810234,6665810235,0,16.407,0,2,26.848098822621115,0.03723939611790079,0.0005884083553986467,0.00021811919751878688,9.597393896024113e-05,SAUDE
6710270739,6710270741,0,51.65899999999999,0,2,26.579038795599306,0.03761637110946509,0.0005884083553986467,2.810700922255193e-07,0.00010256939378027927,SAUDE
6871038117,6871038118,0,26.28,0,2,27.476934954641962,0.036387136655474224,0.0005884083553986467,3.971033944684102e-15,0.00011694025175223743,SAUDE
7003227236,7003227237,0,38.535,0,2,24.727851766068326,0.04043242399406783,0.0005884083553986467,5.7807895711274185e-12,9.791320097764922e-05,SAUDE
7032764596,7541610301,0,21.570999999999998,0,4,25.427909669947887,0.039319275553733816,0.04050632209972085,2.6606734836577083e-12,0.00018823587785667586,SAUDE
7032764596,10603175890,0,15.579,0,4,25.387376954255934,0.039382051515980905,0.00030892304474137305,5.70386653002711e-12,0.00018908765386545462,SAUDE
7206726684,7206740985,0,6.003,0,4,25.73730939972978,0.03884660092241929,0.0016218459848922086,1.6719544501277813e-14,0.0001867580367730684,SAUDE
7206726684,7206740986,0,7.758,0,4,25.387376954255934,0.039382051515980905,0.02265735810882299,3.175941395535111e-14,0.00018397203385432675,SAUDE
7206740985,7206740986,0,7.7,0,4,25.60470951553754,0.03904777699045666,0.0017253975436115703,2.8048351546651465e-14,0.00018520389984344742,SAUDE
7227800297,11060052942,0,11.361,0,2,26.404169079328316,0.037865497076023394,0.0005884083553986467,1.1922523762046614e-09,0.00011611608936214266,SAUDE
7541610297,7984898204,0,14.161000000000001,0,4,25.5836711059641,0.03907988743785317,0.0004566312045868838,5.758577027164793e-13,0.00018845916827724745,SAUDE
7541610300,7984898204,0,7.5009999999999994,0,4,25.37734028179888,0.03939762701551567,0.04353390646869964,7.552583108141669e-13,0.00018117359767503094,SAUDE
7541610300,7541610301,0,4.548,0,4,25.705076240108088,0.03889531303969124,0.04903079723790936,1.16535173809766e-12,0.00018300205143578755,SAUDE
7984814634,7984814638,0,34.891999999999996,0,5,24.660683265778808,0.04054255011074847,0.0008569843881306364,1.6030068716798314e-06,0.00019471828882868872,SAUDE
7984814638,8524850139,0,19.714000000000002,0,6,24.65933217525574,0.04054477144646212,0.0015098094322309596,1.8712009406034097e-06,0.0002271392459895625,SAUDE
7990748671,8001980505,0,98.05799999999999,0,4,25.136074116965837,0.039775781309990016,0.020247792992468615,2.090624897903927e-13,0.000180490093932176,SAUDE
7991155261,13742780078,0,239.505,0,4,24.420382165605094,0.040941496340557375,0.003817035131857672,4.58062893392623e-17,0.00018390392011338023,SAUDE
8001911199,8685586793,0,17.566,0,4,26.292221578845783,0.03802672147995889,0.019686571250312344,3.4878686301645686e-09,0.0001847434852245208,SAUDE
8001980505,8001980507,0,127.995,0,4,25.63790773981857,0.03899721448467967,0.026749203146512815,5.843929574471505e-14,0.00018690913615343203,SAUDE
8003048340,8941392365,0,59.207,0,2,26.19976838448176,0.03816090937889068,0.0005884083553986467,1.5724406618530655e-08,0.00010021755030950576,SAUDE
8003334308,8003334309,0,47.711,0,4,25.952132792897125,0.03852504127682994,0.0001800896673380202,6.1293611590302e-15,0.0001943422637198853,SAUDE
8003334308,8003334310,0,28.182,0,5,25.679791546033584,0.03893360992731892,0.002943427082126603,1.3462753748791828e-14,0.00022404638295329518,SAUDE
8003334309,8003334310,0,42.4,0,5,26.094769349546418,0.038314459640376636,0.0009963807171759309,1.258779723214818e-14,0.00022909268842168491,SAUDE
8064359220,12571177990,0,71.068,0,5,26.975873383516696,0.037063007112090554,0.02768566941667052,0.008451649586564627,0.00019822544887459177,SAUDE
8064359220,12571177985,0,52.771,0,4,26.94267515923567,0.03710867540654775,0.0024350200981800383,0.00811227266657001,0.00017164335315400208,SAUDE
8088782479,8088782482,0,32.483,0,2,28.836904072572864,0.034671093143423204,0.0005884083553986467,2.254903979451464e-07,0.00013883902287857716,SAUDE
8088782481,8088782482,0,14.967,0,2,28.836904072572864,0.034671093143423204,0.0005884083553986467,2.254903979390227e-07,0.00013883902287857716,SAUDE
8088782482,8088782483,0,30.335,0,4,27.83748311136846,0.03591585428424833,0.001764186087345913,1.1848793579732695e-06,0.00023232614206533314,SAUDE
8524850139,8729513618,0,21.219,0,5,25.241266164833043,0.039610017205123305,0.0012258218798902353,2.0757208235820846e-06,0.0001974981845723675,SAUDE
8732281017,8732281026,0,12.505,0,4,26.47654892877823,0.037761982868598505,0.00042632765479442853,1.2427616330917808e-12,0.0002101305220991953,SAUDE
8732281017,8732281018,0,6.302,0,4,26.134916039374637,0.0382556035596913,0.018971926964635413,2.881903561076392e-12,0.00020203805394449653,SAUDE
8732281017,8732281020,0,2.831,0,4,25.80872418452036,0.03873910929962981,0.01923721289767565,1.4847734573700324e-12,0.00019734609468524146,SAUDE
8732281018,8732281023,0,4.618,0,4,26.006948465547193,0.03844384082171854,0.02003168539166299,1.2532240611924437e-11,0.00019619513369851087,SAUDE
8732281018,8732281026,0,11.8,0,4,26.779000193012934,0.03733548601000418,0.0007501427297195225,2.7655902755535974e-12,0.000209944407151282,SAUDE
8732281019,8732281020,0,6.776999999999999,0,4,25.517081644470178,0.03918187044264924,0.000354811277284234,2.2558593271523066e-12,0.00019062593162671868,SAUDE
8732281019,8732281022,0,5.172,0,4,25.179502026635785,0.03970717872063163,0.0021761412013816344,6.166921076686847e-12,0.000187631376309951,SAUDE
8732281021,8732281027,0,8.637,0,4,25.223315962169465,0.039638205720757255,0.004289251019194962,2.33320401457552e-11,0.00018216172171850301,SAUDE
8732281021,8732281022,0,5.295,0,4,25.714340860837677,0.03888129944605408,0.0009110112883320425,1.0955421848909726e-11,0.00018629279489662445,SAUDE
8732281021,8732281024,0,5.1129999999999995,0,4,25.76548928778228,0.038804114135035324,0.005248055334628248,1.7214389978890993e-11,0.00018648041532322044,SAUDE
8732281022,8732281027,0,8.846,0,4,25.223315962169465,0.039638205720757255,0.0015750919366409918,2.1809211935967278e-11,0.00018234783666641632,SAUDE
8732281023,8732281025,0,11.075,0,4,25.20478672071029,0.03966734565726801,0.020333335584454177,5.143240856659806e-11,0.00018459262375401824,SAUDE
8732281023,8732281024,0,6.459,0,4,25.99131441806601,0.03846696519407995,8.658157083558662e-06,2.130514394205904e-11,0.00018869623954908415,SAUDE
8732281024,8732281025,0,11.186,0,4,25.20478672071029,0.03966734565726801,0.005401477878148907,5.20777988977957e-11,0.00018275053490266385,SAUDE
8732281026,13550822376,0,52.333,0,2,27.13414398764717,0.03684682249505627,0.0005884083553986467,6.408635380394258e-13,0.0001179797312090727,SAUDE
8739906705,8739906709,0,14.173,0,4,23.586180274078362,0.04238952536824877,0.0044033655295562645,9.054609299103301e-11,0.00016487569449464423,SAUDE
8743100583,8743100584,0,33.711,0,4,26.825902335456476,0.03727020901536137,0.001994319902626902,5.9697292543144184e-05,0.00017608337957998436,SAUDE
8746504955,8746504958,0,31.019,0,4,25.256900212314225,0.03958549856330623,0.01138530340173797,2.2762990853203824e-13,0.0001674190620434677,SAUDE
8750550879,8750550880,0,16.648,0,4,27.441999613974136,0.036433459701639505,0.00011913624146976719,2.3830655434391953e-12,0.00018128096199927638,SAUDE
8934810440,8934810441,0,38.788,0,2,25.410731519011772,0.03934585615215756,0.0005884083553986467,2.448964349928581e-07,0.0001130931686164233,SAUDE
8934979079,8934979080,0,35.628,0,2,24.426751592356688,0.040930820591837544,0.0005884083553986467,2.1405635943604655e-12,0.0001200959342621187,SAUDE
8934979080,8934979083,0,25.758,0,4,24.271376182204207,0.041192842942345924,0.004226739125051668,2.8487068297239377e-12,0.00022318754392277405,SAUDE
8934979082,8934979083,0,35.217999999999996,0,2,24.956572090330052,0.04006187161639598,0.0005884083553986467,1.1008271223362048e-12,0.00012101419677282,SAUDE
8935070695,8935070696,0,20.64,0,2,28.16464003088207,0.03549866023396221,0.0005884083553986467,-9.12481918293137e-18,0.00012292601477789815,SAUDE
8935317517,8935317518,0,13.254000000000001,0,2,24.791739046516117,0.04032823131899787,0.0005884083553986467,3.256939851742031e-14,0.000107874179184017,SAUDE
8935317535,8935317538,0,58.04800000000001,0,2,23.823779193205944,0.04196676685759655,0.0005884083553986467,1.1985118299342566e-09,0.00010351580416012701,SAUDE
8940626408,10095571821,0,78.556,0,2,26.14398764717236,0.038242329386055575,0.0005884083553986467,2.52692588620005e-08,0.00010118908903127782,SAUDE
8940639518,8940639519,0,57.495,0,2,26.435437174290676,0.03782070939384647,0.0005884083553986467,8.647717697392268e-08,9.524253647147912e-05,SAUDE
8941296193,8941296194,0,35.168,0,2,24.590233545647557,0.040658702375158944,0.0005884083553986467,1.0984149564360835e-06,0.00010331788429793678,SAUDE
8953805390,13127014643,0,116.075,0,4,25.729588882455126,0.03885825737969319,0.0001520372383872901,1.7885619295669355e-05,0.0001582471544894265,SAUDE
12571177985,12571177991,0,16.947,0,4,27.297046902142444,0.03662692857041845,0.003238670238675953,0.0033447315877792893,0.00017115837476872495,SAUDE
12571177990,12571177991,0,7.6579999999999995,0,5,27.266550858907546,0.03666789364895093,0.0010601047533109226,0.0036841085077739073,0.00019776242432639795,SAUDE
13338976066,13338976067,0,56.322,0,6,25.657595058868946,0.03896729154755815,0.0027013450100703026,0.10838023112023942,0.00021469120407018415,SAUDE
