u,v,key,length,flood_count,Degree,Mean Shortest Path Length,Closeness,bet,Eigenvector,Pagerank,district
597447,25778775,0,849.6529999999999,0,4,18.955565236331953,0.05274346452168917,0.00954554062699936,-1.871271943806923e-17,0.00021830999033935216,TATUAPE
597447,1432170576,0,901.369,0,4,18.87453713787846,0.05296989140595248,0.000799488163787588,1.2578433640139926e-17,0.0002190581392302924,TATUAPE
597447,2350165187,0,249.026,0,4,19.233935961664127,0.05198011392591418,0.009368240563019834,-6.103546760650952e-18,0.00021584577729317334,TATUAPE
25778534,2350165185,0,435.05899999999997,0,4,20.10128512306687,0.04973722706832096,2.252079334612924e-06,3.581092342426268e-17,0.0002231508478582467,TATUAPE
25778718,433999542,0,200.515,0,5,20.63341319973862,0.04845452242209273,0.002884094689699296,4.1605007536334706e-18,0.00023087928518881427,TATUAPE
25778718,25778766,0,448.91200000000003,0,4,20.727510346329776,0.04823455233291299,0.006548637236084453,5.2919859373519425e-18,0.00019878999986203664,TATUAPE
25778718,2350165187,0,271.177,0,4,19.934001306904815,0.05015461608225794,0.00907792706333973,-4.378563804428295e-18,0.00020631783583389013,TATUAPE
25778766,26128865,0,173.84100000000004,0,5,21.581137007187976,0.046326668617971516,0.0036690467050543825,-9.886348243938856e-18,0.00025044781239964533,TATUAPE
25778766,433999500,0,75.149,0,5,21.642561533434982,0.04619518724650517,0.0033228406909788866,1.0751712271299095e-17,0.00023973083466416592,TATUAPE
25778775,2350165221,0,471.01099999999997,0,4,19.102156392942714,0.05233870783826313,0.004224900831733845,-1.5584484981578094e-17,0.00022047104010940454,TATUAPE
25778775,25781788,0,279.877,0,4,19.42213025484644,0.05147644307871746,0.005442456813819578,-4.023401112541218e-17,0.0002185429273421762,TATUAPE
25781742,25781744,0,174.631,0,4,20.187976475713352,0.049523645112911754,0.021755598208573257,-1.254028475139249e-17,0.0002137486849894749,TATUAPE
25781744,25781788,0,128.037,0,4,19.91352646482248,0.050206184439364275,0.0031234293026231605,-2.97139651946717e-17,0.00021672552135149152,TATUAPE
25781744,25781795,0,228.50100000000003,0,4,20.513613591810063,0.04873749707999745,0.020757722328854766,-2.98762813354082e-17,0.00021498810883697708,TATUAPE
25781788,6133769672,0,271.067,0,4,20.162274014375953,0.049586776859504134,0.0033858989123480487,-3.15355084116183e-17,0.0002195629550911672,TATUAPE
25781795,2111312288,0,129.728,0,4,21.07340448703986,0.04744284119568363,0.013331285988483686,-1.6568028083731418e-17,0.00021836855887189042,TATUAPE
25781795,2061754864,0,135.755,1,4,21.171204530603354,0.04722367974320195,0.03413384516954575,-4.193336874496231e-17,0.0002101682199576215,TATUAPE
26128626,26128891,0,761.9649999999999,0,2,23.391200174253974,0.0427418078201678,0.0006397952655150352,5.910532934993718e-18,0.00014229913804231513,TATUAPE
26128865,26128891,0,21.922,0,5,22.391853626660858,0.04464937111506698,0.0019181573896353166,-1.17465982216654e-17,0.00028366718683705156,TATUAPE
26128865,433999451,0,43.738,0,5,22.377913308647354,0.04467718543465353,0.022811311580294306,-9.464523172257358e-18,0.0002544818160751202,TATUAPE
26128865,437498451,0,105.197,0,5,22.166412546286214,0.04510347267260185,0.02153233525271913,-2.05461834806389e-17,0.0002537261347285283,TATUAPE
26128891,2444895204,0,350.594,0,2,23.391200174253974,0.0427418078201678,0.0006397952655150352,4.818871124107791e-18,0.00014229913804231513,TATUAPE
129958216,7949811483,0,7.56,0,4,20.63515573949031,0.04845043067049485,0.02305289827255278,9.485332597652119e-14,0.00019887470574421863,TATUAPE
129958216,129959873,0,78.65100000000001,0,4,19.94815944238728,0.05011901902120504,0.02293497120921305,1.0755765585242902e-13,0.00019764427435808299,TATUAPE
129958216,129958525,0,270.635,0,5,20.06686996297103,0.04982252759777264,0.0004080358285348688,2.6025326137088765e-13,0.00023285570811629983,TATUAPE
129958217,2524219180,0,99.851,0,4,21.659769113482902,0.04615848753016895,0.022579552143314138,1.4731146094603645e-13,0.0002010706429223458,TATUAPE
129958217,181845943,0,75.573,0,5,21.675451971248094,0.04612509044135381,0.002946129238643634,1.5474147420293158e-13,0.00024076867460072802,TATUAPE
129958217,462742752,0,98.246,0,4,21.78000435634938,0.045903672293783504,0.019540678182981445,5.029177696798782e-13,0.0002009794746098865,TATUAPE
129958220,462742752,0,97.08,0,4,22.00675234153779,0.04543070086011501,0.021137197696737043,2.0114011732210713e-12,0.00019528713182391988,TATUAPE
129958220,181846274,0,77.216,0,5,21.95469396645611,0.04553842490624442,0.001465284708893154,2.3624316013229996e-12,0.00023053386428930072,TATUAPE
129958220,135569403,0,126.005,0,5,21.627532128076673,0.046227289207589735,0.022208777991042865,8.007628449228403e-12,0.0002217587683472159,TATUAPE
129958224,433999385,0,58.43000000000001,0,5,21.9692877368765,0.04550817461655149,0.021013538067818298,6.1407856916375e-11,0.00022699081198302248,TATUAPE
129958224,3880322136,0,118.49,0,6,21.70028316270965,0.04607231044104953,0.020821701855406268,3.015246112836718e-11,0.0002574302447671848,TATUAPE
129958224,2384948731,0,67.299,0,5,22.229579612284905,0.044975307674218076,0.022461420345489442,2.4420232122583546e-11,0.0002307480935828571,TATUAPE
129958224,453454581,0,47.046,0,5,22.468743193204094,0.04449657793202397,0.023336046065259117,2.5627384875788293e-11,0.0002324938041242984,TATUAPE
129958225,453454548,0,59.35,0,5,22.89196253539534,0.043673939313205894,0.021049980806142034,8.964408528854274e-11,0.00023424466300842316,TATUAPE
129958225,453454516,0,160.209,0,5,22.914397734698323,0.043631178707224334,0.013971695457453614,1.106395531611249e-10,0.00023612369474437702,TATUAPE
129958225,453454520,0,48.081,0,5,23.07972119363973,0.04331864211629027,0.015121074856046066,5.701796935140801e-11,0.00023789594150791608,TATUAPE
129958225,433999385,0,57.238,0,5,22.238074493574384,0.04495812723443851,0.020808189379398594,8.794325638569168e-11,0.00023152409232050458,TATUAPE
129958226,453454477,0,162.57100000000003,0,5,22.962099760400783,0.043540538233145826,0.012379884836852206,2.327689892034241e-10,0.00023572240502766695,TATUAPE
129958226,459135356,0,44.91,0,5,22.96188194293182,0.043540951260695515,0.030670454254638515,2.6637154566403137e-10,0.0002442789773411996,TATUAPE
129958226,453454548,0,58.528999999999996,0,5,22.847309954258332,0.04375929527514014,0.020932258477287267,1.595887185745907e-10,0.00023411856062879264,TATUAPE
129958226,129958532,0,266.515,0,6,22.56654323676759,0.0443037363782902,0.0029833909149072297,2.2328216593885538e-10,0.0002678370728282255,TATUAPE
129958227,129958229,0,117.239,0,6,23.200827706382054,0.043092522179974654,0.023024849648112605,5.463791049915087e-09,0.0002632282073532254,TATUAPE
129958227,433730480,0,58.824,0,5,22.89827924199521,0.04366189144455225,0.02965108125399872,2.8823346091897327e-09,0.0002287303417094392,TATUAPE
129958227,459149302,0,55.663,0,5,23.404051404922676,0.042718338172883626,0.007152808701215611,3.051311801041364e-09,0.00022849831252445867,TATUAPE
129958227,181855996,0,264.38,0,6,22.876715312568066,0.04370304778771173,0.0004059884836852207,6.346050395362303e-09,0.00025377778950013915,TATUAPE
129958229,459149305,0,57.091,0,5,23.84273578741015,0.04193236008843251,0.025054587332053742,4.1974973106302014e-09,0.00024141186459871795,TATUAPE
129958229,173901812,0,264.214,0,6,23.432803310825527,0.04266592303402119,0.01262679462571977,1.0480729977502184e-08,0.00025895254199351177,TATUAPE
129958229,459149303,0,57.131,0,5,23.95861468089741,0.04172954888448461,0.014204683301343569,4.044521971987839e-09,0.00023177758466140746,TATUAPE
129958230,459135359,0,22.689,0,4,24.714659115661075,0.04045300312871811,0.026063518873960332,5.448534734830994e-09,0.00021085537272823258,TATUAPE
129958230,2385884578,0,118.542,0,4,24.879982574602483,0.04018419946771257,0.01407406269993602,1.2729911564406357e-08,0.00021367270012700356,TATUAPE
129958230,129958231,0,73.404,0,4,24.9703768242213,0.04003873027503729,0.03493630198336532,1.1509916970360056e-08,0.0002145792712366266,TATUAPE
129958231,433729226,0,21.15,0,4,25.26486604225659,0.03957203576139528,0.03537791426743442,2.1211410173971004e-08,0.00021462924468758284,TATUAPE
129958231,2385884316,0,120.645,0,4,25.09932476584622,0.039833031041993906,0.000664977607165707,2.5919298843775183e-08,0.00021475982512652187,TATUAPE
129958234,129958539,0,264.76300000000003,0,6,24.34741886299281,0.04106316928940141,0.005699603326935381,8.005929391431652e-07,0.0002690691950109614,TATUAPE
129958234,129958235,0,119.118,0,6,24.796122849052495,0.040320101195548096,0.024850467050543827,1.4714128856841456e-06,0.00026806832880361205,TATUAPE
129958234,459154209,0,43.616,0,5,24.895229797429753,0.040159588429838834,0.026396826615483045,7.3514833334817e-07,0.00024941076802945295,TATUAPE
129958234,6951275347,0,266.23,0,6,24.445218906556306,0.04089888441387176,0.004795905310300704,1.566355795159296e-06,0.00026714830503778375,TATUAPE
129958235,433729099,0,266.243,0,6,25.229797429753866,0.039627039627039624,0.011376685860524632,2.996096557481711e-06,0.0002667926592055256,TATUAPE
129958235,459158984,0,65.333,0,5,25.67240252668264,0.038943849586804906,0.006451388355726168,1.1005941787284366e-06,0.000235070837316582,TATUAPE
129958235,129958236,0,77.327,0,5,25.617512524504466,0.039027293597483206,0.029807907869481766,1.150250060898858e-06,0.00023466547928482705,TATUAPE
129958236,2385876700,0,119.274,0,4,25.73665868002614,0.03884661932852053,0.016940550223928343,5.68074604097222e-07,0.00020430831025751932,TATUAPE
129958236,459158983,0,63.077,0,4,25.805053365279896,0.03874365878569439,0.013789686500319897,3.905291352410755e-07,0.00020384553924142942,TATUAPE
129958238,2385876700,0,167.982,0,4,26.09453278152908,0.038313856427378966,0.0015670377479206654,1.260293679480308e-06,0.00020896991290218807,TATUAPE
129958525,2524219193,0,16.893,0,5,19.856022653016772,0.05035158349696684,0.04268836852207294,5.190902625134196e-13,0.000231475875620474,TATUAPE
129958525,129959871,0,84.045,0,5,20.043781311261164,0.049879918714206536,0.004041868202175304,4.108992614985378e-13,0.0002274467169528458,TATUAPE
129958525,129959872,0,12.966,0,6,19.329340013069046,0.05172355506473896,0.03911493282149712,3.4431175867721583e-13,0.0002684829120368926,TATUAPE
129958526,129958527,0,126.69699999999997,0,5,20.669353082117187,0.04837026967215706,0.016586154830454253,1.1752350832947269e-11,0.00020748329249475916,TATUAPE
129958526,130009943,0,108.424,0,5,20.55565236331954,0.048637823060050225,0.00041233525271912986,8.080637566184368e-12,0.0002074299655413002,TATUAPE
129958526,175677772,0,194.234,0,4,20.35155739490307,0.049125585975126826,0.016719436980166348,4.3576714430066815e-12,0.00018081087671256263,TATUAPE
129958527,129958529,0,58.94,0,6,20.97843607057286,0.047657612758534765,0.016499961612284068,2.2282282009331116e-11,0.00023714507057081722,TATUAPE
129958527,135566841,0,91.212,0,6,20.89697233718144,0.04784339886176489,0.004878822776711453,1.6969970155999503e-11,0.00023431078025238532,TATUAPE
129958527,135569403,0,268.89599999999996,0,6,21.12742321934219,0.04732153903253743,0.0045991554702495205,1.4994367445051948e-11,0.0002457393525396389,TATUAPE
129958529,173890843,0,83.65400000000001,0,6,21.10542365497713,0.04737086536973012,0.010796468330134357,2.435914917967302e-11,0.0002344131081271872,TATUAPE
129958529,135566140,0,116.227,0,6,21.246569374863864,0.0470561700993408,0.016066948176583492,3.29756709576646e-11,0.00024292064983717413,TATUAPE
129958529,3880322136,0,268.201,0,6,21.333260727510346,0.046864949306214966,0.010641689059500959,2.538205396948893e-11,0.00024301941880186317,TATUAPE
129958531,459135349,0,150.72400000000002,0,5,22.24308429536049,0.04494800133179263,0.011135918106206014,5.526866342685015e-11,0.00022658007841714706,TATUAPE
129958531,129958532,0,117.61999999999999,0,6,22.014811587889348,0.04541406945681211,0.020101445937300063,1.498923263577674e-10,0.00026060869886436976,TATUAPE
129958531,135566140,0,116.39399999999999,0,6,21.707688956654323,0.04605659241420831,0.020319692898272554,6.083626330651343e-11,0.00025469536193562935,TATUAPE
129958531,433730476,0,58.814,0,5,22.373992594206054,0.044685014456916444,0.011086577095329495,5.280853223699427e-11,0.00022848872591061927,TATUAPE
129958532,433730471,0,59.184999999999995,0,5,22.376388586364627,0.04468022972841429,0.020033269353806782,3.1014123751095746e-10,0.00022466130696312703,TATUAPE
129958532,444963413,0,88.42100000000002,0,5,22.400130690481376,0.04463287274283103,0.0036999616122840692,1.4817675084170825e-10,0.00022641282205336418,TATUAPE
129958534,2385884580,0,39.027,0,5,23.863428446961446,0.041895999342807855,0.02309486884197057,1.029819207465059e-09,0.0002414408635345435,TATUAPE
129958534,459144313,0,57.929,0,5,23.92027880636027,0.041796426815276184,0.01778221369161868,5.730612380266232e-10,0.00023620707427747664,TATUAPE
129958534,459150498,0,57.362,0,5,24.009148333696363,0.041641717924990475,0.012722610364683301,7.769284364443115e-10,0.00023513078224712114,TATUAPE
129958534,6952529186,0,116.69,0,6,23.220431278588542,0.043056141831996624,0.01782336532309661,6.608502813090032e-10,0.00026753850367506406,TATUAPE
129958535,459150511,0,56.882000000000005,0,5,24.68699629710303,0.04049833242160617,0.009031657069737685,3.4039936330067947e-09,0.0002379442011932028,TATUAPE
129958535,459135359,0,266.31600000000003,0,5,24.29470703550425,0.0411522633744856,0.0021789891234804864,4.050314646553475e-09,0.0002453077884713501,TATUAPE
129958535,459151908,0,60.429,0,5,24.407100849488128,0.04096275869454633,0.01530554062699936,8.399893888158398e-09,0.00023775342132315735,TATUAPE
129958535,2385884580,0,75.88199999999999,0,5,24.278806360270092,0.04117921481375152,0.022384849648112604,3.103990960346193e-09,0.00024533965578266186,TATUAPE
129958536,459151892,0,107.075,0,5,24.705946416902634,0.040467269120564246,0.017107408829174664,2.963658677836502e-08,0.0002346919568543402,TATUAPE
129958536,433729226,0,265.58,0,5,25.10106730559791,0.03983026579543384,0.008440793346129238,3.559438316232304e-08,0.00024637378249755523,TATUAPE
129958536,129958537,0,72.958,0,5,24.731648878240033,0.040425213355292706,0.023963352527191298,7.583316815686798e-08,0.00023417025586186968,TATUAPE
129958536,459151908,0,58.748000000000005,0,5,24.620561969069918,0.0406076101669424,0.015540166346769033,2.7953779736361494e-08,0.00023559896026461593,TATUAPE
129958537,459154201,0,267.064,0,4,24.484208233500325,0.04083375590488137,3.767114523352527e-05,7.866523130522607e-08,0.0001921480262832985,TATUAPE
129958537,129958539,0,42.366,0,5,24.51470267915487,0.04078296178485433,0.023635982085732567,2.5843984345196015e-07,0.00023046494273450065,TATUAPE
129958539,129958540,0,60.05100000000001,0,5,24.73034197342627,0.040427349674555434,0.023762098528470887,2.546701226162562e-07,0.00023590127715613659,TATUAPE
129958539,2036415533,0,267.903,0,5,24.185144848616858,0.04133868905020084,4.053742802303263e-05,2.56668566534667e-07,0.00023164381039012384,TATUAPE
129958540,445166598,0,63.961,0,4,24.861250272271835,0.040214477211796246,0.00445911708253359,6.263762562595163e-08,0.00020349352205629182,TATUAPE
129958540,433729253,0,58.005,0,4,24.861685907209758,0.040213772560014016,0.01909026231605886,6.670103918720371e-08,0.00020487154103302066,TATUAPE
129959067,135566143,0,116.738,0,6,21.228272707471138,0.04709672785479022,0.015042252079334613,2.4589241336040667e-11,0.0002525168239938362,TATUAPE
129959067,4570478078,0,70.588,0,5,21.87257678065781,0.045709391836043695,0.010847447216890595,1.9269635049608132e-11,0.00022567951911598452,TATUAPE
129959067,175678579,0,116.878,0,6,21.51296013940318,0.046473482777474026,0.01464465770953295,4.7210149323556905e-11,0.00025458280945445507,TATUAPE
129959067,457610171,0,60.245000000000005,0,5,21.748856458287953,0.04596941381486044,0.01105197696737044,2.358534365980716e-11,0.0002242434948526093,TATUAPE
129959068,461133470,0,116.565,0,6,21.289479416249183,0.04696132596685083,0.03239227127319258,3.897156128426439e-11,0.0002463976794843437,TATUAPE
129959068,453662238,0,123.206,0,5,21.62077978653888,0.04624172635778402,0.012303314139475368,1.4296017237327368e-11,0.00021835105228459417,TATUAPE
129959068,135610130,0,116.65700000000001,0,6,21.00653452406883,0.047593865679534636,0.029617095329494563,1.6442774545930576e-11,0.00025320963514916027,TATUAPE
129959068,453662229,0,69.782,0,5,21.650185144848617,0.04617892068091271,0.013516570697376839,1.4160641144579336e-11,0.00022334404736641352,TATUAPE
129959069,4995000473,0,116.32,0,6,22.540187323023307,0.04435554009392938,0.015368803582853486,8.021363815095654e-12,0.0002513525689696747,TATUAPE
129959069,408498311,0,169.64700000000002,0,5,23.12698758440427,0.043230108499095844,0.007721765834932821,6.499723746095313e-12,0.00022559397465548366,TATUAPE
129959069,135610991,0,116.786,0,6,22.754955347418864,0.0439368993375962,0.016690569417786308,1.2997633472392407e-11,0.0002462174399416678,TATUAPE
129959069,174006836,0,96.31499999999998,0,6,22.864517534306252,0.04372636251917196,0.009167805502239283,1.224774416447898e-11,0.0002463410033961767,TATUAPE
129959150,130009947,0,59.73,0,6,20.715312568067958,0.04826295423956931,0.01823570057581574,1.5247575085255465e-11,0.00023320644821464098,TATUAPE
129959150,173890842,0,267.24,0,6,20.589414071008495,0.048558068679516744,0.00325445937300064,1.3796553380213946e-11,0.0002393673660499914,TATUAPE
129959150,135566143,0,115.62100000000001,0,6,20.750816815508603,0.048180377255502956,0.018379219449776073,1.834977112055043e-11,0.00024110957577185965,TATUAPE
129959150,173890843,0,180.829,0,6,20.848399041603138,0.047954866008462625,0.0036975047984644915,1.9377847099107928e-11,0.00023327656607708737,TATUAPE
129959151,130009943,0,156.76500000000001,0,6,20.543018950119798,0.04866773403454455,0.024129187460012795,9.351066806130102e-12,0.00023643624703524374,TATUAPE
129959151,181849934,0,153.755,0,6,20.09453278152908,0.04975394020855464,0.02557277031349968,6.561205245684777e-12,0.00023962834921740839,TATUAPE
129959151,130009942,0,109.78699999999999,0,6,20.33848834676541,0.049157152954783984,0.03439744081893794,7.0584406065914896e-12,0.00024079098031500198,TATUAPE
129959151,130009947,0,125.742,0,6,20.40100196035722,0.049006523526334334,0.01519744081893794,1.0969383278307849e-11,0.00023368389676994904,TATUAPE
129959152,129959153,0,19.983,0,5,18.6122849052494,0.053716251799318895,0.0004215483045425464,7.97932883651686e-13,0.00022799128300454437,TATUAPE
129959152,5804445119,0,109.82300000000001,0,5,19.240470485732956,0.051962460235699004,0.017779961612284068,1.2666607301734719e-12,0.00022236500522083795,TATUAPE
129959152,175677557,0,109.936,0,5,19.346111958179048,0.051678713774234955,0.016122226487523993,9.286406478443343e-13,0.00022414783302925344,TATUAPE
129959152,175677735,0,122.06400000000001,0,6,19.299063384883468,0.05180469966817905,0.0016352143314139476,1.8032578251180411e-12,0.0002581455889959179,TATUAPE
129959153,2384916886,0,109.98,0,4,18.315181877586582,0.05458761967057144,0.017989814459373,2.839005461249263e-13,0.00019393470430861804,TATUAPE
129959153,2413894424,0,467.509,0,4,18.342191243737748,0.05450723794368773,0.01771956493921945,2.4507793408064333e-13,0.00019577178642001236,TATUAPE
129959871,129959872,0,82.516,0,5,19.42692223916358,0.05146374552915718,0.012243122200895714,3.552887127589959e-13,0.0002280790600923583,TATUAPE
129959871,5804445119,0,75.4,0,4,19.59878022217382,0.05101246971481918,0.016207396033269355,8.52579237589954e-13,0.0001848196609179289,TATUAPE
129959872,129959873,0,345.71,0,5,19.427793509039425,0.051461437556758936,0.010420780550223928,1.916155576552737e-13,0.0002344565570753041,TATUAPE
129959872,2413894424,0,204.78700000000003,0,5,18.682422130254846,0.05351459117883667,0.040746257197696735,2.1651384793744423e-13,0.00023412816649936958,TATUAPE
129959873,135568797,0,102.759,0,4,19.65759093879329,0.050859852849924655,0.03336660268714012,6.357957778885013e-14,0.00020353307286834302,TATUAPE
129959874,181845945,0,148.59700000000004,0,4,20.067523415377913,0.04982090524259199,0.007159360204734485,9.7113738392359e-14,0.00020599417604033252,TATUAPE
129959874,129959875,0,121.213,0,4,19.56893922892616,0.05109025945837647,0.013369161868202176,3.057635253387041e-13,0.00020558750870354925,TATUAPE
129959874,7949898525,0,30.0,0,4,19.355042474406446,0.05165486894968433,0.02059874600127959,8.396484900876158e-14,0.00020996645617407005,TATUAPE
129959875,173949053,0,417.89399999999995,0,4,19.684818122413418,0.05078950571520255,0.0001617402431222009,1.171513861151465e-12,0.00020168020706965437,TATUAPE
129959875,129959876,0,95.24000000000001,0,5,19.235678501415812,0.05197540510242212,0.012849341010876519,3.823688621211381e-13,0.00024442256691296346,TATUAPE
129960037,148630218,0,219.77,0,6,21.699411892833805,0.046074160326032405,0.0209506845809341,9.13874543473061e-11,0.00027864865948334976,TATUAPE
129960039,180580671,0,219.828,0,5,21.43367458070137,0.04664539338631329,0.0029954702495201533,3.73869658722881e-11,0.0002264979890193641,TATUAPE
129960039,129960040,0,60.437,0,6,21.00370289697234,0.04760028207574563,0.057297607165706976,2.8053156287274917e-11,0.00026667692719120866,TATUAPE
129960040,2384949757,0,109.64099999999999,0,5,21.156175125245046,0.04725722757598221,0.00701747920665387,1.2208630527013265e-11,0.0002299131791739361,TATUAPE
129960040,129960041,0,116.636,0,6,20.541276410368113,0.0486718625735645,0.05372130518234165,1.1417976725130784e-11,0.0002735470910772476,TATUAPE
129960041,173949053,0,93.402,0,5,20.133304291004137,0.049658127055565174,0.0041554958413307745,3.878146029182288e-12,0.00024084755129746843,TATUAPE
129960045,7949898526,0,246.609,0,4,18.50424744064474,0.054029875342836625,0.0010394369801663467,5.1527130146030474e-14,0.00020887658546079636,TATUAPE
129960395,2384739456,0,118.978,0,4,18.664561097800043,0.05356580191156391,0.00551022392834293,1.0418162183126381e-14,0.0002137895730070081,TATUAPE
129960395,140797459,0,296.05100000000004,0,4,18.656284033979524,0.05358956696360813,0.0010615483045425464,1.0368642761434781e-14,0.0002144402981290721,TATUAPE
129960395,2384916889,0,554.1429999999999,0,4,18.5212372032237,0.05398031306229493,0.006669430582213692,3.9711229769908675e-14,0.00020639326049233774,TATUAPE
129960789,2523494621,0,87.621,0,5,23.904595948595077,0.041823847793997046,0.05680071657069738,7.389873440475613e-14,0.00023302064204139934,TATUAPE
129960789,175676061,0,65.189,0,5,23.95687214114572,0.041732584147073266,0.00787408829174664,8.222499611048873e-14,0.0002335832086170391,TATUAPE
129960789,2523494627,0,24.615000000000002,0,5,23.716619472881725,0.04215534105415905,0.012768470889315419,1.8086252936108013e-13,0.00023241958374378919,TATUAPE
129960789,2523494630,0,25.972,0,5,24.246787192332825,0.04123359415003998,0.03802922584772873,1.1413622164239263e-13,0.00023656272132608974,TATUAPE
129960793,8706903592,0,90.961,0,5,22.549771291657592,0.04433668836813941,0.005835137555982086,2.3204669408291837e-15,0.00022561582922809762,TATUAPE
129960793,173900834,0,112.262,0,5,22.363101720758007,0.04470677614469801,0.0037341522712731924,1.7256267607366868e-15,0.00023489776810336414,TATUAPE
129960793,129960794,0,79.32500000000002,0,5,21.9089522979743,0.045633500357909806,0.05350838131797825,1.5833745001963336e-15,0.00023539904033109275,TATUAPE
129960793,2523494616,0,80.07,0,5,22.52602918754084,0.0443834185868861,0.05556903390914907,3.4924143633743433e-15,0.00023136456959054966,TATUAPE
129960794,2384739372,0,10.725,0,4,21.587235896318884,0.04631358027182742,0.06147787587971849,7.670938612682303e-16,0.0002023786628234494,TATUAPE
129960794,175674934,0,78.579,0,4,21.71335221084731,0.04604457998114078,0.00867193857965451,6.249696918587643e-16,0.0001987177692210965,TATUAPE
129960799,2384739465,0,233.538,0,4,19.78632106294925,0.05052895782648422,0.00509277031349968,1.8195968526896946e-15,0.0002145287621203277,TATUAPE
129960799,2343417316,0,100.964,0,4,20.002613809627533,0.049982576879519125,0.06745090211132437,1.930604405106764e-15,0.00021603685662149923,TATUAPE
129960799,2384739371,0,22.564,0,4,19.990633848834676,0.05001253037253342,0.06998797184900832,3.797223064437077e-15,0.000214648618140531,TATUAPE
129961274,1430972457,0,538.518,0,4,19.489871487693314,0.051297525648762825,0.04602195777351248,2.774357268015091e-14,0.00020558988195666585,TATUAPE
129961274,7936505137,0,9.234,0,4,19.4480505336528,0.05140783549492642,0.0057667562380038385,1.642951767656939e-14,0.0002139875699612652,TATUAPE
129961274,8751090688,0,105.1,0,4,18.88346765410586,0.05294484047338916,0.04133026231605886,5.602023814090217e-14,0.0002098943636521412,TATUAPE
129961279,2447434303,0,11.556,0,6,18.72642125898497,0.05338885464041036,0.013798285348688419,1.3837728158403365e-13,0.00025482886235462794,TATUAPE
129961279,185636114,0,254.13799999999998,0,6,19.27858854280113,0.051859718895467075,0.04319785028790787,7.702207377503747e-14,0.0002511548799796017,TATUAPE
129961279,1430972488,0,18.838,0,5,19.656937486386408,0.05086154357582137,0.01264685860524632,5.573237661301707e-14,0.0002346039603349966,TATUAPE
129961279,1430972457,0,34.685,0,5,19.4441298192115,0.051418201371152036,0.04457632757517594,5.748999115103398e-14,0.00023111620019921703,TATUAPE
129961281,2615681554,0,20.831,0,5,19.986277499455458,0.05002343145482088,0.04214756238003839,2.959324906916589e-14,0.00021407428744547093,TATUAPE
129961281,185638307,0,11.801,0,6,19.03920714441298,0.052511755082428585,0.014561535508637235,4.857508998431152e-14,0.0002454473989706621,TATUAPE
129961281,185636114,0,44.041,0,6,19.424308429536048,0.051470670688630475,0.04228023032629558,5.596943591857463e-14,0.00024328464283074607,TATUAPE
129961281,1430972485,0,40.35,0,6,19.590067523415378,0.05103515755298094,0.014764427383237364,3.2967806170783805e-14,0.00024936136585205305,TATUAPE
129961395,185636114,0,11.803,0,6,18.89893269440209,0.05290151558808275,0.006424772872680742,8.517247340462128e-14,0.00024038553754297522,TATUAPE
129961395,185638307,0,49.101,0,6,18.522761925506426,0.05397586961123262,0.033944875239923226,7.778783848509571e-14,0.00024254829368289125,TATUAPE
129961395,2447434303,0,249.04500000000002,0,6,18.378131126116315,0.0544006447483822,0.0035693410108765195,1.465141301774611e-13,0.00024405951991800148,TATUAPE
129961935,129962092,0,234.48399999999998,0,4,19.933783489435854,0.05015516412430613,0.006250339091490723,5.464818512980552e-16,0.00021860577869035745,TATUAPE
129961935,7936813702,0,158.404,0,4,20.090176432149857,0.04976472884185875,0.008664363403710813,2.0270405968439704e-16,0.00021836971316042188,TATUAPE
129962092,1658806914,0,171.813,0,4,19.166848181224132,0.052162054662196713,0.09983918106206013,2.1086401619987955e-15,0.00021467230649823755,TATUAPE
130009897,1430933538,0,60.830000000000005,6,4,20.417556087998257,0.0489667900615552,0.020088957133717212,3.1436190928588035e-13,0.0002119754180665549,TATUAPE
130009935,175675868,0,29.378,0,4,23.07253321716402,0.04333213752997375,0.005282354446577095,1.881212429248195e-14,0.0002020521298471372,TATUAPE
130009935,130009936,0,64.323,0,4,22.736440862557178,0.04397267754327812,0.004569468969929623,2.1573605413657168e-14,0.00020344236337305156,TATUAPE
130009935,453661653,0,68.329,0,4,22.641036811152254,0.044157968156236474,0.002069660908509277,9.926014428013392e-15,0.00020116376541440322,TATUAPE
130009936,465764483,0,169.108,0,4,22.48050533652799,0.044473296643671036,0.00024138195777351248,2.4655248966253637e-14,0.00019889928181144727,TATUAPE
130009936,130009937,0,36.332,0,4,22.490307122631236,0.04445391417198532,0.004881074856046066,6.909093155269347e-14,0.00019979087161893885,TATUAPE
130009937,175676574,0,36.671,0,4,22.17055107819647,0.04509505329861964,0.005017632757517594,9.85718429060976e-14,0.00019474080901181408,TATUAPE
130009937,175676619,0,125.159,0,5,22.492485297320844,0.04444960925016705,0.0008185284708893154,2.472642683344274e-13,0.0002348726477312058,TATUAPE
130009938,175676267,0,123.43299999999999,0,5,21.25658897843607,0.047033989486519996,0.0015269097888675623,2.376305540517549e-13,0.00022899849794540502,TATUAPE
130009938,175676401,0,192.31900000000002,0,6,20.744935743846657,0.04819403611927761,0.0004977095329494562,1.961337175194234e-13,0.0002611147818164597,TATUAPE
130009938,175676574,0,95.10199999999999,0,5,21.386626007405795,0.04674800888110321,0.005597645553422905,1.8120703093536831e-13,0.00022775188059239034,TATUAPE
130009938,130009939,0,95.24999999999999,0,6,21.111740361577,0.047356691841030085,0.005595598208573256,4.340243367250553e-13,0.00026220745940771974,TATUAPE
130009939,2385915997,0,102.964,0,6,20.84883467654106,0.04795386399490164,0.006478003838771593,1.0349636175748023e-12,0.0002610132086487415,TATUAPE
130009939,4153435507,0,187.12900000000002,0,5,21.17664996732738,0.047211536483511965,0.0012812284069097888,3.7676584576056117e-13,0.00022910350166047437,TATUAPE
130009939,175676896,0,123.012,0,5,21.436724025266827,0.046638757925540564,7.390914907229687e-05,4.358757093543453e-13,0.00023157232180047205,TATUAPE
130009941,130009942,0,157.27499999999998,0,6,20.082770638205183,0.04978308026030369,0.013593141394753679,4.514960347088382e-12,0.00024530057331708695,TATUAPE
130009941,130009948,0,124.021,0,6,19.821825310389894,0.050438451902156,0.028589328214971208,4.6642995842150986e-12,0.0002465958839103442,TATUAPE
130009941,175677490,0,191.82700000000003,0,6,19.402526682639948,0.05152845291152598,0.02803797824696097,2.6248878329769983e-12,0.0002480652418493166,TATUAPE
130009941,2385915997,0,101.74499999999999,0,6,20.037900239599217,0.049894558340761355,0.012855687779910429,2.6168019117606264e-12,0.00025154498649175306,TATUAPE
130009942,3901480398,0,115.589,0,5,20.876497495099105,0.04789032177288093,0.024523096609085093,3.4579903488143825e-12,0.00022195083357560627,TATUAPE
130009942,175677964,0,124.93400000000001,0,5,20.594206055325635,0.048546769894656686,0.003180140754958413,5.1961911446777816e-12,0.00020903530340232366,TATUAPE
130009943,135566841,0,127.52399999999999,0,6,20.451535613156175,0.04888543341889172,0.02610937939859245,1.3298258021718916e-11,0.00023426105021160369,TATUAPE
130009943,175677883,0,195.785,0,6,20.111740361577,0.04971137079917256,0.0023251695457453614,7.091608567577395e-12,0.00024509040543062977,TATUAPE
130009947,135566841,0,173.615,0,6,20.869962971030276,0.04790531655081721,0.007450492642354446,1.491657746740392e-11,0.00023150869994630893,TATUAPE
130009947,175677964,0,109.833,0,5,20.733391417991722,0.04822087049702165,0.010354651311580294,9.107126143551114e-12,0.00020221220594871458,TATUAPE
130009948,173890842,0,60.84,0,6,20.184055761272052,0.04953326498678034,0.030790019193857966,7.880852913855955e-12,0.00024712008036383975,TATUAPE
130009948,2385915999,0,98.52699999999999,0,5,20.499237638858638,0.048771676300578035,0.009619654510556621,3.482979408354871e-12,0.00022458906332648097,TATUAPE
130009948,175677964,0,157.33899999999997,0,5,20.487693313003703,0.04879915797531337,0.007442098528470889,5.345524827707144e-12,0.00021025712191107427,TATUAPE
130009949,173890841,0,61.499,0,4,22.02417773905467,0.04539475636169434,0.004773589251439539,4.347614058883212e-13,0.00020462555611539906,TATUAPE
130009949,175676267,0,36.35,0,4,21.737529949901983,0.04599336653406415,0.04870797184900832,2.1975889039290872e-13,0.0001994054798544983,TATUAPE
130009949,175676896,0,59.331,0,4,21.927902417773904,0.04559406383168937,0.05008972488803583,2.5739622460212333e-13,0.00020134691615888517,TATUAPE
130009950,130009968,0,76.48,0,5,23.165105641472447,0.04315897358746039,0.0028992450415866924,6.037386245788694e-13,0.0002295399038300522,TATUAPE
130009950,175676062,0,14.853,0,4,23.230015247222827,0.04303837823139457,0.009127472808701215,1.865228838622229e-13,0.0001952187548456629,TATUAPE
130009950,175676619,0,99.882,0,5,23.12045306033544,0.0432423266067492,0.008324913627639156,3.405522383480213e-13,0.0002318889955736865,TATUAPE
130009967,130112361,0,74.14,0,4,21.040296231757786,0.047517495548469915,0.02351580294305822,4.972860014825953e-15,0.0002020032618440365,TATUAPE
130009967,175632421,0,135.519,0,5,21.36658680026138,0.04679185271270414,0.0004364939219449776,7.500700418000507e-15,0.00023718042338686618,TATUAPE
130009967,10553233378,0,180.42399999999998,0,4,21.048355478109343,0.047499301480860574,0.02364949456174024,2.5963137680093303e-15,0.0002051576880835226,TATUAPE
130009968,2523494627,0,104.10200000000002,0,5,23.401655412764104,0.042722711914889654,0.013203326935380679,5.784498354937934e-13,0.00022954072176802369,TATUAPE
130009968,130009969,0,102.099,0,6,23.345240688303203,0.04282595308738734,0.01485696737044146,1.5715692165208055e-12,0.00027096297148877416,TATUAPE
130009968,175678280,0,99.83699999999999,0,5,23.307558266172947,0.04289519181346666,0.0003728214971209213,7.485954511482574e-13,0.00022810995742819954,TATUAPE
130009969,4493556080,0,73.55199999999999,0,5,23.45088216074929,0.04263303084625173,0.029992373640435062,1.378896106792969e-12,0.00024823939767756214,TATUAPE
130009969,4995000473,0,173.18599999999998,0,6,22.777172729252886,0.043894042268337,0.040881177223288545,3.9546759405537084e-12,0.00026434325999407884,TATUAPE
130009969,3325705335,0,54.652,0,5,23.610760182966676,0.042344345323210054,0.0028218554062699936,1.6529636024293987e-12,0.00024562110089114094,TATUAPE
130009971,462747784,0,46.301,0,5,24.31866695708996,0.04111171818320242,0.0020104926423544466,1.0765439740901795e-12,0.0002423356685909788,TATUAPE
130009971,130009972,0,115.867,0,6,23.921803528642997,0.04179376280446164,0.030411465131158028,1.414265247969245e-12,0.00027387449758113153,TATUAPE
130009971,1424087293,0,56.61,0,5,24.27161838379438,0.0411914099308092,0.030598182981445936,1.084394750966326e-12,0.00024053251843448616,TATUAPE
130009971,3901480367,0,54.146,0,5,23.72162927466783,0.04214643821277065,0.0023104286628278952,2.904032836444486e-12,0.0002294526708088046,TATUAPE
130009972,462747785,0,45.758,0,5,24.4480505336528,0.0408941474149375,0.013942418426103647,7.532206656647561e-13,0.00023925122912494163,TATUAPE
130009972,465763763,0,110.632,0,5,23.83598344587236,0.041944238835430546,0.04244882917466411,1.4931943108189799e-12,0.00023133582972044604,TATUAPE
130009972,462747779,0,82.946,0,5,24.063820518405578,0.04154710935307802,0.00339531669865643,7.133445459515702e-13,0.00023940341176667855,TATUAPE
130009973,445166475,0,38.732,0,4,24.481158788934874,0.04083884227665424,0.029366500319897633,2.1839534835880058e-13,0.00021440152333376957,TATUAPE
130009973,445166477,0,44.339,0,4,24.294489218035288,0.041152632333954955,0.026669123480486244,1.0584838849567502e-13,0.00021460338594951882,TATUAPE
130009973,462747769,0,54.125,0,4,24.20866913526465,0.041298519011714746,0.002790121561100448,1.4549933929725032e-13,0.00021380825504849232,TATUAPE
130010002,445166485,0,22.211,0,4,23.177521237203223,0.04313585444703406,0.02855964171465131,6.351881690597832e-13,0.00021325807347311743,TATUAPE
130010002,445166475,0,115.526,0,4,23.589849705946417,0.04238188013037737,0.02787623800383877,4.4051455382670625e-13,0.0002150079529367983,TATUAPE
130010003,130010004,0,79.36999999999999,0,4,23.73121324330211,0.04212941716383662,0.02577873320537428,6.994735372461976e-14,0.0002116396343807264,TATUAPE
130010003,445166477,0,114.23400000000001,0,4,24.1810063167066,0.041345764085934336,0.025620678182981447,6.82810234582542e-14,0.00021322820221881736,TATUAPE
130010003,462747774,0,73.797,0,4,24.1681550860379,0.041367749378131875,0.001073832373640435,4.316620223964049e-14,0.00020933832173350013,TATUAPE
130010004,130010005,0,38.885,0,4,23.132650838597254,0.04321952505602531,0.027516724248240563,9.515991474812843e-14,0.0002082063375150605,TATUAPE
130010005,445166478,0,33.344,0,4,22.505118710520584,0.04442465713649694,0.026241433141394755,2.0581883201570049e-13,0.00020820409796828466,TATUAPE
130010005,155419889,0,199.767,0,5,23.00871269875844,0.04345233023770981,0.0032753422904670507,7.380617978992686e-14,0.00024411729166552135,TATUAPE
130010006,445166478,0,55.83,0,4,21.949030712263124,0.04555017465862179,0.02620171465131158,2.2796385923217667e-13,0.00021097913657483968,TATUAPE
130010006,462002001,0,15.638,0,4,21.29296449575256,0.046953639674291094,0.07090405630198336,2.2405580767529665e-13,0.00021226885771832258,TATUAPE
130010006,8665798837,0,119.988,0,4,22.03833587453714,0.04536559331079879,0.04727728726807422,9.276255249621327e-14,0.00020614640897354387,TATUAPE
130111898,4489631700,0,216.728,0,4,20.902417773905466,0.04783093483946938,0.0012308637236084453,-5.2640719006101336e-18,0.00023231808964779648,TATUAPE
130111898,2350165187,0,246.091,0,4,20.019821389675453,0.04993961549760094,0.017160230326295586,-3.0723428491157772e-18,0.00021888041400667537,TATUAPE
130111898,185632568,0,87.705,0,4,20.494663472010455,0.04878256156274245,0.016583902751119643,1.2858539229385325e-17,0.00022015423451388685,TATUAPE
130111945,433999334,0,97.466,0,5,23.47462426486604,0.04258991203652154,0.06512051183621241,-1.4654592400322665e-16,0.00024296038006898693,TATUAPE
130111945,433999547,0,87.295,0,6,23.5776519276846,0.04240380618042404,0.0011563403710812539,-2.3222873892568303e-16,0.0002723386470196345,TATUAPE
130111945,433999335,0,90.083,0,5,23.54519712480941,0.042462255772646534,0.06718198336532309,-1.6632080062100157e-16,0.00024399819520776786,TATUAPE
130111945,1430982924,0,75.781,0,5,23.878675669788716,0.04186924753938354,0.006398771593090211,-1.6037800952421469e-16,0.0002544920618116139,TATUAPE
130111946,462747758,0,81.771,0,4,23.158571117403614,0.043171151512871396,0.016671119641714652,-6.330295913762437e-17,0.00020646766373303658,TATUAPE
130111946,7296420586,0,284.76399999999995,0,4,22.627749945545634,0.0441838974240499,0.016674190658989122,-3.5253132424018923e-17,0.00019951388538029638,TATUAPE
130111946,13625599956,0,127.13799999999999,0,5,23.084730995425833,0.043309241191900515,0.0003853103007037748,-1.1699266796529466e-16,0.0002388238411697025,TATUAPE
130112037,1430982930,0,299.044,0,5,23.34480505336528,0.042826752257968205,0.005996468330134357,-5.5385706654066655e-17,0.00024756233752703383,TATUAPE
130112037,185624200,0,77.945,0,5,23.343933783489437,0.042828350688612696,0.06933353806781829,1.510182256461188e-17,0.00024251516038725735,TATUAPE
130112037,433999335,0,114.53399999999999,0,5,23.584404269222393,0.042391665743100965,0.06724401791426743,-1.0668686648717308e-16,0.00024384233177071938,TATUAPE
130112037,433999577,0,48.809,0,5,23.315181877586582,0.04288116591928251,0.004608573256557901,-1.1067210237323928e-16,0.0002348042035366254,TATUAPE
130112041,1430982927,0,48.463,0,4,23.13613591810063,0.043213014743263854,0.10784450415866922,2.0214989369902485e-16,0.00021285436291815848,TATUAPE
130112041,2385915570,0,129.453,0,4,23.23916358091919,0.04302143573497296,0.10413737683941139,4.029446619735164e-16,0.0002079776949672407,TATUAPE
130112041,433999727,0,78.029,0,4,22.905902853408843,0.04364735976264965,0.003999283429302623,6.385228583329166e-16,0.00020827353644095245,TATUAPE
130112042,1430982917,0,13.926,0,4,22.59246351557395,0.044252906808584486,0.10991969289827255,1.7374244085692825e-19,0.00020807615608263067,TATUAPE
130112042,138069969,0,71.432,0,4,22.392724896536702,0.04464763386994796,0.11108729366602688,-1.5911953367113364e-17,0.00020798227703977426,TATUAPE
130112042,433999552,0,248.857,0,5,22.162056196906992,0.045112338568592376,0.0011854126679462572,-2.632263204845829e-17,0.00023731866943707964,TATUAPE
130112045,2371443915,0,130.915,0,5,22.947288172511435,0.04356864196827747,0.037306717850287906,1.7945436289301374e-17,0.0002600817151846628,TATUAPE
130112045,433999406,0,90.408,0,5,22.96384230015247,0.043537234294820114,0.05112363403710812,1.1296033844037391e-17,0.00024648276897338775,TATUAPE
130112045,433999276,0,112.064,0,5,22.527771727292528,0.04437998549673677,0.050390582213691616,1.443053553802939e-17,0.00024667734270715616,TATUAPE
130112045,619212635,0,71.0,0,5,22.42452624700501,0.044584316810910046,0.03448516954574536,8.706075689262883e-18,0.00024486129328183894,TATUAPE
130112046,461141288,0,283.192,0,5,24.12698758440427,0.04143833452201468,0.0,-7.08746118734973e-17,0.00024177629403528817,TATUAPE
130112046,180592180,0,88.66199999999999,0,4,23.608799825746026,0.0423478613868694,0.03514431222008957,-4.190918813363117e-17,0.00020417060878773208,TATUAPE
130112046,3900420955,0,94.06199999999998,0,4,23.737965584839905,0.042117433314063916,0.0354495713371721,-2.0068013858117614e-17,0.00022192477793288383,TATUAPE
130112360,175676646,0,95.897,0,5,19.71269875844043,0.05071767162793781,0.028098170185540627,5.046676182684293e-14,0.00023404846003556215,TATUAPE
130112360,175676401,0,151.311,0,5,20.272271836201263,0.04931771784678199,0.00038142034548944336,8.000876966758624e-14,0.00022643018575259154,TATUAPE
130112360,175676513,0,99.509,0,4,20.44216946199085,0.04890783164624401,0.027546615483045427,2.7396806133173443e-14,0.00019587854822424603,TATUAPE
130112361,175676513,0,71.543,0,4,20.932694402091048,0.047761753137291627,0.027169904030710172,9.82028919046433e-15,0.00020176313524609914,TATUAPE
130112361,465764529,0,104.96900000000001,0,4,21.493356567196688,0.046515870120394015,0.004470786948176583,8.15238569684397e-15,0.0001993371325727399,TATUAPE
133450802,1658806916,0,45.541,0,4,19.666957089958615,0.05083563145828488,0.0034805886116442736,4.284717769558626e-15,0.00020330672290890325,TATUAPE
133450802,1430972485,0,195.343,0,5,19.68721411457199,0.05078332448220924,0.0014769545745361484,1.463386296894902e-14,0.00022607267446344474,TATUAPE
133450802,1658806921,0,154.338,0,4,19.670659986930954,0.050826061921424456,0.002353115802943058,7.27282574367133e-15,0.00019618256684229466,TATUAPE
133450815,433999470,0,138.434,0,4,20.406665214550205,0.04899292324442025,0.010650902111324375,2.6115215754634185e-16,0.00021050001420686845,TATUAPE
133450815,1658806916,0,311.238,0,4,20.00457416684818,0.04997767881447284,0.0011405758157389636,1.1005138180135138e-15,0.00021178487905243123,TATUAPE
133450815,7936813702,0,34.369,0,4,20.455456327597474,0.04887606350693742,0.010618144593730006,2.8361737013598265e-16,0.00021527508303249658,TATUAPE
135554330,2385874282,0,97.63699999999999,0,3,26.119363972990634,0.038277432159714464,0.0006397952655150352,5.841442989749697e-08,0.0001642371495968841,TATUAPE
135561247,445166494,0,65.112,0,5,24.737965584839905,0.04041489099425915,0.03885635316698657,1.0727351901409359e-08,0.00024238171765329693,TATUAPE
135561247,135561250,0,39.885999999999996,0,5,25.093443694184273,0.039842366584493596,0.037260652591170826,8.768818635955661e-09,0.0002534205877885975,TATUAPE
135561247,445166490,0,36.138,0,5,24.73709431496406,0.040416314454775996,0.026477696737044146,1.421679641135262e-08,0.00024405448911680083,TATUAPE
135561250,445166493,0,107.683,0,4,25.90742757569157,0.03859056170706485,0.036269737683941136,8.126371036051647e-09,0.00022065753427125563,TATUAPE
135561250,445166641,0,181.60999999999999,0,2,26.00849488128948,0.038440601314852815,0.0006397952655150352,2.9775646364304297e-09,0.00012311585866780914,TATUAPE
135566140,433730479,0,57.207,0,5,21.927684600304943,0.04559451673785636,0.0272477031349968,2.6479991384296186e-11,0.00022279707605800245,TATUAPE
135566140,135566142,0,81.641,0,5,21.494663472010455,0.04651304189213838,0.031829456174024315,2.7769780272723523e-11,0.00021062494607621446,TATUAPE
135566142,173890843,0,114.871,0,5,21.03920714441298,0.047519955275336215,0.021721305182341652,1.9153260367414704e-11,0.00020248410945351673,TATUAPE
135566142,135566143,0,184.65500000000003,0,5,21.237638858636462,0.04707595741625813,0.010039155470249521,1.812518475149295e-11,0.0002099735519054762,TATUAPE
135566143,453662239,0,69.448,0,5,21.432367675887605,0.04664823773324119,0.013731337172104926,1.2983231592976685e-11,0.0002209425784163895,TATUAPE
135566841,173890843,0,59.652,0,6,20.76715312568068,0.04814247655807514,0.028750863723608445,1.9046842307738964e-11,0.00023157881780875526,TATUAPE
135568218,135570374,0,76.195,0,4,21.979525157917664,0.04548697823760257,0.00518469609724888,2.457996024392159e-12,0.00020494426796814651,TATUAPE
135568218,173890845,0,60.5,0,5,21.65715530385537,0.046164058414128815,0.010183698016634676,9.802900503146548e-12,0.00023822354301221302,TATUAPE
135568218,173949088,0,54.308,0,4,21.354389021999566,0.04681858055039882,0.011816865003198977,2.6594295572401926e-12,0.00020343974736821736,TATUAPE
135568794,181846386,0,53.545,0,5,22.294053583097366,0.04484523995622948,0.0013838003838771594,5.891291663277292e-13,0.0002403403949387034,TATUAPE
135568794,462742751,0,74.322,0,5,22.4391200174254,0.044555320429439514,0.0014566858605246321,5.048044641568767e-13,0.00023816741327128466,TATUAPE
135568794,181845556,0,75.623,0,5,21.613591810063166,0.04625710484943766,0.000740934101087652,6.152340577085833e-13,0.00023935345696035387,TATUAPE
135568794,181846274,0,103.904,0,6,22.11653234589414,0.04520519613539892,0.000902469609724888,1.1173524523441762e-12,0.0002737957938057237,TATUAPE
135568797,7949898525,0,45.113,0,4,19.535395338706163,0.0511779856612441,0.0373736660268714,3.684328480047316e-14,0.00021001606470788856,TATUAPE
135568797,433999226,0,23.355,0,4,20.08625571770856,0.04977444261299557,0.005263518873960333,2.4699181916884817e-14,0.00020784153087173075,TATUAPE
135569403,181846276,0,78.178,0,5,21.899368329340014,0.0456534712552218,0.005875265515035188,7.974353098106317e-12,0.00022546766465280233,TATUAPE
135569403,3880322136,0,59.35600000000001,0,6,21.546939664561098,0.046400194092315154,0.02354937939859245,1.809415344974816e-11,0.0002516137007706848,TATUAPE
135570374,2385902753,0,23.079,0,4,22.460248311914615,0.04451340736071377,0.00421486884197057,7.500915318731162e-13,0.00020975653436130495,TATUAPE
135570374,181846386,0,73.117,0,4,22.564147244609018,0.044308440806239864,0.0013262699936020474,7.345931190732101e-13,0.00020586326669819015,TATUAPE
135572752,2413843448,0,194.558,0,4,19.85732955783054,0.050348269621016836,0.011526039667306462,3.3602196012305764e-16,0.00021507266900812447,TATUAPE
135583649,173942551,0,405.7870000000001,0,4,18.966673927248966,0.052712572924801325,0.007821164427383237,1.1106594519168233e-14,0.00021156948064970406,TATUAPE
135595332,7953194549,0,1961.3319999999999,0,4,19.36876497495099,0.05161827219360788,0.009934945617402432,9.003779243212049e-17,0.00020718057998050628,TATUAPE
135608913,175677506,0,89.0,0,5,19.267697669353083,0.05188903208302245,0.016256327575175943,5.085925390974164e-13,0.0002260583714314146,TATUAPE
135608913,175677490,0,166.901,0,6,19.025049008930516,0.052550833485986444,0.00026021753039027514,1.0597874166310765e-12,0.00025732026931260136,TATUAPE
135608913,2384916879,0,91.767,0,5,19.19167937268569,0.05209456468692188,0.033038618042226485,4.1664806344284796e-13,0.00022527250859705216,TATUAPE
135608913,2384916886,0,157.806,0,5,18.557177085602266,0.05387576881543735,0.01670203454894434,4.250418177994416e-13,0.00022891984928926035,TATUAPE
135610130,453662241,0,70.26499999999999,0,5,21.30842953604879,0.046919562084087214,0.011002021753039028,7.728548824684053e-12,0.00022403804242830238,TATUAPE
135610130,173890842,0,115.888,0,6,20.622522326290568,0.04848011153594288,0.029937300063979527,1.0609479593739426e-11,0.0002493597414798478,TATUAPE
135610130,461134701,0,92.427,0,5,21.28425179699412,0.04697286012526096,0.011200818937939859,7.532679390101155e-12,0.00021964672177088708,TATUAPE
135610926,444963413,0,62.472,0,4,22.91592245698105,0.04362827568507799,0.002622853486884197,5.379653959192715e-11,0.00019344748768352607,TATUAPE
135610926,459135349,0,117.24799999999999,0,4,22.567196689174473,0.04430245352585758,0.00023851567498400512,2.7695291997492404e-11,0.0001944402457663267,TATUAPE
135610926,457610122,0,54.636,0,4,22.73970812459159,0.04396635950880285,0.0026723992322456812,2.5711420248756497e-11,0.0001937112468227923,TATUAPE
135610991,174006837,0,98.906,0,6,22.405576127205403,0.04462202519832011,0.003957927063339731,2.256694887095768e-11,0.00023964832895805716,TATUAPE
135610991,138077697,0,116.25899999999999,0,6,22.876933130037028,0.04370263167917127,0.012418170185540627,1.435408062189908e-11,0.00024462221677652404,TATUAPE
135610991,3901480366,0,112.51899999999999,0,5,23.01067305597909,0.04344862838643721,0.00810769033909149,1.0060695935840636e-11,0.0002173637423129202,TATUAPE
135611215,175678280,0,74.906,0,4,22.593116967980833,0.04425162689804772,0.0010398464491362764,1.0084798247751741e-12,0.00018881918659227522,TATUAPE
135611215,138077702,0,77.583,0,4,22.026791548682205,0.045389369592089,0.039937965451055664,9.324273566186852e-13,0.0001913065339916221,TATUAPE
135611215,4995000473,0,100.84299999999999,0,5,22.31866695708996,0.04479578392621871,0.04033187460012796,3.5557524279419768e-12,0.00022208418113861523,TATUAPE
135612208,462003855,0,88.40700000000001,0,5,20.068394685253757,0.0498187422666985,0.0005624056301983365,6.090447074290693e-14,0.00023822796787403182,TATUAPE
135612208,462747765,0,109.06200000000001,0,4,19.77303419734263,0.05056291171869836,0.027104900831733846,5.59219146002797e-14,0.00020465111493050622,TATUAPE
135612208,138081871,0,95.029,0,4,19.494663472010455,0.05128491620111732,0.027376788227767113,2.240102505123814e-13,0.00020409581112256089,TATUAPE
135612863,135612864,0,104.60000000000001,0,4,24.45262470050098,0.04088649765726604,0.003790044785668586,6.145118874017983e-15,0.0002046880782672313,TATUAPE
135612863,4570444059,0,37.50599999999999,0,4,25.04988020039207,0.03991165524677402,0.002541573896353167,1.545760172929699e-15,0.00021173270710952605,TATUAPE
135612863,2384899329,0,49.717,0,4,24.96122849052494,0.04005340453938585,0.0007708253358925144,1.556631716379081e-15,0.00021189646718847009,TATUAPE
135612864,175675097,0,25.278,0,5,23.82770638205184,0.041958809064565374,0.0021308765195137557,1.1772985812217135e-14,0.00023669181292556587,TATUAPE
135612864,2523494621,0,18.006999999999998,0,4,24.22195600087127,0.04127586485976098,0.002292002559181062,2.00489339477783e-14,0.00019555206486319743,TATUAPE
138036422,839181311,0,76.536,0,4,29.26094532781529,0.03416780187141294,0.04275408829174664,0.003637040251580149,0.0002123583279194069,TATUAPE
138048531,4570943155,0,8.452,0,6,24.24809409714659,0.04123137177402693,0.0007464619321817019,1.0362969908693796e-08,0.00025730625086572306,TATUAPE
138048531,4570943161,0,77.986,0,6,24.333260727510346,0.041087061603738116,0.039376992962252076,1.2606409587129394e-08,0.0002593135000189891,TATUAPE
138048531,445166595,0,94.43,0,5,24.60771073840122,0.04062881724998672,0.0009972616762635956,1.0436462240360809e-08,0.0002268639472152865,TATUAPE
138048531,4570943157,0,40.980000000000004,0,5,24.796558483990417,0.04031939283737845,0.03918167626359565,8.164792627289574e-09,0.00022306736423483638,TATUAPE
138048532,445166555,0,112.219,0,5,23.487911130472664,0.04256581936883885,0.03671196417146513,3.0366712949077203e-10,0.0002589890956538021,TATUAPE
138048532,8762601400,0,31.419999999999998,0,5,23.623393596166412,0.04232170024434097,0.016409264235444657,3.177546418234563e-10,0.00024890282972166253,TATUAPE
138063394,7296420586,0,118.899,0,4,22.143106077107383,0.045150945809028224,0.01550044785668586,2.1976051576920304e-17,0.00019811555835927034,TATUAPE
138063394,138063401,0,271.54200000000003,0,4,22.123720322369856,0.04519050900856552,0.015834574536148432,7.260895846879249e-17,0.00019712637755509921,TATUAPE
138063394,433999765,0,134.12400000000002,0,5,21.339795251579176,0.04685059864653826,0.0008465770953294946,7.354560355811555e-17,0.00024022112731726458,TATUAPE
138063476,185624816,0,87.557,0,4,23.23894576345023,0.04302183897272471,0.018332130518234166,4.469277694991235e-17,0.00021521116973475222,TATUAPE
138063476,462747756,0,36.076,0,4,23.57808756262252,0.042403022716564896,0.0017684964811260397,-6.128534855985583e-17,0.0002139092321239225,TATUAPE
138063476,462747758,0,112.932,0,4,23.288390328904377,0.04293049748870619,0.01688650031989763,-4.03449531597081e-17,0.00021336474382981508,TATUAPE
138067515,433999283,0,127.675,0,4,20.931823132215204,0.04776374118087785,0.005527626359564939,1.5181818277687068e-16,0.00020431819266029195,TATUAPE
138067515,4497081897,0,76.046,0,4,20.828142016989762,0.048001505929597794,0.006944798464491362,1.5361562607289954e-16,0.0002111182659374281,TATUAPE
138067515,2371443916,0,172.928,0,4,20.5044652581137,0.04875924194782018,0.0017961356365962893,4.533402033718926e-16,0.0002059215731571052,TATUAPE
138067516,138067517,0,259.34999999999997,0,4,22.486604225658898,0.044461234453097756,0.016305259117082534,5.689510824387711e-17,0.00020181194620751505,TATUAPE
138067516,433999286,0,84.98599999999999,0,4,22.06883032019168,0.04530290767681952,0.005713730006397953,7.061605507002932e-17,0.00020104341107913848,TATUAPE
138067516,180586315,0,118.802,0,4,22.770856022653017,0.04390621861279307,0.01067362763915547,5.1606149011097403e-17,0.00019973490148822464,TATUAPE
138067517,177472444,0,151.76999999999998,0,5,23.085602265301677,0.04330760666503123,0.0005118362124120282,7.239412395705491e-17,0.00023545455679065645,TATUAPE
138067517,138067518,0,199.30800000000002,0,4,22.705946416902634,0.044031733545657745,0.016762431222008958,4.0511949962437505e-17,0.00020632809306551122,TATUAPE
138067518,138067519,0,96.106,0,4,22.519059028534087,0.044397156260579385,0.01674809980806142,3.261177736509842e-17,0.00021332904898539452,TATUAPE
138067518,138068920,0,403.326,0,4,22.768242213025484,0.04391125907642855,3.132437619961612e-05,3.462793852888805e-17,0.00021285970743908656,TATUAPE
138067519,138069969,0,380.69500000000005,0,4,22.394903071226313,0.04464329134853864,5.241202815099168e-05,-3.1669612547431632e-19,0.00021360663364812326,TATUAPE
138067519,138067520,0,93.51999999999998,0,4,22.554998910912655,0.04432641236117817,0.01677655790147153,5.014791282969467e-17,0.00021598718235973328,TATUAPE
138067520,1430953340,0,141.94600000000003,0,4,23.09082988455674,0.043297802094142065,0.0014355982085732565,4.075243167296835e-17,0.00021737387878913926,TATUAPE
138067520,138071260,0,73.434,0,4,22.619690699194074,0.044199639854786366,0.01545827255278311,1.4249694555555352e-16,0.0002172961240731753,TATUAPE
138067521,433999289,0,88.699,0,4,22.384230015247223,0.044664577778642744,0.01923152911068458,1.3862432435444458e-15,0.0002164472418009635,TATUAPE
138067521,138071260,0,75.115,0,4,22.585493356567195,0.04426656379593018,0.01604975047984645,5.736804591088374e-16,0.0002171035196460327,TATUAPE
138067521,433999712,0,106.934,0,4,22.426268786756697,0.04458085257238318,0.0034694305822136917,1.5849920964552276e-15,0.000215699389366493,TATUAPE
138068920,2365237488,0,26.276,0,4,23.310607710738402,0.04288958035489025,0.0982788995521433,4.2892648279673594e-17,0.00021342083572417598,TATUAPE
138068920,1430982917,0,10.754,0,4,22.847527771727293,0.04375887809482044,0.09829855406269994,1.852594284873953e-17,0.0002132311711446717,TATUAPE
138069969,433999341,0,18.972,0,4,22.876715312568066,0.04370304778771173,0.11113172104926423,-2.1231107859218253e-17,0.00021315804123933635,TATUAPE
138071260,1430953353,0,164.414,0,4,23.09954258331518,0.04328147100424328,0.0005269865642994241,1.4083524334117131e-16,0.00021761023840707384,TATUAPE
138072049,1430953353,0,54.61,0,4,23.517098671313438,0.042512990080302314,0.000432808701215611,3.552663612462931e-17,0.00021762040016036385,TATUAPE
138072049,138072052,0,151.543,0,4,23.521890655630582,0.0425043291446351,0.0022936404350607804,8.740921463401676e-18,0.00021688071847064585,TATUAPE
138072049,1430953340,0,69.273,0,4,23.780657808756263,0.04204182199547524,0.0015834165067178502,1.4282520604313115e-17,0.0002175871935640863,TATUAPE
138072052,1430982927,0,13.339,0,4,23.19843171422348,0.04309697288364756,0.10799088931541906,4.4294480014331996e-17,0.00021571548821651952,TATUAPE
138072052,433999341,0,64.666,0,4,22.882160749292094,0.04369264745078628,0.1068357773512476,-6.447869373114079e-19,0.00021511302259512695,TATUAPE
138074280,462747813,0,12.376,0,4,24.31496406011762,0.04111797903789304,0.035152911068458095,8.1945299088865e-13,0.00020894052507406795,TATUAPE
138074280,3901480366,0,54.282,0,4,23.61206708778044,0.04234200160512163,0.01118935380678183,2.8625750605203388e-12,0.00019808552628170346,TATUAPE
138074280,1424087305,0,100.32,0,4,24.011108690917013,0.04163831813852225,0.0366900575815739,1.0578616824497276e-12,0.0002083074639185083,TATUAPE
138077688,2384905989,0,66.98,0,2,23.012851230668698,0.04344451595805096,0.0006397952655150352,2.901728855752812e-12,0.00012828414679386644,TATUAPE
138077690,465763493,0,39.907000000000004,0,2,23.678937050751472,0.04222242663968356,0.0006397952655150352,8.48555818878989e-13,0.0001336399846805218,TATUAPE
138077690,445166484,0,26.153,0,4,23.34894358527554,0.04281916134148048,0.0013688547664747282,1.5532489333452904e-12,0.00023218126047521364,TATUAPE
138077695,138077697,0,117.149,0,6,23.115443258549334,0.04325169850079624,0.011071631477927063,9.411525206754558e-12,0.0002530200077543971,TATUAPE
138077695,462747768,0,53.112,0,5,23.35787410150294,0.04280279010779962,0.01283787587971849,5.096139496936839e-12,0.00022424379891520157,TATUAPE
138077695,465763763,0,48.819,0,5,23.5212372032237,0.042505509973515085,0.014977760716570697,3.796426299380479e-12,0.00022500392541098866,TATUAPE
138077695,465763787,0,155.525,0,5,23.41820954040514,0.04269251160324798,0.00879027511196417,3.745302860879269e-12,0.00022811849266697528,TATUAPE
138077697,3901480367,0,109.245,0,5,23.206055325637116,0.0430828147438966,0.005758976327575176,8.598060997938806e-12,0.0002158228585212167,TATUAPE
138077697,174006839,0,101.64,0,6,22.779350903942497,0.04388984509466437,0.004368419705694178,1.781242085331493e-11,0.0002442149631468746,TATUAPE
138077702,175676619,0,75.553,0,5,22.305597908952297,0.04482203017430789,0.00849402431222009,4.0935749868995806e-13,0.00023313342290756536,TATUAPE
138077702,175676267,0,54.447,0,4,21.679372685689394,0.0461167487189792,0.04856158669225848,3.170834008979755e-13,0.00019428546701632078,TATUAPE
138081306,138081318,0,542.52,0,5,18.619690699194074,0.05369488670261923,0.009934843250159949,3.5607055895866778e-12,0.00022576804733119885,TATUAPE
138081318,138081871,0,247.433,0,4,18.890655630581573,0.05292469473174444,0.007278003838771593,8.700216049316019e-13,0.00020033010735219395,TATUAPE
138081318,8751090681,0,869.682,0,4,18.305597908952297,0.05461619923608715,0.002861778630838132,8.677717466718337e-13,0.00019416686969655578,TATUAPE
138081871,1430933538,0,662.451,1,4,19.76105423654977,0.050593565027611524,0.019854126679462573,2.8428167527345517e-13,0.0002094516543207523,TATUAPE
138115180,3473791742,0,18.564,0,5,22.52820736223045,0.044379127307182846,0.02870213691618682,3.550815772670863e-18,0.00021923949248346789,TATUAPE
138115180,2108104632,0,24.822000000000003,0,5,22.350032672620344,0.044732918165073236,0.02936547664747281,-3.1465024659713124e-18,0.00022385572212439594,TATUAPE
138115180,3473791749,0,29.586000000000002,0,5,22.925506425615335,0.043610036959268794,0.05251275751759437,1.0901477474586325e-17,0.00022716672761924963,TATUAPE
138115180,2108104621,0,7.779,0,6,22.38139838815073,0.044670228606464045,0.051623595649392194,-1.6683080914836994e-17,0.00025633912893269174,TATUAPE
140797459,2352384912,0,211.71400000000006,0,4,18.72859943367458,0.05338264540665015,0.0010003326935380677,5.4626709311136396e-15,0.00021668998962271553,TATUAPE
148630218,433999370,0,58.050000000000004,0,5,21.81049880200392,0.045839491870730636,0.006333666026871401,1.931101178444525e-10,0.0002294932935940398,TATUAPE
148630218,180580671,0,59.315,0,5,21.74166848181224,0.045984611685501324,0.006403480486244402,7.357327534659856e-11,0.00022818660303209346,TATUAPE
148630218,2384948735,0,44.718,0,5,22.351775212372033,0.04472943079606693,0.021546461932181703,6.992072228012066e-11,0.00023441790161161697,TATUAPE
155414370,177473752,0,20.029,0,5,26.48900021781747,0.037743296247872316,0.07385653230966091,5.468515207893315e-17,0.0002390006936080177,TATUAPE
155414370,3793152578,0,60.900999999999996,0,5,27.027445001089088,0.036991368680641186,0.02426001279590531,2.3481169691580316e-17,0.00025433547462072153,TATUAPE
155414370,1430953335,0,90.82600000000001,0,5,26.60095839686343,0.03758444216990788,0.049287165706973765,3.494348660198408e-17,0.0002412934299945196,TATUAPE
155414370,1430953334,0,116.789,0,5,26.437813112611632,0.037816372264698125,0.008247114523352528,4.1547413822953834e-17,0.00024143884082791664,TATUAPE
155417290,2384916879,0,19.626,0,4,19.7279459812677,0.050678473241986946,0.033384619321817015,1.3769551444852732e-13,0.00019190037098454062,TATUAPE
155417290,2385916481,0,115.60400000000001,0,4,20.241995208015684,0.04939148400426122,0.0004927959053103007,6.672128653331815e-14,0.00019972993070705352,TATUAPE
155417290,175676646,0,92.90100000000001,0,5,19.544543672402526,0.0511540304695249,0.03296859884836852,6.499054238450767e-14,0.00023681724333104992,TATUAPE
155419866,155419877,0,260.877,0,5,23.789370507514704,0.042026424457730936,0.0010064747280870122,1.9498210906956203e-15,0.0002314249686129786,TATUAPE
155419866,4570444060,0,33.897,0,4,24.675887606186016,0.040516564124745115,0.0,5.828695036912816e-16,0.0002051744024743425,TATUAPE
155419866,4570444042,0,24.963,0,4,24.69549117839251,0.04048440159820775,0.0013584133077415227,5.638026500900825e-16,0.00020455134464460065,TATUAPE
155419877,1424087269,0,84.627,0,6,23.002613809627533,0.04346385114341177,0.0006025335892514396,3.9327560594007106e-15,0.00025979843220894474,TATUAPE
155419877,462003866,0,130.592,0,5,23.595948595077324,0.04237092560625502,0.0001603071017274472,2.8526386783646475e-15,0.00022565692509111148,TATUAPE
155419877,462003865,0,66.08,0,6,23.79982574602483,0.04200796229350661,0.0004829686500319898,3.1700417508678557e-15,0.0002606293179370444,TATUAPE
155419885,4496388352,0,16.59,0,4,24.634284469614464,0.040584989743226996,0.034359360204734485,2.4647975712708452e-15,0.0002100071486567087,TATUAPE
155419885,462747786,0,57.349000000000004,0,4,24.115878893487256,0.04145742259474692,0.03619071017274472,8.014182456340149e-15,0.00020885434175163937,TATUAPE
155419885,3940711808,0,17.137,0,4,24.227183620126333,0.041266958562219604,0.003078387715930902,2.6585200269900433e-15,0.00020731180345176221,TATUAPE
155419889,462747791,0,111.893,0,6,23.049008930516226,0.043376363189627475,0.011911657069737683,3.971510644630045e-14,0.0002856468763282343,TATUAPE
155419889,8665798837,0,84.702,0,5,22.550424744064475,0.04433540360671889,0.04494740882917466,4.6741135584832466e-14,0.0002421250344298736,TATUAPE
155419889,462747786,0,64.31099999999999,0,5,23.187976475713352,0.043116404899676865,0.03866042226487524,3.126078018026441e-14,0.00024553345010864944,TATUAPE
155420404,155420405,0,105.237,0,4,24.29296449575256,0.04115521523549929,0.0022006909788867563,1.3822041466292871e-14,0.00021166382618525477,TATUAPE
155420404,4496388329,0,193.276,0,4,24.56240470485733,0.040703758224996896,0.034760230326295584,1.3767895465691196e-14,0.00021533702500709645,TATUAPE
155420404,1424087274,0,33.528,0,4,24.08821607492921,0.04150503214605431,0.03742423544465771,5.601759504221482e-14,0.00021531276807587883,TATUAPE
155420405,462003866,0,24.64,0,4,24.096057503811807,0.04149152542372881,0.0020049648112603967,4.237801375455617e-15,0.0001990336232060467,TATUAPE
155420405,4496388348,0,220.29999999999998,0,4,24.692441733827053,0.040489401303776366,0.0001852847088931542,4.397497878760353e-15,0.00021144285206510342,TATUAPE
155420416,1424087269,0,57.127,0,5,22.98954476148987,0.043488559382254016,0.0029749968010236725,4.338651718973863e-15,0.00022791040551115298,TATUAPE
155420416,3940711808,0,223.089,0,4,23.691352646482247,0.04220029972326165,0.002032603966730646,2.896205367293804e-15,0.00020012416918685608,TATUAPE
155420416,173900825,0,107.52799999999999,0,4,22.75582661729471,0.04393521709166092,0.0007366346769033909,7.81839627277991e-15,0.00019641606633803997,TATUAPE
155420420,4496388352,0,47.388000000000005,0,4,24.634284469614464,0.040584989743226996,0.03456204734484965,1.8494043454494725e-15,0.00021251956133290392,TATUAPE
155420420,4496388329,0,36.995000000000005,0,4,24.907645393160532,0.04013957027048299,0.03412841970569418,3.9813306427487395e-15,0.00021533181028056473,TATUAPE
155420420,4496388348,0,37.299,0,4,25.37312132433021,0.03940320032964769,0.0003928854766474728,2.564209699483127e-15,0.00021464367025353685,TATUAPE
173886834,2523494630,0,103.691,0,4,24.264212589849706,0.04120398215391797,0.03810456813819578,1.3327503627545957e-13,0.00020638289544361874,TATUAPE
173886834,1424087274,0,114.025,0,4,24.07580047919843,0.041526435783302576,0.066641484325016,1.2306306772845319e-13,0.00021481307542461643,TATUAPE
173886834,4493556080,0,33.772999999999996,0,4,23.823785667610544,0.04196571428571429,0.029583723608445297,3.416399000195608e-13,0.0002162623193860469,TATUAPE
173888107,174021798,0,115.334,0,6,22.36179481594424,0.044709388971684055,0.005215406269993602,2.021426808422263e-09,0.0002651731963802296,TATUAPE
173888107,433999370,0,58.7,0,5,22.00675234153779,0.04543070086011501,0.006262213691618682,6.805620149740466e-10,0.00022992812539758057,TATUAPE
173888107,461992656,0,51.080000000000005,0,5,22.603136571553037,0.04423201087008895,0.020919769673704413,7.562911407463868e-10,0.0002332253179040009,TATUAPE
173888107,745741465,0,61.132000000000005,0,5,22.684818122413418,0.04407274403241603,0.020104926423544466,7.104974004481673e-10,0.00024170447489829834,TATUAPE
173890841,462747809,0,59.722,0,4,22.360705728599434,0.04471156656081358,0.003840818937939859,1.2135385491393536e-12,0.0002012585510917449,TATUAPE
173890841,462747811,0,85.266,0,4,22.60400784142888,0.0442303059503734,0.0008727831094049904,7.761868644771097e-13,0.00020444887080284702,TATUAPE
173890842,453662205,0,92.785,0,5,20.79742975386626,0.04807239136582147,0.0038121561100447855,6.818459487718271e-12,0.0002166373916215717,TATUAPE
173890845,180580671,0,59.263000000000005,0,5,21.448486168590723,0.0466131816796994,0.00947531669865643,2.5661496911787427e-11,0.0002299548518089627,TATUAPE
173890845,2384948734,0,46.906,0,5,21.503811805706817,0.04649325392001945,0.008913115802943058,1.3246045106705075e-11,0.00023637223945223028,TATUAPE
173890845,2384949757,0,110.46,0,5,21.00174253975169,0.04760472520976156,0.00693190019193858,1.159828680263525e-11,0.00023307335300107513,TATUAPE
173900825,173900826,0,136.27700000000002,0,5,22.141145719886733,0.04515494343334973,0.002108355726167626,9.530137059713672e-15,0.00023618489539608623,TATUAPE
173900825,8665798837,0,279.04699999999997,0,4,22.412546286212155,0.044608148032965325,0.002616711452335253,2.7637984754039474e-14,0.00019942704863905,TATUAPE
173900826,1424087269,0,63.571,0,6,22.315617512524504,0.044801905301070755,0.0029713115802943056,6.052880908434654e-15,0.00026653197443688884,TATUAPE
173900826,1424087306,0,32.131,0,3,22.407100849488128,0.044618988830671426,0.0006397952655150352,4.202526771203572e-15,0.00014989262534152414,TATUAPE
173900826,173900828,0,167.104,0,5,21.695273360923547,0.04608294930875576,0.005144363403710812,8.443076974976522e-15,0.00023156086033795605,TATUAPE
173900828,8706903589,0,211.2,0,4,21.78653888041821,0.045889904221071365,0.00157829814459373,6.900874158021953e-15,0.0001855415719061648,TATUAPE
173900828,462003855,0,212.609,0,5,20.911348290132867,0.04781050789550435,0.0036960716570697376,2.1268801515027603e-14,0.00023113907223666527,TATUAPE
173900834,175674996,0,73.377,0,4,22.799390111086907,0.0438512687251605,0.011149430582213692,1.4967059047387454e-15,0.000200012492815366,TATUAPE
173900834,462747808,0,18.062,0,4,22.41145719886735,0.044610315771058694,0.009276519513755598,7.742266027584546e-16,0.00019815742650497025,TATUAPE
173901811,2356795825,0,116.77699999999999,0,5,22.75648006970159,0.043933955491744434,0.029643710812539987,1.2480581285751797e-10,0.00022648464402417762,TATUAPE
173901811,5339283324,0,115.312,0,5,22.856022653016772,0.043742614264476044,0.015259475367882278,1.138507756849754e-10,0.00022492733761904517,TATUAPE
173901811,175678521,0,116.61699999999999,0,6,22.21324330211283,0.04500838391465077,0.034627971849008315,9.785708746673611e-11,0.00025513317923720364,TATUAPE
173901811,2384928146,0,48.032000000000004,0,5,22.82552820736223,0.04380105351553554,0.014289033909149072,6.848489213076345e-11,0.00022419919049671076,TATUAPE
173901812,2357332775,0,115.30799999999999,0,5,23.505336527989545,0.042534263712435016,0.006671887396033269,1.9619115191155072e-08,0.00022248223585384972,TATUAPE
173901812,181855996,0,118.66000000000001,0,6,23.055761272054017,0.04336365955275912,0.006885630198336532,1.1362989326811402e-08,0.00024950212414042545,TATUAPE
173901812,173901813,0,255.94299999999998,0,6,23.65563058157264,0.04226402585563935,0.012454612923864364,1.4781464955399842e-08,0.0002531929094584609,TATUAPE
173901813,2357332856,0,58.785,0,5,24.226312350250492,0.04126844267822303,0.049980806142034546,1.831984547170215e-08,0.0002218661716206093,TATUAPE
173901813,181855997,0,122.131,0,6,23.77608364190808,0.042049910220235256,0.0490228534868842,1.1154431192465746e-08,0.00025472752949070936,TATUAPE
173902555,2357332781,0,73.957,0,5,24.91592245698105,0.04012623591429246,0.047102239283429305,1.291004194971043e-06,0.00023667481415073671,TATUAPE
173902555,433729172,0,119.962,0,5,25.661729470703552,0.03896004685391256,0.04450374920025592,2.6941232010579438e-06,0.00023546309015303455,TATUAPE
173902555,2385865581,0,107.37299999999999,0,5,25.362448268351123,0.03941978203179347,0.007645195137555982,1.604873283193215e-06,0.00023657424899005023,TATUAPE
173902556,181855997,0,115.52499999999999,0,6,23.556959268133305,0.04244105409153953,0.04968005118362124,5.262770956776921e-09,0.00025704580161888506,TATUAPE
173902556,461992630,0,67.36200000000001,0,5,23.895447614898714,0.04183985998687377,0.0012187843889955214,2.0515940231023327e-09,0.0002258831178112356,TATUAPE
173942551,7949876303,0,140.52900000000002,0,4,19.628403397952514,0.050935481723150676,0.06437230966090851,3.2355198266521408e-15,0.00021298302092186556,TATUAPE
173943318,173944380,0,346.98800000000006,0,4,18.62274014375953,0.05368609424892101,0.08872476007677543,2.594772802797673e-14,0.0002101412503855722,TATUAPE
173943318,180589045,0,183.89500000000004,0,4,19.253757351339576,0.05192660135303301,0.1610152783109405,7.193461042414535e-15,0.00021127951114580145,TATUAPE
173944380,2413894424,0,266.205,0,4,18.375952951426704,0.05440709307287469,0.058475444657709534,9.232537542019023e-14,0.00020358008162557015,TATUAPE
173944380,7949898526,0,32.579,0,4,18.461990851666304,0.054153541216861924,0.03254868841970569,3.640464211199954e-14,0.00021017275924719973,TATUAPE
173949053,2384949756,0,19.599999999999998,0,4,20.16859072097582,0.04957124651705294,0.003990275111964171,2.0810468664145597e-12,0.00020169036861955814,TATUAPE
173949088,2384949756,0,110.664,0,4,20.861468089740796,0.04792482380579483,0.0040729878438899554,1.8670671765517993e-12,0.00020399778633018156,TATUAPE
173949088,181845556,0,73.081,0,4,21.200827706382054,0.04715769574553338,0.009155111964171465,9.621351891578614e-13,0.0002034303729079441,TATUAPE
174006835,2384921120,0,85.043,0,5,22.849488128947943,0.04375512382986025,0.013246935380678183,5.179761011781416e-12,0.0002193737717046459,TATUAPE
174006835,174006836,0,116.479,0,6,22.809627532128076,0.04383158739101787,0.0035955470249520154,1.0485251469714294e-11,0.00024910083053957856,TATUAPE
174006835,462747809,0,56.933,0,5,22.576780657808758,0.04428364688856729,0.007049622520793346,4.3169925678241234e-12,0.0002265989683823217,TATUAPE
174006835,4995000473,0,93.38799999999999,0,6,22.617076889566544,0.044204747917368906,0.016561996161228408,6.258869646494584e-12,0.00025411239611307655,TATUAPE
174006836,174006837,0,116.42800000000001,0,6,22.41799172293618,0.044597312501821786,0.0033807805502239284,2.1817059095641185e-11,0.000239771892412566,TATUAPE
174006836,2384921121,0,85.958,0,5,22.767806578087562,0.0439120992662183,0.009169443378119002,9.674515154814381e-12,0.00021412457963512673,TATUAPE
174006837,174006839,0,117.181,0,6,22.3234589414071,0.04478616800179535,0.003288854766474728,2.6025289386208797e-11,0.0002392410753284078,TATUAPE
174006837,461133470,0,267.085,0,6,21.727074711391854,0.046015498902244635,0.0038088803582853486,4.279373389298423e-11,0.00023797250756639314,TATUAPE
174006839,174006840,0,116.28,0,6,22.53866260074058,0.0443585407103165,0.0033611260396673066,1.7709750669251436e-11,0.00025066493928416683,TATUAPE
174006839,2344686374,0,197.23499999999999,0,5,22.67850141581355,0.044085019737410795,0.004200537428023033,2.497181182159844e-11,0.0002111622944124459,TATUAPE
174006840,465763549,0,233.144,0,6,22.787845785231976,0.04387348378401629,0.0027084325015994883,8.915823816512984e-12,0.00027126670776707345,TATUAPE
174006840,2344686373,0,196.92200000000003,0,5,22.981703332607275,0.04350339781440446,0.012493307741522713,1.4104189396825911e-11,0.0002225856575118634,TATUAPE
174006840,462747768,0,52.096999999999994,0,5,22.8486168590721,0.043756792312532176,0.013048752399232245,8.658582757084724e-12,0.00022339317221876763,TATUAPE
174021798,461992681,0,134.027,0,5,22.95469396645611,0.043554585567205956,0.0033660396673064617,1.9451596839004967e-09,0.00022642490951301468,TATUAPE
174021798,181855996,0,116.84299999999999,0,6,22.664778915269004,0.04411171122686298,0.007272168905950096,5.512147902436076e-09,0.000253388551594457,TATUAPE
174021798,461992655,0,51.33,0,5,22.87105205837508,0.043713869391720075,0.0056858861164427385,1.8652490254200573e-09,0.0002268841291113916,TATUAPE
174023454,181856823,0,112.414,0,4,23.20692659551296,0.04308119726307688,0.015371260396673064,1.9236527797002078e-10,0.00020275259563779755,TATUAPE
175632421,175675104,0,123.728,0,5,22.112829448921804,0.04521276595744681,0.013252463211772232,7.65326922199737e-15,0.0002348911010104245,TATUAPE
175632421,453661653,0,112.61699999999999,0,5,22.062731431060772,0.04531543094086287,0.0017314395393474087,8.904057307582705e-15,0.00023568423560580635,TATUAPE
175632421,175676500,0,71.19800000000001,0,6,21.61816597691135,0.04624731735332346,0.014387920665387076,1.8287071291720328e-14,0.00026847053492346217,TATUAPE
175674934,462747808,0,55.116,0,4,22.30646917882814,0.044820279467624916,0.00837916826615483,4.911722314174354e-16,0.00019863593637451228,TATUAPE
175674934,7941720117,0,143.081,0,5,21.65105641472446,0.04617706237424547,0.00010257197696737044,6.779080988286203e-16,0.00024023041494869885,TATUAPE
175674996,175675009,0,79.438,0,4,22.346111958179048,0.04474076673392403,0.011290697376839411,1.735133413854758e-15,0.00020076187623918227,TATUAPE
175674996,175675834,0,116.397,0,4,22.859507732520147,0.04373594542058924,0.0006021241202815099,4.229601864352482e-15,0.0002002659785121638,TATUAPE
175675009,7941720117,0,97.165,0,5,21.692441733827053,0.04608896475549754,0.001110889315419066,1.200923314936853e-15,0.00024050987992694015,TATUAPE
175675009,175675104,0,75.013,0,4,22.299063384883468,0.04483516483516484,0.012247831094049904,2.8909602632482128e-15,0.00019799662347686452,TATUAPE
175675097,2523494616,0,29.259,0,5,23.098671313439336,0.04328310355883296,0.05375283429302623,9.114924773476955e-15,0.0002326300920857513,TATUAPE
175675097,2523494612,0,35.998999999999995,0,5,23.530821171857983,0.04248819772285476,0.0030239283429302623,9.482494826663345e-15,0.00023476696625923053,TATUAPE
175675097,2523494621,0,21.218,0,5,23.563493792202134,0.042429284525790346,0.05457934740882917,2.192768576263965e-14,0.00023327729924209627,TATUAPE
175675104,453661654,0,98.38000000000001,0,4,22.77346983228055,0.043901179306189204,0.0018737300063979526,5.796061413597855e-15,0.0001971053217536831,TATUAPE
175675834,2523494612,0,40.44,0,4,23.388586364626445,0.04274658446408449,0.004938400511836212,5.9107934697961805e-15,0.0001966899802343137,TATUAPE
175675834,175675867,0,76.14200000000001,0,5,23.341319973861903,0.04283314669652855,0.00449658349328215,1.4847224115952168e-14,0.00023831475605263163,TATUAPE
175675867,453661654,0,95.198,0,5,23.32541929862775,0.04286234556949023,0.001532642354446577,1.526244624899505e-14,0.00023790127283546066,TATUAPE
175675867,175675868,0,120.347,0,5,23.708124591592245,0.042170445775605456,0.003597594369801663,2.3857402637101396e-14,0.00023922889422108126,TATUAPE
175675867,175676061,0,90.26,0,5,23.763885863646266,0.042071494042163156,0.0006547408829174664,3.5022930174393734e-14,0.0002357238569758719,TATUAPE
175675868,175676062,0,82.162,0,4,23.529732084513178,0.04249016431381625,0.0026484452975047983,5.143041332647775e-14,0.00019958057853321676,TATUAPE
175676061,175676062,0,120.17599999999999,0,4,23.80156828577652,0.04200488684304449,0.007075009596928983,6.259731119944975e-14,0.00019630491005145895,TATUAPE
175676398,175676400,0,53.743,0,4,20.746678283598346,0.04818998824122291,0.012350812539987203,1.224308293974067e-13,0.00019908821039491833,TATUAPE
175676398,2385916481,0,88.44200000000001,0,4,20.692223916358092,0.0483168066696141,0.01157916826615483,1.145467619644013e-13,0.00020029402247557381,TATUAPE
175676398,2385915998,0,94.69800000000001,0,5,20.820518405576127,0.0480190820927532,0.0011256301983365324,3.9934300228154857e-13,0.00023137637700956873,TATUAPE
175676400,4153435511,0,9.753,0,4,20.354824656937485,0.04911770056394397,0.0007634548944337812,6.172272784526433e-14,0.00019894967122432267,TATUAPE
175676400,4153435507,0,8.427,0,4,20.778915269004575,0.04811522495702126,0.011385284708893153,1.1894239186268405e-13,0.00019748216085418692,TATUAPE
175676401,175676573,0,94.664,0,6,20.950773252014812,0.047720538545511254,0.011263877159309021,8.601179816193888e-14,0.00026120161246651676,TATUAPE
175676401,4153435513,0,90.392,0,5,21.00435634937922,0.047598801215376796,0.011609673704414587,9.390863366374078e-14,0.00022742986896703263,TATUAPE
175676500,465764529,0,20.421,0,5,22.04966238292311,0.045342289835029144,0.004671222008957134,1.791236699201406e-14,0.00023089483216871722,TATUAPE
175676500,175676573,0,73.195,0,6,21.46504029623176,0.0465772329673452,0.01111196417146513,3.934907746116538e-14,0.0002633417314150352,TATUAPE
175676500,465764483,0,22.772,0,5,21.962099760400783,0.04552306898877296,0.0005052847088931542,2.239117701278001e-14,0.00023052582993705618,TATUAPE
175676513,465764533,0,114.118,0,4,21.31278588542801,0.046909971690496384,0.00038387715930902113,1.5074218701608308e-14,0.00019762784189563667,TATUAPE
175676573,465764533,0,22.447,0,5,21.82596384230015,0.045807011766114784,0.0006068330134357006,3.484078932465087e-14,0.00022889922977476868,TATUAPE
175676573,465764493,0,22.591,0,5,21.815508603790025,0.04582896510408866,0.0008252847088931542,4.384145166817669e-14,0.00022761434880948927,TATUAPE
175676574,465764493,0,168.263,0,4,22.208233500326727,0.04501853704466545,0.0008819961612284069,6.176794789773201e-14,0.0001924811283723938,TATUAPE
175676619,175678280,0,77.03999999999999,0,5,22.833151818775868,0.04378642906884676,0.000480511836212412,4.854071373313949e-13,0.00023045904917183378,TATUAPE
175676646,2384916889,0,14.677,0,5,18.86408189936833,0.05299924946596617,0.005855815738963531,6.171250723436522e-14,0.0002389966023431395,TATUAPE
175676646,4153435511,0,159.217,0,5,19.757569157046394,0.05060248933378901,0.0009168010236724248,5.2107088802122356e-14,0.0002372577579791612,TATUAPE
175676896,6733297794,0,98.725,0,4,21.912437377477673,0.04562624254473161,0.05024081893793986,3.699709993943912e-13,0.000202390775621337,TATUAPE
175677419,2385915998,0,96.189,0,5,20.449357438466564,0.04889064047804182,0.0008293793985924504,5.7152984158598e-13,0.00022204453970064498,TATUAPE
175677419,175677490,0,59.542,0,5,19.600304944456546,0.051008501416902816,0.05308478566858605,1.0008511147168965e-12,0.00021648767962392123,TATUAPE
175677419,2385916485,0,85.47,0,5,20.377477673709432,0.049063097923102414,0.05232399232245681,3.853438444646256e-13,0.000220796314520879,TATUAPE
175677490,175677550,0,90.852,0,5,19.678065780875627,0.05080693365212194,0.026244504158669225,1.0373138639594087e-12,0.00022026960529332912,TATUAPE
175677506,175677550,0,163.571,0,4,20.010237421041168,0.04996353423971611,0.00024793346129238644,4.861194238915139e-13,0.0001879670213986548,TATUAPE
175677506,175677557,0,66.708,0,4,19.770856022653017,0.050568482284505556,0.016137991042866284,4.981513439626918e-13,0.00018762502328216414,TATUAPE
175677550,2384918936,0,33.521,0,4,20.654759311696797,0.048404446038006456,0.02637021113243762,7.141983196793008e-13,0.00018615285388710016,TATUAPE
175677557,175677614,0,123.174,0,5,20.175778697451534,0.04955358588748421,0.00017402431222008957,9.032917534057139e-13,0.00022593135775363424,TATUAPE
175677614,453661651,0,78.938,0,6,20.64648224787628,0.04842385112039499,6.571976967370441e-05,1.6837470494443114e-12,0.000261442354224078,TATUAPE
175677614,2384918936,0,56.56,0,5,20.785449793073404,0.04810009850564836,0.001767063339731286,1.0222866185699696e-12,0.00022536180082451059,TATUAPE
175677614,3746380629,0,61.825,0,5,20.914615552167284,0.04780303898186817,0.0017858989123480486,9.92650970398191e-13,0.000232717724086237,TATUAPE
175677735,3746380629,0,48.877,0,5,20.040296231757786,0.049888593011249385,0.00187106845809341,1.5712112773353884e-12,0.00022807887739729826,TATUAPE
175677735,175677885,0,56.11699999999999,0,5,19.897843607057286,0.05024575538308283,0.00043383237364043504,2.350631273534336e-12,0.00021547333754012496,TATUAPE
175677735,181849934,0,78.487,0,6,19.775212372032236,0.050557342380050226,0.00023626359564939218,3.3168008317601277e-12,0.0002497885442563912,TATUAPE
175677772,175677883,0,135.863,0,5,20.26116314528425,0.049344757522656664,0.025913653230966092,3.368644783585566e-12,0.00021957742236188786,TATUAPE
175677772,2524219193,0,111.412,0,4,20.309518623393597,0.04922727126478695,0.04243388355726167,1.524589607497185e-12,0.00019004000980471692,TATUAPE
175677883,175677885,0,93.306,0,5,20.441298192115006,0.04890991624576434,0.026536455534229047,3.3355824272333432e-12,0.00021400708252756123,TATUAPE
175677883,5804445119,0,150.76999999999998,0,5,19.72228272707471,0.05069302556739742,0.0018016634676903392,2.8048291287714878e-12,0.00021804342824371622,TATUAPE
175677885,181849934,0,57.49699999999999,0,5,20.438684382487477,0.048916171110684824,0.026114702495201536,3.3109540150245633e-12,0.00021032620108776503,TATUAPE
175678521,2344686374,0,69.95700000000001,0,5,22.202134611195817,0.045030903561267537,0.004688624440179143,5.878051701052463e-11,0.000214390103244065,TATUAPE
175678521,461133470,0,117.11099999999999,0,6,21.670877804399915,0.046134826265692375,0.032208829174664104,7.312535171033625e-11,0.00024486384326914874,TATUAPE
175678521,3901480405,0,115.63,0,5,22.115661076018295,0.045206977041946955,0.002063314139475368,1.1620991506260152e-10,0.00021606941936521572,TATUAPE
175678522,3901480405,0,150.703,0,5,22.57133522108473,0.044294330518697224,0.001969955214331414,2.974275964580282e-10,0.00021879922523309323,TATUAPE
175678522,444963409,0,62.09199999999999,0,5,22.370071879764758,0.04469284622350318,0.016873397312859886,2.901402508757052e-10,0.0002193684425244176,TATUAPE
175678522,2036415545,0,117.464,0,6,22.886734916140274,0.043683914992433834,0.014504209852847089,6.581687099681027e-10,0.00025826260685614285,TATUAPE
175678522,6952529186,0,265.93,0,6,22.80592463515574,0.04383870413172623,0.002065156749840051,4.909305107682874e-10,0.00025842098249262164,TATUAPE
175678579,457610122,0,60.543,0,5,22.119799607928556,0.04519851898534741,0.002645374280230326,4.401187740631253e-11,0.0002223639029182109,TATUAPE
175678579,444963409,0,54.147,0,5,21.885428011326507,0.04568255105696883,0.016088650031989764,9.610959750070281e-11,0.0002180672274060042,TATUAPE
175678579,461133470,0,265.85,0,6,21.667174907427576,0.0461427106580614,0.0037992578374920027,6.031237548249598e-11,0.0002463559809975184,TATUAPE
177471034,177471652,0,138.449,0,4,24.41646700065345,0.040947045389666,0.0262801279590531,6.371771655382217e-17,0.00019772912350843645,TATUAPE
177471034,8777013210,0,80.408,0,4,24.826617294707034,0.040270576158766086,0.07212550223928343,4.750519307030919e-17,0.00020225644281595165,TATUAPE
177471034,2365237488,0,79.02,0,4,24.253321716401654,0.04122248466505608,0.09840010236724248,4.916248762946429e-17,0.0002086817146160039,TATUAPE
177471652,177472443,0,94.587,0,5,24.732084513177956,0.04042450129904443,0.00015887396033269354,9.07439962713944e-17,0.00022781101574943357,TATUAPE
177471652,177472444,0,227.221,0,5,24.029405358309738,0.041606613547983576,0.02613538067818298,8.534998570305139e-17,0.00023017505599041353,TATUAPE
177471812,177472443,0,91.325,0,5,24.857111740361578,0.040221172635582156,0.002647012156110045,7.226725860244606e-17,0.00022928724600827782,TATUAPE
177471812,180586530,0,63.375,0,4,25.593116967980833,0.03906449471480366,0.009916724248240564,2.844302562991762e-17,0.00019382659817589382,TATUAPE
177471812,1430953334,0,23.766,0,4,25.697451535613155,0.038905888435881573,0.008058963531669865,3.681743869069025e-17,0.0001958299994480173,TATUAPE
177472443,177472444,0,136.818,0,6,24.014375952951426,0.04163265306122449,0.0006340626999360205,1.0359107126316159e-16,0.00026618230246244236,TATUAPE
177472443,1430953333,0,137.30200000000002,0,6,24.940100196035722,0.040087336244541485,0.0028816378758797184,1.0169516664440658e-16,0.00026676406615925837,TATUAPE
177472444,177473425,0,87.789,0,5,23.998693095186233,0.041659859500081685,0.027093128598848368,6.479157632412853e-17,0.00023176133716684835,TATUAPE
177473425,180586530,0,87.145,0,4,24.796122849052495,0.040320101195548096,0.008148432501599488,1.3128151602835947e-17,0.00019392471043619717,TATUAPE
177473425,4497081746,0,187.04000000000002,0,4,24.343280331082553,0.041070150322118824,0.034805681381957776,4.9710151521290814e-17,0.00019438433464987923,TATUAPE
177473752,8777138572,0,11.268,0,4,26.258984970594643,0.03807390817469205,0.004537735124760077,5.951162749752416e-17,0.00019518844995655547,TATUAPE
177473752,1430953333,0,77.986,0,5,25.660422565889785,0.03896203111869413,0.06930548944337812,7.70570640735429e-17,0.00023202986946378203,TATUAPE
177474390,177474391,0,107.75699999999999,0,4,25.207144412981922,0.0396626514352868,0.007102853486884197,3.525698468491565e-17,0.0002152652858870481,TATUAPE
177474390,8790482710,0,203.667,0,4,26.150076236114135,0.03823247678147516,0.008425847728726807,2.3120098890286963e-17,0.00021571739137746595,TATUAPE
177474390,8777013206,0,4.521,0,4,25.802439555652363,0.03874758355211508,0.004571516314779271,3.1733438532647636e-17,0.00021047381205722065,TATUAPE
177474391,2365237485,0,54.702,0,4,24.264648224787628,0.04120324239894434,0.011468202175303902,3.974347127825318e-17,0.00021560152169029334,TATUAPE
177474391,13623982919,0,211.903,0,4,24.679154868220433,0.04051120015533707,0.0050121049264235445,4.01706439270975e-17,0.00021599884914323897,TATUAPE
180585316,2251528992,0,191.161,0,4,24.929644957525593,0.040104148463984905,0.005589251439539348,-5.908551014948428e-17,0.0001943225373961484,TATUAPE
180585316,180590655,0,36.842,0,5,25.184055761272052,0.03969901401141671,0.005626513115802943,-1.4014994208569694e-16,0.00021851988775616624,TATUAPE
180585316,180590654,0,24.75,0,5,25.2927466782836,0.03952841481583548,0.0005251439539347409,-1.4604447166895603e-16,0.00021893698092333917,TATUAPE
180586315,4497081746,0,25.311999999999998,0,4,23.71313439337835,0.04216153655377663,0.00027925783749200255,5.906253546607683e-17,0.00019578314037309552,TATUAPE
180586315,4936202876,0,18.182,0,5,23.67828359834459,0.04222359185701013,0.010675060780550224,8.213567367142714e-17,0.00023399208110925644,TATUAPE
180586530,433999236,0,239.477,0,5,24.932694402091048,0.04009924344346793,0.0022979398592450416,2.1687382641556742e-17,0.00023244325498160482,TATUAPE
180587024,433999273,0,67.26599999999999,0,4,21.77107384012198,0.04592250202599274,0.034982879078694816,-5.418648949414746e-18,0.00019672799355607671,TATUAPE
180587024,461142004,0,104.57600000000001,0,5,21.949684164670007,0.045548818608528246,0.0015230198336532309,1.691191856978485e-17,0.00023149711606503497,TATUAPE
180587024,2251528988,0,13.656,0,4,21.318013504683076,0.04689846839206711,0.03664040946896993,2.7831410019548047e-17,0.00020390995304246987,TATUAPE
180588077,433999446,0,120.38300000000001,0,6,22.309518623393597,0.04481415307108755,0.012540089571337173,-4.246913966500745e-17,0.00028491758326910634,TATUAPE
180588077,433999531,0,120.829,0,6,22.804617730341974,0.04384121647436387,0.00033904030710172744,1.4611830558095322e-17,0.00028463019215634755,TATUAPE
180588077,433999533,0,72.374,0,5,22.770420387715095,0.043907058609705465,0.0009350223928342931,-1.4211456178865075e-17,0.0002419196989409083,TATUAPE
180588077,2108104636,0,114.40599999999999,0,5,22.291875408407755,0.04484962185612945,0.01292130518234165,-4.821785589104665e-18,0.00024234295240438598,TATUAPE
180588150,180590729,0,62.977,0,4,20.123066869962972,0.04968339016074038,0.1357347664747281,6.066587788288754e-16,0.0002132405816220596,TATUAPE
180588150,180589045,0,18.869,0,4,19.587889348725767,0.05104083266613291,0.13059767114523352,1.896570118808993e-15,0.0002128738679335552,TATUAPE
180588150,7949876303,0,26.521,0,4,19.72620344151601,0.05068294999061427,0.03144772872680742,1.1831755683384523e-15,0.00021448085154786978,TATUAPE
180588782,433999245,0,80.161,0,5,23.56937486386408,0.04241869749646511,0.0012042482405630198,5.3419986201144085e-17,0.00023067807600931267,TATUAPE
180588782,433999238,0,53.606,0,5,23.77303419734263,0.042055304099246855,0.004520127959053103,6.801770514534021e-17,0.00023096170212291798,TATUAPE
180588782,1430972434,0,103.312,0,5,23.647353517752123,0.04227881914060701,0.0014564811260396673,8.234853704729383e-17,0.00022891843095592458,TATUAPE
180588782,1430972454,0,48.609,0,5,23.123720322369856,0.043236216689744825,0.004913832373640435,5.79769937136011e-17,0.00022622901420981734,TATUAPE
180588785,619212634,0,29.701,0,4,23.63188847745589,0.042306486994672515,0.05148539987204095,-8.898111590428796e-20,0.00020721617798414682,TATUAPE
180588785,433999404,0,37.568,0,4,23.943149640601177,0.04175650227886794,0.05058231605886116,2.3046755201223323e-18,0.000210144357213582,TATUAPE
180588785,433999245,0,155.877,0,4,23.32171640165541,0.04286915102269543,0.0013876903390914908,9.274168697548719e-18,0.00019990902303266883,TATUAPE
180589045,2371443916,0,7.954,0,4,19.794162491831845,0.05050894085281981,0.0514653358925144,1.758728414019499e-15,0.00020749391714564827,TATUAPE
180590649,2251528997,0,58.452,0,4,20.97625789588325,0.04766256152520197,0.04100217530390275,1.993164488773248e-16,0.00021419836339326207,TATUAPE
180590649,4497081897,0,196.524,0,4,20.893922892615986,0.047850381552062046,0.0005544209852847089,2.267671402004606e-16,0.00021452581126184836,TATUAPE
180590649,7949876303,0,24.961,0,4,20.091701154432585,0.0497609522880281,0.04193146513115803,8.597806666851909e-16,0.00021494221682343917,TATUAPE
180590650,180591371,0,86.571,0,5,21.884121106512744,0.04568527918781726,0.0002616506717850288,4.506273098028333e-17,0.0002478701342056965,TATUAPE
180590650,2251529005,0,171.057,0,5,22.684600304944457,0.0440731672187815,1.310300703774792e-05,1.6815032105769623e-18,0.0002469926180343824,TATUAPE
180590650,2251528990,0,73.129,0,5,22.72816379873666,0.04398869136039101,0.04015232245681382,-6.102990265722668e-19,0.0002469541351722962,TATUAPE
180590650,2251528995,0,72.051,0,5,22.321934219124373,0.04478922716627635,0.04026390275111964,5.981709089679866e-18,0.0002475103142148308,TATUAPE
180590652,2251528992,0,130.91,0,4,24.42866477891527,0.040926599614808476,0.0003674984005118362,-2.277885551182455e-17,0.00020330069895312206,TATUAPE
180590652,4497081888,0,120.714,0,4,24.198867349161404,0.04131524703637362,0.038669840051183624,-6.644784936673446e-17,0.00019390751576903138,TATUAPE
180590652,2251528986,0,72.945,0,4,23.86909170115443,0.04188605896900067,0.03934382597568778,-1.652301820393336e-17,0.00020609918395414018,TATUAPE
180590654,180590655,0,22.135,0,6,25.221520365933348,0.03964004421721708,0.037613000639795266,-1.8786667761586172e-16,0.00025117993872869545,TATUAPE
180590654,3473791768,0,18.118000000000002,0,6,24.9960792855587,0.03999756006169558,0.0002161996161228407,-2.1973200107688027e-16,0.0002503948243378609,TATUAPE
180590654,4497081888,0,14.822,0,5,24.755390982356786,0.04038644282546722,0.03815472808701215,-1.548757591988005e-16,0.00021867139225262988,TATUAPE
180590655,180592519,0,81.521,0,5,25.603354389021998,0.039048874898974864,0.04319713371721049,-1.5928600722884033e-16,0.00021641128802794954,TATUAPE
180590655,3473791768,0,29.720999999999997,0,6,24.91810063167066,0.0401227283455275,0.00025919385796545103,-2.0679182892216258e-16,0.0002499567932984741,TATUAPE
180590729,2251528988,0,62.224,0,4,20.815726421258987,0.0480301365562706,0.03659147792706334,1.3368530487684993e-16,0.0002112709916962362,TATUAPE
180590729,180591371,0,215.669,0,4,20.946852537573513,0.04772947060842077,0.09964345489443378,1.5659333633682914e-16,0.00020983417012197656,TATUAPE
180591371,13664776698,0,14.799,0,4,21.830102374210412,0.0457983277124783,0.09913059500959692,5.992301389175268e-17,0.00021058929999541318,TATUAPE
180591372,2251528971,0,102.698,0,4,22.778479634066652,0.043891523867809056,7.329494561740244e-05,-1.3890614546147246e-17,0.00021410488582097702,TATUAPE
180591372,13664776697,0,29.182000000000002,0,4,22.87475495534742,0.04370679312117923,0.09929724888035829,8.065954006141476e-18,0.00021370177721274377,TATUAPE
180591372,2251528982,0,59.831,0,4,23.145719886734916,0.043195121492160884,0.09903375559820857,-3.7259910947399876e-17,0.0002077062190856608,TATUAPE
180591374,461141288,0,51.147999999999996,0,6,23.72642125898497,0.04213792596944771,0.0017881509916826616,-1.7582525355970844e-16,0.0002671730741584441,TATUAPE
180591374,3473791768,0,72.846,0,6,24.080592463515575,0.041518172114984535,0.00048153550863723607,-2.360751138681603e-16,0.0002549005358155793,TATUAPE
180591374,2251528982,0,204.00799999999998,0,5,23.451317795687213,0.04263223888914689,0.09887631477927063,-1.5499815725719854e-16,0.00023269047824668653,TATUAPE
180591374,180591375,0,76.263,0,5,24.03027662818558,0.04160510500983476,0.09772345489443378,-1.6640132183626662e-16,0.0002222021025052568,TATUAPE
180591375,180592519,0,30.625999999999998,0,4,24.835547810934436,0.04025609542185581,0.0003470249520153551,-1.13828975398295e-16,0.00018220967790164716,TATUAPE
180591375,3473791769,0,33.577,0,5,24.54084077543019,0.04073952443927681,0.09710515674984005,-1.2257181106492994e-16,0.00022319820068316483,TATUAPE
180591378,3473791759,0,6.158,0,6,25.19603572206491,0.03968013831856494,0.03706042226487524,-7.803443727969337e-17,0.00026247910738130055,TATUAPE
180591378,664053053,0,69.12899999999999,0,5,25.577434110215638,0.039088447192274285,0.03440481126039667,-7.325414684657324e-17,0.00022826299869101738,TATUAPE
180591378,180592519,0,30.29,0,5,25.227619255064255,0.03963046106026593,0.04326305822136916,-1.313384455112082e-16,0.00022069037919548968,TATUAPE
180591378,3473791769,0,17.068,0,6,24.858854280113267,0.040218353238059355,0.02398689699296225,-1.3441322656417203e-16,0.00026121014099601467,TATUAPE
180591584,4384439197,0,17.661,0,4,23.871269875844042,0.04188223700418822,0.0032657197696737044,-6.022926115987553e-17,0.0001955785813644639,TATUAPE
180591584,3473791769,0,46.376999999999995,0,5,24.41603136571553,0.040947775973736326,0.002430812539987204,-1.0593694083424242e-16,0.00022930333633934514,TATUAPE
180591584,7950952227,0,55.92,0,4,24.4994554563276,0.04080834303902131,0.0005902495201535508,-3.8231519291370746e-17,0.00019641599857378965,TATUAPE
180592180,461141288,0,184.809,0,5,23.605096928773687,0.042354504433843004,0.0008025591810620601,-7.273893111491216e-17,0.00023739857213640048,TATUAPE
180592180,5796009730,0,87.718,0,4,23.195600087126987,0.04310223399160493,0.03405492002559181,-3.606298293210017e-17,0.00019956511076402964,TATUAPE
181845556,462742755,0,96.51,0,4,21.069483772598563,0.04745166959578207,0.009093282149712093,3.17610164179566e-13,0.0002040595383891877,TATUAPE
181845943,181846622,0,75.41,0,5,21.946852537573513,0.045554695408801284,0.0027897120921305182,9.639971038796804e-14,0.00024096366273608998,TATUAPE
181845943,433730469,0,63.62,0,5,21.276192550642563,0.046990653057463735,0.0017967498400511836,6.416444399768861e-14,0.00024176036586580005,TATUAPE
181845943,2385906803,0,71.083,0,5,21.88978436070573,0.04567345964018468,0.002150735764555342,6.733611609990415e-14,0.0002387312090865663,TATUAPE
181845944,433730470,0,63.573,0,5,21.437813112611632,0.04663638857560887,0.002593781190019194,3.186489859273714e-14,0.00024234596017133674,TATUAPE
181845944,2385906803,0,33.323,0,5,21.67240252668264,0.046131580534282096,0.0019875623800383875,4.074060175353715e-14,0.00023922140035891097,TATUAPE
181845944,181846815,0,74.63499999999999,0,5,21.671095621868872,0.04613436256181402,0.0026590914907229685,4.8807187312699323e-14,0.0002417045125685189,TATUAPE
181845944,181845945,0,74.626,0,5,20.86386408189937,0.047919320151170314,0.0021267818298144592,5.69224725293709e-14,0.00024296882290390158,TATUAPE
181845945,462742755,0,98.718,0,4,20.659986930951863,0.048392198207696364,0.008890799744081893,1.0435704861458709e-13,0.00020502345759830466,TATUAPE
181846274,181846275,0,53.304,0,5,22.540187323023307,0.04435554009392938,0.0010056557901471528,1.2996004814770194e-12,0.00023582677258508116,TATUAPE
181846274,462742750,0,74.31099999999999,0,5,22.537355695926813,0.044361112990364264,0.001818042226487524,9.688976498042618e-13,0.0002355744739142284,TATUAPE
181846275,181846276,0,73.209,0,4,22.331300370289696,0.04477044175453313,0.0013205374280230327,2.1306579456188534e-12,0.00019738280532128515,TATUAPE
181846275,462742756,0,20.918,0,4,22.951644521890657,0.04356037239847776,0.0015426743442098528,7.947552988086606e-13,0.0002037456085144713,TATUAPE
181846276,462742757,0,22.228,0,4,22.31888477455892,0.04479534674916558,0.004562712731925784,2.0209672064056463e-12,0.00020205305475644054,TATUAPE
181846386,2385902756,0,21.739,0,4,23.10150294053583,0.04327779820665856,0.0019306461932181703,3.708833156453659e-13,0.00020688043172232857,TATUAPE
181846622,462742753,0,21.35,0,4,22.328468743193206,0.04477611940298507,0.003317108125399872,1.8870964577299535e-13,0.00020224159269731942,TATUAPE
181846622,181846815,0,104.583,0,4,22.18754084077543,0.04506052246645004,0.0005996673064619321,7.212318344720747e-14,0.00020095366759218192,TATUAPE
181846815,462742754,0,23.649,0,4,22.263559137442822,0.04490666457950143,0.001990838131797825,7.536640347705199e-14,0.00020331681111166415,TATUAPE
181849934,453661651,0,110.234,0,6,20.391417991722935,0.0490295565976265,0.0010584772872680743,3.2226355639835977e-12,0.0002512391625996761,TATUAPE
181855996,181855997,0,252.43599999999998,0,6,23.166194728817253,0.043156944601150854,0.0003132437619961612,7.735955570249205e-09,0.0002510367441726739,TATUAPE
181856823,461992684,0,16.668,0,5,23.46765410585929,0.042602561722665674,0.01999355086372361,3.3210189604254296e-10,0.0002478219147298028,TATUAPE
181856823,461992627,0,34.104,0,4,23.640601176214332,0.042290895019072364,0.004625770953294946,3.8504645738033785e-10,0.00019806670827849846,TATUAPE
185624200,6724921726,0,42.525,0,4,23.592027880636028,0.04237796715015096,0.07360040946896992,1.2160337735134498e-16,0.00020592114072401108,TATUAPE
185624200,6724921714,0,80.24199999999999,0,4,23.291875408407755,0.04292407395284898,0.005852130518234165,3.1753554223092255e-16,0.00020276502032482064,TATUAPE
185624813,1430953343,0,56.366,0,4,22.7625789588325,0.043922184052132475,0.010854408189379399,3.411014584795999e-16,0.0002053306120290206,TATUAPE
185624813,6724921704,0,114.01800000000001,0,4,22.537355695926813,0.044361112990364264,0.006318106206014075,1.5292925368668024e-15,0.00021044058675028188,TATUAPE
185624813,6724921714,0,78.486,0,4,22.92877368764975,0.043603822696787184,0.005894305822136916,5.68696203406261e-16,0.0002056115707834361,TATUAPE
185624816,2371416398,0,101.142,0,4,22.93116967980832,0.04359926669642942,0.016702648752399234,2.8613173073447265e-16,0.00021631039600125983,TATUAPE
185624816,185625184,0,141.511,0,4,23.36440862557177,0.04279081908526467,0.002070684580934101,7.780337862580759e-17,0.0002142616641485829,TATUAPE
185625184,1430953343,0,13.656,0,4,23.241777390546723,0.04301659747148628,0.003170722968650032,5.63541254954186e-17,0.00020759248552520374,TATUAPE
185625184,1430953341,0,59.286,0,4,23.66608582008277,0.04224535439158406,0.001228816378758797,1.2253523989674275e-16,0.00021445298800851518,TATUAPE
185625720,1430953341,0,58.461,0,4,23.524286647789154,0.0425,0.0006500319897632757,3.9569912595214437e-16,0.0002161079423288231,TATUAPE
185625720,1430953336,0,95.01,0,4,23.513831409279025,0.04251889728768341,0.0022803326935380676,4.373164968783345e-16,0.0002165529448971082,TATUAPE
185625720,6724921704,0,63.222,0,4,22.794380309300806,0.04386090645873348,0.003354779270633397,1.5157435859126091e-15,0.00021435741456677287,TATUAPE
185632564,1430972461,0,24.215,0,4,21.951208886952735,0.04554565480561234,0.006761765834932821,7.673771798394378e-17,0.00021690885066889918,TATUAPE
185632564,185632568,0,146.278,0,4,21.01524722282727,0.04757413376727024,0.007265207933461293,5.3467715229773804e-17,0.00021686819219526204,TATUAPE
185632564,1430972433,0,40.28,0,4,21.998475277717272,0.04544779444526957,0.0007018298144593729,7.37193647822021e-17,0.00021734699847566666,TATUAPE
185632568,433999470,0,467.90799999999996,0,4,20.460683946852537,0.048863575876936176,0.009457709532949455,5.700613830271189e-17,0.0002122271307791719,TATUAPE
185636100,433999841,0,25.995,0,4,23.040296231757786,0.04339276598158407,0.003025361484325016,7.64383313076635e-17,0.00021610330371045423,TATUAPE
185636100,1430972461,0,233.92399999999998,0,4,22.63559137442823,0.04416859122401848,0.00672511836212412,7.282979109167689e-17,0.00021550244176142482,TATUAPE
185636100,185636103,0,93.766,0,4,22.444565454149423,0.04454451054414177,0.009921842610364683,5.435879668075589e-17,0.00021055784816385615,TATUAPE
185636103,1430972489,0,121.767,0,4,22.345458505772164,0.044742075096502514,0.0012101855406269995,2.8205377461704064e-17,0.0002087275136685385,TATUAPE
185636103,185636104,0,37.147,0,5,21.535395338706163,0.046425067513578576,0.009919795265515036,1.3849110904233567e-17,0.0002468233746721715,TATUAPE
185636104,1430972483,0,74.377,0,5,21.54737529949902,0.04639925599450083,0.010007831094049903,-1.2831933720822057e-17,0.00025725502860668453,TATUAPE
185636104,433999470,0,382.70300000000003,0,5,20.736005227619255,0.04821479217218668,0.0014853486884197056,4.6788283101424e-17,0.000247454393642807,TATUAPE
185636104,1430972459,0,486.817,0,6,21.36005227619255,0.04680616740088106,0.001639104286628279,-3.510062100732746e-17,0.00027873300210091805,TATUAPE
185636106,5338760553,0,211.94899999999998,0,4,22.57547375299499,0.04428621048975338,0.0031459500959692896,-2.130902200366571e-17,0.00023162452024401122,TATUAPE
185636106,185636109,0,160.24800000000002,0,4,22.429753866260075,0.044573925710123814,0.008689136276391554,1.1818525723159176e-17,0.00022450313987588375,TATUAPE
185636106,1430972483,0,28.194000000000003,0,4,22.235025049008932,0.04496429306139242,0.010973358925143954,-1.826720589067632e-17,0.0002267363897565156,TATUAPE
185636109,433999814,0,167.615,0,4,22.406883032019167,0.04461942257217848,0.0004366986564299424,3.3265548741675197e-17,0.00021986336165441447,TATUAPE
185636109,185636110,0,59.136,0,4,22.441516009583967,0.04455056343359637,0.008760383877159309,1.2315022260301887e-16,0.00022032794560122908,TATUAPE
185636110,185636111,0,57.400999999999996,0,4,22.82770638205184,0.043796874105456005,0.009061548304542547,3.733144790210013e-16,0.0002203915982461088,TATUAPE
185636110,433999807,0,166.003,0,4,22.385101285123067,0.04466283935000487,0.0006006909788867562,1.979567433071919e-16,0.00021770288498045178,TATUAPE
185636111,3900420902,0,108.462,0,4,22.639076453931605,0.04416179187192118,0.0010736276391554703,8.481540287207429e-16,0.00021765176143645693,TATUAPE
185636111,2152355418,0,23.939,0,4,22.431278588542803,0.044570895884717715,0.00967022392834293,1.0771193142155036e-15,0.00022486643393199315,TATUAPE
185636112,2615683790,0,9.231,0,6,20.61250272271836,0.04850367740299265,0.04069568777991043,1.5053564923605563e-14,0.00025992897967094185,TATUAPE
185636112,3900420901,0,81.578,0,5,21.042474406447397,0.047512576858580215,0.04143866922584773,8.130046281477584e-15,0.00023442128112139137,TATUAPE
185636112,2615683787,0,12.776,0,5,20.46307993901111,0.048857854512166565,0.006563992322456814,1.7024202145472316e-14,0.00022033340204695266,TATUAPE
185636112,2615683791,0,9.224,0,5,21.059028534088434,0.047475228067272085,0.006327728726807422,9.863049924525793e-15,0.000230226215804469,TATUAPE
185636114,2615683787,0,28.633,0,5,19.841428882596386,0.05038861810038203,0.007001509916826615,4.4722854474043597e-14,0.0002100000812198019,TATUAPE
185638307,1658806919,0,71.05,0,5,18.64887824003485,0.053610848312835066,0.03402165067178503,3.3747841658059436e-14,0.00022152321745295907,TATUAPE
185638905,3900420901,0,163.30300000000003,0,4,21.819647135700283,0.0458202727254577,0.041561100447856686,2.2471143946793465e-15,0.00020911337134776078,TATUAPE
185638905,185639370,0,89.69500000000001,0,4,21.646046612938356,0.04618774968050957,0.04346943058221369,1.497987068836626e-15,0.00021816125314734524,TATUAPE
185638905,3900420902,0,105.383,0,4,22.180135046830756,0.045075567863771614,0.0015342802303262956,1.2040813027319438e-15,0.00021439655383901181,TATUAPE
185639370,7936521828,0,39.839,2,4,21.27532128076672,0.04699257742513437,0.014315854126679463,3.936574019855748e-15,0.00023587296343346276,TATUAPE
185639370,433999311,0,52.26,1,5,21.83445872358963,0.04578919015981325,0.05675690339091491,1.1933054637150912e-15,0.00026881477253411885,TATUAPE
287062877,462747788,0,34.164,0,4,25.052711827488565,0.0399071441612979,0.0010871401151631478,9.796962216872698e-15,0.00024015043662522763,TATUAPE
287062877,1424087276,0,27.019,0,4,25.104116750163364,0.039825427537677975,0.006462034548944338,3.7838178572192835e-14,0.0002325355058333558,TATUAPE
287062877,462747789,0,38.735,0,4,25.052058375081682,0.03990818509051072,0.004940243122200896,1.0134638447745822e-14,0.00023916717350193042,TATUAPE
297501983,2108104561,0,63.609,0,4,19.50010890873448,0.05127059480592013,0.014947460012795906,2.03316519956938e-17,0.000234324193821148,TATUAPE
297501983,297501985,0,38.397,0,4,19.14659115661076,0.05221724192851129,0.02864808701215611,2.3612385101807676e-17,0.0002223324746606663,TATUAPE
297501983,2350165221,0,168.952,0,4,19.13962099760401,0.05223625810856948,0.014266308381317977,1.4991340681845893e-17,0.0002244163314760781,TATUAPE
297501985,7953194549,0,15.226,0,4,19.214550206926596,0.052032557190468634,0.08488803582853487,4.111272970668599e-17,0.00021360875552492892,TATUAPE
297501985,6133077139,0,418.097,0,4,19.56044434763668,0.05111244738424534,0.10131449776071658,2.3920428211576297e-17,0.00021726538044815466,TATUAPE
408498311,1424087305,0,16.616,0,4,23.668917447179265,0.04224030037546934,0.009393218170185541,1.7580760279465727e-12,0.00020511057463929827,TATUAPE
408498311,3325705335,0,62.46900000000001,0,4,23.798083206273144,0.04201103819434911,0.0025401407549584133,1.855624965693489e-12,0.00020705404050203573,TATUAPE
433729095,2357332775,0,23.371,0,4,24.002395992158572,0.04165343255138618,0.018762277671145234,3.1562629250996866e-08,0.00019952699202571656,TATUAPE
433729095,6951275361,0,73.423,0,4,24.25658897843607,0.041216932167166535,0.0058140499040307105,8.820429503117055e-08,0.00020816381156516282,TATUAPE
433729095,2385884578,0,145.974,0,4,24.55630581572642,0.04071386755131366,0.012855073576455534,2.8133859422124733e-08,0.00021046801760498383,TATUAPE
433729099,6955084864,0,93.127,0,5,25.65062077978654,0.03897691954960004,0.00997486884197057,5.253671670507777e-06,0.00023090581206185168,TATUAPE
433729099,433729104,0,226.439,0,5,25.660858200827708,0.03896136967464285,0.0034497760716570695,4.933374637562699e-06,0.00023623277899499488,TATUAPE
433729099,6951275347,0,116.779,0,6,24.85166630363755,0.040229985801181485,0.007715623800383877,3.091039466954952e-06,0.00026587263543969734,TATUAPE
433729104,3901480692,0,35.632000000000005,0,4,26.449575255935525,0.03779955529934942,0.0010930774152271272,1.0855184709974026e-05,0.00020963952701307258,TATUAPE
433729104,433729106,0,141.756,0,4,26.152472228272707,0.038228974064264655,0.002166090850927703,5.79678382416794e-06,0.0002090680687245158,TATUAPE
433729106,6958768870,0,57.348,0,4,26.591374428229145,0.03759798822093528,0.0063828023032629555,1.0151450494243504e-05,0.00021541518967451361,TATUAPE
433729106,6958790718,0,135.79899999999998,0,4,26.22369854062296,0.03812514016595649,0.00794595009596929,6.951891617141744e-06,0.00021376292830869016,TATUAPE
433729153,433729531,0,54.94799999999999,0,5,28.145066434328033,0.03552246660578575,0.006627460012795905,0.0003246668831810926,0.0002387019830698766,TATUAPE
433729161,433729560,0,92.798,0,5,27.260727510346328,0.03667481662591687,0.0021032373640435063,2.416402492068488e-05,0.00023510800566455957,TATUAPE
433729172,433729395,0,88.726,0,4,26.503811805706817,0.03772220350265863,0.007245348688419705,5.936238241951551e-06,0.00019700752618557977,TATUAPE
433729226,459154207,0,30.138,0,4,25.592899150511872,0.039064827187077114,0.02794052463211772,4.733341876468222e-08,0.00022622162556878902,TATUAPE
433729253,459158988,0,65.529,0,4,25.309300805924636,0.03950256035113387,0.0062681509916826614,3.646546627540736e-08,0.00021047374831447243,TATUAPE
433729253,445166490,0,76.317,0,4,24.8536266608582,0.0402268126166709,0.012665079974408189,2.4699413548956095e-08,0.0002069095466822611,TATUAPE
433729356,433729531,0,199.128,0,5,27.97647571335221,0.03573653067580193,0.0007227127319257838,0.0003191231574273804,0.00024187666027841937,TATUAPE
433729361,433729504,0,176.963,0,5,27.66129383576563,0.03614372445725355,0.0001709532949456174,0.00012195563586665625,0.00024130861889272838,TATUAPE
433729395,2385865448,0,22.211,0,4,26.714223480723152,0.03742508867055322,0.008582469609724887,5.5060098256622695e-06,0.0002006074954680931,TATUAPE
433729395,433729560,0,127.09200000000001,0,5,26.987802221738182,0.037045705845796244,0.0013463339731285989,2.1111209089457575e-05,0.00023575259847707664,TATUAPE
433729465,6958243841,0,16.303,0,5,27.156610760182968,0.036815425583111426,0.0017318490083173385,4.503623382449854e-05,0.0002329515926741196,TATUAPE
433729465,3901480692,0,56.762,0,5,27.203659333478544,0.03675175351503699,0.00038715291106845807,4.161646969787928e-05,0.0002456443301041131,TATUAPE
433729465,433729504,0,141.305,0,6,27.591374428229145,0.0362353164077302,0.0009681893793985925,9.844430908009467e-05,0.00027568065827999425,TATUAPE
433729465,433729470,0,84.739,0,5,27.809191897190153,0.03595150072059653,0.00010154830454254638,7.255547306333151e-05,0.00023126543599284385,TATUAPE
433729470,433729531,0,140.84,0,5,27.87083424090612,0.035871986245164314,0.0009710556621880998,0.00017074391946554317,0.00023141457771911668,TATUAPE
433729470,433729560,0,94.13300000000001,0,5,27.431932040949683,0.036445926631729395,0.001356980166346769,5.585071328036934e-05,0.00023050943049758864,TATUAPE
433729504,6958768871,0,33.034,0,5,28.106730559790897,0.03557091709418931,0.005996263595649392,8.079257591939816e-05,0.00025002505122027115,TATUAPE
433729504,433729531,0,84.896,0,6,27.887170551078196,0.03585097242833711,0.005230351887396033,0.0001966327554823057,0.00027586807600223757,TATUAPE
433729560,6958243841,0,119.55199999999999,0,5,27.012197778261818,0.03701224871586043,0.0015547536788227767,2.8331474041535955e-05,0.00023219558717886432,TATUAPE
433730469,2385906802,0,70.693,0,4,21.5262470050098,0.04644479747437441,9.028790786948177e-05,2.297338094430968e-14,0.00020290282639462399,TATUAPE
433730469,433999226,0,163.238,0,4,20.752559355260292,0.0481763316714773,0.0017169033909149073,2.2711758147555234e-14,0.00020471484387265165,TATUAPE
433730470,433999226,0,59.682,0,4,20.932258767153126,0.0477627471383975,0.0033535508637236085,1.700648653102179e-14,0.0002048056199418192,TATUAPE
433730470,2385906802,0,33.512,0,4,21.648006970159006,0.04618356710200632,0.0006035572616762636,1.7269878764403644e-14,0.00020299360246379147,TATUAPE
433730471,6952529186,0,58.242000000000004,0,5,22.780657808756263,0.04388732717572141,0.020155905310300704,4.664216694462689e-10,0.000224712352126999,TATUAPE
433730471,433730480,0,266.412,0,4,22.81071661947288,0.04382949467170849,0.00034436340371081254,7.720193029309781e-10,0.00019143392611049577,TATUAPE
433730472,459149303,0,95.673,0,4,24.40514049226748,0.04096604905215808,0.014568905950095969,1.1752196511326848e-09,0.0001996160498231202,TATUAPE
433730472,433730473,0,116.43299999999999,0,4,24.082988455674144,0.04151404151404151,7.616122840690979e-05,5.326015562713414e-10,0.00020260709734897648,TATUAPE
433730472,459144313,0,54.949999999999996,0,4,24.31256806795905,0.0411220311954058,0.01448639795265515,4.5922274865498053e-10,0.0002004738266022928,TATUAPE
433730473,459144325,0,55.132,0,4,23.675669788717055,0.04222825336952022,0.006744977607165707,3.9820150804598074e-10,0.00019903955765204794,TATUAPE
433730473,459149302,0,96.821,0,4,23.777608364190808,0.04204721379954746,0.006675572616762636,9.894246271771502e-10,0.00019872980627558913,TATUAPE
433730474,433730475,0,70.588,0,4,23.975168808538445,0.041700735895339326,0.015011337172104925,7.996656749839424e-12,0.00020763874201571803,TATUAPE
433730474,433730477,0,117.19500000000001,0,4,24.13570028316271,0.04142337577950851,4.094689699296225e-07,7.121427123569699e-12,0.00020799880768067536,TATUAPE
433730474,453454520,0,39.881,0,4,23.688303201916792,0.04220573225566191,0.015065182341650671,1.609767554932512e-11,0.00020424366536063682,TATUAPE
433730475,433730476,0,49.383,0,4,23.3273796558484,0.04285874355718234,0.01568266154830454,1.519479835743962e-11,0.0002014490683657875,TATUAPE
433730475,433730478,0,116.607,0,4,23.646264430407317,0.042280766396462784,0.0006780806142034549,6.9604092575956205e-12,0.00020681062903099497,TATUAPE
433730476,433730479,0,116.691,0,4,22.701590067523416,0.044040183068996284,0.004650748560460652,1.8452257633257727e-11,0.0001949817737435787,TATUAPE
433730477,453454581,0,40.333,0,4,23.340230886517098,0.04283514535019364,0.023279744081893795,1.0228615777420516e-11,0.00020320167868562194,TATUAPE
433730477,433730478,0,70.08699999999999,0,4,23.64887824003485,0.04227609328371956,0.023226308381317978,6.085177954995829e-12,0.0002071706946959523,TATUAPE
433730478,433730479,0,51.641,0,4,22.91156610760183,0.0436365710591613,0.022542699936020472,1.021786897003246e-11,0.00020034333440878616,TATUAPE
433730480,459135356,0,13.115,0,4,23.360270093661512,0.0427983999552435,0.030216762635956494,7.216666202886761e-10,0.0002039279917562068,TATUAPE
433999236,433999413,0,89.788,0,5,24.5519494663472,0.0407210915736617,0.0003965706973768394,4.0571037283603445e-17,0.00022969470313269092,TATUAPE
433999236,433999238,0,51.507,0,5,24.380091483336965,0.04100813908817197,0.0024447344849648114,4.184257922314778e-17,0.00023199130967084422,TATUAPE
433999236,7950245243,0,187.322,0,5,25.12698758440427,0.03978917803706722,0.00030607805502239283,-2.0544730837972776e-18,0.00023022219505133091,TATUAPE
433999238,7949647730,0,116.944,0,4,24.576998475277716,0.040679588418281884,0.003038259756877799,5.21801598799868e-17,0.0002003484262790207,TATUAPE
433999245,433999433,0,121.331,0,5,22.740361576998474,0.04396509611976897,0.0003531669865642994,-2.0468129937871926e-18,0.0002309869885265966,TATUAPE
433999253,433999283,0,153.502,0,5,21.12742321934219,0.04732153903253743,0.0002686116442738324,1.891133391095819e-16,0.00023800357792457834,TATUAPE
433999253,2371443916,0,95.47200000000001,0,5,20.496406011762144,0.048778414223317995,0.04939301343570057,4.9101453750382e-16,0.00023971129576796604,TATUAPE
433999253,1430972449,0,97.054,0,5,21.271182748856457,0.04700172032440403,0.044730185540627,1.8101076438748655e-16,0.00023349914380311457,TATUAPE
433999253,13664807119,0,69.122,0,5,21.156610760182968,0.04725625450427262,0.004200742162507997,1.7217510799576384e-16,0.0002301356432968011,TATUAPE
433999273,619212635,0,67.253,0,4,22.16183837943803,0.045112781954887216,0.03465694177863084,-8.290522362262525e-18,0.00019760517573958435,TATUAPE
433999273,433999433,0,98.905,0,5,22.416902635591374,0.044599479186909714,0.0002819193857965451,-2.5571904154710818e-17,0.00023279489489573914,TATUAPE
433999276,433999564,0,72.141,0,4,22.925288608146374,0.0436104513064133,0.019587152911068457,9.896119528510482e-18,0.0002026382760313018,TATUAPE
433999276,2108104636,0,64.30000000000001,0,4,22.360705728599434,0.04471156656081358,0.0331642226487524,1.9848194954507325e-17,0.00020358354879012372,TATUAPE
433999283,433999286,0,225.614,0,4,21.535830973644085,0.04642412840974603,0.005644939219449776,9.863263961986098e-17,0.00019981172649792566,TATUAPE
433999286,7950827743,0,120.54299999999999,0,5,22.26726203441516,0.044899196901075036,0.000443659628918746,1.0415054650726224e-16,0.0002381452229928,TATUAPE
433999289,433999675,0,106.498,0,4,22.04508821607493,0.045351697971524274,0.003436468330134357,4.5042454958274e-15,0.00021443191293836836,TATUAPE
433999289,2371416398,0,74.686,0,4,22.483772598562403,0.0444668339420478,0.01607247600767754,1.1523044227053064e-15,0.00021653873730721225,TATUAPE
433999311,3900420895,0,25.434,0,5,22.224351993029842,0.044985886780617844,0.0573277031349968,4.1415354808728213e-16,0.0002736186437284075,TATUAPE
433999311,433999807,0,151.788,0,5,22.268133304291005,0.0448974401612004,0.000940550223928343,4.257319325085442e-16,0.00026568936460992883,TATUAPE
433999311,5124764851,0,16.911,0,3,22.544108037464603,0.04434782608695652,0.0006397952655150352,3.6991016041033685e-16,0.00017030000739688884,TATUAPE
433999317,3900420895,0,38.493,0,4,22.297103027662818,0.04483910673465799,0.057549635316698655,1.3901200379814233e-16,0.00022455333636023405,TATUAPE
433999317,433999319,0,138.085,0,4,22.000435634937922,0.045443744802186055,0.05851639155470249,1.1101103691430592e-17,0.00021177562617869032,TATUAPE
433999317,433999814,0,157.924,0,4,22.658026573731213,0.04412485700277823,0.0008371593090211132,6.116097685059965e-17,0.00021860749444110113,TATUAPE
433999319,433999320,0,25.115,0,4,21.864735351775213,0.045725784760064156,0.05896701215611004,-4.4187623930885337e-17,0.00020694024858259106,TATUAPE
433999319,433999759,0,120.2,0,5,22.0474842082335,0.04534676941315945,0.004453384516954574,-9.436539031902137e-17,0.00024009665828336296,TATUAPE
433999320,1430972459,0,94.68799999999999,0,5,21.847309954258332,0.045762255610612056,0.05847749200255918,-2.8474638343436787e-17,0.00024112510985998886,TATUAPE
433999320,5338760553,0,181.939,0,4,22.358309736440862,0.044716358003643555,0.0038895457453614842,-1.0789540262297961e-17,0.00022230566870905434,TATUAPE
433999328,433999331,0,28.071,0,4,22.828577651927684,0.04379520256473866,0.06446740882917466,-3.256237829793182e-17,0.00020167089575796898,TATUAPE
433999328,1430972455,0,386.771,0,4,22.98475277717273,0.0434976261099476,0.0016997056941778631,-8.951434130804672e-18,0.00020503971490247366,TATUAPE
433999328,1430972459,0,73.311,0,5,22.109344369418427,0.04521989281210593,0.06319866922584773,-5.726696645276236e-17,0.00023676134599925187,TATUAPE
433999331,433999775,0,94.977,0,4,23.104334567632325,0.043272494154913646,0.00020473448496481126,-6.701388226507008e-17,0.00019821337137233683,TATUAPE
433999331,433999334,0,43.551,0,4,23.379655848399043,0.042762912722665275,0.0645638387715931,-4.2334176947122196e-17,0.00020285641106412703,TATUAPE
433999334,1430972490,0,406.334,0,4,23.407100849488128,0.04271277288716011,0.000370978886756238,-2.3963978820789592e-17,0.00020653959013775897,TATUAPE
433999335,3900420921,0,108.386,0,4,24.167501633631016,0.041368867899020306,0.004383774792066538,-9.209881719116985e-17,0.00021982993743841823,TATUAPE
433999341,433999555,0,209.346,0,4,22.575691570463952,0.044285783202277,0.006267741522712732,-1.9267425906731033e-17,0.00021151222153986888,TATUAPE
433999370,433999385,0,262.613,0,4,21.84012197778262,0.04577731679100012,0.0002636980166346769,1.802949795880719e-10,0.0001884593498695753,TATUAPE
433999397,619212629,0,69.993,0,4,26.121106512742323,0.038274878671136235,0.04928470889315419,-3.2500570326560346e-18,0.00019026813055456738,TATUAPE
433999397,1430953335,0,43.043,0,4,26.121759965149206,0.03827392120075047,0.04930948176583493,7.838017796970656e-18,0.0001949660570093415,TATUAPE
433999397,433999489,0,107.11900000000001,0,5,25.95708995861468,0.038516728343780685,6.797184900831733e-05,3.2374413562116114e-17,0.00022961419195187134,TATUAPE
433999399,619212629,0,55.526,0,5,26.04334567632324,0.03838916070756492,0.04942515674984005,-2.0239646364862874e-17,0.00022674929876409055,TATUAPE
433999399,7950245243,0,24.086,0,5,25.664996732737965,0.03895508707607699,0.0007378630838131798,-3.7371545439526786e-17,0.00022759602157751548,TATUAPE
433999399,1430972482,0,10.524,0,6,26.29557830538009,0.03802092393330186,0.04890902111324376,-4.4060445231879495e-17,0.0002694096561461347,TATUAPE
433999399,13628636362,0,14.694,0,5,26.200609888913093,0.03815873702062567,0.0005789891234804863,-5.691255318179702e-17,0.00022595778645761804,TATUAPE
433999401,433999560,0,107.714,0,4,25.321934219124373,0.039482852055430825,0.0005110172744721688,2.661518177189305e-18,0.00020877531104953267,TATUAPE
433999401,433999404,0,13.167,0,4,24.829013286865607,0.04026669006053162,0.04982029430582214,4.419750289160496e-18,0.00021361858282412918,TATUAPE
433999401,3900420943,0,64.289,0,4,25.606621651056415,0.03904389248043552,0.049345924504158666,-7.181053138496614e-18,0.00021629471686433473,TATUAPE
433999404,7949647729,0,87.278,0,4,24.832062731431062,0.04026174520192274,0.000901445937300064,4.058542653774704e-17,0.0002126128982680713,TATUAPE
433999406,1430972487,0,73.003,0,4,22.794162491831845,0.043861325586728846,0.0012466282789507358,-9.179212098214384e-18,0.0001997939910984837,TATUAPE
433999406,619212634,0,44.706,0,4,23.33870616423437,0.04283794377869862,0.050842738323736404,3.1598769489616987e-18,0.00020474924935235517,TATUAPE
433999413,4936202876,0,47.043,0,5,23.76737094314964,0.04206532497525569,0.0020786692258477285,8.98855645176169e-17,0.0002297536008171698,TATUAPE
433999413,1430972434,0,65.205,0,4,23.80570681768678,0.04199758445265893,0.0014341650671785028,6.801398384425234e-17,0.00018900464414652604,TATUAPE
433999433,461142004,0,67.806,0,6,22.094968416467,0.045249314852422166,0.0008478055022392835,-3.888515836500923e-18,0.0002663607712566081,TATUAPE
433999433,1430972487,0,67.671,0,5,22.502722718362012,0.04442938728099893,0.0008955086372360845,-2.5662902470540888e-17,0.00023349610558083626,TATUAPE
433999446,2061754864,0,361.8929999999999,0,5,21.842517969941188,0.04577229529612382,0.01198812539987204,-5.745412713167386e-17,0.0002485554400587214,TATUAPE
433999446,437498454,0,82.397,0,3,22.64909605750381,0.044142255390356024,0.0006397952655150352,-3.993870263374208e-17,0.00015818312188359995,TATUAPE
433999446,433999528,0,117.93700000000001,0,5,22.647571335221084,0.04414522721808127,0.00031365323096609087,-2.5521210827572844e-17,0.000253062763729101,TATUAPE
433999451,433999453,0,22.184,0,4,23.309082988455675,0.04289238590064666,0.022851644273832374,4.572889308978324e-18,0.0002051391337875383,TATUAPE
433999451,433999524,0,90.509,0,4,23.34088433892398,0.04283394613561283,0.00023257837492002558,-4.0605545926845994e-18,0.00020702179337627299,TATUAPE
433999453,433999500,0,164.86100000000002,0,5,22.589631888477456,0.04425845394324504,0.001257069737683941,6.166582669971308e-18,0.0002423094999614541,TATUAPE
433999453,433999455,0,34.155,0,4,23.451971248094097,0.04263105100865624,0.021932181701855406,5.442305461556899e-18,0.00020795652301741055,TATUAPE
433999455,433999507,0,67.949,0,4,24.37682422130255,0.04101363547009311,0.0012664875239923224,3.696416957867386e-19,0.0002120920080110991,TATUAPE
433999455,437498424,0,110.511,0,4,24.27815290786321,0.041180323162361726,0.020975047984644914,1.2062790243174437e-17,0.00021399764230571838,TATUAPE
433999458,1430982929,0,128.48499999999999,0,4,25.404051404922676,0.03935522592814885,0.022239283429302623,4.3748842226438274e-17,0.00020933719431880018,TATUAPE
433999458,3900420939,0,49.419,0,4,24.95208015682858,0.04006808956396491,0.0022137939859245043,2.5832816349474864e-17,0.0002176226287671004,TATUAPE
433999458,437498424,0,30.904000000000003,0,4,24.934654759311698,0.04009609084953047,0.022975918106206014,2.8266734234601245e-17,0.00021549349240626814,TATUAPE
433999463,5900170480,0,60.041,0,5,25.81616205619691,0.03872698739474528,0.0014968138195777352,4.2046752683154834e-17,0.0002505879753301568,TATUAPE
433999463,433999493,0,126.508,0,6,25.682422130254846,0.038928656240458666,0.03297781190019194,6.395926117559397e-17,0.00027682811142153754,TATUAPE
433999463,433999519,0,50.47,0,5,25.89631888477456,0.03860711582134747,0.016188969929622522,5.593336594926984e-17,0.0002508304180664119,TATUAPE
433999463,1430982929,0,72.431,0,5,25.704857329557832,0.03889467930955589,0.022597159309021113,5.681567463734646e-17,0.00024420843657541166,TATUAPE
433999465,433999560,0,112.989,0,5,25.59529514267044,0.0390611703032985,0.0007695969289827255,-6.7033443610486445e-18,0.00024008664818979045,TATUAPE
433999465,2097374841,0,62.751,0,6,25.837072533217164,0.03869564484310981,0.003093538067818298,9.885102427928038e-19,0.0002728223011092284,TATUAPE
433999465,13628636362,0,96.361,0,5,26.152254410803746,0.038229292466580606,0.002980729366602687,-4.042991490282319e-17,0.0002311618168116512,TATUAPE
433999465,5900170480,0,48.629,0,5,25.841211065127425,0.03868944764280958,0.002870991682661548,7.909600834908397e-19,0.0002465646622000201,TATUAPE
433999472,433999523,0,99.922,0,5,22.794598126769767,0.04386048733874821,0.0014040690978886757,-2.5108863116910457e-17,0.00024424102740078923,TATUAPE
433999472,2061754864,0,110.269,0,4,21.904160313657155,0.04564348362204411,0.02336081893793986,-4.240399454588658e-17,0.00020413515604027395,TATUAPE
433999472,437498451,0,84.35,0,4,22.285123066869964,0.04486321118941267,0.021914779270633396,-1.7584357289172623e-17,0.0002038603114050834,TATUAPE
433999489,2097374841,0,69.50800000000001,0,6,25.94336745807014,0.03853710140547076,0.0031105310300703773,4.276753779522174e-17,0.00026805607275542676,TATUAPE
433999489,433999493,0,105.738,0,6,25.732302330646917,0.03885319586581681,0.017337735124760077,5.962429004063734e-17,0.0002678733155546069,TATUAPE
433999489,3900420935,0,66.405,0,5,26.328468743193206,0.03797342687426576,0.019865387076135638,6.601440138335347e-17,0.00023370897099402206,TATUAPE
433999493,1430982923,0,75.969,0,5,25.393596166412546,0.039371429551731826,0.006602687140115163,5.915583059840373e-17,0.00023550502239317076,TATUAPE
433999493,3900420936,0,66.025,0,5,26.010237421041168,0.038438026010568366,0.010087063339731285,4.738714794042991e-17,0.00023557192177685278,TATUAPE
433999494,1430982923,0,22.72,0,4,24.923110433456763,0.04011466326405761,0.006203864363403711,5.1496875341763246e-17,0.0002040360454124823,TATUAPE
433999494,433999496,0,115.493,0,5,24.16532345894141,0.041372596738865904,0.005726628278950736,8.451881408381043e-17,0.00024483071763997476,TATUAPE
433999494,3900420937,0,62.784,0,4,25.05859289915051,0.03989777824136852,0.0009045169545745361,4.019235523670189e-17,0.0002194639299383682,TATUAPE
433999496,3900420939,0,95.777,0,5,24.18057068176868,0.04134650896741823,0.0021278055022392836,7.048282558004211e-17,0.00025157488984142024,TATUAPE
433999496,433999568,0,117.93299999999999,0,6,24.033543890219995,0.04159944896590476,0.003214331413947537,1.2812878233035464e-16,0.0002727623043777126,TATUAPE
433999496,433999498,0,88.596,0,5,23.39599215857112,0.042733053411661746,0.004137069737683941,7.32608177995268e-17,0.00023825097803740103,TATUAPE
433999498,1430982916,0,115.415,0,4,23.53191025920279,0.042486231313926044,0.00040987843889955214,1.597927430291722e-17,0.00019882714166776535,TATUAPE
433999498,433999500,0,88.83,0,5,22.572642125898497,0.04429176597736199,0.0038760332693538067,1.5910626956075322e-17,0.00023798762428591062,TATUAPE
433999500,433999539,0,112.394,0,5,22.602265301677196,0.04423371592124664,0.002038131797824696,-5.518189417559611e-18,0.00024119876542244074,TATUAPE
433999507,433999509,0,21.591,0,4,25.01895011979961,0.03996099667426999,0.002549558541266795,4.6254121869945075e-18,0.00020879495597934608,TATUAPE
433999507,433999527,0,65.859,0,4,25.09910694837726,0.03983337672481125,0.0013631222008957133,-7.698286437516521e-18,0.00021335333698166865,TATUAPE
433999509,433999510,0,77.467,0,5,25.139185362666087,0.039769871939279465,0.0024457581573896353,2.4197131452869536e-18,0.00024727810590230247,TATUAPE
433999509,2587848143,0,43.881,0,4,24.638858636462643,0.0405774552012518,0.0018896992962252079,5.743759200821561e-18,0.00020604285971639435,TATUAPE
433999510,433999522,0,70.733,0,5,25.50424744064474,0.03920061491160646,0.00548340371081254,1.0794438599302686e-18,0.00024984186083240985,TATUAPE
433999510,433999511,0,55.692,0,5,24.69614463079939,0.040483330393367434,0.0012791810620601408,-5.839770658855577e-18,0.0002506382378638603,TATUAPE
433999510,2587848144,0,61.533,0,5,24.695273360923547,0.04048475867908552,0.002065361484325016,3.623839969592894e-18,0.00024392841577362172,TATUAPE
433999511,437498453,0,33.465,0,2,24.734262687867567,0.04042094139403813,0.0006397952655150352,-1.5849734378326335e-19,0.00011767522729335542,TATUAPE
433999511,433999523,0,182.296,0,5,23.759529514267044,0.04207920792079208,0.0,-8.773812279957824e-18,0.00024912520887449224,TATUAPE
433999519,6721262863,0,7.496,0,2,26.333478544979307,0.03796620263530112,0.0006397952655150352,1.628670511308358e-17,0.00011982205797945581,TATUAPE
433999519,433999537,0,51.979,0,5,25.75386626007406,0.0388206637572313,0.016257760716570698,2.0971385157628934e-17,0.0002610559892061463,TATUAPE
433999520,2371409333,0,51.902,0,4,25.13134393378349,0.03978228085076878,0.007546308381317978,1.3601559193304829e-17,0.00022854434355214464,TATUAPE
433999520,433999537,0,129.079,0,5,25.14811587889349,0.0397557489931142,0.0033924504158669225,1.52226470684176e-17,0.00026279799928257373,TATUAPE
433999520,433999534,0,72.679,0,4,24.30385536920061,0.041136773048691955,0.005925834932821497,1.8288211291331158e-17,0.00021811021724972096,TATUAPE
433999521,433999522,0,38.242,0,4,25.5648006970159,0.03910776361529548,0.006101906589891235,6.016015836110269e-18,0.00021632147580185517,TATUAPE
433999521,2371409333,0,50.672,0,4,25.293617948159444,0.03952705321081956,0.006814177863083813,-3.540442154165874e-18,0.00022999278894631696,TATUAPE
433999521,437498452,0,142.117,0,4,25.26944020910477,0.03956487259938627,0.00035214331413947536,-1.4711676141939568e-18,0.00022014637413550757,TATUAPE
433999522,433999527,0,126.563,0,4,25.37312132433021,0.03940320032964769,0.0002600127959053103,1.822598594486969e-18,0.00021243714696024448,TATUAPE
433999523,433999525,0,72.607,0,5,23.266608582008278,0.04297068818633738,8.250799744081893e-05,-1.0242551184739718e-17,0.00024452182098591156,TATUAPE
433999523,2587848144,0,56.177,0,5,23.75909387932912,0.042079979464236604,0.0017132181701855406,-1.620332215818183e-18,0.00024241538678425366,TATUAPE
433999524,433999525,0,36.771,0,4,23.697451535613155,0.04218943885288846,0.0012183749200255919,-1.0989958776903695e-17,0.00020537593014213252,TATUAPE
433999524,2587848143,0,18.265,0,4,24.105859289915053,0.041474654377880185,0.0016767754318618043,-1.2972073260238208e-17,0.00020707203075169973,TATUAPE
433999525,437498451,0,57.645,0,4,22.738401219777828,0.043968886504713006,0.0010431222008957133,-2.0704288861745966e-18,0.00020413088522150906,TATUAPE
433999527,437498452,0,41.926,0,4,25.561751252450446,0.03911242906079043,0.001464465770953295,-2.3978001525438394e-18,0.00021626204529389683,TATUAPE
433999528,433999538,0,138.139,0,2,23.577216292746677,0.042404589673235224,0.0006397952655150352,4.936704030032194e-18,0.00011879018391382971,TATUAPE
433999528,433999531,0,153.05,0,5,23.100413853191025,0.043279838572802536,0.0009655278310940499,3.131583131138746e-17,0.0002528280166325576,TATUAPE
433999531,2061754865,0,30.393,0,5,23.576345022870836,0.04240615674572012,0.0012791810620601408,5.02604218637366e-17,0.00025718471110031495,TATUAPE
433999531,5338780033,0,82.08,0,5,23.24308429536049,0.04301417874780946,0.002678541266794626,5.412996829714995e-17,0.0002520264679130048,TATUAPE
433999533,433999534,0,64.334,0,4,23.397299063384885,0.04273066646806371,0.0011143698016634676,-1.2150909444396911e-18,0.00021019245457828636,TATUAPE
433999533,433999564,0,178.312,0,4,23.07340448703986,0.04333050127442651,0.0002876519513755598,-1.5214562538377876e-18,0.0002031118994056859,TATUAPE
433999534,5900170476,0,108.448,0,4,24.32171640165541,0.041106563616661145,0.0047490211132437616,-3.854378401510028e-18,0.0002200608715277417,TATUAPE
433999537,2371409330,0,92.97,0,3,25.846438684382488,0.03868162243702649,0.0006397952655150352,5.4701597770939875e-18,0.00016542457827636295,TATUAPE
433999537,433999561,0,59.818,0,5,25.464822478762798,0.039261305801948525,0.013417683941138835,1.479390770742525e-17,0.00025578179966896154,TATUAPE
433999539,1430982916,0,88.151,0,4,23.557612720540188,0.04243987684114171,0.0012028150991682661,-8.408461686460773e-18,0.00020183655064066826,TATUAPE
433999539,2371409327,0,54.929,0,4,23.46329775648007,0.042610471593018936,0.0013727447216890594,-1.378605117739851e-17,0.0002044737412860357,TATUAPE
433999540,433999574,0,91.778,0,4,23.37072533217164,0.04277925346008668,0.0007476903390914907,1.2373002878619472e-17,0.00020440019700439807,TATUAPE
433999540,433999541,0,105.41799999999999,0,4,22.427793509039425,0.0445778218052561,0.0011203071017274473,5.7400845893935505e-18,0.000200773304626714,TATUAPE
433999540,2371409327,0,52.528000000000006,0,4,23.356349379220212,0.04280558431021459,0.00136127959053103,-2.382289386199424e-18,0.00020651446351956315,TATUAPE
433999541,433999571,0,90.852,0,4,22.410150294053583,0.044612917334888466,0.000755060780550224,3.134829128366603e-17,0.00019508090383112847,TATUAPE
433999541,433999542,0,108.031,0,5,21.460466129383576,0.0465871606191322,0.0007614075495841331,1.0859899446595158e-17,0.00022937281472300812,TATUAPE
433999542,433999551,0,175.322,0,6,21.279895447614898,0.046982476252866036,0.002463774792066539,7.615061807103031e-18,0.00025687520797561876,TATUAPE
433999542,433999553,0,261.573,0,6,21.34480505336528,0.04683960242463824,0.0001615355086372361,-2.6937145927742725e-19,0.0002630251494199739,TATUAPE
433999544,433999844,0,102.47200000000001,0,4,22.593988237856678,0.04424992046582923,0.0036993474088291745,2.7826571435872973e-17,0.00022417974454034552,TATUAPE
433999544,433999545,0,266.31,0,4,22.531038989326944,0.04437354988399072,0.005098707613563659,-1.0880672130498692e-17,0.00022689722195842223,TATUAPE
433999544,4489631700,0,121.232,0,4,21.746024831191463,0.045975399655434915,0.0018237747920665387,5.370913605077091e-19,0.00023434509360057174,TATUAPE
433999545,8773249082,0,16.051,0,4,23.369418427357875,0.04278164583508095,0.0029324120281509916,-4.6643571878807606e-17,0.00022790751976071262,TATUAPE
433999545,4489631712,0,13.729,0,4,23.242430842953606,0.04301538807564711,0.002550172744721689,-2.841527864812517e-17,0.00022734194206816067,TATUAPE
433999546,433999600,0,159.862,0,4,24.697451535613155,0.04048118815374032,0.00016296865003198976,-7.820655386008353e-17,0.0002287836506761193,TATUAPE
433999546,1430982924,0,83.691,0,4,24.345894140710087,0.041065740972694414,0.005386564299424184,-9.105200668213148e-17,0.00022590632134215064,TATUAPE
433999546,461143197,0,79.41600000000001,0,4,24.58636462644304,0.040664091569509904,0.004781164427383237,-9.360432753396791e-17,0.00022999324493735404,TATUAPE
433999547,433999577,0,185.88299999999998,0,5,23.25462862121542,0.042992825162511,0.0033457709532949457,-1.9354462048790213e-16,0.00022583164821245546,TATUAPE
433999547,433999775,0,152.527,0,5,23.177303419734262,0.04313625983252981,0.0028228790786948175,-1.8951208993104147e-16,0.00022887224857370483,TATUAPE
433999547,433999548,0,94.736,0,6,23.050751470267915,0.04337308411921456,0.0012646449136276391,-2.701745181626039e-16,0.0002598657700922109,TATUAPE
433999548,433999578,0,187.91,0,5,22.79699411892834,0.04385587754751053,0.0011141650671785029,-2.283606083633226e-16,0.00022142255935536263,TATUAPE
433999548,433999549,0,91.84700000000001,0,6,22.565018514484862,0.04430672998957489,0.0009888675623800384,-2.7667638158304327e-16,0.0002577507399346454,TATUAPE
433999548,433999773,0,156.802,0,5,22.734262687867567,0.043976890575148746,0.0010027895073576455,-1.7499382441667396e-16,0.00022355192383024386,TATUAPE
433999549,433999771,0,160.485,0,5,22.595730777608363,0.044246507996182655,0.0043000383877159305,-1.6763252024375742e-16,0.00022512697949545152,TATUAPE
433999549,13625599956,0,92.087,0,6,22.64408625571771,0.0441520214700026,0.0012318873960332694,-2.1853535855060613e-16,0.00026709012120230887,TATUAPE
433999549,433999579,0,189.243,0,6,22.595512960139402,0.044246934526104724,0.004922431222008957,-2.41926885542182e-16,0.00026376624667816533,TATUAPE
433999551,433999553,0,89.10600000000001,0,6,22.016554127641037,0.04541047507865213,0.000572847088931542,4.983515892573359e-18,0.00025832381675355127,TATUAPE
433999551,433999572,0,105.551,0,6,22.01350468307558,0.04541676561386844,0.0023564939219449777,5.725974030962933e-17,0.00025458978758674246,TATUAPE
433999551,433999552,0,218.996,0,6,21.777608364190808,0.04590872265730489,0.0012032245681381957,-2.257455991494981e-17,0.0002608436687680409,TATUAPE
433999552,433999554,0,89.488,0,5,22.434545850577216,0.044564404788488984,0.008283557261676263,-4.888916193853671e-17,0.0002313680577644541,TATUAPE
433999552,8790482698,0,99.443,0,5,22.469178828142017,0.044495715227422544,0.008599667306461932,-3.196968212448832e-17,0.00023704735821177626,TATUAPE
433999553,1430982928,0,54.766,0,3,22.121759965149206,0.045194513642047636,0.0006397952655150352,-5.6566729715078966e-18,0.00014501622990018681,TATUAPE
433999553,433999554,0,219.561,0,5,21.8832498366369,0.045687098122747995,0.0006664107485604607,-2.5085440309773222e-17,0.0002289262557158097,TATUAPE
433999554,433999555,0,59.667,0,4,22.26726203441516,0.044899196901075036,0.009017735124760076,-3.8863423426874917e-17,0.00020079546558943574,TATUAPE
433999555,433999584,0,119.18299999999999,0,4,22.64430407318667,0.04415159676798769,0.013438157389635316,-3.25927912673642e-17,0.0002117854908360642,TATUAPE
433999556,8790482686,0,9.909,0,4,25.229143977346983,0.039628065994975266,0.0042769033909149075,2.9180097683840954e-17,0.00021603554995643732,TATUAPE
433999556,8790482697,0,4.640000000000001,0,4,24.412546286212155,0.04095362158496761,0.000269021113243762,3.167926669109699e-17,0.0002144559460372751,TATUAPE
433999556,13623982919,0,7.002,0,4,25.062731431060772,0.039891190043715184,0.00400808701215611,3.187771858906368e-17,0.00021590253855531072,TATUAPE
433999557,8790482706,0,8.326,0,4,27.50206926595513,0.036352980310782344,0.005349712092130518,-1.369604443452612e-17,0.00021749516218003237,TATUAPE
433999557,8790482710,0,6.416,0,4,27.097800043563495,0.03689532659196502,0.005403147792706334,1.0612505822897252e-17,0.00021729416303306663,TATUAPE
433999557,8790482715,0,4.565,0,4,27.51927684600305,0.03633024908778623,0.00026820217530390273,7.82090984723733e-18,0.00021756943409123104,TATUAPE
433999558,13626750983,0,10.753,0,4,27.68329340013069,0.036115001494956486,0.0005750991682661548,-1.4562340201414903e-17,0.00021414576032520818,TATUAPE
433999558,8790492622,0,19.119,0,4,27.96384230015247,0.035752675608730196,0.0005992578374920026,9.635377400777348e-18,0.00021653807350005235,TATUAPE
433999558,8790492628,0,6.443,0,4,28.328033108255283,0.03529303212511726,0.00026267434420985285,9.826398417011149e-18,0.0002168833597540792,TATUAPE
433999559,3900420935,0,63.652,0,4,26.94380309300806,0.03710620134358402,0.019830786948176582,4.59319327372847e-17,0.00020746267927436744,TATUAPE
433999559,8790492622,0,91.693,0,4,27.52559355260292,0.03632191184616602,0.003423365323096609,2.820426388567004e-17,0.00021590650709859486,TATUAPE
433999559,3793152578,0,46.747,0,4,27.098017861032456,0.03689503002242639,0.023416506717850286,1.2947517007556718e-17,0.00021832480580654605,TATUAPE
433999560,433999561,0,55.234,0,4,25.460683946852537,0.039267687569509796,0.0009282661548304542,1.7163216662567916e-17,0.0002047960702652168,TATUAPE
433999561,2097374838,0,82.35,0,4,24.985406229579613,0.04001464588346061,0.013704107485604607,3.492081641777924e-18,0.00020497008749409174,TATUAPE
433999563,433999564,0,58.019,0,5,23.466347201045522,0.04260493437540609,0.01927964171465131,-1.0221522329403484e-17,0.0002466963256568348,TATUAPE
433999563,2097374838,0,41.545,0,5,24.374646046612938,0.04101730054332285,0.01359150351887396,-2.243988690763269e-17,0.000247330938624198,TATUAPE
433999563,2097374840,0,67.44200000000001,0,5,24.09976040078414,0.04148515030458596,0.00098722968650032,-6.630822265219013e-19,0.00024749358304001264,TATUAPE
433999563,5900170476,0,70.235,0,5,24.39642779350904,0.04098067926145495,0.005722738323736405,-1.3266139238784563e-17,0.00025807352336887525,TATUAPE
433999566,3900420937,0,59.986,0,4,25.912655194946634,0.038582776446854115,0.0008709404990403071,1.4689792504010546e-17,0.00022267142680067339,TATUAPE
433999566,433999569,0,33.06,0,4,25.75887606186016,0.03881311358966336,0.00347147792706334,3.55733133794878e-17,0.00020391367587078676,TATUAPE
433999566,433999570,0,30.721,0,4,26.69178828142017,0.037456545510926864,0.004506410748560461,-5.964029419216267e-18,0.00021368549302901852,TATUAPE
433999567,1430982916,0,11.64,0,4,24.268568939228928,0.04119658579929454,0.001640332693538068,1.8631386307887427e-17,0.00019992066187735958,TATUAPE
433999567,2371409328,0,54.996,0,4,25.057721629274667,0.03989916550764951,0.0005814459373000639,2.7226366199851014e-17,0.00020107865617748826,TATUAPE
433999567,433999568,0,76.806,0,5,24.81681550860379,0.04028648164726947,0.0018886756238003838,8.441944718954142e-17,0.00023221996096636522,TATUAPE
433999568,433999569,0,81.652,0,5,24.809409714659115,0.04029850746268657,0.0036637236084452974,1.0560815599568212e-16,0.00022977868467115151,TATUAPE
433999568,433999575,0,108.14099999999999,0,6,23.871487693313004,0.04188185484606822,0.001863698016634677,1.5040197150673227e-16,0.000261324281711257,TATUAPE
433999569,433999576,0,108.137,0,5,24.84883467654106,0.04023457017382386,0.0005773512476007677,9.624523207246504e-17,0.0002305288581691626,TATUAPE
433999570,8790492623,0,47.486,0,4,26.699847527771727,0.03744523939663401,0.004877594369801663,-4.284226332158788e-17,0.00021446544746969877,TATUAPE
433999570,1237145797,0,108.22999999999999,0,4,25.806795905031585,0.03874104271643076,0.0005925015994881638,4.647814675154279e-18,0.0002080564948828113,TATUAPE
433999571,433999572,0,83.185,0,5,22.979742975386625,0.043507109004739336,0.001105361484325016,7.137448198438052e-17,0.00022643677312465864,TATUAPE
433999571,433999574,0,107.025,0,4,23.21738183402309,0.043061796962220074,2.0473448496481126e-06,3.049118504094783e-17,0.00019870779620881254,TATUAPE
433999572,433999573,0,84.89399999999999,0,5,22.97233718144195,0.043521134773291864,0.0022156365962891873,8.900562828090043e-17,0.000223936057358332,TATUAPE
433999572,433999575,0,107.905,0,6,22.95055543454585,0.04356243949661181,0.0017570313499680101,1.2705679525429266e-16,0.0002572042459234979,TATUAPE
433999573,433999576,0,106.344,0,5,23.927684600304943,0.041783490514510434,0.0009356365962891874,9.522874648261015e-17,0.00022863065550063902,TATUAPE
433999573,8790482693,0,121.49699999999999,0,4,23.951862339359618,0.04174131298709566,0.0033295969289827256,5.953547795592151e-17,0.0001983082953435747,TATUAPE
433999574,1237130777,0,8.589,0,4,24.15334349814855,0.04139311737969843,0.0010984005118362123,2.8563723629439143e-17,0.0001999009315600106,TATUAPE
433999575,433999576,0,83.253,0,6,23.902853408843388,0.041826896790537464,0.0023003966730646194,1.2893375628296312e-16,0.00026210326593032954,TATUAPE
433999575,1237130777,0,75.484,0,5,23.911130472663906,0.04181241801486664,0.0018970697376839412,9.637329326292444e-17,0.0002279042395461124,TATUAPE
433999576,1237145797,0,62.522,0,5,24.878022217381833,0.04018736593267084,0.0025180294305822137,5.5248741970907856e-17,0.00023587327226674213,TATUAPE
433999577,433999578,0,93.383,0,4,23.322369854062295,0.04286794990333698,0.0008416634676903391,-1.4639477061818964e-16,0.00018658709567203257,TATUAPE
433999578,433999579,0,89.991,0,5,22.832716183837945,0.043787264488433106,0.0018491618682021753,-1.9913267278212987e-16,0.00022718337401418876,TATUAPE
433999579,433999581,0,93.2,0,5,23.152472228272707,0.04318252377861195,0.0023792194497760715,-1.677785375656623e-16,0.00023743453288521904,TATUAPE
433999579,1430953343,0,82.697,0,5,22.742104116750163,0.04396172743728989,0.00848808701215611,-8.244917305636687e-17,0.00023640684430302868,TATUAPE
433999581,462747756,0,47.782,0,4,23.979960792855586,0.04169240271772699,0.0011090467050543825,-1.0615788896940383e-16,0.0002086773325847702,TATUAPE
433999581,462747755,0,110.055,0,4,23.824874754955346,0.04196379594075699,0.0010275623800383878,-1.0598076793332596e-16,0.0002095947034270318,TATUAPE
433999584,433999586,0,30.363,0,4,23.193204094968415,0.04310668670172802,0.013639616122840691,-1.4454969293516694e-17,0.00021442062407435783,TATUAPE
433999584,433999656,0,139.462,0,4,23.046612938357658,0.043380872721086504,0.0002815099168266155,1.2094211399943362e-18,0.00021504227758690716,TATUAPE
433999586,1430982930,0,120.04400000000001,0,4,23.47440644739708,0.042590307225505934,0.010924427383237364,-1.635675932666338e-19,0.00021330657079255175,TATUAPE
433999586,433999651,0,163.559,0,4,23.373774776737093,0.04277367229216562,0.0028443761996161227,1.1875246607840943e-17,0.00021438483347822402,TATUAPE
433999592,1430982920,0,35.407,0,5,24.72859943367458,0.04043019845149697,0.00264680742162508,4.8494923194358717e-17,0.0002921431442416223,TATUAPE
433999592,4162185516,0,38.134,0,5,24.73055979089523,0.04042699360566506,0.00319488163787588,5.14564275249104e-17,0.00030257688180089195,TATUAPE
433999592,3473793027,0,89.87400000000001,0,5,24.118057068176867,0.04145367844950599,0.004288982725527831,4.076844220163377e-17,0.0002869029350501731,TATUAPE
433999592,8953305176,0,72.97,0,5,24.15987802221738,0.04138192178005373,0.00847703134996801,4.8246409612264043e-17,0.00028407561374898345,TATUAPE
433999600,3900420921,0,56.392,0,4,24.718797647571336,0.04044623030559374,0.003444452975047985,-7.288256954038106e-17,0.00023218887906265885,TATUAPE
433999600,13644594228,0,78.44200000000001,0,4,25.02788063602701,0.03994673768308921,0.0031195393474088293,-6.586512317129605e-17,0.00023257627075944282,TATUAPE
433999606,3900420922,0,18.025,0,2,26.72838161620562,0.03740526444462554,0.0006397952655150352,1.4131716949179968e-17,0.00016441483193376817,TATUAPE
433999651,6724921726,0,143.196,0,4,23.44173382705293,0.04264966874494755,0.0032536404350607807,6.57272151003305e-17,0.0002118625030518699,TATUAPE
433999651,433999656,0,143.21099999999998,0,4,23.550642561533436,0.04245243754682254,0.00027761996161228405,2.8546700160321206e-17,0.0002150064869907734,TATUAPE
433999656,1430982927,0,115.09700000000001,0,4,23.296885210193857,0.0429148434870414,0.0007923224568138196,5.776182165011161e-17,0.00021537147391210445,TATUAPE
433999675,4497081970,0,87.32799999999999,0,4,21.671313439337833,0.046133898867256995,0.004039820857325656,1.8282896437898015e-14,0.00020773539402752774,TATUAPE
433999675,433999712,0,114.70299999999999,0,4,22.08821607492921,0.045263147514471386,0.00047744081893793985,4.702711826932805e-15,0.0002136840605038979,TATUAPE
433999699,2385915921,0,140.053,0,4,22.186887388368547,0.04506184959748675,0.00036811260396673066,5.010462790309476e-15,0.00021000403556485913,TATUAPE
433999699,433999712,0,78.197,0,4,22.73665868002614,0.043972256284488045,0.00361745361484325,2.2938354487110757e-15,0.00021305625008299618,TATUAPE
433999699,433999727,0,78.25,0,4,22.563058157264212,0.04431057951287324,0.003679488163787588,1.6508033037195404e-15,0.0002087244853844936,TATUAPE
433999727,2385915917,0,142.734,0,5,22.906338488346766,0.043646529672983846,0.0002806909788867562,1.3184525474043554e-15,0.0002462859431207414,TATUAPE
433999741,433999771,0,75.632,0,4,22.595730777608363,0.044246507996182655,0.004875137555982086,-4.6471850783503855e-17,0.00019238280251648616,TATUAPE
433999741,1430933536,0,18.673,0,4,22.287519059028533,0.04485838822540607,0.0037030326295585413,-3.993977971186253e-17,0.00019325992406917333,TATUAPE
433999741,433999743,0,105.123,0,5,22.388368547157484,0.04465632144768206,0.0020399744081893794,-2.46506115158327e-17,0.00023635405620330306,TATUAPE
433999743,1430933540,0,76.18,0,5,21.98736658680026,0.04547075606276747,0.0011229686500319898,-2.5067724656722068e-17,0.0002470663024875095,TATUAPE
433999743,433999776,0,114.68699999999998,0,6,22.083206273143105,0.04527341592361714,0.00046290467050543827,-7.610725218512642e-17,0.0002691912255153212,TATUAPE
433999743,13665566932,0,50.713,0,5,21.968416467000655,0.04550997947589161,0.0010705566218809982,-2.3270479392019452e-17,0.000243456079608517,TATUAPE
433999746,433999765,0,116.58700000000002,0,5,21.130254846438685,0.04731519755898937,0.0068737555982085734,5.712562638194929e-17,0.00024044634991929027,TATUAPE
433999746,433999762,0,114.389,0,5,21.414942278370724,0.046686195532771875,0.006569929622520793,-5.982087984498207e-17,0.00023604594549528416,TATUAPE
433999746,1430933540,0,39.683,0,4,21.796558483990417,0.04586880920973738,0.000993576455534229,-2.230943613385827e-18,0.00020630206546342987,TATUAPE
433999759,433999779,0,132.568,0,3,22.08843389239817,0.045262701167560745,0.0006397952655150352,-4.52001664389088e-17,0.0001497399180961566,TATUAPE
433999759,433999778,0,116.106,0,6,21.613156175125244,0.04625803720798984,0.0018086244401791427,-1.1728744803392968e-16,0.0002666894720909991,TATUAPE
433999759,433999762,0,120.029,0,6,21.566978871705512,0.04635708081685418,0.00338426103646833,-1.1218986494357468e-16,0.00027325025506030697,TATUAPE
433999762,1430933535,0,79.653,0,3,22.005881071661946,0.045432499579328704,0.0006397952655150352,-7.447058061357239e-17,0.00014906903856661764,TATUAPE
433999762,433999776,0,115.29700000000001,1,6,21.555434545850577,0.04638190802437324,0.0038228023032629557,-1.1728083427174366e-16,0.0002665811432560856,TATUAPE
433999765,2615693298,0,120.03900000000002,0,5,20.794380309300806,0.04807944106340411,0.012417555982085732,3.193733451876798e-16,0.00025347641495023296,TATUAPE
433999765,433999768,0,117.574,0,6,21.371596602047486,0.04678088404659743,0.004857939859245042,6.56748435335941e-17,0.00027914982066864726,TATUAPE
433999768,1430933536,0,200.77500000000003,0,5,21.99978218253104,0.045445094603023733,0.0034035060780550222,-1.6913957260551817e-17,0.00023473671847565992,TATUAPE
433999768,13665566932,0,66.699,0,5,21.737529949901983,0.04599336653406415,0.0004637236084452975,1.2420386354845708e-17,0.00024286770188437074,TATUAPE
433999768,7296420586,0,102.574,0,5,21.941189283380528,0.04556645355994123,0.001736557901471529,1.0239643701159204e-17,0.00023782798128524428,TATUAPE
433999771,433999772,0,38.615,0,4,22.5648006970159,0.04430715768135528,0.0028740626999360203,-8.234213604427385e-17,0.0001901424810351725,TATUAPE
433999772,433999773,0,53.095,0,4,22.720322369854063,0.04400387310778552,0.0024132053742802304,-9.575999750842213e-17,0.00018939029545530362,TATUAPE
433999772,433999776,0,105.22999999999999,0,5,21.958396863428447,0.045530745652756145,0.001077312859884837,-1.1335334712387368e-16,0.00022565897462480507,TATUAPE
433999773,433999774,0,64.153,0,4,22.637769549117838,0.044164341383623594,0.0030808445297504797,-8.704113150252633e-17,0.0001896505305273624,TATUAPE
433999774,433999778,0,105.489,0,5,21.985841864517536,0.0454739094682822,0.0016485220729366603,-1.1207477630167164e-16,0.0002254235449966577,TATUAPE
433999774,433999775,0,30.243,0,4,22.752777172729253,0.04394110551609259,0.002634728087012156,-9.405369418121186e-17,0.0001920115197580064,TATUAPE
433999776,433999778,0,117.81,0,6,21.62317577869745,0.04623660246595213,0.0035500959692898273,-1.2323573678658754e-16,0.0002600203602867777,TATUAPE
433999778,1430972459,0,123.629,0,6,21.652145502069267,0.046174739701222274,0.003025361484325016,-1.0157939861365448e-16,0.0002655534459190322,TATUAPE
433999807,433999814,0,60.032,0,4,22.345240688303203,0.04474251123436693,0.00016644913627639156,1.0602678067074735e-16,0.00021723830103363722,TATUAPE
433999841,433999844,0,138.87400000000002,0,4,23.110869091701154,0.0432602589960604,0.0024187332053742802,4.9794865445674774e-17,0.000219164732197328,TATUAPE
433999841,433999854,0,183.54,0,4,23.61816597691135,0.04233106768359602,0.0004414075495841331,7.543587714903073e-17,0.0002181649935834645,TATUAPE
433999844,433999854,0,123.76,0,4,23.19843171422348,0.04309697288364756,0.0012193985924504158,5.841973904131921e-17,0.0002195219792344813,TATUAPE
433999854,1430972433,0,28.735,0,4,22.92615987802222,0.043608793965074964,0.0012580934101087651,7.029507123682025e-17,0.0002180022794412025,TATUAPE
437498424,437498452,0,52.005,0,4,24.89871487693313,0.040153967281952585,0.0017775047984644914,3.1913581807345445e-18,0.0002168912950264529,TATUAPE
444963409,444963413,0,230.091,0,4,22.416684818122413,0.04459991254919108,0.0010072936660268715,1.0366692874445911e-10,0.00018652129227443023,TATUAPE
445166455,445166595,0,70.378,0,4,24.623611413635373,0.04060258122727715,0.0027774280230326294,1.8764542124161285e-08,0.0001929435265563782,TATUAPE
445166455,2036415533,0,65.316,0,4,24.106730559790897,0.04147315539331731,0.0036649520153550865,6.578265268213495e-08,0.00019245361824870205,TATUAPE
445166455,4570943161,0,74.42099999999999,0,5,24.129819211500763,0.04143347174580249,0.004638464491362764,2.093448947555853e-08,0.00022668057458496613,TATUAPE
445166485,462747767,0,57.92,0,4,23.122195600087128,0.043239067769467,0.033123992322456816,1.433331044960242e-12,0.00020508537899915127,TATUAPE
445166485,462747770,0,31.635,0,4,23.58179045959486,0.04239636444247395,0.03644130518234165,6.317578844853169e-13,0.00020950602444987294,TATUAPE
445166488,2384928584,0,15.788,0,4,24.022870834240905,0.04161793107200174,0.016297069737683943,2.8207863770957615e-12,0.00021096477768590147,TATUAPE
445166488,2384911925,0,56.769,0,4,23.9139620997604,0.0418074670504331,0.019959360204734485,2.8667674161365586e-12,0.00022360792031322414,TATUAPE
445166488,465763549,0,96.512,0,5,23.247440644739708,0.04300611829961866,0.03550607805502239,3.7039536246314614e-12,0.00024899377500007603,TATUAPE
445166490,459158987,0,64.423,0,4,25.236114136353734,0.03961712081064052,0.01397742802303263,2.27652186445891e-08,0.00020846401811838668,TATUAPE
445166493,2385873832,0,30.318,0,4,25.86865606621651,0.038648400596145265,0.03674021753039027,1.7989339438086405e-08,0.00022373976974045896,TATUAPE
445166494,445166495,0,72.89099999999999,0,4,25.313439337834893,0.03949610201868966,0.038962405630198337,7.028952126491765e-09,0.00020195906030875998,TATUAPE
445166494,445166598,0,144.27800000000002,0,4,24.864953169244174,0.040208488458674606,0.00033719769673704416,1.714655547657895e-08,0.00020395629932701541,TATUAPE
445166495,4570943157,0,31.106,0,4,25.05184055761272,0.03990853207898237,0.03939357645553423,5.228686025549679e-09,0.00019444439981155544,TATUAPE
445166495,445166597,0,120.131,0,4,25.25005445436724,0.039595248570171576,0.0005546257197696737,6.7808329406119585e-09,0.00020317333234453694,TATUAPE
445166535,459163425,0,33.798,0,4,23.068394685253757,0.043339911431727836,0.03419659628918746,2.4170091984528834e-11,0.0002164226318233317,TATUAPE
445166555,459163425,0,48.937,0,4,23.44630799390111,0.042641348172646365,0.03633197696737044,7.561282543175144e-11,0.00022186752981264753,TATUAPE
445166555,459163434,0,84.143,0,2,23.98301023742104,0.04168710152035311,0.0006397952655150352,6.684332254636429e-11,0.00012430389230330409,TATUAPE
445166595,445166597,0,66.962,0,4,25.12241341755609,0.03979642265708316,0.003689315419065899,9.319482947358844e-09,0.0001992427104315804,TATUAPE
445166597,445166598,0,67.931,0,4,25.36832934001307,0.039410643449590436,0.004175355086372361,1.6898436288699484e-08,0.00020517057136279238,TATUAPE
453454477,461992655,0,49.198,0,4,23.027009366151166,0.04341780413746134,0.01487109404990403,5.048809658332885e-10,0.00019466883437940612,TATUAPE
453454477,453454649,0,58.410999999999994,0,4,23.490089305162275,0.0425618723514739,0.002483224568138196,1.6664602036063926e-10,0.00019822795057489347,TATUAPE
453454516,461992656,0,52.021,0,4,23.195382269658026,0.043102638745422105,0.011687063339731286,2.7872039763837125e-10,0.00019583813157632643,TATUAPE
453454516,453454649,0,57.994,0,4,23.558919625353955,0.04243752253626605,0.0027847984644913627,1.1446121655710194e-10,0.000198513418348873,TATUAPE
453454520,453454581,0,116.883,0,4,23.29557830538009,0.04291725105189341,4.094689699296225e-07,1.9204863871893626e-11,0.0001994465363655834,TATUAPE
453454548,453454649,0,162.07600000000002,0,4,23.37290350686125,0.04277526676296538,0.00018139475367882278,9.346574982511841e-11,0.0001967367990909253,TATUAPE
453661651,3901480398,0,37.794,0,5,21.212589849705946,0.0471315473317794,0.02457141394753679,1.906270747617465e-12,0.00022732908258446684,TATUAPE
453661651,2384918936,0,55.4,0,5,20.933783489435854,0.04775926831552332,0.02459393474088292,1.5066853713324434e-12,0.0002221030548287825,TATUAPE
453661653,453661654,0,120.923,0,4,22.832716183837945,0.043787264488433106,0.0004297376839411388,7.044543006376994e-15,0.00019785329289611974,TATUAPE
453662202,462747811,0,50.557,0,4,22.392942714005663,0.04464719957979106,0.003923531669865643,1.3980077257414167e-12,0.0001989393637947296,TATUAPE
453662202,453662205,0,36.817,0,4,21.73034197342627,0.04600858024938856,0.003683787587971849,2.6604927132168106e-12,0.00019064950172261835,TATUAPE
453662202,453662242,0,117.25299999999999,0,5,22.192986277499454,0.04504946608040201,0.00045942418426103644,3.1379888077729893e-12,0.00023047439207334757,TATUAPE
453662205,461134701,0,116.239,0,4,21.56893922892616,0.046352867515627685,0.00010318618042226487,3.741663774992862e-12,0.00018569076813521024,TATUAPE
453662225,453662240,0,116.852,0,4,22.761489871487694,0.043924285632260904,4.094689699296225e-07,3.568179829809827e-12,0.0002004093401913727,TATUAPE
453662225,453662229,0,62.552,0,4,22.637333914179916,0.044165191286275114,0.013395982085732566,5.193008379225525e-12,0.00019655590195834,TATUAPE
453662225,4570478078,0,63.219,0,4,22.862774994554563,0.04372969522593676,0.013412156110044786,6.2907047447146064e-12,0.0001969068630995686,TATUAPE
453662229,453662241,0,116.773,0,4,21.998693095186233,0.045447344449285124,9.950095969289828e-05,5.446411922150845e-12,0.00019264456883670718,TATUAPE
453662238,2384921121,0,57.6,0,4,22.417338270529296,0.044598612487611496,0.00938257197696737,5.975649659823881e-12,0.00018315076138243717,TATUAPE
453662238,453662242,0,116.60900000000001,0,5,22.520365933347854,0.044394579799015385,0.0027125271912987843,5.5672497638378855e-12,0.00022448800464994298,TATUAPE
453662239,4570478078,0,116.906,0,4,22.22217381834023,0.04499029621062124,0.0026009468969929624,7.663621771824998e-12,0.00019255287165204955,TATUAPE
453662239,453662240,0,63.669,0,4,22.40971465911566,0.044613784590262724,0.011094561740243121,4.941101690748853e-12,0.0001960553487438536,TATUAPE
453662240,453662241,0,62.487,0,4,22.18383794380309,0.045068043909431886,0.011078797184900832,3.821584095544955e-12,0.00019649800706973984,TATUAPE
453662242,461134701,0,33.486,0,5,22.20257024613374,0.04503002001334223,0.010882866282789507,4.219160222470385e-12,0.0002251809015774541,TATUAPE
453662242,2384921120,0,55.399,0,5,22.69353082117186,0.0440558232392068,0.01292980166346769,3.96062414089845e-12,0.00022464198958295777,TATUAPE
457610122,457610171,0,116.098,0,4,22.3363101720758,0.04476040021063718,0.0006361100447856686,2.0387080768090088e-11,0.00019068352767455144,TATUAPE
457610171,459135349,0,55.031,0,4,22.334349814855152,0.04476432897393136,0.01099956493921945,2.23709533889782e-11,0.00019141252661808585,TATUAPE
458457974,458457976,0,42.414,0,4,24.3580919189719,0.041045176521085955,0.03237568777991043,8.116774170736819e-11,0.00021108498919441258,TATUAPE
458457974,459155907,0,41.703,0,4,25.01720758004792,0.03996378010343567,0.03273274472168906,2.9338128333032555e-10,0.00021643230200514145,TATUAPE
458457974,11615114120,0,195.456,0,4,24.79960792855587,0.04031443502700804,0.0004878822776711452,8.278779922164935e-11,0.00021874672635584718,TATUAPE
458457976,458457981,0,182.172,0,4,24.03833587453714,0.041591156216020296,0.016786589891234806,4.685191502512722e-11,0.00020943518583145542,TATUAPE
458457976,2465949932,0,48.336,0,5,23.9692877368765,0.0417109675308743,0.015726065259117083,3.753811703029022e-11,0.0002438774410779543,TATUAPE
459135356,459135358,0,65.242,0,2,23.72184709213679,0.042146051218011696,0.0006397952655150352,1.741292945579382e-10,0.00011800245971563279,TATUAPE
459135359,459149305,0,58.509,0,4,24.432803310825527,0.040919667293685534,0.02435030070377479,2.6257358584413786e-09,0.0002108381321678675,TATUAPE
459144313,459144325,0,115.899,0,4,23.932694402091048,0.04177474402730375,0.008362789507357646,3.2482270219370124e-10,0.00019690628690536427,TATUAPE
459144325,6952529186,0,58.418,0,5,23.28229143977347,0.04294174330380114,0.003581829814459373,4.12611741753938e-10,0.0002294573214998565,TATUAPE
459149302,459149303,0,117.268,0,4,24.042256588978436,0.04158437369765714,0.00042093410108765195,1.6320427283382473e-09,0.00019573875874973284,TATUAPE
459149305,459149307,0,96.998,0,2,24.688303201916792,0.04049618859401468,0.0006397952655150352,1.2025089936688273e-09,0.00011892583972539285,TATUAPE
459150488,459150516,0,116.298,0,4,25.13613591810063,0.03977469670710572,0.0004606525911708253,5.265139477411053e-10,0.00020292553265802013,TATUAPE
459150488,459150493,0,50.103,0,4,25.16379873665868,0.03973097198057597,0.014489264235444657,6.580892800374221e-10,0.0002006378135214474,TATUAPE
459150488,2384927178,0,50.634,0,4,24.675669788717055,0.040516921773211166,0.014746206014075496,4.1483651016780264e-10,0.00019933618996878066,TATUAPE
459150493,459150514,0,115.972,0,5,25.077978653888042,0.039866936499526634,0.0019505054382597568,1.962377308962201e-09,0.0002373745363974063,TATUAPE
459150493,459150498,0,50.111999999999995,0,4,24.69614463079939,0.040483330393367434,0.012604888035828534,8.303786962296103e-10,0.0001970882884339134,TATUAPE
459150498,459150511,0,115.614,0,4,24.51753430625136,0.04077825159914712,3.0300703774792066e-05,1.3143097994383286e-09,0.00019488713197923508,TATUAPE
459150511,459150514,0,48.025,0,5,24.913308647353517,0.040130445806412125,0.008974126679462572,2.4463084096862427e-09,0.00023502740648419305,TATUAPE
459150514,459151870,0,33.073,0,5,25.082770638205183,0.03985932004689332,0.0015097120921305181,2.4665736173314497e-09,0.0002366171763057975,TATUAPE
459150514,459151896,0,59.075,0,5,25.182313221520367,0.039701761062865444,0.006801893793985925,4.733500489269279e-09,0.00023519952556859706,TATUAPE
459150516,2384927389,0,51.207,0,4,25.120017425397517,0.03980021851100359,0.000975150351887396,6.426386283487539e-10,0.00019971965388971495,TATUAPE
459150516,459151870,0,19.482,0,4,25.214550206926596,0.03965100207325501,0.001318899552143314,1.2719620185755502e-09,0.00019986559313251806,TATUAPE
459151870,459151902,0,167.43,0,4,24.31038989326944,0.041125715668091284,0.00013901471529110686,3.581594755327807e-09,0.00019384172027941997,TATUAPE
459151892,459151896,0,58.413,0,4,24.844042692223915,0.04024233072357289,0.006055431861804223,1.0833102621818908e-08,0.00019303292436928337,TATUAPE
459151892,2036415542,0,158.97799999999998,0,5,24.34458723589632,0.04106794552905177,0.023095073576455533,1.7948416838265865e-08,0.00023288334256844423,TATUAPE
459151896,459151908,0,106.255,0,4,24.7715094750599,0.04036016390271354,0.0006680486244401791,9.150295575588071e-09,0.00019387445186819046,TATUAPE
459151902,2356795824,0,39.332,0,5,23.76911348290133,0.04206224112019354,0.013772079334612924,3.6201841984947615e-09,0.00022924705006441596,TATUAPE
459151902,2036415542,0,76.898,0,5,23.91592245698105,0.041804040146450755,0.013652923864363403,1.2963835835162662e-08,0.0002323451912469282,TATUAPE
459154201,2036415542,0,73.362,0,5,24.27183620126334,0.04119104027568383,0.004449085092770313,3.519244891648338e-08,0.0002337299964318821,TATUAPE
459154201,2036415533,0,42.492,0,4,24.174907427575693,0.04135619486966942,0.004047600767754319,7.689395438867648e-08,0.00019323565103527082,TATUAPE
459154207,459154208,0,77.225,0,2,26.128512306686996,0.03826403014438628,0.0006397952655150352,3.882212143314613e-08,0.00013130520162363377,TATUAPE
459154207,459154209,0,41.804,0,4,25.610760182966676,0.03903758324190544,0.027125681381957773,1.7294966081929818e-07,0.00023253844555041158,TATUAPE
459154209,459154210,0,77.123,0,2,25.844042692223915,0.038685208596713025,0.0006397952655150352,1.6004084682587403e-07,0.00012530987371833668,TATUAPE
459155904,459155911,0,241.129,0,4,24.26530167719451,0.041202132816286964,0.0002966602687140115,5.187385546293021e-09,0.00019966493241829097,TATUAPE
459155905,459155908,0,226.451,0,4,25.233500326726205,0.039621224546168655,0.00029113243761996163,1.533746537887356e-09,0.000212171746714583,TATUAPE
459155907,459155908,0,45.408,0,4,25.466782835983444,0.03925828358336612,0.03312563019833653,1.0528873526667452e-09,0.00021455479636408833,TATUAPE
459155907,11615114119,0,210.6,0,4,25.703986059681988,0.03889599769505199,0.0004930006397952655,4.4785057556411266e-10,0.00021985502578352698,TATUAPE
459155908,459155911,0,41.838,0,4,24.668699629710304,0.04052836985890123,0.03332893154190659,3.699276993392939e-09,0.00020625984100209124,TATUAPE
459155911,2036415542,0,46.644999999999996,0,5,24.074711391853626,0.04152831434853022,0.03354308381317978,1.3216284481667708e-08,0.00023755519246259558,TATUAPE
459158983,459158985,0,65.726,0,4,25.942060553256372,0.03853904282115869,0.013658451695457454,1.5672839956583502e-07,0.00020950269781114668,TATUAPE
459158983,459158984,0,76.973,0,4,25.861685907209758,0.038658816989665716,7.82085732565579e-05,3.408732530675481e-07,0.00020422315626039456,TATUAPE
459158984,459158986,0,65.852,0,4,25.911348290132867,0.038584722467404735,0.006474932821497121,2.8631899039396686e-07,0.00020595894788491152,TATUAPE
459158985,459158987,0,66.361,0,4,25.83402308865171,0.038700212471754744,0.013651695457453615,5.572610035934332e-08,0.0002118240922460198,TATUAPE
459158985,459158986,0,77.651,0,4,25.994554563275976,0.038461216178848845,4.094689699296225e-07,1.0217413689096479e-07,0.00021123848943566353,TATUAPE
459158986,459158988,0,65.85300000000001,0,4,25.89631888477456,0.03860711582134747,0.006468586052463212,8.097930790620013e-08,0.00021144261694024179,TATUAPE
459158987,459158988,0,77.295,0,4,25.7072533217164,0.03889105421023199,0.0002542802303262956,3.453127137200186e-08,0.000212028219750598,TATUAPE
461141288,4384439197,0,82.952,0,5,23.563711609671095,0.04242889231935368,0.0008834293026231606,-8.312600831865865e-17,0.00023554584293205367,TATUAPE
461142004,1430972454,0,108.574,0,5,22.31474624264866,0.04480365457260828,0.0018155854126679462,2.558008431268101e-17,0.00022440974953798426,TATUAPE
461142004,13664807119,0,79.667,0,5,21.71378784578523,0.04604365620736699,0.0006840179142674344,4.628401792450429e-17,0.00022510080304957453,TATUAPE
461143197,13644594228,0,189.603,0,4,24.867349161402746,0.040204614333514355,0.00021210492642354447,-8.594994878274184e-17,0.00023378586502067756,TATUAPE
461143197,3900420918,0,21.484,0,4,24.607275103463298,0.040629536522324115,0.0044619833653230965,-8.625088055414287e-17,0.00023952381681690893,TATUAPE
461992627,461992630,0,114.29799999999999,0,4,23.843824874754954,0.04193044479158103,0.0021894305822136918,7.573653444652664e-10,0.00019283033872350482,TATUAPE
461992627,4285960839,0,55.012,0,5,23.923110433456763,0.04179147963689669,0.006825233525271913,9.029842397683894e-10,0.00022965474360807473,TATUAPE
461992630,461992681,0,49.637,0,4,23.794815944238728,0.04201680672268908,0.0033969545745361485,9.577904275296374e-10,0.00019173997403985725,TATUAPE
461992655,461992656,0,115.486,0,4,23.089958614680896,0.04329943588098787,0.009209161868202176,6.001133492201727e-10,0.00019383228334778952,TATUAPE
461992681,461992684,0,114.496,0,5,23.521890655630582,0.0425043291446351,0.00045573896353166984,6.805408041597092e-10,0.000242624329467244,TATUAPE
461992684,745741465,0,71.239,0,5,23.60988891309083,0.04234590794608508,0.0200238515674984,3.8086063166628444e-10,0.0002525472044303392,TATUAPE
461992684,461992689,0,56.528,0,3,23.884992376388585,0.04185817465528562,0.0006397952655150352,2.455874266950707e-10,0.00015952672920350287,TATUAPE
462002001,462747766,0,26.901,0,4,20.786974515356132,0.04809657036874037,0.042429174664107484,2.530628449366159e-13,0.00021399013516316408,TATUAPE
462003855,4496367623,0,9.577,0,5,20.656937486386408,0.048399342022016956,0.004820678182981446,2.3110090666600947e-14,0.00023577673158166096,TATUAPE
462003855,462003856,0,92.51400000000001,0,5,20.9742975386626,0.047667016294019295,0.00190382597568778,2.132340043193607e-14,0.00022986766300488632,TATUAPE
462003856,462747761,0,10.581,0,4,21.58353299934655,0.04632152588555858,8.721689059500959e-05,7.80031414120235e-15,0.0001878517034462329,TATUAPE
462003856,8706903590,0,93.92999999999999,0,5,21.860814637333913,0.04573398563215528,0.0019810108765195137,7.967751212388754e-15,0.00022028061859721734,TATUAPE
462003865,462003866,0,81.755,0,5,23.598562404704857,0.042366232543543075,0.0014792066538707614,2.9215670616619394e-15,0.00022553211746624444,TATUAPE
462003865,1424087269,0,66.431,0,6,23.00675234153779,0.0434560327198364,0.0013127575175943698,3.998868936767346e-15,0.00025966828552129645,TATUAPE
462003865,3940711789,0,263.94599999999997,0,5,23.787627967763015,0.042029503062934376,0.0006111324376199616,2.3337094695329568e-15,0.00023069160306055662,TATUAPE
462742750,462742753,0,24.396,0,4,22.928555870180787,0.0436042369258538,0.001610850927703135,3.619993794211695e-13,0.00020108474420904771,TATUAPE
462742750,462742751,0,103.906,0,4,22.51078196471357,0.04441348079770095,0.0004649520153550864,3.563496775385249e-13,0.00019891093426611516,TATUAPE
462742751,462742754,0,23.074,0,4,22.153561315617512,0.045129637094791904,0.0016794369801663468,1.8630302782012084e-13,0.0002024309262738691,TATUAPE
462742752,462742753,0,76.201,0,4,22.39424961881943,0.044644594016262695,0.0016528214971209213,5.401668528631908e-13,0.00020268920320270085,TATUAPE
462742754,462742755,0,75.647,0,4,21.380309300805926,0.04676182034903267,0.0002579654510556622,1.204821772613666e-13,0.0002059522652908544,TATUAPE
462742756,2385902756,0,61.123,0,4,23.503376170768895,0.04253781138790035,0.001546769033909149,3.942633084580465e-13,0.00020943472042543994,TATUAPE
462742756,462742757,0,73.219,0,4,22.99564365062078,0.04347702537580631,4.708893154190659e-06,6.850595150542721e-13,0.00020841585794962675,TATUAPE
462742757,2385902753,0,61.048,0,4,22.632324112393814,0.04417496751840624,0.004572539987204095,6.771803596088848e-13,0.00020975483690963023,TATUAPE
462747755,462747757,0,48.082,0,4,24.39228926159878,0.04098763227217931,0.0013901471529110684,-9.257487991718795e-17,0.0002147332380891292,TATUAPE
462747755,5900170483,0,47.312,0,4,23.945763450228707,0.04175194433074089,0.0021644529750479845,-8.138395620751813e-17,0.00021695525676439405,TATUAPE
462747756,462747757,0,109.417,0,4,24.01241559573078,0.04163605192260593,0.0015162635956493921,-8.774081056117773e-17,0.0002138158672468676,TATUAPE
462747757,462747758,0,61.668,0,4,23.73665868002614,0.042119752236751545,0.00018037108125399873,-6.941683539033199e-17,0.00021327137895276013,TATUAPE
462747761,4496367623,0,93.78999999999999,0,4,21.210847309954257,0.04713541934092566,0.0013317978246960972,9.58849179123695e-15,0.00019339315211210192,TATUAPE
462747761,8706903591,0,97.05000000000001,0,5,22.04334567632324,0.045355283050562745,0.0015764555342290467,5.384220998019723e-15,0.0002220499860860238,TATUAPE
462747765,2384739371,0,90.97800000000001,0,4,19.907645393160532,0.05022101623703444,0.03317425463851568,1.433362856356861e-14,0.00021052398181330031,TATUAPE
462747765,4496367623,0,102.032,0,4,20.301895011979962,0.049245756710941356,0.005986845809341011,1.8126088110265966e-14,0.00020235088600695732,TATUAPE
462747766,1430933538,0,177.57800000000003,0,4,20.44826835112176,0.048893244423613626,0.0,2.0467364314185068e-13,0.0002134559698489307,TATUAPE
462747767,465763549,0,51.717999999999996,0,5,23.001089087344806,0.04346673232447584,0.033234958413307744,3.561633385394091e-12,0.00024209304616167792,TATUAPE
462747767,462747768,0,232.419,0,4,23.033108255282073,0.04340630762683815,0.0003527575175943698,3.3043951551731746e-12,0.0001934845911562133,TATUAPE
462747769,462747770,0,155.993,0,4,23.720975822260947,0.042147599239690366,0.0009520153550863724,3.641855103690619e-13,0.0002106626356282766,TATUAPE
462747769,462747775,0,36.885,0,4,23.91766499673274,0.04180099448117589,0.003388969929622521,1.3718614257432024e-13,0.00021118075659076394,TATUAPE
462747770,465763787,0,45.701,0,4,23.58680026138096,0.04238735951683951,0.036244555342290465,1.151987660373892e-12,0.0002015547248156944,TATUAPE
462747774,462747775,0,158.703,0,4,24.00697015900675,0.041645496116716266,0.00023708253358925143,7.242271221719028e-14,0.00020808600700647321,TATUAPE
462747774,462747791,0,163.999,0,5,23.584622086691354,0.042391274231831325,0.0011170313499680102,3.4287312407768875e-14,0.00024843255829699526,TATUAPE
462747775,462747779,0,82.044,0,4,24.044216946199086,0.041580983267957276,0.003782264875239923,1.962586785367073e-13,0.00020674819782695797,TATUAPE
462747776,462747780,0,50.035,0,4,25.171204530603354,0.03971928245688424,0.012077082533589252,7.742686558347078e-14,0.00021608121523058316,TATUAPE
462747776,4496358471,0,5.373,0,4,25.092136789370507,0.039844441743780275,0.012416737044145873,2.9863931218761685e-14,0.00022257495450169238,TATUAPE
462747776,462747778,0,127.89800000000001,0,4,25.162274014375953,0.039733379501385044,0.0005503262955854127,7.040009311007546e-14,0.0002160580004876353,TATUAPE
462747778,462747779,0,54.748,0,4,24.582226094532782,0.04067093755814881,0.0006524888035828535,1.906263576855957e-13,0.0002085897185250801,TATUAPE
462747778,462747780,0,82.763,0,4,25.576127205401875,0.039090444557996935,0.00048112603966730646,1.0153250336924904e-13,0.00021332966078347384,TATUAPE
462747780,462747785,0,9.032,0,4,25.061860161184928,0.03989257685187599,0.012997364043506078,2.3752501574599697e-13,0.00020842505943446975,TATUAPE
462747781,1424099456,0,74.219,0,2,25.56066216510564,0.03911409556110406,0.0006397952655150352,6.671975280625988e-14,0.00013002309149851536,TATUAPE
462747781,1424087276,0,19.393,0,4,25.09082988455674,0.03984651711924439,0.0027155982085732564,8.834505939130733e-14,0.00023234676800374965,TATUAPE
462747781,462747784,0,39.227,0,4,24.94619908516663,0.04007753562447611,0.003129161868202175,2.902813868766976e-13,0.00022251487950276423,TATUAPE
462747784,462747785,0,115.215,0,4,24.910912655194945,0.04013430565028068,0.0014341650671785028,4.1549847259092313e-13,0.00020627872457128725,TATUAPE
462747786,462747787,0,45.186,0,4,24.01241559573078,0.04163605192260593,0.0031267050543825974,9.050502139855172e-15,0.00021546395118232718,TATUAPE
462747787,462747790,0,71.767,0,4,24.78479634066652,0.04033852724827968,0.0030978374920025593,7.0691717210022455e-15,0.0002207676944943014,TATUAPE
462747787,462747788,0,124.08800000000001,0,4,24.580483554781093,0.04067382076934665,0.00019204094689699296,5.022290455111828e-15,0.00023350383377095622,TATUAPE
462747788,2384892812,0,27.66,0,2,25.332825092572424,0.03946587792232359,0.0006397952655150352,2.6187429999643016e-15,0.00013401523708866491,TATUAPE
462747789,1424087272,0,17.866,0,2,25.328033108255283,0.039473344742477275,0.0006397952655150352,3.005903155426538e-15,0.00013303197396536773,TATUAPE
462747789,462747790,0,29.808,0,4,24.57111740361577,0.04068932503590235,0.004518490083173385,6.927084999864651e-15,0.00023023444198581893,TATUAPE
462747790,462747791,0,75.598,0,5,23.82574602483119,0.041962261391062676,0.001456890595009597,1.9071309419807782e-14,0.0002547116048535645,TATUAPE
462747791,4496358466,0,30.549,0,5,23.83620126334132,0.04194385554499598,0.012006039667306461,2.0215708671932948e-14,0.0002562380352779782,TATUAPE
462747808,7941720117,0,89.17,0,5,21.746242648660424,0.04597493915081583,0.0006113371721049264,6.898749660962392e-16,0.000240137792024309,TATUAPE
462747809,462747811,0,142.552,0,4,22.63319538226966,0.04417326699323446,0.0031025463851567497,1.3578702010237336e-12,0.00020024302655661098,TATUAPE
462747812,4493556088,0,126.81700000000001,0,4,24.574820300588108,0.040683194029586166,0.0024279462571976966,2.0776616827528087e-13,0.00021557288833476531,TATUAPE
462747812,462747813,0,86.281,0,4,24.590067523415378,0.040657968164545186,0.004495969289827255,2.874284944698055e-13,0.00021337539430245703,TATUAPE
462747812,1424087294,0,54.069,0,4,24.997604007841428,0.03999512042103796,0.006395905310300704,1.6176680066249914e-13,0.00021641074919374512,TATUAPE
462747813,1424087293,0,47.994,0,4,24.761707688956655,0.04037614025210897,0.03072716570697377,4.419179323307537e-13,0.00020830770504881525,TATUAPE
465763549,5339318796,0,9.469,0,3,23.36876497495099,0.04278284212292378,0.0006397952655150352,2.8517675973150468e-12,0.00015475817083074626,TATUAPE
465763581,2384906935,0,142.95,0,4,24.515573949030713,0.04078151238105392,0.0004968905950095969,1.4943189599065023e-11,0.00021334626971282304,TATUAPE
465763581,2384906434,0,68.659,0,4,24.080592463515575,0.041518172114984535,0.028903186180422265,2.7381612482251273e-11,0.00020988497936449762,TATUAPE
465763581,2465949932,0,58.865,0,5,24.036811152254412,0.041593794459597835,0.02944081893793986,2.4698339356876157e-11,0.0002444321252684403,TATUAPE
465763763,465763787,0,197.286,0,4,24.033543890219995,0.04159944896590476,0.02769074856046065,1.7953197776393937e-12,0.00019161515485907604,TATUAPE
465764483,465764493,0,73.508,0,4,22.199738619037248,0.04503576369469873,0.0001584644913627639,2.6891566009137393e-14,0.000193650237056961,TATUAPE
465764529,465764533,0,72.704,0,4,21.712045306033545,0.04604735152487961,0.00020841970569417787,1.3409225964530662e-14,0.00019520183922227754,TATUAPE
619212629,2097374841,0,106.61,0,5,25.996514920496622,0.038458315877670714,0.00010134357005758158,1.0779669094249261e-17,0.00022938554617524422,TATUAPE
619212634,2097374840,0,94.286,0,4,24.07950337617077,0.04152004993260907,0.0014970185540627,5.792232343570846e-18,0.00020561554333257904,TATUAPE
619212635,1430972487,0,94.229,0,4,22.74123284687432,0.043963411713998375,0.00024281509916826614,-1.276041812912283e-17,0.00019827168189973,TATUAPE
664053050,1706350257,0,182.26500000000001,0,6,28.01546504029623,0.03568679588552236,0.00189829814459373,1.9850822443193816e-17,0.00027739526668988155,TATUAPE
664053050,2371448009,0,174.418,0,5,27.983445872358963,0.035727629366710256,0.029410927703134998,2.9348970378004014e-17,0.0002405879415895444,TATUAPE
664053050,664053055,0,92.15299999999999,0,5,27.3748638640819,0.036521905186269674,0.03142469609724888,5.716762268920601e-18,0.00023600883523766284,TATUAPE
664053051,3473791769,0,5.667,0,5,24.870180788499237,0.04020003678434739,0.07547311580294305,-1.0578710283405986e-16,0.00022624690143559033,TATUAPE
664053051,3473791759,0,15.293,0,5,25.223045088216075,0.03963764799350599,0.017910991682661546,-4.668395247315377e-17,0.00022746076300172828,TATUAPE
664053051,7950952227,0,56.705,0,4,24.957525593552603,0.040059347181008904,0.05772816378758797,-3.518684439794957e-17,0.00019356395638915163,TATUAPE
664053053,1706350317,0,303.422,0,4,26.53234589414071,0.03768163533371644,0.0012247216890595009,-5.130042674968144e-17,0.00020008315015290236,TATUAPE
664053053,664053055,0,78.785,0,4,26.48682204312786,0.03774640011184119,0.032590249520153554,-1.485876086923901e-17,0.00019598038309392312,TATUAPE
664053055,2371443940,0,234.597,0,4,27.429536048791114,0.03644911021289774,0.0005875879718490083,8.740781600525685e-18,0.00019799018684244375,TATUAPE
664053068,3473791759,0,70.57199999999999,0,5,25.384665650185145,0.03938528071665766,0.02445103007037748,-5.907561222170384e-18,0.00022836873244433072,TATUAPE
664053068,6133770098,0,66.333,0,5,25.823567850141583,0.0387158811026013,0.01118464491362764,3.515086753138353e-17,0.00023563443580660844,TATUAPE
745741445,745741465,0,54.576,0,2,23.651492049662384,0.042271421203860605,0.0006397952655150352,1.9233811860119628e-10,0.00011711065155404171,TATUAPE
1237130777,2371409328,0,52.421,0,4,24.871705510781965,0.04019757238190321,0.0005699808061420345,2.4939495955298033e-17,0.00020053600172993685,TATUAPE
1237145797,8790482711,0,60.369,0,4,25.830755826617295,0.03870510755635008,0.00290682021753039,1.0089735301306786e-17,0.00020820015011013734,TATUAPE
1424087271,1424087291,0,10.18,0,6,23.140492267479853,0.04320487960993242,0.0009462827895073576,3.69952185811267e-15,0.00025544190716539025,TATUAPE
1424087271,1424087298,0,72.745,0,5,23.52602918754084,0.04249685208503074,0.0011893026231605886,2.6249136405361454e-15,0.00022628911694862116,TATUAPE
1424087271,8706903589,0,13.9,0,5,22.667392724896537,0.04410662464205408,0.00020514395393474088,4.179901302381179e-15,0.00021942912419899429,TATUAPE
1424087271,8706903590,0,10.504,0,6,22.710084948812895,0.04402370950106463,0.0008332693538067818,5.1883565311409354e-15,0.0002544664431465693,TATUAPE
1424087274,4493556088,0,8.743,0,4,24.20888695273361,0.0412981474316871,0.043892412028150994,1.6728300986062304e-13,0.00021562817771542044,TATUAPE
1424087276,1424087294,0,57.608999999999995,0,4,25.00217817468961,0.03998780328440127,0.0060830710172744724,1.0647120132815371e-13,0.00022295019144964517,TATUAPE
1424087289,1424087298,0,11.108,0,4,24.012197778261818,0.041636429608127724,0.0002661548304542546,1.08602761500047e-15,0.0001953312765153811,TATUAPE
1424087289,1424087291,0,75.82,0,5,23.649531692441734,0.0422749251669353,0.0008539475367882278,2.164392027547379e-15,0.00022608827701749027,TATUAPE
1424087289,4570444425,0,75.741,0,4,24.322587671531256,0.04110509112076299,0.0009696225207933461,7.22931032217779e-16,0.00020181570090356516,TATUAPE
1424087291,8706903591,0,11.543,0,6,22.880636027009366,0.04369555904612309,0.0006354958413307742,4.061197120434613e-15,0.0002542512686081537,TATUAPE
1424087291,8706903592,0,17.367,0,5,23.10803746460466,0.04326556004863841,0.0016366474728087012,2.7672733093512403e-15,0.00021806479755276907,TATUAPE
1424087293,1424087294,0,103.584,0,4,24.839468525375736,0.040249741314298745,0.00020534868841970568,3.162557075354577e-13,0.00021134305994010335,TATUAPE
1424087298,2384899346,0,77.748,0,4,24.31038989326944,0.041125715668091284,0.0007730774152271273,7.682517549058029e-16,0.00020130406119472889,TATUAPE
1424087305,4493556088,0,99.592,0,4,24.036811152254412,0.041593794459597835,0.04165671145233525,5.623774254733908e-13,0.00021267012319143528,TATUAPE
1430933536,13625599956,0,163.88900000000004,0,5,22.481812241341757,0.04447071133760924,0.0012537939859245042,-1.0273481024621356e-16,0.00023425560197619632,TATUAPE
1430933537,1430933540,0,83.97,0,2,22.40775430189501,0.04461768765674515,0.0006397952655150352,7.238646725185192e-18,0.0001189264147093486,TATUAPE
1430953333,8777013210,0,14.46,0,5,25.33413199738619,0.03946384200706738,0.07217463851567499,7.151495207745994e-17,0.00023556749155611596,TATUAPE
1430953333,8777138572,0,70.07499999999999,0,5,25.68133304291004,0.038930307116867256,2.0473448496481126e-06,7.743309157651799e-17,0.00023394950602586098,TATUAPE
1430953334,1430953335,0,209.575,0,4,26.061206708778045,0.038362850719198975,0.0,2.4696144685465562e-17,0.0001978071824603347,TATUAPE
1430953336,1430953341,0,114.44,0,4,23.907645393160532,0.04181851311953353,0.0008774920025591811,2.314357772095382e-16,0.0002165576890809386,TATUAPE
1430953336,2371416398,0,27.041,0,4,23.229361794815944,0.04303958892035332,0.002903749200255918,3.6097355425511757e-16,0.00021694672242947717,TATUAPE
1430953340,1430953353,0,35.784,0,4,23.59878022217382,0.04236584150191062,0.0002000255918106206,3.896063755472806e-17,0.00021768799312303785,TATUAPE
1430972432,13664807119,0,102.288,0,5,21.977129165759095,0.04549193732221969,0.0034563275751759437,7.466507073533822e-17,0.0002272372199008511,TATUAPE
1430972432,1430972449,0,79.99799999999999,0,5,22.10999782182531,0.04521855635571931,2.0882917466410747e-05,8.31262791442258e-17,0.00023060072040716455,TATUAPE
1430972432,1430972437,0,109.96500000000002,0,5,22.811805706817687,0.043827402152221445,0.00019511196417146512,6.665975639174968e-17,0.00023447863154246528,TATUAPE
1430972432,1430972454,0,69.039,0,5,22.649531692441734,0.0441414063702108,0.0035713883557261677,5.760786635223873e-17,0.00022654616638926082,TATUAPE
1430972433,1430972461,0,36.101,0,4,22.79960792855587,0.043850849789343956,0.00028048624440179143,6.476601129027585e-17,0.00021704417045501979,TATUAPE
1430972434,7950827743,0,73.84,0,5,23.0307122631235,0.04341082338699,0.0003750735764555342,9.877376845269763e-17,0.00023274287772325983,TATUAPE
1430972437,1430972449,0,57.01,0,4,22.238074493574384,0.04495812723443851,0.04456987843889955,6.988650105757491e-17,0.00019551822617977255,TATUAPE
1430972437,4497081742,0,10.842,0,4,22.79699411892834,0.04385587754751053,0.044666103646833016,4.8817649700564617e-17,0.00020643664143725672,TATUAPE
1430972451,1430972483,0,129.365,0,2,22.53866260074058,0.0443585407103165,0.0006397952655150352,-2.1538228040439854e-17,0.00012490933135158103,TATUAPE
1430972455,1430972490,0,70.33,0,4,23.630799390111086,0.042308436800044244,0.0002688163787587972,1.4771289122460202e-17,0.00020969909040507778,TATUAPE
1430972455,1430972489,0,28.844,0,4,23.110651274232193,0.04326066672321656,0.0014728598848368522,2.2463864085857136e-17,0.00021006146117995625,TATUAPE
1430972457,1430972488,0,38.3,0,4,20.108473099542582,0.049719447994973895,0.001591196417146513,2.7633654482174223e-14,0.0002034690505701163,TATUAPE
1430972460,1430972482,0,30.201,0,5,26.464169026355915,0.03777871058544655,0.0028251311580294305,-2.6458984025020707e-17,0.00023641876197714302,TATUAPE
1430972460,7950245243,0,18.462,0,4,25.856676105423656,0.03866630724129797,0.0002002303262955854,-1.8596913476656705e-17,0.00019370321139743361,TATUAPE
1430972460,7949647731,0,45.845,0,4,25.869309518623393,0.038647424347035345,0.002782341650671785,4.472722419543944e-18,0.00020312180514026805,TATUAPE
1430972482,3900420943,0,49.765,0,5,26.32563711609671,0.03797751135602055,0.04927713371721049,-2.9737024748827597e-17,0.00024776047969967286,TATUAPE
1430972482,13628636362,0,10.016,0,5,26.647353517752123,0.03751900472461541,0.002955956493921945,-5.130819990278985e-17,0.00023057394610605708,TATUAPE
1430972485,2615681554,0,53.175000000000004,0,5,20.128294489218035,0.0496704866409116,0.02788299424184261,1.9074307362507223e-14,0.0002188430728095328,TATUAPE
1430972485,2615683790,0,5.986,0,6,20.15094750598998,0.049614648752067274,0.04456516954574536,1.977415289875513e-14,0.0002551936728991099,TATUAPE
1430972488,7936521828,0,58.504,0,4,20.39054672184709,0.04903165158685226,0.014115009596928983,1.6005335139129025e-14,0.00022840308406714817,TATUAPE
1430972489,1430972490,0,104.261,0,4,23.00631670659987,0.043456855579330066,0.0,1.8518155715544292e-17,0.0002103758211090835,TATUAPE
1430982917,2365237485,0,39.09,0,4,23.30995425833152,0.04289078268670105,0.011589814459373,1.649772108528851e-17,0.00021381201948707354,TATUAPE
1430982919,1430982920,0,61.101,0,2,25.72446090176432,0.038865039246069044,0.0006397952655150352,1.8849553093610726e-17,0.00013592274288779817,TATUAPE
1430982920,1430982921,0,36.785,0,4,25.716837290350686,0.038876560567818,0.002881023672424824,7.147082116837901e-18,0.0002500824987607631,TATUAPE
1430982921,13644594228,0,11.236,0,4,25.53692006098889,0.03915046059365404,0.0031799360204734484,-3.9055682468212234e-17,0.0002437826634375646,TATUAPE
1430982921,4489631716,0,53.809,0,2,26.461773034197343,0.037782131274385525,0.0006397952655150352,-1.0640446530071825e-17,0.00013823638566452383,TATUAPE
1430982923,1430982929,0,131.093,0,4,25.411892833805272,0.039343081960468346,0.00013041586692258476,5.188696367152952e-17,0.0002017318204663154,TATUAPE
1430982924,1430982925,0,64.384,0,2,24.623393596166412,0.04060294039594502,0.0006397952655150352,-5.88089685694074e-17,0.00012415266365243342,TATUAPE
1430982930,8953305176,0,37.407,0,4,23.910912655194945,0.04181279890685493,0.009151836212412027,9.680134476513872e-18,0.0002223795939434518,TATUAPE
1432170572,1432170576,0,458.885,0,4,18.809627532128076,0.053152683689421575,0.0008318362124120281,1.408025676180478e-16,0.0002223884386862734,TATUAPE
1432170572,4251919189,0,78.99499999999999,0,4,18.74537137878458,0.053334882640018594,0.0024310172744721687,7.009351611358282e-16,0.0002203535951338134,TATUAPE
1432170576,2350165185,0,310.825,0,4,19.310607710738402,0.05177372962607862,0.00011403710812539988,2.4928393825877297e-17,0.00022075603981534943,TATUAPE
1658806878,2350165185,0,141.615,0,4,20.155521672838162,0.04960338902457475,0.0005583109404990403,3.4535726265867735e-17,0.00022081139043458599,TATUAPE
1658806878,7936813702,0,127.493,0,4,20.1810063167066,0.04954074969509233,0.0021308765195137557,9.18872412030569e-17,0.0002189960916539443,TATUAPE
1658806914,4251919189,0,93.081,0,4,18.749727728163798,0.053322490706319704,0.0009787332053742802,2.266954861591749e-15,0.00021386244494192743,TATUAPE
1658806914,1658806919,0,142.776,0,4,18.71749074275757,0.053414327607876,0.10034886756238004,8.610686754315754e-15,0.00020299742870817807,TATUAPE
1658806916,4251919189,0,79.78999999999999,0,4,19.186233935961663,0.05210935016575088,0.002330799744081894,1.4622254634607907e-15,0.00021341569350218233,TATUAPE
1658806919,1658806921,0,50.491,0,4,19.153996950555435,0.05219705240174673,0.06674057581573896,1.0782680420703278e-14,0.00019542652120182438,TATUAPE
1658806921,2615681554,0,1.743,0,4,20.087562622522327,0.04977120426796209,0.06956069097888676,1.1718158731804595e-14,0.00018940275736501486,TATUAPE
1706348938,7950952226,0,21.051,0,5,21.162709649313875,0.047242635706786884,0.060048419705694175,3.928343307920839e-17,0.00022369411001709616,TATUAPE
1706348938,2107294475,0,169.389,0,5,20.76279677630146,0.04815257757915277,0.0012392578374920025,4.468277469710586e-17,0.0002303975333803353,TATUAPE
1706348938,1706413920,0,40.725,0,6,20.942496188194294,0.047739399045212016,0.016493000639795266,8.270782152432707e-17,0.0002621459553321586,TATUAPE
1706348938,2107294356,0,43.852999999999994,0,5,20.36179481594424,0.04910088681122367,0.0751557773512476,5.361391548842866e-17,0.00023164853254901838,TATUAPE
1706350102,13314408633,0,4.8,0,4,30.457634502287082,0.032825339159413866,0.0033046193218170183,5.497089770765066e-17,0.00021428606268351425,TATUAPE
1706350102,13314408634,0,20.047,0,4,29.791984317142234,0.033558764394077865,0.00024117722328854767,7.164590001637115e-17,0.00020851997139239203,TATUAPE
1706350102,2371443931,0,15.195,0,4,29.878022217381833,0.03346212728730772,0.00369873320537428,5.553485640807226e-17,0.00021059498752546302,TATUAPE
1706350124,1706350274,0,61.702,0,4,29.966673927248966,0.03336313482631544,0.0019171337172104927,3.002875905732759e-17,0.00022467308164683474,TATUAPE
1706350124,13314408633,0,68.791,0,4,29.925724243084296,0.03340878818537146,0.0026689187460012796,2.646307406759409e-17,0.00021521852095709955,TATUAPE
1706350124,1706350257,0,210.47199999999998,0,5,28.99782182531039,0.034477837285640245,0.00012099808061420346,2.412058769127347e-17,0.000247773808478043,TATUAPE
1706350257,2371443940,0,76.773,0,5,28.367458070137225,0.03524398203247975,0.00010523352527191299,2.440042975246502e-17,0.00024017621711735772,TATUAPE
1706350257,1706350649,0,71.972,0,5,29.010237421041168,0.03446308170528434,0.0012779526551503519,2.70278958145465e-18,0.00024350936410802036,TATUAPE
1706350274,1706350617,0,127.73,0,2,30.964931387497277,0.032287563308947664,0.0006397952655150352,3.2510690689981205e-17,0.00012974022073866318,TATUAPE
1706350274,1706350676,0,72.842,0,4,30.280984534959703,0.0330168321104877,0.0006395905310300704,4.565544242192752e-17,0.00022908968791171097,TATUAPE
1706350317,2371443940,0,91.18299999999999,0,4,27.479416249183185,0.03638294836633428,5.384516954574536e-05,-2.868004017551674e-17,0.00020209295390142304,TATUAPE
1706350317,1706350695,0,83.84,0,4,27.514049226747986,0.03633715176896221,0.0006391810620601407,-4.036268746121228e-17,0.00020749667203067475,TATUAPE
1706350649,1706350800,0,66.795,0,4,29.351993029840994,0.034061815888093205,0.0006395905310300704,-2.219512033045407e-17,0.00020983842760457957,TATUAPE
1706350649,1706350695,0,200.189,0,4,28.424090612067086,0.03517376144679873,6.142034548944338e-07,-2.019687566337032e-17,0.00020799019630759666,TATUAPE
1706350676,1706350800,0,264.236,0,4,29.341102156392942,0.03407445900300657,1.0236724248240563e-06,2.0936407955487415e-17,0.0002183633033507987,TATUAPE
1706350676,13314408633,0,206.87300000000002,0,4,30.23262905685036,0.0330696407729218,0.0,4.139209470927118e-17,0.00021963512722197572,TATUAPE
1706350695,1706350800,0,308.98199999999997,0,4,28.434110215639294,0.03516136692686589,0.0,-5.708514017884169e-18,0.00021210281126696,TATUAPE
1706413928,7950952226,0,43.242000000000004,0,5,21.580701372250054,0.04632760378291632,0.00017504798464491362,4.855128594527978e-17,0.00021950511022982884,TATUAPE
2036415545,2384927178,0,58.163,0,5,23.69178828142017,0.04219952376136583,0.01469236084452975,6.38285974847707e-10,0.00022919796640117165,TATUAPE
2036415545,2356795824,0,117.06700000000001,0,6,23.43737747767371,0.042657596118995174,0.013235470249520154,1.4243244976500712e-09,0.0002641041047816626,TATUAPE
2036415545,2384928120,0,70.001,0,5,23.60771073840122,0.04234981500788869,0.014415559820857326,5.934483828469663e-10,0.0002263734278657419,TATUAPE
2061754865,5338780028,0,159.995,0,2,24.242213025484645,0.04124137435307648,0.0006397952655150352,2.096168987475557e-17,0.00012288785010299838,TATUAPE
2061754865,5338780033,0,127.18,0,4,23.329122195600085,0.04285554227666567,0.0,4.851197965916898e-17,0.000217166001898352,TATUAPE
2097374838,2097374840,0,66.009,0,4,24.570463951208886,0.04069040717002207,0.0001603071017274472,-1.884334354816773e-18,0.00020387446801629265,TATUAPE
2097374841,3900420941,0,33.841,0,3,26.403615769984754,0.03786535114132273,0.0006397952655150352,1.4417015582849837e-17,0.00014786574660441106,TATUAPE
2106532311,3473791742,0,9.223,0,5,21.968852101938577,0.045509077028326676,0.037405399872040945,3.5721687523192365e-17,0.00021878595828014375,TATUAPE
2106532311,3473791753,0,45.253,0,5,22.310607710738402,0.04481196547818956,0.03598044785668586,5.0393273314244033e-17,0.00022657371254007646,TATUAPE
2107294356,2107294361,0,65.222,0,4,20.198867349161404,0.04949694283588366,0.00021169545745361484,5.252914936080707e-17,0.00019687045412240714,TATUAPE
2107294356,7953194549,0,212.248,0,4,19.623611413635373,0.050947919904098034,0.07497704414587332,4.5419621446759105e-17,0.00020336762750436637,TATUAPE
2107294475,2108104583,0,69.863,0,4,20.6854715748203,0.0483325786852275,0.0020334229046705056,1.672945219523983e-17,0.0002106000665310764,TATUAPE
2107294475,2108104623,0,224.433,0,5,21.190590285340885,0.04718047817774397,0.000710428662827895,-8.568721220802773e-18,0.0002284477114864473,TATUAPE
2107294502,3473791753,0,54.17,0,4,23.212589849705946,0.04307068659741576,0.036172284069097886,4.122054070651771e-17,0.00019634319826162232,TATUAPE
2107294502,4497081736,0,37.957,0,4,23.72424308429536,0.0421417947446703,0.08844140754958413,1.6137778596060655e-17,0.00019773156316640948,TATUAPE
2107294502,3473791749,0,62.742999999999995,0,4,23.41319973861904,0.042701646664806026,0.05214812539987204,3.488121012728016e-17,0.00019647325979235198,TATUAPE
2108104561,2108104564,0,82.175,0,2,20.371596602047486,0.04907726193785685,0.0006397952655150352,9.436277053544535e-18,0.00013296447196079755,TATUAPE
2108104561,2108104583,0,356.85400000000004,0,4,20.236767588760618,0.04940424295263005,0.01531270633397313,1.3990065989298007e-17,0.00023406907215828152,TATUAPE
2108104583,5338769671,0,333.583,0,4,20.971465911566106,0.0476734524304113,0.017435598208573256,1.7173646989906426e-17,0.00023282266037084328,TATUAPE
2108104605,2108104623,0,22.323,0,5,21.94336745807014,0.04556193047586905,0.0015649904030710174,-2.5725620796178223e-17,0.00022130717519550682,TATUAPE
2108104605,2108104621,0,23.945,0,5,22.14876933130037,0.04513940109160643,0.05903109404990403,-1.9781218948918115e-17,0.00021784623560483122,TATUAPE
2108104605,7950952226,0,261.68,0,4,21.873665868002615,0.04570711597060405,0.06019623800383877,-4.126265216449892e-19,0.00018205953365798563,TATUAPE
2108104621,2108104623,0,13.123000000000001,0,6,21.708560226530167,0.04605474393963718,0.0011852079334612924,-3.402798921492351e-17,0.00025687556092273935,TATUAPE
2108104621,3473791742,0,19.974,0,5,22.052058375081682,0.045337363321184106,0.008646960972488803,-1.0024539846333173e-17,0.00021630417550068393,TATUAPE
2108104623,2108104632,0,18.155,0,5,21.910912655194945,0.045629417553905344,0.0019007549584133076,-2.4696397252439246e-17,0.0002243813447322877,TATUAPE
2108104632,5796009730,0,109.951,0,4,22.57961228490525,0.04427809343738846,0.03110387715930902,-1.9208947148630793e-17,0.0001933185048113964,TATUAPE
2108104636,5338780034,0,67.086,0,4,22.09976040078414,0.0452395032525133,0.02047365323096609,3.01246272443862e-17,0.00021203046493506564,TATUAPE
2111312288,2111312299,0,110.01499999999999,0,4,20.502722718362012,0.04876338602753697,0.009281433141394754,-1.7078071625887438e-18,0.00022324244324333983,TATUAPE
2111312288,2111312311,0,98.678,0,4,21.371378784578525,0.04678136083819153,0.0037331285988483685,2.0997019164695294e-17,0.0002272566151814391,TATUAPE
2111312299,10568878477,0,86.756,0,4,20.563275974733173,0.04861979111497151,0.0013737683941138835,1.484135443813999e-17,0.00022964390070764304,TATUAPE
2111312299,2350165221,0,34.578,0,4,19.60771073840122,0.05098923560581655,0.010367959053103008,5.141521711109973e-18,0.000223244948529603,TATUAPE
2111312311,10568878477,0,60.216,0,4,21.498366368982794,0.04650503044610381,0.0026482405630198335,3.970444342135317e-17,0.00023365807264574237,TATUAPE
2111312311,2111312340,0,84.664,0,4,22.36811152254411,0.04469676313636895,0.001105156749840051,1.7835210451778554e-17,0.00024052206426133026,TATUAPE
2111312315,2111312317,0,30.834,0,2,22.558483990416033,0.04431956433578588,0.0006397952655150352,1.2724762509678059e-17,0.00014173051166313513,TATUAPE
2111312317,10568878477,0,34.883,0,4,21.560008712698757,0.0463720676486634,0.0027274728087012157,2.8035418926248346e-17,0.0002471094436653439,TATUAPE
2111312317,2111312329,0,29.944,0,4,22.557612720540188,0.044321276143759296,0.0014515674984005118,3.090467826917765e-17,0.00026254000845980064,TATUAPE
2111312325,2111312329,0,26.928,0,2,23.55630581572642,0.042442231407251244,0.0006397952655150352,1.8954038485233944e-17,0.00014488612658822438,TATUAPE
2111312329,2111312331,0,54.116,0,4,23.49379220213461,0.0425551641016132,0.00017402431222008957,1.6248577240035723e-17,0.00026048913009270666,TATUAPE
2111312331,2111312340,0,154.192,0,3,23.365933347854497,0.04278802681010133,0.0,3.0298992425596294e-17,0.00019514561001197277,TATUAPE
2111312331,2111312340,1,48.579,0,3,23.365933347854497,0.04278802681010133,0.0004674088291746641,2.5460701098246324e-17,0.00019514561001197277,TATUAPE
2152355418,8953288005,0,108.705,0,2,22.53452406883032,0.04436668728734921,0.0006397952655150352,9.474884943970864e-16,0.00012620332960772308,TATUAPE
2152355418,2615683791,0,53.181000000000004,0,4,21.574602483119147,0.04634070005754728,0.009534280230326295,4.158890904912268e-15,0.0002120003654951084,TATUAPE
2251528963,3900420955,0,34.084,0,4,23.462644304073187,0.04261165832691219,0.03608424824056302,9.026839451751973e-18,0.00023125243287457206,TATUAPE
2251528963,2251528966,0,172.90699999999998,0,4,22.888477455891962,0.04368058925971394,0.0005253486884197057,5.674304276874578e-18,0.00022143320836327205,TATUAPE
2251528963,2371443915,0,98.542,0,4,23.236331953822695,0.043026678415418365,0.03658605246321177,1.755448876774378e-17,0.0002271780095345926,TATUAPE
2251528966,2251528971,0,57.463,0,4,22.545850577216292,0.044344398500598986,0.0005345617402431222,-3.542574162412469e-18,0.00021577126936345745,TATUAPE
2251528966,2251528982,0,106.04,0,4,23.0860379002396,0.043306789447862024,0.00017361484325015996,-3.1239439906321744e-17,0.00020937260262814117,TATUAPE
2251528971,2251528977,0,56.033,0,4,22.177521237203223,0.045080880403076104,0.0007440051183621241,1.953827482293272e-17,0.00021534172939026376,TATUAPE
2251528977,2251528984,0,42.16,0,4,22.421258984970596,0.04459081370948939,0.0012232885476647472,2.68032079846753e-17,0.0002152202552038566,TATUAPE
2251528977,2251528988,0,226.732,0,4,21.496188194293183,0.046509742727152976,0.0022504414587332052,4.7050778606814686e-17,0.00021262041250173064,TATUAPE
2251528984,13664776698,0,23.088,0,4,22.62470050098018,0.044189852700491,0.0005071273192578375,1.4382375190927213e-17,0.00021462596427179872,TATUAPE
2251528984,13664776697,0,25.947000000000003,0,4,23.119799607928556,0.04324354879737712,0.0011479462571976967,1.2672025712951732e-17,0.00021522657512464192,TATUAPE
2251528986,2251529000,0,144.493,0,4,24.048791113047265,0.04157307441489747,0.00012263595649392194,-1.1900110226134259e-17,0.0002095511313441234,TATUAPE
2251528986,2251528990,0,72.933,0,4,23.384230015247223,0.04275454791024339,0.03979219449776072,-1.0393070283756697e-17,0.0002073857326291784,TATUAPE
2251528990,2251529003,0,158.238,0,4,23.460683946852537,0.042615218925242324,2.7024952015355086e-05,-5.84847560830873e-18,0.00020756243917535917,TATUAPE
2251528992,2251529000,0,77.15,0,4,24.598126769766935,0.04064464712653856,0.0055319257837492,-1.7392781979654256e-17,0.00020675264634310533,TATUAPE
2251528995,2251529007,0,190.74,0,4,22.662818558048354,0.04411552693546062,2.0473448496481126e-07,-4.52294962259261e-18,0.0002085953048741651,TATUAPE
2251528995,2251528997,0,71.15,0,4,21.868220431278587,0.04571849756466827,0.04063201535508637,3.271417698102452e-17,0.00020999739771180594,TATUAPE
2251528997,2251529009,0,184.298,0,4,21.813112611631453,0.04583399904138041,1.4331413947536788e-06,4.15683283279624e-17,0.00021352024594057832,TATUAPE
2251529000,2251529003,0,76.044,0,4,24.126116314528424,0.04143983099049321,0.005735431861804223,-6.355866767917141e-18,0.00020972783789030412,TATUAPE
2251529003,2251529005,0,75.373,0,4,23.46787192332825,0.042602166306234396,0.0060456046065259115,-3.868503343879376e-18,0.00020760663186573366,TATUAPE
2251529005,2251529007,0,76.40700000000001,0,4,23.047048573295577,0.0433800527365347,0.00638853486884197,-5.4664423704489455e-18,0.00020811039975182557,TATUAPE
2251529007,2251529009,0,73.221,0,4,22.21825310389893,0.04499823536331909,0.006756238003838772,8.199739380577028e-18,0.0002121181531029374,TATUAPE
2251529009,4497081897,0,4.174,0,4,21.338270529296448,0.046853946347637905,0.007128445297504798,7.14284578113805e-17,0.0002138476938091646,TATUAPE
2343417316,2352384912,0,76.014,0,4,19.148987148769333,0.05221070831390124,0.069640742162508,3.930910498738995e-15,0.00021664185120120284,TATUAPE
2343417316,2343417322,0,170.89900000000003,0,4,19.94663472010455,0.05012285012285012,0.0032960204734484963,1.4518692457732474e-15,0.00021545081059133088,TATUAPE
2343417322,10553233378,0,294.006,0,4,20.725549989109126,0.04823911467036605,0.019276161228406908,1.126196492236908e-15,0.0002118545986317231,TATUAPE
2344686373,2384928146,0,23.533,0,4,23.20845131779569,0.04307836696386673,0.012475700575815738,2.3379140365016282e-11,0.00018628091929748247,TATUAPE
2344686373,2344686374,0,116.77100000000002,0,4,22.746896101067307,0.04395246622171577,0.00025735124760076775,2.13662551274757e-11,0.000182122825272582,TATUAPE
2352384912,2385844611,0,48.538,0,4,18.716183837943802,0.05341805739822638,0.069960742162508,1.3466212583255907e-14,0.00021609898587186756,TATUAPE
2356795824,2384927721,0,69.382,0,5,23.804399912873013,0.0419998901963655,0.0015862827895073576,1.2547637120263802e-09,0.0002298183370801515,TATUAPE
2356795824,2384927389,0,57.609,0,5,24.147898061424527,0.041402451674589356,0.0010523352527191299,1.316999714429758e-09,0.00023231401146357386,TATUAPE
2356795825,2384928143,0,18.721,0,4,23.39882378566761,0.04272788203753351,0.029935457453614842,9.363694948868781e-11,0.00019141201422018012,TATUAPE
2356795825,2384927721,0,197.128,0,4,23.35090394249619,0.04281556658333644,0.0005986436340371081,3.343389565328235e-10,0.00019149510403543686,TATUAPE
2357332775,2357332778,0,258.831,0,5,24.08625571770856,0.041508410200759634,0.01235101727447217,4.313426162686507e-08,0.00023554981984282302,TATUAPE
2357332780,2357332781,0,260.968,0,4,24.734044870398606,0.04042129735632386,0.0015666282789507358,5.758120042276047e-07,0.0001983023555880085,TATUAPE
2357332780,6951275347,0,73.002,0,5,24.484426050969287,0.04083339264109316,0.005875060780550224,1.255041482278838e-06,0.00023256413167082815,TATUAPE
2357332780,6951275361,0,65.863,0,4,24.39424961881943,0.040984338446702503,0.007188841970569418,3.5357940817491944e-07,0.00020359385595586246,TATUAPE
2357332781,2357332782,0,44.903,0,4,24.501197996079284,0.040805440725430055,0.046942341650671786,3.6762659706447605e-07,0.00020083574304178176,TATUAPE
2365237485,2365237488,0,11.715,0,4,23.80396427793509,0.04200065883386406,0.0001889699296225208,4.038758918999326e-17,0.0002140016840665778,TATUAPE
2371409327,2371409328,0,100.52,0,4,24.271182748856457,0.04119214926096438,2.0473448496481126e-07,1.1073854136622708e-17,0.00020576396037104216,TATUAPE
2371409333,2371409334,0,145.249,0,2,25.723371814419515,0.03886668473106625,0.0006397952655150352,6.5254690468485635e-18,0.0001308319142286198,TATUAPE
2371443915,8776890404,0,11.788,0,2,23.87301241559573,0.04187917993448965,0.0006397952655150352,1.56225976707616e-17,0.00012567880647091628,TATUAPE
2371443931,13314408634,0,18.719,0,4,29.467436288390328,0.03392837343386185,0.023726065259117083,5.805854617301429e-17,0.00020703752385712345,TATUAPE
2371443931,2371448009,0,48.578,0,4,28.91766499673274,0.0345734063467434,0.028031836212412026,4.720229242064761e-17,0.00020723834770406085,TATUAPE
2384739371,2384739421,0,204.68800000000005,0,4,20.35961664125463,0.04910613987225985,0.03700391554702495,3.567341115895533e-15,0.00021331259002077432,TATUAPE
2384739372,7959240889,0,398.74999999999994,0,4,21.347854497930733,0.04683291159905314,0.008147818298144593,1.0173731666027747e-15,0.00020188611024216958,TATUAPE
2384739372,2384739421,0,12.838,0,4,21.1078196471357,0.0473654882050647,0.053109149072296864,1.1305738295360404e-15,0.00020948972748116525,TATUAPE
2384739421,7959266141,0,358.14000000000004,0,4,21.201698976257894,0.04715575783104061,0.01623114523352527,9.898864307833e-16,0.00021330415868448302,TATUAPE
2384739456,2385844612,0,215.293,0,4,18.752994990198214,0.05331320053429351,0.005375099168266155,5.665038992092483e-15,0.00021620877979330622,TATUAPE
2384739456,2384739465,0,364.781,0,4,19.13112611631453,0.052259452812788196,5.302623160588612e-05,3.3733522282730903e-15,0.00021435771035748337,TATUAPE
2384739465,10553233375,0,22.807000000000002,0,4,19.998475277717272,0.049992920392537006,0.005368752399232245,1.2483399575245116e-15,0.00020947714632888706,TATUAPE
2384899329,4570444059,0,12.769,0,4,25.536048791113046,0.03915179637653963,0.00016972488803582852,7.161452342435822e-16,0.00021299210954881653,TATUAPE
2384899329,4570444060,0,10.127,0,4,25.085166630363755,0.039855512911796884,0.0004702751119641715,5.375940777422453e-16,0.00021155494015137746,TATUAPE
2384899346,4570444042,0,2.042,0,4,24.944892180352863,0.0400796353539058,0.001841791426743442,3.517858642573877e-16,0.00020802078970108724,TATUAPE
2384899346,4570444425,0,10.75,0,4,24.658897843607058,0.04054447967917745,0.0015426743442098528,3.99809153578872e-16,0.00020778848558291295,TATUAPE
2384906404,2384911925,0,29.291,0,2,24.717272925288608,0.04044872529234999,0.0006397952655150352,1.889143772309401e-12,0.00012919513930647765,TATUAPE
2384906434,2384906935,0,193.62900000000002,0,4,24.413417556088,0.040952160025695475,0.018823902751119642,2.48575818885919e-11,0.00021579335389181574,TATUAPE
2384906434,8762601400,0,26.743000000000002,0,4,23.89871487693313,0.041834139939299485,0.047389481765834934,9.086866627714275e-11,0.00020923488080977173,TATUAPE
2384906935,2384911925,0,29.251,0,4,24.514267044216947,0.04078368652538984,0.019099475367882278,7.85257086775646e-12,0.0002267841465307688,TATUAPE
2384916879,2385916485,0,115.176,0,5,19.996950555434545,0.049996732239722896,0.005845783749200256,2.3281527937695367e-13,0.00022477960582171765,TATUAPE
2384916886,2384916889,0,356.525,0,4,18.409932476584622,0.05430667297681022,0.0012494945617402432,1.4281401192457001e-13,0.00019736654090216283,TATUAPE
2384921120,2384921121,0,116.583,0,4,23.119799607928556,0.04324354879737712,0.0002673832373640435,4.3690230180103424e-12,0.0001832969490987988,TATUAPE
2384927178,2384927389,0,116.973,0,4,24.430189501197997,0.04092404532850685,6.592450415866923e-05,5.309611901091246e-10,0.00019613031120047547,TATUAPE
2384927721,2384928120,0,117.246,0,4,23.9653670224352,0.04171779141104295,0.0009514011516314779,4.238875995792662e-10,0.00019113982215533676,TATUAPE
2384928118,2384928594,0,52.017,0,4,24.563058157264212,0.04070267538064539,0.015106129238643634,9.314691716260878e-12,0.00020028803301580164,TATUAPE
2384928118,2384928142,0,99.056,0,5,24.174907427575693,0.04135619486966942,0.00022868841970569417,1.9735832599568618e-11,0.000234605616475935,TATUAPE
2384928118,2465949932,0,49.284,0,5,24.38749727728164,0.040995686074864014,0.015124555342290466,2.2709433717269128e-11,0.0002379158253970142,TATUAPE
2384928120,5339283324,0,80.417,0,4,23.47614898714877,0.04258714591896381,0.015330722968650031,2.2265665159977493e-10,0.00018928997175118135,TATUAPE
2384928142,2384928146,0,134.602,0,5,23.46329775648007,0.042610471593018936,0.0021018042226487524,2.8701731448057865e-11,0.00023014228971077053,TATUAPE
2384928142,2384928143,0,49.482,0,5,24.072315399695057,0.0415324477903652,0.0007177991042866282,3.459656012700637e-11,0.00023271115598423798,TATUAPE
2384928142,2384928144,0,51.343,0,5,24.025049008930516,0.04161415787994451,0.0020833781190019193,1.6661972684974518e-11,0.00023814697027359357,TATUAPE
2384928143,2465949932,0,98.229,0,5,23.779350903942497,0.04204413259931667,0.029430786948176583,3.757016347088174e-11,0.00023602136490531717,TATUAPE
2384928144,2384928594,0,99.186,0,4,24.663254192986276,0.04053731817820523,0.0002219321817018554,6.240826815495558e-12,0.00020361131094159693,TATUAPE
2384928144,2384928584,0,151.39,0,4,24.329557830538008,0.04109331495026724,0.0013747920665387076,5.2678489406543864e-12,0.000205476336003068,TATUAPE
2384928584,2384928594,0,54.263,0,4,24.863428446961446,0.04021095419981077,0.01511575175943698,4.1669953638222414e-12,0.00020716233850528,TATUAPE
2384948730,3880322136,0,69.715,0,5,21.589196253539534,0.046309374873885145,0.007927728726807422,1.615848475951253e-11,0.00022220336393341696,TATUAPE
2384948730,2384948731,0,117.801,0,4,22.103898932694403,0.045231033021610384,0.0008985796545105566,1.0426260331330224e-11,0.00019408196645765666,TATUAPE
2384948730,2384948732,0,105.85499999999999,0,4,21.908298845567415,0.04563486145494676,0.00881914267434421,7.63105819382488e-12,0.00019750753438882852,TATUAPE
2384948731,2384948733,0,109.924,0,4,22.548682204312787,0.044338829802648735,0.021556084452975046,1.095050804796573e-11,0.00019898355103264233,TATUAPE
2384948732,2384948733,0,118.283,0,4,22.169679808320627,0.04509682553718278,0.0001912220089571337,8.155309517958152e-12,0.00020240911896381424,TATUAPE
2384948732,2384948734,0,39.902,0,4,21.755173164887825,0.04595606640100923,0.009021215611004479,8.559862491099067e-12,0.00020018384506831577,TATUAPE
2384948733,2384948735,0,41.829,0,4,22.35133957743411,0.04473030258734103,0.021390863723608444,1.913308762653977e-11,0.0002002323723236971,TATUAPE
2384948734,2384948735,0,118.517,0,4,21.92419952080157,0.045601764460428795,0.00013205374280230326,1.9537645766776868e-11,0.00019800709842819863,TATUAPE
2384949756,2384949757,0,115.363,0,4,20.59681986495317,0.04854060913705584,8.742162507997441e-05,4.8914770443381595e-12,0.00019740994215978498,TATUAPE
2385844611,8751090688,0,24.281,0,4,18.57503811805707,0.053823963976641104,0.05791293666026871,5.3466947716750435e-14,0.000212219700557433,TATUAPE
2385844611,2385844612,0,50.311,0,4,18.72184709213679,0.053401898734177215,0.012403019833653231,1.36250289000052e-14,0.0002162685011645222,TATUAPE
2385844612,2385844614,0,42.833,0,4,19.190590285340885,0.05209752111141378,0.01681156749840051,4.7469686456634085e-15,0.00021786945727260247,TATUAPE
2385844614,2385844620,0,38.531,0,4,19.989980396427793,0.05001416523198291,0.011924350607805502,2.7373047711396307e-15,0.0002194596182961741,TATUAPE
2385844614,7936505137,0,32.517999999999994,0,4,19.62470050098018,0.050945092511404375,0.004810850927703135,4.999772283299068e-15,0.0002179138629746373,TATUAPE
2385844620,2615693298,0,37.919,0,4,20.257242430842954,0.049354308018193356,0.013000639795265514,1.3918830896866898e-15,0.00022140557060136985,TATUAPE
2385844620,7936505137,0,23.884,0,4,19.92920932258767,0.05016667577463249,0.0013709021113243762,4.509501398871754e-15,0.00021878890815411536,TATUAPE
2385865448,6955084865,0,54.64,0,4,26.305162274014375,0.038007071468199094,0.00880685860524632,2.3254664644961185e-06,0.0002026844638401138,TATUAPE
2385865448,2385865581,0,118.86,0,4,25.90742757569157,0.03859056170706485,0.000295022392834293,1.8690883402672995e-06,0.00020078438814214312,TATUAPE
2385865581,2385865586,0,55.432,0,4,25.44434763668046,0.0392928990283782,0.007411797824696097,1.1691639961772084e-06,0.00019733486934104296,TATUAPE
2385865586,6951275347,0,99.56400000000001,0,5,24.83402308865171,0.040258567005516915,0.006924529750479846,1.5345243859966661e-06,0.00023161371918134445,TATUAPE
2385865586,6955084865,0,117.727,0,4,25.628839032890436,0.039010045724193025,0.000555444657709533,1.6255421204045256e-06,0.00019923494503901363,TATUAPE
2385873832,2385873833,0,72.421,0,2,26.509692877368764,0.03771383497937653,0.0006397952655150352,1.4318316409971726e-08,0.00012619809413701245,TATUAPE
2385876554,2385876700,0,172.113,0,4,25.74798518841211,0.03882953074638987,0.014892181701855406,4.222755303453847e-07,0.00020724595663210063,TATUAPE
2385884316,2385884578,0,72.551,0,4,24.964713570028316,0.0400478130753056,0.0017416762635956494,2.7139293434096944e-08,0.00021385325401689878,TATUAPE
2385884316,6951275361,0,145.159,0,4,24.763232411239382,0.040373654211526284,0.001886423544465771,8.720972904470113e-08,0.00021154904797707772,TATUAPE
2385884576,2385884580,0,84.736,0,2,24.628839032890436,0.040593963085141196,0.0006397952655150352,7.285320298090975e-10,0.00011564235561437915,TATUAPE
2385902753,2385902756,0,72.691,0,4,23.009148333696363,0.0434515075495811,0.000377530390275112,3.8637963028975974e-13,0.00021077369938544342,TATUAPE
2385906802,2385906803,0,63.035,0,4,22.13373992594206,0.04517005196032121,0.0005433653230966091,2.614616174328511e-14,0.0002000698918388777,TATUAPE
2385915570,2385915917,0,76.444,0,5,22.90742757569157,0.0436444545869466,0.09504880358285349,1.0815631990656266e-15,0.00024596494669034037,TATUAPE
2385915570,6724921726,0,71.039,0,4,23.245262470050097,0.04301014814606584,0.07221456174024313,2.968240722435365e-16,0.00020735082202228328,TATUAPE
2385915917,6724921718,0,30.601,0,5,22.526682639947722,0.04438213111583833,0.09532621880998081,2.937906062196043e-15,0.0002456654994929708,TATUAPE
2385915917,6724921714,0,118.248,0,5,23.054018732302332,0.0433669371982502,3.173384516954575e-05,1.0942647551627214e-15,0.00024465747844882555,TATUAPE
2385915921,6724921718,0,22.507,0,4,22.346547593116966,0.044739894534714844,0.08337955214331413,5.936514861382942e-15,0.00020672367470820886,TATUAPE
2385915921,4497081970,0,8.667,0,4,21.707688956654323,0.04605659241420831,0.08367948816378759,1.8539081290120164e-14,0.00020569013554124562,TATUAPE
2385915997,2385915998,0,135.298,0,6,20.818340230886516,0.048024106218023166,0.04034579654510557,1.054052773451117e-12,0.00026159502692796294,TATUAPE
2385915997,4496467742,0,62.510999999999996,0,5,20.911348290132867,0.04781050789550435,0.04624214971209213,9.548957689400067e-13,0.0002377370575845783,TATUAPE
2385915998,2385916479,0,77.929,0,5,21.01938575473753,0.047564766839378235,0.03886065259117082,4.0321093316534467e-13,0.00022940963513286836,TATUAPE
2385915999,8258102320,0,20.467,0,4,21.433892398170332,0.046644919362214564,0.0026154830454254638,9.431113957625581e-13,0.00020367475131123527,TATUAPE
2385915999,6733297794,0,8.411000000000001,0,4,21.429536048791114,0.046654401675086145,0.007091183621241203,9.292471566329984e-13,0.00020179980425685687,TATUAPE
2385916479,8258102336,0,6.44,0,4,21.235025049008932,0.04708175197456149,0.03767278310940499,1.4635762441530835e-13,0.00019092934842374288,TATUAPE
2385916479,7936505119,0,6.336,0,4,21.210411675016335,0.04713638744261992,0.002132309660908509,1.1653972325700773e-13,0.0001984416399449629,TATUAPE
2385916481,7936505119,0,29.750999999999998,0,4,20.84033979525158,0.047973410815443464,0.01178554062699936,6.135149961231129e-14,0.00020310632175767177,TATUAPE
2385916485,2533503932,0,6.548,0,6,20.535395338706163,0.04868580156558264,0.05780391554702495,1.91482062506698e-13,0.0002655739729489033,TATUAPE
2385916485,8258102336,0,30.114,0,5,20.644957525593554,0.04842742743798863,0.00036811260396673066,1.8978119613012493e-13,0.00022511258083511104,TATUAPE
2385919003,7936505119,0,34.691,0,4,21.348290132868655,0.046831955922865015,0.012527498400511835,5.0297792729371716e-14,0.00020180769298173826,TATUAPE
2385919003,2533503932,0,8.009,0,5,21.326944020910478,0.04687882996976877,0.0084672040946897,8.181753996971752e-14,0.00023583051671362493,TATUAPE
2385919003,6724921703,0,324.82300000000004,0,4,21.62709649313875,0.04622822036458858,0.0208552783109405,2.566239696079152e-14,0.0002044984356692392,TATUAPE
2447434303,8751090681,0,622.6629999999998,0,5,18.24961881942932,0.05478372959037525,0.01928885476647473,2.7292261320906237e-13,0.00022261338319502132,TATUAPE
2523494612,2523494616,0,27.908,0,4,23.29536048791113,0.0429176523389653,0.002096890595009597,4.9487296658694915e-15,0.00019312936383910647,TATUAPE
2523494627,2523494630,0,17.32,0,4,24.035286429971684,0.04159643303789897,0.00023892514395393473,1.774146800461357e-13,0.00019508824952089754,TATUAPE
2524219177,2524219180,0,20.289,0,5,21.955565236331953,0.04553661779003552,0.0033840563019833653,1.0122020277790187e-13,0.00024577039205657815,TATUAPE
2524219177,7949811483,0,20.806,0,5,21.391200174253974,0.04673801256529575,0.0034123096609085094,9.33780936167228e-14,0.0002453536475605279,TATUAPE
2524219177,2524219195,0,216.749,0,4,21.548900021781748,0.04639597295084453,0.0,1.283702537936341e-13,0.00020148003188768995,TATUAPE
2524219177,2524219195,1,213.845,0,4,21.548900021781748,0.04639597295084453,0.006722866282789507,1.283719864115781e-13,0.00020148003188768995,TATUAPE
2524219180,7949811483,0,20.117,0,4,21.24112393813984,0.047068233556881806,0.01946595009596929,7.696893488612198e-14,0.00020140844871327978,TATUAPE
2524219193,2524219195,0,44.017,0,4,20.582443912001743,0.048574512667470954,0.006769341010876519,4.0544123888075795e-13,0.00019810071124295645,TATUAPE
2533503932,4497081970,0,372.6,0,5,21.175125245044654,0.04721493596667181,0.08657054382597569,7.596185629642918e-14,0.0002370398195693511,TATUAPE
2533503932,8258102336,0,29.266000000000002,0,5,21.343933783489437,0.046841514440249005,0.03735032629558541,1.2081680429632062e-13,0.000229203748203941,TATUAPE
2587848143,2587848144,0,72.389,0,4,24.21128294489218,0.04129406049264984,8.00511836212412e-05,5.430693941897356e-18,0.00020288746383549943,TATUAPE
2615683787,2615683790,0,17.506,0,5,20.076453931605315,0.04979874363953955,0.0005843122200895714,1.9037218356699468e-14,0.00021660593471746004,TATUAPE
2615683790,2615683791,0,12.170000000000002,0,5,20.6122849052494,0.04850418995889296,0.0037255534229046704,1.188888967693242e-14,0.0002264987484749764,TATUAPE
2615693298,2615693300,0,52.945,0,2,21.07122631235025,0.04744774545680085,0.0006397952655150352,2.990256461266628e-16,0.00012327655375932324,TATUAPE
3325705334,3325705335,0,122.407,0,2,24.299063384883468,0.04114488557419077,0.0006397952655150352,6.18346911068235e-13,0.0001189015647603006,TATUAPE
3473791749,3473791753,0,19.892000000000003,0,4,22.895229797429753,0.04366770682700358,0.0002727063339731286,2.960830817257006e-17,0.00019348090692067018,TATUAPE
3473791759,4497081736,0,68.14600000000002,0,5,24.5519494663472,0.0407210915736617,0.030759718490083174,-2.6087350615176397e-17,0.00023129838371349631,TATUAPE
3473791768,4497081888,0,19.954,0,5,24.438684382487477,0.040909820139396424,0.0004510300703774792,-1.7156603158607737e-16,0.00021750495337162187,TATUAPE
3473793027,8773249083,0,14.6,0,2,24.468525375735133,0.04085992789424489,0.0006397952655150352,1.0939551170367916e-17,0.00013093565293282488,TATUAPE
3473793027,4489631712,0,125.31,0,4,23.774776737094314,0.04205222171323866,0.003771413947536788,8.347670707270376e-19,0.000233260943762957,TATUAPE
3746380629,3746380630,0,101.503,0,2,20.98954476148987,0.047632390025217144,0.0006397952655150352,4.518537776125187e-13,0.00011130956033541332,TATUAPE
3793152578,3793152579,0,81.128,0,2,27.591592245698106,0.03623503035374547,0.0006397952655150352,1.4766670622916439e-18,0.00012285238845943563,TATUAPE
3900420895,7936730665,0,11.323,0,2,22.769984752777173,0.043907898638759484,0.0006397952655150352,9.051260896996402e-17,0.0001272097518941571,TATUAPE
3900420898,13281516340,0,40.986000000000004,0,1,22.358745371378784,0.044715486755837856,0.0006397952655150352,6.427665633432738e-16,9.51254527999195e-05,TATUAPE
3900420901,3900420902,0,87.372,0,4,22.0,0.04544464466050177,9.929622520793346e-05,2.1919169082232822e-15,0.00020861750194156386,TATUAPE
3900420918,4162185514,0,64.764,0,4,24.875190590285342,0.040191940596486925,0.0019181573896353166,-3.711743543988161e-17,0.0002692368975639974,TATUAPE
3900420918,8773249082,0,57.641,0,4,24.0910477020257,0.04150015370427298,0.004403019833653231,-5.678100392313802e-17,0.00023825172788351505,TATUAPE
3900420919,4162185514,0,27.975,0,2,25.87453713787846,0.03863961612930381,0.0006397952655150352,1.55420583578724e-18,0.00015795266799472528,TATUAPE
3900420920,3900420921,0,58.641,0,2,24.955347418862992,0.04006284367635507,0.0006397952655150352,-4.630905740482114e-17,0.00012923551586781565,TATUAPE
3900420922,4162185516,0,9.2,0,4,25.729035068612504,0.03885812973027886,0.0019181573896353166,2.938156221373708e-17,0.00028609154859876536,TATUAPE
3900420922,4489631711,0,53.154,0,2,26.72838161620562,0.03740526444462554,0.0006397952655150352,6.682158175625783e-18,0.00016441483193376817,TATUAPE
3900420935,3900420936,0,110.311,0,4,26.710302766281856,0.037430582171952345,2.7434420985284707e-05,4.9550181125490863e-17,0.0001999996903954619,TATUAPE
3900420936,13626750983,0,55.345,0,4,26.985188412110652,0.03704929412619361,0.010088496481126039,4.4311413108926645e-18,0.0002060512050448452,TATUAPE
3900420937,3900420938,0,53.645,0,2,26.048137660640382,0.03838209838862083,0.0006397952655150352,1.335239345320246e-17,0.0001274102074710267,TATUAPE
3900420939,3900420940,0,73.09,0,2,25.09671095621869,0.03983717963183155,0.0006397952655150352,2.4866019480796357e-17,0.00012211156176103368,TATUAPE
3900420943,8769747144,0,10.246,0,2,26.542801132650837,0.037666792496184084,0.0006397952655150352,-2.907986675014383e-18,0.0001212366951641522,TATUAPE
3900420953,3900420955,0,9.18,0,2,24.124809409714658,0.04144207589588017,0.0006397952655150352,1.400327774609145e-17,0.0001297532298108957,TATUAPE
3901480366,3901480367,0,116.499,0,4,23.504683075582662,0.042535446205170975,0.003296839411388356,4.304680118735149e-12,0.00018704443407504368,TATUAPE
3901480397,3901480398,0,88.521,0,2,21.56284033979525,0.046365978079701,0.0006397952655150352,9.453826770689977e-13,0.00010930610828639317,TATUAPE
3901480405,5339283324,0,117.449,0,4,22.828359834458723,0.043795620437956206,8.250799744081893e-05,1.3220360353733943e-10,0.0001849412023237019,TATUAPE
3901480692,3901480693,0,167.34900000000002,0,2,27.357220649096057,0.036545458888349244,0.0006397952655150352,9.247468951554763e-06,0.00011928358044305881,TATUAPE
3901480697,6958768870,0,162.11200000000002,0,4,27.050533652798954,0.03695979515093929,9.561100447856685e-05,2.17626419373294e-05,0.00021540493989429568,TATUAPE
3940711789,3940711808,0,17.263,0,4,24.410585928991505,0.04095691047479678,0.0009636852207293666,1.6581304825081206e-15,0.00020202161619197536,TATUAPE
3940711789,4496388352,0,19.946999999999996,0,4,24.294924852973207,0.04115189442163209,0.0002819193857965451,1.4649175142987786e-15,0.00020471696139692184,TATUAPE
4153435507,4153435513,0,7.6129999999999995,0,4,20.839904160313658,0.04797441364605544,0.01187275751759437,1.1392870017686144e-13,0.00019364978172943032,TATUAPE
4153435511,4153435513,0,9.524999999999999,0,4,20.352210847309955,0.049124008690347505,0.00047539347408829174,5.670492252010642e-14,0.00019511729209956607,TATUAPE
4162185514,4162185515,0,75.453,0,2,25.87453713787846,0.03863961612930381,0.0006397952655150352,-3.636267418030719e-18,0.00015795266799472528,TATUAPE
4162185516,4162185518,0,67.967,0,2,25.729470703550426,0.03885747180928516,0.0006397952655150352,1.319654195587838e-17,0.00014575334645655608,TATUAPE
4384439197,5796009730,0,161.486,0,4,23.18971901546504,0.043113165013525696,0.0026769033909149072,-4.721807388616325e-17,0.00019785763488961122,TATUAPE
4489631700,4489631703,0,50.196,0,2,21.832716183837945,0.04579284474330068,0.0006397952655150352,-3.2987163065342462e-18,0.00013246452288017806,TATUAPE
4489631712,8773249082,0,11.885,0,4,23.991940753648443,0.041671584337294704,0.0014732693538067818,-3.704285145748599e-17,0.00022929278914437504,TATUAPE
4493556080,4493556081,0,71.777,0,2,24.166848181224132,0.041369986480396574,0.0006397952655150352,3.031996159183286e-13,0.00012136539738297876,TATUAPE
4496358466,4496358471,0,20.986,0,3,24.62295796122849,0.04060365875234422,0.01220852207293666,1.070925151364475e-14,0.0001729057256453441,TATUAPE
4496358466,4496358471,1,82.47500000000001,0,3,24.62295796122849,0.04060365875234422,0.0,1.0705662600008875e-14,0.0001729057256453441,TATUAPE
4496388329,4496388348,0,21.921,0,4,25.089740797211938,0.03984824676395774,0.0004223672424824056,4.342197632003298e-15,0.0002151160508869451,TATUAPE
4496467742,8762028636,0,7.939,0,2,21.909605750381182,0.045632139342062096,0.0006397952655150352,2.4979548542522057e-13,0.0001185304702255593,TATUAPE
4496467742,8258102320,0,41.255,0,4,21.632324112393814,0.046217048955837045,0.04612586052463212,4.625286457385877e-13,0.00021130432029301866,TATUAPE
4497081736,7950952227,0,8.766,0,4,24.587671531256806,0.04066193015715526,0.05800005118362124,-1.485269762755164e-17,0.00019715447470462918,TATUAPE
4497081740,4497081742,0,43.827000000000005,0,2,23.59485950773252,0.0423728813559322,0.0006397952655150352,2.1644613944978556e-17,0.00011883471783956735,TATUAPE
4497081742,7950827743,0,66.459,0,5,23.17882814201699,0.04313342229405905,0.04447119641714651,8.026649608504948e-17,0.00024601343675208784,TATUAPE
4497081746,4936202876,0,24.009,0,5,23.892615987802223,0.04184481862687003,0.034972949456174025,9.457874298161891e-17,0.00023299437047081108,TATUAPE
4570444042,4570444060,0,8.731,0,4,25.558701807884994,0.03911709561956707,0.0003386308381317978,3.420514647191316e-16,0.0002093309528452525,TATUAPE
4570444059,4570444425,0,2.763,0,4,24.918971901546502,0.04012132548971618,0.0025788355726167624,5.671710136921002e-16,0.00021053581812451733,TATUAPE
4936202876,7950827743,0,63.097,0,6,23.154214768024396,0.043179273948504716,0.04420790786948176,1.2082121115076479e-16,0.00027306771959560185,TATUAPE
4964960096,6958768871,0,52.352000000000004,0,2,28.278806360270092,0.03535446898974027,0.0006397952655150352,1.830794005466759e-05,0.00012200642928698982,TATUAPE
5338760553,5338760556,0,72.212,0,2,23.350468307558266,0.04281636536631779,0.0006397952655150352,-2.642438054258281e-17,0.00012979746183907668,TATUAPE
5338769669,5338769671,0,61.867999999999995,0,2,21.828577651927684,0.04580152671755725,0.0006397952655150352,1.6401161848614984e-17,0.0001317180601733593,TATUAPE
5338769671,5338780034,0,151.60899999999998,0,4,21.6508385972555,0.046177526936890714,0.018076007677543186,3.1870700732737906e-17,0.00022948601959600748,TATUAPE
5338780033,5338780034,0,43.525,0,4,22.400130690481376,0.04463287274283103,0.0031799360204734484,4.951343576883029e-17,0.0002161227410095607,TATUAPE
5900170475,5900170476,0,49.602999999999994,0,2,24.962317577869744,0.04005165703914417,0.0006397952655150352,-5.619813588018032e-18,0.00012373971339310445,TATUAPE
5900170477,5900170479,0,16.612,0,2,27.403615769984754,0.03648358636038471,0.0006397952655150352,1.2461950483055001e-18,0.0001500597368410655,TATUAPE
5900170478,5900170479,0,20.608,0,2,27.403615769984754,0.03648358636038471,0.0006397952655150352,4.461554447768323e-18,0.0001500597368410655,TATUAPE
5900170479,5900170480,0,50.902,0,4,26.404269222391637,0.0378644140502549,0.0019181573896353166,2.8027033510043426e-19,0.0002459799872125128,TATUAPE
5900170481,5900170483,0,45.069,0,2,24.200827706382054,0.041311900347415983,0.0006397952655150352,-4.616141714672217e-17,0.00012151311903234716,TATUAPE
5900170483,13625599956,0,31.756,0,5,23.20300588107166,0.04308847688336071,0.0018057581573896354,-1.0706680844179027e-16,0.0002487176754111802,TATUAPE
6724921703,6724921704,0,25.191,0,4,22.143541712045305,0.045150057544190984,0.009861445937300064,6.318853740635736e-15,0.0002105497051096011,TATUAPE
6724921703,6724921718,0,74.02,0,4,22.11021563929427,0.045218110887811795,0.012127856685860524,7.201575373856133e-15,0.00020667427057379412,TATUAPE
6733297794,8258102320,0,20.657,0,4,22.259202788063604,0.0449154532644434,0.04353924504158669,4.766855502152338e-13,0.00020774938287209928,TATUAPE
6955084864,6955084865,0,6.417,0,4,26.41319973861904,0.037851611785952845,0.00938257197696737,4.194437556291074e-06,0.00019828944181334062,TATUAPE
6955084864,6958243841,0,207.75300000000001,0,4,26.405576127205403,0.03786254000725905,0.0006993730006397953,1.4595245869538298e-05,0.00019287837038107803,TATUAPE
6958768870,6958768871,0,2.141,0,4,27.432585493356566,0.03644505847883566,0.0060830710172744724,2.3089676456827916e-05,0.00021870949680700144,TATUAPE
7936521828,13281516340,0,50.187000000000005,0,3,21.359181006316707,0.0468080766877422,0.0012791810620601408,3.629258226406422e-15,0.00020847384806196894,TATUAPE
7941720117,10553233375,0,105.42700000000002,0,5,20.843824874754954,0.04796538967960374,0.001640332693538068,8.468310307616394e-16,0.00024382657152881168,TATUAPE
7949647729,7949647730,0,38.789,0,4,25.10106730559791,0.03983026579543384,0.0008377735124760077,6.060705224434738e-17,0.00020988031701108542,TATUAPE
7949647729,7949647731,0,46.069,0,4,25.75212372032237,0.03882329059106134,0.00041929622520793346,4.628865538309567e-17,0.0002104147907038226,TATUAPE
7949647730,7949647731,0,41.047,0,4,25.395338706164235,0.03936872802127112,0.002387408829174664,3.560952821316081e-17,0.00020811380363509977,TATUAPE
7949898525,7949898526,0,18.262999999999998,0,4,18.804835547810935,0.05316622844103645,0.03144148432501599,3.677700714384915e-14,0.00021132542722556477,TATUAPE
8706903589,8706903590,0,13.121,0,5,22.66978871705511,0.04410196296972434,0.0017324632117722328,5.269479253130708e-15,0.0002182440695611326,TATUAPE
8706903590,8706903591,0,9.821,0,6,22.328468743193206,0.04477611940298507,0.0028304542546385156,5.549402395448226e-15,0.0002532758045893327,TATUAPE
8706903591,8706903592,0,12.629,0,5,22.697887170551077,0.044047367713951215,0.003982904670505438,3.5254991776217342e-15,0.00021717893582406028,TATUAPE
8751090681,8751090688,0,58.730000000000004,0,4,18.314092790241776,0.054590865842055185,0.016832245681381957,2.2032608507947234e-13,0.00020148785315824715,TATUAPE
8762601395,8762601400,0,32.89699999999999,0,4,24.262252232629056,0.04120731138004094,0.03065243761996161,1.4560986548137473e-10,0.00020612914089237442,TATUAPE
8762607327,8762607328,1,44.870000000000005,0,3,26.024831191461555,0.038416471375962505,0.0,6.694882403760994e-11,0.00018272764939511834,TATUAPE
8777013206,8777013210,0,23.979,0,4,25.76519276846003,0.038803597998106315,5.2616762635956494e-05,4.13874156427089e-17,0.00020328205286685537,TATUAPE
8777013206,8777138572,0,73.92699999999999,0,4,25.875626225223264,0.038637989814386126,0.0045219705694177865,4.633373289873275e-17,0.00020175974454059056,TATUAPE
8790482686,8790482694,0,3.965,0,4,25.3620126334132,0.03942045913240637,0.010486295585412668,2.617158188835657e-17,0.00021445508855565343,TATUAPE
8790482686,8790482705,0,96.19999999999999,0,4,26.173382705292966,0.03819843211664253,0.012252539987204094,2.3069000391985122e-17,0.00021664581522880206,TATUAPE
8790482693,8790482702,0,6.87,0,4,24.39620997604008,0.04098104515057632,0.001212642354446577,2.940322356999845e-17,0.00020835809729764467,TATUAPE
8790482693,8790482694,0,6.899,0,4,24.679808320627313,0.04051012753188297,0.002528675623800384,2.916459412979574e-17,0.00020980816620496377,TATUAPE
8790482694,8790482702,0,4.645,0,4,24.414942278370724,0.04094960254797527,0.007549584133077415,2.0080763556951752e-17,0.00021129502323570716,TATUAPE
8790482697,13623982919,0,6.954,0,4,24.262687867566978,0.04120657150552114,0.0008973512476007677,3.111849349680082e-17,0.00021445246964799168,TATUAPE
8790482697,8790482698,0,7.811,0,4,23.440644739708123,0.042651650312221234,0.0007480998080614203,8.439645497526052e-18,0.00020806050144304207,TATUAPE
8790482698,8790482702,0,6.273,0,4,23.444783271618384,0.042644121335996654,0.008689136276391554,3.1553739166481122e-18,0.00020648004004225813,TATUAPE
8790482705,8790482715,0,6.332,0,4,26.932258767153126,0.0371221066593339,0.00274426103646833,1.6901279572460675e-17,0.0002173399673534694,TATUAPE
8790482705,8790492619,0,7.3389999999999995,0,4,27.097582226094534,0.03689562316627145,0.009579731285988484,5.6586094296298155e-18,0.00021662059258950388,TATUAPE
8790482706,8790482712,0,7.273,0,4,27.222391635809192,0.03672646385763895,0.008934612923864363,-2.2506483608039666e-17,0.00021677578741606692,TATUAPE
8790482706,8790492620,0,97.506,0,4,27.813983881507298,0.0359453067489467,0.013885706973768393,-2.284117116673948e-17,0.00021750537112412725,TATUAPE
8790482710,8790482715,0,7.399,0,4,27.11021563929427,0.03687842973413786,0.002888598848368522,1.7356457262829918e-17,0.00021727811815945076,TATUAPE
8790482711,8790492619,0,6.512,0,4,26.69178828142017,0.037456545510926864,0.002299373000639795,1.617185896925811e-18,0.00021458693387576053,TATUAPE
8790482711,8790482712,0,6.547,0,4,26.684382487475496,0.03746694093446958,0.0011624824056301983,-8.324290454632463e-18,0.00021460297874937646,TATUAPE
8790482712,8790492619,0,3.1079999999999997,0,4,27.38575473752995,0.0365073810129804,0.007367370441458733,-1.1763487239944192e-17,0.00021613068456330007,TATUAPE
8790492620,8790492628,0,6.381,0,4,28.32759747331736,0.035293574877741214,0.002734638515674984,-1.6288674164358597e-18,0.00021754400953625017,TATUAPE
8790492620,8790492629,0,5.547000000000001,0,4,27.99825746024831,0.03570872880037342,0.012928777991042866,-3.5926384461031626e-17,0.00021731221508891136,TATUAPE
8790492622,8790492628,0,18.989,0,4,28.4787627967763,0.03510623651966408,0.002484043506078055,2.2568557875788674e-17,0.00021713683596543695,TATUAPE
8790492623,8790492629,0,18.838,0,4,27.51666303637552,0.03633370010053115,0.0041554958413307745,-6.387620307937639e-17,0.00021658875532849938,TATUAPE
8790492623,8790492624,0,17.997,0,4,27.405576127205403,0.03648097664104785,0.0011067946257197698,-6.132592364407761e-17,0.0002159899928631149,TATUAPE
8790492624,8790492629,0,5.026,0,4,28.140274450010892,0.03552851569756641,0.008709200255918106,-5.980320500516669e-17,0.00021641977085940157,TATUAPE
8790492624,13626750983,0,3.212,0,4,27.8446961446308,0.03590565963937889,0.00982602687140115,-4.5043643493778666e-17,0.00021391396587786937,TATUAPE
8953305171,8953305176,0,133.219,0,2,24.549989109126553,0.04072434322015101,0.0006397952655150352,2.161538891505274e-17,0.00012826658839965472,TATUAPE
10553233375,10553233378,0,120.51199999999999,0,4,20.760182966673927,0.04815864022662889,0.004309251439539348,1.037535500320746e-15,0.00020738902887045072,TATUAPE
13664776697,13664776698,0,9.803,0,4,22.464822478762798,0.0445043437790878,0.0984860908509277,3.116140221402543e-17,0.0002143443298499727,TATUAPE
13665566931,13665566932,0,51.41,0,2,22.371596602047486,0.04468980021030494,0.0006397952655150352,1.265971095778137e-17,0.00011554084512624539,TATUAPE
