u,v,key,length,flood_count,Degree,Mean Shortest Path Length,Closeness,bet,Eigenvector,Pagerank,district
587858,8674195629,0,7.004,0,4,20.110269041303525,0.04970699628799156,0.07355807706385592,2.8171440653458317e-09,0.00037986338231219593,VILA LEOPOLDINA
587858,3384371760,0,61.73999999999999,0,4,19.862068965517242,0.05032814407814408,0.00043736933203466697,7.26074159124564e-09,0.00037986338231219593,VILA LEOPOLDINA
587858,1754402373,0,136.894,0,4,19.388025767336114,0.051558682693247336,0.07379630376385779,1.8823186186537282e-09,0.0003818982271318955,VILA LEOPOLDINA
587859,4665572651,0,202.444,0,4,20.46760136415309,0.0488391898396712,0.06383855178018624,3.44784855339684e-08,0.00037932985228640093,VILA LEOPOLDINA
587859,4665569087,0,235.72400000000002,0,4,20.641909814323608,0.04842677240518412,0.010824425681334566,3.2162913817657246e-08,0.0003803283144378103,VILA LEOPOLDINA
587859,25764806,0,115.696,0,4,20.728306176582038,0.048224927790574385,0.07424297882636127,1.2877318477400009e-08,0.0003793368304992439,VILA LEOPOLDINA
25621272,293440155,0,141.411,0,4,17.817355058734368,0.05610378562313909,0.009266026018822392,1.445253777321938e-14,0.0003603583353287621,VILA LEOPOLDINA
25621272,181795848,0,196.87900000000002,0,4,18.183781735505875,0.05497322191426845,0.0015397882015745297,3.90176964140087e-15,0.0003759397937665286,VILA LEOPOLDINA
25621272,181796799,0,258.62299999999993,0,4,17.993937097385373,0.055553215684622834,0.008053179147719166,5.355036098837937e-15,0.0003588946905254655,VILA LEOPOLDINA
25621337,292420905,0,303.3949999999999,0,5,17.185676392572944,0.058165942716027604,0.0037843303906545654,7.622498933438456e-13,0.0004221425391717033,VILA LEOPOLDINA
25621337,7976102936,0,589.408,0,4,16.938613111026903,0.059014339723943536,0.00763380089459089,2.3705751201951503e-13,0.0003721956153088363,VILA LEOPOLDINA
25621337,1834711860,0,537.8580000000001,0,4,16.96362258431224,0.05892733486720129,0.008507919176628968,1.8769138183777493e-13,0.00035494509184533793,VILA LEOPOLDINA
25763722,1754402380,0,378.183,0,3,18.47404319818113,0.05410949069800833,0.0013288583109478818,1.4593437196524212e-12,0.0003136785708969382,VILA LEOPOLDINA
25763722,25764081,0,413.568,0,4,18.158393330807122,0.05505008347245409,0.001052788307039475,8.954930536276557e-13,0.00039401334786975484,VILA LEOPOLDINA
25763722,25764084,0,445.64300000000003,0,4,18.164835164835164,0.055030560944573086,0.0003114317796899331,3.1790673967465175e-12,0.0003960772835966608,VILA LEOPOLDINA
25764081,5591073942,0,225.02800000000002,0,4,18.339522546419097,0.05450638456134551,0.006414750203175115,2.3601329430605783e-13,0.0003844400026277872,VILA LEOPOLDINA
25764081,4384762681,0,233.397,0,4,17.69837059492232,0.05648096604290669,0.006298118381299204,3.7426050178949645e-13,0.0003876506187410671,VILA LEOPOLDINA
25764084,25764644,0,1396.2129999999993,0,4,17.87381583933308,0.055926561936865314,0.0,1.3192578774453093e-11,0.0003904910137554131,VILA LEOPOLDINA
25764084,4384765592,0,374.38899999999995,0,4,17.482000757862828,0.05718001517286225,0.0008344138320377689,3.08568526060496e-12,0.00039295047431411173,VILA LEOPOLDINA
25764557,5591073956,0,24.367,0,4,21.0428192497158,0.04750414175610459,0.0020298900062658584,2.4900875863871194e-15,0.00042262676372628333,VILA LEOPOLDINA
25764557,8680782107,0,6.131,0,2,21.350890488821523,0.046818706185109596,0.0011135857461024498,1.1064591102248246e-15,0.00023630748235393666,VILA LEOPOLDINA
25764557,5591073952,0,22.162999999999997,0,4,20.60666919287609,0.04850958974641879,0.0001960407218765316,4.000941110283106e-15,0.0004178778405344584,VILA LEOPOLDINA
25764574,1383266157,0,344.505,4,4,19.817733990147783,0.05044073500449339,0.021334317672822924,1.7157902579393542e-13,0.0003981843395991373,VILA LEOPOLDINA
25764574,5591073963,0,9.6,0,4,20.09549071618037,0.04974355106350883,0.012422529793847052,4.754559659046581e-14,0.0004165568444063632,VILA LEOPOLDINA
25764616,1754402360,0,322.78000000000003,0,4,18.428192497158015,0.054244119098535944,0.003612484567996973,1.0351315394886515e-11,0.00039091184326005496,VILA LEOPOLDINA
25764616,25764644,0,125.347,0,4,18.181129215611975,0.05498124218424343,0.0010875297007897464,1.4440967079318998e-11,0.00039394749166286685,VILA LEOPOLDINA
25764616,1754402380,0,432.59299999999996,0,3,18.497536945812808,0.05404076615794325,0.00180220980079533,4.478880369106835e-12,0.0003128482042771008,VILA LEOPOLDINA
25764632,1754402360,0,184.563,0,4,18.510420613868888,0.054003152572212325,0.007756016154748094,9.09947780426759e-12,0.00037727308150076297,VILA LEOPOLDINA
25764632,4664552991,0,194.045,0,4,18.646078059871165,0.05361025870303006,0.04740959482849539,7.284864064662692e-12,0.0003652051848484126,VILA LEOPOLDINA
25764632,1383266136,0,153.428,0,4,18.776809397499054,0.05323700355182435,0.05282863187150648,3.046009640463958e-12,0.00037005479361052114,VILA LEOPOLDINA
25764644,25764721,0,472.4059999999999,0,4,18.10458507010231,0.05521369668048055,9.057577656320762e-05,5.661848717570217e-11,0.00038656590325199475,VILA LEOPOLDINA
25764721,2391071692,0,208.475,0,4,18.4278135657446,0.054245234521190185,0.0014808519086053193,8.224655126482967e-11,0.0003830434026299939,VILA LEOPOLDINA
25764721,1438762198,0,709.081,0,4,18.50701023114816,0.05401310401310401,0.0005111947937539937,2.2197152348607295e-10,0.0003850078833158709,VILA LEOPOLDINA
25764806,4665569291,0,16.807000000000002,0,4,21.32777567260326,0.046869447800440625,0.0007035132234429962,4.7773139965727785e-09,0.0003791109769694846,VILA LEOPOLDINA
25764806,8674195629,0,45.14,0,4,20.69117089806745,0.048311479012526554,0.07330682234119772,4.057683043905167e-09,0.000379198409871576,VILA LEOPOLDINA
25812313,1754402463,0,1534.2620000000002,0,3,17.204622963243654,0.058101887540470895,0.0004497769726597639,1.1236120459429579e-12,0.0003207307066342602,VILA LEOPOLDINA
33469789,6741246011,0,24.083,2,4,19.402046229632436,0.05152142494433811,0.11841666097983139,3.4477566259373466e-05,0.00036750857279924294,VILA LEOPOLDINA
33469789,632018137,0,88.101,0,4,19.339522546419097,0.05168799106530556,0.05256931218244195,7.936571599348586e-06,0.00037955254133478094,VILA LEOPOLDINA
33469789,4665569303,0,62.811,0,4,19.68851837817355,0.05077177720466531,0.0654769807247303,7.93999413471635e-06,0.00037668990770726985,VILA LEOPOLDINA
157192125,165483421,0,256.342,0,4,17.920424403183024,0.05578110462657532,0.07425290493886136,2.659381754387886e-14,0.0003349715435513852,VILA LEOPOLDINA
157192125,409013522,0,185.301,0,5,18.236453201970445,0.05481444541412127,0.0031806986742435994,3.890880899502887e-14,0.0003993776153773599,VILA LEOPOLDINA
157192125,2122145493,0,40.965,0,4,18.257673361121636,0.05475073678967249,0.07768485833576316,6.797820408436687e-14,0.0003541674068310575,VILA LEOPOLDINA
157198540,331329603,0,21.335,0,4,19.034861690034102,0.05251527880078832,0.06120006700125938,1.5372675331789584e-13,0.00034668506716680945,VILA LEOPOLDINA
157198540,292425476,0,214.891,0,4,18.972338006820767,0.05268834385236079,0.04429031397534602,1.5239587926414375e-13,0.00033420698026303815,VILA LEOPOLDINA
157198540,409013680,0,174.14100000000002,0,5,18.669950738916256,0.053541708950679924,0.016668424415755223,1.0071767160670635e-13,0.00040008769351206606,VILA LEOPOLDINA
157198542,408967319,0,19.797,0,5,19.593406593406595,0.05101823737598391,0.10058315910937957,1.7473030439532675e-12,0.00039373859769823957,VILA LEOPOLDINA
157198542,292413878,0,171.336,0,6,19.56650246305419,0.05108838794639399,0.03764726318466912,3.8345479718646015e-12,0.00045024694061375904,VILA LEOPOLDINA
157198542,1834711841,0,33.622,0,5,19.428950359984842,0.05145008093928578,0.005050530116445707,1.6044278193191126e-12,0.000403173881055361,VILA LEOPOLDINA
157198542,9643790532,0,163.643,0,5,19.61576354679803,0.05096008963412278,0.059301697985619545,2.6548742048030226e-12,0.00039511559560683255,VILA LEOPOLDINA
157199570,1383266419,0,50.4,0,4,19.338006820765443,0.051692042403934706,0.022076914964234976,6.347327851597606e-12,0.00034359556045626325,VILA LEOPOLDINA
157199570,293818706,0,32.54,0,5,19.49677908298598,0.05127108761564177,0.04109906880657109,2.960804546043222e-12,0.0004042118284841243,VILA LEOPOLDINA
157199570,4641346798,0,14.802,0,4,19.41947707464949,0.05147517951920075,0.03885762852764733,3.155004278812964e-12,0.0003554881351651171,VILA LEOPOLDINA
157200371,1383266408,0,13.778,0,4,21.82910193255021,0.045793045983995,0.13963682835890343,2.8946201732175615e-14,0.00037544598974465404,VILA LEOPOLDINA
157200371,4641346804,0,10.839,0,4,22.440697233800684,0.04454500937167559,0.010637690689926857,7.609404536534995e-15,0.0003771808299114456,VILA LEOPOLDINA
157200371,4641346805,0,11.144,0,4,21.986737400530505,0.04546472950381745,0.12847615561662873,8.611624702384075e-15,0.0003776320213540993,VILA LEOPOLDINA
157200374,1383266439,0,77.426,0,5,20.47517999242137,0.04882111263278677,0.11642461427747207,1.0552729970082528e-12,0.00040635517480338364,VILA LEOPOLDINA
157200374,293818706,0,19.43,0,6,19.794240242516103,0.050500603020847294,0.0397565620909356,2.216489313091307e-12,0.0004609624869049609,VILA LEOPOLDINA
157200374,293818687,0,213.72,0,6,19.974232663887836,0.050045530429503715,0.0004708699617224287,2.235577965444559e-12,0.0004572120224406958,VILA LEOPOLDINA
157200374,1383266421,0,74.55999999999999,0,5,20.348237968927624,0.049125682042496135,0.1426791818401772,1.1045193302853182e-12,0.00040335520056800273,VILA LEOPOLDINA
165482085,192076924,0,63.015,0,4,19.400151572565367,0.05152645662831806,0.0003170152179712267,2.2769723786686107e-14,0.0003271185647309823,VILA LEOPOLDINA
165483421,293440296,0,124.644,0,5,17.45395983327018,0.05727187859577517,0.11448716119386318,1.7427317243590218e-14,0.00040451356747403587,VILA LEOPOLDINA
165483421,409013522,0,106.892,0,5,17.79461917392952,0.056175468483816014,0.041014076468289175,3.15434860258793e-14,0.0003935737826488299,VILA LEOPOLDINA
181796799,485617573,0,522.792,1,4,18.31792345585449,0.054570654310005996,0.11292441885713222,2.8911878622422026e-15,0.0003537151862458485,VILA LEOPOLDINA
181796799,293440296,0,254.97899999999996,0,5,17.65024630541872,0.05663496425427768,0.11402993963682836,1.0159947948689215e-14,0.00041610480708864997,VILA LEOPOLDINA
192076924,409013680,0,24.603,0,5,18.774535809018566,0.053243450530819844,0.01706360776966456,6.374380308053079e-14,0.00039389096486581305,VILA LEOPOLDINA
192076924,2122146536,0,44.486999999999995,0,5,19.632436528988254,0.05091681142636557,0.015834010583717455,2.968151386186136e-14,0.00040128721212528853,VILA LEOPOLDINA
292195043,292403293,0,52.478,0,4,20.863205759757484,0.04791310981147154,0.05154382068477769,1.1729966302316208e-07,0.00036264533413392353,VILA LEOPOLDINA
292195043,292195117,0,38.42,0,4,20.568776051534673,0.048598957277868865,0.04409365287143823,2.9681243728714767e-08,0.00037052729467636626,VILA LEOPOLDINA
292195043,292414918,0,153.83200000000002,0,4,20.765820386510043,0.04813780770423897,0.01024374810008003,2.717128037623065e-08,0.00039473898715087553,VILA LEOPOLDINA
292195046,2818778622,0,80.908,0,5,20.459264873057975,0.04885909023559046,0.04460670881128599,5.409237874956552e-10,0.00043711455534186023,VILA LEOPOLDINA
292195046,292413719,0,317.012,0,5,20.0989010989011,0.049735110574838336,0.02776209589865439,2.4648906963987905e-10,0.00040810015462122587,VILA LEOPOLDINA
292195046,292403667,0,105.097,0,5,20.26222053808261,0.049334230999401554,0.004406263376987549,5.026176862114655e-10,0.00041939525955057995,VILA LEOPOLDINA
292195046,4641137772,0,79.493,0,5,20.63205759757484,0.04844989714957391,0.018766246254443487,2.526783899632598e-10,0.0004089684775427987,VILA LEOPOLDINA
292195096,292402787,0,117.863,0,4,20.828723001136794,0.047992431822730004,0.004298627094564834,1.2596491542152833e-09,0.00037960250808588016,VILA LEOPOLDINA
292195096,292402490,0,96.218,0,4,20.97536945812808,0.04765689923040792,0.004327785050033811,2.588644791519928e-09,0.00036185976533499,VILA LEOPOLDINA
292195096,292402350,0,119.226,0,5,20.909056460780597,0.04780804291487704,0.00023450440781433207,3.963150022912971e-09,0.0004171657544970405,VILA LEOPOLDINA
292195117,2818778625,0,80.999,0,4,21.001515725653658,0.04759756779676308,0.04416375604097003,9.427311276063442e-09,0.00038237057464868415,VILA LEOPOLDINA
292195117,292402492,0,160.937,0,5,20.502463054187192,0.048756145344324105,0.0015732888312622914,2.0069122346738722e-08,0.00041773493663919894,VILA LEOPOLDINA
292195119,2818778622,0,36.803,0,4,20.71087533156499,0.04826551522248244,0.044346148358158956,1.7737550512677794e-09,0.00037489750982540944,VILA LEOPOLDINA
292195119,2818778625,0,13.053,0,4,20.882531261841606,0.04786876916656082,0.04434738912222146,3.32855835295712e-09,0.0003839240957959802,VILA LEOPOLDINA
292195119,444504945,0,159.32999999999998,0,5,20.58052292535051,0.04857121814700251,0.00012097449609469512,6.131915035120281e-09,0.00042009138692760935,VILA LEOPOLDINA
292402350,292402885,0,97.17099999999999,0,6,20.632436528988254,0.048449007327958274,0.0009442214515698767,7.82353221258617e-09,0.00047521359793557144,VILA LEOPOLDINA
292402350,444504945,0,96.219,0,6,20.36604774535809,0.04908272243515797,0.0008269692476627108,7.672317987581906e-09,0.0004696980325255977,VILA LEOPOLDINA
292402350,292402886,0,118.68,0,5,20.458885941644564,0.04885999518438258,0.0005111947937539937,3.8846268329860536e-09,0.0004091362578281881,VILA LEOPOLDINA
292402490,292402885,0,117.896,0,5,21.048882152330428,0.047490458702383526,0.0008710163718818048,6.449026991180752e-09,0.0004228125695256153,VILA LEOPOLDINA
292402490,4028081752,0,211.695,0,4,21.34141720348617,0.046839488636363634,0.003722912569560335,3.5007100939999917e-09,0.00038436249424825177,VILA LEOPOLDINA
292402492,292402885,0,95.94,0,6,20.50663129973475,0.04874623500933163,0.0031037713023679982,1.7395348713987374e-08,0.0004736818172469188,VILA LEOPOLDINA
292402492,4028081751,0,110.352,0,6,20.580901856763926,0.04857032386353175,0.0036847590746381625,4.388087942894942e-08,0.00047997378080414006,VILA LEOPOLDINA
292402492,444504945,0,97.168,0,6,20.20689655172414,0.049469302029028994,0.0030035796043203404,1.724413449213294e-08,0.00046816625183694507,VILA LEOPOLDINA
292402787,7854122270,0,20.346,0,2,21.1898446381205,0.047174535050071534,0.0011135857461024498,3.0474250419772804e-10,0.00021983194372935232,VILA LEOPOLDINA
292402787,292403540,0,71.35400000000001,0,4,20.539598332701782,0.048667994981920155,0.004767635910193497,5.26504254637432e-10,0.000382907426896051,VILA LEOPOLDINA
292402885,6338974345,0,66.779,0,5,21.195149677908297,0.047162727500268176,0.0020261677140783296,6.4907297899443945e-09,0.00043500327516483666,VILA LEOPOLDINA
292402886,292403540,0,51.194,2,4,20.447896930655553,0.04888625328935177,0.002057807197672327,1.175676118436259e-09,0.00035687129747498196,VILA LEOPOLDINA
292402886,292403067,0,96.264,1,4,20.1845395983327,0.04952409559389491,0.002575826193770124,2.1338554728229683e-09,0.0003439880785561514,VILA LEOPOLDINA
292403067,444504945,0,117.993,0,5,20.050776809397497,0.04985448085572816,0.003872114448077126,5.921546638791092e-09,0.0004065011849160151,VILA LEOPOLDINA
292403067,292403667,0,52.869,0,4,20.057597574838955,0.04983752739363712,0.004355392050424652,1.5250805230348484e-09,0.00034571125612290897,VILA LEOPOLDINA
292403282,338836621,0,17.542,0,4,21.873436907919668,0.04570022867438154,0.006617460031887637,1.4357706470808614e-08,0.0003735202669936078,VILA LEOPOLDINA
292403282,9633926157,0,26.45,0,4,22.528988253126183,0.04437043764927507,0.006676396324856847,3.653274250614915e-09,0.0004024816416112062,VILA LEOPOLDINA
292403282,6338974345,0,91.009,0,4,22.02084122773778,0.04539431796672001,0.0017780149015763909,4.500269054929936e-09,0.00038649333169243547,VILA LEOPOLDINA
292403293,4028081751,0,121.83500000000001,0,5,20.66654035619553,0.04836905700507894,0.010767815820982561,1.2648583219962844e-07,0.0004216357641889637,VILA LEOPOLDINA
292403293,8020592229,0,134.518,0,4,20.917771883289124,0.04778812361870947,0.0509332096705151,5.041771295982602e-07,0.0003381735740663472,VILA LEOPOLDINA
292403540,292404327,0,457.5,0,5,20.032209170140206,0.04990069043790788,0.005562965674262211,3.4587323776939795e-10,0.00044578199170917075,VILA LEOPOLDINA
292403667,292403965,0,467.528,0,4,19.831375521030694,0.05040603802426674,0.0033767393961201307,3.80765318110178e-10,0.000356458151190931,VILA LEOPOLDINA
292403965,331321984,0,147.035,0,4,19.918908677529366,0.05018452992428566,0.0028686465125224115,1.0976152658142174e-10,0.0003654278130671198,VILA LEOPOLDINA
292403965,8027730140,0,95.695,1,4,19.616142478211444,0.050959105221473136,0.004902258810975799,9.427765745260032e-11,0.0003626917370008285,VILA LEOPOLDINA
292404327,292420893,0,35.627,3,5,19.740810913224706,0.05063728501228501,0.004296145566439814,1.0654683423586072e-10,0.0004407681929644387,VILA LEOPOLDINA
292404327,292424249,0,90.10900000000001,0,3,20.32777567260326,0.04917513281759717,0.0011135857461024498,9.778499543008994e-11,0.0002836933380281476,VILA LEOPOLDINA
292404327,331321984,0,41.046,0,5,20.02652519893899,0.04991485335856197,0.0018599053297020307,1.2071622039248323e-10,0.0004455222972847738,VILA LEOPOLDINA
292404666,8674338460,0,94.09100000000001,0,4,22.95566502463054,0.04354572466160449,0.006550613868019927,2.9818711634468044e-07,0.00039530713047003074,VILA LEOPOLDINA
292404666,4243513735,0,93.16999999999999,0,4,22.64494126563092,0.044143239625167335,0.008654174240497298,1.7125937133491546e-07,0.00042538809561538634,VILA LEOPOLDINA
292404666,292404667,0,36.381,0,4,22.8635846911709,0.04372109982266271,0.012567544093652872,6.316462546788545e-07,0.00040235373923947393,VILA LEOPOLDINA
292404667,338825751,0,107.229,0,4,23.096627510420614,0.043279957999737495,0.0025448070922073815,6.679134135272263e-07,0.00041056214370442374,VILA LEOPOLDINA
292404667,2711769493,0,99.971,0,4,22.70026525198939,0.04403565586084866,0.01044893945691757,2.5648381317998057e-06,0.00038882106337946067,VILA LEOPOLDINA
292404668,2711769493,0,172.379,0,4,22.39333080712391,0.04463923108162989,0.01032362228660409,1.099662685859669e-05,0.0003652484459546344,VILA LEOPOLDINA
292404668,462289994,0,173.115,0,4,22.253884046987494,0.04491894837215638,0.017329596565565077,1.8978481596246735e-05,0.0003583422152873476,VILA LEOPOLDINA
292404668,336109206,0,134.291,0,5,22.122015915119363,0.04518670777663583,0.009722627193825958,4.0173173509875314e-05,0.0004055413014173167,VILA LEOPOLDINA
292404669,12865745488,0,135.90699999999998,0,5,22.111405835543767,0.04520839045791061,0.0055952255398874625,0.0001250518254892038,0.0004178189053068161,VILA LEOPOLDINA
292404669,462289994,0,92.924,0,4,22.461917392951875,0.04450292693624846,0.019126222928079112,4.548840668603426e-05,0.0003611818685707299,VILA LEOPOLDINA
292404669,293741613,0,65.753,0,4,22.03902993558166,0.04535685424941112,0.021510971456222744,0.00010800757933203857,0.000371400620437264,VILA LEOPOLDINA
292404672,6838090587,0,3.57,0,4,21.697991663508905,0.04606975079024118,0.022874571160920894,0.0013138817354051485,0.00039786117785386597,VILA LEOPOLDINA
292404672,292404673,0,170.619,0,4,21.363016294050777,0.04679213154300513,0.0073011210303304775,0.005781771239079633,0.00036622816111404714,VILA LEOPOLDINA
292404672,293741467,0,70.013,0,4,21.45054945054945,0.04660118711136235,0.016703165809505493,0.0013260465867471123,0.0003807962314768559,VILA LEOPOLDINA
292404673,336109210,0,86.908,0,4,21.132247063281547,0.04730311289628461,0.007300500648299223,0.005804487987341912,0.00036472497984471315,VILA LEOPOLDINA
292404673,292404674,0,136.983,0,6,20.567260325881016,0.04860253882860143,0.011694201289153862,0.02544363724912293,0.00046395362867329823,VILA LEOPOLDINA
292405682,292405702,0,71.345,0,6,19.22622205380826,0.05199258938074027,0.07296530203299192,1.3187791763658784e-11,0.0004618965614352331,VILA LEOPOLDINA
292405682,292405683,0,70.02199999999999,0,5,19.798787419477076,0.05048900457425023,0.02525730344746295,1.1560941922085967e-11,0.00040419907278509495,VILA LEOPOLDINA
292405682,292415259,0,71.093,0,6,19.505115574081092,0.051249174340443716,0.050679008133208435,3.6630961966895954e-11,0.00044567939470329233,VILA LEOPOLDINA
292405682,331329122,0,199.654,0,5,19.86547934823797,0.05031950405340963,0.001574529595324801,1.1568425215809967e-11,0.0004031555695442326,VILA LEOPOLDINA
292405683,292405685,0,66.122,0,4,20.613489958317544,0.04849353848416331,0.025833017972467447,3.0417442133429147e-12,0.0003544299331462433,VILA LEOPOLDINA
292405683,331329130,0,212.437,0,4,20.7112542629784,0.04826463216056498,0.0003753311289091823,3.3319071564668302e-12,0.0003528456453110114,VILA LEOPOLDINA
292405685,292405687,0,51.361999999999995,0,4,20.144751799924215,0.04962191038711862,0.026723886569349407,1.638690311772986e-12,0.00035877348631372806,VILA LEOPOLDINA
292405685,331329124,0,224.26100000000002,0,4,20.442212959454338,0.04889984614529075,0.0006507807507863343,1.296739340584571e-12,0.000362277672478152,VILA LEOPOLDINA
292405687,292405688,0,51.148,0,4,19.57673361121637,0.05106168824884347,0.02672078465919313,3.663356145108301e-12,0.0003497356075244136,VILA LEOPOLDINA
292405687,292413882,0,317.324,0,4,19.76392572944297,0.050578062388557624,0.000263041981252055,1.6028378448272903e-12,0.0003510744249027236,VILA LEOPOLDINA
292405688,292405689,0,112.15899999999999,0,4,19.38309965896173,0.05157178604942133,0.02903605039983622,1.3051604664551173e-11,0.00034010629920993305,VILA LEOPOLDINA
292405688,292413881,0,316.887,0,5,19.197802197802197,0.05206955766535736,0.0020317511523596232,5.178526738444247e-12,0.0004088466934310095,VILA LEOPOLDINA
292405689,292405690,0,19.378,0,4,19.2913982569155,0.05181693184050285,0.07500139585957033,5.2447430143711225e-11,0.0003373080051816174,VILA LEOPOLDINA
292405689,292413880,0,318.82500000000005,0,5,19.120121258052293,0.05228110507749019,0.04560366273551253,1.5208640545259102e-11,0.00039932495052362915,VILA LEOPOLDINA
292405690,292405691,0,98.729,1,4,19.356574460022735,0.05164245722563721,0.04495753484996061,5.320686936998583e-11,0.00033827009514285995,VILA LEOPOLDINA
292405690,298806263,0,121.16000000000001,0,5,19.302008336491095,0.051788448702344024,0.07061498470758293,2.259371359901987e-10,0.0004035946018008473,VILA LEOPOLDINA
292405691,292405692,0,63.208,0,4,19.726032588101553,0.05067522139193576,0.04824990228983008,1.7277139895815197e-11,0.0003474365810293131,VILA LEOPOLDINA
292405691,292413879,0,319.79499999999996,0,5,19.187571049640017,0.052097322063354136,0.0038935176281554183,1.6193833779449597e-11,0.00039613886073717954,VILA LEOPOLDINA
292405692,338836656,0,184.626,0,4,19.872679045092838,0.050301273739607966,0.01395394283799964,2.3578793022149094e-11,0.0003654516964780464,VILA LEOPOLDINA
292405692,450692157,0,180.61800000000002,0,4,19.763167866616143,0.05058000191736171,0.038506492297957086,8.285108122425454e-12,0.0003456729777161484,VILA LEOPOLDINA
292405694,4641112782,0,107.816,0,2,20.602122015915118,0.04852029649248653,0.0011135857461024498,4.591895816856422e-12,0.00021734572462962345,VILA LEOPOLDINA
292405694,338836656,0,71.88999999999999,0,4,19.995073891625616,0.0499933670665378,0.02080668275524068,2.1335482132495626e-11,0.0003839046567041945,VILA LEOPOLDINA
292405694,292405695,0,85.53399999999999,0,5,20.170140204622964,0.04955945067538372,0.019836405258358097,5.5784505426868e-12,0.0004562595402720611,VILA LEOPOLDINA
292405695,292414292,0,182.513,0,5,20.06555513452065,0.049817762921836345,0.0030528999758051008,2.6245885220807126e-12,0.00042392446944179284,VILA LEOPOLDINA
292405695,5118312304,0,137.62800000000001,0,3,20.59492231906025,0.04853725850965961,0.0011135857461024498,1.7996036415087392e-12,0.0002800750413013211,VILA LEOPOLDINA
292405695,292405696,0,119.65700000000001,0,5,20.4225085259568,0.04894702662584655,0.016674318045052143,2.344741160331923e-12,0.00042871211389953416,VILA LEOPOLDINA
292405696,292405697,0,112.951,0,4,20.467222432739675,0.04884009405143206,0.015719550098950933,1.6135060601063092e-12,0.0003520994402784808,VILA LEOPOLDINA
292405696,292413876,0,317.998,0,5,20.140962485790073,0.0496312462372065,0.0008275896296939656,2.126830563666755e-12,0.00039734344772705203,VILA LEOPOLDINA
292405697,4641137778,0,9.934,0,4,20.943918150814703,0.04772846519874799,0.01588146980910845,2.0513780680021e-12,0.00039328299198477493,VILA LEOPOLDINA
292405697,292413875,0,316.873,0,5,20.47252747252747,0.04882743813278546,0.0021961523906421573,2.9341599039474263e-12,0.00041491513463652715,VILA LEOPOLDINA
292405698,4641137773,0,14.174,0,4,21.74005305039788,0.04598061772293105,0.01522634638410333,2.665261541229276e-11,0.0004017312642942217,VILA LEOPOLDINA
292405698,2818778621,0,106.24,0,2,22.408488063660478,0.0446090367965368,0.0011135857461024498,5.585870529846466e-12,0.00023491298635868824,VILA LEOPOLDINA
292405698,4641137778,0,51.400000000000006,0,4,21.59946949602122,0.04627988982649427,0.015412460993479786,6.087231343360284e-12,0.00042612862530497903,VILA LEOPOLDINA
292405699,331325865,0,108.228,0,4,20.958696475937856,0.04769481106490689,0.0031025305383054888,1.7293261769880307e-11,0.00034556769422104964,VILA LEOPOLDINA
292405699,4641137773,0,45.071,0,4,21.357332322849565,0.046804584649231755,0.011309874620791483,3.3387850809587534e-11,0.00036547024461475793,VILA LEOPOLDINA
292405699,292405700,0,73.385,0,4,20.841227737779462,0.04796363636363636,0.013520916180183758,4.059158389616951e-11,0.0003475328994681945,VILA LEOPOLDINA
292405700,292405701,0,41.962,0,5,20.420234937476316,0.048952476386646626,0.01456688028487943,6.887505631680839e-11,0.0003994730032369282,VILA LEOPOLDINA
292405700,4641137775,0,8.567,0,5,20.623342175066313,0.048470372071658246,0.006429018989893977,1.1835878609457958e-10,0.0004236814398197635,VILA LEOPOLDINA
292405701,4641137770,0,9.185,0,5,20.421371731716558,0.04894975135456097,0.0004274432195345894,7.809586347320616e-11,0.0003958089958696089,VILA LEOPOLDINA
292405701,292413872,0,312.546,0,6,20.04433497536946,0.0498705030531032,0.025631083621293994,7.03147145421563e-11,0.00044907858015985744,VILA LEOPOLDINA
292405701,4641137772,0,40.864999999999995,0,5,20.714664645699127,0.04825668605714704,0.018243884584126905,9.632868593023205e-11,0.00039419624406922987,VILA LEOPOLDINA
292405702,331329114,0,235.938,0,5,18.911708980674497,0.052857257353530494,0.04451054959644149,4.956072689924603e-12,0.0004014918865977345,VILA LEOPOLDINA
292413719,8027730141,0,157.51799999999997,0,4,19.788177339901477,0.050516075908159555,0.027602657716621896,6.78331047341468e-11,0.00033229996448271243,VILA LEOPOLDINA
292413719,292413872,0,117.901,0,5,19.835164835164836,0.050396408443977456,0.0004193782531282764,8.06660676473257e-11,0.00038558591507001393,VILA LEOPOLDINA
292413872,292413873,0,119.392,0,6,19.997726411519515,0.049986735892674425,0.0005105744117227389,4.2375731603972985e-11,0.00044681186072603263,VILA LEOPOLDINA
292413872,292414123,0,154.693,0,6,19.708980674497916,0.0507190648311928,0.025837050455670602,4.578643798042459e-11,0.00044355314620681343,VILA LEOPOLDINA
292413873,292413874,0,52.108,0,5,20.392194012883667,0.049019790021369504,0.002351247898455869,1.60142117365263e-11,0.0003898349631624706,VILA LEOPOLDINA
292413873,331325865,0,205.75799999999998,0,5,20.56763925729443,0.048601643391429306,0.00291455478283527,1.7637744829803958e-11,0.0003952222763536613,VILA LEOPOLDINA
292413873,292414168,0,155.825,0,5,20.144751799924215,0.04962191038711862,0.00372353295159159,1.795304402042101e-11,0.00038664744523679627,VILA LEOPOLDINA
292413874,292413875,0,64.68,0,5,20.576354679802957,0.04858105743908952,0.0024436848211128416,6.15390735187356e-12,0.0003954856736708682,VILA LEOPOLDINA
292413874,331325865,0,268.674,0,4,20.79575596816976,0.04806851311953353,0.0,9.74190288145321e-12,0.0003306511934858188,VILA LEOPOLDINA
292413875,292414167,0,159.807,0,5,20.19893899204244,0.04948879092017634,0.00023326364375182238,3.931438457036637e-12,0.0003962079526471581,VILA LEOPOLDINA
292413875,292413876,0,113.49700000000001,0,6,20.087533156498672,0.049763256682575314,0.0032929878219007266,3.447486133336157e-12,0.0004572412430483214,VILA LEOPOLDINA
292413876,292414166,0,160.077,0,5,19.87192118226601,0.050303192097936766,0.0019703333312653935,2.1887002609967405e-12,0.0003858484915676714,VILA LEOPOLDINA
292413876,292413877,0,119.796,0,6,19.668813944676014,0.05082264092783108,0.001927526971108809,2.8713150254057243e-12,0.0004449945471572431,VILA LEOPOLDINA
292413877,292414292,0,135.678,0,5,19.69041303524062,0.05076689182687682,0.0030795764031490594,2.57247694497699e-12,0.00038772365741566214,VILA LEOPOLDINA
292413877,292413878,0,279.26800000000003,0,6,19.297840090943538,0.05179963477133937,0.002137836479704202,4.101237699921701e-12,0.00044074606928164845,VILA LEOPOLDINA
292413877,292414165,0,163.284,0,6,19.280030314513073,0.05184748427672956,0.003064687234398943,2.3926698344124664e-12,0.0004466177994839483,VILA LEOPOLDINA
292413878,450692157,0,144.28199999999998,0,5,19.572944297082227,0.051071573771126554,0.03812867964092288,4.616693684220769e-12,0.0003898261882830062,VILA LEOPOLDINA
292413878,292413879,0,127.46,0,6,19.172792724516864,0.05213747850663083,0.0025119268445508744,7.750472229182517e-12,0.0004462174526898709,VILA LEOPOLDINA
292413879,292413880,0,116.76199999999999,0,6,19.26714664645699,0.05188215395508004,0.002091928209391343,1.0109826268497325e-11,0.00045527440613505157,VILA LEOPOLDINA
292413879,9643790532,0,171.843,0,5,19.57521788556271,0.0510656419984901,0.003954315067218393,6.570794263784797e-12,0.0003912693234959262,VILA LEOPOLDINA
292413880,292413881,0,113.85400000000001,0,6,19.0989010989011,0.05233919288917106,0.0020236861859533103,7.335571614932497e-12,0.000466207214639997,VILA LEOPOLDINA
292413880,331327086,0,175.74099999999999,0,5,18.94732853353543,0.052757889684412626,0.04538218635035455,6.196362144054768e-12,0.0004035357052447011,VILA LEOPOLDINA
292413881,331327088,0,178.86999999999998,0,5,18.981432360742705,0.05266309989619101,0.00034989546562773355,3.183838757066945e-12,0.0004107156833325832,VILA LEOPOLDINA
292413881,292413882,0,50.225,0,5,19.26979916635089,0.051875012290327024,0.003461731734402045,3.117994946285071e-12,0.00041027934295956097,VILA LEOPOLDINA
292413882,292413884,0,66.916,0,4,19.361879499810534,0.05162830749960858,0.0031707725617435216,9.743929034550101e-13,0.0003460727324425849,VILA LEOPOLDINA
292413884,292413887,0,207.499,0,5,18.908677529367186,0.05286573146292585,0.001769329553138823,6.38409784194943e-13,0.0004124497851858244,VILA LEOPOLDINA
292413884,331329603,0,156.119,0,4,19.145130731337627,0.052212809753780384,0.001064575565633317,3.5191001192647315e-13,0.0003506844801029267,VILA LEOPOLDINA
292413887,1735822264,0,12.668,0,5,19.032588101553618,0.05252155215322436,0.04347265045815213,4.900947827600843e-13,0.000409671664157806,VILA LEOPOLDINA
292413887,292425476,0,65.876,0,5,18.565365668813946,0.053843327754418906,0.08689753149989764,4.891137346204792e-13,0.00040380196272001435,VILA LEOPOLDINA
292413887,331329114,0,61.698,0,5,18.72375899962107,0.053387841010280906,0.04597279004410917,1.4362609195776147e-12,0.0004068126173955186,VILA LEOPOLDINA
292414123,8027730141,0,118.108,0,5,19.414550966275105,0.05148824046062262,0.009603513843825028,3.2953465987316533e-11,0.00039261197539858727,VILA LEOPOLDINA
292414123,292414168,0,116.02099999999999,0,5,19.57408109132247,0.05106860771256001,0.007455130869589493,2.1363716167560407e-11,0.00038353325134198534,VILA LEOPOLDINA
292414123,292424274,0,30.044,0,6,19.261841606669194,0.051896443185395026,0.030934109224460424,2.068919211077648e-11,0.00044915135069016794,VILA LEOPOLDINA
292414165,292414166,0,119.214,0,5,19.56384994316029,0.05109531464874392,0.009870278117264613,1.7100245655724182e-12,0.0003873822777358983,VILA LEOPOLDINA
292414165,408967319,0,224.338,0,5,19.641530882910192,0.050893236099857235,0.010862889367272368,1.3695327613862214e-12,0.0003910238091784909,VILA LEOPOLDINA
292414165,2477788068,0,176.00099999999998,0,5,19.061386888973097,0.0524422002663857,0.0023332568195494788,1.3992169443108535e-12,0.00039513956621793254,VILA LEOPOLDINA
292414166,292414167,0,114.2,0,4,19.980295566502463,0.05003034440904263,0.008123902699282218,2.672645091647164e-12,0.0003236555211146764,VILA LEOPOLDINA
292414167,292414168,0,117.898,0,4,19.96097006441834,0.0500787820111244,0.008117078496938416,7.834734619921584e-12,0.00032325442806313467,VILA LEOPOLDINA
292414292,450692157,0,306.90500000000003,0,4,19.773399014778324,0.05055383082288912,0.0002878572625022489,3.087921357567851e-12,0.00033425684074879026,VILA LEOPOLDINA
292414918,9644684749,0,415.404,0,4,20.917771883289124,0.04778812361870947,0.006934630345366677,6.138781495109351e-09,0.00042608617730978957,VILA LEOPOLDINA
292414918,338836622,0,63.726,0,4,20.985979537703674,0.047632804882452785,0.009559466719605933,6.13631943644667e-09,0.0004247721043314468,VILA LEOPOLDINA
292414920,4641112771,0,20.738,0,4,21.438044713906784,0.046628369421122404,0.007597818736778108,3.49346535135296e-10,0.0004235773136975502,VILA LEOPOLDINA
292414920,293743326,0,152.393,0,4,21.284577491474042,0.046964571835499375,0.00084992338281914,3.6684579805725806e-10,0.0004230936567779554,VILA LEOPOLDINA
292414920,9644684749,0,90.09100000000001,0,4,21.172034861690033,0.047214217958584645,0.007922278539124392,1.3886707132809147e-09,0.00043108543582024935,VILA LEOPOLDINA
292414921,4641112771,0,15.734,0,4,21.225464190981434,0.04709536901488914,0.008657431246161387,1.9858485195183176e-10,0.00039923185703542483,VILA LEOPOLDINA
292414921,293743211,0,60.818999999999996,0,5,20.689655172413794,0.04831501831501832,0.00930821199694772,4.0461121638447426e-10,0.0004354236482824541,VILA LEOPOLDINA
292414921,293743576,0,151.903,0,4,21.26525198938992,0.04700725244569575,0.00012159487812594997,3.165008982662575e-10,0.00037372316958004116,VILA LEOPOLDINA
292414924,298806259,0,126.45100000000001,0,6,19.933308071239107,0.050148277697513496,0.005281932614103766,8.308339496926593e-10,0.00044520459248122797,VILA LEOPOLDINA
292414924,292414925,0,80.856,0,6,20.53505115574081,0.04867877177443165,0.028878163172881863,4.5293176804773783e-10,0.0004515916619098545,VILA LEOPOLDINA
292414924,338827521,0,149.767,0,5,20.2807881773399,0.04928906410567815,0.017366354200916926,9.069200253504884e-10,0.0003812371103551111,VILA LEOPOLDINA
292414924,338833457,0,132.481,0,5,19.967032967032967,0.05006357580703319,0.0074923537914647845,4.5492894118834357e-10,0.00037742923266059737,VILA LEOPOLDINA
292414925,298810517,0,41.644000000000005,0,5,21.162182644941264,0.04723619890056762,0.007495455701621059,1.5579303447715e-10,0.00040322645230021726,VILA LEOPOLDINA
292414925,338833460,0,67.38799999999999,0,5,20.56498673740053,0.04860791214460762,0.019790807179060867,1.5503201207740966e-10,0.0003913503212669866,VILA LEOPOLDINA
292414925,298809837,0,61.861000000000004,0,5,21.038272072754832,0.04751440922190202,0.0018071728570453686,1.512106356898984e-10,0.0004031311034594263,VILA LEOPOLDINA
292414926,298808373,0,53.236000000000004,0,4,21.229632436528988,0.04708612226684516,0.005805535048482856,2.5024169924694325e-11,0.00035852928803958546,VILA LEOPOLDINA
292414926,298808005,0,158.025,0,4,21.80295566502463,0.045847961347283535,0.004191301003157745,3.2605923446111555e-11,0.00035346406352912267,VILA LEOPOLDINA
292414926,298809837,0,98.10000000000001,0,4,21.70405456612353,0.04605688147074742,0.0018505995992332078,4.82945575484201e-11,0.0003500031607921582,VILA LEOPOLDINA
292415131,292415137,0,65.941,0,5,20.259189086775294,0.04934161304803232,0.042189080035485854,4.503076944068569e-11,0.0003873904810612617,VILA LEOPOLDINA
292415131,298808373,0,22.829,0,4,20.636225843122396,0.0484401109091243,0.04199676160579685,2.779599160632807e-11,0.0003465840712649947,VILA LEOPOLDINA
292415131,338833460,0,171.45499999999998,0,4,20.636604774535808,0.04843922144693353,1.8611460937645403e-06,5.4887737592352576e-11,0.0003270200591955018,VILA LEOPOLDINA
292415137,4256193564,0,151.087,0,6,20.109511178476694,0.049708869584880064,0.021709028419700852,8.399169307634977e-11,0.0004370388255345377,VILA LEOPOLDINA
292415137,292415259,0,83.77099999999999,0,6,19.9598332701781,0.050081634202832515,0.05034338145429956,5.613599454334807e-11,0.0004361467618190214,VILA LEOPOLDINA
292415137,292415154,0,58.289,0,5,19.844259189086774,0.050373312455842194,0.011602384748528144,4.112237834424938e-11,0.0003783173785228697,VILA LEOPOLDINA
292415154,292415157,0,72.167,0,4,19.5774914740432,0.051059711603600115,0.011723359244622839,1.617827897821737e-11,0.0003245296941910182,VILA LEOPOLDINA
292415154,292415259,0,96.168,0,5,19.893520272830617,0.05024857616335549,0.0004739718718787029,3.968924846080112e-11,0.00037554788195911495,VILA LEOPOLDINA
292415157,4664500224,0,91.891,0,4,19.531640773020083,0.05117957473226758,0.039768969731560695,6.2635707139460035e-12,0.0003378922218678607,VILA LEOPOLDINA
292415259,4256193564,0,241.87400000000008,0,6,19.692307692307693,0.05076200738916256,0.0,8.255857740299236e-11,0.0004341417700913715,VILA LEOPOLDINA
292420893,331321985,0,38.301,0,4,19.757104964001517,0.050595523504478414,0.004103827136750811,3.340456377536001e-11,0.0003696829607731112,VILA LEOPOLDINA
292420893,292420895,0,461.825,0,4,19.42478211443729,0.051461121298427684,0.0010614736554770427,2.6712125201532148e-11,0.00034455257848528575,VILA LEOPOLDINA
292420895,292424264,0,304.089,0,5,19.5721864342554,0.05107355133492091,0.00027917191406468103,8.450406593351844e-12,0.00039109739629208603,VILA LEOPOLDINA
292420895,9663358331,0,419.8430000000001,1,5,19.072375899962108,0.05241198442342843,0.0005446954234417555,8.1628993956945e-12,0.0003986015518523463,VILA LEOPOLDINA
292420904,2917578487,0,58.791,0,3,18.62751042061387,0.05366369665161316,0.0011135857461024498,1.6056369107209906e-12,0.0002534755628065096,VILA LEOPOLDINA
292420904,292424284,0,299.77299999999997,0,6,18.457370215990906,0.05415836908990125,0.0030609649422114137,3.3453418961139465e-12,0.00045200392677676045,VILA LEOPOLDINA
292420904,9663358331,0,129.846,0,6,18.476695718075028,0.05410172272354389,0.0019417957578276703,4.0529642628083475e-12,0.000463810772152978,VILA LEOPOLDINA
292420904,292420905,0,122.99,0,6,17.79575596816976,0.056171879990630925,0.0037247737156541,2.0126310425388384e-12,0.0004736095811105713,VILA LEOPOLDINA
292420905,292424304,0,340.59999999999997,0,5,17.77226222053808,0.0562461354768555,0.0012581347593848293,1.3298950071571091e-12,0.00040516484383371933,VILA LEOPOLDINA
292420905,292425868,0,46.092,0,3,17.94732853353543,0.05569748537888225,0.0011135857461024498,7.003257070375927e-13,0.00026459782999672086,VILA LEOPOLDINA
292424260,292424274,0,111.83399999999999,0,5,19.284956422887458,0.05183424046528992,0.12143171765172994,6.669800636751395e-12,0.0004002897686725495,VILA LEOPOLDINA
292424260,8680966632,0,12.054,0,4,19.547934823796894,0.05113691433888383,0.12014380455484487,1.9177778061219862e-12,0.00035467667578374174,VILA LEOPOLDINA
292424260,8680966633,0,14.592,0,4,19.906025009473286,0.050217010584024974,0.0009708978789138351,1.9962581184066544e-12,0.0003488509564906981,VILA LEOPOLDINA
292424264,292424284,0,116.403,0,6,18.971201212580524,0.05269150104863677,0.0020987524117351466,4.883050036112163e-12,0.0004454251134413141,VILA LEOPOLDINA
292424264,13388208450,0,317.50699999999995,0,5,19.494884425918908,0.05127607051917507,0.0022457829531425453,4.180715869759281e-12,0.0003882460487717725,VILA LEOPOLDINA
292424264,9663358331,0,250.63100000000003,0,6,19.12353164077302,0.05227178156022748,0.002789237612521791,5.590680729204321e-12,0.00045723195881753166,VILA LEOPOLDINA
292424274,292424335,0,115.766,0,5,18.876847290640395,0.05295487393608479,0.11850413484623831,6.719590990675876e-12,0.0003926106140789068,VILA LEOPOLDINA
292424274,292424280,0,130.712,0,6,19.1364153088291,0.05223658937446783,0.0038122475820610334,7.770200441962086e-12,0.0004490311299906913,VILA LEOPOLDINA
292424280,13388208449,0,115.84,0,5,18.827965138309967,0.05309235816209471,0.002964185345335658,3.3851045105339342e-12,0.00038785843159529405,VILA LEOPOLDINA
292424280,292424284,0,317.945,0,6,18.922319060250096,0.05282761935277155,0.005481075246136571,4.390668603043492e-12,0.00044369260880030615,VILA LEOPOLDINA
292424280,13388208450,0,117.9,0,5,19.44600227358848,0.051404965119451265,0.0007103374257867995,3.688372996663201e-12,0.000386585321452316,VILA LEOPOLDINA
292424284,292424304,0,117.033,0,5,18.324365289882532,0.054551470284130855,5.583438281293621e-06,2.662585631439631e-12,0.0003845454025928253,VILA LEOPOLDINA
292424304,13388208449,0,317.872,0,4,18.264115195149678,0.054731425963194254,0.0020497422312660135,1.6570173231753361e-12,0.0003267845255911123,VILA LEOPOLDINA
292424335,13388208449,0,126.85,0,4,18.576354679802957,0.05381147624584379,0.006096494221141379,2.334492789209537e-12,0.00032949463382276104,VILA LEOPOLDINA
292424335,2477788068,0,192.667,0,4,18.79007199696855,0.053199427269243954,0.12263215688220806,1.9212696442829062e-12,0.00033304112547093015,VILA LEOPOLDINA
292425476,409013680,0,77.51400000000001,0,5,18.409245926487305,0.05429994648223622,0.04243289017376901,1.4960380712483588e-13,0.00039569341345497026,VILA LEOPOLDINA
292425957,338827537,0,362.86199999999997,0,5,21.329291398256917,0.04686611711199545,0.012023313956734557,1.5130390493974633e-06,0.00038995922900007915,VILA LEOPOLDINA
292425957,8655903095,0,8.14,0,6,21.63016294050777,0.04621421814232157,0.002899665614085154,1.8932301487198044e-06,0.00045432345810858706,VILA LEOPOLDINA
292425957,8655903096,0,16.838,0,5,21.40394088669951,0.04670266442418341,0.0005446954234417555,2.8266554578461733e-06,0.0003821093770160364,VILA LEOPOLDINA
292425957,8020592229,0,20.200000000000003,0,5,21.148162182644942,0.04726751478229708,0.009288049580931938,1.3770782004494008e-06,0.00038998201692745844,VILA LEOPOLDINA
292425958,338825763,0,253.25199999999995,0,6,21.896551724137932,0.045651985809466125,0.0010825666445397075,1.0739602173824e-05,0.0004451443223997671,VILA LEOPOLDINA
292425958,336109205,0,123.99300000000001,0,5,21.9010989010989,0.04564250739657768,0.000737013853130758,1.5430887957369346e-05,0.0003846784634165205,VILA LEOPOLDINA
292425958,292425960,0,142.155,0,6,21.902235695339144,0.0456401384083045,0.03355661916608248,2.097224480246393e-05,0.0004403273596543007,VILA LEOPOLDINA
292425958,8655903096,0,134.742,0,5,21.819628647214856,0.04581292765100205,0.034131092927024466,9.000423297874075e-06,0.000376700533898171,VILA LEOPOLDINA
292425960,338830745,0,47.921,0,5,22.538840469874952,0.04435104236718224,0.0030144362898673004,1.7882770454111604e-05,0.00038522886128568355,VILA LEOPOLDINA
292425960,336109206,0,100.70400000000001,0,6,22.081470253884046,0.045269678925059634,0.015638124957348735,4.5080235121005546e-05,0.0004482514496392681,VILA LEOPOLDINA
292425960,292425963,0,259.48400000000004,0,6,22.530125047366425,0.04436819886640766,0.02268923202908351,2.4788369983316635e-05,0.0004486676453421285,VILA LEOPOLDINA
292425963,338830734,0,213.221,0,5,22.794240242516103,0.043854107790005654,0.0014386659304799897,1.4520194693225529e-05,0.0003945060475376974,VILA LEOPOLDINA
292425963,338830702,0,96.039,0,5,22.32777567260326,0.04477029343380344,0.0015677053929809978,3.2709960083217654e-05,0.0003970427117102064,VILA LEOPOLDINA
292425963,477366401,0,100.816,0,5,22.497915877226223,0.04443171865525837,0.023470293006433364,1.4123914483555721e-05,0.00039441069941263077,VILA LEOPOLDINA
292425965,8050336881,0,16.038,0,4,24.153846153846153,0.0413855856421198,0.010717719971958733,6.119083951280236e-05,0.00035950855883518345,VILA LEOPOLDINA
292425965,8657255507,0,133.78,0,4,23.64039408866995,0.0422844502861173,0.020960227307976254,0.00019771044568079026,0.0003690941779029769,VILA LEOPOLDINA
292425965,338835999,0,41.938,0,4,23.943160287987872,0.04174975469249517,0.010738192578990143,5.850332731956734e-05,0.0003619454394378056,VILA LEOPOLDINA
292425969,8656574050,0,8.205,0,4,23.676013641530883,0.042220835133880696,0.0686136322747548,0.0010925248899768222,0.0003718121416679971,VILA LEOPOLDINA
292425969,330115853,0,30.348999999999997,0,4,23.450928381962864,0.042626076558889586,0.06413571477315731,0.0007244555341876489,0.000373992354103323,VILA LEOPOLDINA
292425969,8657255507,0,40.265,0,4,23.730958696475938,0.0421230798709801,0.004564150603941907,0.00044508539420080574,0.00037366541248160467,VILA LEOPOLDINA
293440155,293440295,0,403.06100000000004,0,5,17.592648730579764,0.056820384689943354,0.0012413844445409484,2.729518590862443e-14,0.00042709792109051764,VILA LEOPOLDINA
293440155,1834711860,0,245.264,0,4,17.403561955286094,0.057437728618707544,0.008274655532877146,4.8135180925942307e-14,0.0003532448561445287,VILA LEOPOLDINA
293440295,4646371331,0,65.842,0,5,17.499052671466465,0.05712429623213512,0.0034424998914331447,2.1128693144524407e-14,0.0004553708283842405,VILA LEOPOLDINA
293440295,1834711860,0,606.807,0,5,17.08450170519136,0.05851040234219048,0.0006991705492242123,5.254910490159964e-14,0.00042607783734743766,VILA LEOPOLDINA
293440295,293440296,0,303.706,0,6,17.238347859037514,0.057988217708608104,0.000894590889069489,2.3673907934728117e-14,0.0004887292206925436,VILA LEOPOLDINA
293741360,7845236583,0,18.268,0,4,19.72944297082228,0.05066646179848654,0.027620648795528287,0.00046916416182168766,0.0003453033185161422,VILA LEOPOLDINA
293741360,6741246011,0,358.73800000000006,0,4,19.54755589238348,0.051137905633311366,0.14933215874335418,0.0001510881084967339,0.0003543665113424524,VILA LEOPOLDINA
293741360,7987870394,0,23.596999999999998,0,5,19.804850322091703,0.05047354826365637,0.12259803587048905,0.00034679936495537783,0.00042095205363150434,VILA LEOPOLDINA
293741461,8677735383,0,15.233,0,5,20.44676013641531,0.048888971255953595,0.0018065524750141137,0.0007394228248313965,0.00041670256398043963,VILA LEOPOLDINA
293741461,7987870394,0,12.588,0,6,20.00833649109511,0.04996022877921291,0.10400146410159376,0.0008055667571625033,0.00048472994138886035,VILA LEOPOLDINA
293741461,293741674,0,78.343,0,5,20.133004926108374,0.049650862961359656,0.10507162310550838,0.0021005876424366244,0.00040639049551887524,VILA LEOPOLDINA
293741461,7845236583,0,36.732,0,5,19.945812807881772,0.05011683796568953,0.000866053315631766,0.0009279315540288177,0.0004104836087525732,VILA LEOPOLDINA
293741466,462289715,0,134.114,0,4,21.529746115953014,0.046429765739127375,0.0027942006687718297,0.00012849795485826512,0.00037484156998229227,VILA LEOPOLDINA
293741466,293741467,0,57.295,0,4,21.28154604016673,0.04697126170720416,0.01688183583450689,0.00034702772034960546,0.0003755145096169019,VILA LEOPOLDINA
293741466,8677735383,0,129.587,0,4,21.14626752557787,0.047271749843204015,0.0201022389587508,0.00024992161524673144,0.00036266655298028807,VILA LEOPOLDINA
293741467,4978476403,0,109.208,0,4,21.58734369079197,0.046305885657111766,0.0004336470398471379,0.000329528874643629,0.0003798699716885686,VILA LEOPOLDINA
293741588,338825758,0,70.22200000000001,0,4,22.891246684350133,0.04366826684323787,0.0008288303937564753,7.469372529496394e-06,0.0003771302823049849,VILA LEOPOLDINA
293741588,462289994,0,62.345,0,4,22.31223948465328,0.044801467341462585,0.002047881085172249,1.4578259107931103e-05,0.00036974874084519805,VILA LEOPOLDINA
293741588,2959327910,0,73.68,0,4,22.318681318681318,0.044788536307916946,0.0008561272031316885,1.35096700305855e-05,0.0003762923999987791,VILA LEOPOLDINA
293741613,4978476403,0,63.685,0,4,22.003031451307315,0.04543106120621362,0.0014945003132929258,0.00014735757457866677,0.0003829436941321675,VILA LEOPOLDINA
293741613,6838090587,0,79.16999999999999,0,4,22.129973474801062,0.04517045940994161,0.02200851784528913,0.00031515502114098324,0.0003990741185175131,VILA LEOPOLDINA
293741838,7845236583,0,36.161,0,4,19.895793861311102,0.05024283401580802,0.028615121191629806,0.0013240407622205589,0.0003389458638139069,VILA LEOPOLDINA
293742903,1831382855,0,41.438,0,4,23.184918529746117,0.04311514260031053,0.00766854228834116,3.773792980431592e-07,0.00037195516935045205,VILA LEOPOLDINA
293742903,1831382840,0,11.184000000000001,0,4,23.34141720348617,0.04282606578135654,0.0009380176312573283,6.285850618722464e-07,0.00037611631819286075,VILA LEOPOLDINA
293742903,8674338460,0,14.358,0,4,23.27699886320576,0.042944585531028194,0.006403583326612528,3.277823856217435e-07,0.0003810136292307085,VILA LEOPOLDINA
293742917,338827547,0,72.35,0,5,21.733611216369837,0.04599424636038706,0.005077206543789666,1.6812604511549057e-06,0.0004044926415377008,VILA LEOPOLDINA
293742917,477366124,0,76.428,0,4,21.50966275104206,0.04647311676414629,0.017287255491931934,5.444649682409231e-07,0.0003527289577633896,VILA LEOPOLDINA
293742917,338827537,0,125.97200000000001,0,4,21.63054187192118,0.04621340854545136,0.011955071933296525,9.488163717557607e-07,0.0003339118191878459,VILA LEOPOLDINA
293742919,293742921,0,97.865,0,4,21.54414550966275,0.04639873362061384,0.017022352364586112,1.3883478600749876e-07,0.00036397083078773876,VILA LEOPOLDINA
293742919,477366124,0,88.231,0,4,21.586585827965138,0.04630751136622957,0.016336830220049506,2.2216113768064118e-07,0.00036643886196570147,VILA LEOPOLDINA
293742919,338827531,0,58.840999999999994,0,4,21.961348995831756,0.04551728897784526,0.0007940890000062038,2.798545638330524e-07,0.00037017136330081476,VILA LEOPOLDINA
293742921,338827527,0,120.708,0,4,21.683971201212582,0.04609953865510975,0.0021471422101730247,2.346469357568719e-07,0.0003656528749712688,VILA LEOPOLDINA
293742921,293742923,0,66.955,0,5,21.327396741189844,0.04687028054652382,0.017348673313026163,7.707427302523554e-08,0.0004271322975149251,VILA LEOPOLDINA
293742923,293743884,0,66.679,0,5,21.019704433497537,0.047556380811595245,0.01962082250249704,2.4669136479457052e-08,0.00041758422709352425,VILA LEOPOLDINA
293742923,9652211188,0,55.30499999999999,0,5,21.647972716938234,0.04617619772794903,0.01695286957708557,2.535369510992184e-08,0.00042287842446032075,VILA LEOPOLDINA
293742923,8656031358,0,43.574,0,5,21.683971201212582,0.04609953865510975,0.01911148885483681,2.8242322078881253e-08,0.0004264029481230574,VILA LEOPOLDINA
293743211,293743254,0,151.403,0,6,20.4785903751421,0.04881298225487112,0.019876419899374036,1.041385033855282e-09,0.00048615582522524594,VILA LEOPOLDINA
293743211,293743886,0,128.716,0,5,20.15157256536567,0.04960511470477623,0.01813128524545415,3.615935523372735e-10,0.0004294894752418306,VILA LEOPOLDINA
293743211,9644392777,0,63.522,0,5,20.48768472906404,0.048791314480181994,0.006574808767238866,4.5343855363851366e-10,0.00042440918832118617,VILA LEOPOLDINA
293743254,9646642960,0,94.45,0,5,20.646456991284577,0.04841610688984326,0.019327381801713495,1.9546302250357036e-09,0.00042564231020900806,VILA LEOPOLDINA
293743254,338827520,0,318.84799999999996,0,6,20.39598332701781,0.049010682768230375,0.004349498421127731,1.976206228638809e-09,0.00046206877636447894,VILA LEOPOLDINA
293743254,293743576,0,63.036,0,5,20.73664266767715,0.04820554053066296,0.0023655166851747306,9.532746998423638e-10,0.00042738788296624026,VILA LEOPOLDINA
293743326,456042537,0,58.035,0,2,21.778325123152708,0.045899813825622464,0.0011135857461024498,1.1353440638228208e-10,0.0002321838731320963,VILA LEOPOLDINA
293743326,293743576,0,35.072,0,4,21.163319439181507,0.04723366159355416,0.0019368327015776316,2.986008139934279e-10,0.0003974572260076586,VILA LEOPOLDINA
293743884,9646642960,0,55.135,0,4,20.906025009473286,0.047814975258741,0.019372049307963844,6.109703944980277e-09,0.0003549865347764851,VILA LEOPOLDINA
293743884,12294364695,0,312.226,0,5,20.557408109132247,0.04862583178190264,0.00027172732968962286,7.810475405536784e-09,0.00040213602122133295,VILA LEOPOLDINA
293743886,338836656,0,122.189,0,4,19.939749905267146,0.05013207654738602,0.01807483048060996,9.130210917491257e-11,0.0003693947938495387,VILA LEOPOLDINA
293743886,6802143793,0,129.113,0,4,20.148162182644942,0.04961351112448515,0.0016812353047006346,1.2863115887054047e-10,0.00036921025441060025,VILA LEOPOLDINA
293743972,293744418,0,172.33800000000002,0,4,18.210306934444866,0.05489314772041534,0.006378147663331079,4.588713691821891e-14,0.000409016330294807,VILA LEOPOLDINA
293743972,2122145493,0,82.455,0,4,18.374384236453203,0.054402969684471024,0.03819754204639217,8.794401042563766e-14,0.00037954879414317966,VILA LEOPOLDINA
293743972,2477723263,0,192.74,0,4,18.458128078817733,0.054156145429163846,0.04204515140423473,1.5656857406703245e-13,0.0003834484906008283,VILA LEOPOLDINA
293744418,4646371325,0,96.531,0,2,18.653656688139446,0.053588477867836756,0.0011135857461024498,1.0265554274472678e-14,0.00023437679909290616,VILA LEOPOLDINA
293744418,4646371331,0,67.297,0,4,18.026904130352406,0.0554516217182015,0.0048172664726938855,1.4218244181064242e-14,0.0004167425419598015,VILA LEOPOLDINA
293750539,2613877300,0,60.958,0,4,20.0481242895036,0.04986107698414199,0.008496131918035126,1.5348284218736493e-14,0.00036414979107999624,VILA LEOPOLDINA
293750539,5591073948,0,31.799,0,4,19.964001515725652,0.0500711777545791,0.004427046175034586,2.4595099423596934e-14,0.00037951324987785056,VILA LEOPOLDINA
293750539,5591073942,0,31.494,0,4,19.203107237589997,0.05205517295814669,0.0036912730859663383,5.6766185469052245e-14,0.0003776717645521606,VILA LEOPOLDINA
293750610,2613892870,0,24.88,0,5,21.78741947707465,0.04588065464285093,0.004438833433628429,2.137554474767528e-15,0.00042322661021943246,VILA LEOPOLDINA
293750610,2613877293,0,17.081,1,5,21.79045092838196,0.04587427180245196,0.0007562456960996582,2.514142584147978e-15,0.00042125408810893045,VILA LEOPOLDINA
293750610,7976384588,0,170.99699999999999,0,5,21.836680560818493,0.04577715307060926,0.001667586900013028,1.9869930942718705e-15,0.0004119850025345812,VILA LEOPOLDINA
293750610,2613877300,0,37.566,0,5,20.986737400530505,0.047631084789830996,0.005492242122699159,4.456256192520815e-15,0.00042231096820678706,VILA LEOPOLDINA
293750612,293750688,0,204.75799999999998,0,4,21.79727169382342,0.045859916902804096,0.00795764031490592,5.2792149930319184e-14,0.0003538020384564425,VILA LEOPOLDINA
293750612,1822507025,0,48.631,0,4,20.837817355058736,0.04797148624320343,0.017533857349355735,1.8730708811584535e-13,0.00036141483213641696,VILA LEOPOLDINA
293750612,2613895685,0,112.172,0,4,21.787798408488065,0.0458798566906675,0.008535836368035437,5.751519308074215e-14,0.000366707201405669,VILA LEOPOLDINA
293750688,2635204162,0,42.335,0,5,22.65820386510042,0.044117401120495024,0.006046863658640991,2.524585063782778e-14,0.00040368667004055656,VILA LEOPOLDINA
293750688,2613922999,0,42.009,0,4,22.594164456233422,0.04424244457116023,0.0016992263836070253,3.9350745619847686e-14,0.0003471537366800943,VILA LEOPOLDINA
293750695,2613922994,0,177.927,0,4,22.34444865479348,0.04473688673325758,0.0032737559789318264,1.0981824930416268e-13,0.000368169158263346,VILA LEOPOLDINA
293750695,1383272133,0,15.637,0,4,21.388404698749525,0.046736588477074625,0.0043718321742529055,4.015538678484865e-13,0.0003721726371592024,VILA LEOPOLDINA
293750695,2613923000,0,16.395,0,4,22.353921940128835,0.044717927854624355,1.1787258593842089e-05,1.7492843560201535e-13,0.0003694412002062528,VILA LEOPOLDINA
293818508,4641346804,0,67.737,0,4,22.967032967032967,0.04352417092888962,0.013281138525103759,2.279002360047596e-15,0.00037528545997470724,VILA LEOPOLDINA
293818508,2818889817,0,36.053,0,4,23.957559681697614,0.04172466152094141,0.007754155008654329,5.164932172243884e-16,0.00037065096118263146,VILA LEOPOLDINA
293818508,293818641,0,152.267,0,4,23.9571807502842,0.04172532148110656,0.004432009231284625,5.070603966479842e-16,0.00037310002303553855,VILA LEOPOLDINA
293818577,2447358149,0,63.91,0,5,26.935960591133004,0.037111023577739016,0.0033289699797135076,4.371200059238131e-18,0.0004459231531860427,VILA LEOPOLDINA
293818577,4663813348,0,103.39,0,4,26.93747631678666,0.0371089354040063,0.002222208435954861,-3.0615741555742816e-18,0.0004034005448278736,VILA LEOPOLDINA
293818577,2818889822,0,127.267,0,4,25.943160287987872,0.03853119887824258,1.8611460937645403e-06,1.600766047162988e-17,0.0003704477721941734,VILA LEOPOLDINA
293818602,2447358149,0,192.745,0,5,25.94164456233422,0.038533450189891905,4.3426742187839275e-06,4.007568895459918e-17,0.00044758555753084107,VILA LEOPOLDINA
293818602,293818603,0,62.643,0,4,25.94278135657446,0.038531761681492194,0.0022246899640798803,1.780268743888818e-17,0.00040546554415360014,VILA LEOPOLDINA
293818602,293818641,0,77.231,0,4,24.948844259189087,0.040066828675577155,0.0033289699797135076,1.0251527153073051e-16,0.00037666350570763664,VILA LEOPOLDINA
293818603,4663813348,0,94.256,0,4,26.938613111026903,0.037107369427916335,6.203820312548467e-06,-2.9131681073790518e-18,0.00042975620645465025,VILA LEOPOLDINA
293818603,2818867095,0,62.547000000000004,0,2,26.940507768093976,0.03710475976144931,0.0011135857461024498,4.599853447000486e-18,0.00023606604315878514,VILA LEOPOLDINA
293818641,293818645,0,154.905,0,4,24.949602122015914,0.04006561161568604,4.3426742187839275e-06,1.265633672500445e-16,0.00036756502088047,VILA LEOPOLDINA
293818645,2447358149,0,60.834,0,5,25.94202349374763,0.038532887337316135,0.0055449745953558205,5.961960774305726e-17,0.00043799421369735087,VILA LEOPOLDINA
293818645,2818889817,0,80.285,0,4,24.950359984842745,0.04006439462973088,0.006648013846926938,1.3333505684220726e-16,0.00036511595902756293,VILA LEOPOLDINA
293818687,1383266262,0,69.888,0,5,20.205759757483897,0.0494720852165107,0.005548076505512095,1.755349902182274e-12,0.00039966594530678294,VILA LEOPOLDINA
293818687,1383266146,0,42.27,0,5,19.749905267146648,0.05061396776669225,0.005187014163321774,3.1672006028862642e-12,0.0003923674044625696,VILA LEOPOLDINA
293818687,1383266257,0,26.116,0,6,19.74838954149299,0.050617852482922714,0.0005583438281293621,3.8042515288029065e-12,0.00045406065082933644,VILA LEOPOLDINA
293818706,8027730143,0,173.512,0,5,19.430845017051915,0.051445064160068645,0.0034052769695578538,1.849888630271179e-12,0.00040869579745141126,VILA LEOPOLDINA
293818706,1383266257,0,207.958,0,6,19.32701780977643,0.051721433613049955,0.001789181778138978,3.7851528218112106e-12,0.0004578111152936015,VILA LEOPOLDINA
298803226,8953951467,0,2.974,0,4,23.45509662751042,0.04261850140553814,0.07855091165139494,2.1500083368221424e-06,0.00037872682863294017,VILA LEOPOLDINA
298803226,8656003168,0,83.141,0,4,23.426676771504358,0.04267020364589231,0.0764862802513788,5.19097465248162e-07,0.0003782336983725608,VILA LEOPOLDINA
298803226,8656003157,0,41.760000000000005,0,4,23.78476695718075,0.04202778485852664,0.0015652238648559784,5.317219177406003e-07,0.0003787198504200972,VILA LEOPOLDINA
298803230,8656003160,0,18.272,0,4,23.60022735884805,0.042356416884764214,0.002902147142210173,1.9830977907171995e-07,0.00037843765535609743,VILA LEOPOLDINA
298803230,8656003157,0,15.870999999999999,0,4,24.095869647593787,0.04148516252811021,0.0007847832695373812,1.987351154956706e-07,0.0003786702640606012,VILA LEOPOLDINA
298803230,8656003168,0,27.072,0,4,23.56309208033346,0.04242317031986234,0.003935703606280747,1.8611066301092444e-07,0.0003781841120130648,VILA LEOPOLDINA
298803231,298803239,0,129.561,0,4,22.816976127320956,0.04381040953930979,0.08026564758578333,7.857641786649936e-08,0.0003716391544553183,VILA LEOPOLDINA
298803231,8656003168,0,30.025,0,4,23.062902614626754,0.043343246307280286,0.0806769608725053,1.7468739720705505e-07,0.00037607742691493976,VILA LEOPOLDINA
298803231,338827527,0,81.243,0,4,22.40697233800682,0.04461205438679564,0.0006997909312554671,2.400912919158041e-07,0.000373073455109133,VILA LEOPOLDINA
298803239,8656031358,0,20.426000000000002,0,4,22.458885941644564,0.04450893384399939,0.018855891457959812,2.430011080183162e-08,0.0003635265843615599,VILA LEOPOLDINA
298803239,4360214659,0,24.588,0,4,23.14626752557787,0.04318713881112585,0.06178260572860768,2.1472430357200746e-08,0.0003673950569252994,VILA LEOPOLDINA
298803273,338836323,0,22.386,0,5,21.714664645699127,0.046034377453974346,0.10788164351607721,1.2496822957933655e-08,0.0004203413117897007,VILA LEOPOLDINA
298803273,298812129,0,23.076999999999998,0,5,21.657824933687003,0.04615519202169539,0.07413875464511047,4.361568110249583e-09,0.00043740990475523334,VILA LEOPOLDINA
298804148,8656071695,0,60.07,0,4,22.67298219022357,0.04408864525186349,0.061993535619234326,7.430268905015346e-09,0.0003551185319301803,VILA LEOPOLDINA
298804148,477364851,0,143.924,0,5,21.784388025767335,0.04588703925968446,0.07853633267366045,1.609207206282841e-08,0.0004175753578495897,VILA LEOPOLDINA
298804148,9652211188,0,60.935,0,4,22.52482000757863,0.044378648453139984,0.016767995731771627,9.836939669650728e-09,0.0003507398122039846,VILA LEOPOLDINA
298804262,8656071693,0,14.484,0,4,22.58848048503221,0.044253577359883244,0.026364064991221594,7.684222093676332e-09,0.0003429556800505953,VILA LEOPOLDINA
298804262,4360214729,0,136.797,0,4,21.946570670708603,0.045547939292435724,0.02716870048575913,7.783959087000824e-09,0.0003412771817198854,VILA LEOPOLDINA
298804262,338836094,0,15.549000000000001,0,5,22.33308071239106,0.044759658618524864,0.0007295692687556998,1.4215894741459276e-08,0.00041392778911988513,VILA LEOPOLDINA
298804269,8656053855,0,12.669,0,6,21.857900719969685,0.04573271154412912,0.026560726095129383,4.62585568037802e-08,0.00046550317353139133,VILA LEOPOLDINA
298804269,477365015,0,40.057,0,5,21.658961727927245,0.04615276951607824,0.03206661662251615,3.666698906703369e-08,0.0004085464459594602,VILA LEOPOLDINA
298804269,4661191479,0,39.75,0,5,21.585449033724895,0.04630995014395056,0.004937000204726071,1.0310031446670097e-07,0.00039848696589781137,VILA LEOPOLDINA
298804269,298805356,0,24.796,0,5,21.321712769988633,0.046882775289685076,0.0008325526859440044,3.8587890373685855e-08,0.0003999754792123224,VILA LEOPOLDINA
298804273,338835991,0,64.86,0,4,23.549829480863963,0.04244706185235245,0.025545470900980825,1.4680906821170441e-05,0.0003729091880195892,VILA LEOPOLDINA
298804273,338830695,0,40.830999999999996,0,4,23.74308450170519,0.04210156723802228,0.0007705144828185197,9.248849868926109e-06,0.0003659472830916311,VILA LEOPOLDINA
298804273,2613945670,0,30.595,0,4,23.748768472906406,0.04209149075359405,0.024825207362693946,4.868194122900995e-06,0.000371751109802174,VILA LEOPOLDINA
298805356,298805368,0,173.827,0,4,21.159151193633953,0.04724296638550117,0.0033184234851821753,1.244359045602211e-08,0.0003417847232189945,VILA LEOPOLDINA
298805356,8656053855,0,24.409999999999997,0,5,21.750663129973475,0.045958188153310105,0.0032123381578375966,2.7701464945085584e-08,0.00039929900954883794,VILA LEOPOLDINA
298805368,298809785,0,76.221,0,4,21.516104585070103,0.046459202902379315,0.0038848322797178504,3.0029508675637287e-09,0.00035843783616458524,VILA LEOPOLDINA
298805368,12294364698,0,135.479,0,4,20.86547934823797,0.047907889001888714,0.002149003356266789,3.6419283546026347e-09,0.00034266128569744895,VILA LEOPOLDINA
298806252,12294364695,0,49.448,0,5,20.603258810155364,0.048517619362907376,0.07926745289749428,6.760382454831257e-09,0.00039688321054176447,VILA LEOPOLDINA
298806252,477364851,0,53.433,0,5,21.173929518757106,0.04720999319947027,0.0657530507286387,1.570727733617749e-08,0.00040785011355706736,VILA LEOPOLDINA
298806252,4360214729,0,71.634,0,4,21.361879499810534,0.04679462163408664,0.013591949922762438,7.866676975162168e-09,0.0003358117551853309,VILA LEOPOLDINA
298806259,338827520,0,148.906,0,6,19.862068965517242,0.05032814407814408,0.06095129380672618,1.7167329740663315e-09,0.00044660591825887203,VILA LEOPOLDINA
298806259,9644392777,0,268.434,0,5,20.1470253884047,0.04961631056274451,0.006061132445359853,6.601120647122509e-10,0.00040294569913297887,VILA LEOPOLDINA
298806259,298806263,0,132.177,0,6,19.548313755210305,0.051135923082887495,0.06146434974657394,6.780489740551259e-10,0.00045806750495934283,VILA LEOPOLDINA
298806263,338833457,0,124.06200000000001,0,5,19.589238347859038,0.05102909316001238,0.009719525283669685,3.021439666514403e-10,0.00038975894088507474,VILA LEOPOLDINA
298806263,6802143793,0,210.24900000000002,0,5,19.807881773399014,0.05046582365657223,0.001227115657822087,2.38413063143221e-10,0.00042379580744840147,VILA LEOPOLDINA
298806800,298806812,0,143.159,0,4,23.100416824554756,0.04327285850201765,0.0014262582898548926,5.745169465591589e-10,0.0003582560111985535,VILA LEOPOLDINA
298806800,462296457,0,37.074,0,4,22.65858279651383,0.04411666332196133,0.0038587762344051467,2.29717955972218e-09,0.00036555696916287935,VILA LEOPOLDINA
298806800,298809784,0,116.05700000000002,0,4,22.7086017430845,0.044019490054732345,0.0022768020547052877,6.801088104889037e-10,0.00036693712668554033,VILA LEOPOLDINA
298806812,298808000,0,41.591,0,5,23.234937476316787,0.04302232659784399,0.0014585181554801448,1.841593294969771e-10,0.00041062692149502924,VILA LEOPOLDINA
298806812,298810960,0,21.483,0,4,23.510420613868888,0.0425182128811811,0.0008728775179755694,2.0590461706120594e-10,0.000356356133044967,VILA LEOPOLDINA
298808000,298808002,0,140.379,0,6,22.993558165971958,0.04347396176664469,0.004028760910968975,1.0065268195136498e-10,0.0004721234307299135,VILA LEOPOLDINA
298808000,298810961,0,61.412,0,6,23.63508904888215,0.042293941288698636,0.0006030113343797111,9.540067893004117e-11,0.00047297226814247675,VILA LEOPOLDINA
298808000,298810315,0,81.036,0,5,23.53315649867374,0.0424771351281721,0.002728440173458816,1.0291766248838686e-10,0.00040380554584329214,VILA LEOPOLDINA
298808002,298808005,0,72.55699999999999,0,5,22.535430087154225,0.04435775419952582,0.00641661134926888,5.832657304010536e-11,0.00041415036919545856,VILA LEOPOLDINA
298808002,338833568,0,61.364999999999995,0,5,22.967411898446382,0.04352345283859366,0.0014510735711050866,9.26651856142863e-11,0.0004155377504316217,VILA LEOPOLDINA
298808002,338833486,0,63.293,0,5,23.241000378931414,0.0430111033212137,0.0022004950648609415,5.647489467196673e-11,0.0004099379488588977,VILA LEOPOLDINA
298808005,298809774,0,56.962,0,4,22.156498673740053,0.04511638248020386,0.005930852218796335,5.94642370408202e-11,0.00035395943618986227,VILA LEOPOLDINA
298808373,348752897,0,470.74600000000004,0,4,21.04433497536946,0.04750072025352924,0.03615710554559498,3.7974838324929295e-11,0.0003667278650742176,VILA LEOPOLDINA
298809774,298810142,0,118.71900000000002,0,4,22.031451307313375,0.04537245661409332,0.004730412988318207,1.778633445076664e-10,0.00036078757471321474,VILA LEOPOLDINA
298809774,298810517,0,85.554,0,4,21.707464948844258,0.04604964563767762,0.007228691428181474,7.973524920157408e-11,0.000350586811038008,VILA LEOPOLDINA
298809784,298809785,0,62.181,0,4,22.29329291398257,0.044839543105792766,0.002676948464864664,8.03053211136633e-10,0.00036702597182165764,VILA LEOPOLDINA
298809784,298810960,0,58.207,0,4,23.088669950738915,0.0432948745302063,0.00033748782500263666,3.114964962699428e-10,0.00036503724853195383,VILA LEOPOLDINA
298809785,298810142,0,83.219,0,4,22.25994694960212,0.04490671387716192,0.005389879087542108,7.122903545874914e-10,0.0003646600153856611,VILA LEOPOLDINA
298809837,298810517,0,80.16499999999999,0,4,21.750663129973475,0.045958188153310105,0.00042868398359709913,7.42227363678867e-11,0.0003430795006301823,VILA LEOPOLDINA
298810142,338833568,0,58.946,0,4,22.654793482379688,0.04412404241795738,0.0018636276218895597,1.9100084057664054e-10,0.00035804832062667064,VILA LEOPOLDINA
298810303,298810315,0,87.226,0,4,22.83175445244411,0.04378205234594128,0.004472954445347445,1.4760408411311027e-10,0.0003513619834517761,VILA LEOPOLDINA
298810303,298810304,0,19.941,0,4,22.1496779082986,0.045130275606042464,0.012250063589158203,1.5631948245389345e-10,0.00036907478828949493,VILA LEOPOLDINA
298810303,4661191488,0,58.760000000000005,0,4,22.35505873436908,0.044715653868971944,0.01038581558523739,5.304952833334274e-10,0.0003679547951205643,VILA LEOPOLDINA
298810304,348752897,0,18.005000000000003,0,4,21.610079575596817,0.046257167406056565,0.0038029418515922106,7.660043824384066e-11,0.0003734853281919944,VILA LEOPOLDINA
298810304,8656419177,0,32.092999999999996,0,4,21.985600606290262,0.04546708031713202,0.009190959793040555,1.6151822343144287e-10,0.0003749160319048492,VILA LEOPOLDINA
298810315,298810961,0,122.985,0,5,23.73020083364911,0.042124425140521206,0.001643392000794089,7.540298523705488e-11,0.0004087192804701948,VILA LEOPOLDINA
298810960,338833568,0,142.074,0,4,23.36983705949223,0.042773985374475056,0.0006129374468797886,1.366731540572882e-10,0.00035715030715692184,VILA LEOPOLDINA
298810961,338833486,0,138.587,0,5,23.89730958696476,0.04182985808293031,0.00020348530625158973,5.122289825634549e-11,0.00041078444269899625,VILA LEOPOLDINA
298810961,298811205,0,174.271,0,5,24.528230390299356,0.04075390081878572,0.0009330545750072895,4.480579666614703e-11,0.00042536463544094706,VILA LEOPOLDINA
298811205,4978461116,0,28.343,0,2,24.895793861311102,0.04015220700152207,0.0011135857461024498,1.244602529738034e-11,0.00020514486463319576,VILA LEOPOLDINA
298811205,338833486,0,59.624,0,4,24.234558544903372,0.04124775232585411,0.0012928761531351006,2.8142694964187568e-11,0.0003553919424657727,VILA LEOPOLDINA
298812129,4661191487,0,75.44200000000001,0,2,22.075028419856007,0.04528288931612195,0.0011135857461024498,9.117554399509081e-10,0.00021297742004426328,VILA LEOPOLDINA
298812134,4661191691,0,49.666000000000004,0,4,21.6123531640773,0.046252301218550014,0.04173682153470107,2.5336127396511696e-10,0.00037744374729429804,VILA LEOPOLDINA
298812138,1376053627,0,8.368,0,5,21.240242516104583,0.047062601466469234,0.049245925641009734,2.6079953346060697e-11,0.00040693456461540864,VILA LEOPOLDINA
330115840,330115853,0,4.747,0,4,23.035619552860933,0.043394581434751854,0.08065090482719259,0.002114521756387444,0.00037064909581687746,VILA LEOPOLDINA
330115840,7987155909,0,181.03000000000003,0,4,22.636225843122396,0.044160235699817536,0.06594040610207766,0.0036671464816283193,0.0003614695248491687,VILA LEOPOLDINA
330115853,8657255507,0,41.032,0,4,23.446381205001895,0.042634343434343434,0.016705647337630514,0.0005940387137270617,0.00037346877799547366,VILA LEOPOLDINA
330115866,338834366,0,14.562000000000001,0,4,22.697233800682078,0.04404153728004274,0.026327772642393187,0.00747489455848135,0.0003650812639894317,VILA LEOPOLDINA
331318932,1831382840,0,22.994,0,4,22.769988632057597,0.04390081544350141,0.001214087635165735,2.3620511075384796e-06,0.00036750154580662733,VILA LEOPOLDINA
331318932,336109205,0,129.041,0,4,22.363016294050777,0.0446997424427274,0.0022203472898610966,1.0192201062487296e-05,0.0003434128260063178,VILA LEOPOLDINA
331318932,331318943,0,35.861999999999995,0,4,22.753315649867375,0.04393298471172102,0.0013691831429794468,2.406598657186109e-06,0.0003615113961804013,VILA LEOPOLDINA
331318941,331318943,0,21.655,0,4,22.406593406593405,0.04461280884815071,0.0015552977523559009,8.400897540017902e-07,0.00035662555305094744,VILA LEOPOLDINA
331318941,8655903095,0,150.924,0,5,21.91360363774157,0.04561646204392184,0.01038209329304986,1.2618021906763243e-06,0.0004049799507637998,VILA LEOPOLDINA
331318941,1831382855,0,26.054000000000002,0,4,22.665403561955287,0.04410338716688401,0.008220682296157975,5.443364405317687e-07,0.00035845455383476475,VILA LEOPOLDINA
331318943,1831382855,0,10.478000000000002,0,4,23.093217127699887,0.04328634953973385,0.00023016173359554815,7.111874744903828e-07,0.00036514513649009764,VILA LEOPOLDINA
331321984,331321985,0,35.799,0,4,19.989389920424404,0.05000758265089475,0.0008530252929754143,4.757394459943652e-11,0.0003741724222938957,VILA LEOPOLDINA
331321985,2917580136,0,79.945,2,4,19.896172792724517,0.05024187711880547,0.005090234566446018,1.495756333789064e-11,0.00039630823684919016,VILA LEOPOLDINA
331327083,9643790532,0,3.002,0,4,19.58582796513831,0.05103797860196955,0.06287447810361621,1.803643181048233e-12,0.00034403214889582457,VILA LEOPOLDINA
331327083,2477723266,0,43.313,0,4,19.38082607048124,0.05157783599890509,0.059116203758274345,7.656965123527345e-13,0.00036120943395009215,VILA LEOPOLDINA
331327083,2477723267,0,42.425,0,4,19.424024251610458,0.05146312914553258,0.003389147036745228,5.802074799435509e-13,0.00036136515209195567,VILA LEOPOLDINA
331327086,2477723266,0,71.749,0,4,19.068586585827966,0.05242239974563809,0.06346384103330831,1.6193532669647478e-12,0.00035458490427664924,VILA LEOPOLDINA
331327086,331327088,0,112.596,0,4,19.135278514588858,0.05223969266109549,0.10056702917656693,2.0446394699947355e-12,0.00034580836143790995,VILA LEOPOLDINA
331327088,9423647987,0,88.286,0,4,18.787798408488065,0.053205865149956635,0.1005688903226607,9.843745297377302e-13,0.0003541990971675376,VILA LEOPOLDINA
331329114,331329120,0,71.652,0,4,19.320954907161802,0.05173766376402291,0.001846256925014424,1.844531053282388e-12,0.0003452032102128908,VILA LEOPOLDINA
331329120,331329122,0,49.789,0,4,19.81356574460023,0.050451346389228886,0.001433082492198696,3.085639192496656e-12,0.00035015298127739523,VILA LEOPOLDINA
331329120,331329124,0,180.17700000000002,0,4,20.012125805229253,0.0499507687646747,0.00022643944140801907,1.3331314115849139e-12,0.0003589686951299242,VILA LEOPOLDINA
331329122,331329130,0,67.397,0,4,20.319439181508148,0.049195307983514534,0.0009733794070388546,3.3394039802209334e-12,0.00035187767079039123,VILA LEOPOLDINA
331329124,331329130,0,63.149,0,4,20.664266767715045,0.048374378816496436,0.00023636555390809663,1.5869193766745465e-12,0.00036069338464292,VILA LEOPOLDINA
331329603,9423647987,0,20.88,0,4,18.823039029935583,0.053106252768047674,0.06141037650985477,2.9601716801873055e-13,0.0003583961736875181,VILA LEOPOLDINA
336109205,336109206,0,164.35500000000002,0,5,22.082228116710876,0.04526812526812527,0.002546047856269891,3.953887827592237e-05,0.0003922693827659474,VILA LEOPOLDINA
336109206,12865745488,0,265.69599999999997,0,6,21.989768851837816,0.04545846185659389,0.005330477508049457,0.00012086833784278986,0.0004656055438332382,VILA LEOPOLDINA
336109210,4360213774,0,106.024,0,4,21.831375521030694,0.0457882769513825,0.0030901228976803917,0.0014441755086422598,0.0004014067357218321,VILA LEOPOLDINA
336109210,9664398561,0,122.395,0,4,21.539977264115194,0.046407712335514745,0.005769707986177888,0.001351616715119719,0.0003689359718955025,VILA LEOPOLDINA
336109212,7987155909,0,20.314,0,4,21.925350511557408,0.04559202226024438,0.06317660415283732,0.0077050570779306484,0.00034990189778025564,VILA LEOPOLDINA
336109212,4360213776,0,15.626,0,5,21.829859795377036,0.04579145619608047,0.06510351074191488,0.007992687514630075,0.0004279179017973691,VILA LEOPOLDINA
336109212,408859990,0,25.31,0,4,20.95377036756347,0.04770602383492775,0.12830555055803364,0.029234672481489362,0.0003304625577341293,VILA LEOPOLDINA
338825751,2711769494,0,62.709,0,4,23.60287987874195,0.04235165681993321,0.0010980761953210787,5.162479830868025e-07,0.0004085734394384797,VILA LEOPOLDINA
338825751,4360284414,0,64.739,0,2,23.87116331943918,0.04187567464600927,0.0011135857461024498,2.020343332306088e-07,0.00023191275127813928,VILA LEOPOLDINA
338825758,2711769492,0,293.902,0,4,22.95301250473664,0.04355075693790963,0.0013325806031354108,3.758722944617427e-06,0.0003821976547597075,VILA LEOPOLDINA
338825758,2959327910,0,81.691,0,4,22.554755589238347,0.044319747320318535,0.0015242786507931585,1.1932751470231626e-05,0.0003785705914644016,VILA LEOPOLDINA
338825762,338825763,0,69.42399999999999,0,5,22.555134520651762,0.044319002738437245,0.003716708749247787,5.904297285280598e-06,0.0003906862921359335,VILA LEOPOLDINA
338825762,338830745,0,91.699,0,4,22.926108374384235,0.04360186440117682,0.0026217344640829822,6.358851079258299e-06,0.0003285941610423757,VILA LEOPOLDINA
338825762,338830734,0,60.497,0,4,22.932929139825692,0.043588896232650366,0.0013127283781352557,5.8687646238058914e-06,0.00032994667384578474,VILA LEOPOLDINA
338825763,338827547,0,135.458,0,6,21.859795377036757,0.045728747746498405,0.004820988764881414,4.875222826486579e-06,0.0004580780890275953,VILA LEOPOLDINA
338825763,477366401,0,358.402,0,5,22.264873057976505,0.04489677825620777,0.00020596683437660912,6.763761160338184e-06,0.00039116400113167185,VILA LEOPOLDINA
338827520,12294364695,0,90.495,0,6,20.145888594164457,0.04961911031693784,0.0615927688270437,4.124076085783147e-09,0.0004527750045494822,VILA LEOPOLDINA
338827520,338827521,0,120.197,0,5,20.236453201970445,0.049397048910193996,0.001583214943762369,1.7928190651985474e-09,0.0003825815756536684,VILA LEOPOLDINA
338827521,12294364698,0,71.13000000000001,0,4,20.564607805987116,0.04860880781278791,0.017661035665762978,1.7841158909616317e-09,0.00032653144294180587,VILA LEOPOLDINA
338827527,338827534,0,81.17199999999998,0,4,21.94278135657446,0.045555804997668675,0.0011402621734464082,9.193096704970583e-07,0.00037359624126504485,VILA LEOPOLDINA
338827531,338827534,0,152.669,0,4,22.127699886320578,0.04517510060792876,0.0018412938687643852,9.403104648974744e-07,0.0003736813943150117,VILA LEOPOLDINA
338827531,477366124,0,82.548,0,4,21.912087912087912,0.045619617473108984,0.0014461105148550477,3.3897408183461465e-07,0.0003682060591991982,VILA LEOPOLDINA
338827534,338835988,0,114.269,0,4,22.12353164077302,0.04518361194847904,0.0026732261726771346,3.9731989676330035e-06,0.0003767516008509711,VILA LEOPOLDINA
338827537,338827547,0,71.839,0,5,21.717317165593027,0.04602875488553881,0.0005850202554733205,1.8224275421216728e-06,0.0003969244237401773,VILA LEOPOLDINA
338827547,4360214335,0,420.18,0,5,22.070481242895035,0.0452922189410068,0.000315774453908717,1.6632534292738379e-06,0.00041077420734957494,VILA LEOPOLDINA
338830683,2613945661,0,1.867,0,4,23.878741947707464,0.041862384156404725,0.012447345075097245,3.879486419585501e-06,0.00037406957989508604,VILA LEOPOLDINA
338830683,338830695,0,18.131,0,4,24.103069344448656,0.04147277072066407,0.008873324193038074,7.405977963905539e-06,0.0003661893821656013,VILA LEOPOLDINA
338830683,2613945670,0,14.972000000000001,0,4,23.642667677150435,0.042280384017437854,0.004541196468785478,3.0253222178741635e-06,0.0003719932088761442,VILA LEOPOLDINA
338830695,338831766,0,79.265,0,5,23.834028040924593,0.04194092022003879,0.009248655321947255,2.7254177521149036e-05,0.0004296703036243475,VILA LEOPOLDINA
338830702,338831661,0,287.81600000000003,0,4,22.81205001894657,0.04381987010182555,0.0051553746797277766,2.691622453608328e-05,0.00034967776804572647,VILA LEOPOLDINA
338830702,12865745488,0,72.077,0,5,22.190223569533913,0.04504781420765027,0.0061628750984856475,0.00011137055211044514,0.00040582331341065055,VILA LEOPOLDINA
338830734,338830745,0,89.375,0,4,23.236453201970445,0.04301952022961139,0.00047149034375368353,7.61459516398311e-06,0.0003291382112776879,VILA LEOPOLDINA
338831661,8655983589,0,14.78,0,4,23.786282682834408,0.04202510673548716,0.005596466303949972,6.712532005872328e-06,0.0003680413189272078,VILA LEOPOLDINA
338831661,338831692,0,15.139,0,4,23.76847290640394,0.04205659625348745,0.0006514011328175891,6.96803297856301e-06,0.00036859072733393496,VILA LEOPOLDINA
338831674,9664398561,0,203.785,0,4,22.176582038651006,0.045075524571116125,0.00047459225390995776,0.00032619992799491713,0.00036479638202740984,VILA LEOPOLDINA
338831674,338831794,0,46.723,0,4,23.13338385752179,0.043211191010499764,0.0006960686390679381,0.00011878688183976618,0.00037246285764056105,VILA LEOPOLDINA
338831674,338831678,0,38.266,0,4,23.133004926108374,0.043211898833704625,0.0008362749781315335,9.429830988537073e-05,0.0003733919231285901,VILA LEOPOLDINA
338831678,338831794,0,42.31,0,4,23.73474801061008,0.04211635481192924,0.0045089366031602265,7.588326850387277e-05,0.00037448330978719687,VILA LEOPOLDINA
338831678,4360214315,0,82.206,0,4,23.705191360363774,0.04216886729115381,0.005289997580510079,3.183013129329247e-05,0.00037634226462699956,VILA LEOPOLDINA
338831692,8655983589,0,7.086,0,4,24.462675255778706,0.04086311321777654,0.010914381075866519,3.3521554008129728e-06,0.0003726198252301528,VILA LEOPOLDINA
338831692,2909515760,0,1.609,0,4,24.691549829480863,0.040484338791608475,0.012123505654782216,3.860045786578919e-06,0.00037499902219770027,VILA LEOPOLDINA
338831716,338831738,0,75.431,0,4,23.133762788935204,0.04321048321048321,0.05965531574343481,0.0006773635789601875,0.0003628073054702662,VILA LEOPOLDINA
338831716,338831797,0,64.991,0,4,23.12353164077302,0.04322960195336185,0.005064178521133314,0.0006792482850856229,0.00036503556536997045,VILA LEOPOLDINA
338831716,4360213776,0,111.64499999999998,0,5,22.523683213338387,0.04438088829071332,0.06451662934034778,0.002806542944113954,0.00043684251009382363,VILA LEOPOLDINA
338831738,338831741,0,35.117,0,4,23.53580901856764,0.042472347893287826,0.0617410401325136,0.00018691952520166316,0.0003591334456355521,VILA LEOPOLDINA
338831738,338831797,0,59.069,0,4,23.664645699128457,0.04224111703575603,0.0017525792382949421,0.00029744515341245155,0.00036668832249304724,VILA LEOPOLDINA
338831741,338831766,0,37.917,0,5,23.777946191739296,0.0420398406374502,0.05955295270827776,6.080793651471412e-05,0.00042602389982359225,VILA LEOPOLDINA
338831741,8050336881,0,25.769,0,4,24.107616521409625,0.04146494812951902,0.002575826193770124,5.995398226026753e-05,0.0003538887134579648,VILA LEOPOLDINA
338831766,338835999,0,24.946,0,5,23.851837817355058,0.041909603622209864,0.05938420879577644,3.9795803465472385e-05,0.0004286969964922572,VILA LEOPOLDINA
338831766,8050336881,0,26.514,0,5,24.24441076165214,0.04123099045028993,0.008637579021161232,4.248331565867162e-05,0.0004261060801516337,VILA LEOPOLDINA
338831794,338831797,0,21.911,0,4,23.61652140962486,0.04232719337654836,0.005993510803953075,0.00019985084999808687,0.0003712354133459597,VILA LEOPOLDINA
338833457,4256193564,0,103.125,0,5,19.912087912087912,0.05020172033188704,0.0026620592961145474,1.7359479085055033e-10,0.0003740144506030119,VILA LEOPOLDINA
338833460,4256193564,0,68.252,0,5,20.174308450170518,0.049549211119459056,0.019984366372812378,9.384867514610009e-11,0.0003789303790192514,VILA LEOPOLDINA
338834366,8656574050,0,14.322,0,4,23.25236832133384,0.04299007545263432,0.0009498048898511703,0.0025397609346408732,0.000368265973634888,VILA LEOPOLDINA
338834366,8656574051,0,17.747,0,4,22.872679045092838,0.043703715975547126,0.02635631021583091,0.003624406292728409,0.0003628453609661981,VILA LEOPOLDINA
338834369,8656574051,0,132.52,0,5,21.893141341417202,0.04565909720299086,0.09371366887729464,0.008534481609422743,0.00042739708039387964,VILA LEOPOLDINA
338834369,338834460,0,322.70199999999994,0,5,21.672603258810156,0.04612371927125223,0.0069395934016167156,0.008186752669980426,0.00042782333000900865,VILA LEOPOLDINA
338834369,338834371,0,56.13499999999999,0,5,21.7086017430845,0.04604723419853724,0.09727093944450993,0.008187073623136561,0.00043124032650775546,VILA LEOPOLDINA
338834371,4360214578,0,32.338,0,4,22.075028419856007,0.04528288931612195,0.09366403831479425,0.001967681558974322,0.00037227746844374534,VILA LEOPOLDINA
338834373,9668894929,0,17.815,0,4,22.441834028040926,0.04454275293799811,0.09362557462885646,0.00012738300788414395,0.00038233440463832265,VILA LEOPOLDINA
338834373,4360214578,0,35.272,0,4,22.294050776809396,0.04483801883264779,0.09367458480932558,0.0005276488322431248,0.0003811002406987836,VILA LEOPOLDINA
338834380,8656464043,0,20.536,0,4,23.991284577491474,0.041666008560643154,0.0024511294054878996,8.284154644856047e-07,0.0003884066264678136,VILA LEOPOLDINA
338834380,4664524728,0,13.235,0,4,23.58052292535051,0.042391810892027836,0.0004888610406288193,1.757457062022365e-06,0.0003801450904012641,VILA LEOPOLDINA
338834380,338834385,0,45.129,0,4,23.445244410761653,0.04263641065425394,0.002177540929704512,9.449178789232621e-07,0.00036665398773995915,VILA LEOPOLDINA
338834385,8046401976,0,20.804,0,5,22.788177339901477,0.04386577538328511,0.001575149977356056,1.093788635420421e-06,0.0004221805265847338,VILA LEOPOLDINA
338834385,8656546548,0,20.406,0,4,23.073891625615765,0.04332260395454247,0.000882183248444392,1.8586810458960665e-06,0.0003543497036435463,VILA LEOPOLDINA
338834460,8656031058,0,20.667,0,4,22.148162182644942,0.04513336412941197,0.004402230893784393,0.0019662942951670453,0.00036479618801304797,VILA LEOPOLDINA
338834460,8656031062,0,21.8,0,4,22.154604016672984,0.045120240823726614,0.003215440067993871,0.0019664709724223632,0.0003650166135788941,VILA LEOPOLDINA
338835988,8656031060,0,17.498,0,4,22.46949602122016,0.04448791675801474,0.0009919908679765,1.1028084615105643e-05,0.00037834321687562245,VILA LEOPOLDINA
338835988,12683745871,0,18.89,0,4,22.465327775672602,0.04449617110278987,0.00232705299923693,1.039996503902885e-05,0.00037822237064850635,VILA LEOPOLDINA
338835991,8656075573,0,22.114,0,4,22.979916635089047,0.04349976914451553,0.02556656389004349,3.483812792763319e-05,0.0003756637568478701,VILA LEOPOLDINA
338835991,4360214371,0,30.798,0,4,23.31981811292156,0.04286573178856372,0.0005502788617230491,3.709239656308461e-05,0.00037291165821571725,VILA LEOPOLDINA
338835999,4360214371,0,73.968,0,4,23.801439939370972,0.041998344265426986,0.06962175307554393,4.4201965555131915e-05,0.00036503657874377036,VILA LEOPOLDINA
338836009,338836064,0,63.473,0,4,22.286851079954527,0.04485250361302389,0.013752008486826188,1.5167796107594702e-07,0.0003681265687731144,VILA LEOPOLDINA
338836009,8046390852,0,8.036,0,4,22.21068586585828,0.04500631248507182,0.015038060437617485,5.053363281474292e-07,0.0003728647085764927,VILA LEOPOLDINA
338836009,338836026,0,49.551,0,4,21.909435392194013,0.045625140524741,0.0010881500828210011,1.3430010188850725e-07,0.0003630409139003184,VILA LEOPOLDINA
338836012,338836070,0,117.271,0,4,22.61917392951876,0.04419352677075655,0.00220545812111098,1.5916514476978384e-07,0.00036124978573076367,VILA LEOPOLDINA
338836012,338836018,0,198.97000000000003,0,4,22.12353164077302,0.04518361194847904,0.011540346545402659,5.699586267490579e-07,0.00035924715757663494,VILA LEOPOLDINA
338836012,338836064,0,66.045,0,4,22.10003789314134,0.04523164500531532,0.014186896290735836,1.647205026038032e-07,0.00036540878849698993,VILA LEOPOLDINA
338836018,8656556524,0,3.997,0,4,22.19704433497537,0.04503397179828605,0.0218430309384519,2.247573453444088e-06,0.0003628141724649136,VILA LEOPOLDINA
338836018,338836270,0,117.377,0,5,22.269041303524062,0.04488837462564661,0.010029095917265854,7.691760905595737e-07,0.0004166419336548491,VILA LEOPOLDINA
338836026,338836064,0,46.42400000000001,0,4,21.980674497915878,0.04547726998465702,0.001036037992195594,8.465625309607134e-08,0.0003617606564499002,VILA LEOPOLDINA
338836026,477364851,0,433.29599999999994,0,5,21.55399772641152,0.04637752500835077,0.0015255194148556682,4.548772761379071e-08,0.0004211504218023715,VILA LEOPOLDINA
338836070,338836072,0,66.324,0,4,22.928760894278135,0.04359682030772282,0.0006172801210985726,7.330519972629563e-08,0.00035367223751110375,VILA LEOPOLDINA
338836070,338836296,0,40.728,0,4,23.08071239105722,0.043309801346248566,0.001578872269543585,1.249126548283011e-07,0.00035292928388160104,VILA LEOPOLDINA
338836072,338836094,0,360.02200000000005,0,5,22.60287987874195,0.04422538516991065,0.001165697836727857,3.8283367334258955e-08,0.0004171959851336853,VILA LEOPOLDINA
338836072,338836296,0,58.946,0,4,22.683971201212582,0.044067286971919216,0.001027973025789281,1.0729445793895554e-07,0.00034807321560246076,VILA LEOPOLDINA
338836094,8656071693,0,20.037,0,5,22.904130352406213,0.04364370326252399,5.583438281293621e-06,1.4348059187270113e-08,0.00041422339888364456,VILA LEOPOLDINA
338836094,338836096,0,33.958,0,5,22.740810913224706,0.04395714261909919,0.0009609717664137577,1.5222436985351372e-08,0.00041356744358319675,VILA LEOPOLDINA
338836096,8656071693,0,17.188,0,4,22.993937097385373,0.043473245332146804,0.026288378383408504,8.690764360554838e-09,0.0003426058430188464,VILA LEOPOLDINA
338836096,9652211178,0,63.174,0,4,23.009473285335353,0.0434438918349198,0.027582495300606115,1.3683493380041673e-08,0.0003393956777448517,VILA LEOPOLDINA
338836270,4661191479,0,401.669,0,5,21.95566502463054,0.04552907267737871,0.008853471968037919,3.8744873362510354e-07,0.0004033853682493888,VILA LEOPOLDINA
338836270,338836296,0,84.143,0,5,22.58128078817734,0.044267686937844004,0.0030169178179923197,3.9237186677544014e-07,0.0004128211718899544,VILA LEOPOLDINA
338836270,8046401976,0,99.739,0,6,22.317544524441075,0.044790817712578104,0.0016706888101693023,9.109337035171254e-07,0.00048193826360494235,VILA LEOPOLDINA
338836318,338836504,0,24.993,0,4,22.30238726790451,0.0448212586652168,0.09418019616479828,1.6919354274568435e-07,0.00037269321383888996,VILA LEOPOLDINA
338836318,8046401976,0,370.88300000000004,0,5,22.429329291398258,0.044567586288456015,0.0,7.354512119723333e-07,0.00043157610826331555,VILA LEOPOLDINA
338836318,4664524755,0,41.619,0,4,22.914740431981812,0.04362349517131896,0.09414235286089175,1.757846206370462e-07,0.00039631043079843336,VILA LEOPOLDINA
338836323,338836504,0,123.954,0,4,21.941265630920803,0.04555895204048149,0.09075444658820903,4.068615245071945e-08,0.00036265488197798404,VILA LEOPOLDINA
338836323,477365015,0,133.548,0,4,22.00909435392194,0.045418546193312904,0.021753385734935574,1.702552640545562e-08,0.00035068911807707107,VILA LEOPOLDINA
338836454,6871038128,0,40.954,0,4,24.35960591133005,0.041036011511239014,0.09342146894057361,7.087426919207768e-08,0.00043148109436762564,VILA LEOPOLDINA
338836454,4664524755,0,44.503,0,4,23.75862068965517,0.04207403626852103,0.09429868913276797,8.172705844796799e-08,0.0004172098047235122,VILA LEOPOLDINA
338836621,4028081751,0,91.615,0,4,21.127320954907162,0.047314142229396464,0.007208994298689133,3.7999843430172e-08,0.0003495156441159987,VILA LEOPOLDINA
338836621,4028081751,1,158.896,0,4,21.127320954907162,0.047314142229396464,0.0,3.799984343985557e-08,0.0003495156441159988,VILA LEOPOLDINA
338836622,338836623,0,63.234,0,4,20.924213717317166,0.04777341132581177,0.009298906266478899,1.3745989994935734e-09,0.0004239743342323171,VILA LEOPOLDINA
338836622,338836625,0,125.904,0,2,21.46684350132626,0.04656581525480574,0.0011135857461024498,1.281466706008189e-09,0.00023886157919604753,VILA LEOPOLDINA
338836623,338836624,0,122.654,0,2,21.36415308829102,0.04678964171692089,0.0011135857461024498,2.9347643915430695e-10,0.00022699824475701488,VILA LEOPOLDINA
338836623,4641137775,0,120.484,0,5,20.79007199696855,0.04808165497129317,0.009566911303980992,3.4552186448323473e-10,0.00046265290312408217,VILA LEOPOLDINA
348752897,4661191691,0,43.823,0,4,21.35695339143615,0.04680541509199624,0.032594251540098394,9.315712565923367e-11,0.0003753905847816994,VILA LEOPOLDINA
408935010,2613922994,0,15.927,1,4,23.305039787798407,0.04289291405157556,0.0021998746828296866,2.846505500941921e-14,0.0003791872072057441,VILA LEOPOLDINA
408935010,408935012,0,108.813,0,2,24.257294429708224,0.04120909161915176,0.0011135857461024498,6.813248939149219e-15,0.00021749445579180573,VILA LEOPOLDINA
408935010,2635204161,0,321.202,0,4,24.06517620310724,0.041538073943440196,2.6056045312703563e-05,1.1496257030837434e-14,0.0003721125932345219,VILA LEOPOLDINA
408935621,2613922991,0,179.679,0,5,23.87078438802577,0.04187633939201524,0.003195587842993716,6.707133982335046e-15,0.0004079852101841362,VILA LEOPOLDINA
408935621,2635204163,0,13.728,0,5,23.866995073891626,0.04188298801301897,2.3574517187684177e-05,5.772594238900402e-15,0.00039781118622386963,VILA LEOPOLDINA
408935621,2613922996,0,73.936,0,4,23.828723001136794,0.04195025761719992,0.0022656351781427005,2.6528317362297594e-15,0.00033742627480289,VILA LEOPOLDINA
408967319,5076956821,0,170.13199999999998,0,4,19.52216748768473,0.05120441002348648,0.0892804188819475,7.778884814736562e-13,0.0003358183442917587,VILA LEOPOLDINA
409013522,409013524,0,70.025,0,6,18.31072375899962,0.054592111253673276,0.002761320421115323,3.109481393203465e-14,0.00046066481268082536,VILA LEOPOLDINA
409013522,409013680,0,85.35,0,6,18.15725653656688,0.05505353006239957,0.04158048526282485,7.087529962764806e-14,0.00045794664864811437,VILA LEOPOLDINA
462289715,2959327910,0,118.189,0,4,22.040924592648732,0.04535295533473163,0.0026664019703333316,4.520234526827461e-05,0.0003776611397929403,VILA LEOPOLDINA
462289715,4978476403,0,53.363,0,4,21.88632057597575,0.04567332663873403,0.0008257284836002011,0.00011099910915228492,0.00037919703205395894,VILA LEOPOLDINA
462296457,4661191488,0,10.152,0,4,22.405456612353163,0.044615072385333514,0.010830629501647114,2.2697154700085603e-09,0.00036842966041499795,VILA LEOPOLDINA
462296457,477365015,0,94.901,0,4,22.269420234937478,0.044887610815225715,0.01305345831963323,9.939862235812292e-09,0.0003570455577829966,VILA LEOPOLDINA
477364851,4360214729,0,76.752,0,5,21.840848806366047,0.045768416669558276,0.014191549155970247,1.585646090251415e-08,0.0004122199398279001,VILA LEOPOLDINA
477366401,4360214324,0,117.648,0,4,22.91398256915498,0.04362493798577807,0.02390766233846803,4.000645241258529e-06,0.00034615925029779667,VILA LEOPOLDINA
632018137,4665569305,0,22.021,0,4,19.65820386510042,0.05085007132117661,0.008862157316475485,2.2254165223632614e-06,0.0003814347799355038,VILA LEOPOLDINA
920178479,4360214335,0,17.2,0,4,22.97082228116711,0.04351699109204883,0.0002921999367210328,6.104743866747992e-07,0.0003599743968301269,VILA LEOPOLDINA
920178479,2909515765,0,5.627,0,4,23.566123531640773,0.04241771317393192,0.020605989168129734,5.980965239017363e-07,0.0003673039506287844,VILA LEOPOLDINA
920178479,2613945667,0,3.4669999999999996,0,4,23.447896930655553,0.042631587452932336,0.020799548361881248,5.574983872526374e-07,0.0003686032281659948,VILA LEOPOLDINA
1376053627,1376053628,0,54.882,0,4,20.71087533156499,0.04826551522248244,0.05829543833092419,2.283126327600823e-11,0.00032507555396566845,VILA LEOPOLDINA
1376053628,1376053631,0,55.082,0,7,20.895035998484275,0.04784012186717928,0.029203863739290657,3.2904845713643006e-11,0.00048345854700090906,VILA LEOPOLDINA
1376053628,1376053630,0,57.55800000000001,0,4,20.334596438044713,0.04915863816782513,0.029200141447103128,1.645006653941808e-11,0.00031247065539571624,VILA LEOPOLDINA
1376053630,4664500224,0,342.31300000000005,0,4,19.905267146646455,0.0502189225204645,0.030986841697117087,9.690530939897375e-12,0.0003279626411124562,VILA LEOPOLDINA
1376053630,1376053631,0,14.134,0,7,20.435392194012884,0.048916167553635335,0.001894026341421047,3.098957342291039e-11,0.0004841122017155289,VILA LEOPOLDINA
1383266077,5591073968,0,218.01,0,4,18.780598711633193,0.05322626205560712,0.07246434354275363,1.0268681588051426e-10,0.00036997435027655865,VILA LEOPOLDINA
1383266077,1383266419,0,441.72100000000006,0,4,19.077302008336492,0.05239845069023736,0.020864068093131752,2.39153610219354e-11,0.0003528950324956789,VILA LEOPOLDINA
1383266077,4664552991,0,234.79899999999998,1,4,18.802197802197803,0.053165118200689254,0.05175723210352935,2.39666370137751e-11,0.0003610920866881044,VILA LEOPOLDINA
1383266136,6130372762,0,128.477,0,5,19.320197044334975,0.05173969324912721,0.045312083180822756,7.617027603557116e-13,0.00044330769389152507,VILA LEOPOLDINA
1383266136,1383266157,0,123.975,0,4,19.26146267525578,0.051897464145895224,0.007845971549280047,7.071569051323871e-13,0.0003781530646064559,VILA LEOPOLDINA
1383266146,1383266257,0,32.650999999999996,0,5,19.43236074270557,0.05144105144105144,0.0024151472476751186,4.1824579415948966e-12,0.0003924197711609866,VILA LEOPOLDINA
1383266146,4664552991,0,221.957,0,4,19.03637741568776,0.05251109739833191,0.007149902910212109,6.585882242066248e-12,0.00034407310353835093,VILA LEOPOLDINA
1383266157,1383266226,0,17.226999999999997,0,4,19.91019325502084,0.050206497535351995,0.0163265939165338,1.6554061658969964e-13,0.0003923933715798101,VILA LEOPOLDINA
1383266190,4664553018,0,42.931,0,4,20.962485790071998,0.04768618944323934,0.01670750848372428,6.008521578329614e-14,0.0004230379448560371,VILA LEOPOLDINA
1383266190,4664553001,0,42.916,0,4,21.154982948086396,0.04725227484416422,0.0033370349461198205,5.3446091492787466e-14,0.00046005202404484063,VILA LEOPOLDINA
1383266190,6130372762,0,21.677,0,5,20.161424782114437,0.049580874337480735,0.02031068732125243,2.312442063190571e-13,0.0004689553498860961,VILA LEOPOLDINA
1383266226,1383266295,0,170.85899999999998,0,4,20.516483516483518,0.04872282658884805,0.0003790534210967114,4.2538795401451873e-14,0.00038937654734565446,VILA LEOPOLDINA
1383266226,4664553018,0,50.337,0,4,20.76657824933687,0.04813605094611609,0.01618390604934519,4.891803628923416e-14,0.0004128558810161734,VILA LEOPOLDINA
1383266257,1383266419,0,170.747,0,5,19.44334975369458,0.05141197793845374,0.0010881500828210011,7.171678550292005e-12,0.0003996505131809078,VILA LEOPOLDINA
1383266262,1383266264,0,70.624,0,4,20.872679045092838,0.047891363941688,0.005503408999261746,4.571084556769654e-13,0.00035332841288361616,VILA LEOPOLDINA
1383266262,1383266421,0,184.677,0,4,20.662372110647972,0.04837881455399061,0.0005105744117227389,6.243267519102222e-13,0.0003433461563927011,VILA LEOPOLDINA
1383266264,1383266416,0,150.348,0,4,21.19628647214854,0.04716019807998284,0.0005043705914101904,1.7502150675697562e-13,0.0003642140385454501,VILA LEOPOLDINA
1383266264,1383266284,0,71.747,0,4,21.27093596059113,0.04699469127445042,0.00548603830238661,1.245429746767156e-13,0.0003679309721881781,VILA LEOPOLDINA
1383266284,2122149247,0,42.914,0,4,21.304660856384995,0.04692029952154812,0.005416555514886067,4.6317145310040645e-14,0.00037148336488113825,VILA LEOPOLDINA
1383266284,1383266408,0,120.116,0,4,21.47252747252747,0.046553488864574874,0.0005713718507857139,5.1493102694059805e-14,0.0003727561314053029,VILA LEOPOLDINA
1383266295,1383266368,0,62.266999999999996,0,4,20.952254641909814,0.04770947497874957,0.06592179464114002,1.6166301811428937e-14,0.00037954697340756736,VILA LEOPOLDINA
1383266295,2818928950,0,521.435,5,4,20.62485790071997,0.04846680997262489,0.06551482402863684,1.872588578583081e-14,0.00037796472478396034,VILA LEOPOLDINA
1383266368,4641346805,0,86.413,0,4,21.503599848427434,0.046486219778670616,0.13168042880806,9.17311270256355e-15,0.0003777374981075933,VILA LEOPOLDINA
1383266368,2122149247,0,28.491999999999997,0,4,21.255778704054567,0.047028202659821015,0.0720896327958757,2.4345133611762876e-14,0.0003742786999739834,VILA LEOPOLDINA
1383266408,1383266416,0,77.168,0,4,21.434255399772642,0.04663661274639795,0.1405922166870359,1.0196916030759216e-13,0.0003690391977625749,VILA LEOPOLDINA
1383266416,1383266421,0,80.215,0,4,21.01515725653657,0.04756667087397898,0.14162453238704395,3.422180034789146e-13,0.00035423178205453516,VILA LEOPOLDINA
1383266439,1822507025,0,67.554,0,4,20.581659719590753,0.04856853539537881,0.10900608594772661,3.6363949620443907e-13,0.00035480317014317646,VILA LEOPOLDINA
1383266439,2613895679,0,172.25599999999997,1,4,21.0401667298219,0.047510130571814496,0.0072640532039630005,2.648371816847395e-13,0.0003587662764107045,VILA LEOPOLDINA
1383272133,2818867074,0,7.417,0,4,20.427055702917773,0.0489361307436882,0.01241198329931572,1.6669762567070945e-12,0.00037302146415231117,VILA LEOPOLDINA
1383272133,2613923000,0,17.819,0,4,21.38347859037514,0.04674735517711896,0.006951380660210558,4.018835625427719e-13,0.00037054651338738515,VILA LEOPOLDINA
1438762198,2348715043,0,301.38699999999994,0,4,19.09814323607427,0.05234126984126984,0.0007711348648497745,4.995543639396647e-10,0.00038512069481967497,VILA LEOPOLDINA
1438762198,1754402344,0,585.703,0,4,18.912466843501328,0.05285513925065117,1.737069687513571e-05,6.62597618902496e-10,0.00039174156529581995,VILA LEOPOLDINA
1695439744,6130372763,0,457.73800000000006,0,4,20.55134520651762,0.048640177007467505,0.10588494394848348,6.650581736514746e-14,0.0003583323992500298,VILA LEOPOLDINA
1754402344,2488891967,0,186.97,0,4,19.522546419098145,0.05120341614906832,0.0015782518875123303,1.778215102574756e-09,0.0003923490998971913,VILA LEOPOLDINA
1754402353,1754402373,0,182.762,0,4,19.12163698370595,0.05227696088145535,0.00501889063285171,5.103117658369772e-10,0.00038996741907842644,VILA LEOPOLDINA
1754402353,2488890824,0,160.27999999999997,0,4,19.06100795755968,0.05244324281340702,0.002178781693767022,2.5417517743605663e-10,0.00039086660856612416,VILA LEOPOLDINA
1754402360,2391071693,0,280.504,0,4,18.527093596059114,0.053954553821610456,0.0081791167000639,3.265162184227577e-11,0.0003817597845756134,VILA LEOPOLDINA
1754402373,5591073968,0,424.40999999999997,0,4,18.907161803713528,0.052869969536636204,0.07440241700839377,4.444276429737739e-10,0.0003800709285764455,VILA LEOPOLDINA
1754402463,4384765592,0,31.166,0,4,17.363774156877604,0.057569342906400714,0.0022650147961114455,9.208860396342878e-13,0.0004031670758971374,VILA LEOPOLDINA
1754402463,3380303253,0,153.087,0,4,17.095869647593787,0.058471495699973404,0.0028754707148662146,3.949088128958895e-13,0.00041640675905297805,VILA LEOPOLDINA
1822507025,8027730143,0,23.791,0,4,19.91284577491474,0.050199809705042814,0.12147700554001155,6.239240065990495e-13,0.000356440401170638,VILA LEOPOLDINA
1831382840,8674338460,0,17.038,0,4,23.07881773399015,0.04331335686725228,0.0009256099906322314,6.170430124561519e-07,0.0003801937459965802,VILA LEOPOLDINA
1834711841,2477723267,0,167.009,0,4,19.51762031072376,0.05121633952666628,0.036269394693252105,5.321237855436671e-13,0.0003547386033327499,VILA LEOPOLDINA
1834711841,5076956821,0,177.54000000000002,0,4,19.361879499810534,0.05162830749960858,0.031708345999466474,6.350319447380525e-13,0.00034465166273790955,VILA LEOPOLDINA
1852220480,3238897531,0,68.923,0,2,21.343690791966655,0.04683449916557185,0.0011135857461024498,7.67890410253973e-05,0.00021005547944176941,VILA LEOPOLDINA
1852220481,7987870394,0,5.975,0,5,20.345206517620312,0.04913300180663426,0.020001737069687515,0.0003160332359206239,0.0004257398946954959,VILA LEOPOLDINA
1852220481,8677735383,0,9.712,0,4,20.77188328912467,0.04812375722859697,0.019236806025150287,0.0002498893035895118,0.00035574698328276,VILA LEOPOLDINA
1852220481,3238897531,0,31.009999999999998,0,4,21.222053808260704,0.04710293723774663,0.00017494773281386678,0.00015927074290264927,0.0003682399496523186,VILA LEOPOLDINA
2122145493,9423647987,0,51.235,0,4,18.43690791966654,0.054218477032165244,0.04324124796049408,2.450551818472192e-13,0.0003648302990448075,VILA LEOPOLDINA
2122149247,4664553021,0,38.235,0,4,20.830617658203867,0.0479880666521138,0.07022352364586112,7.10446772010718e-14,0.0003652528520884938,VILA LEOPOLDINA
2130313511,6741246011,0,53.977000000000004,0,4,19.822660098522167,0.050428200030585714,0.05186145628478017,3.511485532077656e-05,0.0003515135265818248,VILA LEOPOLDINA
2348715043,2488891967,0,103.307,0,4,19.34331186055324,0.051677865496503224,0.005835933768014344,1.6151718671305261e-09,0.0003857282294210463,VILA LEOPOLDINA
2348715043,2488890824,0,369.752,0,4,19.27510420613869,0.05186073485756974,0.0046609302008176635,4.282415520075479e-10,0.000384624488024433,VILA LEOPOLDINA
2391071692,2488890824,0,440.53700000000003,0,4,18.739674118984464,0.05334250010110406,0.0057087554516071,1.4110322482020958e-10,0.00038366889890885055,VILA LEOPOLDINA
2391071692,2391071693,0,188.865,0,4,18.600985221674875,0.05374022164276401,0.006181486559423293,6.236936355668193e-11,0.00038127293235642437,VILA LEOPOLDINA
2391071693,5591073968,0,188.33599999999998,0,4,18.663129973474803,0.05356127669942337,0.003879248841436557,1.0955720331131131e-10,0.00037857415151171714,VILA LEOPOLDINA
2447358149,2818889822,0,63.546,0,5,25.942402425161045,0.038532324501183136,0.0011117246000086854,2.961171923718167e-17,0.0004385371244267258,VILA LEOPOLDINA
2477723263,2477723266,0,39.069,0,4,18.895793861311102,0.05290177676172141,0.004251478060189465,4.846706204447753e-13,0.0003699780735809306,VILA LEOPOLDINA
2477723263,2477723267,0,36.882,0,4,19.031451307313375,0.052524689391525964,0.0392894144214007,2.991850952637715e-13,0.0003701337917227941,VILA LEOPOLDINA
2477788068,5076956821,0,226.40300000000002,0,4,19.34596438044714,0.05167077995847534,0.12054519172906676,8.075672367662581e-13,0.0003396513228056485,VILA LEOPOLDINA
2480797126,8674342664,0,44.068,0,4,20.486926866237212,0.04879311939332285,0.06532870941926039,4.628229660378464e-07,0.00037877902384063627,VILA LEOPOLDINA
2480797126,4665572651,0,174.716,0,4,20.36794240242516,0.049078156685457015,0.06496640631300755,1.2694223763564353e-07,0.0003789809085551995,VILA LEOPOLDINA
2480797126,2480797129,0,34.105999999999995,0,4,20.68472906403941,0.04832652463040651,0.00023512478984558693,2.1662853815097827e-07,0.0003787250792773453,VILA LEOPOLDINA
2480797129,6130372768,0,93.964,0,4,20.479348237968928,0.04881117587195855,0.0057310892047322745,2.056422954715314e-07,0.000378303908399146,VILA LEOPOLDINA
2480797129,8674342664,0,46.275999999999996,0,4,20.470253884046986,0.0488328612946817,0.006541308137551104,4.742932897101063e-07,0.0003786560451403575,VILA LEOPOLDINA
2488891967,2488891971,0,188.299,0,4,19.82379689276241,0.05042530822899742,0.0062075426047359964,6.760816398028007e-09,0.0003875778453090945,VILA LEOPOLDINA
2488891971,4665569087,0,153.023,0,4,20.159151193633953,0.04958646616541353,0.00394500933674957,2.7516687080390412e-08,0.00038446085923053545,VILA LEOPOLDINA
2613877293,2613877300,0,33.87,0,4,20.93368700265252,0.04775179204981536,0.003391628564870247,4.149834200399594e-15,0.0003532394197605373,VILA LEOPOLDINA
2613877293,2613892856,0,22.939,0,4,21.67677150435771,0.04611485010051569,0.003591391578934308,2.105165094332316e-15,0.00035786234272125255,VILA LEOPOLDINA
2613892856,2613892870,0,21.633,0,4,22.4251610458507,0.044575870226427845,0.0004739718718787029,1.714994992189201e-15,0.00035970929801290943,VILA LEOPOLDINA
2613892856,2613892874,0,197.797,0,4,22.089427813565745,0.04525337084434076,0.0035336960500276073,3.988215124479976e-15,0.00036704825754640936,VILA LEOPOLDINA
2613892870,2613892881,0,196.679,0,4,22.41417203486169,0.04459772446788727,0.005299303310978901,1.900878303323702e-15,0.0003612897058490839,VILA LEOPOLDINA
2613892874,2613892881,0,23.954,0,4,22.647972716938234,0.044137331013251235,0.0004789349281287417,4.195696369852363e-15,0.00036862866538258396,VILA LEOPOLDINA
2613892874,2613895246,0,146.635,0,4,22.122773777946193,0.045185159809530334,0.003838303627373737,1.5489776536479744e-14,0.0003717400662564045,VILA LEOPOLDINA
2613892881,2613922990,0,85.981,0,4,22.84918529746116,0.04374865254813513,0.006560539980520004,3.1335824315413177e-15,0.00036452131244169483,VILA LEOPOLDINA
2613895240,2613895685,0,146.274,0,4,22.357711254262977,0.044710348801735536,0.007581068421934227,2.6658775394039815e-14,0.00037117172570335917,VILA LEOPOLDINA
2613895240,2613895246,0,23.869999999999997,0,4,22.43690791966654,0.04455253246862914,0.002675087318770899,1.9497382484818372e-14,0.0003722887682445856,VILA LEOPOLDINA
2613895240,2613922990,0,57.099999999999994,0,4,22.84918529746116,0.04374865254813513,0.008285202027408478,8.989506473582782e-15,0.00036706448970223206,VILA LEOPOLDINA
2613895246,2613895679,0,145.243,0,4,21.746115953012506,0.04596779814595386,0.006347748943799592,6.314455711564788e-14,0.00037041068631491847,VILA LEOPOLDINA
2613895679,2613895685,0,30.034,0,4,21.88745737021599,0.045670954450234585,0.000951666035944935,7.03359954584704e-14,0.00036929364377369205,VILA LEOPOLDINA
2613922990,2613924222,0,117.951,0,4,23.380068207654414,0.04275526742301459,0.0010875297007897464,3.3661396873570067e-15,0.0003490786356959918,VILA LEOPOLDINA
2613922991,2613923004,0,82.595,0,3,24.284956422887458,0.0411621520409437,0.0011135857461024498,5.479001230481956e-15,0.0002636797330878541,VILA LEOPOLDINA
2613922991,2635204161,0,41.715,0,5,24.179234558544902,0.0413421304204736,0.0019436569039214349,1.0346229846043004e-14,0.00041751784945755785,VILA LEOPOLDINA
2613922991,2635204162,0,17.182,0,6,23.481621826449413,0.04257035889491351,0.0031230031453368984,1.5088648839662278e-14,0.0004714481327543368,VILA LEOPOLDINA
2613922993,2635204162,0,42.334,0,6,23.378931413414172,0.04275734638637211,0.002032371534390878,2.657325582845748e-14,0.0004702109292727319,VILA LEOPOLDINA
2613922993,2613922999,0,26.814,0,5,23.197423266388785,0.04309190107484727,0.005783821677388936,4.070920383586219e-14,0.00041577757690589045,VILA LEOPOLDINA
2613922993,2613922994,0,305.19100000000003,0,5,23.23152709359606,0.04302864226528349,3.72229218752908e-05,3.878043498482925e-14,0.00042399821783389033,VILA LEOPOLDINA
2613922993,2635204161,0,16.532,0,5,24.02463054187192,0.04160817652718411,0.0028512758156472758,2.1812909950367094e-14,0.0004163663243860528,VILA LEOPOLDINA
2613922995,2613922996,0,12.745,0,4,23.830617658203867,0.04194692235526085,9.926112500077548e-06,1.8742560676942808e-15,0.0003363413859083828,VILA LEOPOLDINA
2613922995,2613924228,0,73.024,0,5,23.16256157635468,0.04315675817164545,0.00216699443517318,2.0974989974696056e-15,0.00040191974190389014,VILA LEOPOLDINA
2613922995,2635204163,0,73.463,0,5,23.413793103448278,0.04269368334169513,0.003008852851586007,4.979719722679766e-15,0.00039672188697821977,VILA LEOPOLDINA
2613922996,4663813297,0,71.273,0,4,23.396362258431225,0.0427254911487942,0.0014324621101674412,1.2110765096825955e-15,0.0003403802154617906,VILA LEOPOLDINA
2613922999,2613923000,0,266.677,0,4,22.313755210306933,0.044798424073633804,0.0058681936336395955,1.1206749356304919e-13,0.00035865498445883067,VILA LEOPOLDINA
2613924222,2635204163,0,61.462,0,5,23.40962485790072,0.04270128524717537,0.00014951206953241807,5.226970025216075e-15,0.0003994351787399064,VILA LEOPOLDINA
2613924222,2613924228,0,204.5,0,5,23.120500189465705,0.04323527001556994,1.0546494531332396e-05,2.3406610708300953e-15,0.0004046330336655768,VILA LEOPOLDINA
2613924228,4663813297,0,13.314,0,5,23.378552482000757,0.04275803941908714,8.685348437567855e-06,1.4040639154200744e-15,0.00040627313864807335,VILA LEOPOLDINA
2613924228,7976384588,0,157.43800000000002,1,5,22.58848048503221,0.044253577359883244,0.0013989614804796795,1.5312743581855978e-15,0.00040418468417025076,VILA LEOPOLDINA
2613945653,4028081752,0,15.849,0,4,21.904130352406213,0.04563619064094802,0.008951957615499625,8.924838291868221e-09,0.000425764037944661,VILA LEOPOLDINA
2613945653,5756707477,0,38.58,0,2,22.65934065934066,0.04411518779892304,0.0011135857461024498,8.042116182598637e-09,0.00024349074467487126,VILA LEOPOLDINA
2613945653,4243513735,0,85.69500000000001,0,4,22.376278893520272,0.044673248547865405,0.008718693971747803,3.8211524018880264e-08,0.000445174493477068,VILA LEOPOLDINA
2613945661,4360214315,0,17.507,0,4,23.932550208412277,0.04176826371956047,0.002801645253146888,8.191834038846762e-06,0.00037685162898456624,VILA LEOPOLDINA
2613945661,2909515760,0,6.336,0,4,24.4251610458507,0.04092587421266561,0.009547059078980838,4.115268620117003e-06,0.00037662995737444,VILA LEOPOLDINA
2613945667,4360214324,0,13.373,0,4,23.8582796513831,0.04189828785616721,0.01403118040089087,1.1675127157917728e-06,0.00036600421328212565,VILA LEOPOLDINA
2613945667,8655917577,0,5.554,0,4,23.871542250852595,0.041875009921107355,0.0068161373773970016,8.915197472950175e-07,0.0003706033082061153,VILA LEOPOLDINA
2613945670,2909515765,0,3.4610000000000003,0,4,23.251989389920425,0.0429907760503243,0.022294669057205427,1.5783265743379306e-06,0.0003698749760291828,VILA LEOPOLDINA
2635204162,2635204163,0,187.803,0,6,23.285714285714285,0.04292851214789019,0.004022557090656426,1.4141679087318137e-14,0.00046074589620172105,VILA LEOPOLDINA
2711769492,2711769497,0,36.409,0,4,23.091322470632814,0.04328990121106699,0.001000055834382813,1.4760514627305787e-06,0.0003849246737978703,VILA LEOPOLDINA
2711769492,2711769494,0,132.38100000000003,0,4,23.33232284956423,0.042842758307077664,0.0007227450664118965,1.1524098360469399e-06,0.000390096850895117,VILA LEOPOLDINA
2711769493,2711769497,0,89.06,0,4,22.825312618416067,0.043794408659273525,0.001764986878920039,2.7368143280484927e-06,0.00038166018201627003,VILA LEOPOLDINA
2711769494,2711769497,0,150.28799999999998,0,4,23.482000757862828,0.04256967193274056,6.948278750054284e-05,1.0034693787114318e-06,0.0003900346889441795,VILA LEOPOLDINA
2818778622,2818778623,0,89.146,0,2,21.112163698370594,0.04734811092165485,0.0011135857461024498,3.949162624436286e-10,0.0002116451560172234,VILA LEOPOLDINA
2818778624,2818778625,0,92.125,0,2,21.449412656309207,0.04660365692076672,0.0011135857461024498,2.176328009412375e-09,0.00022067174198779426,VILA LEOPOLDINA
2818867074,4641346798,0,31.479999999999997,0,4,19.936718453959834,0.05013969931385779,0.008017817371937639,2.9223124988326944e-12,0.0003695972775745182,VILA LEOPOLDINA
2818867074,2818867075,0,25.07,0,4,19.941265630920803,0.050128266033254154,0.005481695628167826,6.044698883054856e-12,0.00037154501299542606,VILA LEOPOLDINA
2818867075,4641346798,0,38.391000000000005,0,4,19.473664266767717,0.05133194528224787,0.030830505425240864,6.2615763686738325e-12,0.0003683773126056569,VILA LEOPOLDINA
2818867075,8027730140,0,832.2250000000001,0,4,19.430087154225085,0.05144707075434901,0.03632646984012755,2.457828777153646e-11,0.000365972356837848,VILA LEOPOLDINA
2818889817,2818889822,0,239.199,0,4,24.949602122015914,0.04006561161568604,0.0,1.126899602372447e-16,0.0003655523335220793,VILA LEOPOLDINA
2858317911,4360214643,0,8.083,0,4,22.613489958317544,0.044204634951488846,0.09430985600933055,2.9750245516790822e-05,0.00037433447021084827,VILA LEOPOLDINA
2858317911,8656546548,0,40.806,0,4,22.61121636983706,0.044209079787501465,0.0014678238859489674,6.89445625175041e-06,0.000362784774717604,VILA LEOPOLDINA
2858317911,4664524728,0,58.432,0,4,23.10079575596817,0.043272148680347094,0.09262924108666117,6.83986607331674e-06,0.00037699666640042583,VILA LEOPOLDINA
2909515760,4360214315,0,17.036,0,4,24.354679802955665,0.041044311675379634,0.0031341700218994856,8.189000618399294e-06,0.00037705048236864685,VILA LEOPOLDINA
2909515765,4360214335,0,17.589,0,4,22.87192118226601,0.0437051641014596,0.001133437971102605,7.592573743047865e-07,0.00036014203630723254,VILA LEOPOLDINA
2917578486,9663358331,0,92.211,0,3,19.28912466843501,0.051823039446801826,0.0011135857461024498,3.038054195261001e-12,0.0002547990210391276,VILA LEOPOLDINA
2917580135,2917580136,0,185.351,0,2,20.37589996210686,0.04905898980882244,0.0011135857461024498,3.1551625297703864e-12,0.00022662446830652402,VILA LEOPOLDINA
2917580136,8027730135,0,140.82799999999997,0,4,19.687002652519894,0.05077568618393194,0.005884323566452221,3.5354482165397377e-12,0.00039540302876037983,VILA LEOPOLDINA
3238897531,7987870394,0,35.624,0,5,20.442212959454338,0.04889984614529075,0.0020509829953285234,0.00029080433398636626,0.000437041606217448,VILA LEOPOLDINA
3380303253,6498418333,0,2457.9530000000004,0,3,17.43236074270557,0.05734283975306495,0.00022209676718923515,9.948267922044004e-14,0.0003370364957868603,VILA LEOPOLDINA
3380303253,7976102936,0,100.471,0,4,17.176960970064417,0.058195455548202074,0.0029505369406480513,1.706544029040694e-13,0.00040369250427706117,VILA LEOPOLDINA
3384371760,4665569291,0,41.118,0,4,20.517241379310345,0.048721026872287375,3.784330390654565e-05,7.75466792008993e-09,0.00037918167128259974,VILA LEOPOLDINA
3384371760,4665572651,0,321.60900000000004,0,4,20.146646456991284,0.04961724377903587,0.0006383731101612374,3.010244763557203e-08,0.00037919143165873314,VILA LEOPOLDINA
3457678547,4665569305,0,226.28099999999995,0,4,20.087912087912088,0.049762317965743603,0.0003170152179712267,1.003407368008285e-06,0.00037661885953486364,VILA LEOPOLDINA
3457678547,6130372768,0,70.555,0,4,20.267525577870405,0.04932131772800359,0.010764248624302846,4.0074609368785894e-07,0.0003761285082323275,VILA LEOPOLDINA
4028081752,9633926165,0,68.481,0,4,22.12807881773399,0.04517432700869923,0.005578320129535769,2.5558130998234377e-09,0.0004132079732822075,VILA LEOPOLDINA
4243513735,4243513737,0,90.818,0,2,23.06176582038651,0.04334538284587578,0.0011135857461024498,3.5738635618759235e-08,0.00024356923852294205,VILA LEOPOLDINA
4360213773,4360213775,0,49.724999999999994,0,2,23.243652898825314,0.04300619497880665,0.0011135857461024498,0.0006383310327488431,0.0002255791482052906,VILA LEOPOLDINA
4360213774,4360213775,0,9.048,0,4,22.54149298976885,0.04434582345722595,0.004874341619569331,0.0009072884756596952,0.0004162178137076803,VILA LEOPOLDINA
4360213774,4360213779,0,89.465,0,2,22.814323607427056,0.04381550318069327,0.0011135857461024498,0.00040119232019779447,0.00023252415522313498,VILA LEOPOLDINA
4360213775,4360213776,0,83.341,0,5,22.489958317544524,0.044447439807248405,0.006678412566458425,0.0028340903045501503,0.0004628334627587851,VILA LEOPOLDINA
4360213776,7987155909,0,22.473,0,5,22.626373626373628,0.04417946442029107,0.0032408757312753196,0.0042662887408951265,0.00043378547495201306,VILA LEOPOLDINA
4360214324,8655917577,0,12.414,0,4,23.879499810534295,0.041861055571424034,0.010439168439925307,1.3933492248438228e-06,0.00036653737630793035,VILA LEOPOLDINA
4360214371,8656031069,0,19.006,0,4,22.99014778325123,0.04348041073989221,0.06953738111929327,0.00012368454366684572,0.0003727450168832891,VILA LEOPOLDINA
4360214612,4360214643,0,84.925,0,4,23.035998484274348,0.04339386761415976,0.09432412479604942,3.084881866867681e-05,0.0003776599233678335,VILA LEOPOLDINA
4360214659,8656031358,0,21.409,0,4,22.633573323228497,0.04416541101623975,0.000745078819537071,1.4136370040695033e-08,0.0003620219881601106,VILA LEOPOLDINA
4360214659,8656071695,0,35.552,0,4,23.304660856384995,0.0428936114859921,0.062282633645799085,8.841072290450638e-09,0.0003630878441147627,VILA LEOPOLDINA
4360214681,6871038128,0,25.318,0,4,24.660477453580903,0.04053534934464267,0.09376888287807632,1.1375613743477355e-07,0.0004460772712407779,VILA LEOPOLDINA
4360214681,8656464043,0,23.511,0,4,24.390299355816598,0.040984370630457075,0.09418577960307958,4.655361525698363e-07,0.0004212357797097864,VILA LEOPOLDINA
4384762681,4384765592,0,175.161,0,4,17.271693823417962,0.057876261518209744,0.0017724314632950973,7.932903557983571e-13,0.0003909286275334755,VILA LEOPOLDINA
4384762681,7976102936,0,439.3430000000001,1,4,17.23910572186434,0.05798566843979426,0.004376174848471689,2.6874897296819416e-13,0.0003872169012750816,VILA LEOPOLDINA
4641112770,4641112771,0,70.624,0,2,21.87192118226601,0.045703395703395704,0.0011135857461024498,9.348468138058595e-11,0.00023266753005169116,VILA LEOPOLDINA
4641112779,9644392777,0,80.85,0,2,21.047745358090186,0.047493023674498154,0.0011135857461024498,1.8998715129566627e-10,0.00019748832203190668,VILA LEOPOLDINA
4641137770,4641137772,0,40.99099999999999,0,4,20.771504357711255,0.04812463514302393,0.00041999863515953124,9.463652401298562e-11,0.0003311690349498606,VILA LEOPOLDINA
4641137770,4641137775,0,41.835,0,5,20.660098522167488,0.04838413851289388,0.00040386870234690523,1.2757958482815013e-10,0.00042001743245244415,VILA LEOPOLDINA
4641137773,4641137775,0,118.622,0,5,21.082985979537703,0.04741363816096912,0.003826516368779895,1.1115503008934079e-10,0.0004427025633948025,VILA LEOPOLDINA
4641137778,4656465008,0,131.06,0,2,21.77643046608564,0.0459038073362567,0.0011135857461024498,1.3885652508225765e-12,0.00023310112866703616,VILA LEOPOLDINA
4641346804,4641346805,0,11.444,0,4,22.244789693065556,0.0449373126192423,0.003742144412529236,4.719314057464911e-15,0.00037746458502588894,VILA LEOPOLDINA
4646371330,4646371331,0,92.996,0,2,18.347480106100797,0.05448274437720729,0.0011135857461024498,6.0353427023087666e-15,0.0002242512325876406,VILA LEOPOLDINA
4661191479,9652211176,0,11.725,0,4,22.286851079954527,0.04485250361302389,0.004405953185971922,9.532825158963381e-08,0.00033180927374228467,VILA LEOPOLDINA
4661191488,8656419177,0,127.55000000000001,0,4,22.212959454338765,0.04500170590242238,0.0,5.356940109375462e-10,0.00037379603873591847,VILA LEOPOLDINA
4661191691,8656419177,0,14.371,0,4,21.802197802197803,0.04584955506117909,0.009164283365696597,1.7807490210333583e-10,0.00037682128849455404,VILA LEOPOLDINA
4663813297,7976384588,0,164.608,0,4,22.719969685486927,0.04399746489209113,0.0006576049531301375,1.0598252919919534e-15,0.0003368013266447132,VILA LEOPOLDINA
4663813347,4663813348,0,28.529,0,2,27.93482379689276,0.03578404774823657,0.0011135857461024498,-5.68969549558552e-18,0.00023557565301661048,VILA LEOPOLDINA
4664524755,6871038126,0,11.146,0,2,23.843880257673362,0.04192359036297756,0.0011135857461024498,4.3935058624325157e-08,0.0002308008318076371,VILA LEOPOLDINA
4664552999,4664553018,0,26.488,0,2,21.745358090185675,0.045969400202139896,0.0011135857461024498,1.8590068232385015e-14,0.00023518944206513695,VILA LEOPOLDINA
4664553000,4664553001,0,7.831,0,2,22.153846153846153,0.045121784345922275,0.0011135857461024498,1.100361812285104e-14,0.00027220352125394056,VILA LEOPOLDINA
4664553001,7137032241,0,20.097,0,2,22.153846153846153,0.045121784345922275,0.0011135857461024498,1.1004060226075319e-14,0.00027220352125394056,VILA LEOPOLDINA
4664553021,6130372763,0,50.256,0,4,20.79007199696855,0.04808165497129317,0.05680279916372502,1.0539387275605464e-13,0.0003582386129276945,VILA LEOPOLDINA
4664553021,6130372762,0,38.459,0,5,20.150435771125426,0.04960791319555447,0.013500753764167974,2.4040551511275277e-13,0.0004384599619623752,VILA LEOPOLDINA
4665569087,6130372768,0,154.538,0,4,20.340280409245928,0.04914490107679124,0.014488401957925692,1.1364042320990982e-07,0.0003795581998284097,VILA LEOPOLDINA
4665569291,8674195629,0,33.667,0,4,20.79840848806366,0.048062382713575165,0.0004466750625034897,3.3110703796506815e-09,0.00037918167128259974,VILA LEOPOLDINA
4665569303,8674342664,0,9.499,0,4,20.09738537324744,0.04973886154948432,0.07259524415134841,1.8948287776817873e-06,0.00037843393174666795,VILA LEOPOLDINA
4665569303,4665569305,0,49.453,0,4,19.951117847669572,0.05010351180414427,0.007842249257092518,2.2288390577167833e-06,0.0003785721463079926,VILA LEOPOLDINA
5118312305,9644684749,0,121.066,0,2,21.586964759378553,0.04630669849740205,0.0011135857461024498,1.2842875861249894e-09,0.00024017565217439036,VILA LEOPOLDINA
5591073942,5591073948,0,25.07,8,4,19.13982569154983,0.052227281726390816,0.0036447444336222246,5.675473592274059e-14,0.000383112960786467,VILA LEOPOLDINA
5591073948,5591073952,0,359.08599999999996,0,4,19.820386510041683,0.05043398462891446,0.007517789454746233,1.533635314440533e-14,0.0003949903260969729,VILA LEOPOLDINA
5591073952,5591073956,0,27.6,0,4,20.35240621447518,0.04911562092720164,0.00763380089459089,4.554461940980743e-15,0.00040977512927361365,VILA LEOPOLDINA
5591073956,5591073957,0,45.282,0,4,20.59946949602122,0.04852654427725249,0.010579995161020157,4.905695918068283e-15,0.0004201288040401334,VILA LEOPOLDINA
5591073957,5591073963,0,24.342,0,3,20.430087154225085,0.04892886951683205,0.011498780949308585,1.0781194731709776e-14,0.0003282301548568202,VILA LEOPOLDINA
5591073957,5591073963,1,52.224999999999994,0,3,20.430087154225085,0.04892886951683205,0.0,1.0778460663010385e-14,0.0003282301548568202,VILA LEOPOLDINA
6130372762,6130372763,0,17.541,0,5,20.003031451307315,0.049973478820944155,0.04982598284023302,2.397492320550103e-13,0.0004371092389549464,VILA LEOPOLDINA
6338974344,6338974345,0,47.638,0,2,22.19173929518757,0.04504473738132641,0.0011135857461024498,1.8752166181940384e-09,0.0002132045844512373,VILA LEOPOLDINA
6802143792,6802143793,0,57.653,0,2,20.70822281167109,0.048271697560797085,0.0011135857461024498,6.262283395955688e-11,0.00020825988235637785,VILA LEOPOLDINA
6802143794,9646642960,0,24.571,0,2,21.29442970822281,0.046942842906968464,0.0011135857461024498,1.3758870847553177e-09,0.00020491430503344089,VILA LEOPOLDINA
6838090586,6838090587,0,8.326,0,2,22.431223948465327,0.044563821879856746,0.0011135857461024498,0.00027793623053948963,0.00022747541608583477,VILA LEOPOLDINA
6871038128,6871038130,0,43.899,0,2,25.028798787419476,0.039938835142541367,0.0011135857461024498,3.150050423651655e-08,0.0002450721214517505,VILA LEOPOLDINA
8020592229,8655903095,0,18.799,0,5,21.3342175066313,0.0468552956430614,0.0416432989434894,1.3342137130715022e-06,0.0003926793376117147,VILA LEOPOLDINA
8027730135,8680966632,0,31.938000000000002,0,4,19.50966275104206,0.05123722953812687,0.12306394277596144,1.3530910425453482e-12,0.0003715952130683933,VILA LEOPOLDINA
8027730135,8027730143,0,685.4710000000001,0,4,19.453580901856764,0.05138493903151661,0.12492136657753845,1.2561168622765418e-12,0.00036614262236641043,VILA LEOPOLDINA
8027730140,8027730141,0,11.46,0,4,19.424403183023873,0.051462125202395584,0.03665713346278639,3.7474051957535734e-11,0.00034912676235665855,VILA LEOPOLDINA
8046390852,8656031237,0,53.52,0,4,22.558923834785904,0.04431155829539919,0.01236979732119039,2.147090023278052e-06,0.0003773099160435977,VILA LEOPOLDINA
8046390852,8656003160,0,70.41300000000001,0,4,22.81924971580144,0.04380604450348721,0.0028649242203348823,5.288036041876354e-07,0.0003773029378307547,VILA LEOPOLDINA
8046401976,8656546548,0,18.171999999999997,0,5,22.454717696097006,0.044517195990414794,0.0007463195835995806,1.96091799698478e-06,0.00042143313825779196,VILA LEOPOLDINA
8655903095,8655903096,0,17.648,0,5,21.67942402425161,0.04610920785849123,0.034008877666867256,2.783790970462239e-06,0.00038480669770029263,VILA LEOPOLDINA
8655917577,8655983589,0,4.952,0,4,23.982190223569535,0.041681808845138967,0.016883696980600653,2.107005342241669e-06,0.0003716034440276728,VILA LEOPOLDINA
8656003157,8656003160,0,12.337,0,4,23.733611216369837,0.04211837210416234,0.0007153004820368383,2.486816983493527e-07,0.0003785158934365606,VILA LEOPOLDINA
8656031058,8656031069,0,1.795,0,4,22.498294808639635,0.044430970306368216,0.07117332853571229,0.0005222138404963246,0.0003722216813272798,VILA LEOPOLDINA
8656031058,8656031062,0,6.734,0,4,22.81924971580144,0.04380604450348721,0.06672332822552128,0.0008493848650067004,0.00037040255249795584,VILA LEOPOLDINA
8656031059,8656031236,0,2.517,0,4,22.659719590754072,0.04411445007441596,0.09098336755774206,3.3573233097715783e-05,0.00037843765535609743,VILA LEOPOLDINA
8656031059,12683745868,0,28.706,0,4,22.636604774535808,0.04415949646790987,0.06906465001147707,0.00012589582729213391,0.00037733299066739846,VILA LEOPOLDINA
8656031059,8656031064,0,27.944000000000003,0,4,22.93823417961349,0.04357881521128622,0.02206202579548486,5.475259781361062e-05,0.0003781980684387507,VILA LEOPOLDINA
8656031060,8656031064,0,2.804,0,4,22.62788935202728,0.04417650506572888,0.023080693090805317,3.529891827272202e-05,0.0003784027642918825,VILA LEOPOLDINA
8656031060,12683745871,0,8.108,0,4,23.030314513073133,0.04340457738947299,0.021517330372043106,1.4965605140669155e-05,0.0003784866139178983,VILA LEOPOLDINA
8656031062,12683745868,0,4.405,0,4,22.441076165214096,0.04454425720171558,0.07029052490523664,0.0005234260565238525,0.0003735454454799241,VILA LEOPOLDINA
8656031064,12683745868,0,6.968,0,4,22.621826449412655,0.044188344863398045,0.0015887983820436625,0.00012614734130721636,0.00037733299066739846,VILA LEOPOLDINA
8656031069,8656075573,0,15.184999999999999,0,4,22.6737400530504,0.044087171602379835,0.007161690168805951,0.00012143027503142383,0.00037549711551544197,VILA LEOPOLDINA
8656031236,8953951467,0,7.624,0,4,23.20613868889731,0.04307571724824872,0.07841070531233134,8.065531134929502e-06,0.0003787198504200972,VILA LEOPOLDINA
8656031236,8656031237,0,20.191,0,4,22.750663129973475,0.0439381068971835,0.012428113232128345,8.065105798497279e-06,0.00037848724171559345,VILA LEOPOLDINA
8656031237,8953951467,0,18.426000000000002,0,4,23.096627510420614,0.043279957999737495,0.0006383731101612374,3.485254536537636e-06,0.0003785298498622465,VILA LEOPOLDINA
8656053855,9652211178,0,23.240000000000002,0,5,22.303902993558165,0.04481821270812097,0.026530327375597896,2.6586987991196983e-08,0.0004016455759464436,VILA LEOPOLDINA
8656053855,9652211176,0,18.121000000000002,0,5,22.04357711254263,0.04534749798016262,0.0034840654875272193,3.848649389547163e-08,0.00040014022910639336,VILA LEOPOLDINA
8656071695,9652211188,0,26.191000000000003,0,4,22.592648730579764,0.044245412767099396,0.0006731145039115087,8.78012579805694e-09,0.0003559065077794794,VILA LEOPOLDINA
8656075573,12683745871,0,1.266,0,4,22.63205759757484,0.04416836888457288,0.023991413912687432,3.0989271193069985e-05,0.0003775493814996081,VILA LEOPOLDINA
8656556521,8656556524,0,18.1,0,4,22.3849943160288,0.04465585536784372,0.011918779584468115,7.83916628846754e-06,0.00037391369618125806,VILA LEOPOLDINA
8656556521,9668894946,0,9.493,0,4,22.87381583933308,0.04370154396660261,0.08257719103423888,8.25168137193453e-06,0.0003765061007030299,VILA LEOPOLDINA
8656556521,9668894929,0,1.052,0,4,22.439560439560438,0.04454726603397616,0.09435018084136211,3.1452428183177245e-05,0.0003790018990850832,VILA LEOPOLDINA
8656556524,9668894946,0,19.759999999999998,0,4,22.79196665403562,0.043858482410055195,0.010547735295394904,3.995151629763043e-06,0.0003736976999696124,VILA LEOPOLDINA
8656574050,8656574051,0,18.323,0,4,22.864721485411142,0.04371892608551541,0.0675775942825592,0.0026941929233798177,0.0003640146820778502,VILA LEOPOLDINA
8680966632,8680966633,0,14.375,0,4,19.841606669192878,0.05038004659867843,0.0032458387875253583,1.2213712451941852e-12,0.0003579220962152863,VILA LEOPOLDINA
8680966633,13388208450,0,121.96099999999998,0,4,19.874194770746495,0.05029743746186699,0.0031279662015869375,1.891535111937082e-12,0.0003388238845714346,VILA LEOPOLDINA
9633926157,9633926165,0,31.613,0,3,22.819628647214856,0.043805317082081005,0.006103783710008624,1.2772775230893083e-09,0.00032278376151016904,VILA LEOPOLDINA
9633926157,9633926165,1,40.274,0,3,22.819628647214856,0.043805317082081005,0.0,1.2772775199658878e-09,0.00032278376151016904,VILA LEOPOLDINA
9652211176,9652211178,0,16.808,0,4,22.75028419856006,0.043938838735467535,0.001417572941417325,2.970135055118899e-08,0.00033537689642754143,VILA LEOPOLDINA
9664398561,12865745488,0,169.483,0,5,21.838575217885563,0.04577318156579678,0.0055352035783635565,0.00034721749875044435,0.00041807765944855554,VILA LEOPOLDINA
12294364695,12294364698,0,117.944,0,5,20.506252368321334,0.048747135782393376,0.01791849420873374,4.115372921403798e-09,0.00039821228402187004,VILA LEOPOLDINA
