u,v,key,length,flood_count,Degree,Mean Shortest Path Length,Closeness,bet,Eigenvector,Pagerank,district
28143690,4179717493,0,12.997,0,5,24.66429876192409,0.04053620361912756,0.02247739369843146,3.0822379453527385e-10,0.00021857930448254277,VILA SONIA
28143690,1574840008,0,93.08200000000001,0,6,24.235640349096812,0.04125317187146697,0.07217081715518006,2.293677554385176e-10,0.00025392078225643653,VILA SONIA
28143690,1575956368,0,103.47699999999999,0,6,24.512076314187134,0.040787937501552525,0.001001601216821313,2.2458953926575234e-10,0.00026075880281385493,VILA SONIA
28143690,1575956380,0,99.17999999999999,0,5,24.142074284554496,0.04141305444395871,0.05056171927746061,6.689721743597703e-10,0.00021860555334237563,VILA SONIA
28143694,7931940563,0,17.158,0,4,25.856910899127257,0.03866653060904103,0.08265210481977472,8.709693644430585e-08,0.00019263470978936182,VILA SONIA
28143694,315774081,0,33.197,0,4,26.52668966916988,0.037690230074140955,0.03654861464996986,1.0109276521562035e-07,0.00020402139679988278,VILA SONIA
28143694,2753810811,0,37.519999999999996,0,4,26.477978485894052,0.03775956828686847,0.04570253926947608,2.4489142766820487e-07,0.00020069560559856048,VILA SONIA
28143727,1575978516,0,117.515,0,4,24.65658615790542,0.040548883382860154,8.777806807197801e-05,2.780974432850196e-13,0.0001867574870719708,VILA SONIA
28143727,7194431432,0,137.40900000000002,0,5,24.1264461132535,0.04143988020627403,0.03275398083885826,2.3963329593893244e-13,0.00021682766398687606,VILA SONIA
28143727,1575978517,0,53.438,0,4,24.46214735132941,0.04087118855009334,0.03285779694294339,9.066405594999812e-13,0.00018509502608472615,VILA SONIA
28144852,1714794778,0,116.10000000000001,0,4,29.640957986604423,0.03373025383282777,0.025152814028625306,2.705684612681605e-07,0.0001994384241670725,VILA SONIA
28145115,4691098666,0,17.86,0,5,25.198092145321695,0.039677489508743384,0.007201078169904884,4.088374163725865e-07,0.0002123688337906836,VILA SONIA
28145115,315147179,0,56.893,0,6,24.566876395372436,0.0406969539247032,0.07734748129542493,1.5304824561833368e-07,0.00024656996316970017,VILA SONIA
28145115,1963366926,0,34.274,0,5,25.182869900548003,0.039701473290563845,0.0073245538020061335,1.288650990914676e-07,0.00021598705997047016,VILA SONIA
28145115,7931940563,0,23.486,0,5,25.279480414045057,0.03954974629070589,0.07692480144307834,1.3467760267982737e-07,0.00021770216440683692,VILA SONIA
28145216,30477053,0,13.674,0,5,24.138420945808807,0.04141932229042294,0.0002969623442435091,3.05624656704987e-08,0.00021340385812545728,VILA SONIA
28145216,1632534855,0,38.866,0,5,23.914146539476356,0.04180776575429663,0.05088247999772363,1.1929155766345772e-08,0.00021472479769603595,VILA SONIA
28145216,1963366455,0,128.912,0,5,23.858331641972804,0.04190557209698001,0.0005897858404836243,1.4302827263561905e-08,0.00021481697710184735,VILA SONIA
28145216,1963366469,0,37.772,0,5,24.145321696772886,0.041407484617195116,0.05049394564140503,2.2426711281997415e-08,0.0002126614655716894,VILA SONIA
28393827,28396070,0,69.734,0,4,35.14613354982748,0.0284468570438599,0.002040796969673453,1.5772233729288583e-17,0.00019619960071321535,VILA SONIA
28393870,2558340371,0,80.268,0,4,31.56971788106353,0.0316694954482333,0.03606092039356995,-2.1304298194521156e-18,0.00020924176294863709,VILA SONIA
28393870,301803873,0,107.66600000000001,0,5,31.412218388471686,0.031828284916778665,0.03611403560961351,4.420827091344358e-18,0.00023151211443754382,VILA SONIA
28393895,940897313,0,93.345,0,5,32.277247818144915,0.030975287681569517,0.05223450367883229,1.8672528558328473e-17,0.00020186667591982216,VILA SONIA
28393895,8021921824,0,17.81,0,5,32.29287598944591,0.03096029715851597,0.044340685824359356,2.1440756666420252e-17,0.0001998143476044235,VILA SONIA
28393895,940897155,0,16.533,0,5,32.69251065557134,0.03058183714519854,0.0076829090582999846,1.3836677583903929e-17,0.00019892240745633552,VILA SONIA
28398509,2755099374,0,26.109,0,4,30.626547594885327,0.032644784190540566,0.05098422667780706,1.8936771233670294e-18,0.00020116293458824453,VILA SONIA
28398509,5319469286,0,24.330000000000002,0,4,30.001826669372843,0.03332453879406572,0.03513657767281199,7.212120008601855e-18,0.00020119707891803247,VILA SONIA
28398509,13265945696,0,99.70100000000001,0,4,30.34077531966714,0.03295225735672859,0.08604095907455359,1.1632557147747828e-18,0.00019368499485933482,VILA SONIA
29465696,251802627,0,13.207,0,6,26.108585346052365,0.038293803493551624,0.010824984500876487,8.085453939157577e-18,0.00024633076298422144,VILA SONIA
29465696,1602184050,0,93.10300000000001,0,5,26.083417901359855,0.03833075253087236,0.012551918830292573,1.6239173374796042e-17,0.00020547073835050004,VILA SONIA
29465696,1602184045,0,55.81,0,6,26.308910087274203,0.03800222181077578,0.013487470931059726,3.128352813497505e-17,0.00023551658162086146,VILA SONIA
29465696,1609589078,0,96.251,0,5,26.269941140653543,0.03805859447431856,0.009804758468039902,1.6073985382648518e-17,0.0002034231963863805,VILA SONIA
29465714,1629035478,0,49.137,0,4,24.69900548000812,0.04047924267823686,0.06808887831183287,8.511382985181802e-15,0.00019120677865069725,VILA SONIA
29465714,1687930370,0,61.089000000000006,0,4,24.758473716257356,0.04038201418207157,0.07472448637327407,1.2455980938653433e-14,0.0001859162370905195,VILA SONIA
29465714,2753810780,0,284.496,0,5,24.297747107773493,0.04114772584889111,0.008931806443324081,1.0121275468252834e-14,0.00021628763877322058,VILA SONIA
29465723,1609619899,0,57.115,0,4,25.239699614369798,0.039612081443597416,0.0010079819408265452,1.1927551109460263e-13,0.00018358499607654423,VILA SONIA
29465723,1609619937,0,119.633,0,4,25.177998782220417,0.03970915422564731,0.04380470500791986,2.276405291627454e-13,0.00018610437097670991,VILA SONIA
29465723,2753810787,0,122.68599999999998,0,5,24.784858940531763,0.040339024689841546,0.044415874896421015,8.88094778867957e-14,0.00021972100955272683,VILA SONIA
30456739,1606799200,0,42.694,0,4,28.50943779175969,0.03506898466532826,0.047665560387085755,-1.9988642042516615e-18,0.00020791601395660206,VILA SONIA
30470401,1629035352,0,44.648,0,4,24.066774913740613,0.04154262631033,0.011266289169238356,4.348041279685374e-13,0.00019883974538616815,VILA SONIA
30470401,1629035365,0,48.161,0,4,24.537040795615994,0.04074643902923222,0.004390283019600032,4.373781652154401e-13,0.00020176056940676321,VILA SONIA
30470401,4359249456,0,88.774,0,4,24.223665516541505,0.041273565144532884,0.014003274863482684,2.096118738282977e-12,0.00020071704156085756,VILA SONIA
30470522,1963366455,0,359.297,0,4,23.87598944591029,0.04187458027661365,0.0002629893002156512,6.901293966949613e-09,0.00017923431444178298,VILA SONIA
30470522,8676878580,0,106.285,0,4,23.99411406535417,0.041668428932743466,0.0001996994161637535,3.7164942466059443e-09,0.00018016193704381377,VILA SONIA
30470522,1955890570,0,81.725,0,5,24.200324741221838,0.04131337275128947,0.0003845679603153457,7.5707853654506e-09,0.00021483356501826288,VILA SONIA
30470557,8674369329,0,129.244,0,4,26.747919626547596,0.0373784971203533,0.006707348093500025,1.035495432354695e-07,0.0001905910233282646,VILA SONIA
30470557,1098452851,0,10.001,0,5,26.035315607874974,0.03840157161121332,0.006520582577346877,4.281374376542901e-07,0.00021572019639883486,VILA SONIA
30470557,2656725118,0,13.755,0,4,26.38278871524254,0.03789580576668616,0.00043423413635607197,1.7104402224322544e-07,0.00018395572967493397,VILA SONIA
30470793,4359249477,0,48.678000000000004,0,4,24.01116297950071,0.04163884263290026,5.9323488048645254e-05,5.84971725951774e-10,0.00018576080681069484,VILA SONIA
30470793,1584985685,0,155.45200000000003,0,5,23.94093769027806,0.04176098069635545,0.00856362142302217,4.724366237985294e-10,0.00022184422660681896,VILA SONIA
30470793,8676878580,0,327.67700000000013,0,4,23.94073472701441,0.04176133473498593,0.00834615945084385,1.8651576046208624e-09,0.0001820835682628733,VILA SONIA
30476679,1955996622,0,40.676,0,5,27.72660848386442,0.03605911762768192,0.012002141853841755,2.407863995254492e-17,0.00021432696779517783,VILA SONIA
30476679,1768208185,0,42.908,0,4,27.85102496448143,0.03589803384296979,0.0006310018685174215,1.572833465843598e-17,0.00018038673815084128,VILA SONIA
30476679,1611826282,0,193.663,0,4,27.176578039374874,0.03678892299419712,0.012894408502573415,2.4423278112589766e-17,0.0001789021450807827,VILA SONIA
30477053,315147182,0,341.13599999999997,0,5,24.578851227927746,0.040677126341866224,0.04305143467130217,1.1662840415152627e-07,0.0002122465843348747,VILA SONIA
30477053,1632534861,0,14.446,0,4,24.852242744063325,0.0402296503793478,0.04359414111574719,2.560417404598908e-08,0.00017905417339440828,VILA SONIA
30477527,1609589074,0,16.490000000000002,2,6,28.787497462959205,0.034730251840153416,0.03841454529149992,-6.412384427760117e-17,0.00022997291679735141,VILA SONIA
30477536,8672560783,0,35.239000000000004,0,5,28.708544753399636,0.034825765127574286,0.00024315732019938898,3.1435273054008656e-18,0.00022635037792644505,VILA SONIA
35293812,1632545011,0,72.75399999999999,0,4,31.0,0.03225151731407583,0.03063247633311863,3.3613911102589756e-14,0.00019516079748961945,VILA SONIA
35293812,6960587408,0,45.004999999999995,0,4,31.75015222244774,0.031489519474791124,0.006140325917035067,4.0127772027399915e-14,0.00019018298314433165,VILA SONIA
35293813,35294683,0,66.425,0,5,31.308301197483257,0.031933928015766,0.03506259576475133,6.018034191511555e-15,0.00022829912383360212,VILA SONIA
35293818,35293832,0,91.29599999999999,0,4,32.17373655368378,0.031074943224829673,0.03859717195964968,-1.5224623135913815e-18,0.0001869181624121716,VILA SONIA
35293837,35293840,0,79.58099999999999,0,4,30.738583316419728,0.03252580076461383,0.030968240377393954,1.8046072813429488e-17,0.00020268818487878762,VILA SONIA
35293837,1740956357,0,32.631,0,4,30.296732291455246,0.03300016078032049,0.00037577290830813375,3.5770902218926947e-17,0.00020202325997585585,VILA SONIA
35293837,5319469300,0,34.347,0,4,30.951491779987823,0.03230206297787512,0.030779922793239534,1.9291119835218583e-17,0.00020221169437062363,VILA SONIA
35293840,5321020415,0,77.099,0,4,31.209255124822405,0.03203527391915093,0.031065675757473852,1.436532078196543e-17,0.00020280896294476837,VILA SONIA
35294683,8653477559,0,16.889,0,5,31.209458088086055,0.03203506558539107,0.019899236296317374,1.8124196172501106e-15,0.0002261594531560325,VILA SONIA
35294683,5321053541,0,14.781,0,5,31.558960828090115,0.031680290177566545,0.03154733419386881,1.7262597994493686e-15,0.00022469973690955808,VILA SONIA
35360063,8660002148,0,48.144,0,4,32.04181043231175,0.031202888452524228,0.03723704303453437,-3.0934941383338417e-19,0.0002020654369746358,VILA SONIA
35360063,5321020415,0,34.921,0,4,31.644814288613762,0.03159434046974614,0.03105325921346367,8.955811984745905e-18,0.0002026372300895263,VILA SONIA
35360063,5321020420,0,28.926000000000002,0,4,32.31905825045667,0.03093521565475144,0.005999777536919817,1.2420214439907891e-17,0.00020252983348830866,VILA SONIA
35360083,3894489431,0,145.022,0,5,30.03389486502943,0.033288957067652405,0.00019245643215781426,2.44119023122561e-16,0.0002219407424498497,VILA SONIA
35360098,5319469300,0,100.368,0,4,31.021717069210474,0.0322289393106697,0.031483182049816205,9.44352727402968e-18,0.0002004425238002286,VILA SONIA
248536525,1986582477,0,39.083,0,4,31.074893444286584,0.032173788094522746,0.025900048545238037,5.0953222850031925e-18,0.00020124551388279956,VILA SONIA
248536525,1986582407,0,48.872,0,4,31.45626141668358,0.03178372100525857,0.020074792432461328,1.4584574085136506e-17,0.00020188811691962416,VILA SONIA
248536525,1628530891,0,273.59000000000003,0,4,30.847168662472093,0.032411306453310876,0.006059273476968604,-3.332072569896663e-19,0.00020053326257734675,VILA SONIA
248537191,1628530865,0,70.65,0,4,30.114065354170894,0.03320033429488044,0.0005870266084813618,-2.7412637852364936e-18,0.0001900366241706982,VILA SONIA
248537191,4340029381,0,171.375,0,4,30.127663892835397,0.03318534886384306,0.008382719274873829,-5.167827101531759e-18,0.00019299156444353845,VILA SONIA
248537191,248537474,0,87.727,0,4,29.877816115283135,0.03346285527960437,0.00902096412739719,-8.389794343819844e-18,0.00018946573359144347,VILA SONIA
248537474,1628530852,0,69.704,0,4,29.53785264867059,0.03384799323864691,0.006542828885365119,-6.692856826561312e-18,0.0001845442798451445,VILA SONIA
248537474,1628530846,0,144.264,0,5,29.49320073066775,0.03389923819616965,0.0028114849583054176,-9.154460198886536e-18,0.00022571741357242095,VILA SONIA
248537475,1628530848,0,68.306,0,5,29.380759082606048,0.03402897229187823,0.003565445102923665,4.40735755835047e-18,0.00021917546298000283,VILA SONIA
248537475,1609589092,0,70.54,0,4,29.09052161558758,0.034368480907562324,0.012917689522592505,2.9346254474760224e-18,0.00018477892454626393,VILA SONIA
248537475,5004077412,0,77.85900000000001,0,4,29.517556322305662,0.03387126718145125,0.00893163399132394,6.3254504770410395e-18,0.0001845395699749745,VILA SONIA
251802585,1602184021,0,108.80399999999999,0,6,26.691495839253093,0.03745751241359907,0.004039688103312544,6.080651528331463e-17,0.00024324272226569158,VILA SONIA
251802585,1602183981,0,118.72,0,5,26.642987619240916,0.03752571036794393,0.014032764155506866,4.924077753301443e-17,0.00020679633367468869,VILA SONIA
251802585,1602184004,0,57.184,0,5,26.380962045869698,0.03789842974634364,0.013317778162920577,3.481510285972915e-17,0.00021151046705734602,VILA SONIA
251802627,1601538697,0,85.036,0,5,26.15546985995535,0.03822516062948133,0.05178405905446293,1.2059249879858822e-18,0.00022108770767680766,VILA SONIA
251802627,1611051816,0,176.695,0,5,26.386847980515526,0.03788997600147683,0.007123992125841673,2.3806897351263835e-18,0.0002301958759238283,VILA SONIA
251802627,7284584018,0,205.554,0,5,25.734929977674042,0.03884980598757059,0.05298811891945025,1.1869710337591389e-17,0.0002163904510682231,VILA SONIA
251802704,1601513317,0,16.991,0,4,28.69332250862594,0.034844240726593666,0.011762606025645337,-1.4913475792753257e-17,0.00019479733007012412,VILA SONIA
251802704,4340123485,0,187.388,0,4,28.393545768215954,0.03521212337824797,0.0008186296446712763,-2.4166369938818907e-17,0.00019185031648572416,VILA SONIA
251802704,1601513322,0,85.435,0,5,27.96021920032474,0.035757839721254354,0.010922074976956101,-1.3401892355038961e-17,0.0002295717966719619,VILA SONIA
251802705,1601513292,0,207.45399999999998,0,4,28.680535823016033,0.03485977538585653,0.0011140399209135126,-9.835398256207495e-18,0.0001983828668703369,VILA SONIA
251802705,7279855413,0,42.762,0,4,28.427237669981732,0.03517039004433782,0.011182822401169914,-2.256645321775396e-19,0.00019982349594190198,VILA SONIA
251802705,1601513317,0,84.28999999999999,0,4,29.077734929977673,0.03438359415353259,0.011952820581801311,-4.240442204083687e-18,0.00019908018351978606,VILA SONIA
251802707,7285087850,0,17.22,0,4,29.41972802922671,0.033983898006912684,0.04052277099322867,1.6035452888842916e-18,0.00019938718710563552,VILA SONIA
251802707,8656075343,0,9.367,0,4,29.803531560787498,0.03354626060663843,0.0038913793831909307,4.0492151129410174e-18,0.0002009749354144732,VILA SONIA
251802707,8656075336,0,6.199,0,4,29.138420945808807,0.03431198411869188,0.04406596978813409,-8.891388241678544e-18,0.0002008436177205759,VILA SONIA
251802837,1611054999,0,204.93900000000002,0,5,28.80048711183276,0.034714587737843555,0.0036297696989764107,-5.7828843394835985e-18,0.00021810347649627907,VILA SONIA
251802837,1609589092,0,209.879,0,5,28.63628983154049,0.034913637297914114,0.007535807502179362,-2.3283622934135665e-18,0.000220118907405084,VILA SONIA
251802837,251802851,0,49.607,0,6,28.027197077329003,0.035672387573321744,0.04699213532653355,5.525108698276594e-18,0.0002516091118370924,VILA SONIA
251802837,1601513190,0,160.63299999999998,0,5,28.682971382179826,0.03485681533530049,0.04256029137489944,-3.8391646006669403e-19,0.00022057355569482122,VILA SONIA
251802851,7279855431,0,82.377,0,5,27.654962451796226,0.0361525364020667,0.017027910493962885,5.5492031459083715e-18,0.0002171596801589396,VILA SONIA
251802851,1601513185,0,94.893,0,5,27.86766795210067,0.03587659500087397,0.05452225191270824,7.678272532516209e-18,0.00021045841563444443,VILA SONIA
251802851,1601513209,0,183.052,0,5,27.97442662878019,0.03573967931509831,0.0017245200014141062,2.179702739707948e-18,0.00021881216460906345,VILA SONIA
251802918,251802919,0,80.148,0,5,24.978282930789526,0.04002665193226509,0.00012554505610294693,4.656844472558215e-16,0.0002030073743679075,VILA SONIA
251802918,5005884296,0,189.791,0,5,24.668966916988026,0.04052853287698282,0.04615953706985082,3.7428655958880634e-16,0.00019988810537925405,VILA SONIA
251802918,7985591055,0,188.75400000000002,0,5,24.353967931804345,0.04105273684912328,0.04643459801007637,1.711325227845074e-15,0.00020353141310995639,VILA SONIA
251802919,251802952,0,182.10500000000002,0,6,25.10899127257966,0.039818287635799275,0.010007389568206059,5.759523926912497e-16,0.00023843874655569476,VILA SONIA
251802919,251802920,0,77.714,0,5,25.73756850010148,0.03884582324598412,0.0059075157168441625,2.2285022282568105e-16,0.00020818891588289914,VILA SONIA
251802919,1601513332,0,81.754,0,5,25.838035315607875,0.0386947778545843,0.004153506423405875,1.868164398228755e-16,0.0002067725206326709,VILA SONIA
251802920,251802974,0,186.824,0,4,25.891820580474935,0.03861439691461092,0.00014692910412048186,1.4039584230024598e-16,0.0001732513041690028,VILA SONIA
251802920,7279855441,0,80.759,0,4,26.443271767810025,0.03780912761156226,0.005652459208635016,7.179491097714824e-17,0.0001763262579570607,VILA SONIA
251802952,251802974,0,78.108,0,5,25.272173736553682,0.039561180892415435,0.0390857284760503,5.039542873257913e-16,0.00020448248268615385,VILA SONIA
251802952,7985591055,0,79.34100000000001,0,6,24.482646640957988,0.04083696715467644,0.05003108447302548,1.8022876615599054e-15,0.0002389624381388534,VILA SONIA
251802952,251802957,0,287.789,0,5,25.23117515729653,0.03962546454944737,0.0016089771613193612,4.910994271763559e-16,0.00020380435775269975,VILA SONIA
251802957,251802978,0,96.827,0,5,25.869291658209864,0.03864802523184108,6.898080005656425e-07,1.6084440780926208e-16,0.00020609244406237282,VILA SONIA
251802957,1583869909,0,97.03399999999999,0,4,25.700426222853665,0.03890196326188934,0.0016560565573579664,1.1912215353281903e-16,0.00017086962647379757,VILA SONIA
251802960,1609589102,0,83.672,0,6,26.54373858331642,0.037666021822741834,0.0471206120666389,4.984317498942299e-17,0.0002449775098643686,VILA SONIA
251802960,1583869909,0,73.107,0,5,26.193626953521413,0.038169476816265806,0.0019240469655777185,6.095965389854491e-17,0.0002116126687088775,VILA SONIA
251802960,1601538701,0,87.381,0,5,26.297747107773493,0.03801835315546157,0.0490712166402384,7.784682126233408e-17,0.00022814487361165402,VILA SONIA
251802960,1601513226,0,82.67099999999999,0,5,26.683783235234422,0.03746833902533639,0.000815180604668448,4.3744936787249925e-17,0.0002151307774142676,VILA SONIA
251802974,251802978,0,133.119,0,5,26.001014816318246,0.038452231337866,0.038933108455925146,1.4805233683614915e-16,0.00020677056899582688,VILA SONIA
251802978,1583869910,0,95.58,0,6,26.43048508220012,0.03782741911951038,0.03877324545179406,9.312273620301126e-17,0.00024051523733830936,VILA SONIA
251802978,7279855441,0,273.33599999999996,0,5,26.454840673838035,0.037792593388214175,3.4490400028282126e-07,7.534806719249416e-17,0.00021003329983467555,VILA SONIA
251803181,2070839968,0,332.29900000000004,0,5,25.956362898315405,0.038518379506908444,0.000281786568231065,5.72006428493016e-06,0.00022110477219348948,VILA SONIA
251803181,8645324984,0,175.35500000000002,0,4,25.69332250862594,0.03891271891366685,0.008373751770866475,4.2882318854480705e-06,0.00018144311906762218,VILA SONIA
251803181,4691098666,0,187.754,0,4,25.49868073878628,0.03920975547631177,0.008477740326951746,1.7325728560912644e-06,0.0001782869071951018,VILA SONIA
301116399,5673185794,0,25.308,0,6,31.203572153440227,0.03204110836477169,0.016936166029887654,4.311893483564695e-17,0.0002448347868383213,VILA SONIA
301116399,1738793062,0,147.322,0,7,31.12401055408971,0.032123014320369354,0.07319483713201977,2.7308387130409475e-17,0.000267256439830845,VILA SONIA
301116399,8021921825,0,78.155,0,6,31.62492388877613,0.03161421163423525,0.045953629381681974,5.716869372641647e-17,0.00023096078164857502,VILA SONIA
301803873,940138985,0,102.136,0,5,31.36878425005074,0.031872355293295546,0.03147059305380588,6.001009872228525e-18,0.00022238194320951663,VILA SONIA
301803873,8672577185,0,72.559,0,5,31.56667343210879,0.031672549813861084,0.016045796353157553,1.2225991440198801e-17,0.00022535024093658918,VILA SONIA
315147179,315147182,0,13.039,0,6,24.593261619646842,0.0406532916291852,0.10185342787151981,1.486202726256394e-07,0.00024603200092894223,VILA SONIA
315147179,1963366783,0,55.943999999999996,0,5,24.54881266490765,0.04072689992724386,0.07449667728108728,6.916304104774853e-08,0.00021498976688662268,VILA SONIA
315147179,1963366469,0,314.82300000000004,1,5,24.122183884716865,0.04144720235591081,0.050191292381156855,6.576645568089005e-08,0.00020995661733872102,VILA SONIA
315147182,4691098666,0,70.811,0,5,25.009539273391518,0.03997662755027511,0.0017276241374166517,4.044094433848625e-07,0.00021185872401073783,VILA SONIA
315147182,1004400250,0,164.218,0,5,25.164603206819567,0.03973029212975659,0.06072983410979846,1.1925745187166296e-07,0.00021847451607612608,VILA SONIA
315774062,1714236278,0,70.83000000000001,0,4,28.49056220824031,0.035092218589044905,0.009233080087571125,2.5104110360261978e-09,0.00021151962449135123,VILA SONIA
315774062,1632544970,0,66.911,0,4,28.215546985995534,0.03543426031161433,0.026893199614052423,2.6114252028183264e-09,0.0002029829304888922,VILA SONIA
315774062,3894536657,0,133.657,0,4,27.764968540694134,0.03600929838155528,0.03556736276916524,1.1990737809306925e-08,0.00021882303214015926,VILA SONIA
315774081,3894536657,0,98.28800000000001,0,4,27.151410594682364,0.036823023733881514,0.03627303635374389,5.8487689784113015e-08,0.000217686001276735,VILA SONIA
315774081,2753810811,0,24.651,0,4,27.1124416480617,0.0368759497840294,0.00023229284419048013,2.409431126557134e-07,0.00020479048217336837,VILA SONIA
315774087,1004400190,0,26.54,0,5,28.341181246194438,0.035277182981587975,0.04459574233256851,1.1694403443931308e-13,0.00023026191422097922,VILA SONIA
315774087,1715575872,0,34.566,0,5,28.71057438603613,0.034823303194610376,0.019261681251794577,5.825633173296625e-14,0.00022963798902245577,VILA SONIA
315774087,1644338786,0,292.682,0,5,28.51877410188756,0.03505750398542473,0.036912833274268524,3.749000462529708e-14,0.00023460010652589662,VILA SONIA
315774087,1632545010,0,40.407,0,5,28.691495839253093,0.034846459115893125,0.028895194883694058,4.231996447617925e-14,0.00023061586859464593,VILA SONIA
536218260,1098452851,0,21.615000000000002,0,6,25.464176983965903,0.03926288437933398,0.04156282900608152,5.296684628685166e-07,0.0002446498415334639,VILA SONIA
536218260,1404824168,0,42.81,0,5,25.748122589811246,0.038829900442216285,0.0901675629859374,2.8249890708747913e-07,0.00021699953118310849,VILA SONIA
536218260,8058812186,0,384.55099999999993,0,6,25.091333468642176,0.039846309403437814,0.05007781896506381,2.397150582583658e-07,0.00024367636546456612,VILA SONIA
749696572,1986582462,0,83.90599999999999,0,5,32.57113862390907,0.030695796308528273,0.009738364447985459,3.14877154473859e-17,0.00022925730496488098,VILA SONIA
749696572,1611060580,0,215.45499999999998,0,5,32.58920235437386,0.030678782066053425,0.0006684239525481076,5.1859021125407337e-17,0.0002240484890514842,VILA SONIA
749696572,749696653,0,46.608000000000004,0,5,32.606657195047696,0.030662359246325932,0.0015489638652701502,4.9176846465165337e-17,0.00022290308678363398,VILA SONIA
749696572,749696666,0,84.228,0,5,32.340369393139845,0.030914830457948676,0.009174618859523188,4.4065897287717536e-17,0.0002325158536462342,VILA SONIA
749696602,1986582434,0,56.538,0,4,32.45626141668358,0.03080444244334384,0.022450663638409543,4.5527293611949686e-18,0.000207033868426785,VILA SONIA
749696602,1986582456,0,113.277,0,4,32.05256748528517,0.03119241655743622,0.01314187712277634,-1.2288929023702373e-18,0.0002074862901511482,VILA SONIA
749696602,1628857449,0,40.239000000000004,0,4,32.56038157093566,0.030705937353903694,0.010888619288928668,4.117583798901196e-18,0.00021643821645123622,VILA SONIA
749696653,4387319740,0,150.417,0,4,33.060077126040184,0.030241824086636747,0.0011362862289317547,5.455983395401748e-17,0.00017973946863248058,VILA SONIA
749696653,4387319740,1,300.502,0,4,33.060077126040184,0.030241824086636747,0.0,5.336219326701264e-17,0.00017973946863248058,VILA SONIA
749696666,1628857449,0,151.10399999999998,0,4,32.606657195047696,0.030662359246325932,0.010665811304745965,1.0957677011824378e-17,0.00021137493792905724,VILA SONIA
749696666,8655682606,0,261.06399999999996,0,4,32.23909072457885,0.031011948980748164,0.019352908359869383,1.594014028267519e-17,0.00020077320399794027,VILA SONIA
887376570,1602183977,0,62.448,0,5,26.87030647452811,0.03720824835712667,0.04893291013612498,2.195085046746184e-17,0.00022000394963340685,VILA SONIA
887376570,1611826282,0,160.16199999999998,0,5,26.665922468033287,0.03749343522373519,0.014123473907581247,4.471324029933744e-17,0.00021374382971173052,VILA SONIA
887376570,1602183981,0,115.05,0,5,26.640349096813477,0.03752942700198846,0.01198437929782719,3.8894642589491535e-17,0.00021066631065643924,VILA SONIA
940138872,940138873,0,73.27199999999999,0,5,32.42236655165415,0.030836645904410154,0.0004057795563327392,1.4909287256766404e-17,0.00022384668409809164,VILA SONIA
940138872,940138906,0,233.042,0,4,31.788918205804748,0.031451118602513026,0.013740802919267457,1.251940624460771e-17,0.000187938817106106,VILA SONIA
940138872,940138894,0,162.151,0,5,32.10960016237061,0.03113701297059493,0.014301961727727608,2.792624166566302e-17,0.00021326196801284907,VILA SONIA
940138873,940138874,0,74.66499999999999,0,5,33.37507611122387,0.0299563972050426,0.00015365473212599687,1.7599868376849182e-17,0.00023012101145627496,VILA SONIA
940138873,8035624081,0,94.331,0,5,33.39131317231581,0.029941830426880787,0.001348057285105407,1.419726786659043e-17,0.000238357508600056,VILA SONIA
940138873,8677263395,0,197.924,0,5,33.347676070631216,0.029981010809231667,0.0012254439130048639,2.4027293987779055e-17,0.00022200764957175988,VILA SONIA
940138874,12999289848,0,209.378,0,4,33.583925309518975,0.0297701066067155,0.011981102709824503,6.3515323116495935e-18,0.00019390824283633867,VILA SONIA
940138874,940139085,0,122.587,0,4,33.02780596711995,0.030271373088835356,0.012115270365934521,1.1169211460102976e-17,0.00019655482488186688,VILA SONIA
940138883,940138890,0,238.099,0,4,32.396793180434344,0.030860987727024978,0.0013935846131427393,1.6221303065905143e-17,0.00018311287866983956,VILA SONIA
940138883,4339916973,0,69.316,0,4,33.26709965496245,0.03005362797195971,0.017652704090475216,2.517756425988834e-18,0.00019414776978976243,VILA SONIA
940138883,940139098,0,148.38,0,4,33.2953115486097,0.030028162832376283,0.016147887937241267,2.4138230621651878e-17,0.00018930317123507187,VILA SONIA
940138890,940138894,0,197.809,0,5,31.818144915770244,0.031422229026331905,0.014101227599563006,2.6328603765801762e-17,0.00021012781586070585,VILA SONIA
940138890,940138917,0,94.566,0,5,31.56017860767201,0.03167906776336521,0.012494664766245625,2.0098866851078027e-17,0.00020968144820328463,VILA SONIA
940138894,940138935,0,79.622,0,6,31.27887152425411,0.03196397401872676,0.017987433422749693,4.3421624450484795e-17,0.0002409137102990819,VILA SONIA
940138894,7845158702,0,66.571,0,5,32.14450984371829,0.031103197454159723,0.016665933745666064,3.841552571447679e-17,0.0002093895098319672,VILA SONIA
940138906,940139085,0,125.036,0,4,32.085853460523644,0.031160057436727878,0.014257124207690841,9.376456228961603e-18,0.00019695312590687464,VILA SONIA
940138906,1628810922,0,28.516,0,4,31.417495433326568,0.03182293887359975,0.028291957787199402,4.19143233034679e-18,0.00019273411863838857,VILA SONIA
940138913,940138917,0,120.797,0,6,31.229957377714634,0.03201403782413726,0.012948213526617534,3.2675319639805155e-17,0.000244505304971015,VILA SONIA
940138913,1986582551,0,113.845,0,5,31.782220418104323,0.03145774661379006,0.0010229852648388478,3.1265107181017986e-17,0.00021372401929820191,VILA SONIA
940138913,940138985,0,292.15900000000005,0,5,31.370204992896287,0.03187091180828281,0.012596583898329197,2.4890944413001592e-17,0.00021421459709076003,VILA SONIA
940138913,1986582480,0,292.41499999999996,0,5,31.638725390704284,0.03160042082574222,0.0005735753524703318,2.9192951256901496e-17,0.0002109863659279889,VILA SONIA
940138917,940138935,0,288.644,0,6,30.953318449360665,0.03230015671411804,0.0017614247294443681,3.395934536519206e-17,0.00024044945707634742,VILA SONIA
940138917,4339916972,0,219.162,0,5,31.55510452608078,0.03168416177832664,0.0012921828370595898,1.0739688196169324e-17,0.00021582208553340442,VILA SONIA
940138922,940138961,0,374.223,0,5,31.038765983357013,0.032211236660389206,0.0001069202400876746,1.3306510682208389e-17,0.00021553039569616392,VILA SONIA
940138922,1628810927,0,82.733,0,4,30.73756850010148,0.0325268746203217,0.0007998323766558625,7.304424504346781e-18,0.00018499709732147713,VILA SONIA
940138922,940138925,0,84.114,0,4,30.939111020905216,0.03231498914305582,0.00043889034035989006,9.039603908026381e-18,0.00018021718179930877,VILA SONIA
940138925,2558340379,0,127.668,0,4,30.32068195656586,0.0329740946515831,0.002177551405785592,1.187207635494492e-17,0.00018060668468363757,VILA SONIA
940138925,940138935,0,328.78000000000003,0,5,30.65963060686016,0.03260955911558321,0.00226653663785856,2.4484165960344556e-17,0.00020913737964757182,VILA SONIA
940138935,940138961,0,81.656,0,6,31.265272985589608,0.031977876450884166,0.017762556014565296,3.073668255772975e-17,0.0002432381889014919,VILA SONIA
940138949,8002649505,0,10.485,0,4,32.721940328800486,0.03055433225200191,0.017584930454419643,2.821322243134408e-18,0.00019733867628982907,VILA SONIA
940138949,8002579049,0,131.68,0,4,32.30099451999188,0.030952515598786028,0.0181860981269126,-9.774910916893315e-18,0.00019412659236171166,VILA SONIA
940138949,4339916972,0,31.719,0,4,32.15952912522833,0.03108867150520669,0.00076896346863055,4.086382740050964e-18,0.00019137680572861538,VILA SONIA
940138961,1628810965,0,37.378,0,5,31.652526892632434,0.03158664204370575,0.018871077471474283,1.711487227529383e-17,0.0002189829157954732,VILA SONIA
940138961,1986582480,0,79.071,0,5,31.366754617414248,0.0318744176415778,0.0011373209409326031,2.335128164700932e-17,0.0002119009987847008,VILA SONIA
940138985,8002579049,0,43.319,0,4,31.864217576618632,0.031376795439345205,0.018615848511264993,6.237664130355751e-18,0.00018680932303858435,VILA SONIA
940139085,8035624081,0,24.496000000000002,0,4,33.04729044043028,0.030253525278828675,0.0019040425335613148,1.1865596104988208e-17,0.00020474484260831627,VILA SONIA
940139095,7845158702,0,38.44,0,5,33.05662675055815,0.030244980659421626,0.01613460913323038,5.5472879660605344e-17,0.0002135974181086005,VILA SONIA
940139095,940139098,0,265.163,0,5,33.627765374467224,0.02973129571956254,0.0010252271408406862,4.713947578871919e-17,0.00022091941929364028,VILA SONIA
940139095,1986582444,0,113.052,0,5,33.96062512685204,0.029439889077478427,0.016062006841170845,5.548827530886538e-17,0.00021508048940665567,VILA SONIA
940139095,8677263395,0,33.407,0,5,33.92327988634057,0.029472298671772167,0.0012004383729843594,5.093321832100018e-17,0.0002156308417631506,VILA SONIA
940897155,8021921824,0,5.293,0,6,32.648873553886745,0.03062271153356003,0.009026655043401857,1.2012295553911668e-17,0.00023431330274877095,VILA SONIA
940897155,5320981963,0,46.528000000000006,0,5,33.112847574589,0.030193629058456482,0.009126677203483875,2.1264590167416377e-17,0.00019810622662840154,VILA SONIA
940897237,8021921812,0,39.135,0,5,33.10351126446113,0.030202144683355713,0.00021780687617860162,3.7260608157988026e-17,0.00020885550575083878,VILA SONIA
940897237,8021921825,0,47.190999999999995,0,5,32.60645423178405,0.030662550108308644,0.0026078191461384116,4.1363633036918633e-17,0.00020237030016226408,VILA SONIA
940897240,8021921821,0,5.568,0,6,33.20560178607672,0.03010928828146011,4.5354876037191e-05,2.866068801520013e-17,0.00024325099819314037,VILA SONIA
940897240,5320981963,0,73.205,0,5,33.17921656180231,0.030133232195945533,0.0013780639331300124,2.613731183446292e-17,0.00019809702741980495,VILA SONIA
940897313,2596068228,0,206.02100000000002,0,6,31.814491577024558,0.03142583732057416,0.01563949944082439,2.556815047383685e-17,0.00024202177628510521,VILA SONIA
940897313,1740915589,0,111.078,0,6,31.810635275015223,0.03142964697475292,0.044630922540597355,1.2104540101284931e-17,0.00024335047124589973,VILA SONIA
1004400183,1632534855,0,13.364,0,5,24.52973411812462,0.04075857618031078,0.011860213857725375,4.399491197100677e-09,0.0002181670874296449,VILA SONIA
1004400183,1632534861,0,24.393,0,5,25.13801501928151,0.039772314399903114,0.04309523747933809,6.726633541518384e-09,0.00022002082005324474,VILA SONIA
1004400183,1632534851,0,18.449,0,5,25.15242541100061,0.03974952794409567,0.04211674483053573,2.5726733191029266e-09,0.000222126172684954,VILA SONIA
1004400183,1632534857,0,29.265,0,5,25.381976862187944,0.03939003814260697,0.01072151330079164,3.4332130032697963e-09,0.00022199788256887365,VILA SONIA
1004400190,1714236351,0,62.886,0,4,27.905216155875788,0.03582832081111943,0.07775481291975894,4.790215567937147e-13,0.0001966300282753131,VILA SONIA
1004400190,1715575872,0,53.232,0,4,28.41465394763548,0.0351859656140401,0.03302473047908028,1.1334540145183234e-13,0.00019069610056425375,VILA SONIA
1004400194,1632534857,0,15.112,0,4,25.73208849198295,0.03885409600731965,0.01127042801724175,1.7402522835492532e-09,0.00018968982081590444,VILA SONIA
1004400194,8057981939,0,42.994,0,4,25.775928556931195,0.038788012409644246,0.040625897289313234,5.519966807920404e-10,0.00019753855254795098,VILA SONIA
1004400194,1632534851,0,54.206999999999994,0,4,25.534402273188554,0.03915490270888974,0.029628460788295338,8.797125922355583e-10,0.0001898228822748845,VILA SONIA
1004400218,1004400236,0,34.199999999999996,0,4,29.46823624923889,0.03392795647083133,0.05186045529052557,1.2643972006756352e-13,0.00019658625632071122,VILA SONIA
1004400218,1632545010,0,54.039,0,4,29.34950274000406,0.03406521212959441,0.00034455909628253845,3.783982511372676e-14,0.00019355634412153116,VILA SONIA
1004400218,1715575872,0,23.176,0,4,28.88410797645626,0.03461408735735567,0.05188649554254692,5.3772908943079446e-14,0.00019266240796282633,VILA SONIA
1004400228,1373435408,0,71.887,0,4,26.666328394560583,0.037492864482246833,0.02085858677310404,7.241698931302921e-09,0.00019975559683661922,VILA SONIA
1004400228,4108174092,0,12.668999999999999,0,4,26.823218997361476,0.03727356648859698,0.023884946923585657,1.2401660330705565e-08,0.00019835025441666064,VILA SONIA
1004400228,1004400250,0,9.672,0,4,25.997564440836207,0.03845733468654852,0.043174737851403286,2.9549985334922275e-08,0.00019282818156622912,VILA SONIA
1004400236,1632545011,0,180.24099999999999,0,4,30.153237264055207,0.0331572039174772,0.006987065237729393,1.2212842680709015e-13,0.0001973593109214519,VILA SONIA
1004400236,1715575918,0,78.72200000000001,0,4,30.048711183275827,0.0332725430597771,0.053780708312100176,5.759611089496233e-13,0.0001974765359790668,VILA SONIA
1004400250,4108174091,0,11.321000000000002,0,4,25.84148569108991,0.03868961129742933,0.05565853814164,4.566657178263738e-08,0.000190301310627326,VILA SONIA
1098452848,1098453892,0,24.984,0,4,29.79744266287802,0.033553115549137674,0.00045337630837176857,8.639960624766556e-11,0.0002005918343333062,VILA SONIA
1098452851,2656725118,0,12.443,0,5,25.759285569311956,0.03881307321377919,0.055169119365238675,4.2873851359638406e-07,0.0002152676597134342,VILA SONIA
1098452859,3894449127,0,61.0,0,3,29.678303227115894,0.033687809882031114,0.0005871990604815032,2.0841147374508833e-12,0.00015072881975697485,VILA SONIA
1098452866,1590278168,0,51.744,0,4,28.10716460320682,0.035570896276826205,0.05552557764953097,4.990512054646778e-09,0.00021208003123180907,VILA SONIA
1098452866,1984755319,0,65.428,0,4,28.82565455652527,0.03468427871345688,0.048433316691715314,1.0793432818186e-09,0.00020726627286458464,VILA SONIA
1098452883,1590278168,0,25.59,0,4,27.37162573574183,0.036526768500667356,0.056056902261966655,2.391024377140545e-08,0.00021323252523150203,VILA SONIA
1098453892,1098453900,0,113.62,0,4,29.342601989039984,0.034073223537223925,0.0009019239607395776,1.0903319352650281e-10,0.00019718217877766038,VILA SONIA
1098453892,1984755357,0,40.887,0,4,29.96082809011569,0.03337014029549442,0.00046355097638011176,1.2185079317393696e-10,0.00020252948043938244,VILA SONIA
1098453900,5005960365,0,132.40499999999997,0,4,28.665516541505987,0.034878040145856194,0.0008469117726944677,2.191431594236445e-10,0.00019698532052814187,VILA SONIA
1098453900,1984755355,0,73.045,0,5,28.513902983559976,0.03506349296737088,0.00019694018416149093,2.5362096480855066e-10,0.00023384142028229338,VILA SONIA
1373435299,1632534836,0,146.971,0,4,25.976456261416683,0.038488584688950354,0.02995905127256642,1.4659210209376407e-08,0.00019115320987526173,VILA SONIA
1373435299,1632534852,0,52.483,0,4,26.829916785061904,0.03726426156092321,0.0010490255168602008,4.047355825515294e-09,0.00019969058735272611,VILA SONIA
1373435299,3685404552,0,67.362,0,4,26.716460320681957,0.037422511243466634,0.029717963376368728,8.513269740075425e-09,0.00019846588956763542,VILA SONIA
1373435406,3685404552,0,25.01,0,4,27.072254921859145,0.036930689357873824,0.02327429439108492,1.0926450268649591e-08,0.00019986889581383207,VILA SONIA
1373435406,4108174092,0,143.85399999999998,0,4,26.98903998376294,0.03704455724760293,0.023629200607375944,1.215007329693098e-08,0.00019945563901571891,VILA SONIA
1373435406,8674369329,0,23.984,0,4,27.356606454231784,0.036546822370275844,0.0004057795563327392,2.4042249843470457e-08,0.00019845867713755744,VILA SONIA
1373435408,1632534862,0,87.81,0,4,26.694337324944186,0.03745352523893159,0.0008593283167046492,1.694967627080588e-09,0.00020219617976999788,VILA SONIA
1373435408,1632534850,0,195.03699999999998,0,4,26.6062512685204,0.03757752366712691,0.020090140660473915,1.584590908718798e-09,0.00020216031192630285,VILA SONIA
1404734065,1963366800,0,115.46200000000002,0,4,27.0,0.037029519879124104,0.006425216621268677,2.210991015671077e-05,0.00018678246118972362,VILA SONIA
1574836607,1574836611,0,171.824,0,5,26.023949665110614,0.03841834347215723,0.04326786193147964,6.229484030107158e-14,0.0002160365976500412,VILA SONIA
1574836607,1574840006,0,270.524,0,5,25.632839456058452,0.039004537068562786,0.038303658655408995,1.230626535855678e-13,0.0002174280114384329,VILA SONIA
1574836607,1574836622,0,61.09,0,6,25.739801096001624,0.03884245387162908,0.0037722150510932162,1.4939997848794923e-13,0.000247382714635776,VILA SONIA
1574836607,8932585585,0,50.974000000000004,0,5,26.125431296935254,0.03826911124922312,0.005042324032134705,5.837314651080629e-14,0.0002077621178506491,VILA SONIA
1574836608,1574836624,0,30.262,0,4,25.31296935254719,0.03949742216377879,0.005045083264136968,1.706610312730458e-12,0.00018572223335695833,VILA SONIA
1574836608,1574836615,0,64.273,0,5,24.674243961842908,0.040519865098297275,0.004433913375635808,1.3477934350475434e-12,0.00021957698644511388,VILA SONIA
1574836608,1575978520,0,165.535,0,4,24.95575400852446,0.04006278617728149,0.00152326851724908,3.9104476053552925e-12,0.00018723467104102444,VILA SONIA
1574836609,2753810790,0,11.499,0,5,24.81124416480617,0.040296126630946054,0.008392031682881466,4.13104925305268e-12,0.00022352304278481605,VILA SONIA
1574836609,1575978517,0,72.301,0,5,24.424396184290643,0.04093436043178022,0.03288642397496687,4.086774164907718e-12,0.00022336756523994315,VILA SONIA
1574836609,1574836624,0,110.48400000000001,0,5,24.708950679926932,0.040462950033267345,0.003862407447167174,4.214864020820688e-12,0.0002235055942239605,VILA SONIA
1574836609,1575978521,0,193.541,0,5,24.361883499086666,0.041039398155476504,0.028331449295231785,1.5214985158762966e-11,0.00022073240301585418,VILA SONIA
1574836610,1574836623,0,27.06,0,4,26.77998782220418,0.03733373754215772,0.025953681117282017,4.786927254117338e-15,0.00018233700501456857,VILA SONIA
1574836610,1574836611,0,33.503,0,4,26.274812258981125,0.03805153874675565,0.07776429777976672,1.7869036278147162e-14,0.0001847123323689723,VILA SONIA
1574836610,1574836617,0,58.8,0,5,26.313984168865435,0.0379948939058535,0.05641077376625683,4.14584968525858e-15,0.00023226427618233515,VILA SONIA
1574836611,1574836618,0,72.838,0,4,26.146336513091132,0.038238513308958805,0.041314325673877744,4.038717497597913e-14,0.00018660352643691896,VILA SONIA
1574836612,8932585584,0,5.954,0,6,27.5490156281713,0.03629157027715974,0.016263948133336436,8.490245040016218e-15,0.00023952644602581044,VILA SONIA
1574836612,8932585585,0,18.692,0,5,26.991272579663082,0.03704149308949814,0.0025207308860669994,1.49467780086467e-14,0.00020297353990560052,VILA SONIA
1574836612,1574836623,0,193.644,0,5,27.265272985589608,0.036669247260600286,0.002289300301877226,5.7838755648425414e-15,0.0002087301681249193,VILA SONIA
1574836612,1574843451,0,36.364,0,6,27.70448548812665,0.03608791208791209,0.017056365073986217,5.793459030623288e-15,0.00023695786114666102,VILA SONIA
1574836614,1575978516,0,132.698,0,4,24.768012989648874,0.04036646125606398,0.0015356850612592617,1.6102762106205055e-13,0.00018626075842603982,VILA SONIA
1574836614,1574836619,0,66.222,0,4,24.56017860767201,0.04070805236017453,0.06009917714528132,1.7536224925087136e-13,0.00018330930488310297,VILA SONIA
1574836614,7194431432,0,118.32900000000001,0,5,24.153846153846153,0.04139287094768331,0.06084003093788882,1.2254396168133075e-13,0.0002162959595949009,VILA SONIA
1574836615,1574836619,0,252.555,0,5,24.57458899939111,0.040684181402224996,0.008903524315300889,6.228488890267216e-13,0.00021884235744942877,VILA SONIA
1574836615,1574840009,0,283.996,0,5,24.49543332656789,0.04081565014210077,0.008749179775174327,1.451146318176232e-12,0.0002203444952172077,VILA SONIA
1574836615,1574836616,0,52.677,0,6,24.934645829104934,0.040096700935264094,0.0042073114474499955,7.270834602043464e-13,0.000250706813545283,VILA SONIA
1574836616,1574839997,0,279.374,0,5,25.200933631012788,0.039673015745177787,0.0008846787607254365,5.00759675149857e-13,0.00021586987453355358,VILA SONIA
1574836616,1574836620,0,236.169,0,5,25.25918408768013,0.03958152540738598,0.000867261108711154,2.9303693902364193e-13,0.00022000057491627752,VILA SONIA
1574836616,1574836622,0,57.958,0,6,25.396184290643394,0.03936800210985639,0.004268704359500337,3.2566190331765663e-13,0.0002478155895625577,VILA SONIA
1574836617,1601538687,0,54.398,0,3,26.824639740207022,0.0372715923277721,0.0005871990604815032,1.0123440134630994e-15,0.00015080467193053594,VILA SONIA
1574836617,1574836621,0,110.555,0,6,26.376902780596712,0.037904262113435776,0.049507347748596026,1.1289443043299983e-15,0.0002859701617764203,VILA SONIA
1574836617,1601538755,0,168.748,0,5,26.763547797848588,0.03735667050900928,0.007121060441839269,1.075871555696214e-15,0.00023775958930194276,VILA SONIA
1574836618,3894495439,0,22.992,0,4,25.849807184899532,0.038677156451688885,0.05059534741748818,4.4580579836034586e-14,0.00020479122623399948,VILA SONIA
1574836618,1574836622,0,213.11,0,5,25.752790744875178,0.03882286182655024,0.009341552395660072,1.2749644368965671e-13,0.00021936770302603912,VILA SONIA
1574836619,1574836620,0,52.123,0,4,25.002435559163793,0.039987985745249095,0.051220658370000935,1.8879163878235122e-13,0.00018684221653882167,VILA SONIA
1574836620,3894495439,0,41.523,0,4,25.67302618226101,0.03894348214497474,0.0512092765379916,8.790470113705763e-14,0.0002049172198523288,VILA SONIA
1574836621,1670962288,0,141.101,0,3,26.89831540491171,0.03716950380296994,0.0005871990604815032,2.6782930297630503e-16,0.00015856118531245352,VILA SONIA
1574836621,1601538732,0,178.092,0,3,26.89831540491171,0.03716950380296994,0.0005871990604815032,2.7128111231590066e-16,0.00015856118531245352,VILA SONIA
1574836621,1601538701,0,89.381,0,5,26.39435762127055,0.03787919566303972,0.04911674396827573,2.926881445570137e-16,0.0002486511360764016,VILA SONIA
1574836622,1574840016,0,272.221,0,5,25.34077531966714,0.039454082368206064,0.009923060540136908,2.3623778418938004e-13,0.00021527421231223976,VILA SONIA
1574836623,1575974457,0,83.696,0,4,27.736553683783235,0.03604618829486748,0.023606264491357134,2.1829457823425004e-15,0.00017804603592095272,VILA SONIA
1574836624,1575978519,0,58.957,0,4,25.091942358433123,0.039845342479050055,0.001513956109241444,1.1862716223442093e-12,0.00018869437446186033,VILA SONIA
1574839997,1574840016,0,60.373,0,4,25.401055408970976,0.03936045257329147,0.054883021497004074,4.113335220882665e-13,0.00018216555413908298,VILA SONIA
1574839997,1574840014,0,11.195,0,4,25.150801704891414,0.03975209412676124,0.055725794421695146,1.3705386499287875e-12,0.0001855142238068384,VILA SONIA
1574840006,1574843443,0,62.664,0,4,25.89100872742034,0.03861560772939286,0.017278655702168497,9.612724657415767e-14,0.0001902389756238818,VILA SONIA
1574840006,1574840011,0,23.531,0,4,25.573371219809214,0.03909523809523809,0.055640085777624866,4.0243578111188163e-13,0.00018704379857824438,VILA SONIA
1574840007,13922894512,0,45.188,0,4,25.330018266693727,0.03947083757341688,0.003204503066627692,2.636996120147306e-11,0.0001990367539406677,VILA SONIA
1574840007,1574840010,0,27.258,0,4,24.889182058047492,0.040169943488081936,0.0549859753410885,1.7074009823235058e-11,0.00019172278433126887,VILA SONIA
1574840007,1574840008,0,81.411,0,5,24.679926933225087,0.040510534712741984,0.05781298097940664,6.950693250404934e-11,0.00022393679743462784,VILA SONIA
1574840008,1575978521,0,126.165,0,5,24.27014410391719,0.04119452412212847,0.029651741808314428,6.767127890312278e-11,0.0002187183379707654,VILA SONIA
1574840008,2753810794,0,12.145,0,5,24.639943170286177,0.04057627202411842,0.011584980465499684,9.365303174120234e-11,0.00022263751610012225,VILA SONIA
1574840009,1574840014,0,37.745,0,4,24.766795210066977,0.04036844606887057,0.06357356759213033,2.0417215782594632e-12,0.00018755747082926819,VILA SONIA
1574840009,1574840010,0,68.033,0,4,24.62208240308504,0.040605705901263674,0.055000806213100654,4.324247485892482e-12,0.00018957302771336026,VILA SONIA
1574840010,1575978520,0,124.493,0,4,25.255733712198094,0.03958693293687467,0.0002919612362394082,6.442041893944876e-12,0.00019115080169434246,VILA SONIA
1574840011,1574840016,0,34.239,0,4,25.295717475137,0.03952435971500096,0.06421577884065693,4.615548082215371e-13,0.0001851274056669769,VILA SONIA
1574840011,3667351968,0,64.73400000000001,0,4,25.13517353359042,0.0397768105877698,0.029044883219816804,1.832825393202739e-12,0.00018665798552983635,VILA SONIA
1574840014,1575956369,0,93.159,0,4,24.698193626953522,0.04048057326934455,0.009455543167753544,5.606447316024878e-12,0.00018762630970607113,VILA SONIA
1574843437,1714794651,0,119.53,0,4,26.310736756647046,0.037999583439402004,0.0022172153658181165,1.516188470861546e-13,0.00019352938409026638,VILA SONIA
1574843437,1574843444,0,68.079,0,4,26.623300182666938,0.037553459934590194,0.0026792142741969556,3.680676590564232e-14,0.0001908524973275924,VILA SONIA
1574843437,1574843443,0,220.168,0,4,26.420742845544957,0.03784136739005185,0.0007046388725778038,4.961767528937171e-14,0.00019455142660772262,VILA SONIA
1574843442,8932585591,0,8.224,0,4,29.331033083011974,0.03408666288387284,0.001925599033578991,7.519201834220576e-16,0.00018532100014136615,VILA SONIA
1574843442,1714236232,0,96.372,0,4,30.131520194844732,0.03318110172574061,0.0016660587733661682,2.0836288932205222e-16,0.00019052948514785512,VILA SONIA
1574843442,8020869869,0,114.41499999999999,0,5,29.70083214938096,0.033662256724251036,0.0003245546642661348,3.8842398661839926e-16,0.00021658420413510322,VILA SONIA
1574843443,1575974462,0,59.04,0,4,26.651918002841487,0.03751313645155886,0.017120862122039105,2.534510893740957e-14,0.00019379769844193176,VILA SONIA
1574843444,1575974466,0,60.93,0,5,27.325350111629795,0.03658862677520946,0.017510086286358268,1.0886738518559665e-14,0.0002180298499237736,VILA SONIA
1574843444,1574843449,0,103.172,0,4,27.069616399431702,0.03693428905617371,0.015647777136831176,1.7785424890000623e-14,0.0001898049593553519,VILA SONIA
1574843447,1574843451,0,67.762,0,6,28.265881875380558,0.03537116022575503,0.0023920816939615066,2.1954316970544773e-15,0.00023551804708273622,VILA SONIA
1574843447,1575974473,0,242.15199999999996,0,5,28.52993708138827,0.03504378694857257,0.00036266655629738656,8.567489712597696e-16,0.00020858274219614966,VILA SONIA
1574843447,1574843452,0,75.838,0,6,28.779581895676884,0.03473980408612312,0.0022815399618708624,1.0244183507923316e-15,0.0002303347141277068,VILA SONIA
1574843447,8932585589,0,9.026,0,5,28.784453014004466,0.03473392515917953,6.294498005161488e-05,1.0898030628682004e-15,0.00020082434195897256,VILA SONIA
1574843449,1714236239,0,62.06,0,4,26.904404302821188,0.03716109174851763,0.01787930601866103,5.1011838130739406e-14,0.00019380693689441733,VILA SONIA
1574843449,1575974467,0,62.236,0,4,27.471686624720924,0.03639372603488655,0.002545908878087645,1.2403025581398533e-14,0.00018853378620401336,VILA SONIA
1574843451,1575974457,0,217.30400000000003,0,5,28.0288207834382,0.035670321076337094,0.014272989791703852,2.1844684288933923e-15,0.00020759254714985614,VILA SONIA
1574843451,8932585590,0,8.22,0,5,28.302212299573778,0.03532575567428018,9.174446407523045e-05,2.753952377841289e-15,0.00020275051890565707,VILA SONIA
1574843452,1714236175,0,72.96,0,5,29.54130302415263,0.03384403984884919,0.0011305953129270882,5.22415551283387e-16,0.0001964801285754605,VILA SONIA
1574843452,8932585588,0,5.728,0,6,29.035518571138624,0.03443358637755316,0.0009545218207827078,1.0797390349156787e-15,0.00022847604727701233,VILA SONIA
1574843452,1575974488,0,218.013,0,6,29.034503754820378,0.034434789903042926,0.0010064298728252724,8.267178822997325e-16,0.00022627445468285725,VILA SONIA
1575956368,1575956377,0,103.643,0,5,25.066977877004263,0.03988502489777742,0.0010421274368545444,6.64856921766145e-11,0.00023070725802283183,VILA SONIA
1575956368,13922894512,0,45.858,0,5,25.300182666937285,0.03951738411924206,0.0028671869543510932,6.37031651362839e-11,0.0002384479465155445,VILA SONIA
1575956368,13922894515,0,70.249,0,5,25.302009336310128,0.03951453117605063,0.0017910864734686908,6.601977427109813e-11,0.00024022533750924492,VILA SONIA
1575956369,1575956377,0,25.238,0,4,24.799472295514512,0.040315254486974886,0.0013001156290660947,1.9967455616607345e-11,0.00018926464370180458,VILA SONIA
1575956369,1575956370,0,88.463,0,5,24.565658615790543,0.04069897137191721,0.009160995151512015,1.1637777721544229e-11,0.000223128364570294,VILA SONIA
1575956370,3667351968,0,88.693,0,5,24.874771666328396,0.040193214641231094,0.013173263386802076,8.630827278819597e-12,0.0002223805890058751,VILA SONIA
1575956370,1575956379,0,232.05099999999996,0,6,24.717272173736553,0.040449327486820716,0.018956268759544138,9.40324775828889e-12,0.0002581870402883318,VILA SONIA
1575956370,1575974458,0,194.58100000000002,0,5,24.595494215546985,0.04064960142595435,0.002668349798188047,2.9080854926947396e-11,0.00022817216482124667,VILA SONIA
1575956371,1575974458,0,73.688,0,4,24.845747919626547,0.04024016664624433,0.012950972758619797,1.2544543846447834e-10,0.00019604514559574466,VILA SONIA
1575956371,1575956380,0,133.418,0,4,24.325553074893445,0.04110069085205086,0.012354461290130658,5.989032339794932e-10,0.00019006254462613972,VILA SONIA
1575956371,1575956374,0,40.71,0,4,25.088694946214734,0.039850499951461026,0.0022949912178818928,1.29020470714048e-10,0.0001978765090274423,VILA SONIA
1575956372,5005897061,0,21.443,0,4,26.095189770651512,0.03831346104487015,0.0035971762709496842,1.6354501648378408e-12,0.00021396060490191617,VILA SONIA
1575956372,3894495401,0,78.177,0,4,25.775725593667545,0.03878831783427955,0.009853389932079779,5.921426599506097e-12,0.00021151787725542218,VILA SONIA
1575956372,1575956379,0,50.112,0,5,25.45382585751979,0.03927885113746003,0.007483899450136797,3.6355194734292466e-12,0.0002315050613647101,VILA SONIA
1575956374,13922894515,0,22.49,0,4,25.701644002435557,0.03890012003285109,0.00226291514585559,4.051965045320602e-11,0.00020499466047629278,VILA SONIA
1575956374,1575956377,0,138.202,0,4,25.103308301197483,0.039827301833705246,0.0004137123483392441,4.0985556089592745e-11,0.00019563730938955399,VILA SONIA
1575956376,1575956379,0,89.68,0,5,25.464379947229553,0.039262571435403265,0.021976765542020948,2.751863895907141e-12,0.00022488245222080763,VILA SONIA
1575956376,13337219182,0,7.804,0,4,26.435356200527703,0.03782044883951262,0.02055783048485742,5.775853056389889e-13,0.00019504840198107974,VILA SONIA
1575956376,13337219193,0,12.086,0,4,26.44793992287396,0.03780245416663469,0.0014615307011984551,5.763646705205066e-13,0.00019440694752356067,VILA SONIA
1575956379,1714794671,0,132.52,0,6,25.219200324741223,0.03964427990825319,0.01057354948467031,2.9952066552172226e-12,0.0002573644180556002,VILA SONIA
1575956380,1632534855,0,109.57300000000002,0,4,24.12705500304445,0.04143883439608325,0.06279425700349128,2.8172744858190368e-09,0.00018105876912246588,VILA SONIA
1575974457,1575974473,0,74.504,0,4,28.297950071037143,0.03533107642873537,0.037493824062744936,8.792202723007083e-16,0.00017918731318927912,VILA SONIA
1575974458,3894495401,0,190.865,0,4,25.211081794195252,0.03965704625045285,0.010121725244299815,2.6519908552506764e-11,0.00020812473882827204,VILA SONIA
1575974462,1575974471,0,89.566,0,4,27.53825857519789,0.036305746567315986,0.016150474717243388,6.556887724792532e-15,0.0001888880614190584,VILA SONIA
1575974462,8021017086,0,131.341,0,4,27.619037954130302,0.03619956054938675,0.0009333102247653143,6.037247981755355e-15,0.0001907560478855549,VILA SONIA
1575974466,1575974467,0,113.818,0,5,28.021514105946824,0.03567962219872231,0.00027212925622314597,5.486368391455214e-15,0.00021669405947248607,VILA SONIA
1575974466,1575974492,0,184.369,0,5,28.215141059468237,0.03543477009840594,0.0019293929775821021,3.8921623553625724e-15,0.0002111236973917352,VILA SONIA
1575974466,8932585586,0,56.057,0,6,28.265475948853258,0.03537166819852941,0.015827817024978808,3.959422776826947e-15,0.00023895395933894474,VILA SONIA
1575974467,8932585591,0,56.552,0,4,28.443068804546378,0.035150814548412644,0.0022356677298332474,3.1284350987321993e-15,0.00018507168448861556,VILA SONIA
1575974471,8021017086,0,157.008,0,4,27.846153846153847,0.035904313473957346,0.0015103346172384742,3.3854778136222062e-15,0.00018661438721830921,VILA SONIA
1575974471,8932585584,0,71.15599999999999,0,5,27.58067789730059,0.03624990801383472,0.01778652684258495,6.2100237675130095e-15,0.0002139739701548038,VILA SONIA
1575974473,1714236168,0,78.20400000000001,0,4,28.936066571950477,0.03455193311261994,0.03760729747883798,2.9475983912683334e-16,0.00018854306632110158,VILA SONIA
1575974486,8932667925,0,131.714,0,5,31.351126446113252,0.03189030666744353,0.001954915873603031,8.195089383348895e-18,0.00021388481030848992,VILA SONIA
1575974486,1714236170,0,212.21800000000002,0,5,31.300182666937285,0.03194221092493645,0.0002385011161955709,1.0922750221507075e-17,0.0002089615439245286,VILA SONIA
1575974486,1714236177,0,75.05600000000001,0,6,30.857925715445504,0.032400007892815566,0.015424106892647766,2.2200607420514373e-17,0.00024353757541266784,VILA SONIA
1575974486,1714236173,0,80.428,0,5,30.85589608280901,0.03240213909371362,0.01775703755056077,-2.4483118836142922e-18,0.00022266526667337862,VILA SONIA
1575974488,8932585586,0,8.713,0,6,28.959204384006494,0.03452432682468707,0.015317186652560093,1.4407648348448962e-15,0.00022851749699545596,VILA SONIA
1575974488,1714236192,0,78.426,0,6,29.499695555104527,0.03389177474285321,0.015756249444920125,5.385915012871453e-16,0.0002323173397259039,VILA SONIA
1575974488,8020869869,0,13.668,0,6,29.50152222447737,0.033889676238700005,0.001335985645095508,6.415315254451895e-16,0.00023652042214016613,VILA SONIA
1575974492,8021017086,0,15.616,0,4,28.046275624112035,0.03564812134545244,0.0021572020697689055,2.397400594100188e-15,0.00018131816823393416,VILA SONIA
1575974492,8932585588,0,65.946,0,5,28.730261822610107,0.034799440496206396,0.0012789040330487011,1.6331315842199902e-15,0.0002032466937299325,VILA SONIA
1575978516,1575978519,0,52.63,0,4,25.16054394154658,0.03973670199893519,0.001465324645201566,4.2966641426150724e-13,0.00019022542638147012,VILA SONIA
1575978517,1575978519,0,116.01,0,4,24.80840267911508,0.0403007420376173,0.00017227954814126923,1.0581879580962019e-12,0.0001885629653942255,VILA SONIA
1575978520,1575978521,0,102.179,0,4,24.6202557337122,0.04060871859130779,0.0014004826931483957,1.4927911268501276e-11,0.00018535289895403202,VILA SONIA
1583869907,1584972751,0,16.017,0,6,23.961436979906637,0.041725253688864795,0.04241750111878235,3.1388536168016197e-15,0.00023610403828881353,VILA SONIA
1583869907,1645629080,0,141.018,0,5,23.915364319058252,0.0418056368867276,0.014716363884067418,2.5159187755500572e-15,0.00020636233151459236,VILA SONIA
1583869907,1584972837,0,128.993,0,6,23.780799675258777,0.04204219582138468,0.014251778195686458,8.838631647191728e-15,0.00024125961331608636,VILA SONIA
1583869907,1601557392,0,33.438,0,5,23.85934645829105,0.04190378971545234,0.04336788409156166,2.6593378567179698e-15,0.00020786362262335007,VILA SONIA
1583869909,1583869910,0,93.323,0,5,26.277044854881268,0.03804830574586574,4.949372404058485e-05,6.99410010591679e-17,0.00020598657704931463,VILA SONIA
1583869910,1609589102,0,80.56400000000001,0,6,26.87598944591029,0.03720038061290761,0.03935130455626807,6.499524133922214e-17,0.00023904365106784691,VILA SONIA
1583869910,7279855444,0,258.505,0,5,26.796224883296123,0.03731111531906836,0.0004125051843382542,4.708741102429138e-17,0.00020946977281046536,VILA SONIA
1584972624,1584972631,0,10.739,0,6,25.34929977674041,0.039440814757878556,0.023288607907096658,1.3553117410349088e-16,0.00022515461134720732,VILA SONIA
1584972624,1955996584,0,115.77,0,5,25.046681550639335,0.03991734532636441,0.003143455058577633,1.6359500609384067e-16,0.00019686598751052757,VILA SONIA
1584972624,1584972729,0,143.91,0,6,25.058047493403695,0.039899239435935235,0.0008979575647363252,1.5954609338528055e-16,0.00022362891930994901,VILA SONIA
1584972624,1594130767,0,71.91,0,6,24.842500507408158,0.04024542684172256,0.0211836587933706,3.321934533466377e-16,0.00022428401422753557,VILA SONIA
1584972627,1584972629,0,49.957,0,5,24.45910290237467,0.040876275827732136,0.1006490231025322,1.1763639309062252e-15,0.00020982705927939703,VILA SONIA
1584972627,1955890524,0,109.193,0,4,24.693931398416886,0.04048756030805395,0.10131934402708186,3.469835041713364e-15,0.00018711408267431571,VILA SONIA
1584972627,1594130812,0,75.182,0,4,25.11568906028009,0.03980766899672714,0.004031927763306181,8.552610627686296e-16,0.00019056462605690583,VILA SONIA
1584972629,1594130767,0,69.902,0,6,24.480414045057845,0.040840691456286535,0.02368628221942275,7.509304498334159e-16,0.00022929320773392548,VILA SONIA
1584972629,1584972731,0,143.101,0,6,24.482443677694338,0.040837305699481866,0.11459797558597033,6.93353470837374e-16,0.00023927476265612395,VILA SONIA
1584972629,1584972751,0,156.394,0,6,24.370407956159934,0.04102504309878158,0.03906537914003361,1.5669931517712056e-15,0.00023375034044133275,VILA SONIA
1584972658,1584972729,0,11.007,0,6,25.499492591840877,0.039208507115794836,0.003945184407235051,1.083345346404461e-16,0.00022512580233682798,VILA SONIA
1584972729,1594130776,0,71.401,0,6,25.061294905622084,0.0398940693408489,0.003667709139007521,2.0268456853865072e-16,0.00022607543640585157,VILA SONIA
1584972729,1584972797,0,144.261,0,5,25.328597523848185,0.039473051589018704,0.0012735580210443175,8.504711476930574e-17,0.00019523580457407382,VILA SONIA
1584972731,1584972783,0,68.75,0,5,24.88431093971991,0.040177806777863874,0.11975153115819624,2.248651093264652e-16,0.00021860779854593665,VILA SONIA
1584972731,1594130853,0,77.54599999999999,0,5,25.15770245585549,0.03974119013811798,0.007651522794274248,2.4196988951953503e-16,0.0002207613224382323,VILA SONIA
1584972731,1594130776,0,70.647,0,6,24.85122792774508,0.04023129318371147,0.0011912984169768646,3.064786976688802e-16,0.00023671208624563662,VILA SONIA
1584972751,9322025384,0,49.385999999999996,0,5,24.359853866450173,0.04104281750693629,0.021426643661569846,2.64203088374118e-15,0.00020391136853151027,VILA SONIA
1584972751,1594130766,0,63.082,0,5,24.385427237669983,0.040999775275287774,0.023777681779497697,1.3227291836271545e-15,0.00020040364630257912,VILA SONIA
1584972783,1602175035,0,197.151,0,2,25.56890602800893,0.03910206543999746,0.0005871990604815032,5.127899667441227e-17,0.00010520860627122033,VILA SONIA
1584972783,1584972794,0,103.056,0,5,25.184087680129895,0.03969955352105865,0.11911552818167473,8.861695815776721e-17,0.00022222031862699656,VILA SONIA
1584972794,1594130776,0,141.498,0,6,25.170692104729046,0.039720681202425494,0.00034628361628395255,1.8839464030204266e-16,0.00024042625970648385,VILA SONIA
1584972794,1584972797,0,70.246,0,5,25.35417089506799,0.03943323727185399,0.11888996096548976,6.236749393996657e-17,0.00020896646451008412,VILA SONIA
1584972794,1963203912,0,155.017,0,3,25.78323523442257,0.03877702032526725,0.0005871990604815032,5.4795790866517874e-17,0.0001378517430125629,VILA SONIA
1584972797,1963203702,0,133.73,0,5,25.435559163791353,0.03930705947127776,0.11989880516631701,8.868887898969891e-18,0.00020184001597596158,VILA SONIA
1584972837,1962919679,0,28.500999999999998,0,5,24.137203166226914,0.04142141199421479,0.0035140544068815245,1.1439579135529273e-14,0.00021267904126474335,VILA SONIA
1584972837,1594130785,0,17.786,0,6,24.265272985589608,0.04120279369327924,0.06209910299092126,1.2110889788505243e-14,0.0002465701485280387,VILA SONIA
1584972837,1955890487,0,26.5,0,5,23.908869494621474,0.04181699335308449,0.07300703690386577,2.3193487071883328e-14,0.00021441384419824229,VILA SONIA
1584985685,1609619860,0,212.844,0,5,24.236452202151412,0.04125179000611324,0.010951564268980281,1.4248895754419815e-10,0.00022714229046193348,VILA SONIA
1584985685,1584985706,0,15.841000000000001,0,6,23.965699208443272,0.04171783297622778,0.07628879846655681,2.1555506222200058e-10,0.000260641550581,VILA SONIA
1584985685,1584985686,0,108.045,0,5,24.38258575197889,0.041004553286773826,0.0740445081367165,1.4263647705748152e-10,0.00022757636034726584,VILA SONIA
1584985686,1963219745,0,79.607,0,4,25.08179419525066,0.039861464014630435,0.06332851329992938,3.016422512436527e-11,0.00019681850912547808,VILA SONIA
1584985686,1609619910,0,46.083,0,4,25.06474528110412,0.03988857758271657,0.010667190920747097,3.0253644309023596e-11,0.00020055862499441057,VILA SONIA
1584985694,1609619870,0,35.441,0,4,25.171706921047292,0.039719079833254047,0.06081761217787044,9.757344121083686e-14,0.00019510610357436088,VILA SONIA
1584985694,1629035497,0,62.185,0,4,25.7747107773493,0.038789845029608166,0.0605021974696118,1.882952300343446e-13,0.0002016817159662731,VILA SONIA
1584985694,1629035476,0,193.602,0,4,25.373655368378323,0.03940295642157804,0.0,3.189389071734974e-13,0.00020112373404182986,VILA SONIA
1584985706,1584985711,0,49.252,0,5,24.195453622894256,0.041321690112489616,0.08020069963776456,1.4288631710297243e-10,0.0002316405976898768,VILA SONIA
1584985706,4359249477,0,123.464,0,5,23.89242947026588,0.041845767002497494,0.06735095620322779,3.2809017936380704e-10,0.00022534267269386517,VILA SONIA
1584985706,1955996578,0,596.2549999999999,0,5,23.90704282524863,0.04182018847100773,0.06426837670070007,1.1780496374253961e-10,0.0002274821724176096,VILA SONIA
1584985711,5005959052,0,18.087,0,4,25.0004059265273,0.039991232129374804,0.011191100097176701,5.4603756835899776e-11,0.00021018791985062424,VILA SONIA
1584985711,1589535601,0,141.345,0,4,24.728232189973614,0.040431399586329166,0.07853567557639925,1.7640499693396275e-10,0.00020251602269238082,VILA SONIA
1584985722,1601893366,0,37.111,0,4,27.823218997361476,0.035933909618120145,0.0008303563806808922,2.639390636544031e-12,0.00020634025819119518,VILA SONIA
1584985722,1984755317,0,125.43,0,4,27.812867870915365,0.03594728315600508,0.05327576885568613,2.4877710023483562e-12,0.00020342630019960258,VILA SONIA
1584985722,1589497894,0,72.483,0,4,26.994519991881468,0.037037037037037035,0.05443913004864008,1.0194373471707588e-11,0.0002023052171524241,VILA SONIA
1584985726,1601893377,0,74.488,0,4,28.551451187335093,0.03501738073404278,0.0019481902455975159,2.9348280487591592e-12,0.00019618108695414988,VILA SONIA
1584985726,1601893371,0,63.736000000000004,0,4,28.973817738989244,0.03450691399190215,0.050897828225736214,1.2466297495130699e-12,0.00020073034774377644,VILA SONIA
1584985726,1984755317,0,93.448,0,4,28.57174751370002,0.03499250566514886,0.05299277512345407,1.2936773190811104e-12,0.00020138447541271986,VILA SONIA
1584985736,1601893363,0,11.111,0,5,30.00852445707327,0.03331710088466845,0.05074882969761404,5.271673175365504e-14,0.0002378048039942999,VILA SONIA
1584985736,1601893360,0,65.309,0,5,29.857113862390907,0.0334860576726986,0.01828163653499094,2.8456691808448677e-14,0.0002235288285743734,VILA SONIA
1584985736,1584985761,0,71.005,0,5,29.626547594885327,0.03374666027265877,0.04165026217015321,8.046433198097999e-14,0.0002307961627035249,VILA SONIA
1584985736,1601893350,0,224.66,0,5,30.163994317028617,0.03314537942914048,0.0020902906937140383,2.848780198728777e-14,0.00022883857894690214,VILA SONIA
1584985744,8062256008,0,4.738,0,5,30.130505378526486,0.03318221928825958,0.01537202638860506,3.1522674404383577e-15,0.0002323507098955889,VILA SONIA
1584985744,1592045843,0,55.04,0,5,30.0284148569109,0.033295032105441026,0.002274986785865489,8.195666178076134e-15,0.00024147297269040097,VILA SONIA
1584985744,5618568141,0,48.959,0,5,30.568297138217982,0.03270699156762499,0.0007887954486468122,2.754752063189872e-15,0.00023093396334071192,VILA SONIA
1584985744,1601893357,0,70.38,0,5,30.060888979094784,0.03325906420903382,0.01643795220147912,4.3011736639358856e-15,0.00022520701297022472,VILA SONIA
1584985757,1586483311,0,21.744,0,4,28.961842906433937,0.03452118154104909,0.04030203243304766,1.4907442341006682e-13,0.00020523290964497685,VILA SONIA
1584985761,1592046357,0,71.405,0,4,29.250862593870508,0.03418008728897647,0.03984848367267575,8.326782878528188e-14,0.00019678358657178666,VILA SONIA
1584985761,1592046297,0,141.17,0,4,29.040592652729856,0.03442757001181133,0.012063534765892097,3.0966929649097663e-13,0.00019740031358638424,VILA SONIA
1584985765,8058769938,0,5.801,0,4,28.051755632230567,0.035641157360846824,0.013408487914994958,7.0406980187161946e-12,0.00019813704591699013,VILA SONIA
1584985765,1585032956,0,307.106,0,4,27.665719504769637,0.0361384794841133,0.012707298082419983,2.4550383728884895e-11,0.0001890994020277984,VILA SONIA
1584985765,1601893383,0,110.53999999999999,0,5,28.10777349299777,0.03557012571577116,0.0025014162620511614,1.649793815999935e-11,0.0002275998677019635,VILA SONIA
1584985768,1586483320,0,64.09899999999999,0,4,29.02537040795616,0.034445625419556945,0.032543934302686026,6.047873652523655e-14,0.00020595520985621852,VILA SONIA
1584985770,1589535616,0,78.482,0,5,24.537040795615994,0.04074643902923222,0.021722226389812225,5.792900278977998e-09,0.00021861777396743853,VILA SONIA
1584985770,1752554091,0,152.08299999999997,0,5,24.18794398213923,0.041334519274338365,0.04622679334990597,1.931127368986866e-08,0.0002094443933792297,VILA SONIA
1584985770,7931940549,0,25.075,0,4,24.277044854881268,0.04118281457701086,0.0678957320716745,4.326588342763103e-09,0.00018818202367780658,VILA SONIA
1585032956,1590315626,0,57.39699999999999,0,5,27.856910899127257,0.03589044888561832,0.031408510333754976,2.542896229139128e-11,0.00022475812248474056,VILA SONIA
1585032956,8058947104,0,34.19,0,4,27.139435762127054,0.0368392712913937,0.026668667109868305,1.0437257359626667e-10,0.00018763497076146522,VILA SONIA
1585033039,1592045769,0,211.119,0,4,30.63649279480414,0.03263418706027321,0.03249892433064912,1.7345435040672551e-12,0.00020462697978374902,VILA SONIA
1585677156,7279855415,0,5.49,0,5,28.25613963872539,0.03538335560056889,0.011342857857301143,-3.053776597526494e-17,0.00022619510130242253,VILA SONIA
1585677156,4340123485,0,4.742,0,4,28.617617211284756,0.03493641798878006,0.014792242764129639,-2.6649229469451314e-17,0.00019022816653273868,VILA SONIA
1585677156,7279855416,0,5.793,0,4,28.945402882078344,0.034540788421894064,0.0035909679989445937,-2.7191310018492363e-17,0.00018835428369357333,VILA SONIA
1585677159,1644767760,0,12.166,0,4,24.790541911913945,0.040329777392073225,0.007323519090005285,6.636902668870857e-17,0.00017072472166102337,VILA SONIA
1585677159,1585677180,0,12.048,0,5,25.136188349908668,0.03977520468969527,0.005469660088485121,8.56384344301227e-18,0.00020482290858572913,VILA SONIA
1585677159,8258471441,0,273.87,1,5,25.19098843109397,0.039688678333172196,0.012403265206170676,1.4842039757527236e-17,0.0002113889114905123,VILA SONIA
1585677170,7284584018,0,69.858,0,4,25.709356606454232,0.03888845030393937,0.058144951079678854,6.7271865448072065e-18,0.00017850873307919153,VILA SONIA
1585677170,1585677180,0,207.036,0,5,25.353562005277045,0.03943418429837412,0.04162180759012988,-7.747679726268977e-18,0.00020914676325818672,VILA SONIA
1585677170,1611051807,0,85.93100000000001,0,4,25.998376293890807,0.038456133776757696,0.01984888031227608,-6.001292418422562e-18,0.00018430286478892958,VILA SONIA
1585677180,1601513224,0,82.63300000000001,0,6,25.56078749746296,0.03911448490527085,0.0004992485404093838,-3.110663450031006e-17,0.000238161582818932,VILA SONIA
1585677180,5005884296,0,10.329,1,6,24.87071240105541,0.040199774763746754,0.04697557993451997,5.874114436282531e-17,0.0002353900345731372,VILA SONIA
1585677182,7284810859,0,12.555,0,5,25.868276841891618,0.038649541399574744,0.0006154811885046946,-3.2730637168170054e-17,0.00020470036048481768,VILA SONIA
1585677182,1601513224,0,8.231,0,6,25.78668560990461,0.038771831784086705,0.001997339065637818,-3.941883749743636e-17,0.00023745329701721653,VILA SONIA
1585677182,1601513332,0,102.08399999999999,0,5,25.831946417698397,0.03870389867529896,0.0027349162702426312,1.6391762586546142e-17,0.0002048952763505253,VILA SONIA
1585677182,5005884296,0,79.632,0,6,25.095189770651512,0.039840186341431855,0.0013528859411093663,4.3473693407274506e-17,0.00023468174877142172,VILA SONIA
1586483311,1592045703,0,9.952,0,4,28.92368581286787,0.03456672303816655,0.03926852759620019,4.9391093230237515e-14,0.00020435206032300103,VILA SONIA
1586483311,1592045843,0,51.69,0,4,29.435356200527703,0.03396585486940453,0.002107363441728038,3.417009072487723e-14,0.0002088248363124667,VILA SONIA
1586483319,1601893307,0,76.554,0,4,30.488938502131113,0.032792123499690455,0.0014998150452298483,2.7109905848666665e-15,0.00020654213544071573,VILA SONIA
1586483319,1586483320,0,49.878,0,4,29.508828901968744,0.033881284820138934,0.010917591224952424,1.2624758432634435e-14,0.000205476322751726,VILA SONIA
1586483319,8062256008,0,228.66600000000003,0,4,30.09600162370611,0.033220261257190645,0.009613509199883076,3.1500582939529158e-15,0.0001989169052900472,VILA SONIA
1586483321,8522649671,0,31.36,0,2,32.47351329409377,0.030788077276448934,0.0005871990604815032,1.168660810129704e-16,0.000123047048190198,VILA SONIA
1586483321,1601893307,0,145.845,0,4,31.48122589811244,0.03175851664646569,0.0006280701845150175,5.729837626273681e-16,0.0002183293773418076,VILA SONIA
1586483321,1601893294,0,61.591,0,4,32.02009336310128,0.031224051266773578,0.0011599121529511278,1.3092550505628726e-16,0.00021748395441314284,VILA SONIA
1589497890,1668927558,0,59.868,0,4,25.78810635275015,0.038769695729509356,0.07651471058674206,1.4168929288153735e-10,0.00020779845032427874,VILA SONIA
1589497890,1589535607,0,157.113,0,4,25.207834381976863,0.039662155089815535,0.0777958564957926,5.698192721951484e-10,0.00020435575321894612,VILA SONIA
1589497890,5005959059,0,37.42100000000001,0,4,26.024558554901564,0.038417444608221614,0.0022815399618708624,1.2602710923934534e-10,0.00022742620619337685,VILA SONIA
1589497894,1668927558,0,47.327,0,4,26.302821189364725,0.038011019028658735,0.11039601015052472,4.845611639081369e-11,0.00020243468059241094,VILA SONIA
1589497894,1601893277,0,417.56699999999995,0,4,26.74325147148366,0.03738502170547342,0.05683379852260371,1.0090161280129775e-11,0.00019896299839055814,VILA SONIA
1589497902,3893837254,0,49.761,0,4,26.02496448142886,0.03841684538896471,0.0015406861692633625,5.560107622337566e-10,0.00022006628152388663,VILA SONIA
1589497902,1668927559,0,58.334,0,4,25.78851227927745,0.03876908547143082,0.05592187234585593,5.617157803602375e-10,0.00020047575128619234,VILA SONIA
1589497902,1589535616,0,150.004,0,5,25.20824030850416,0.03966151641291133,0.05726958472696106,2.684933461328568e-09,0.00023039233364303328,VILA SONIA
1589535601,1589535607,0,62.12,0,4,24.901156890602802,0.04015062597809076,0.07799107215995267,5.993118538215266e-10,0.00020130640683392535,VILA SONIA
1589535601,8500782027,0,156.67299999999997,0,4,25.065963060686016,0.03988663967611336,0.0008717448607148307,3.0501278040578554e-10,0.00021383025742445608,VILA SONIA
1589535607,1589535616,0,228.49699999999999,0,5,24.8591434950274,0.04021848286673035,0.00015848338812995638,2.692027728969642e-09,0.0002279508517360873,VILA SONIA
1589535616,1589535619,0,143.808,0,6,24.8303227115892,0.04026516482887714,0.036037811825551005,7.167274026575927e-09,0.00025137361534564563,VILA SONIA
1589535619,1752564455,0,52.13400000000001,0,5,25.14349502740004,0.039763646050273646,0.0006701484725495217,6.283266571435343e-09,0.00021482132861322736,VILA SONIA
1589535619,1955996607,0,42.46,0,5,25.263852242744065,0.039574211689094196,0.034042714635915024,6.627575259376241e-09,0.00021474982284791223,VILA SONIA
1589535619,1752554091,0,51.998,0,6,24.457276233001828,0.040879328802250606,0.005610553372600653,2.0685647435829564e-08,0.00024179785811308328,VILA SONIA
1590278168,1963366757,0,162.06,0,4,28.235234422569516,0.035409553247313375,0.0017165872094076014,4.948795111687113e-09,0.00022129276668604247,VILA SONIA
1592045703,1592046357,0,184.42399999999998,0,4,29.373858331641973,0.03403696666090862,0.03945650027635433,4.703757175467982e-14,0.0002017505013116303,VILA SONIA
1592045703,1592045709,0,315.742,0,4,28.842703470671808,0.034663776845779266,0.00010467836408583626,7.823673338727933e-14,0.00020249225394238966,VILA SONIA
1592045709,1592046297,0,117.114,0,4,28.6754617414248,0.03486594377282636,0.00046148155237841484,3.0931425107163127e-13,0.000201482913943334,VILA SONIA
1592045709,1592046357,0,137.172,0,4,29.26466409579866,0.03416396762537538,2.1039144017252096e-05,8.291216667823994e-14,0.0002008661869287364,VILA SONIA
1592045843,8500728311,0,179.047,0,2,30.418916176172115,0.03286760879138476,0.0005871990604815032,6.784746802333188e-15,0.0001155843323084019,VILA SONIA
1592046297,8058769938,0,139.841,0,4,28.429876192409175,0.03516712594771335,0.012888372682568466,1.4611143980976212e-12,0.00020320909511407055,VILA SONIA
1594130766,1594130767,0,155.90699999999998,0,5,24.78303227115892,0.04034199793621935,0.00017659084814480448,5.08744961574351e-16,0.00019614399794345072,VILA SONIA
1594130766,1955996609,0,40.161,0,4,25.04769636695758,0.039915728060935095,0.02345640370323425,3.61822348883442e-16,0.00016965655829599544,VILA SONIA
1594130767,1594130776,0,143.556,0,6,24.860970164400243,0.04021552779818761,0.0025434945500856653,3.7427997313714643e-16,0.00022673053132343815,VILA SONIA
1594130785,1595616942,0,14.966000000000001,0,5,24.305459711792167,0.04113466886007031,0.020860483745105594,1.7897158476671242e-14,0.0002195527646882605,VILA SONIA
1594130785,2568278147,0,12.027999999999999,0,5,24.67850619037954,0.040512866906267736,0.05681258692658632,7.237197274019024e-15,0.00021538117749472346,VILA SONIA
1594130785,9322025384,0,71.305,0,5,24.461335498274813,0.04087254503364559,0.021083981537288864,6.951840313615687e-15,0.00021116270535440716,VILA SONIA
1594130812,1594130814,0,21.569,0,4,26.024152628374264,0.03841804384617185,0.001620186541328553,3.8823153204123855e-16,0.00019981948774510925,VILA SONIA
1594130812,8648948465,0,21.749,0,4,25.820174548406737,0.038721544459816376,0.0020883937217124828,2.725548694580542e-16,0.00019830269190989225,VILA SONIA
1594130814,1594130830,0,282.83,0,4,26.041607469048103,0.038392293483597933,0.00556726792056516,9.835982767246144e-16,0.00020563046117456698,VILA SONIA
1594130814,8648948465,0,10.771,0,4,26.136797239699614,0.038252469404236815,0.004517380143704251,2.9121599492602734e-16,0.00020108279402699552,VILA SONIA
1594130830,1594730785,0,80.242,0,4,26.57134158717272,0.037626893375191914,0.0016748538253733801,9.762011932752183e-16,0.00021695702706674364,VILA SONIA
1594130830,1594730797,0,112.347,0,4,26.097016440024355,0.03831077928138124,0.005354979508391083,4.470114831670575e-15,0.00020620905780723556,VILA SONIA
1594130853,8648948465,0,80.277,0,4,25.792774507814087,0.0387626789213179,0.006268285301139993,1.4334941125056264e-16,0.0001970046357537143,VILA SONIA
1594130853,1602175053,0,329.786,0,4,26.0984371828699,0.0383086937248711,0.0038625798991673154,6.971862851878761e-17,0.00020784522392175515,VILA SONIA
1594148242,12651146030,0,387.5930000000001,0,4,27.97807996752588,0.035735012477511464,0.015495157116706028,8.458985748710497e-16,0.0002271624851915109,VILA SONIA
1594148242,1601893213,0,90.244,0,4,27.68479805155267,0.03611357521462138,0.03475701082050075,1.6223852192037285e-15,0.00022692204242338534,VILA SONIA
1594148242,1635460566,0,18.685000000000002,0,4,27.667140247615183,0.036136623727222046,0.047968041195333794,4.451869688023236e-16,0.00021866439785863848,VILA SONIA
1594730785,1602175071,0,239.702,0,3,27.562005277044854,0.036274466486988025,0.0,3.0548019923176066e-16,0.00017283191722950247,VILA SONIA
1594730785,1602175071,1,147.981,0,3,27.562005277044854,0.036274466486988025,0.0010917936128952708,3.090256770369131e-16,0.00017283191722950247,VILA SONIA
1594730797,7285087859,0,8.205,0,4,26.60259792977471,0.03758268419406276,0.004514448459701848,6.0078799279845276e-15,0.000202608612337429,VILA SONIA
1594730797,1594730800,0,90.003,0,4,26.102699411406537,0.03830243841751679,0.006135324809030966,1.9954522364584982e-14,0.00020335043688535492,VILA SONIA
1594730800,1602175101,0,9.127,0,4,26.440227318855285,0.03781348112780281,0.010839470468888366,4.449265378278228e-14,0.00019955823723596207,VILA SONIA
1594730800,1598241025,0,12.649,0,4,25.934239902577634,0.038551237302196,0.011798993397675175,6.964128441592126e-14,0.0002055992046158308,VILA SONIA
1594730809,1963203876,0,24.874000000000002,0,4,24.862796833773086,0.040212573163862564,0.007761892074364751,1.148978316345028e-12,0.00020363112533335,VILA SONIA
1594730809,1598241025,0,64.897,0,4,25.365130911305055,0.03941619856930242,0.012314107522097568,2.8241171830076756e-13,0.00020661566316462543,VILA SONIA
1594730809,1963203742,0,35.708,0,4,24.888370204992896,0.04017125382262997,0.005120789692199047,4.572609238985394e-13,0.0002034968370462441,VILA SONIA
1595004946,1956003701,0,690.3820000000001,0,4,25.817130099451997,0.03872611064378425,0.007017934145754705,4.429561821782177e-18,0.00019054967679387578,VILA SONIA
1595616942,1955890521,0,23.235,0,4,24.516744469251066,0.04078017120055632,0.02031484561665817,6.072955285439209e-14,0.000192890388466534,VILA SONIA
1595616942,4358453797,0,28.512,0,4,24.699411406535418,0.04047857741548474,0.0003002389322461959,2.46383235732293e-14,0.00019165671046618817,VILA SONIA
1598241025,1598241092,0,341.934,0,4,26.018672620255735,0.038426135388551726,0.0006873936725636628,8.808774597723202e-14,0.00021537448916660458,VILA SONIA
1598241030,1602175101,0,116.44599999999998,0,4,26.426222853663486,0.03783352022242362,0.006695621357490409,1.521294574784109e-13,0.0001970688175447816,VILA SONIA
1598241030,1598241081,0,293.147,0,5,26.111020905216154,0.03829023156029196,0.00707587801780222,7.109140962819137e-13,0.00023581475241023063,VILA SONIA
1598241030,1598241092,0,246.50999999999996,0,4,26.362086462350316,0.0379255654958964,0.0004866595443990608,1.5860245630700999e-13,0.00021022995550275343,VILA SONIA
1598241081,1602175136,0,236.38300000000004,0,5,26.016034097828292,0.03843003253212254,0.0060520304929626645,2.5476709917452496e-12,0.00023761973129916622,VILA SONIA
1598241081,1602175132,0,257.548,0,6,26.567688248427036,0.037632067471867627,0.000991943904813394,8.619413468869309e-13,0.0002730029182633991,VILA SONIA
1598241081,1602175123,0,60.719,0,5,26.567282321899736,0.037632642459338256,0.005167696636237511,7.199690996500806e-13,0.00023601417870316123,VILA SONIA
1598241092,1598241133,0,42.962,0,2,26.869088694946214,0.03720993473531545,0.0005871990604815032,3.9492378479876444e-14,0.00012067060202864823,VILA SONIA
1598241144,1602175131,0,72.81,0,4,28.55774304850822,0.03500966568114624,2.75923200226257e-06,8.816753006137402e-14,0.0002065559562204396,VILA SONIA
1598241144,1602175133,0,23.979,0,2,28.56038157093566,0.03500643134802476,0.0005871990604815032,6.764668545926258e-14,0.00011536105444889339,VILA SONIA
1598241144,1602175132,0,59.693,0,5,27.56281713009945,0.036273398035375035,0.001171293984960461,3.3438221916110185e-13,0.0002431674599970272,VILA SONIA
1598423558,1632544946,0,30.282999999999998,0,5,27.302415262837428,0.03661936232056438,0.012550539214291442,1.9964479389813377e-06,0.0002237893880871274,VILA SONIA
1598423558,2070839968,0,73.777,0,5,26.572356403490968,0.03762545637860711,0.015671058156850267,5.813674727185865e-06,0.0002221863022318619,VILA SONIA
1598423602,2753810811,0,388.83899999999994,0,4,26.922873959813273,0.037135598459091285,0.045490078405301865,1.1004439147999906e-06,0.0001977175166521066,VILA SONIA
1598423602,2070839968,0,53.393,0,5,26.637710574386038,0.03753314437231416,0.017106031250026944,5.2043006661157114e-06,0.00022785145264972583,VILA SONIA
1598423602,5008404143,0,73.72200000000001,0,4,27.342601989039984,0.03656554109726315,0.029463424224160005,1.183169505934908e-06,0.0001994865606093751,VILA SONIA
1601513185,1601513257,0,116.053,0,4,27.508625938705094,0.03634485557236138,0.04458108391255649,1.3272742768472501e-18,0.00016963341177765595,VILA SONIA
1601513185,1601513204,0,138.14000000000001,0,5,28.176172112847574,0.035483778021091456,0.010271068676422275,-4.930613514542283e-18,0.00020462700262539223,VILA SONIA
1601513190,1601513209,0,40.943999999999996,0,4,28.621067586766795,0.03493220627446531,0.0035007756028706356,3.238126443315698e-18,0.00018653066036597871,VILA SONIA
1601513190,7285087850,0,121.31200000000001,0,4,29.260807793789326,0.03416847011819544,0.0457101271574823,-1.9715391863957175e-19,0.00019231345673933616,VILA SONIA
1601513191,1601513204,0,84.208,0,6,28.322305662675056,0.035300693688012384,0.008488604802960655,-2.8675647999750713e-18,0.0002428283069887699,VILA SONIA
1601513191,1601513206,0,116.73299999999999,0,5,29.113050537852647,0.03434188510875628,0.0031960529186207632,8.727748309671239e-18,0.00021146194680792059,VILA SONIA
1601513191,1611054999,0,73.012,0,5,28.829713821798254,0.034679395117006,0.009830971172061395,1.6034271560678854e-18,0.00021553267793327256,VILA SONIA
1601513191,4340075629,0,106.74,0,5,29.130302415262836,0.0343215467688556,0.000470793960386051,1.3496361639718474e-19,0.00021851619343212007,VILA SONIA
1601513201,1601513322,0,76.899,0,5,27.3381367972397,0.03657151341920636,0.0004154368683406582,-1.6628544971787026e-17,0.00022818211660103176,VILA SONIA
1601513201,1601538758,0,264.317,0,4,27.13781205601786,0.03684147545397433,0.00021159860417351085,-9.006423241164388e-19,0.0001915289577015992,VILA SONIA
1601513201,1601538697,0,384.858,0,4,26.539273391516137,0.03767235907279805,0.00016365694813419868,1.7845850036190948e-19,0.00018754133441226795,VILA SONIA
1601513204,1601513245,0,129.018,0,6,28.430079155672825,0.03516687488845262,0.009438815323739828,8.742557998655124e-18,0.00024053193782102444,VILA SONIA
1601513204,1601513257,0,63.0,0,5,27.748122589811246,0.03603115971180924,0.008011430118569373,8.928340146789312e-18,0.00020367345649656415,VILA SONIA
1601513206,1601513283,0,117.018,0,4,29.309316013801503,0.03411191978228202,0.03207107091829828,1.0650611424236303e-17,0.00017772608338647124,VILA SONIA
1601513206,1601513245,0,105.423,0,5,28.584940125837225,0.03497635581306181,0.029186638763933043,8.286548750426783e-18,0.00020926035605660587,VILA SONIA
1601513209,1601513292,0,38.323,0,4,28.530748934442865,0.03504278976460294,0.0049547184160628685,1.1500632777415034e-17,0.00019157612736250254,VILA SONIA
1601513220,1714794639,0,57.655,0,4,30.488329612340166,0.032792778399105285,0.03067541688115384,1.0717205740244764e-17,0.00019503713727953513,VILA SONIA
1601513220,1714794629,0,179.871,0,4,31.0568297138218,0.032192501486762906,0.00017107238414027935,1.1827257705086707e-17,0.00019993908594116683,VILA SONIA
1601513220,8655682609,0,60.167,0,4,30.990663689872132,0.03226123347152091,0.030621094501109294,9.679112480929459e-18,0.00020044237102695447,VILA SONIA
1601513224,1601513320,0,130.989,0,5,26.37527907448752,0.03790659556294296,0.0017560787174399845,-4.2618044389097774e-17,0.00021145230170067315,VILA SONIA
1601513224,7284810859,0,14.578,0,5,26.392125025370408,0.03788239998769553,0.00047027660438562677,-4.010163222484607e-17,0.00020610151342628156,VILA SONIA
1601513226,1601513241,0,114.501,0,4,27.47615181652121,0.03638781163434903,0.00011623264809531077,1.624002296344125e-17,0.00017532224192783288,VILA SONIA
1601513226,1601513227,0,66.589,0,4,27.398822813070833,0.03649051068936397,0.0006073759444980482,6.57691231181598e-18,0.00017891019517224483,VILA SONIA
1601513227,1601513245,0,102.848,0,5,27.942155469859955,0.03578095604738834,0.01211389074993339,1.943531288168868e-17,0.00021180192963436137,VILA SONIA
1601513227,1601538748,0,137.225,0,4,28.04302821189365,0.035652249435469865,0.012428615650191464,2.0375865584683852e-17,0.00018114990530331506,VILA SONIA
1601513241,1609589102,0,39.323,0,5,27.298153034300793,0.03662507992683906,0.032747427662852886,3.866221308955024e-17,0.00020593441806524086,VILA SONIA
1601513241,1601513245,0,74.262,0,5,27.99736147757256,0.035710402122615864,0.03220265179440617,1.8258124904808024e-17,0.00020800998719643353,VILA SONIA
1601513257,1609589102,0,88.646,0,5,27.058047493403695,0.036950080636087464,0.05275755059526119,2.804752246407288e-17,0.00020411008075204345,VILA SONIA
1601513283,1714794544,0,66.11200000000001,0,5,29.671605439415465,0.033695414249753745,0.03557081180916807,3.097242790210179e-17,0.00021446226464684234,VILA SONIA
1601513283,1601513353,0,65.56400000000001,0,4,30.062512685203977,0.03325726785400829,0.0040486556073198975,7.671811263691544e-18,0.0001865771279434981,VILA SONIA
1601513286,1601513353,0,87.413,0,4,30.608077937893242,0.03266448284551013,0.002924096114397759,5.690825395954637e-18,0.00019499032225986232,VILA SONIA
1601513286,1714794505,0,107.00400000000002,0,4,30.699614369799065,0.0325670878042008,0.0026643834021847944,1.1456301167041974e-17,0.0001979669342152479,VILA SONIA
1601513286,4340075630,0,127.95499999999998,0,4,30.44793992287396,0.03283627855509709,0.00020504542816813723,7.978795625984888e-18,0.00019821635369702417,VILA SONIA
1601513288,7279855415,0,91.798,0,5,27.785264867059063,0.035982994638343875,0.0015391341012620898,-2.480822961866645e-17,0.00022560340645413638,VILA SONIA
1601513288,7279855428,0,167.917,0,4,27.285975238481836,0.03664142578735179,0.0003476632322850838,-2.3946925815987048e-17,0.00018913235871053245,VILA SONIA
1601513288,1601513320,0,115.48499999999999,0,4,26.96813476760706,0.03707327352640135,0.001881106417542507,-2.495656516401558e-17,0.00018468408298674295,VILA SONIA
1601513292,1601513350,0,85.872,0,4,29.09579866044246,0.03436224756722821,0.0037001301150341066,-3.840887428959693e-18,0.00019762062569094724,VILA SONIA
1601513317,1601513350,0,207.243,0,4,28.995534808199714,0.0344810690111367,0.0002686802162203178,-1.3210924862013163e-17,0.00019831794234039638,VILA SONIA
1601513320,1611051807,0,106.398,0,4,26.807184899533183,0.03729586081057549,0.000451479336370213,-2.356162590799697e-17,0.00018577425942498007,VILA SONIA
1601513321,4340088651,0,37.907,0,5,29.106352750152222,0.034349787667268684,0.002670246770189602,4.1707640769713276e-17,0.0002106059957304423,VILA SONIA
1601513321,1714794544,0,29.283,0,5,29.756647046884513,0.03359911602812886,0.030882531733323674,4.4163082306558634e-17,0.00020978820591045942,VILA SONIA
1601513321,1714794603,0,92.17399999999999,0,5,29.711589202354375,0.03365006933581075,0.0331497581791828,3.9728687488228885e-17,0.00021425156947939048,VILA SONIA
1601513322,1601513354,0,185.097,0,5,27.499086665313577,0.03635746339159188,5.9151036048503846e-05,-2.5308836663611798e-17,0.00022904581827737488,VILA SONIA
1601513322,1609589080,0,86.79400000000001,0,5,27.474731073675663,0.036389693280538975,0.011277498549247549,-2.9498643138360034e-17,0.00023063430665525047,VILA SONIA
1601513332,7279855426,0,208.137,0,4,26.19788918205805,0.03816326688720686,0.0011749154769634307,1.4706916604037693e-17,0.0001783725913581676,VILA SONIA
1601513350,4340111128,0,32.661,0,4,28.90217170692105,0.03459245370467904,0.0038144657911278615,-2.1199135961592332e-17,0.0001965136975122928,VILA SONIA
1601513353,4340075629,0,105.993,0,4,29.9155672823219,0.033420627705334,0.0008053508406603877,6.3138555067309196e-18,0.00018994345697405623,VILA SONIA
1601513354,1609589081,0,89.639,0,4,27.20844327176781,0.03674583756042251,0.014047250123518745,-2.5922974552810836e-17,0.0001923857817865379,VILA SONIA
1601513354,4340123485,0,83.711,0,4,27.80596711995129,0.03595620437956205,0.013834789259344527,-2.682569973262393e-17,0.00019133352577725286,VILA SONIA
1601538697,1609230379,0,87.32000000000001,0,4,26.357012380759084,0.037932866680527644,0.05158642906230087,-2.8729019110834145e-18,0.00018834529013157496,VILA SONIA
1601538701,1601538724,0,182.77200000000002,0,2,26.85122792774508,0.03723468585595936,0.0005871990604815032,6.067880040012625e-17,0.000111352414107047,VILA SONIA
1601538717,10819498703,0,8.523,0,4,28.130302415262836,0.035541638407480626,0.006769258361550791,5.988931896484925e-17,0.000199544513891216,VILA SONIA
1601538717,1601538735,0,19.974,0,4,28.063527501522223,0.03562620688657617,0.01964193791210639,2.910425489120175e-17,0.00019562314244919184,VILA SONIA
1601538717,10819498701,0,12.854,0,4,28.586766795210067,0.034974120854544294,0.012913895578589393,3.554094095578072e-17,0.0002000086987142819,VILA SONIA
1601538735,4340088652,0,171.242,0,4,28.3797442662878,0.035229247570211765,0.0005796111724752811,2.6897517177834294e-17,0.00018859446682285326,VILA SONIA
1601538735,1601538748,0,88.00699999999999,0,4,28.05378526486706,0.03563857879772249,0.01902352503959929,2.116162107619768e-17,0.00018758050854270165,VILA SONIA
1601538748,4340088651,0,110.25099999999999,0,5,28.3941546580069,0.0352113682826059,0.007373875074046577,4.177271720057038e-17,0.000216391142366807,VILA SONIA
1601538750,1628548415,0,83.697,0,4,29.70996549624518,0.03365190837608706,0.04201154911044947,9.294804260294327e-18,0.00022735219119060155,VILA SONIA
1601538750,8655652064,0,24.196,0,4,29.734727014410392,0.03362388483512283,0.04173027989821883,1.2503970918527e-17,0.00021095983925121224,VILA SONIA
1601538750,8655652065,0,20.026,0,4,29.175360259792978,0.03426854125651318,0.0007174003205882683,7.360328611630596e-18,0.0002108426071246206,VILA SONIA
1601538755,3894495437,0,28.673000000000002,0,4,27.62857722752182,0.0361870619866888,0.0003293833202700943,2.2452410278326856e-16,0.00019895433173102448,VILA SONIA
1601538755,10819498703,0,19.489,0,4,27.559772681144715,0.036277405053502916,0.006934294925686121,2.3298833740278405e-16,0.0001981486158037136,VILA SONIA
1601538758,1628530825,0,52.852,0,4,27.651918002841487,0.03615651676074016,0.04225401662264829,-6.4297581088974385e-18,0.00019084499554151128,VILA SONIA
1601538758,7279855413,0,87.287,0,4,27.72965293281916,0.03605515868368661,0.042368179846741905,-7.667259458589164e-18,0.0001970859362824627,VILA SONIA
1601557391,1601557399,0,70.102,0,6,24.16034097828293,0.041381743644886504,0.0003564582842922958,3.2185293899018412e-15,0.0002495615934194477,VILA SONIA
1601557391,1601557402,0,103.065,0,3,24.612340166429878,0.04062177874902074,0.0005871990604815032,2.4439421116612445e-15,0.000137681153429131,VILA SONIA
1601557391,2753810780,0,158.846,0,6,24.201542520803734,0.041311293934133395,0.0038403335911490733,8.516454409842833e-15,0.000248935332425257,VILA SONIA
1601557391,1601557412,0,163.928,0,5,24.204181043231173,0.04130679054790615,0.004000196595280161,3.562144445143166e-15,0.00021671801179712062,VILA SONIA
1601557392,1601557408,0,71.291,0,4,24.25674852851634,0.04121727343468912,0.000552708660453221,1.1504194684721553e-15,0.0001777133644997571,VILA SONIA
1601557392,1601557395,0,185.529,0,4,24.016034097828292,0.04163039711984585,0.0426663493549864,9.341351911179988e-16,0.0001753402053537478,VILA SONIA
1601557393,1601557399,0,147.55399999999997,0,5,24.261619646843922,0.04120899805081272,0.0007494763926145706,2.571656051472504e-15,0.00021082724079477382,VILA SONIA
1601557393,2753810780,0,68.391,0,5,24.02212299573777,0.041619845045075494,0.008413933086899425,7.84329782669069e-15,0.00021024671263958643,VILA SONIA
1601557393,8258471433,0,57.31,0,4,24.261822610107572,0.041208653315263764,0.008153703018686035,1.8984550590775496e-15,0.00017513093953166976,VILA SONIA
1601557395,1601557399,0,72.389,0,5,24.105743860361276,0.0414754691880878,0.0002821314722313478,1.4344476717884022e-15,0.00021115117593500606,VILA SONIA
1601557395,5005884295,0,146.188,0,5,24.185711386239092,0.04133833488582866,0.04304936524730048,6.171116734796919e-16,0.00021102848185516304,VILA SONIA
1601557399,1601557408,0,174.80599999999998,0,5,24.252486299979704,0.041224517122485184,0.0005752998724717458,1.6638075125759383e-15,0.00021362750508567015,VILA SONIA
1601557408,1601557412,0,70.08,0,4,24.311751572965292,0.041124023241835304,0.00017245200014141064,1.9917527034580096e-15,0.00017976557975957148,VILA SONIA
1601557412,1962919679,0,15.211,0,4,24.22792774507814,0.041266304211240584,0.004319750151542195,6.1097735115385675e-15,0.00018021460095677736,VILA SONIA
1601893213,3893837567,0,296.109,0,2,28.209255124822405,0.03544216365559369,0.0005871990604815032,1.4432033402159154e-15,0.00012599100046320816,VILA SONIA
1601893213,1601893216,0,101.74600000000001,0,4,27.705094377917597,0.036087118964418366,0.03549303595710429,7.40133274054312e-15,0.00022432495948405314,VILA SONIA
1601893216,1601893217,0,87.048,0,4,27.651918002841487,0.03615651676074016,0.05299243021945379,3.5734133855886987e-14,0.00021459099521747992,VILA SONIA
1601893216,1635460670,0,107.74,0,4,27.857113862390907,0.03589018739253344,0.017641667162466165,7.415580592548196e-15,0.00021304358544405882,VILA SONIA
1601893217,1601893286,0,215.87599999999998,0,4,28.108179419525065,0.035569612026947986,0.0003180014882607612,5.5356926276701414e-14,0.00022341166186904985,VILA SONIA
1601893217,8953346316,0,51.986000000000004,0,4,27.553683783235236,0.0362854217462083,0.05293465879940642,1.530051328127747e-13,0.00020781928650014827,VILA SONIA
1601893246,8953346316,0,23.696,0,5,27.388065760097422,0.036504842857248726,0.05248714585903946,6.184484142316531e-13,0.0002428168531487253,VILA SONIA
1601893246,1601893277,0,51.648,0,5,27.13821798254516,0.036840924388602196,0.055367439165401294,2.2489120404487873e-12,0.0002402110393155897,VILA SONIA
1601893246,1601893296,0,134.03799999999998,0,5,27.768418916176174,0.03600482403245258,0.0020287253296635546,5.970072867974347e-13,0.0002545028505523217,VILA SONIA
1601893246,8953346417,0,24.784,0,5,27.767607063121574,0.036005876720439145,0.0012238918450035911,6.177436151720466e-13,0.00024540127301123755,VILA SONIA
1601893250,8953203255,0,134.381,0,2,30.623300182666938,0.032648245968677304,0.0005871990604815032,5.8045242187415065e-15,0.00013169503901493048,VILA SONIA
1601893271,1601893281,0,15.049999999999999,0,4,28.36350720519586,0.035249415014275795,0.0010250546888405448,4.610587327407655e-13,0.00020267382822301304,VILA SONIA
1601893271,1601893274,0,35.306,0,4,28.406332453825858,0.035196273167664584,0.0046249901917924914,4.610307385796936e-13,0.00020394267348096667,VILA SONIA
1601893271,1601893277,0,96.449,0,4,27.43413842094581,0.036443536931818184,0.0060989374370011284,2.1231634466656014e-12,0.00019920545121861205,VILA SONIA
1601893274,1601893281,0,36.926,0,4,29.263040389689465,0.034165863267188706,1.2071640009898744e-06,1.8348189162353084e-13,0.00020509626750954565,VILA SONIA
1601893274,1601893305,0,157.384,0,4,29.261822610107572,0.03416728513660672,0.004180064031427652,1.1187136442194499e-13,0.0002112721061591026,VILA SONIA
1601893281,1601893290,0,58.954,0,4,29.165212096610514,0.03428046514541013,0.0005756447764720286,1.1207534797617508e-13,0.00020546748995391308,VILA SONIA
1601893286,1601893317,0,50.86,0,2,28.553886746498883,0.035014393858620325,0.0005871990604815032,2.9313325222214277e-14,0.0001260011699850037,VILA SONIA
1601893286,1601893296,0,52.543,0,4,27.986807387862797,0.03572386885293456,0.0008560517287019624,1.277173578117857e-13,0.00022879610993558692,VILA SONIA
1601893290,1601893314,0,181.625,0,4,30.032068195656585,0.033290981833910036,0.0001477913641211889,2.9168411115714585e-14,0.00020866900174679225,VILA SONIA
1601893290,1601893338,0,250.66000000000003,0,4,29.90176578039375,0.03343605337822245,0.0,2.6301790779358632e-14,0.0002083864448125246,VILA SONIA
1601893294,1601893306,0,45.455,0,4,32.542520803734526,0.030722790123302795,0.0012825255250516708,4.785328050159176e-17,0.00020425760097709766,VILA SONIA
1601893294,1601893308,0,223.637,0,4,32.04769636695758,0.031197157676742727,0.00015210266412472417,6.691862598203473e-17,0.00020361546595023676,VILA SONIA
1601893296,1601893324,0,64.929,0,2,28.386847980515526,0.035220431568260144,0.0005871990604815032,1.1603283148307776e-13,0.00012164148426317201,VILA SONIA
1601893305,1601893314,0,61.75,0,4,30.030647452811042,0.0332925568224059,0.0030555045385055137,2.899713771563383e-14,0.00021320477269402813,VILA SONIA
1601893305,8953203255,0,21.48,0,4,29.92104729044043,0.03341450675276928,0.002163237889773855,2.5244262129549386e-14,0.00023036131663398905,VILA SONIA
1601893306,1601893322,0,51.38,0,4,33.01339557540085,0.030284586584038806,0.00040612446033302203,3.828220843325794e-17,0.00020010907718044784,VILA SONIA
1601893306,5319064171,0,17.947,0,4,33.5350111629795,0.029813529265797962,0.0019561230376040207,1.9944035222688292e-17,0.00019579993195216572,VILA SONIA
1601893307,1601893335,0,65.891,0,4,31.48102293484879,0.03175872139877633,0.0011357688729313304,5.782259307514388e-16,0.00020641710300167606,VILA SONIA
1601893308,1601893331,0,49.503,0,4,32.0008118530546,0.031242864753786438,0.0005427064444450192,1.9108083071884875e-16,0.0001971221950509668,VILA SONIA
1601893308,1601893325,0,119.068,0,4,32.53216967728841,0.03073256553909886,3.552511202913059e-05,5.56251543624029e-17,0.00019507150717056924,VILA SONIA
1601893314,1601893338,0,64.73899999999999,0,4,30.760097422366552,0.032503051697403584,0.0030503309785012713,1.483882807304654e-14,0.0002099478889030827,VILA SONIA
1601893322,1601893335,0,51.129,0,4,32.47351329409377,0.030788077276448934,0.0005571924124568977,1.4339489319690865e-16,0.00020142315627636148,VILA SONIA
1601893322,1601893351,0,146.746,0,4,33.010148163182464,0.030287565865925566,0.0004237145643474459,6.362713127834632e-17,0.00019618240402063489,VILA SONIA
1601893325,1741797591,0,105.71300000000001,0,5,33.49949259184088,0.029845139713544824,0.0005346012004383729,4.063952659473126e-17,0.00022857246737185172,VILA SONIA
1601893325,5319064171,0,139.548,0,4,33.52587781611528,0.029821651269508784,8.743316407169518e-05,2.221885946293239e-17,0.00019071872895387904,VILA SONIA
1601893331,1601893348,0,134.065,0,4,31.835802719707733,0.03140480061203022,0.0009443471527743646,8.320807680184781e-16,0.00019164772796582052,VILA SONIA
1601893331,1601893341,0,135.537,0,4,32.38420945808809,0.03087297956216274,4.207828803450419e-05,2.3523848993153913e-16,0.00019245431858162373,VILA SONIA
1601893335,1601893354,0,151.829,0,4,32.07915567282322,0.031166563326458046,0.0008512230726980029,1.9803778932451563e-16,0.00020082352464427915,VILA SONIA
1601893338,4261653111,0,68.834,0,4,30.622894256139638,0.03264867874256855,0.002916335774391395,8.216985062986034e-15,0.0002147018559805187,VILA SONIA
1601893341,1601893349,0,49.508,0,4,31.92733915161356,0.03131476231040138,0.0007080879125806321,3.2075857965030143e-16,0.00019133840234331398,VILA SONIA
1601893341,1741797591,0,82.726,0,5,32.919829510858534,0.030370662655059312,0.0003957773403245374,1.1795080936576951e-16,0.00022835078992061445,VILA SONIA
1601893348,1601893349,0,36.264,0,4,31.392530951897708,0.03184824563104913,0.0013261558810874477,9.229794060307554e-16,0.00019053181172751072,VILA SONIA
1601893348,1601893355,0,63.42400000000001,0,5,30.845747919626547,0.032412799305158016,0.002629720550156371,3.8824271694976494e-15,0.00022388002167937043,VILA SONIA
1601893349,5618568141,0,174.45299999999997,0,4,31.456667343210878,0.031783310858330055,0.00026195458821480277,7.777347798017584e-16,0.00019199631175569566,VILA SONIA
1601893350,4261653111,0,47.376000000000005,0,4,30.4934036939314,0.032787321703130305,0.0036123520469621283,7.6653103417734e-15,0.0002045293597685585,VILA SONIA
1601893350,1601893355,0,116.162,0,5,30.286178201745486,0.03301166063530358,0.0018736909815364265,8.620706406384181e-15,0.00022451704862918535,VILA SONIA
1601893351,1741797591,0,51.95,0,5,33.03693931398417,0.03026300430661105,0.003310905950714943,6.295351432539555e-17,0.00022978983377732875,VILA SONIA
1601893351,1601893354,0,49.641999999999996,0,4,32.61558757864827,0.030653963670759257,0.00418592739943246,1.0853605958291051e-16,0.00019558277238855258,VILA SONIA
1601893353,1601893361,0,152.688,0,2,31.415059874162775,0.031825406054967635,0.0005871990604815032,1.2384923673502896e-14,0.00012747389374694764,VILA SONIA
1601893354,5618568139,0,5.124,0,4,31.623097219403288,0.03161603779034318,0.005619520876608007,3.7450202836401347e-16,0.00019714220687327958,VILA SONIA
1601893355,1601893357,0,216.723,0,5,30.404505784453015,0.032883186585048366,0.0012235469410033083,5.266616624795822e-15,0.00021967314111139837,VILA SONIA
1601893355,1601893360,0,146.39700000000002,0,5,30.421351735335904,0.03286497738281094,0.002389150009959103,8.595452791482346e-15,0.00021920729825665664,VILA SONIA
1601893356,1601893359,0,51.83,0,2,31.056220824030852,0.03219313265452834,0.0005871990604815032,2.953009113208585e-14,0.00012846246258575066,VILA SONIA
1601893357,1601893360,0,123.667,0,4,29.993302212299575,0.03333401002862421,0.015557412288757077,7.465263516557037e-15,0.00018028931270264617,VILA SONIA
1601893359,1601893365,0,247.33599999999996,0,4,30.0572356403491,0.03326310671744591,0.0006149638325042703,1.4762663351055973e-13,0.00022573630242146234,VILA SONIA
1601893359,1601893361,0,99.201,0,4,30.74994925918409,0.03251377842315435,0.0005590893844584533,3.684132232021064e-14,0.0002370898120201095,VILA SONIA
1601893361,1601893363,0,89.064,0,4,30.41607469048102,0.03287067930068063,0.0017317629854200454,4.055530717968012e-14,0.0002212667207611268,VILA SONIA
1601893363,1601893365,0,79.15,0,4,29.75157296529328,0.033604846301829645,0.0501281749491051,1.5133761661748146e-13,0.0002099132111624796,VILA SONIA
1601893365,1601893371,0,161.984,0,4,29.344834584940127,0.034070631198904425,0.050791597793649106,7.043156193173633e-13,0.0002076817316394042,VILA SONIA
1601893366,1984755317,0,211.355,0,4,28.692104729044043,0.03484571962140826,0.0,1.4110223634390097e-12,0.0002061914526242758,VILA SONIA
1601893366,8932756758,0,248.909,0,4,28.21351735335904,0.03543680939226519,0.0002448818402008031,2.392287071134731e-12,0.00021546209522716923,VILA SONIA
1601893371,1601893377,0,87.794,0,4,28.981327379744265,0.03449797256129588,0.00035887261229427555,2.8534892996105023e-12,0.00019741997850516977,VILA SONIA
1601893377,1601893383,0,97.24000000000001,0,5,28.210878830931602,0.03544012374545847,0.0021527183177652287,1.2936940172470113e-11,0.00022853786625334695,VILA SONIA
1601893380,1668927559,0,30.161,0,4,26.423178404708747,0.03783787935815404,0.02521058544867268,1.2681773053656818e-10,0.00019585588538488345,VILA SONIA
1601893380,1984755331,0,205.633,0,5,27.1688654353562,0.036799366507048355,0.022863686178748222,5.609675733893813e-11,0.00023027045182023796,VILA SONIA
1601893380,1601893385,0,113.842,0,4,27.193018063730463,0.036766681594267804,0.0028540806023403457,3.360308510997586e-11,0.0001945912002369777,VILA SONIA
1601893383,1984755331,0,305.9699999999999,0,6,27.51877410188756,0.03633145259431353,8.036263206589736e-05,4.050536137466477e-11,0.00026526193911154784,VILA SONIA
1601893383,1601893385,0,261.908,0,5,27.923076923076923,0.035805403519483636,0.0007927618446500646,1.8011684516910697e-11,0.0002307917494566878,VILA SONIA
1601893385,8932756758,0,13.312,0,4,27.898112441648063,0.035837443799380156,0.0021970384818015714,8.956580615392856e-12,0.00020959576049707797,VILA SONIA
1602175023,1602175025,0,240.944,0,4,29.040795615993506,0.03442732940091135,0.0011740532169627236,7.648219710453785e-18,0.0002401487764667458,VILA SONIA
1602175023,1602175027,0,45.782,0,2,30.03998376293891,0.03328220962522043,0.0005871990604815032,6.945794635940631e-19,0.00013324807066251033,VILA SONIA
1602175023,1701823796,0,387.538,0,4,30.03957783641161,0.03328265936961589,0.0,2.3861545419088152e-18,0.00024764959701243185,VILA SONIA
1602175025,1602175032,0,61.991,0,4,28.0424193221027,0.0356530235587884,0.0029325462624046877,2.3058010015799466e-17,0.0002288158388721659,VILA SONIA
1602175025,1701823796,0,45.451,0,4,29.040795615993506,0.03442732940091135,0.0011740532169627236,6.244008256099283e-18,0.0002401487764667458,VILA SONIA
1602175032,1602175043,0,61.456,0,4,27.390501319261215,0.036501596852237445,0.002809932890304145,2.897815473292371e-17,0.00022601958245028548,VILA SONIA
1602175032,1602175046,0,268.51399999999995,0,4,27.675258778161155,0.03612602305729121,0.0012806285530501153,1.1810589937853233e-16,0.00022996439606007523,VILA SONIA
1602175043,1602175053,0,60.203,0,3,27.0280089303836,0.036991146455202864,0.0032795196866892058,2.1453083835703853e-17,0.00017123588790294789,VILA SONIA
1602175043,1602175053,1,387.82,0,3,27.0280089303836,0.036991146455202864,0.0,2.2227187990202857e-17,0.0001712358879029479,VILA SONIA
1602175046,1602175062,0,69.21199999999999,0,4,27.730058859346457,0.03605463089016732,0.0019938900256349897,5.862337672023149e-16,0.00022539056450311093,VILA SONIA
1602175046,1701823804,0,208.39799999999997,0,2,28.20824030850416,0.035443438718682996,0.0005871990604815032,1.1221718713792812e-16,0.0001268958073047336,VILA SONIA
1602175062,1602175071,0,100.592,0,4,27.948447331033083,0.035772900901947687,0.0005083884964168785,6.431921197612028e-16,0.00022151275541556703,VILA SONIA
1602175062,7285087859,0,414.7049999999999,0,4,27.45889993911102,0.03641067336831991,0.002069251549696786,2.80689912883494e-15,0.00020864825012832587,VILA SONIA
1602175084,4677494498,0,218.655,0,5,28.449157702455857,0.035143291312629756,0.002342587969920922,2.6229700329212025e-15,0.00026029527220981693,VILA SONIA
1602175084,4677494547,0,23.535,0,4,29.446722143292064,0.033952744616911584,0.001760562469443661,5.641325898605004e-16,0.0002497179030856149,VILA SONIA
1602175084,7279807028,0,65.145,0,4,29.445910290237467,0.033953680727874275,4.138848003393855e-06,6.487394901580937e-16,0.00022662635141078972,VILA SONIA
1602175089,4677494547,0,114.594,0,2,30.446113253501117,0.03283824862673991,0.0005871990604815032,1.1211761956180817e-16,0.00014677528480620664,VILA SONIA
1602175090,4677494498,0,60.816,0,6,27.45362289425614,0.03641767210787793,0.007023625061759372,1.0123295726196111e-14,0.00028611300744752106,VILA SONIA
1602175090,7285087859,0,21.719,0,5,26.97503551857114,0.037063789445171774,0.0019145621055699409,1.0277390850628434e-14,0.0002408065830369557,VILA SONIA
1602175090,4677494164,0,52.81900000000001,0,3,27.45626141668358,0.03641417240181258,0.0005871990604815032,9.058405236702567e-15,0.00015121833810780594,VILA SONIA
1602175090,1602175101,0,95.19999999999999,0,5,26.931601380150195,0.03712356434449703,0.006274838477145367,3.619890467545425e-14,0.00023801847602502273,VILA SONIA
1602175100,4677494497,0,73.31700000000001,0,2,29.44793992287396,0.033951340547246536,0.0005871990604815032,5.212220610140936e-16,0.00012128702580696912,VILA SONIA
1602175107,1602175122,0,102.40199999999999,0,2,28.56058453419931,0.035006182577921804,0.0005871990604815032,3.098023019659828e-14,0.00012277334760285542,VILA SONIA
1602175112,1602175120,0,208.69100000000003,0,3,30.550842297544143,0.032725678297148626,0.0005871990604815032,9.098977312208276e-15,0.00016463363584935577,VILA SONIA
1602175113,1602175119,0,54.273,0,2,30.554089709762533,0.032722200079713035,0.0005871990604815032,2.033309343323956e-15,0.00012581838153655423,VILA SONIA
1602175119,4677494159,0,35.093,0,4,30.551654150598743,0.032724808673469385,2.4143280019797488e-06,4.826392385370505e-15,0.00022394534481455828,VILA SONIA
1602175119,8953346310,0,18.084,0,4,29.556322305662675,0.033826841729385264,0.0011716388889607438,7.89910953942966e-15,0.00022630346184649986,VILA SONIA
1602175120,1602175131,0,68.568,0,5,29.552871930180636,0.03383079110207614,0.0011093837169096946,3.672131518471607e-14,0.00025404488825274933,VILA SONIA
1602175120,4677494160,0,30.728,0,3,30.550842297544143,0.032725678297148626,0.0005871990604815032,9.101714100265494e-15,0.00016463363584935577,VILA SONIA
1602175120,4677494159,0,150.725,0,5,30.5494215546986,0.03272720024980567,0.0006566972165384917,1.1022164501665967e-14,0.000261256065528541,VILA SONIA
1602175122,8953346310,0,61.964999999999996,0,4,28.558960828090115,0.03500817283775141,0.0029937667224548886,3.333051463647889e-14,0.00022325842791280105,VILA SONIA
1602175122,1602175123,0,7.157,0,4,27.562614166835804,0.03627366514237745,0.004162991283413652,1.6016886316385272e-13,0.00021244224807172126,VILA SONIA
1602175123,1602175126,0,213.27000000000004,0,4,27.561802313781207,0.03627473360972628,0.00043199226035423364,2.1617448949628438e-13,0.00019754933952198923,VILA SONIA
1602175126,1602175132,0,65.925,0,5,27.562005277044854,0.036274466486988025,0.0018531691935195986,3.581541951797843e-13,0.0002355568521845647,VILA SONIA
1602175126,1602175131,0,62.591,0,4,28.556931195453622,0.03501066098081024,0.0016914092173869555,1.1194394509559802e-13,0.00019907534082466962,VILA SONIA
1602175132,1602175143,0,106.66,0,5,27.01075705297341,0.03701477284681625,0.003327461342728518,7.125954802309591e-13,0.00024336249243402244,VILA SONIA
1602175136,1602175143,0,134.01000000000002,0,4,26.41485691089913,0.03784979945599557,0.003775836543096186,2.3983304721382586e-12,0.00020657454763385274,VILA SONIA
1602175136,5005959052,0,173.515,0,4,25.621270550030445,0.039022148990779174,0.010057055744246785,1.1221475112623768e-11,0.00021094673669314837,VILA SONIA
1602175143,1602175144,0,33.14,0,2,27.41181246194439,0.03647321891335575,0.0005871990604815032,4.980626298838391e-13,0.00011555506787125233,VILA SONIA
1602183977,2281426277,0,76.033,0,4,27.244367769433733,0.0366973843987693,0.04332684051552801,1.8190603097254383e-17,0.00019192604728529884,VILA SONIA
1602183977,4359249408,0,80.67,0,4,27.640755023340777,0.036171118910901266,0.00598046291290398,1.2943050456584087e-17,0.00019802180730166141,VILA SONIA
1602183981,1602183999,0,76.254,0,5,27.153440227318857,0.03682027133086669,0.0019050772455621633,4.1813331433694557e-17,0.00021774888437627637,VILA SONIA
1602183999,2281426266,0,53.493,0,5,27.933022122995737,0.035792655457544356,0.0003305904842710842,4.053745889820724e-17,0.00022878605386897943,VILA SONIA
1602183999,4359249408,0,37.762,0,5,27.92064136391313,0.03580852687820303,0.006655095137457177,2.5963371674967268e-17,0.0002351477294216378,VILA SONIA
1602183999,1602184015,0,51.399,0,5,27.69859955348082,0.03609558074609258,0.007589612526223482,3.918279961505801e-17,0.0002219773665048217,VILA SONIA
1602184004,1602184031,0,113.14,0,4,26.838441242135172,0.03725242564261569,1.7245200014141063e-07,1.8441627852788692e-17,0.00018204821291581926,VILA SONIA
1602184004,1602184018,0,58.349999999999994,0,4,26.395372437588797,0.037877739331026526,0.013329159994929911,1.813910691502246e-17,0.00018570930546862058,VILA SONIA
1602184015,1602184033,0,106.832,0,5,27.45402882078344,0.0364171336477755,7.1395128058544e-05,6.784718132118e-17,0.00021281285057165995,VILA SONIA
1602184015,2281426279,0,18.985,0,4,27.99370813882687,0.03571506253398586,0.007607030178237765,3.8481388314966416e-17,0.00018511232975991656,VILA SONIA
1602184018,1602184035,0,105.317,0,4,26.807184899533183,0.03729586081057549,0.00204648788567812,1.778559604989761e-17,0.00018935101772682382,VILA SONIA
1602184018,1611051848,0,109.529,0,4,26.13781205601786,0.03825098422904,0.01560794072479851,3.653380951372422e-18,0.00018894828291988135,VILA SONIA
1602184021,1602184033,0,50.654,0,6,27.19159732088492,0.03676860262888791,0.004483924455676818,6.131264073424848e-17,0.00024512547728296836,VILA SONIA
1602184021,1602184031,0,54.823,0,5,27.138420945808807,0.036840648862098105,0.0007098124325820461,4.107378798299717e-17,0.00021506145676082974,VILA SONIA
1602184021,2281426266,0,56.01,0,5,27.446113253501117,0.03642763649271225,0.0010535092688638776,4.7642169145564835e-17,0.00022076011756848256,VILA SONIA
1602184026,2281426279,0,33.004,0,4,27.818347879033894,0.035940201807954125,0.0074709655501261915,3.230082258735743e-17,0.00018655589659017266,VILA SONIA
1602184026,1609589075,0,36.229,0,4,27.976456261416683,0.03573708647707487,0.007503041622152494,2.5223094603060508e-17,0.00018527124093458973,VILA SONIA
1602184026,6777831192,0,103.129,0,5,27.494621473513295,0.03636336792996028,7.087777205811977e-05,5.876450581659841e-17,0.0002137081652180428,VILA SONIA
1602184031,1602184035,0,53.932,0,4,27.272579663080982,0.036659423094096984,0.000719814648590248,2.5807758392789303e-17,0.00018568992517402247,VILA SONIA
1602184033,6777831192,0,51.223,0,6,27.17475137000203,0.036791395922025544,0.004696385319851035,8.80891292388927e-17,0.00024316580787300598,VILA SONIA
1602184033,1602184039,0,104.919,0,5,27.154049117109803,0.03681944569019643,0.00013916876411411837,5.559615293806824e-17,0.00021299800416063966,VILA SONIA
1602184034,1602184042,0,102.125,0,5,27.246803328597522,0.03669410406346605,0.007657213710278915,4.6811433851802885e-17,0.00020626806114512822,VILA SONIA
1602184034,1609589075,0,16.939,0,4,27.584534199309925,0.03624484029755204,0.007626517254253744,2.0284436905685215e-17,0.00018031703867505758,VILA SONIA
1602184034,1602184038,0,54.406000000000006,0,5,27.212299573777145,0.03674063024426627,0.0002564361242102776,2.814193159514129e-17,0.0002071905608233567,VILA SONIA
1602184035,1602184039,0,51.302,0,4,27.3801501928151,0.036515396361803384,0.001742455009428813,2.4500799478526702e-17,0.0001847791148537279,VILA SONIA
1602184038,1602184045,0,100.96000000000001,0,6,26.67607063121575,0.037479171897468674,0.0006273803765144519,3.5097500991655473e-17,0.00023649645400768628,VILA SONIA
1602184038,7279959806,0,123.60699999999999,0,5,26.771057438603613,0.03734619146177815,0.00046148155237841484,1.0457538972540936e-17,0.00020923294286419574,VILA SONIA
1602184038,1609589078,0,64.182,0,5,26.547188958798458,0.03766112631691616,2.0694240016969277e-05,1.539158148112126e-17,0.00020435197829742484,VILA SONIA
1602184039,1602184043,0,52.73,0,4,27.308910087274203,0.03661065320956366,0.0017621145374449338,4.590357282889264e-17,0.0001793463838493432,VILA SONIA
1602184042,1602184046,0,101.213,0,5,26.947229551451187,0.037102034360430525,0.00021332312417492494,6.026487446770954e-17,0.00020719896939377268,VILA SONIA
1602184042,1602184045,0,51.267,0,6,26.70062918611731,0.037444699515028046,0.012639179542364126,5.585586724609098e-17,0.00023554794591678588,VILA SONIA
1602184042,6777831192,0,55.478,0,6,27.045869697584738,0.036966717946793744,0.00490712166402384,7.501857336317036e-17,0.00024016624390091478,VILA SONIA
1602184043,1602184046,0,53.721,0,4,27.178810635275017,0.03678590097826899,0.0018019509494775997,2.991356539949397e-17,0.00017659402594513802,VILA SONIA
1602184043,6777831192,0,102.969,0,5,27.195453622894256,0.03676338885903636,0.00014037592811510824,5.912489525316534e-17,0.00021067749476617875,VILA SONIA
1602184045,1602184047,0,97.22699999999999,0,5,26.572153440227318,0.037625743769143224,6.518685605345322e-05,3.401750110990135e-17,0.0002039182008183414,VILA SONIA
1602184046,1602184047,0,51.233,0,4,26.817738989242947,0.03728118306831856,0.0017584930454419643,2.3448635320237172e-17,0.00017442720322382742,VILA SONIA
1602184047,1602184050,0,59.773,0,4,26.341384209458088,0.0379553720027122,0.0020325192736666657,2.1978142360829754e-17,0.0001727841612012982,VILA SONIA
1602184050,8258471441,0,115.24600000000001,0,5,25.742439618429064,0.038838472637247407,0.013184300314811126,1.4931662618090674e-17,0.00021181573303146126,VILA SONIA
1606799200,1606799203,0,38.717,0,4,28.085244570732698,0.03559865872694687,0.016155993181247913,-1.1817638640237049e-18,0.0001974315078478182,VILA SONIA
1606799200,8015622985,0,16.936999999999998,0,4,28.1264461132535,0.03554651137618254,0.031968117074213855,-2.8750495064605283e-19,0.00019721846021695844,VILA SONIA
1606799203,1606799209,0,109.06,0,4,27.604830525674853,0.03621819144321332,0.01810038948284232,-5.872217586725701e-18,0.00019767149893760758,VILA SONIA
1606799203,2448588995,0,14.696,0,5,27.705094377917597,0.036087118964418366,0.0021408191297554715,-1.0951217236394316e-17,0.00023231888760861047,VILA SONIA
1606799209,1616603682,0,332.4719999999999,0,4,27.78343819768622,0.03598536040149318,0.00101712189683404,-7.673862598543869e-18,0.00020520659380807445,VILA SONIA
1606799209,1644767732,0,505.391,0,4,27.456870306474528,0.0364133648728563,0.016919955541874362,-9.219289760075584e-19,0.00020183187197824566,VILA SONIA
1606799217,2448588995,0,12.367,0,5,27.78648264664096,0.03598141763571554,0.0017628043454454994,-3.97767403030121e-18,0.00023423835779388843,VILA SONIA
1606799217,1606799333,0,266.246,0,4,27.77755226304039,0.035992985532661115,0.033169935063199346,6.5810816639453575e-18,0.00021022377710358344,VILA SONIA
1606799217,8015622985,0,15.495000000000001,0,4,28.19403288004871,0.035461299239806496,0.031328665057689505,-5.450809894752858e-18,0.00019550256580326016,VILA SONIA
1606799331,1606799333,0,10.829,0,4,27.774101887558352,0.035997456939704624,0.033520357527486694,1.8677334260742947e-17,0.00021675260929978073,VILA SONIA
1606799331,8009634059,0,20.789,0,4,27.81936269535214,0.035938890753359695,0.0015836267172985737,2.325453227592498e-17,0.00020643424512917902,VILA SONIA
1606799331,1635460566,0,202.70499999999998,0,4,27.73290034503755,0.03605093676814988,0.034855825816581774,1.0671948964230016e-16,0.00021350744292500588,VILA SONIA
1606799333,2324559252,0,143.45,0,2,28.28191597320885,0.03535110696472783,0.0005871990604815032,6.082451944653643e-18,0.00012097852227323614,VILA SONIA
1606799335,8009634059,0,26.985,0,4,28.319261213720317,0.035304488672605695,0.0006284150885153003,-2.6505889022626063e-18,0.00020139247407127795,VILA SONIA
1606799335,1635460130,0,67.181,0,4,28.80596711995129,0.03470798368175189,0.0010081543928266866,-5.0618234490177736e-18,0.0002028477304606566,VILA SONIA
1606799335,8974040799,0,30.468,0,4,28.29896488735539,0.035329809437061155,0.0009590055727863845,-3.4612397009994095e-18,0.00019727808387357107,VILA SONIA
1606813227,8655682611,0,2.311,0,4,32.903389486502945,0.030385837214323166,0.0010084992968269694,1.477005950385252e-17,0.0002031676373242703,VILA SONIA
1606813227,8655682607,0,8.944,0,4,33.19098843109397,0.030122544823031578,0.00040974595233599163,9.715306044249813e-18,0.0002044883570597851,VILA SONIA
1606813227,8655682612,0,3.739,0,4,32.834990866653136,0.03044913399844231,0.0007048113245779452,1.1817156205591588e-17,0.00020363081940174202,VILA SONIA
1606813228,1606813238,0,35.414,0,4,33.10330830119749,0.03020232985898222,0.000941587920772102,1.862405447276142e-17,0.0002160164921879625,VILA SONIA
1606813228,8655682607,0,111.338,0,4,32.83377308707124,0.030450263333580595,0.047259263474752594,1.190147272814419e-17,0.00020639420276300923,VILA SONIA
1606813228,1606813234,0,21.97,0,4,32.867262025573375,0.030419237110728248,0.046503751262133075,2.6452878584232307e-17,0.00020205210074538348,VILA SONIA
1606813234,1611060580,0,58.431,0,4,33.08747716663284,0.030216780557225407,0.00124941474102452,4.5711831127701893e-17,0.00019004835637499994,VILA SONIA
1606813234,1606813237,0,18.93,0,4,33.06454231784047,0.030237740088024604,0.0454631758932798,3.850462927053554e-17,0.00019450522683495,VILA SONIA
1606813237,1606813239,0,11.527,0,4,33.77288410797646,0.029603543290524583,0.0004671724683830814,3.435194001401774e-17,0.00019719572473297207,VILA SONIA
1606813237,2603672105,0,125.097,0,5,33.42013395575401,0.029916009255379232,0.04464678812461036,5.441988602669658e-17,0.00022641839288683284,VILA SONIA
1606813238,1606813239,0,77.525,0,4,33.477166632839456,0.029865043469825756,0.00023246529619062154,2.2462904381304065e-17,0.00021333603143072015,VILA SONIA
1606813238,5004121825,0,442.355,0,2,33.82261010757053,0.02956002016274213,0.0005871990604815032,8.579103457629313e-18,0.00012172823464393294,VILA SONIA
1606813239,3894495386,0,123.262,0,4,33.592449766592246,0.029762552111654884,0.0003518020802884777,3.574736494731595e-17,0.0001962976062646739,VILA SONIA
1607733715,1644767724,0,31.018,0,4,27.443677694337325,0.03643086935621048,0.024264168871896617,5.075053353969423e-18,0.00020313818836391526,VILA SONIA
1607733715,1644767732,0,74.13300000000001,0,4,27.85650497259996,0.03589097188321955,0.0003430070282812657,-5.458329245528145e-18,0.0002031069516918032,VILA SONIA
1607733715,5005847657,0,129.746,0,4,28.150395778364118,0.03551626927763398,0.024452141552050756,5.5528245551584385e-18,0.00020601697098300334,VILA SONIA
1607733723,1956003701,0,478.106,0,4,26.011771869291657,0.03843632958801498,0.041347436457904896,-2.899863820153311e-18,0.00019650133453920587,VILA SONIA
1607733723,1644767719,0,54.358999999999995,0,4,26.644611325350112,0.03752342357439937,0.017312628746196355,5.027086909837675e-18,0.00020120483909567537,VILA SONIA
1607733723,1644767724,0,82.90599999999999,0,4,26.823624923888776,0.03727300242130751,0.023998765243678985,2.598998981503611e-18,0.00020136500281309818,VILA SONIA
1609230379,4781934546,0,53.77,0,4,26.500101481631823,0.03772804558614034,0.0538295122281402,-4.221159785093241e-18,0.0001886480506025384,VILA SONIA
1609230379,1628810854,0,89.452,0,4,26.886340572356403,0.0371860586250368,0.008050404270601332,-1.1339606713125281e-17,0.00018931208730615205,VILA SONIA
1609589069,1609589072,0,16.317999999999998,0,6,28.582707529937082,0.03497908781696692,0.008669679403109136,-5.5365385680211345e-17,0.00023344241381697617,VILA SONIA
1609589072,1609589074,0,13.643,0,6,28.43332656789121,0.035162858427736254,0.000691704972567198,-7.190193767980029e-17,0.0002293452006471918,VILA SONIA
1609589072,1956812105,0,55.832,0,6,27.96306068601583,0.03575420616371739,0.008805744031220709,-5.3304336454924123e-17,0.00023687440761129016,VILA SONIA
1609589072,5312398009,0,35.487,0,5,28.362695352141262,0.035250423992615014,0.0004609641963779906,-5.137223922768666e-17,0.00020200681627359295,VILA SONIA
1609589073,7279959806,0,70.128,0,4,26.86198498071849,0.037219774988855224,0.04372192804785198,-2.540366448516601e-18,0.000183780208215683,VILA SONIA
1609589073,1609589075,0,122.177,0,4,27.508220012177794,0.03634539189717633,0.00038439550831520427,2.7540533990570606e-18,0.00018863662625578017,VILA SONIA
1609589073,2281426277,0,69.369,0,4,27.17190988431094,0.036795243359526726,0.04363639185578184,5.740365030046361e-18,0.00019217108397930974,VILA SONIA
1609589074,1611836987,0,210.24899999999997,0,6,28.666531357824233,0.0348768054375531,0.003304697678709852,-7.04030382148964e-17,0.0002305693689742394,VILA SONIA
1609589074,1956812070,0,53.185,0,5,28.170083214938096,0.03549144775710766,0.0416223249461303,-5.379606367039827e-17,0.00019940612223503718,VILA SONIA
1609589078,4781934547,0,127.723,0,5,26.38583316419728,0.03789143327461674,0.009448300183747605,1.2942615178764103e-18,0.00021060558460755428,VILA SONIA
1609589080,1609589081,0,183.932,0,4,27.097016440024355,0.03689694173339226,0.00485452380398071,-1.6917993308539112e-17,0.00019369958404672632,VILA SONIA
1609589080,1611051816,0,89.056,0,4,27.207834381976863,0.03674665990317263,0.007437164958098475,-8.053936577015481e-18,0.00019869050278596443,VILA SONIA
1609589081,1611051807,0,23.907,0,4,26.742642581692714,0.03738587290624692,0.01913855052369361,-2.6335557858205878e-17,0.00019181241757362206,VILA SONIA
1609589092,1714794476,0,144.49,0,4,29.15161355794601,0.03429645617210889,0.005814219184767659,1.760873119131348e-18,0.000191647058495748,VILA SONIA
1609619853,1629035439,0,42.683,0,4,25.010148163182464,0.03997565429093122,0.012414302134179727,6.175707267557648e-12,0.00020562713538720001,VILA SONIA
1609619853,1609619860,0,106.433,0,4,24.783844124213516,0.040340676439276066,0.011693280321588489,2.9552910633210213e-11,0.0002000462666425516,VILA SONIA
1609619853,2302446886,0,70.438,0,4,25.478384412421352,0.03924099034509129,0.0014961935532268786,6.124954081345589e-12,0.00021599008604657955,VILA SONIA
1609619856,1629035489,0,50.21,0,4,25.860564237872946,0.03866106816308912,0.0018564457815222854,8.916971687552954e-15,0.0002018209745342989,VILA SONIA
1609619856,1629035463,0,18.189,0,4,25.54962451796225,0.03913157455732704,0.0063229525851848205,9.9655446000995e-15,0.00020158914870455001,VILA SONIA
1609619856,1629035388,0,171.34300000000002,0,4,25.651715039577837,0.03897583593119491,0.004167302583417188,2.256027156000561e-14,0.0002025620266362526,VILA SONIA
1609619860,2302446876,0,18.426,0,4,24.995534808199714,0.03999902560229958,0.0014617031531985966,2.9796021115115825e-11,0.00019500706454138626,VILA SONIA
1609619870,2753810787,0,109.206,0,5,24.81611528313375,0.0402882169642346,0.0611306125581271,6.018763517240914e-14,0.00022327329954867944,VILA SONIA
1609619870,1629035495,0,35.26,0,4,25.243352953115487,0.039606348593757536,0.0020652851536935336,4.191524096042363e-14,0.000194131979465012,VILA SONIA
1609619872,1609619874,0,64.203,0,4,26.49543332656789,0.037734692783220856,0.06068482413776155,6.098236166384701e-13,0.00019932797590633142,VILA SONIA
1609619872,2302446886,0,125.709,0,4,25.88410797645626,0.0386259027216912,0.0014051388971522139,1.3333259860310295e-12,0.0002157839701032536,VILA SONIA
1609619872,1629035497,0,113.28999999999999,0,4,25.944185102496448,0.038536459433453026,0.05984067159706935,3.9898171032877843e-13,0.00020488420712111452,VILA SONIA
1609619874,1609619877,0,28.653,0,4,25.911913943576213,0.03858445342607388,0.060162294577333075,1.5411880403528947e-12,0.000193658004235398,VILA SONIA
1609619874,1609619915,0,158.179,0,5,25.919220621067588,0.038573576395414394,0.0016864081093828545,5.35418938064835e-13,0.00022525659289537623,VILA SONIA
1609619877,1609619885,0,26.996000000000002,0,4,26.02232595900142,0.03842074064830125,0.06031543195345865,1.9467359307108803e-12,0.00019232234822090015,VILA SONIA
1609619877,2302446876,0,163.00799999999998,0,4,25.50497259995941,0.03920008276103547,0.0005771968444733014,6.5341588009902e-12,0.0001955512256945876,VILA SONIA
1609619885,2302446871,0,26.135,0,4,26.023137812056017,0.03841954202283646,0.06310587776774682,2.9405822318431562e-12,0.00019340893316485797,VILA SONIA
1609619885,1609619934,0,193.268,0,5,26.1408565049726,0.03824652939532284,0.003465595394841788,1.1432119357936846e-12,0.00022540727186736245,VILA SONIA
1609619899,1609619935,0,118.294,0,4,25.840876801298965,0.03869052294255329,0.00017952253214720845,1.5237049208308099e-13,0.00018377282484755,VILA SONIA
1609619899,1609619915,0,202.988,0,5,25.66429876192409,0.03895672529419208,0.0004685520843842127,2.760524644785306e-13,0.00022034109836444266,VILA SONIA
1609619910,1609619917,0,58.158,0,4,25.3105337933834,0.03950122288601099,0.011362517385317263,8.307258676071745e-12,0.00021591346221587563,VILA SONIA
1609619910,8020887685,0,50.461,0,4,25.57479196265476,0.03909306625822375,0.0010359191648494537,7.854423709934194e-12,0.00020628831607676505,VILA SONIA
1609619915,1609619935,0,88.949,0,5,26.10980312563426,0.03829201744362305,0.00037715252430926507,2.9557753120421545e-13,0.00022086789453907698,VILA SONIA
1609619915,1609619934,0,58.201,0,6,25.983559975644408,0.03847806219292147,0.0013465052171041342,6.215124796771601e-13,0.00025817054936868206,VILA SONIA
1609619917,1609619936,0,65.60300000000001,0,2,25.83357012380759,0.03870146603604595,0.0005871990604815032,3.048033968735176e-12,0.00012201111696964924,VILA SONIA
1609619917,1609619970,0,448.195,0,4,25.249035924497665,0.039597434124853295,0.010720995944791216,1.0730540849921571e-11,0.00021471935533744568,VILA SONIA
1609619934,1609619949,0,57.051,0,5,26.427846559772682,0.03783119576069426,0.001996994161637535,6.651706775905339e-13,0.00022916354883960777,VILA SONIA
1609619934,1609619953,0,159.05599999999998,0,5,26.051755632230567,0.03837733820516216,0.0031281068305650476,9.66370634197217e-13,0.00022482926486945735,VILA SONIA
1609619935,1609619937,0,62.057,0,4,25.488532575603816,0.039225366692678884,0.0005292551884339892,2.607445642522817e-13,0.00018629219974771567,VILA SONIA
1609619937,2753810790,0,25.634,0,4,25.280089303836007,0.03954879370559191,0.04435068804036756,9.529533568369075e-13,0.00018743158757261548,VILA SONIA
1609619949,1609619955,0,69.404,0,4,26.548406738380354,0.03765939879514388,0.001631568373337886,6.634500190661857e-13,0.0002017793563802612,VILA SONIA
1609619949,1609619954,0,51.451,0,4,26.441039171909885,0.03781232009211284,0.0004114704723374058,7.600449228776584e-13,0.0002022794271554408,VILA SONIA
1609619953,1609619960,0,92.103,0,4,25.704891414653947,0.038895205609247675,0.0486223240838703,2.2733111991675595e-12,0.00019541671670553933,VILA SONIA
1609619953,2753810790,0,32.857,0,4,25.553277856707936,0.039125979936616866,0.05171852729440919,1.3326535804894042e-12,0.00018766538828174115,VILA SONIA
1609619954,1609619957,0,59.334,0,4,26.690683986198497,0.03745865176229041,0.0006598013525410371,6.862456581126725e-13,0.0002166018535067718,VILA SONIA
1609619954,8020887685,0,251.63799999999998,0,4,26.153237264055207,0.038228423756567355,0.0006889457405649355,2.732284843906867e-12,0.00020662548760282283,VILA SONIA
1609619955,1609619960,0,98.008,0,4,26.162573574183074,0.038214781657525426,0.0032810717546904785,2.1289598064010295e-12,0.00020417304245762,VILA SONIA
1609619955,1609619957,0,50.826,0,4,26.801907854678305,0.03730320401656911,0.001308220873072741,5.896538624599086e-13,0.0002161017827315922,VILA SONIA
1609619957,8643742557,0,26.113,0,2,27.40349096813477,0.036484294570313366,0.0005871990604815032,2.0427222419836404e-13,0.0001223623367344876,VILA SONIA
1609619960,1609619970,0,137.22899999999998,0,4,25.446113253501117,0.03929075638295327,0.050214573401175945,9.770966704230184e-12,0.00020314183482831178,VILA SONIA
1609619970,2753810794,0,52.2,0,4,25.052973411812463,0.03990732039275414,0.06089952687793761,4.5896007038661834e-11,0.0001965095976112804,VILA SONIA
1611051803,4359216210,0,157.001,0,4,26.24781814491577,0.03809067219288139,0.0006065136844973412,1.4321566465865317e-18,0.0001969013205056484,VILA SONIA
1611051803,1611051808,0,65.382,0,4,26.688654353562004,0.037461500437278986,0.012848708722535941,-3.4526758839465006e-18,0.00019860652987133197,VILA SONIA
1611051803,1611051832,0,58.846000000000004,0,4,26.10899127257966,0.03829320812506316,0.013550933267111764,4.79139040019693e-19,0.0001937599850722612,VILA SONIA
1611051804,1611051826,0,119.064,0,4,26.438197686218793,0.03781638402898795,1.7245200014141063e-07,1.0573611712898841e-18,0.00020031733582884996,VILA SONIA
1611051804,1611051831,0,80.85300000000001,0,4,25.676476557743047,0.03893824896449236,0.0015993198493114422,1.6800001886871577e-17,0.0001959537642978069,VILA SONIA
1611051804,1611051843,0,61.023,0,4,26.19971585143089,0.0381606061075562,0.0012613139290342773,2.1407654785245157e-18,0.00020091768021936464,VILA SONIA
1611051808,1611051819,0,132.203,0,4,27.32392936878425,0.03659052924791086,0.00018883494015484463,5.1821941585872984e-18,0.00019989791711912767,VILA SONIA
1611051808,1611051840,0,148.59900000000002,0,4,26.79135376496854,0.037317899106824946,0.01261141477034136,-4.059488888721858e-18,0.00019849458110155965,VILA SONIA
1611051812,1611051832,0,254.18,0,4,26.2673026182261,0.03806241741938973,0.0007589612526223482,1.921760080777093e-18,0.00019444242084042253,VILA SONIA
1611051812,1611051819,0,89.077,0,4,26.806373046478587,0.037296990346394096,4.05262200332315e-05,-1.96180412505008e-18,0.00019941395127944599,VILA SONIA
1611051812,1611051846,0,11.061,0,4,26.578445301400446,0.037616836703524954,0.0009307234447631931,2.1715956420720282e-18,0.00020029476381388983,VILA SONIA
1611051816,5004084823,0,129.335,0,2,27.362492388877612,0.03653896079813077,0.0005871990604815032,-8.789278546391294e-18,0.00011167595430732784,VILA SONIA
1611051817,1611051846,0,149.588,0,4,27.043840064948245,0.03696949228864122,0.00016969276813914806,3.5498851364450344e-19,0.00020203480666246076,VILA SONIA
1611051817,1611051843,0,95.86000000000001,0,4,26.920032474122184,0.03713951822671241,3.811189203125175e-05,-2.664299281246469e-18,0.0002021765162931535,VILA SONIA
1611051817,1611051826,0,62.679,0,4,26.832352344225693,0.03726087910259222,0.0005335664884375244,-3.416709076022053e-18,0.0002015761719026388,VILA SONIA
1611051819,1611051829,0,189.449,0,4,26.832961234016643,0.037260033583952315,0.00043716582035847597,-7.370248558889169e-18,0.00019870165811915896,VILA SONIA
1611051820,1611051848,0,145.761,0,5,25.680941749543333,0.03893147870070339,0.015584832156779561,1.1324442346896767e-17,0.0002213888029312824,VILA SONIA
1611051820,1611051839,0,8.392,0,6,25.247006291861172,0.039600617403048426,0.02324032134705706,4.0366199973436135e-17,0.0002511118500538893,VILA SONIA
1611051820,7285087843,0,17.858,0,5,25.959610310533794,0.03851356105798926,0.008333225550833245,1.1863790860020741e-17,0.0002223820657541517,VILA SONIA
1611051826,7280404063,0,63.711,0,4,26.936675461741427,0.03711657135107032,0.001119213480917755,-9.133224192827304e-18,0.00019895163006628918,VILA SONIA
1611051829,7285087843,0,4.606,0,4,26.572153440227318,0.037625743769143224,0.006203270897086682,-6.1947102684352e-18,0.00019357566230021885,VILA SONIA
1611051829,7280404063,0,13.01,0,4,26.623706109194234,0.03755288736420812,0.0062943255531613465,3.821348262671858e-18,0.0001972082076517459,VILA SONIA
1611051831,4359249427,0,89.241,0,4,25.745484067383803,0.038833879919273465,0.007036558961769978,2.517736849022266e-17,0.0001897655224290772,VILA SONIA
1611051831,1611051844,0,70.274,0,4,25.049320073066774,0.03991314070881071,0.00885334078325974,1.1227532994572652e-16,0.0001866184762427267,VILA SONIA
1611051832,8258471441,0,78.956,0,5,25.713415871727218,0.03888231115320862,0.01442078115582504,1.634493386367175e-17,0.0002213672662683961,VILA SONIA
1611051839,1611051844,0,166.23800000000003,0,5,24.89080576415669,0.0401673230754177,0.009245841535581589,1.166138105616917e-16,0.00021537748554983766,VILA SONIA
1611051839,4359249427,0,24.063000000000002,0,5,25.513700020296326,0.03918667366712806,0.0005677119844655238,3.9881941395919376e-17,0.00021874560413754046,VILA SONIA
1611051840,4359216210,0,66.586,0,4,26.70448548812665,0.03743929225600997,0.0004344065883562134,-4.302865197688171e-18,0.00019678937173587608,VILA SONIA
1611051840,7285087843,0,67.28099999999999,0,4,26.57398010960016,0.03762315741235775,0.013150154818783125,1.6219454222327624e-18,0.00019349357092257222,VILA SONIA
1611051843,1611051846,0,132.75,0,4,26.51309113050538,0.0377095613565031,0.0009733190887981216,-1.732193048161801e-18,0.00020192623745866078,VILA SONIA
1611051844,1645629080,0,128.59199999999998,0,4,24.41932210269941,0.04094286616686337,0.018424944147108453,5.403315225665579e-16,0.00017720604683760585,VILA SONIA
1611051848,4359216210,0,50.05800000000001,0,4,26.023949665110614,0.03841834347215723,0.0005302899004348377,5.674730714807138e-19,0.0001921253195317475,VILA SONIA
1611054999,4340075615,0,56.823,0,4,29.37832352344226,0.03403179340504466,0.007837943406427112,-1.797888911850291e-18,0.00019201411036609594,VILA SONIA
1611060580,4387319740,0,108.144,0,5,33.040998579257156,0.030259286332950434,0.00045699780037473817,6.309386216513215e-17,0.00022121791484397613,VILA SONIA
1611826282,1611826302,0,149.197,0,5,26.81997158514309,0.037278079641597676,0.0016717496893708347,4.603895295827345e-17,0.00022159588130896184,VILA SONIA
1611826302,3893837240,0,59.223,0,5,27.26283742642582,0.03667252315297341,0.0005946144964875838,4.648601319412009e-17,0.00023555960340889114,VILA SONIA
1611826302,1768208193,0,67.991,0,6,26.889790947838442,0.03718128707938952,0.0007299893165985912,4.547710350672402e-17,0.00027233707546755185,VILA SONIA
1611826302,1611826339,0,212.68099999999998,0,5,26.686218794398215,0.03746491941924051,0.0008522577846988513,5.902744195045601e-17,0.00022619142337892325,VILA SONIA
1611826312,1768208193,0,23.891,0,3,27.387862796833772,0.0365051133837261,0.0005871990604815032,1.8974012524984666e-17,0.00015161693580491024,VILA SONIA
1611826339,1768208176,0,51.806,0,4,26.57093566064542,0.03762746820456021,0.012559334266298653,2.08639138051926e-17,0.0001854389661169559,VILA SONIA
1611826339,3893837244,0,55.321,0,4,26.803734524051148,0.0373006618103618,0.011625506685532914,1.786336053712829e-17,0.00018719398926283815,VILA SONIA
1611836987,7177776653,0,75.361,0,5,29.01745484067384,0.03445502171799481,0.010042224872234624,-3.5620644174717875e-17,0.0002074462090411493,VILA SONIA
1611836987,1628810852,0,84.099,0,6,28.44225695149178,0.03515181788989189,0.0024253649299887992,-5.133354677557103e-17,0.0002374691473603758,VILA SONIA
1611836988,1628530823,0,151.698,0,5,29.097016440024355,0.03436080942515747,0.002761301426264267,-1.1516799926173654e-17,0.00023613229805988836,VILA SONIA
1611836988,8672239979,0,12.802,0,4,30.089303836005683,0.03322765598650927,0.002565568406103766,-6.762432596171048e-18,0.00019771682179057514,VILA SONIA
1611836988,8672239981,0,12.907,0,4,30.089303836005683,0.03322765598650927,0.0006549726965370776,-5.108303959931005e-18,0.0001976270142280926,VILA SONIA
1616603650,1616603664,0,153.342,0,4,29.148163182463975,0.034300515970002714,0.02442851562803138,8.217026421093159e-18,0.00022107982422106242,VILA SONIA
1616603650,5005847664,0,55.313,0,4,28.936878425005073,0.03455096372359229,0.025341993872780435,9.647247036114876e-18,0.00021159624056251656,VILA SONIA
1616603650,1616603682,0,60.69,0,4,28.489141465394763,0.03509396862488067,0.0011388730089338759,8.893791885618647e-18,0.00021082727592066172,VILA SONIA
1616603654,1616603682,0,164.334,0,4,28.157499492591842,0.035507309056310006,0.00036715030830106323,4.004899244554578e-18,0.00021201210765242197,VILA SONIA
1616603654,1616603661,0,151.145,0,4,28.337324944185102,0.035281983698377,0.024894825836413757,8.093618791609876e-18,0.0002156779454368084,VILA SONIA
1616603654,1616603664,0,59.462,0,4,28.796021920032473,0.0347199706790341,0.02445748756405514,1.523649463358725e-17,0.00022226465595282267,VILA SONIA
1616603661,1635460620,0,180.445,0,4,28.387253907042826,0.03521992792998913,0.0006951540125700262,1.0434788971819525e-17,0.0002160233608864883,VILA SONIA
1616603661,1635460321,0,144.76600000000002,0,4,28.85894053176375,0.03464427377837792,0.024310213555934372,4.974126494667212e-18,0.00022191927594137427,VILA SONIA
1616603664,1616603685,0,283.735,0,2,29.79094783844124,0.033560430576372806,0.0005871990604815032,3.805847552565259e-18,0.00012425800177464022,VILA SONIA
1616605357,1616605382,0,234.437,0,2,36.74020702252892,0.027212613040620046,0.0005871990604815032,-4.2123086571882106e-18,0.0001606616893716952,VILA SONIA
1616605363,5747516566,0,134.315,0,2,35.74122183884717,0.027973219305269255,0.0005871990604815032,-5.84229213883278e-18,0.00014925743137266106,VILA SONIA
1616605363,1616605382,0,66.303,0,4,35.74081591231987,0.027973537011272323,0.001760562469443661,-3.1505746253783913e-19,0.00029107257643176747,VILA SONIA
1616605363,5005847668,0,256.686,0,4,34.742236655165414,0.028777566817584345,0.0029325462624046877,-2.2948263761997638e-18,0.0002738482753579686,VILA SONIA
1616605366,5005847669,0,126.942,0,2,33.74568703064745,0.029627402038913783,0.0005871990604815032,-1.491999031445844e-18,0.0001388707171055495,VILA SONIA
1616605381,5005847670,0,92.179,0,2,30.75786482646641,0.03250541096975136,0.0005871990604815032,4.700386268084508e-19,0.00012946322469057476,VILA SONIA
1616605382,5005847638,0,60.412,0,2,36.74020702252892,0.027212613040620046,0.0005871990604815032,-5.6252660530993425e-19,0.0001606616893716952,VILA SONIA
1628149532,5391562960,0,186.01299999999998,0,2,25.103714227724783,0.03982665782707825,0.0005871990604815032,5.455229544569724e-15,0.00010810457807828891,VILA SONIA
1628530823,1628810865,0,87.114,0,5,28.31763750761112,0.035306512998043306,0.007483726998136655,-2.0282858338246824e-17,0.00023301996650023726,VILA SONIA
1628530823,1628810886,0,88.333,0,5,28.81408565049726,0.03469820451231624,0.009700769911954631,-3.5010147074154566e-18,0.00023323494753263755,VILA SONIA
1628530823,4340020216,0,28.642,0,3,29.100466815506394,0.03435673534293964,0.0005871990604815032,-6.363141009683677e-18,0.00014954266430388887,VILA SONIA
1628530825,1628530842,0,254.315,0,5,28.277856707935864,0.035356181589808,0.0008826093367237396,-8.832675217653194e-18,0.00022082254467117608,VILA SONIA
1628530825,1628530828,0,32.024,0,4,28.34990866653136,0.03526632302405498,0.04241318981877881,-6.31682003675466e-19,0.00018921483088368758,VILA SONIA
1628530828,1628530830,0,27.661,0,4,28.85325756038157,0.03465109735509285,0.042504072022853334,-1.1527585760715245e-17,0.00018840199881352675,VILA SONIA
1628530828,1628810911,0,274.738,0,4,28.98619849807185,0.034492175191681546,0.009127194559484299,3.112300429696427e-18,0.00019133957269536493,VILA SONIA
1628530830,1628530844,0,258.596,0,5,29.329815303430077,0.0340880781686827,0.004866940347990891,-2.170644920744258e-17,0.00021915267474099674,VILA SONIA
1628530830,1628810945,0,50.662,0,4,29.226507002232594,0.034208570892853424,0.03755556187879556,-5.022234885522539e-18,0.00018713530319057768,VILA SONIA
1628530837,1628530849,0,99.632,0,4,29.517759285569312,0.03387103428359256,0.001911285517567254,8.307788799952066e-18,0.00018205924446092789,VILA SONIA
1628530837,1628530842,0,57.156,0,5,28.93525471889588,0.034552902556045005,0.001888176949548305,-8.68855004365718e-18,0.0002181878616154571,VILA SONIA
1628530837,1986582532,0,175.097,0,4,29.513700020296326,0.033875692849381765,0.0007562020206200856,4.459709305551121e-18,0.00018420994918002417,VILA SONIA
1628530842,1628530850,0,114.267,0,5,28.761721128475745,0.034761377188463685,0.00045182424037049584,-1.2836187490508771e-17,0.00021766638752956702,VILA SONIA
1628530842,1628530844,0,61.439,0,6,28.76578039374873,0.03475647185826471,0.0010819638488872103,-1.9141069442979488e-17,0.00025227245989099025,VILA SONIA
1628530844,1628530852,0,128.298,0,5,29.165415059874164,0.03428022658631296,0.004878839536000648,-2.546990610384004e-17,0.00021749798924552326,VILA SONIA
1628530844,1628530846,0,66.266,0,6,29.11853054597118,0.03433542208312713,0.0007174003205882683,-2.2781184088315723e-17,0.00025770593335199996,VILA SONIA
1628530846,3894495456,0,33.546,0,3,29.78039374873148,0.03357232430074696,0.0005871990604815032,-8.614219012978954e-18,0.00014364138464621572,VILA SONIA
1628530846,1628810945,0,264.168,0,5,29.659021717069212,0.03370971053171833,0.002777684366277701,-1.5458714556808874e-17,0.0002268238843445768,VILA SONIA
1628530848,1628530851,0,71.647,0,6,29.742439618429064,0.033615165721538685,0.0006332437445192599,1.0111731506283039e-17,0.0002550885165550104,VILA SONIA
1628530848,1986582532,0,226.937,0,5,29.523239293687844,0.0338647472518407,0.00037404838830671966,1.0953568625567727e-17,0.0002204698982912216,VILA SONIA
1628530848,1628530849,0,56.138,0,5,29.52668966916988,0.03386078994762095,0.0034847375668574845,1.4952509004351343e-17,0.00021816762915670347,VILA SONIA
1628530849,1628530850,0,59.59,0,4,29.380962045869698,0.03402873722022658,0.001916803981571779,9.351589245679496e-18,0.0001815520145074262,VILA SONIA
1628530850,1628530852,0,59.999,0,4,29.19951288816724,0.03424019573770036,0.002010445417648565,-3.2291347951628157e-18,0.00018202365085194804,VILA SONIA
1628530851,1628530853,0,63.13,0,5,30.407144306880454,0.03288033320873605,0.0008601905767053563,7.909295048313003e-18,0.00022272235699921989,VILA SONIA
1628530851,1628530865,0,206.948,0,5,30.120154252080372,0.033193622727456504,0.001075065768881554,5.1889688432208365e-18,0.00022258342482719276,VILA SONIA
1628530851,5004077412,0,57.994,0,5,29.90704282524863,0.03343015364569195,0.00166260973336334,-2.4890640557530715e-18,0.00022141778304418338,VILA SONIA
1628530853,1628530867,0,235.685,0,4,31.07590826060483,0.03217273742578913,1.379616001131285e-06,3.1366228800856157e-18,0.00019020093606104865,VILA SONIA
1628530853,1628530866,0,62.567,0,4,30.858534605236454,0.03239936858721389,0.0005175284524243733,2.0692332691801138e-18,0.00019042800071538608,VILA SONIA
1628530865,1628530867,0,75.541,0,4,30.755632230566267,0.03250777058462513,0.0011307677649272296,1.3138587317811783e-18,0.00019005196089278686,VILA SONIA
1628530866,5004077412,0,154.42899999999997,0,4,30.241120357215344,0.03306084645431482,0.006866693741630688,3.583046195020236e-19,0.00018922268850215756,VILA SONIA
1628530866,1986582478,0,116.42800000000001,0,4,30.825045666734322,0.03243456790123457,0.007089156821813108,7.566806306005715e-18,0.00019545487768761154,VILA SONIA
1628530867,1628530869,0,61.59,0,4,31.46823624923889,0.03177162611903717,0.0008922666487316586,2.75786335034288e-18,0.00019285456859407775,VILA SONIA
1628530869,1714794545,0,59.35999999999999,0,5,31.22833367160544,0.03201570238265459,0.0009239978167576782,1.4259959372411085e-18,0.00023544578922796267,VILA SONIA
1628530869,1986582478,0,138.59300000000002,0,4,31.170692104729046,0.03207490656213781,0.000803798772659115,6.240136297351832e-19,0.00019557280554823736,VILA SONIA
1628530882,1714794545,0,45.644999999999996,0,4,31.538867464988837,0.03170047364085667,0.0003850853163157699,-7.738388569238804e-18,0.00019345506329254778,VILA SONIA
1628530882,1714794545,1,165.59900000000002,0,4,31.538867464988837,0.03170047364085667,0.0,-7.536726776317057e-18,0.00019345506329254778,VILA SONIA
1628530882,1714794633,0,180.41299999999998,0,4,31.934036939313984,0.03130819440825224,0.0003552511202913059,5.358764655298545e-18,0.00019805322078448874,VILA SONIA
1628530891,4340029381,0,76.21600000000001,0,4,30.53176375076111,0.03274612776706774,0.008667437527107299,-6.8764144619962974e-18,0.00019663574801415335,VILA SONIA
1628530891,1714794633,0,108.286,0,4,31.192815100466817,0.032052157957406936,0.002758714646262146,-3.974990621066689e-18,0.00019968256171982695,VILA SONIA
1628530897,8656052862,0,18.277,0,4,32.85549015628171,0.030430136089301268,0.019140102591694883,6.697589172676243e-18,0.00020316419255059416,VILA SONIA
1628530897,1986582434,0,21.236,0,4,32.844124213517354,0.030440666654307485,0.02307252555091947,-8.565652673907109e-18,0.00020408470180752265,VILA SONIA
1628530897,8656052861,0,7.042999999999999,0,4,33.1832758270753,0.03012954603838673,0.0038004971791164074,-4.290347591788485e-19,0.0002031466035118591,VILA SONIA
1628548415,1714236216,0,336.713,0,2,30.52729855896083,0.032750917504388063,0.0005871990604815032,3.3310356984808383e-18,0.0001293799563470418,VILA SONIA
1628548415,1628548424,0,266.505,0,4,30.29855896082809,0.032998171234115525,0.041216890293797846,7.755728576739731e-18,0.0002398059717802772,VILA SONIA
1628548424,3894495398,0,27.857,0,2,31.02557337121981,0.03222493343712998,0.0005871990604815032,4.394703813564448e-18,0.00012927255974582417,VILA SONIA
1628548424,8655652059,0,42.873,0,4,30.477775522630402,0.03280413414666631,0.04123482530181256,3.0234049917248282e-18,0.00022655106504890015,VILA SONIA
1628810837,1628810852,0,228.257,0,5,27.8311345646438,0.03592368950730725,0.0012761448010464387,-2.6939507708113656e-17,0.0002108583475706016,VILA SONIA
1628810837,1956812070,0,33.579,0,4,27.662878019078548,0.03614219156975678,0.04496703148887296,-2.5387098489391165e-17,0.00017437608779162882,VILA SONIA
1628810837,1628810841,0,76.985,0,4,27.61741424802111,0.03620168882421677,0.04588602819762654,-1.6181343354948304e-17,0.00018544909399688262,VILA SONIA
1628810841,3835080818,0,26.71,0,4,27.4221635883905,0.036459451257873275,0.04626559504993778,-1.8100350520938075e-17,0.0001924859390343408,VILA SONIA
1628810841,3835080822,0,22.829,0,4,28.156484676273596,0.03550858881111824,0.00011450812809389666,-1.1749523093849591e-17,0.00019299743103982133,VILA SONIA
1628810846,1628810851,0,78.384,0,5,28.15993505175563,0.03550423802110361,0.006969475133714969,-2.8470670315104196e-17,0.000228246150923615,VILA SONIA
1628810846,3835080818,0,15.872,0,4,27.64258169271362,0.036168728661110906,0.03817794114730591,-1.0119598446090686e-17,0.00019173895413127586,VILA SONIA
1628810846,3835080822,0,19.911,0,4,28.401664298761926,0.03520205809840283,0.03099721231341771,-1.099242941190491e-17,0.0001922504461367564,VILA SONIA
1628810851,1628810854,0,137.882,0,5,27.72153440227319,0.036065717800035146,0.00010002216008201817,-2.4938085922060517e-17,0.00022709379176592625,VILA SONIA
1628810851,8672269412,0,49.726,0,5,28.45544956362898,0.03513552068473609,0.00020418316816743018,-8.483827288789063e-18,0.00022896697448141303,VILA SONIA
1628810851,1628810853,0,81.911,0,5,28.548000811853054,0.03502161301330907,0.006655784945457743,-1.6336566371271846e-17,0.00022818857384078383,VILA SONIA
1628810852,1628810870,0,177.177,0,6,28.307692307692307,0.035318917058621085,0.0010517847488624634,-1.5400313096942018e-17,0.00024100411667032183,VILA SONIA
1628810852,8672257865,0,74.334,0,5,28.53196671402476,0.03504129409505111,0.002440885610001526,-1.802713321078041e-17,0.00021513361638365102,VILA SONIA
1628810853,1628810865,0,144.03,0,4,28.475339963466613,0.035110978060984475,0.0001151979360944623,-1.8674361214098873e-17,0.0001900271023834816,VILA SONIA
1628810853,8672240005,0,56.989999999999995,0,4,29.389689466206615,0.034018632210658616,0.006461086637298091,-1.611114464224465e-17,0.00019449534706588592,VILA SONIA
1628810854,1628810865,0,85.925,0,4,27.71848995331845,0.036069679063330626,0.007711880994323742,-8.05762389630954e-18,0.00018898962608658904,VILA SONIA
1628810862,1628810867,0,24.455,0,4,29.46153846153846,0.033935669654236444,0.003109826918550058,3.762982202391187e-18,0.00018332052511481776,VILA SONIA
1628810862,1628810870,0,86.042,0,5,28.983762938908058,0.034495073632906874,0.007862431590447194,-8.633250994866775e-18,0.00021210529317146297,VILA SONIA
1628810862,7177776646,0,71.039,0,4,29.635072051958595,0.033736953127140236,0.011098320921100623,-6.946752813505665e-18,0.0001857268202799176,VILA SONIA
1628810867,4340171595,0,86.35600000000001,0,4,29.42581692713619,0.03397686593415689,0.0002602300682133886,5.3709117414576094e-20,0.00017842618904286093,VILA SONIA
1628810867,1628810876,0,78.725,0,4,29.87822204181043,0.03346240065212961,0.002722154822232167,-3.5006749971055246e-18,0.0001839512337858746,VILA SONIA
1628810870,1628810878,0,84.123,0,6,28.755835193829917,0.03476849237718803,0.008342710410841022,-7.623409754402146e-18,0.00024071323977647408,VILA SONIA
1628810870,4340171595,0,25.386,0,5,28.776334483458495,0.03474372447648134,0.00037853214031039633,-1.6437844415429627e-18,0.0002068868942238685,VILA SONIA
1628810873,1628810886,0,199.576,0,4,29.25979297747108,0.034169655181981506,0.0001408932841155325,-5.826717817444417e-18,0.00019322993088105218,VILA SONIA
1628810873,1628810880,0,75.05,0,4,29.646235031459305,0.03372424983055721,0.003153629726585976,2.637856758899043e-18,0.0001944914492498097,VILA SONIA
1628810873,8672240006,0,62.015,0,4,29.96042216358839,0.03337059241946957,0.0034171363828020516,-4.6163786040556314e-18,0.000198782140893019,VILA SONIA
1628810876,1628810894,0,158.654,0,5,30.200121777958188,0.03310572864861959,0.0002850631562337518,3.568813730175808e-18,0.00021625260442518655,VILA SONIA
1628810876,6096240273,0,142.487,0,4,30.443880657600975,0.03284065681313626,0.0024545093180126975,-9.084928280971553e-18,0.00018613631802250015,VILA SONIA
1628810878,1628810888,0,85.415,0,5,29.337324944185102,0.03407935245079387,0.009646447531910086,-3.223575799635095e-18,0.00020927504381776607,VILA SONIA
1628810878,4114133850,0,192.008,0,5,29.41952506596306,0.03398413245946878,0.028394739179283684,-7.35716959148272e-18,0.0002147296539957114,VILA SONIA
1628810878,1628810881,0,27.39,0,6,29.14674243961843,0.034302187930866396,0.02750298988655245,1.3016272499007253e-18,0.0002388049827213525,VILA SONIA
1628810880,1628810901,0,138.959,0,4,29.775725593667545,0.03357758767594833,0.00033783346827702344,-6.636998902084075e-18,0.0001942536279147523,VILA SONIA
1628810880,1628810888,0,63.629000000000005,0,4,29.395372437588797,0.03401205543012201,0.0031029288385444015,-1.189550174234053e-18,0.00018438953451274586,VILA SONIA
1628810881,1628810898,0,91.595,0,6,29.748528516338542,0.03360828540434329,0.013065135982713411,2.4683579353390815e-18,0.00024154342508893477,VILA SONIA
1628810881,4340171595,0,83.542,0,5,29.189161761721127,0.03425233807321906,0.0006158260925049774,9.049708773260073e-18,0.00020506402700571128,VILA SONIA
1628810881,1628810894,0,74.71,0,6,29.556931195453622,0.03382614487698023,0.039911773556727655,1.2327580334885198e-18,0.0002421671124210584,VILA SONIA
1628810886,8672194716,0,73.802,0,5,29.364927948041405,0.03404731789246688,0.009622821607890714,1.0032619609210975e-17,0.00023325946274395897,VILA SONIA
1628810888,1628810898,0,30.360999999999997,0,5,29.49015628171301,0.03390273782158047,0.012325316902106758,1.0577814173817661e-19,0.00021189479369689061,VILA SONIA
1628810894,1628810920,0,139.868,0,5,30.176781002638524,0.03313133487130165,5.535709204539281e-05,1.4188786924760082e-18,0.00021281237426530096,VILA SONIA
1628810894,2558340379,0,52.768,0,5,29.959610310533794,0.03337149670417516,0.0396346431925004,-4.086462274900464e-18,0.00021567490254739978,VILA SONIA
1628810898,1628810920,0,96.88799999999999,0,5,29.900953927339152,0.033436961214211046,0.0020602840456894326,6.369259985456153e-18,0.0002122247650861435,VILA SONIA
1628810898,4340026179,0,301.61600000000004,0,5,29.93789324132332,0.033395704523267164,0.025122462476600417,2.7220174493214802e-18,0.00021814693013483047,VILA SONIA
1628810901,8672217517,0,66.217,0,4,29.823827887152426,0.0335234310135972,0.0013961713931448605,4.571968070351557e-18,0.00019445868998578907,VILA SONIA
1628810901,1628810936,0,290.213,0,4,29.990257763344836,0.0333373939172453,0.0008401861446889526,9.77759843063515e-19,0.0001961932180042818,VILA SONIA
1628810911,8672194716,0,17.521,0,5,29.58554901562817,0.03379342516876132,0.008578797199034613,1.1732525059833289e-17,0.0002340671717977766,VILA SONIA
1628810911,8672217517,0,27.919,0,4,29.68459508828902,0.033680669510994424,0.0005823704044775437,1.1722707178579446e-17,0.00019215527059204137,VILA SONIA
1628810920,1628810927,0,29.28,0,4,30.344022731885527,0.03294873081167854,0.0017812567094606304,-3.3988337665597782e-18,0.00018267275105565543,VILA SONIA
1628810922,2558340379,0,137.083,0,4,30.555916379135375,0.03272024390729929,0.037279983582569585,7.740242242792509e-18,0.00018679801958023878,VILA SONIA
1628810922,6096240274,0,22.307,0,4,31.368175360259794,0.03187297396975756,0.038888960743888944,-9.434090502311932e-18,0.00018884887741456226,VILA SONIA
1628810927,1628810963,0,369.1840000000001,0,4,31.03389486502943,0.032216292575733795,0.0006515236565342494,4.2862591510878676e-18,0.00019115669379146847,VILA SONIA
1628810936,1628810941,0,16.432,0,4,30.049928962857724,0.033271194683092885,0.04041912734114368,-7.523920974252901e-18,0.00019615509176678435,VILA SONIA
1628810936,1628810945,0,60.879999999999995,0,4,29.722549218591436,0.03363766106949462,0.039828479240659354,-1.0528305512957356e-17,0.00019239540672344587,VILA SONIA
1628810941,9988429876,0,7.512,0,4,30.209864014613355,0.03309505253822794,0.02220957574221185,-5.9140351874658195e-19,0.00019649389090670255,VILA SONIA
1628810941,4340026179,0,6.077999999999999,0,4,30.03978079967526,0.033282434495898815,0.017991054914752665,1.4625008223759633e-18,0.0001921524237245412,VILA SONIA
1628810963,8672577189,0,12.769,0,4,31.635072051958595,0.031604070162832176,0.0007570642806207927,4.712176118112876e-18,0.00019523408640113394,VILA SONIA
1628810963,1628810965,0,13.478,0,4,31.41648061700832,0.03182396681934763,0.0003585277082939927,9.123724152600833e-18,0.00019107726305770098,VILA SONIA
1628810965,8672577189,0,10.637,0,4,31.71260401867262,0.031526803543085354,0.018980412039563938,3.1997897178673127e-18,0.00019232982171785008,VILA SONIA
1628810970,8672600244,0,12.26,0,4,31.306474528110414,0.03193579129577885,0.0007210218125912379,2.834304798184923e-18,0.00019889022244244046,VILA SONIA
1628810970,8672595621,0,555.78,0,4,31.045869697584738,0.03220386629446337,0.009850458248077376,1.7417351299795844e-17,0.00019367368374345527,VILA SONIA
1628810970,8672600248,0,25.775,0,4,30.70671808402679,0.032559553710705125,0.009460371823757504,9.754036624091506e-18,0.00019891414353512014,VILA SONIA
1628857395,1714794510,0,79.987,0,4,30.9159732088492,0.03233917399210887,0.008310979242815002,-7.203797365527741e-19,0.00020671024390938434,VILA SONIA
1628857395,1714794505,0,108.161,0,4,30.503145930586562,0.03277684993579038,0.0022808501538702968,1.0493266312806128e-17,0.00020306136819726208,VILA SONIA
1628857395,4340075623,0,91.383,0,4,30.713415871727218,0.032552453328927804,0.006624916037432431,1.3184420758942053e-18,0.00021643371744108956,VILA SONIA
1628857420,1714794510,0,176.15099999999998,0,4,31.401461335498276,0.03183918818472676,0.007867777602451578,-1.829420465474194e-18,0.00020473570722803584,VILA SONIA
1628857420,1986582456,0,85.178,0,4,31.765374467221434,0.03147442942213816,0.006364685969219042,1.3532361105432477e-18,0.00020487359149639427,VILA SONIA
1628857420,1986582515,0,35.423,0,4,31.748122589811246,0.03149153257513281,0.0014073807731540522,1.928478143456297e-18,0.00020332323478928425,VILA SONIA
1628857428,1628857449,0,319.3,0,2,33.225695149178,0.030091079577038906,0.0005871990604815032,5.034491237856611e-18,0.00012122976126231392,VILA SONIA
1629035352,1955890487,0,217.563,0,4,24.018266693728435,0.04162652740455306,0.07420247416884602,9.128816216267193e-14,0.00019001918467660445,VILA SONIA
1629035352,1629035362,0,33.343,0,4,24.288410797645625,0.041163542772146504,0.06342267209200658,9.094628005167533e-14,0.00019822658054075322,VILA SONIA
1629035362,1629035478,0,342.55699999999996,0,4,24.56078749746296,0.040707043161365496,0.0,2.0840367777112696e-14,0.0001984146941987347,VILA SONIA
1629035362,1629035463,0,244.954,0,4,24.930992490359245,0.04010257662718281,0.06328039919188992,2.1047584018290887e-14,0.00020030068487218074,VILA SONIA
1629035365,1629035388,0,33.658,0,4,25.35762127055003,0.03942787164731024,0.004289571051517448,9.494353988827972e-14,0.00020269639309686396,VILA SONIA
1629035365,1629035391,0,137.484,0,4,25.220621067586766,0.03964204664338253,0.0005789213644747155,1.0596547444049701e-13,0.0002025972047137227,VILA SONIA
1629035388,1629035416,0,123.41399999999999,0,4,25.863811650091332,0.038656213951079405,0.00013865140811369415,2.7068808744869015e-14,0.00020272336295625774,VILA SONIA
1629035391,1629035416,0,63.879,0,4,25.85894053176375,0.038663495726294475,0.0009557289847836977,3.8085991697428936e-14,0.00020262417457311645,VILA SONIA
1629035391,1629035412,0,77.71,0,4,25.254515932616197,0.03958884182947705,0.0013071861610718925,9.139463517022652e-14,0.00020208736225035695,VILA SONIA
1629035412,4359249472,0,48.528999999999996,0,4,25.114471280698194,0.03980959923710391,0.0018752430495376992,3.462650480332211e-13,0.00020205853002215596,VILA SONIA
1629035412,1629035495,0,214.43800000000002,0,4,25.13497057032677,0.039777131782945736,0.0007682736606299844,8.055071168423653e-14,0.00019962580146128854,VILA SONIA
1629035416,1629035489,0,107.597,0,4,26.105540897097626,0.03829826934739003,0.0010590277328684026,1.3408672862347837e-14,0.00020198231085430404,VILA SONIA
1629035420,4359249472,0,53.299,0,4,25.508422975441444,0.039194780394653086,0.0014639450292004347,7.329038183779174e-13,0.00020280447946430648,VILA SONIA
1629035420,4359249462,0,41.400999999999996,0,4,25.387456870306476,0.03938153560807137,0.010765143656827417,1.4239381983843737e-12,0.00020248988682700368,VILA SONIA
1629035420,1629035439,0,33.343,0,4,25.201136594276434,0.0396726962292415,0.012175456113983874,1.5495274346795133e-12,0.00020391510208814316,VILA SONIA
1629035439,1629035476,0,131.461,0,4,25.104932007306676,0.03982472593215406,0.000503559840412919,1.3456405351854624e-12,0.00020369296111718505,VILA SONIA
1629035463,1629035478,0,33.737,0,4,25.173736553683785,0.03971587748224234,0.06798626937174873,9.665068044150634e-15,0.00019899080480254778,VILA SONIA
1629035476,1629035497,0,118.502,0,4,25.73553886746499,0.03884888682087398,0.00046613775638223293,3.6054093490515076e-13,0.00020315614879442553,VILA SONIA
1629035489,1687930371,0,32.103,0,4,25.641566876395373,0.03899126139817629,0.001672267045371259,9.659654826074484e-15,0.0001990760951085648,VILA SONIA
1629035495,1687930371,0,49.846999999999994,0,4,25.59204384006495,0.03906671319354122,0.0011143848249137954,2.347341913230296e-14,0.00019725639803830884,VILA SONIA
1632534836,1955890562,0,73.611,0,4,25.281104120154254,0.03954720616570328,0.028344900551242818,1.4679124995377766e-08,0.00018681525104626776,VILA SONIA
1632534836,8058812186,0,11.549,0,5,25.27866856099046,0.039551016475575684,0.035965037081491326,6.432077085252949e-08,0.00021513927412491573,VILA SONIA
1632534838,8062249570,0,2.501,0,4,26.93545768215953,0.03711824942921084,0.01982784116825883,2.589448720524605e-10,0.00021882751731255057,VILA SONIA
1632534838,1963219760,0,28.419,0,4,26.2677085447534,0.038061829224005375,0.019658838208120245,8.547597730360177e-10,0.00021646624546695558,VILA SONIA
1632534838,8058812185,0,28.459,0,2,27.265272985589608,0.036669247260600286,0.0005871990604815032,1.7830862708053104e-10,0.00012288576759248395,VILA SONIA
1632534841,8062249570,0,76.548,0,4,27.255124822407144,0.036682900674679414,0.020177056468545184,2.975658943252272e-10,0.00020831525525768672,VILA SONIA
1632534841,1632534845,0,86.358,0,4,27.283742642581693,0.036644424111227654,0.01994045232435117,3.712515010532811e-10,0.0002046522455148224,VILA SONIA
1632534841,1632534852,0,161.256,0,4,27.164400243555917,0.03680541546186089,0.0010455764768573727,9.416624234833008e-10,0.00020398202780572486,VILA SONIA
1632534845,1632534850,0,85.14699999999999,0,4,26.863811650091332,0.037217244140890615,0.020305360756650393,4.846044544319161e-10,0.00020306314179864565,VILA SONIA
1632534845,1632534862,0,167.654,0,4,27.034909681347678,0.036981704341559,0.00033679875627617495,5.949811793037484e-10,0.00020309900964234068,VILA SONIA
1632534850,8057981939,0,11.937,0,4,26.13760909275421,0.03825128125485324,0.04043602763715754,4.759858787175971e-10,0.00020207035315624394,VILA SONIA
1632534851,4179717493,0,194.749,0,4,25.093971991069616,0.03984211973665054,0.07169605679879076,6.297082489530822e-10,0.0001847909300082568,VILA SONIA
1632534852,1632534862,0,90.45599999999999,0,4,26.855084229754414,0.037229339077202134,0.0007924169406497818,1.1653920946461832e-09,0.00020242879193324315,VILA SONIA
1632534857,1632534861,0,30.625,0,4,25.499695555104527,0.03920819503808592,0.0008391514326881041,6.004585955625556e-09,0.00018390729583863945,VILA SONIA
1632544946,5008404143,0,29.564,0,5,28.016642987619242,0.03568582564221446,0.02773752460674477,7.54097329345829e-07,0.00023545973078589695,VILA SONIA
1632544946,1714794785,0,146.108,0,6,27.93241323320479,0.03579343569025526,0.012730406650438933,6.092527197706115e-07,0.0002669388331051566,VILA SONIA
1632544946,9327403891,0,20.188,0,5,28.085244570732698,0.03559865872694687,0.029534474448218266,5.900134363966774e-07,0.00022867875448952195,VILA SONIA
1632544970,8653555144,0,87.94500000000001,0,4,28.918814694540288,0.03457254549665574,0.0009876326048098587,6.708646621838251e-10,0.00019830808238347365,VILA SONIA
1632544970,1632544972,0,66.027,0,5,28.617617211284756,0.03493641798878006,0.027484020166536893,1.1387870321721407e-09,0.00022933335754044232,VILA SONIA
1632544972,8932612492,0,36.255,0,3,29.299573777146335,0.03412326214506889,0.0005871990604815032,6.858036203316215e-10,0.00014241113440611463,VILA SONIA
1632544972,1632544992,0,296.34200000000004,0,6,29.017860767201135,0.03445453973183373,0.011885736753746304,7.780528959929914e-10,0.00026131676083804447,VILA SONIA
1632544972,1632544974,0,66.155,0,6,29.146336513091132,0.034302665663909084,0.03859372291964685,2.3666471501663376e-09,0.0002606196148178246,VILA SONIA
1632544973,8653555143,0,52.595,0,4,29.685609904607265,0.03367951812171392,0.005242885708299166,1.7054184439553419e-10,0.00020355728924018098,VILA SONIA
1632544973,1714236330,0,63.755,0,4,30.066368987213313,0.033253002288422207,0.00586802420881178,7.154909087508963e-11,0.00020066813380256992,VILA SONIA
1632544973,8653555144,0,48.32,0,4,29.65374467221433,0.03371570935771779,0.0009471063847766272,1.8671462091645273e-10,0.00020144126897840125,VILA SONIA
1632544974,1714794946,0,181.812,0,5,29.80901156890603,0.0335400935527579,0.019962871084369553,2.4415949262726277e-09,0.00022615890376072678,VILA SONIA
1632544974,1714794830,0,65.7,0,5,29.42541100060889,0.03397733464846633,0.015414966936640273,7.596843070650305e-09,0.00022471921379911452,VILA SONIA
1632544974,1714794860,0,70.03,0,5,29.853866450172518,0.03348970018356109,0.0037189273830495204,2.140850488419553e-09,0.0002268126182042762,VILA SONIA
1632544980,1632544992,0,32.007,0,5,29.699817333062715,0.03366340693359575,0.0004488925563680919,2.209473914392756e-10,0.00022553467587973637,VILA SONIA
1632544980,1714236330,0,64.69999999999999,0,4,30.351938299167852,0.03294013801957952,0.004807271955941963,6.507651046920396e-11,0.0001941844032100567,VILA SONIA
1632544980,8653526235,0,28.573999999999998,0,4,30.008727420336918,0.03331687554530514,0.004211277843453248,8.940918256757225e-11,0.00018876890364866357,VILA SONIA
1632544992,1714794897,0,196.683,0,5,29.70144103917191,0.03366156663637171,0.0012887337970567615,2.2818760802594396e-10,0.00023074389085283556,VILA SONIA
1632544992,8653526235,0,20.412999999999997,0,5,29.3653338745687,0.034046847245357094,0.013168262278797974,2.1929766683320956e-10,0.000225429141647326,VILA SONIA
1632545010,1714795153,0,82.921,0,4,29.494621473513295,0.03389760528488852,0.02870498032753808,1.381684800944568e-14,0.00019431053591524147,VILA SONIA
1635460130,1635460157,0,58.253,0,4,29.796021920032473,0.03355471543884745,0.000725678016595056,-9.271267277008622e-18,0.00020829078803245486,VILA SONIA
1635460130,1635460147,0,110.93299999999999,0,4,29.7887152425411,0.03356294585368845,0.0006458327405295828,-7.605456274979686e-18,0.00020561928369949967,VILA SONIA
1635460147,1635460224,0,60.918,0,4,30.041810432311753,0.033280185925845855,0.00041871345634334503,-3.0706545987755527e-18,0.00020733075194397452,VILA SONIA
1635460147,1635460356,0,147.112,0,4,29.59935051755632,0.03377766806549823,0.0007167105125877026,-7.326973318751249e-18,0.00020569069540617895,VILA SONIA
1635460157,1635460224,0,114.227,0,4,30.049320073066774,0.033271868857773904,5.173560004242319e-07,-1.1138920188744715e-17,0.00021000225627692968,VILA SONIA
1635460157,1635460243,0,24.534,0,4,30.055206007712606,0.03326535298010562,0.0010926558728959778,2.355994372103606e-18,0.00021963201465286411,VILA SONIA
1635460224,1635460289,0,30.983000000000004,0,4,30.23726405520601,0.033065062861208624,0.0009098567527460825,-5.783102554964845e-18,0.00021016685208365048,VILA SONIA
1635460243,1635460289,0,119.946,0,4,30.243555916379137,0.03305818401449567,0.0018335096655034777,-2.098087806298914e-18,0.00021979661045958498,VILA SONIA
1635460243,1635460254,0,22.452,0,2,30.65922468033286,0.032609990864436174,0.0005871990604815032,-5.902981925455695e-18,0.00012345664111242235,VILA SONIA
1635460289,1635460429,0,69.02699999999999,0,4,29.76293890805764,0.033592013202220376,0.0032357168786532877,1.6219377883692792e-17,0.00020803386025668115,VILA SONIA
1635460321,2324559243,0,87.467,0,2,29.75137000202963,0.03360507555343316,0.0005871990604815032,1.1584410680497958e-18,0.00012309452899533714,VILA SONIA
1635460321,1635460356,0,30.021,0,4,29.26709965496245,0.034161124557035766,0.024776523764316747,-2.641360751539297e-18,0.00021643481088144068,VILA SONIA
1635460356,1635460439,0,47.798,0,5,29.37467018469657,0.03403602595195158,0.02479739045633386,4.098548874835953e-21,0.0002486886555199599,VILA SONIA
1635460360,1635460595,0,52.077,0,2,29.888167241729246,0.03345126613653495,0.0005871990604815032,-1.1522997869461872e-18,0.00012329759617194902,VILA SONIA
1635460429,1635460439,0,35.261,0,5,29.341181246194438,0.034074873412467836,0.026288410449556494,1.6219819059316235e-17,0.000248132304260154,VILA SONIA
1635460429,2324559200,0,54.79900000000001,0,4,29.274203369190175,0.03415283497649653,0.028159859555091083,8.971946097159222e-17,0.0002111476904397498,VILA SONIA
1635460439,1635460739,0,82.726,0,3,29.860564237872946,0.03348218837299403,0.0005871990604815032,3.2011757859792998e-18,0.00015680649220224657,VILA SONIA
1635460439,4171432643,0,30.58,0,5,29.8587375685001,0.03348423671438476,0.0018066071534814177,-2.2010005287137206e-18,0.00024975178084154966,VILA SONIA
1635460475,1635460579,0,75.527,0,4,28.784047087477166,0.03473441499375965,0.013714935119246246,1.669208286755581e-16,0.00021959824113452236,VILA SONIA
1635460475,1635460627,0,39.388000000000005,0,5,28.5346052364522,0.03503805391564123,0.014459237951856574,4.430045855270555e-16,0.000259010049711808,VILA SONIA
1635460475,8009454938,0,62.13999999999999,0,2,29.36066571950477,0.03405226047283285,0.0005871990604815032,1.0186594716166637e-16,0.00012086194257258846,VILA SONIA
1635460566,1635460579,0,26.055,0,4,28.195047696366956,0.03546002289136679,0.013998446207478725,1.7090041713078881e-16,0.00021646965446039522,VILA SONIA
1635460579,8953203264,0,16.59,0,4,28.382179825451594,0.035226224443824686,0.000651351204534108,3.536018797587631e-16,0.0002228811302058888,VILA SONIA
1635460595,1635460620,0,6.217,0,4,28.893241323320478,0.034603145612790376,0.0007651695246274389,7.094389056542879e-18,0.0002216496657998114,VILA SONIA
1635460595,4171432643,0,131.488,0,4,29.38319464176984,0.03402615164639327,0.0012197529970001974,5.056335701691548e-18,0.0002176712882506734,VILA SONIA
1635460620,1635460834,0,239.01299999999998,0,4,28.392936878425004,0.03521287850627627,0.00015537925212741097,1.6329497453155322e-17,0.00021374101285291956,VILA SONIA
1635460627,2324559200,0,18.306,0,5,28.69271361883499,0.034844980158309106,0.028705497683538507,4.364889282857945e-16,0.0002563182877133559,VILA SONIA
1635460627,1635460670,0,35.855,0,5,28.119139435762126,0.03555574803490613,0.01678630524176477,1.6494873903584694e-15,0.00025320488701296745,VILA SONIA
1635460627,1635460700,0,47.333,0,5,28.286178201745486,0.03534578017593961,0.0016041485053154016,4.3743904148481144e-16,0.00025761300044584525,VILA SONIA
1635460670,8953203264,0,68.519,0,4,28.426425816927136,0.03517139450366637,0.001384617109135386,1.5555336353466775e-15,0.00022000791375457988,VILA SONIA
1635460700,1635460834,0,100.983,0,4,28.356809417495434,0.0352577408133759,0.00043078509635324373,9.066279700226404e-17,0.0002160122309452644,VILA SONIA
1635460700,2324559222,0,188.87099999999998,0,2,28.82606048305257,0.034683790291918384,0.0005871990604815032,8.01766533217974e-17,0.00011946983203279602,VILA SONIA
1635460834,4171432643,0,212.29700000000003,0,4,28.871727217373657,0.03462893055233355,1.0347120008484637e-06,1.8281173853850755e-17,0.0002097626353037816,VILA SONIA
1644338500,1644338521,0,254.45000000000002,0,5,29.992896285772275,0.03333446117408222,1.7245200014141063e-07,4.382246005781934e-12,0.0002377301098633459,VILA SONIA
1644338500,1644338519,0,114.53699999999999,0,4,30.119139435762126,0.03319474113358087,0.0017591828534425297,1.1409455106500733e-12,0.0001972476356886738,VILA SONIA
1644338500,5319451655,0,111.03099999999999,0,4,30.5634260198904,0.0327122043217829,0.0011728460529617337,1.2244895399512198e-12,0.0002045002829302022,VILA SONIA
1644338519,1715575772,0,95.16799999999999,0,4,30.144915770245586,0.033166356952411734,0.0023444849419224775,4.2521857249752567e-13,0.0001939505654520085,VILA SONIA
1644338519,5319451900,0,212.85000000000002,0,4,30.11873350923483,0.03319518851713333,8.622600007070532e-07,1.0943765583391796e-12,0.0001983678023327596,VILA SONIA
1644338521,1644338578,0,283.866,0,5,29.150801704891414,0.034297411332210044,0.00020832201617082405,1.6321096706923503e-11,0.00023820277526022464,VILA SONIA
1644338521,5319451650,0,262.64,0,5,30.074487517759284,0.03324402572598986,1.2071640009898744e-06,4.349049298003184e-12,0.00024356364525843,VILA SONIA
1644338521,5319451900,0,90.845,0,5,29.99188146945403,0.03333558909115517,0.000379221948310962,4.335665998965324e-12,0.00023891230028637512,VILA SONIA
1644338576,1715575855,0,184.81499999999997,0,4,25.607469048102292,0.039043180521209815,0.0717333064308213,4.054745130033172e-09,0.00019868799157223826,VILA SONIA
1644338576,1644338617,0,45.349000000000004,0,4,25.84453014004465,0.038685053716152544,0.01575211059691673,4.05540085399968e-09,0.00020399782769535846,VILA SONIA
1644338576,1963366783,0,200.40999999999997,0,4,25.08382382788715,0.039858238663947956,0.08719449050349948,1.9573213382185793e-08,0.00019167405352263665,VILA SONIA
1644338578,5319451933,0,77.884,0,4,28.9015628171301,0.034593182488518094,0.00983752434806677,1.5459366806497246e-11,0.00019896804221365813,VILA SONIA
1644338578,1644338598,0,101.066,0,4,28.421351735335904,0.03517767367458866,0.009877705664099718,7.341424459271587e-11,0.00020323258734338546,VILA SONIA
1644338598,1644338615,0,113.404,0,4,27.631824639740206,0.03618280912576574,0.009808207508042729,2.1754087521147632e-10,0.0002070318328892631,VILA SONIA
1644338598,5319451861,0,189.57999999999998,0,4,27.789324132332048,0.03597773850041631,0.0003076543682522766,2.0921949268562751e-10,0.0002175215130799098,VILA SONIA
1644338601,1715575850,0,63.801,0,4,28.336513091130506,0.03528299454209463,0.012508978282257362,1.9919961792832614e-11,0.00019500986369175438,VILA SONIA
1644338601,5319451959,0,66.999,0,4,28.61396387253907,0.03494087855810357,0.012948213526617534,8.823890722029796e-12,0.000200855551895446,VILA SONIA
1644338601,1644338610,0,144.361,0,4,28.339557540085245,0.03527920417678276,0.0003745657443071439,3.133529946834856e-11,0.00019494100716973607,VILA SONIA
1644338610,2583624728,0,63.527,0,5,27.82261010757053,0.03593469602135948,0.0034236895588074254,7.876873137909535e-11,0.00023008230498965676,VILA SONIA
1644338610,1644338627,0,147.543,0,4,27.907854678303227,0.03582493345551337,0.0038794801951811736,8.820571963967438e-11,0.00019479729793831524,VILA SONIA
1644338615,1644338627,0,70.184,0,4,27.387862796833772,0.0365051133837261,0.0048629739519876385,2.2104011758955303e-10,0.00020170909299830258,VILA SONIA
1644338615,1644338617,0,25.372,0,4,26.81652120966105,0.03728287606433302,0.014514767495902109,8.55073067171255e-10,0.00020736737337198843,VILA SONIA
1644338617,5319451861,0,130.803,0,4,26.821798254515933,0.037275540858563314,0.000866398848710447,8.467516742231368e-10,0.00021785705356263516,VILA SONIA
1644338627,1644338650,0,96.02600000000001,0,4,27.29916785061904,0.03662371843007219,0.0006342784565201083,2.1978325537137203e-10,0.000195025191559589,VILA SONIA
1644338631,3894489535,0,92.421,0,4,26.41424802110818,0.03785067195315922,0.039099179732061326,4.615131247591346e-14,0.00019909330148483472,VILA SONIA
1644338631,1714236239,0,345.97200000000004,0,4,26.67038765983357,0.03748715802290628,0.03611386315761336,7.935764399348104e-14,0.00019613738830800493,VILA SONIA
1644338631,1714794721,0,71.973,0,4,26.05926527298559,0.03836627879807468,0.0036770215470151575,1.893256173668172e-13,0.00019379586294483714,VILA SONIA
1644338636,1644338670,0,61.882,0,4,27.748731479602192,0.036030369080881815,0.0005140794124215451,4.889233880166659e-11,0.00019412678078952714,VILA SONIA
1644338636,2583624728,0,59.66,0,5,27.740004059265274,0.03604170477409914,0.0011083490049088461,9.474391690786824e-11,0.00023025530701475266,VILA SONIA
1644338636,1644338696,0,200.566,0,4,26.77734929977674,0.037337416244732136,0.00028816729223629715,1.8640389304225457e-10,0.00019650500606104333,VILA SONIA
1644338649,1644338732,0,79.814,0,5,28.51918002841486,0.03505700499594346,0.0007732747686340853,4.509431701788673e-12,0.0002326017423977771,VILA SONIA
1644338649,1644338734,0,64.485,0,5,28.530748934442865,0.03504278976460294,0.0016284642373353407,2.7614439161584254e-12,0.0002368666916493633,VILA SONIA
1644338649,1644338750,0,69.53200000000001,0,5,27.550436371016847,0.036289698764558974,0.011517379281444251,8.814586371397246e-12,0.0002348558124028591,VILA SONIA
1644338649,1644338720,0,100.922,0,5,28.53156078749746,0.03504179263738218,0.00874814506317348,2.768455081168177e-12,0.0002331356531039505,VILA SONIA
1644338650,1715575855,0,66.219,0,4,26.33225086259387,0.03796853683163891,0.0004754501643898691,8.531604598882075e-10,0.00019537363581015465,VILA SONIA
1644338650,2583624728,0,135.763,0,5,27.29632636492795,0.03662753087613113,0.00018210931214932962,2.103462802028063e-10,0.00023030296986089355,VILA SONIA
1644338670,1644338732,0,189.747,0,4,28.223462553277855,0.03542432240016684,0.0006701484725495217,1.1090743451275884e-11,0.00019436988199783242,VILA SONIA
1644338670,5319451649,0,95.41900000000001,0,4,28.518165212096612,0.035058252496281375,0.0005242540804298883,1.3139973565566092e-11,0.00019673388734065534,VILA SONIA
1644338681,1644338705,0,27.349000000000004,0,4,30.249035924497665,0.03305219509249381,0.0013164985690795287,1.868916103719114e-13,0.00020028979895775196,VILA SONIA
1644338681,1644338720,0,60.057,0,4,29.525268926324337,0.033862419313815124,0.007924514310498102,6.12330470244357e-13,0.0001966989740039142,VILA SONIA
1644338681,6564102880,0,46.167,0,4,30.505784453014005,0.032774014983167225,0.00950986554779809,2.7536073857654994e-13,0.00020018426472534156,VILA SONIA
1644338696,1715575855,0,62.064,0,4,26.07854678303227,0.03833791219481823,0.0719123116069681,8.439128600510601e-10,0.0001993500865582051,VILA SONIA
1644338696,1714236296,0,11.59,0,4,26.485691089912727,0.03774857274225066,0.07191955459097403,1.7671808779361453e-10,0.00020350564402595603,VILA SONIA
1644338705,5319451824,0,98.339,0,4,30.542317840470876,0.032734812136999775,9.519350407805867e-05,1.112576566166206e-13,0.00020216253351454014,VILA SONIA
1644338705,5319451197,0,49.388999999999996,0,4,30.249238887761315,0.03305197332223996,0.0014608408931978895,1.6839628974412883e-13,0.0002003601551126922,VILA SONIA
1644338720,5319451197,0,24.84,0,4,29.525674852851633,0.033861953764616114,0.0007451650926110354,5.938198329964965e-13,0.00019676933015885445,VILA SONIA
1644338727,5319451824,0,103.589,0,4,30.063933428049523,0.033255696202531645,0.0014130716891587187,7.757600151377638e-14,0.00020466185625755607,VILA SONIA
1644338727,3894489491,0,57.923,0,4,29.573168256545564,0.03380757273157776,0.0015805225812960285,5.460016793851507e-14,0.0002090808117330664,VILA SONIA
1644338727,1644338740,0,103.73,0,4,30.06758676679521,0.033251655495028454,0.000584612280479382,5.664336913499338e-14,0.0002045904751911546,VILA SONIA
1644338732,6564102876,0,179.102,0,4,28.893647249847778,0.03460265947358439,1.2071640009898744e-06,2.730351220096242e-12,0.00019616369756061546,VILA SONIA
1644338734,5319451186,0,368.498,0,4,28.978485894053176,0.03450135526030103,0.0,5.741818776741608e-13,0.00021254118327963044,VILA SONIA
1644338734,5319451185,0,70.476,0,4,29.258169271361883,0.03417155145503104,0.0012378604570150455,5.811185192266742e-13,0.00020157811301237656,VILA SONIA
1644338740,5319451185,0,26.78,0,4,29.972396996143697,0.03335725991034305,0.0006848068925615416,1.3986851312002984e-13,0.0002028162162590752,VILA SONIA
1644338740,5319451211,0,22.479,0,4,30.551654150598743,0.032724808673469385,0.00033179764827207404,8.172000675723737e-14,0.00020239761558186372,VILA SONIA
1644338750,1714236346,0,24.115,0,4,27.168459508828903,0.03679991632986949,0.0778420736318305,8.149172614923708e-12,0.00020037360618833144,VILA SONIA
1644338750,1714236296,0,201.2,0,4,26.944388065760098,0.03710594704530903,0.07045198806977063,3.6866916470139896e-11,0.00020186025498901145,VILA SONIA
1644338769,1714795101,0,13.323,0,4,28.29023746701847,0.03534070853600792,0.03744243336670279,6.313186013492591e-15,0.00019652747717442237,VILA SONIA
1644338769,1714795067,0,159.425,0,5,27.820986401461337,0.03593679326495178,0.030623163925110993,5.460911095501585e-15,0.0002284067962517931,VILA SONIA
1644338769,3894489483,0,244.779,0,4,27.770042622285366,0.03600271884113051,0.01057234232066932,2.25281156202809e-14,0.00020010017709361146,VILA SONIA
1644338786,8777263029,0,19.232,0,4,29.1264461132535,0.03432609089515421,0.0013735801811263356,7.93000188426697e-15,0.00021086201692271621,VILA SONIA
1644338786,1714795101,0,122.404,0,4,28.730870712401057,0.03479870299596629,0.036888345090248444,8.7240852455479e-15,0.00019897598913736254,VILA SONIA
1644767719,1644767724,0,30.882,0,4,27.44773695961031,0.03642548156912042,0.0002497104962047626,-3.6188774409161366e-20,0.000202317228603034,VILA SONIA
1644767719,1644767732,0,125.511,0,4,27.16358839050132,0.03680651548548586,0.01706136618199032,-4.566202626030569e-18,0.00020228599193092194,VILA SONIA
1644767760,5005884296,0,10.43,0,5,24.67099654962452,0.04052519867713115,0.0012709712410421963,1.1925619254830194e-16,0.00020225695783512916,VILA SONIA
1644767760,5005884295,0,364.55899999999997,0,5,24.318855287193017,0.04111201061601249,0.008467393206943261,3.091223207417881e-16,0.0002086884797712126,VILA SONIA
1645629078,1955996609,0,33.823,0,5,24.9575806778973,0.04005985394336646,0.020779948661039556,2.365282694828101e-16,0.00020928571953434354,VILA SONIA
1645629078,1645629080,0,19.184,0,5,24.25918408768013,0.04121313532733738,0.004081938843347189,5.988205930609926e-16,0.0002094328645859524,VILA SONIA
1645629078,1955996584,0,40.144000000000005,0,5,24.680129896488737,0.0405102015641576,0.0009405532087712535,2.069926110672207e-16,0.00020698339336979948,VILA SONIA
1646336072,1955996622,0,66.882,0,6,27.854272376699818,0.035893848642504264,0.004364932575579244,2.1493759893014983e-17,0.0002493216826574146,VILA SONIA
1668927558,1668927559,0,182.863,0,4,26.050131926121374,0.038379730266694716,0.036212678153694396,1.4068005731047283e-10,0.00020186807204899653,VILA SONIA
1685287928,4677494498,0,54.91300000000001,0,3,28.45078140856505,0.03514128566027237,0.0005871990604815032,2.4568507908203983e-15,0.00015829036480628428,VILA SONIA
1687930370,1687930371,0,103.613,0,4,25.08159123198701,0.0398617865784086,0.0010160871848331914,1.4462419086936633e-14,0.00019166773704519215,VILA SONIA
1687930370,2753810787,0,69.164,0,5,24.689060280089304,0.04049554844915038,0.07556484496996317,4.4660769156533836e-14,0.00022112085045137485,VILA SONIA
1701823796,12804144289,0,75.303,0,2,30.03998376293891,0.03328220962522043,0.0005871990604815032,3.475594673808422e-19,0.00013324807066251033,VILA SONIA
1714236168,8655652072,0,31.217,0,4,29.824842703470672,0.033522290349581825,0.0012152692449965206,5.798528404923715e-17,0.00019797515685980745,VILA SONIA
1714236168,8655652071,0,32.367999999999995,0,4,29.716663283945607,0.033644323630253936,0.036366677789820674,5.882409072463683e-17,0.00019882170003777152,VILA SONIA
1714236170,1714236175,0,68.774,0,4,30.47270144103917,0.03280959644063168,0.0005251163404305953,1.145097511241523e-16,0.00016766723384653207,VILA SONIA
1714236170,1714236177,0,189.03,0,5,30.89587984574792,0.032360206012192555,3.4317948028140715e-05,3.879543251321584e-17,0.0002045762112290881,VILA SONIA
1714236173,1714236195,0,270.067,0,4,31.325756038157092,0.031916134299153825,0.0007091226245814805,-2.7689997904354143e-19,0.00020695302930817964,VILA SONIA
1714236173,8655652072,0,43.268,0,4,30.52648670590623,0.03275178851626286,0.018635335587280973,1.260381001354126e-17,0.00019729949753068655,VILA SONIA
1714236175,1714236192,0,206.845,0,5,30.025979297747107,0.03329773283402507,0.00015520680012726958,2.1512155997553888e-16,0.0002022779578459132,VILA SONIA
1714236177,8932667925,0,98.049,0,5,31.29916785061904,0.03194324659071013,0.0005092507564175856,2.204720340284812e-17,0.00020949947761304943,VILA SONIA
1714236177,1714236192,0,81.979,0,6,30.375685001014816,0.032914386513520556,0.015789187776947135,1.4166246079506426e-16,0.00023855896378404705,VILA SONIA
1714236190,1714236215,0,122.073,0,4,31.297747107773493,0.03194469663562553,0.0016867530133831373,2.3852575086353168e-17,0.0001962495506745727,VILA SONIA
1714236190,8932667925,0,12.01,0,4,31.85264867059062,0.03138819151512062,0.0020914978577150282,6.679710562961786e-18,0.00018886173923229457,VILA SONIA
1714236190,1714236195,0,96.23,0,4,31.367363507205194,0.03187379890906973,0.0004649305923812431,-5.723760470189072e-19,0.00020904687041933836,VILA SONIA
1714236192,1714236215,0,194.32,0,5,30.43921250253704,0.032845693253497274,8.243205606759428e-05,1.3777400194853782e-16,0.00021717126740186625,VILA SONIA
1714236195,1714236229,0,132.893,0,2,31.854881266490764,0.03138599162785363,0.0005871990604815032,-1.2194724501202108e-18,0.00011897613842410979,VILA SONIA
1714236212,1714236232,0,129.247,0,4,30.696975847371625,0.03256988706990029,0.0003505949162874878,9.784329170910729e-17,0.00019315278133270075,VILA SONIA
1714236212,8020869869,0,32.851,0,5,30.243149989851837,0.03305862772468592,0.0009360694567675769,2.8105529242395705e-16,0.00021930398481948845,VILA SONIA
1714236212,1714236226,0,198.41199999999998,0,4,31.237872944996955,0.03200592557940082,0.0,7.351843108118365e-17,0.0001965058193999261,VILA SONIA
1714236215,1714236224,0,47.374,0,4,31.370610919423584,0.03187049940800839,0.001644157369348209,2.726840419863514e-17,0.00020681978291059623,VILA SONIA
1714236224,1714236235,0,24.56,0,2,32.125025370407954,0.031122062168309324,0.0005871990604815032,6.060674850072274e-18,0.00011948750854384093,VILA SONIA
1714236224,1714236226,0,25.139,0,4,31.59163791353765,0.03164752139387865,0.001726934329416086,2.341412295689245e-17,0.00021138470898256545,VILA SONIA
1714236226,1714236232,0,48.004,0,4,31.09356606454232,0.03215446676849567,0.0017760831494563882,5.656197196343243e-17,0.00019928790712281255,VILA SONIA
1714236239,1714794674,0,8.182,0,4,26.28820783438198,0.03803214897855191,0.028448716655327947,2.0909419586955835e-13,0.00019198660681898845,VILA SONIA
1714236242,1714236301,0,244.678,0,2,27.688045463771058,0.0361093396081191,0.0005871990604815032,7.110132719585114e-12,0.00012254235598131155,VILA SONIA
1714236249,8061965524,0,17.568,0,4,30.234625532778566,0.03306794839090799,0.0025257319940711,1.0781816739017352e-10,0.00022078439734693584,VILA SONIA
1714236249,5008394228,0,95.97399999999999,0,2,30.47960219200325,0.032802168166048494,0.0005871990604815032,1.0116169568478002e-10,0.0001239231202724491,VILA SONIA
1714236249,1714236278,0,68.454,0,4,29.482849604221634,0.033911139871404775,0.003692887131028167,5.2403153586058e-10,0.00022082430505673635,VILA SONIA
1714236278,8653555143,0,35.311,0,4,29.241526283742644,0.03419100039563277,0.00587423248081687,5.536777115883334e-10,0.00020896079664771243,VILA SONIA
1714236285,1714236312,0,97.707,0,4,32.0572356403491,0.031187874336798652,0.0006415214405260475,2.473421619906557e-12,0.00021908795327223426,VILA SONIA
1714236285,3671025967,0,57.145,0,4,31.68195656586158,0.031557300909050144,0.0011180063169167651,6.115332049131116e-12,0.00021554613545508568,VILA SONIA
1714236285,1714236303,0,62.525,0,4,32.376496854069416,0.030880334004099824,0.0011737083129624408,1.5260410887112786e-12,0.00023039090760503745,VILA SONIA
1714236296,1714236301,0,36.176,0,4,27.035721534402274,0.03698059382155325,0.001228030693006985,3.6586642593563734e-11,0.00021634609679236784,VILA SONIA
1714236301,1714236347,0,216.73499999999999,0,4,27.30363304241932,0.036617729046645606,0.0006299671565165731,7.822788979746967e-12,0.00021733311227763234,VILA SONIA
1714236303,1714236333,0,97.384,0,4,33.055611934239906,0.03024590918859178,1.0347120008484637e-06,6.021102703341811e-13,0.00024123358093596192,VILA SONIA
1714236303,5008394236,0,21.546,0,2,33.37548203775117,0.029956032862850507,0.0005871990604815032,3.407262203247638e-13,0.00013009282974048053,VILA SONIA
1714236312,1714236333,0,63.777,0,4,32.70286178201746,0.030572157366549366,0.0011730185049618751,1.5494821126655387e-12,0.00022993062660315873,VILA SONIA
1714236312,8061965520,0,11.338,0,4,31.705297341181247,0.03153406908560162,0.0024000144859680117,6.2579787828611005e-12,0.00021307710670367443,VILA SONIA
1714236330,8061965520,0,81.21,0,4,30.70996549624518,0.03255611071456896,0.003330737930731205,2.4558260624072217e-11,0.00020345768772181123,VILA SONIA
1714236333,5008394225,0,31.826999999999998,0,2,33.70184696569921,0.029665941980981516,0.0005871990604815032,3.4448160930960056e-13,0.00012998729550807016,VILA SONIA
1714236346,1714236347,0,64.449,0,4,27.62228536634869,0.036195304750358204,8.019018006575594e-05,3.19593772319855e-12,0.00020595439261928588,VILA SONIA
1714236346,1714795008,0,103.79,0,4,27.342399025776334,0.03656581252412482,0.07752821099157313,2.021780668483472e-12,0.00020336854480543982,VILA SONIA
1714236347,1714236351,0,171.253,0,4,27.485894053176374,0.03637491415786093,0.0004523415963709201,1.9679250097758002e-12,0.00020520974453607963,VILA SONIA
1714236351,1714795008,0,56.077000000000005,0,4,27.710777349299775,0.036079718159245884,0.07749337568754457,7.937562464601952e-13,0.0002026238967222336,VILA SONIA
1714794476,8656075332,0,12.909,0,4,29.662472092551248,0.03370578937644974,0.0001346850121104417,8.106997462955217e-18,0.00019862729518885895,VILA SONIA
1714794476,8656075344,0,11.381,0,4,29.93829916785062,0.03339525171857416,0.00613084105702729,1.100396175943596e-17,0.0001990199693628209,VILA SONIA
1714794505,1714794578,0,271.211,0,4,30.139232798863407,0.0331726107100528,1.94870760159794e-05,2.0775271852547203e-17,0.0001893683823762898,VILA SONIA
1714794510,1714794589,0,216.91899999999998,0,4,31.27582707529937,0.031967085453223965,0.00037784233230983067,-1.9551514550253303e-18,0.00020373765282912426,VILA SONIA
1714794544,4340088651,0,19.727,0,6,29.11548609701644,0.034339012352563925,0.004916778976031758,5.2270853377563763e-17,0.0002476874280228842,VILA SONIA
1714794544,1714794578,0,183.474,0,5,29.638319464176984,0.0337332566357137,0.0004876942563999093,3.6394676554076396e-17,0.00021432537584583004,VILA SONIA
1714794545,4340029381,0,62.667,0,5,30.80576415668764,0.03245486888918171,0.0006580768325396229,-1.931598346250847e-18,0.00023562016672806,VILA SONIA
1714794578,1714794603,0,108.59,0,5,29.96042216358839,0.03337059241946957,0.00010829985608880587,3.5099542625100775e-17,0.00021878873941476112,VILA SONIA
1714794589,1714794629,0,131.443,0,4,31.63913131723158,0.03160001539586621,9.674557207933136e-05,8.51225867754977e-18,0.00020144513119721766,VILA SONIA
1714794589,1714794636,0,201.776,0,4,30.975441445098436,0.03227708759238874,0.0003916384923211435,1.2549324182167126e-17,0.0002005886704432567,VILA SONIA
1714794603,1714794626,0,62.776,0,5,29.70407956159935,0.03365857658248606,0.0013551278171112047,2.891057891697377e-17,0.0002226679789707662,VILA SONIA
1714794603,1714794639,0,126.476,0,5,29.914146539476356,0.03342221498503939,0.03150715287783586,2.945982864814439e-17,0.00022430254390431027,VILA SONIA
1714794626,4340088652,0,130.137,0,4,29.041201542520803,0.0344268481892009,0.0003874996443177497,2.7632636605584598e-17,0.00018651995560723235,VILA SONIA
1714794626,1715641288,0,226.21499999999997,0,4,29.754008524457074,0.033602095526541975,0.0013444357931024372,2.6837923177698804e-18,0.0001951393939624243,VILA SONIA
1714794629,1714794636,0,107.44,0,4,31.209661051349705,0.032034857254340895,0.0003193811042618925,3.610914598528951e-18,0.00019999185305737203,VILA SONIA
1714794633,2529285676,0,58.939,0,4,32.1548609701644,0.031093184873790453,0.003493187714864414,-2.9152986509180966e-18,0.00020095464411511586,VILA SONIA
1714794636,1714794639,0,43.138,0,4,30.51857113862391,0.032760283310610844,0.0012878715370560547,1.9117783671624285e-17,0.00019508990439574033,VILA SONIA
1714794648,3667351968,0,15.32,0,4,25.32961234016643,0.039471470123959324,0.021323689817485423,1.9528994427380994e-12,0.00018553112831169009,VILA SONIA
1714794648,1714794671,0,291.85999999999996,0,5,25.81956565861579,0.03872245761046434,0.0003773249763094065,1.1641314651977854e-12,0.00022195489726455731,VILA SONIA
1714794648,1714794651,0,110.013,0,4,26.05865638319464,0.038367175269294576,0.020536101532839603,5.698508584724776e-13,0.00018922159801631943,VILA SONIA
1714794651,1714794674,0,247.62000000000003,0,4,26.480414045057845,0.037756095317661664,0.018034167914788016,2.9067186723163666e-13,0.00019066151604259698,VILA SONIA
1714794671,1714794721,0,427.5799999999999,0,5,25.63608686827684,0.038999596228297274,0.00012554505610294693,8.681588115145969e-13,0.00022433989788296104,VILA SONIA
1714794671,1714794674,0,106.69500000000001,0,5,25.880251674446924,0.03863165819687559,0.010461283232578252,8.849366828695507e-13,0.00022350295202473662,VILA SONIA
1714794721,1714794740,0,183.29999999999998,0,4,26.334280495230363,0.037965610524936605,0.003599590598951664,1.8879697424696275e-13,0.00019404425248983981,VILA SONIA
1714794740,1714794745,0,73.853,0,5,27.30079155672823,0.036621540245779155,0.0037189273830495204,5.111135619551195e-14,0.0002489584621198116,VILA SONIA
1714794740,8777192006,0,281.96400000000006,0,4,27.31520194844733,0.03660222020775438,0.001810918453484953,7.0544818808403e-14,0.00019878574088036193,VILA SONIA
1714794745,8954033723,0,305.932,0,5,27.950071037142276,0.035770822743446375,0.0031306936105671684,2.922930370516459e-14,0.00025403973319297824,VILA SONIA
1714794745,4352843127,0,212.768,0,3,28.282321899736147,0.03535059958233762,0.0005871990604815032,1.532306172550809e-14,0.00016166182151110235,VILA SONIA
1714794745,1715575827,0,157.639,0,3,28.282321899736147,0.03535059958233762,0.0005871990604815032,1.5319995723829253e-14,0.00016166182151110235,VILA SONIA
1714794778,9327403891,0,18.147,0,4,28.948650294296733,0.03453691369277151,0.025349581760786655,1.7793909657440088e-07,0.0001955349284640948,VILA SONIA
1714794778,1714794786,0,22.228,0,4,29.795007103714227,0.033555858310626706,0.000301101192246903,1.033643162896863e-07,0.00019965433542513305,VILA SONIA
1714794785,1714794802,0,67.506,0,5,28.71483661457276,0.03481813426822545,0.0005566750564564735,1.5904697438680198e-07,0.00023540033693167793,VILA SONIA
1714794785,1714794795,0,67.688,0,5,28.494824436776945,0.03508696952861234,0.013872728699375636,1.5752145717072162e-07,0.00023119791539942804,VILA SONIA
1714794785,5008410418,0,27.031,0,3,28.716460320681957,0.03481616555701624,0.0005871990604815032,1.482277150243829e-07,0.00014675284754818663,VILA SONIA
1714794786,1714794790,0,28.783,0,4,29.73777146336513,0.0336204425394832,0.0036451179269889966,4.9649185222081464e-08,0.00020385380402388693,VILA SONIA
1714794786,9327403891,0,23.963,0,4,29.01765780393749,0.03445478072322865,0.0037177202190485305,1.4745039115672815e-07,0.00019655187623614795,VILA SONIA
1714794790,1714794802,0,89.192,0,4,29.59427643596509,0.033783459409783896,0.0006458327405295828,4.20064850780705e-08,0.00020318351808556938,VILA SONIA
1714794790,13313411888,0,62.354,0,4,30.515120763141873,0.03276398754888658,0.0026352390141608957,1.72845512914223e-08,0.00021655281940537578,VILA SONIA
1714794795,1714794830,0,65.503,0,4,28.987416277653743,0.03449072615371689,0.014276438831706678,3.310241894562037e-08,0.00018994750698960025,VILA SONIA
1714794795,1714794892,0,216.673,0,4,29.16582098640146,0.03427974947807933,9.864254408088688e-05,3.423946252642598e-08,0.00019649450831730897,VILA SONIA
1714794802,1714794848,0,91.843,0,4,29.643596509031866,0.033727251564489844,0.0002907540722384183,3.6389199903343165e-08,0.00020335509513479363,VILA SONIA
1714794808,1714795008,0,476.24099999999993,0,4,27.49056220824031,0.03636873735658491,0.0002850631562337518,4.890844517528426e-13,0.0002054179594191993,VILA SONIA
1714794808,3894489497,0,146.784,0,4,28.09640755023341,0.0355845150291481,0.002842698770331013,1.3255249681797127e-13,0.00020997153980505917,VILA SONIA
1714794808,3894489483,0,174.28,0,4,27.701846965699207,0.036091349359279636,0.0026730060021918647,1.0667961027777091e-13,0.00020682382334379394,VILA SONIA
1714794830,1714794874,0,136.388,0,4,29.644408362086462,0.033726327897136754,0.001073858604880564,7.397901120753502e-09,0.00019211434644487006,VILA SONIA
1714794848,13313411888,0,31.06,0,4,30.362289425613962,0.032928908051739696,0.0019157692695709308,1.1667266124613087e-08,0.00021672439645460003,VILA SONIA
1714794848,1714794892,0,84.367,0,4,30.102090521615587,0.03321354163154949,0.0013099453930741551,1.4563969075228597e-08,0.00020458055558590318,VILA SONIA
1714794860,1714794939,0,134.525,0,4,30.750558148975035,0.03251313461995406,0.002550047726091039,4.997282175295281e-10,0.00019737339883544886,VILA SONIA
1714794860,1714794876,0,66.017,0,4,30.539476354779787,0.03273785788340378,0.001787464981465721,4.668065496135484e-10,0.00019719917200511708,VILA SONIA
1714794863,3894489467,0,162.38000000000002,0,5,27.26466409579866,0.03667006617882426,0.02206523341809349,1.8883297425421908e-15,0.00023301699946661364,VILA SONIA
1714794863,1714794900,0,266.63800000000003,0,5,27.701846965699207,0.036091349359279636,0.0009095118487457997,8.135761703944904e-16,0.000233154883734972,VILA SONIA
1714794863,1714795021,0,136.326,0,5,27.91008727420337,0.03582206773177809,0.020103591916484944,8.080342859955059e-16,0.0002291485594891999,VILA SONIA
1714794863,1714795067,0,301.982,0,6,27.641566876395373,0.03617005653865923,0.0008688131767124268,1.9644213093310904e-15,0.0002634422223957012,VILA SONIA
1714794874,1714794946,0,80.682,0,4,30.3245382585752,0.03296990141156155,0.00019055946015625875,2.2426529525278077e-09,0.00019342281733563033,VILA SONIA
1714794874,1714794958,0,115.325,0,4,30.526283742642583,0.03275200627647055,0.00042612889234942564,3.264918388091219e-09,0.0001992571747050815,VILA SONIA
1714794876,1714794995,0,149.128,0,4,31.198295108585345,0.0320465279675241,0.0004642407843806774,1.3232827459051304e-10,0.00020637292929701157,VILA SONIA
1714794876,1714794897,0,53.0,0,4,30.529328191597322,0.032748740177372386,0.0019073191215640015,1.427379265341434e-10,0.0002000734719205811,VILA SONIA
1714794892,1714794958,0,75.70400000000001,0,4,30.04505784453014,0.03327658884565499,0.0008851961167258607,8.669722610838374e-09,0.0002023774591552729,VILA SONIA
1714794897,1714795034,0,199.73399999999998,0,4,30.67282321899736,0.03259553349875931,0.0005301174484346963,6.420993874417364e-11,0.00021319586130756285,VILA SONIA
1714794900,8022074189,0,182.518,0,4,28.470874771666328,0.03511648464455787,0.0008510506206978615,1.7367847303329132e-16,0.00020045889177710063,VILA SONIA
1714794900,12759858490,0,66.73599999999999,0,4,28.23726405520601,0.03540700808625337,0.0011740532169627236,1.7585203918777667e-16,0.00021109057535770293,VILA SONIA
1714794939,1714795041,0,102.468,0,4,31.62796833773087,0.031611168509475006,0.0007313689325997225,3.483646366487411e-10,0.00020195212434636332,VILA SONIA
1714794939,1714794995,0,62.911,0,4,31.43373249441851,0.031806500768366545,0.001938188029589314,1.6524995146342057e-10,0.00020654715612734335,VILA SONIA
1714794946,1714795041,0,75.603,0,4,30.694337324944186,0.03257268681685633,0.019690396924146123,9.030574209572479e-10,0.00019647134555872634,VILA SONIA
1714794958,3671025969,0,165.586,0,4,30.67119951288817,0.0325972590774036,0.0008196643566721247,2.0822018736299406e-09,0.00020601140144294638,VILA SONIA
1714794995,1714795046,0,49.064,0,4,32.14593058656383,0.031101822796638527,0.0018166093694896195,5.171985145727731e-11,0.00022349520008965143,VILA SONIA
1714795021,5319469296,0,25.447,0,4,28.857519788918207,0.03464597942059769,0.002111157385731149,2.0333213511043368e-16,0.00019431908651513268,VILA SONIA
1714795021,5319469299,0,34.912,0,4,28.691089912725797,0.034846952129653865,0.018047791622799188,1.8922310924418892e-16,0.00019480322369051697,VILA SONIA
1714795034,1714795048,0,212.442,0,3,31.63953724375888,0.03159960997639331,0.0,1.5062907793855996e-11,0.00017522868840276696,VILA SONIA
1714795034,1714795048,1,143.917,0,3,31.63953724375888,0.03159960997639331,5.708161204680692e-05,1.506291452170218e-11,0.00017522868840276696,VILA SONIA
1714795041,3671025969,0,54.525999999999996,0,4,31.143089100872743,0.03210333546225935,0.02004702766043856,6.078284207477551e-10,0.00020534381828334823,VILA SONIA
1714795046,1714795048,0,17.303,0,4,32.4369799066369,0.03082275352434347,0.0006439357685280273,1.4809185714763597e-11,0.00023448830756203274,VILA SONIA
1714795046,1714795107,0,123.40899999999999,0,2,33.144712806981936,0.030164600989565474,0.0005871990604815032,1.0651567679507906e-11,0.00012750438058067615,VILA SONIA
1714795067,1740956339,0,82.292,0,5,28.185102496448142,0.03547253506927442,0.031632870385938955,1.5763202224646311e-15,0.0002268022044436534,VILA SONIA
1714795067,1714795151,0,266.619,0,5,28.175766186320278,0.03548428923369495,0.001800398881476327,1.6872735218874218e-15,0.00022712102413068036,VILA SONIA
1714795101,1714795136,0,184.377,0,4,29.117718692916583,0.034336379414901405,0.0008460495126937606,2.7250927024082557e-15,0.00019959906165656607,VILA SONIA
1714795136,5319476781,0,142.269,0,4,29.478181449157702,0.03391651002829819,0.0003198984602623167,9.568277996605131e-16,0.0002030973422888231,VILA SONIA
1714795136,1714795151,0,149.31799999999998,0,4,28.909072457885124,0.0345841963000667,7.760340006363479e-05,9.498182555913495e-16,0.00019591851887191012,VILA SONIA
1714795151,1714795179,0,128.373,0,4,28.869088694946214,0.034632095501905255,0.0018081592214826904,5.659080579911701e-16,0.00019473581890867888,VILA SONIA
1714795153,1714795170,0,41.638,0,4,29.756038157093567,0.03359980355778675,0.0012261337210054295,3.0304831558906434e-15,0.00019648267402753525,VILA SONIA
1714795153,1714795175,0,35.615,0,4,30.091536431905826,0.03322519071097591,0.027242070010338494,3.0810810081810254e-15,0.00019629744200546072,VILA SONIA
1714795170,3894489431,0,54.006,0,4,29.72478181449158,0.03363513458150682,0.001996994161637535,7.872987861599407e-16,0.00019289680098899715,VILA SONIA
1714795170,1714795175,0,35.493,0,4,30.272376699817332,0.03302671100622184,0.0010690299488766044,1.2827629754651808e-15,0.000196070493264733,VILA SONIA
1714795175,8653477559,0,79.349,0,4,30.619240917393952,0.032652574223954504,0.02789428347487331,1.11106033197004e-15,0.00019209099744993706,VILA SONIA
1714795179,5319476781,0,201.465,0,4,29.451999188146946,0.03394666115360761,6.742873205529155e-05,5.796802934564095e-16,0.0002019146423255918,VILA SONIA
1714795179,3894489431,0,177.476,0,4,29.530951897706515,0.033855902789709895,0.0018519620295186087,3.4095161197964896e-16,0.0001937239553947535,VILA SONIA
1715575772,5319451918,0,19.974,0,5,30.178404708747717,0.03312955228698828,0.0013066688050714682,2.651852638669797e-13,0.00022948192981981597,VILA SONIA
1715575772,5319451919,0,45.193,0,4,30.030038563020092,0.03329323186309628,0.001623635581331381,1.5538637048616293e-13,0.00019213846395473746,VILA SONIA
1715575826,5319451951,0,9.567,0,4,29.297341181246196,0.034125862498960845,0.0026443789701683907,1.198163008755864e-12,0.00019694453871454588,VILA SONIA
1715575826,5319451959,0,26.314,0,4,28.99208443271768,0.0344851726358825,0.016360003897415203,2.002082135464001e-12,0.0001994678701204085,VILA SONIA
1715575826,5319451918,0,51.581,0,5,29.579866044245993,0.03379991766158913,0.014073462827540238,6.267219205036535e-13,0.00023182197524141679,VILA SONIA
1715575850,5319451649,0,31.494,0,4,28.59163791353765,0.034968162361309285,0.013878247163380162,1.6906258585466816e-11,0.00019497662476486565,VILA SONIA
1715575850,2583624728,0,127.409,0,5,27.82261010757053,0.03593469602135948,0.003267448046679307,6.735340740783526e-11,0.0002301603491977908,VILA SONIA
1715575870,1715575916,0,187.101,0,4,30.19484473310331,0.03311151441822948,0.00046355097638011176,1.1557623373261911e-11,0.00019884824539789903,VILA SONIA
1715575870,8653526235,0,392.4789999999999,0,4,29.65658615790542,0.03371247895536484,0.017099995430021997,5.3122739348894705e-11,0.0001931776894048087,VILA SONIA
1715575870,1715575883,0,52.953,0,4,29.964481428861376,0.033366071730958104,0.016546596961568207,1.1536888732400915e-11,0.0001986876218363263,VILA SONIA
1715575880,1715575881,0,22.192,0,4,34.07895270955957,0.02933766906680484,0.0035763095789325735,6.476023076253319e-13,0.0002134215412175576,VILA SONIA
1715575880,1715575983,0,169.433,0,4,34.989851836817536,0.028573914556686678,0.002408464633974941,1.3834251806127627e-13,0.0002175984363503043,VILA SONIA
1715575880,5008418819,0,118.20200000000001,0,2,35.03917190988431,0.02853369478330379,0.0005871990604815032,1.2583197155585867e-13,0.00012171510009161098,VILA SONIA
1715575881,1715575924,0,91.992,0,5,33.11650091333469,0.030190298164434776,0.004445812563645566,3.125589622776059e-12,0.0002402061773945305,VILA SONIA
1715575881,6348688953,0,221.81900000000002,0,4,34.041404505784456,0.029370028976520673,0.0004868319963992022,6.551570091270548e-13,0.0002028828381240724,VILA SONIA
1715575883,1715575918,0,38.097,0,4,30.198092145321695,0.033107953705321734,0.02271054880262265,2.7698528208482165e-12,0.000198332516388421,VILA SONIA
1715575883,1715575916,0,190.961,0,4,30.451796224883296,0.032832120291130126,0.006314847341178174,4.608509775297994e-12,0.00019984385784086112,VILA SONIA
1715575916,1715576064,0,333.49499999999995,0,4,30.681347676070633,0.032586477207327,0.006369169721222719,2.9200970044819702e-12,0.00019945488806635473,VILA SONIA
1715575918,2738423665,0,82.78399999999999,0,4,30.799472295514512,0.03246149892256291,0.03815638464728823,5.789873795732472e-13,0.0001922423836254525,VILA SONIA
1715575924,1715575953,0,112.835,0,5,32.29247006291861,0.030960686339209956,0.00893042682732295,3.323394992377265e-12,0.00023526616000093555,VILA SONIA
1715575924,8020645284,0,127.824,0,5,33.11913943576213,0.030187892975768793,0.012303243046088659,3.2493920807514653e-12,0.00023528374903967065,VILA SONIA
1715575924,7742138510,0,52.33,0,5,32.83052567485285,0.03045327530354361,0.025118496080597165,1.164676242585604e-11,0.00024581831591299376,VILA SONIA
1715575941,1715575949,0,30.596,0,2,34.29084635680942,0.029156382619812845,0.0005871990604815032,3.0065188713458196e-15,0.000110987096684466,VILA SONIA
1715575949,1715576059,0,92.94899999999998,0,5,33.3805561193424,0.029951479333114442,0.0009967725608173534,1.346917139342173e-14,0.00023165274730119626,VILA SONIA
1715575949,2531408662,0,237.901,0,4,34.18977065151208,0.02924257804847643,0.00017728065614537012,5.3588900703142686e-15,0.0001960352768512675,VILA SONIA
1715575953,8020645284,0,84.14999999999999,0,4,32.41668358027197,0.030842051879261444,0.00015124040412401712,1.3956593816957609e-12,0.0001933920515296969,VILA SONIA
1715575953,1715576064,0,150.10500000000002,0,4,31.527704485488126,0.03171169779254138,0.008817643219230467,1.34029919600686e-12,0.00019613987861061868,VILA SONIA
1715575983,6348688954,0,80.422,0,4,35.85467830322712,0.027884702472602118,0.0007225738805925105,5.68771553820844e-14,0.00020826050729518154,VILA SONIA
1715576059,2531408666,0,232.14,0,6,33.288004871118325,0.03003475397841595,0.005775589936735983,1.5884785244570247e-14,0.0002594132778533376,VILA SONIA
1715576064,1715576144,0,55.495,0,4,31.51593261619647,0.03172354278427862,0.0064591896652965355,7.323180191867979e-13,0.00019985690681443655,VILA SONIA
1715576066,1715576112,0,51.917,0,4,33.38481834787903,0.029947655437815756,0.0017007216253945917,7.071378615589457e-14,0.00020195814604422486,VILA SONIA
1715576066,1715576210,0,172.745,0,4,34.22873959813274,0.02920928577781731,0.0001638294001343401,5.6746068793041444e-14,0.00020207306109729396,VILA SONIA
1715576066,8490471802,0,97.32400000000001,0,4,34.17251877410189,0.029257341062434668,0.0017019287893955816,1.8066877880289443e-13,0.00020059795891639025,VILA SONIA
1715576112,1715576144,0,26.996000000000002,0,4,32.43474731073675,0.030824875161132873,0.001985612329628202,1.6019002507346813e-13,0.00020150155353342174,VILA SONIA
1715576112,1715576243,0,195.77100000000002,0,4,33.368784250050744,0.029962045642547806,0.00040991840433613304,4.412918981764918e-14,0.0002025613368700277,VILA SONIA
1715576144,2531408675,0,43.242999999999995,0,4,32.36391313172316,0.03089234088186784,0.005110787476190846,1.5339566668663657e-13,0.00019991633000339753,VILA SONIA
1715576148,8490471802,0,94.13900000000001,0,4,34.18875583519383,0.02924344604863222,0.011681726037579014,1.9681928113428587e-13,0.00020063562989014615,VILA SONIA
1715576148,1715576210,0,49.4,0,4,35.060888979094784,0.028516020724188833,0.01069461078876958,7.291425136020135e-14,0.00020211073207104986,VILA SONIA
1715576148,6348688953,0,44.275999999999996,0,4,34.98234219606251,0.028580048503695797,0.0007558571166198028,1.7164447034624413e-13,0.00020265164777568914,VILA SONIA
1715576210,1715576243,0,49.2,0,4,34.26507002232596,0.029178315879258874,0.010357122224492839,3.014946981596183e-14,0.00020267625192309675,VILA SONIA
1715576243,1715576278,0,55.994,0,4,34.22508625938705,0.02921240370759131,0.010265722664417892,1.4561748862348632e-14,0.0002035002466553676,VILA SONIA
1715576278,2531408677,0,57.882999999999996,0,4,35.02110817941953,0.028548412335046857,0.0024050155939721127,1.0555922822335295e-14,0.0002044844051050613,VILA SONIA
1715641288,8655652059,0,3.532,0,4,30.514308910087273,0.032764859256106,0.0010676503328754731,8.197666609839178e-18,0.00020785295857273355,VILA SONIA
1715641288,8655652053,0,2.559,0,4,30.453014004465192,0.032830807373935296,0.0010971396248996544,9.899103747814605e-18,0.00020289861719298373,VILA SONIA
1715641368,8061968996,0,2.435,0,4,31.880454637710574,0.031360814897342035,0.019985289844387938,1.0921934987506606e-10,0.0002199359848903034,VILA SONIA
1715641368,3671025969,0,22.617,0,4,31.2821189364725,0.03196065582279549,0.020375031364707523,4.6283484040351364e-10,0.00021851224816335426,VILA SONIA
1715641368,8061968988,0,73.896,0,2,32.184290643393545,0.0310647529198093,0.0005871990604815032,9.158819312991436e-11,0.0001234107619205901,VILA SONIA
1715641384,5008419955,0,145.928,0,4,33.097828293078955,0.030207330459364825,0.008909387683305698,1.1408295382819478e-09,0.00021065691123701397,VILA SONIA
1738793062,5320924765,0,116.028,0,6,31.592246803328596,0.03164691143875879,0.002346726817924316,1.3457265014251356e-17,0.00027052093552686757,VILA SONIA
1738793062,13265945695,0,157.812,0,6,31.008930383600568,0.03224222907298682,0.07470896569326135,8.510007962360364e-18,0.0002491281941332182,VILA SONIA
1740915589,1986582506,0,62.094,0,5,31.327988634057235,0.031913859788925386,0.05818771917571393,8.371120869099614e-18,0.00022547026738084343,VILA SONIA
1740915589,2596068228,0,315.491,0,6,31.345443474731074,0.031896088423260964,0.0003600797762952654,1.3329009241290974e-17,0.0002459090104272818,VILA SONIA
1740915603,8021921824,0,191.846,0,6,31.785061903795413,0.03145493438906804,0.01203801186987117,2.4844257794623935e-17,0.0002438120147513751,VILA SONIA
1740915603,1740915607,0,109.947,0,5,31.3381367972397,0.03190352519057272,0.015538442568741522,2.607315152763081e-17,0.00022661596299035564,VILA SONIA
1740915603,2596068228,0,110.935,0,6,31.374264258169273,0.0318667882857531,0.024864129380388584,2.0674696691607666e-17,0.00024846004219764424,VILA SONIA
1740915603,2529285735,0,110.31899999999999,0,5,31.78587375685001,0.0314541309886405,0.0006506613965335423,2.2087198200330865e-17,0.00022779145784650675,VILA SONIA
1740915607,5673185794,0,304.206,0,4,31.319261213720317,0.03192275290000648,0.01651124430153922,7.492476937044852e-18,0.00019603180199669618,VILA SONIA
1740915607,5673184412,0,66.448,0,4,31.83052567485285,0.031410007077772605,0.0029282349624011523,1.4443794607535294e-18,0.0002193383096249111,VILA SONIA
1740956339,1740956343,0,38.41,0,4,29.094783844124212,0.03436344611091734,0.0002485033322037727,3.596274812101855e-16,0.00019439377845941372,VILA SONIA
1740956339,5319469931,0,50.733,0,4,29.13801501928151,0.034312462124642146,0.03154871380986994,3.6666499449896734e-16,0.0001938808090558284,VILA SONIA
1740956343,1740956357,0,550.549,0,4,29.80596711995129,0.033543519413839595,0.000965903652792041,9.52211143432387e-17,0.0001996277665286226,VILA SONIA
1740956343,5319469931,0,53.152,0,4,29.8591434950274,0.033483781505750564,0.0012983911090646805,1.6052589684608237e-16,0.00019724986212012443,VILA SONIA
1740956357,5319469300,0,19.76,0,4,30.477775522630402,0.03280413414666631,0.0007951761726520444,2.838183676592434e-17,0.00020168113592830325,VILA SONIA
1741797591,5319064171,0,121.316,0,5,33.49949259184088,0.029845139713544824,0.0021444406217584412,3.944494058206568e-17,0.0002286657927420813,VILA SONIA
1752554091,8058812186,0,172.07899999999998,0,6,24.479805155266895,0.04084170729280669,0.038487664939559886,6.870471122421647e-08,0.0002409995709383719,VILA SONIA
1752554091,1955890570,0,76.50000000000001,0,6,24.28800487111833,0.04116423074030434,0.009101326759463088,2.110717516483503e-08,0.0002436437571128435,VILA SONIA
1752564446,1984755309,0,73.452,0,4,29.16642987619241,0.03427903384062963,0.0005390849524420496,8.582286363478682e-11,0.00020890718287338463,VILA SONIA
1752564446,1984755332,0,172.86800000000002,0,4,28.456464379947228,0.035134267679469346,0.0006349682645206739,1.9647795135809356e-10,0.0002092167770047776,VILA SONIA
1752564446,8058812196,0,33.636,0,2,29.328394560584535,0.03408972948284095,0.0005871990604815032,4.519750599757999e-11,0.00011915060872574221,VILA SONIA
1752564455,1955996607,0,52.334,0,4,26.00852445707327,0.03844112873017855,0.00020642504416926852,3.0238496587163123e-09,0.00018289960296490905,VILA SONIA
1752564455,1986582554,0,185.94799999999998,0,4,25.87822204181043,0.03863468808332418,0.00043768317635890016,1.7405484197133872e-09,0.00018781875789319763,VILA SONIA
1768208176,1768208193,0,209.128,0,5,26.725796630809825,0.037409438174941904,0.0010305731528450698,2.842275085236787e-17,0.00023197826318614392,VILA SONIA
1768208176,4781934547,0,73.956,0,5,26.441039171909885,0.03781232009211284,0.013576628615132834,1.0701299876388154e-17,0.00021891744190401214,VILA SONIA
1768208185,8672560783,0,357.1260000000001,0,4,28.049725999594074,0.03564373629713244,0.00044854765236780907,1.744558555631413e-18,0.00018326424856096715,VILA SONIA
1768208185,1955996622,0,14.989,0,5,27.665516541505987,0.036138744607799984,0.0001653814681356128,1.7402882700079425e-17,0.00021538127032732734,VILA SONIA
1768208193,8676642707,0,126.987,0,3,27.387862796833772,0.0365051133837261,0.0005871990604815032,1.9706522038115405e-17,0.00015161693580491024,VILA SONIA
1955890487,1962919679,0,36.044999999999995,0,4,24.247209255124822,0.04123348902616644,0.0012045772209877533,2.1145817429894208e-14,0.0001817165083832647,VILA SONIA
1955890521,1963203742,0,200.313,0,4,24.399431702861783,0.040976242763026555,0.06496353071327009,2.764155617021599e-13,0.00019960533747692807,VILA SONIA
1955890521,4358453797,0,30.493,0,4,24.66754617414248,0.04053086714333907,0.04489063525281032,6.031864384468528e-14,0.00019596033060177142,VILA SONIA
1955890524,2568278147,0,56.824999999999996,0,4,24.85082200121778,0.04023195034302515,0.05678758138656581,4.657112043840889e-15,0.00018546094070412693,VILA SONIA
1955890524,4358453797,0,74.396,0,4,24.853663486908868,0.040227350678622174,0.04483510570876478,1.490479565395255e-14,0.00019243247573212568,VILA SONIA
1955890562,1955890570,0,26.562,0,5,24.567079358636086,0.04069661770294609,0.01747818266633211,8.685937817716595e-09,0.00021950967857341195,VILA SONIA
1955890562,1963219760,0,58.70099999999999,0,4,25.410797645626143,0.03934536218340402,0.020042716360435028,4.018988975985717e-09,0.00019732458413009902,VILA SONIA
1955890570,8676878580,0,49.208,0,5,24.156890602800893,0.041387654279496894,0.008284249182793083,6.87575649009924e-09,0.0002152938148048387,VILA SONIA
1955996554,8651719965,0,74.456,0,4,25.89080576415669,0.03861591044495312,0.03286021127094537,1.3574205437278501e-08,0.00018866585119504094,VILA SONIA
1955996554,1955996607,0,86.148,0,4,26.002232595900143,0.038450430479342455,0.03395786825184545,4.235387837931814e-09,0.00018730044699406597,VILA SONIA
1955996554,1986582559,0,19.847,0,4,26.573777146336514,0.0376234447677749,0.001214062080995531,3.2283404277275575e-09,0.00019425185765585757,VILA SONIA
1955996571,1986582559,0,18.905,0,4,27.39090724578851,0.03650105590752473,0.005338941472377932,1.276611877062234e-09,0.0001980091099273129,VILA SONIA
1955996571,1955996582,0,46.912000000000006,0,4,26.76090927542115,0.03736035373262243,0.005137345084212623,2.9111470228414007e-09,0.0001969058914498466,VILA SONIA
1955996571,1984755332,0,138.177,0,4,27.554089709762533,0.036284887189799574,0.0011930229369782788,7.563417517996334e-10,0.00019912722808814248,VILA SONIA
1955996578,1955996592,0,34.958,0,4,24.144915770245586,0.04140818076360518,0.00012571750810308835,2.4640645484154524e-11,0.00019544922968543204,VILA SONIA
1955996578,4359249454,0,56.548,0,4,23.988228130708343,0.04167865301632964,0.06426216842869498,2.4630253311412424e-11,0.0001955195858403723,VILA SONIA
1955996582,8651719965,0,5.647,0,4,26.042013395575403,0.03839169504867156,0.021336106361495605,1.333446365760482e-08,0.00019005341961071754,VILA SONIA
1955996582,5005960364,0,71.154,0,4,26.871524254110007,0.03720656213178646,0.015775046712935538,2.8154271630772503e-09,0.0001936728115002518,VILA SONIA
1955996584,1955996609,0,54.747,0,4,25.362898315404912,0.03941966822179365,0.0025355617580791606,1.5635340627639688e-16,0.00017090416674790803,VILA SONIA
1955996592,4359249456,0,39.384,0,4,24.200324741221838,0.04131337275128947,0.010784285828843113,6.115184229996592e-12,0.00019975135884080098,VILA SONIA
1955996592,4359249462,0,142.012,0,4,24.58899939111021,0.040660338423442015,0.01103572084504929,5.353513349427412e-12,0.00020047843168059662,VILA SONIA
1956003701,2057650319,0,405.25,0,4,25.689263243352954,0.0389188676711095,0.034693203580448424,-1.0828069577015917e-17,0.00018684769697704592,VILA SONIA
1956812060,1956812192,0,15.84,0,4,28.680332859752387,0.03486002207942933,0.003689093187025056,-6.5591131075500316e-18,0.00018074964853564016,VILA SONIA
1956812070,1956812105,0,11.961,0,5,27.798863405723566,0.03596539261855219,0.004315783755538942,-3.8210691929544365e-17,0.0002066144155965734,VILA SONIA
1956812105,3893837244,0,35.872,0,5,27.3245382585752,0.036589713878242267,0.011322163617284173,-1.433422283592483e-17,0.00021599365163758286,VILA SONIA
1956812105,5312398009,0,81.84100000000001,0,5,28.026588187538056,0.03567316257142236,0.004710526383862631,-3.067339841301325e-17,0.00020771270787804793,VILA SONIA
1956812192,5312398009,0,60.748,0,4,28.271767810026386,0.035363796259736534,0.004648098759811441,-1.466520516891754e-17,0.0001778029871920914,VILA SONIA
1956812192,8672560783,0,68.705,0,4,28.334280495230363,0.03528577466100299,0.0005756447764720286,-6.1224024787632144e-18,0.0001844902653317061,VILA SONIA
1963203702,1963203743,0,28.177999999999997,0,6,25.83986198498072,0.038692042446568695,0.05568664781766305,-2.3317911398506596e-17,0.00023671086420599393,VILA SONIA
1963203702,2057650319,0,50.132000000000005,0,5,25.553480819971586,0.03912566917126019,0.033002829075062315,-2.985295587185371e-17,0.00020996672538384329,VILA SONIA
1963203742,1963203876,0,32.685,0,4,24.409782829307897,0.040958866521988574,0.059951213329159994,1.1481430069497866e-12,0.00020215095463884476,VILA SONIA
1963203876,4359249454,0,81.23,0,4,24.311548609701646,0.04112436656286785,0.06781847357561115,5.288585356631086e-12,0.00020072274687745777,VILA SONIA
1963219745,8020887685,0,6.828,0,4,25.73574183072864,0.03884858044164038,0.0020623534696911296,7.764987231122705e-12,0.00020254820020783256,VILA SONIA
1963219745,2302446871,0,60.393,0,4,25.63101278668561,0.039007316841405085,0.06359408938014716,7.748690478388545e-12,0.0001980292565682929,VILA SONIA
1963219760,5005964212,0,13.569,0,4,25.94093769027806,0.03854128361408642,0.0003209331722631652,8.825342702653338e-10,0.00020665368930354532,VILA SONIA
1963366455,1963366469,0,179.095,0,4,24.05419119139436,0.04156435894190609,0.0,1.7514948808829086e-08,0.00017669188194601498,VILA SONIA
1963366757,5005960362,0,77.615,0,4,29.137203166226914,0.03431341817649886,0.0018800717055416586,1.0488633326254007e-09,0.00021865338407084581,VILA SONIA
1963366757,5005960360,0,53.102000000000004,0,2,29.22813070834179,0.03420667050907247,0.0005871990604815032,9.602494010407316e-10,0.00012372357090358426,VILA SONIA
1963366783,1963366926,0,43.381,0,4,25.134158717272175,0.039778416615523754,0.01306013487470931,4.497989453398243e-08,0.00018315051344040676,VILA SONIA
1963366800,9746989801,0,165.66200000000003,0,4,26.88187538055612,0.03719223538471993,0.0015099897132381914,6.563180709962946e-05,0.00017974658075206213,VILA SONIA
1963366800,8645324984,0,14.395,0,4,26.156484676273596,0.03822367757404577,0.008327534634828578,1.536879559128369e-05,0.00018371587342183988,VILA SONIA
1963366926,7931940563,0,52.563,0,4,25.87071240105541,0.038645902796846196,0.006128944085025734,6.334028908121934e-08,0.00018376444566723304,VILA SONIA
1984755290,1984755331,0,104.47999999999999,0,3,27.630200933631013,0.03618493543126625,0.0005871990604815032,3.3957336297928515e-11,0.00014539515354788582,VILA SONIA
1984755309,1984755355,0,153.619,0,5,28.364522021514105,0.035248153872574274,0.011648960157552147,2.2917188907483546e-10,0.00023629577106302368,VILA SONIA
1984755309,1984755330,0,28.834,0,4,28.983762938908058,0.034495073632906874,0.01219959939400367,6.519692095007031e-11,0.00019804050419911895,VILA SONIA
1984755319,1984755357,0,18.919,0,4,29.68175360259793,0.03368389381983288,0.001120075740918462,2.772013761941936e-10,0.00020459024526907961,VILA SONIA
1984755331,8058947104,0,191.176,0,5,27.14674243961843,0.03682935582271667,0.022510849386458896,1.1549329882322816e-10,0.0002283661595628394,VILA SONIA
1984755332,1984755355,0,73.352,0,5,28.453216967728842,0.03513827761093952,0.00026816286021989354,3.398269622884664e-10,0.0002366253408242899,VILA SONIA
1984755355,5005960364,0,158.80599999999998,0,5,27.688248427034708,0.03610907491570151,0.011859006693724385,6.86925597649684e-10,0.00023314409476055716,VILA SONIA
1984755357,5005960362,0,208.186,0,4,29.27603003856302,0.03415070402029908,0.00033662630427603354,2.8843835974563413e-10,0.00020676462102110738,VILA SONIA
1986582368,1986582533,0,105.194,0,4,32.33671605439415,0.030918323154848954,0.0011243870409219973,3.5040788796272545e-18,0.00020102836752260083,VILA SONIA
1986582368,1986582434,0,66.344,0,4,32.59650903186523,0.030671905257062447,0.0015732795972900893,4.783862128375518e-18,0.00020259836877179607,VILA SONIA
1986582368,1986582462,0,74.0,0,4,32.62756241120357,0.030642713180223446,0.002072873041699756,1.1230424914170413e-17,0.0001968859488208905,VILA SONIA
1986582374,1986582563,0,127.47999999999999,0,4,31.753805561193424,0.031485896542687485,0.0077948304063917605,5.046362325602187e-18,0.00020492698085015402,VILA SONIA
1986582374,1986582462,0,247.323,0,4,32.28759894459103,0.030965357270824296,0.007582541994217684,1.4679974252450933e-17,0.00019778052692521098,VILA SONIA
1986582374,1986582533,0,165.91199999999998,0,4,32.155672823219,0.031092399845989736,0.00042906057635182964,1.6279429192738862e-17,0.00020192294562692127,VILA SONIA
1986582402,8672577185,0,14.504,0,4,31.98092145321697,0.03126229612235832,0.010221574952381692,2.3220811497477172e-17,0.0001865038716813613,VILA SONIA
1986582402,8672577188,0,19.016,0,5,31.801501928151005,0.03143867352539474,0.009509003287797382,3.6190668975289213e-17,0.00022505870598286195,VILA SONIA
1986582402,1986582522,0,52.071,0,4,32.36594276435965,0.030890403657182992,0.00034438664428239704,3.024159362394927e-17,0.0001872975880423894,VILA SONIA
1986582407,1986582533,0,70.10300000000001,0,4,32.02638522427441,0.03121791703106582,0.0007017071885753999,3.3781918060114158e-18,0.0002020706290627339,VILA SONIA
1986582407,8656052862,0,76.45400000000001,0,4,32.2953115486097,0.030957962279803165,0.019875437920297858,3.586752111210443e-18,0.0002027201210550007,VILA SONIA
1986582443,1986582444,0,46.211999999999996,0,5,34.77714633651309,0.0287486795800335,0.01100261006102214,8.312770105385625e-17,0.00021380180599578762,VILA SONIA
1986582443,3442925791,0,8.342,0,5,35.01583113456464,0.02855271471050237,0.01054285302864514,6.588303684453422e-17,0.0002175848742929963,VILA SONIA
1986582444,4339389188,0,66.72500000000001,0,4,34.86482646640958,0.028676380698455572,0.004849522695976608,6.035368315093654e-17,0.000180167289159498,VILA SONIA
1986582456,1986582515,0,91.69399999999999,0,4,31.860767201136593,0.03138019340289722,0.006992928605734201,5.329746659395634e-18,0.0002041587689047529,VILA SONIA
1986582477,5312847088,0,215.166,0,4,31.247412218388472,0.03199615474551171,0.009113570851473128,1.8267509424775512e-17,0.00019534548913161456,VILA SONIA
1986582477,1986582563,0,177.40200000000002,0,4,31.323117515729653,0.031918822774721536,0.016735604353723194,1.4437384055350997e-17,0.000204432061249142,VILA SONIA
1986582478,1986582515,0,104.30199999999999,0,4,31.454434747310735,0.0317855667974396,0.0080269507985821,-1.0536708281785603e-18,0.0002002772310925383,VILA SONIA
1986582480,1986582551,0,334.401,0,4,31.943779175969148,0.031298646012694824,0.00025867800021211595,2.4245772925565402e-17,0.0001774521820911064,VILA SONIA
1986582506,3894495387,0,40.04,0,4,31.578242338136796,0.03166094635764143,0.024115687699774863,-2.4673955904417e-19,0.00021260363988022366,VILA SONIA
1986582506,2558340371,0,145.30599999999998,0,4,31.431702861782018,0.031808554602748215,0.036724515690114104,-5.769129272846472e-18,0.0002106337545908715,VILA SONIA
1986582522,8672595622,0,8.96,0,4,32.09275421148772,0.031153357239076404,0.0016039760533152602,3.1006682714692486e-17,0.00018770639998694924,VILA SONIA
1986582522,1986582551,0,235.943,0,4,32.278465597726814,0.03097411906738097,0.0014001377891481128,1.9918080409516292e-17,0.0001841001948951042,VILA SONIA
1986582532,8656075341,0,49.165,0,4,29.576212705500303,0.03380409272450282,0.001567761133285564,-7.888427475437947e-19,0.00019169156425753283,VILA SONIA
1986582554,1986582559,0,144.726,0,4,26.56971788106353,0.037629192798050555,0.004291985379519428,1.0778096880230725e-09,0.00019471038881549752,VILA SONIA
1986582554,8058947104,0,308.784,0,4,26.513700020296326,0.03770869535262912,0.004304229471529468,4.864319645036577e-10,0.0001904815302411698,VILA SONIA
1986582563,3894495387,0,45.512,0,4,31.567688248427036,0.03167153162652539,0.024326079139947384,8.580201832028987e-18,0.00021625328448197784,VILA SONIA
2281426266,8676621816,0,78.165,0,2,28.313578242338135,0.03531157482742059,0.0005871990604815032,1.378410132102595e-17,0.00010665907413802083,VILA SONIA
2281426273,8953346417,0,83.003,0,4,28.37527907448752,0.03523479131647652,0.0013547829131109218,1.4787921800951745e-13,0.00022325695410637894,VILA SONIA
2281426273,8953203263,0,281.061,0,4,29.342196062512684,0.03407369491384737,0.00030420532824944834,3.1104892639973296e-14,0.00024531102516803927,VILA SONIA
2281426273,12771445406,0,84.457,0,2,29.36371016845951,0.03404872991187144,0.0005871990604815032,2.866194099160674e-14,0.00012951452265369312,VILA SONIA
2281426277,2281426279,0,120.342,0,4,27.636898721331438,0.0361761660314173,0.0006139291205034218,1.6376058107892354e-17,0.0001919024748224615,VILA SONIA
2302446871,2302446876,0,203.707,0,4,25.719707732900346,0.03887279929924795,0.0006911876165667738,7.528013993718917e-12,0.0001966378106385454,VILA SONIA
2302446885,2302446886,0,64.293,0,2,26.2248832961234,0.03812398421174832,0.0005871990604815032,1.1941041061330746e-12,0.00012218010049786784,VILA SONIA
2324559200,2324559201,0,39.765,0,2,29.687842500507408,0.03367698534237585,0.0005871990604815032,8.497228998685059e-17,0.00011830034384282002,VILA SONIA
2448588995,8974040799,0,286.15299999999996,0,5,27.782423381367973,0.035986674848777066,0.0011626713849533904,-9.289099823403845e-18,0.00023241052021137518,VILA SONIA
2448588995,8015622985,0,15.226,0,5,28.187538055611935,0.035469470046082946,0.0011000713089020584,-9.198800126097023e-19,0.0002320326569173739,VILA SONIA
2529285676,8656052861,0,8.292,0,4,32.97442662878019,0.03032037669651925,0.0031603553545914913,-3.498000826428943e-18,0.0002026197600692771,VILA SONIA
2529285676,8656052858,0,14.436,0,4,33.11771869291658,0.030189188029735674,0.0007641348126265904,1.0995114447779673e-18,0.00020254940391433685,VILA SONIA
2529285726,2529285735,0,116.885,0,4,32.6474528110412,0.030624044164273192,0.004027788915302787,2.0768142199753972e-17,0.00019950810470860576,VILA SONIA
2529285726,5004140880,0,232.39999999999998,0,4,32.995940734727014,0.03030060711935093,0.04524847315310374,2.946964350369136e-17,0.00019397279960934124,VILA SONIA
2529285726,5669520896,0,28.921,0,4,32.70570326770854,0.03056950124425193,0.041118420201717104,1.734210071511021e-17,0.00020052246027449624,VILA SONIA
2529285735,5669711269,0,19.874,0,4,32.724578851227925,0.030551868712554425,0.0040953900993582195,1.005964061442306e-17,0.00022051016134508311,VILA SONIA
2529285771,5673185737,0,12.713,0,4,33.82321899736148,0.02955948801958631,0.0028323516503225283,4.20853293295814e-18,0.00025962075876468933,VILA SONIA
2529285771,5673185734,0,19.881,0,2,34.7879033894865,0.028739789964994166,0.0005871990604815032,5.303380281188974e-18,0.00014068749909238026,VILA SONIA
2529285771,5320924520,0,23.803,0,4,34.74243961842907,0.02877739870075244,0.002863393010347982,6.294804994223509e-18,0.0002624698237430548,VILA SONIA
2529285780,8021921820,0,36.051,0,2,33.232392936878426,0.030085014902037428,0.0005871990604815032,4.3089546958812385e-18,0.00010966130428346667,VILA SONIA
2531408662,5599475706,0,39.382,0,4,33.87517759285569,0.029514148936807608,0.00023712150019443963,9.254121267366548e-15,0.00018922237084753032,VILA SONIA
2531408662,2531408666,0,18.286,0,5,34.18489953318449,0.029246744919224126,0.0005266684084318681,7.777853906676576e-15,0.00022496639689761135,VILA SONIA
2531408666,5599475706,0,35.368,0,5,33.537040795615994,0.02981172497685143,0.006028921924943716,1.1601725823931841e-14,0.00022498839538561284,VILA SONIA
2531408669,2738423665,0,79.158,0,5,31.649685406941344,0.03158947786940964,0.03728032848656987,1.3880414417157165e-13,0.0002232280584213381,VILA SONIA
2531408675,5599475706,0,193.81599999999997,0,4,33.20803734524051,0.030107079992176804,0.005867161948811072,3.3108829969952174e-14,0.00019426298907853316,VILA SONIA
2531408677,6348688954,0,193.255,0,4,35.78079967525878,0.027942277584915937,7.553397606193785e-05,3.586274551593537e-14,0.00020540210011579216,VILA SONIA
2568278147,9322025384,0,68.768,0,4,24.90968134767607,0.04013688584698118,0.0003245546642661348,3.4526910570091734e-15,0.00017679638834461122,VILA SONIA
2596068228,5669520896,0,72.075,0,5,31.81976862187944,0.031420625605960095,0.04089423260153327,1.7531541490714614e-17,0.00022433096781451856,VILA SONIA
2603672105,3894495386,0,8.985,0,5,33.86787091536432,0.02952051633936009,0.0004613091003782734,5.5069213693453884e-17,0.0002254372359783364,VILA SONIA
2603672105,4387319740,0,62.893,0,6,33.44875177592856,0.029890413951286998,0.0012513117130260754,9.140513691838881e-17,0.0002585464325520966,VILA SONIA
2603672105,5004140880,0,48.592,0,5,33.432920641363914,0.029904567640416695,0.045100681788982556,6.552526625523942e-17,0.00022496917035599233,VILA SONIA
2656725118,4108174091,0,162.231,0,4,25.938908057641566,0.03854429934038075,0.05554661679354822,1.0790490236795903e-07,0.00018819112794626541,VILA SONIA
2738423665,6960587408,0,82.068,0,4,31.682768418916176,0.031556492271029656,0.00045958458037685933,1.316741340035013e-13,0.0001871473442225498,VILA SONIA
2753810780,2753810782,0,9.926,0,6,24.004871118327582,0.041649756493506496,0.006086003536990523,2.590817237133976e-14,0.00024757042454320443,VILA SONIA
2753810782,7285173455,0,15.878,0,5,24.10452608077938,0.041477564561353285,0.0547028091568563,2.4450135062557645e-14,0.00021413481820746578,VILA SONIA
2753810782,5391562960,0,11.959,0,5,24.36371016845951,0.041036321226257916,0.0008408759526895182,2.4337363128559275e-14,0.00022373900297542325,VILA SONIA
2753810782,7194431432,0,408.362,0,6,23.85569311954536,0.04191020699864723,0.0527351318352428,8.643246445108113e-14,0.0002488351375707908,VILA SONIA
2753810787,7194431432,0,10.78,0,6,24.1692713618835,0.04136645336826725,0.0835119504924798,1.0285784996824635e-13,0.00025151229897546327,VILA SONIA
2753810794,4179717493,0,94.396,0,4,24.92673026182261,0.04010943377790806,0.04939749582450594,1.7250908822300187e-10,0.00018617546387741788,VILA SONIA
2755099374,5319469286,0,27.234999999999996,0,4,30.235234422569516,0.0330672824547389,0.011990760021832423,4.344789040046477e-18,0.0002028466847976389,VILA SONIA
2755099374,8660002147,0,82.08699999999999,0,4,30.854678303227114,0.032403417948836014,0.06255506607929515,8.16647087365799e-18,0.00020357636580718008,VILA SONIA
3442925791,12999289848,0,125.41000000000001,0,4,34.42662878019078,0.029041386628935267,0.009029931631404543,3.725582891077099e-17,0.000189256550019979,VILA SONIA
3645341342,8653405104,0,18.796,0,4,29.900548000811852,0.03343741515069237,0.04710491893462603,2.7702728672068e-18,0.00020626362868006356,VILA SONIA
3645341342,8653405105,0,21.338,0,4,29.19910696163994,0.03424067174553745,0.00017797046414593578,2.288506201312141e-18,0.00020796645021562863,VILA SONIA
3645341342,5319469286,0,275.087,0,4,29.59955348081997,0.033777436453026326,0.04705266597858318,-6.0510811993542274e-18,0.00020457046999987173,VILA SONIA
3671025966,8061965520,0,48.898,0,4,31.060686015831134,0.032188504665568884,0.0003524918882890433,1.050581309285715e-11,0.0002080348201302493,VILA SONIA
3671025966,8061965524,0,112.35300000000001,0,4,30.686218794398215,0.032581304442724765,0.00037853214031039633,2.441915371187055e-11,0.00021060886590873896,VILA SONIA
3671025966,3671025967,0,84.32000000000001,0,4,31.37954130302415,0.03186142930138998,0.0001410657361156739,1.0383313135304295e-11,0.00021014910211219218,VILA SONIA
3671025967,8061965524,0,138.971,0,4,30.97178810635275,0.032280894900326346,0.001563104929281746,2.3813229019698976e-11,0.00021210933466501547,VILA SONIA
3685404552,8674369329,0,21.035,0,4,27.182869900548003,0.03678040767565146,0.006599393141411502,2.354034057380648e-08,0.00019820397460234236,VILA SONIA
3835080818,4781934546,0,76.604,0,4,26.877207225492185,0.037198695100585995,0.08414812592100146,-7.326546711687014e-18,0.0001900370831588061,VILA SONIA
3835080822,8672269412,0,69.642,0,4,28.688248427034708,0.03485040361663141,0.030648341917131637,-1.7723001461257773e-17,0.0001929409751619566,VILA SONIA
3893837240,3893837245,1,165.13900000000004,0,3,27.81124416480617,0.03594938186913432,0.00026850776422017637,1.7144582116988883e-17,0.00015768008173269778,VILA SONIA
3893837240,3893837245,0,199.889,0,3,27.81124416480617,0.03594938186913432,0.0,1.4768202828091433e-17,0.00015768008173269778,VILA SONIA
3893837244,3893837245,0,68.362,0,4,27.56931195453623,0.03626485268783957,0.0005794387204751397,1.1455169633302057e-17,0.00019744510623835983,VILA SONIA
3893837254,3893837256,0,49.553,0,4,27.02232595900142,0.036998925934549606,0.0016738191133725316,1.182135905075017e-10,0.0002445754088567323,VILA SONIA
3893837254,3893837255,0,75.553,0,2,27.023543738583317,0.03699725862781179,0.0005871990604815032,1.0794604430176407e-10,0.0001289648581197374,VILA SONIA
3893837256,5005959059,0,56.913,0,4,27.02192003247412,0.03699948173685752,0.0019552607776033137,4.78159850075343e-11,0.00024657859508563524,VILA SONIA
3893837256,3893837557,0,63.134,0,2,27.53216967728841,0.03631377579229051,0.0005871990604815032,2.6582001885874436e-11,0.00013445709504958373,VILA SONIA
3894449143,3894449144,0,54.653,0,4,29.564643799472297,0.033817320564308515,0.0012873541810556304,3.637642211396552e-13,0.00021968099048930137,VILA SONIA
3894449144,3894449145,0,93.359,0,2,29.63628983154049,0.03373556684792286,0.0005871990604815032,2.9300393156300553e-13,0.00012291363414797008,VILA SONIA
3894449144,8058769938,0,535.7620000000001,0,4,28.69332250862594,0.034844240726593666,0.00016917541213872382,1.4663351178547729e-12,0.0002160205129421601,VILA SONIA
3894489434,5320924765,0,74.075,0,3,32.591434950274,0.03067668049172365,0.0005871990604815032,2.7307771548690504e-19,0.00016134539075754405,VILA SONIA
3894489467,3894489506,0,37.111,0,4,27.041607469048103,0.036972544545686534,0.031591481905905015,3.1078625858367135e-15,0.00020043357735664667,VILA SONIA
3894489467,4352843129,0,129.173,0,4,27.381976862187944,0.036512960396112994,0.009875118884097598,5.04801503793902e-15,0.00021033584289228862,VILA SONIA
3894489483,4352843129,0,142.125,0,4,27.558148975035518,0.03627954249184336,0.0095357333478193,2.2194129427086454e-14,0.00021407485842798128,VILA SONIA
3894489491,5319451186,0,34.462,0,4,29.077937893241323,0.034383354156923784,0.0011740532169627236,1.309028822954924e-13,0.00021826962306824093,VILA SONIA
3894489491,3894489497,0,128.874,0,4,29.069616399431702,0.03439319676595032,0.0017859129134644486,7.593306742652316e-14,0.0002121993326765229,VILA SONIA
3894489497,5319451886,0,103.28800000000001,0,4,29.062512685203977,0.03440160345273097,0.0027756149422760042,1.562099702516968e-13,0.00021850756771151362,VILA SONIA
3894489506,3894489535,0,22.006,0,4,26.744266287801906,0.037383603123648204,0.02914576763989953,9.861033081920465e-15,0.00020168034716352013,VILA SONIA
3894489506,3894489511,0,136.513,0,4,27.390501319261215,0.036501596852237445,0.002673523358192289,2.629857164724287e-15,0.00020334878995485785,VILA SONIA
3894489511,3894489514,0,24.961,0,4,28.376902780596712,0.03523277520688348,0.0024964151540470604,9.53884901682534e-16,0.00020852655447198368,VILA SONIA
3894489511,3894489528,0,14.206999999999999,0,4,27.730058859346457,0.03605463089016732,0.00040526220033231496,2.4651813103732323e-15,0.00020398502409610655,VILA SONIA
3894489514,3894489525,0,17.697,0,4,28.717069210472904,0.03481542734770901,0.005692985428668248,6.151356977041458e-16,0.00020968849570295322,VILA SONIA
3894489514,3894489545,0,265.38500000000005,0,4,29.367769433732494,0.03404402363592384,0.007606685274237482,2.763732886565132e-16,0.00022390557678069874,VILA SONIA
3894489525,3894489583,0,12.615,0,4,29.050131926121374,0.03441626493397611,0.008189400582715308,4.681329108005328e-16,0.0002076924104287837,VILA SONIA
3894489525,3894489528,0,10.62,0,4,28.060077126040188,0.035630587622602204,0.014392326575801707,2.117031234977184e-15,0.0002051469653270761,VILA SONIA
3894489528,3894489535,0,124.98799999999999,0,4,27.073675664704687,0.036928751349406264,0.015369267156602797,9.71191444730413e-15,0.0002023165813047688,VILA SONIA
3894489545,3894489559,0,32.761,0,4,30.364319058250455,0.03292670699508706,0.0029325462624046877,5.448848457015564e-17,0.0002509648165957352,VILA SONIA
3894489545,3894489556,0,30.055,0,4,30.36391313172316,0.03292714718287735,0.004103150439364583,6.022889920262962e-17,0.0002466002253382787,VILA SONIA
3894489550,3894489552,0,101.50999999999999,0,2,33.35965090318653,0.02997024877861806,0.0005871990604815032,-2.1450242033721177e-18,0.00016001330912028506,VILA SONIA
3894489551,3894489552,0,57.452,0,2,33.35965090318653,0.02997024877861806,0.0005871990604815032,-7.07882556391279e-18,0.00016001330912028506,VILA SONIA
3894489552,3894489554,0,47.187,0,4,32.36025979297747,0.030895828498673474,0.001760562469443661,-5.701497243602359e-19,0.0002883018801801219,VILA SONIA
3894489553,3894489554,0,60.557,0,2,32.36066571950477,0.03089544094680791,0.0005871990604815032,-1.6529303152420131e-18,0.0001471351153724257,VILA SONIA
3894489554,3894489556,0,48.35,0,4,31.361680535823016,0.03187957468013642,0.0029325462624046877,9.881544461895984e-18,0.0002667228046198125,VILA SONIA
3894489555,3894489556,0,60.15,0,2,31.362492388877612,0.03187874944183067,0.0005871990604815032,1.2750743699990031e-17,0.00013843423355997564,VILA SONIA
3894489557,3894489561,0,29.693,0,2,32.362289425613966,0.030893890836568433,0.0005871990604815032,4.551527371096881e-19,0.00015762600792864888,VILA SONIA
3894489558,3894489559,0,67.08,0,2,31.36330424193221,0.031877924246248225,0.0005871990604815032,1.2183204677535412e-17,0.00014279882481743215,VILA SONIA
3894489559,3894489561,0,53.264,0,4,31.362898315404912,0.03187833683869924,0.001760562469443661,9.297623446563457e-18,0.00028157828843349225,VILA SONIA
3894489560,3894489561,0,68.181,0,2,32.362289425613966,0.030893890836568433,0.0005871990604815032,-2.5289334576750378e-18,0.00015762600792864888,VILA SONIA
3894489565,3894495373,0,103.675,0,5,31.040389689466206,0.03220955170790396,0.0011709490809601781,1.1404375002775951e-17,0.0002563701909273483,VILA SONIA
3894489565,3894489583,0,86.862,0,4,30.04424599147554,0.033277488042802714,0.006436426001277869,9.181203146200157e-17,0.00020958744194787517,VILA SONIA
3894489565,3894495367,0,58.653000000000006,0,4,31.03978079967526,0.03221018354442795,0.004682416707839581,1.0623846642992735e-17,0.00021770701233508796,VILA SONIA
3894489572,3894495373,0,107.53099999999999,0,3,32.03876598335701,0.03120585347312407,0.0005871990604815032,4.538593815463343e-18,0.0001626834096935836,VILA SONIA
3894489573,3894495374,0,123.326,0,2,31.044043028211895,0.032205761209252455,0.0005871990604815032,1.480857063829289e-17,0.00012001142375607041,VILA SONIA
3894489583,3894495374,0,159.811,0,4,30.045666734321088,0.03327591447968386,0.0011702592729596125,8.364356754568238e-17,0.00021490837917170774,VILA SONIA
3894495359,3894495366,0,106.966,0,2,33.035518571138624,0.030264305813253383,0.0005871990604815032,-9.013509072173407e-18,0.00014322651279789525,VILA SONIA
3894495359,3894495361,0,41.789,0,4,33.03490968134768,0.03026486363608437,0.001760562469443661,-3.589105116473951e-18,0.0002828955628193948,VILA SONIA
3894495359,3894495367,0,57.465,0,4,32.03673635072052,0.03120783046659698,0.0029325462624046877,-5.056197181706457e-18,0.0002462430386007453,VILA SONIA
3894495361,3894495365,0,81.631,0,2,34.03409782829308,0.029376334339181565,0.0005871990604815032,-8.18957756217739e-18,0.0001585155943340883,VILA SONIA
3894495361,8082834150,0,55.321,0,3,34.03389486502943,0.029376509526791304,0.0005871990604815032,-3.005160140844778e-18,0.0002560307737754747,VILA SONIA
3894495367,3894495369,0,79.548,0,4,32.03673635072052,0.03120783046659698,0.0011768124489649862,-2.309633401511237e-18,0.0002257248868089163,VILA SONIA
3894495369,3894495373,0,46.301,0,5,32.03714227724782,0.031207435047862803,5.51846400452514e-06,-1.9336782722534447e-18,0.0002644759363101322,VILA SONIA
3894495369,3894495372,0,67.791,0,2,33.035112644611324,0.030264677692855915,0.0005871990604815032,-1.9024446366830847e-18,0.00012270836100606618,VILA SONIA
3894495373,3894495374,0,51.229,0,5,31.041607469048103,0.03220828810921787,3.793944003111034e-06,1.8547086289236837e-17,0.00026166504967978227,VILA SONIA
3894495382,5005897068,0,12.525,0,4,27.801501928151005,0.035961979295945336,0.02160909787771946,1.0152428359896538e-13,0.00020714866588916574,VILA SONIA
3894495382,5005897061,0,55.171,0,4,27.05114674243962,0.03695950660634299,0.003112931054552603,3.414286488468095e-13,0.00021780056988417615,VILA SONIA
3894495382,8954033723,0,96.008,0,4,27.541708950679926,0.03630119824905304,0.021648761837751985,7.90777893378949e-14,0.00020867937883235527,VILA SONIA
3894495386,5004140880,0,43.831,0,4,33.51796224883296,0.02982869391981495,0.000476657328390859,3.985884097161252e-17,0.0001900751347890222,VILA SONIA
3894495387,8656052853,0,11.769,0,2,32.08199715851431,0.031163802920262166,0.0005871990604815032,-1.994255666092886e-19,0.00012184038158266656,VILA SONIA
3894495401,3894495405,0,70.97399999999999,0,2,26.001623706109193,0.03845133088751854,0.0005871990604815032,5.193989417127628e-12,0.00011976881400403355,VILA SONIA
3894495412,5319451861,0,142.966,0,2,27.810026385224276,0.035950956064808054,0.0005871990604815032,1.6906525716495146e-10,0.00012289903409620962,VILA SONIA
3894495437,10819498701,0,18.094,0,4,28.34990866653136,0.03526632302405498,0.012830946166521376,6.337362472049307e-17,0.00020123809176378924,VILA SONIA
3894495437,8655652065,0,129.412,0,4,28.43109397199107,0.03516561964591662,0.012884233834565072,5.961270661806063e-17,0.0002042369115587836,VILA SONIA
3894495439,3894495440,0,83.418,0,4,26.398416886543536,0.03787337100680429,0.001760562469443661,2.2619644950207642e-14,0.00024910639283067285,VILA SONIA
3894495440,3894495447,0,53.06,0,3,27.39740207022529,0.03649240297213806,0.0005871990604815032,4.429625348424346e-15,0.00024369277384844775,VILA SONIA
3894495440,4613073953,0,26.531,0,2,27.39760503348894,0.03649213263401191,0.0005871990604815032,4.336463023878126e-15,0.00014864067115219297,VILA SONIA
3894495447,3894495447,0,289.673,0,1,28.39699614369799,0.03520784493109955,0.0,7.127384488969686e-16,9.422831227486701e-05,VILA SONIA
3894536657,8653555137,0,25.008,0,2,28.023543738583317,0.03567703806709543,0.0005871990604815032,1.1283881630071301e-08,0.00012305113674568403,VILA SONIA
4103105679,8953203263,0,32.339,0,2,30.31317231581084,0.032982263496548446,0.0005871990604815032,6.7488303260118825e-15,0.00013464304682693498,VILA SONIA
4108174091,4108174092,0,15.29,0,4,26.398416886543536,0.03787337100680429,0.00020176884016545043,2.8518246795122593e-08,0.00019582338347775747,VILA SONIA
4114133850,8672257858,0,2.644,0,4,30.409782829307897,0.032877480327573434,0.027309153838393503,-6.983802245500215e-18,0.00019105531358848478,VILA SONIA
4114133850,8672257859,0,2.713,0,4,30.407550233407754,0.03287989427171635,0.0013934121611425979,1.1264970539225884e-18,0.0001916474497609231,VILA SONIA
4261653094,4261653111,0,68.246,0,2,31.27379744266288,0.03196916007943616,0.0005871990604815032,2.5443271592670746e-15,0.0001192924621524056,VILA SONIA
4339916972,4339916982,0,21.681,0,4,32.49766592246803,0.030765195233455743,0.0007220565245920864,5.3975439376143327e-20,0.00019216196554043788,VILA SONIA
4339916973,4339916982,0,12.908,0,4,33.34239902577634,0.029985755852883527,0.01714069410205537,9.36773513212606e-18,0.0001974027647690057,VILA SONIA
4339916982,8002649505,0,25.383,0,4,33.069819362695355,0.030232914966090773,0.01679234106176972,-2.87769836456854e-18,0.00019812383610165156,VILA SONIA
4340026179,9988429876,0,8.264,0,4,30.158920235437385,0.03315095596697018,0.007594441182227441,-2.080352175301359e-18,0.00019254845935923922,VILA SONIA
4340075615,4340075630,0,93.339,0,4,30.255530748934444,0.0330450999201712,0.0004478578443672434,8.103513408880659e-18,0.00020021130591414753,VILA SONIA
4340075615,4340075623,0,135.09,0,4,30.105540897097626,0.03320973505022585,0.007196077061900783,3.589907474652286e-18,0.00021333423567619875,VILA SONIA
4340075623,4340075632,0,100.778,0,2,30.933833976050334,0.0323205018010511,0.0005871990604815032,7.53746890361808e-19,0.00012186342422557272,VILA SONIA
4340075629,4340075630,0,61.762,0,4,29.923279886340573,0.0334120136741006,0.0005037322924130605,1.3934137046593935e-18,0.00019316948841121802,VILA SONIA
4340088651,4340088652,0,61.442,0,5,28.769636695758066,0.034751813076727714,0.00022160082018171266,3.962827307196179e-17,0.0002174574309112214,VILA SONIA
4340111128,4340111129,0,32.262,0,4,28.455246600365335,0.03513577129651424,0.0005496045244506757,-2.7197580293769488e-17,0.00019237221286765951,VILA SONIA
4340111128,7279855416,0,68.358,0,4,28.964075502334076,0.034518520594789284,0.003597521174949967,-2.447892860812172e-17,0.0001916879007221515,VILA SONIA
4340111129,7279855415,0,68.012,0,5,28.192612137203167,0.03546308628199129,0.01030590398045084,-2.3715504456114236e-17,0.00022728360558176288,VILA SONIA
4340111129,7279855438,0,140.476,0,4,27.824436776943372,0.035932336914895946,0.010907071652943799,-2.276885089852928e-17,0.0001909348736261594,VILA SONIA
4352843128,4352843129,0,68.231,0,2,27.990054800081186,0.03571972416193522,0.0005871990604815032,4.360196909233057e-15,0.00012046408602091183,VILA SONIA
4352847196,12759858490,0,55.691,0,2,28.995737771463364,0.034480827651859836,0.0005871990604815032,3.2687617834828484e-17,0.00012108796983346178,VILA SONIA
4359249408,8676621815,0,55.295,0,2,28.350111629795006,0.03526607054645943,0.0005871990604815032,8.530904718030916e-18,0.00011259517061786108,VILA SONIA
4359249427,7280404063,0,10.225999999999999,0,4,26.175766186320278,0.038195521369642084,0.007097089613819613,1.8242469223421706e-18,0.0001922134657180853,VILA SONIA
4359249454,4359249456,0,48.573,0,4,24.219200324741223,0.041281174577634756,0.00368340227102039,6.104790044825811e-12,0.00019982171499574123,VILA SONIA
4359249462,4359249472,0,27.957,0,4,25.060077126040188,0.039896007969482714,0.0005863368004807961,1.2578818465420813e-12,0.00020225191747941164,VILA SONIA
4359249477,7931940549,0,164.087,0,4,24.12624314998985,0.04144022882140153,0.06724800235914336,9.88012830572373e-10,0.000192496386364501,VILA SONIA
4677494159,8953346310,0,31.546,0,4,29.55490156281713,0.033828467829992374,0.001238032909015187,9.139393775901604e-15,0.0002174585879005385,VILA SONIA
4677494497,7279807028,0,118.423,0,4,29.446316216764764,0.03395321266594064,0.0023453472019231846,6.372232123995176e-16,0.0002261242146257617,VILA SONIA
4677494497,4677494498,0,104.17099999999999,0,5,28.449563628983153,0.03514278987807749,0.003513881954881383,2.6211760538761462e-15,0.00025895392774329015,VILA SONIA
4677494525,7279807028,0,6.218,0,4,30.443677694337325,0.032840875756686844,0.001760562469443661,2.2238032254548924e-16,0.00024045858141923945,VILA SONIA
4677494525,4677494529,0,400.48799999999994,0,3,31.442662878019078,0.03179746704708297,0.0,4.011835630684922e-17,0.0002015531191891558,VILA SONIA
4677494525,4677494529,1,118.47800000000001,0,3,31.442662878019078,0.03179746704708297,0.0011740532169627236,4.3060497823153166e-17,0.0002015531191891558,VILA SONIA
4677494529,4677494533,0,22.935000000000002,0,2,32.44205398822813,0.030817932708549694,0.0005871990604815032,1.4855642054597415e-17,0.00014462696579176996,VILA SONIA
4677494547,4677494549,0,147.767,0,2,30.446113253501117,0.03283824862673991,0.0005871990604815032,1.100176010312089e-16,0.00014677528480620664,VILA SONIA
4781934546,4781934547,0,12.058,0,5,26.584534199309925,0.037608220976928126,0.04078075918544022,-1.9488792352355786e-18,0.00022059531264932572,VILA SONIA
4781934547,7279959806,0,67.595,0,5,26.508625938705094,0.037715913267181184,0.04388592989998646,2.4892913187093295e-18,0.00021548654917432513,VILA SONIA
4868257082,5005959052,0,31.156000000000002,0,2,25.817130099451997,0.03872611064378425,0.0005871990604815032,1.0538894620251545e-11,0.000119927256930548,VILA SONIA
5005847657,5005847663,0,10.057,0,4,29.01461335498275,0.034458395998740864,0.0037059934830389143,1.3327049433603802e-17,0.00021181223026139686,VILA SONIA
5005847657,5005847664,0,15.341,0,4,28.76943373249442,0.03475205824461893,0.020803919489059214,8.749052462370988e-18,0.00020946862473911649,VILA SONIA
5005847661,5005847662,0,61.937,0,3,31.75137000202963,0.03148831173812157,0.005856469924802305,-6.2327519702737436e-18,0.00018847455069726516,VILA SONIA
5005847661,5005847662,1,248.77100000000002,0,3,31.75137000202963,0.03148831173812157,0.0,-2.8832412552324347e-18,0.00018847455069726516,VILA SONIA
5005847661,5005847669,0,66.215,0,4,32.7475137000203,0.030530471592282473,0.005272375000323347,1.0308269058936004e-18,0.00025452483935890227,VILA SONIA
5005847662,5005847670,0,61.495,0,4,30.755632230566267,0.03250777058462513,0.00644021994528098,4.826211729297844e-18,0.0002432939296411507,VILA SONIA
5005847663,5005847670,0,65.074,0,4,29.7607063121575,0.033594533216032084,0.007606685274237482,4.094460452959725e-18,0.0002277347040163607,VILA SONIA
5005847663,5005847664,0,10.763,0,4,29.357012380759084,0.03405649811258141,0.004483407099676394,1.6455537209567015e-17,0.00021304589744188034,VILA SONIA
5005847665,5005847668,0,152.68,0,2,34.743048508220014,0.028776894362042074,0.0005871990604815032,5.724780949725733e-19,0.0001434373882978964,VILA SONIA
5005847668,5005847669,0,55.525,0,4,33.74446925106556,0.029628471240654642,0.004103150439364583,-1.0953028167276764e-17,0.0002634615610908571,VILA SONIA
5005884295,8258471433,0,14.954,0,5,24.229145524660037,0.04126423012808162,0.0077682727983699835,6.7336904393751905e-16,0.00021197427188151735,VILA SONIA
5005884295,8258471436,0,19.85,0,5,24.185102496448142,0.04133937562940584,0.041670956410170185,6.686783252639158e-16,0.00021029095001946953,VILA SONIA
5005897058,5005897061,0,45.06,0,2,27.074081591231987,0.03692819767006012,0.0005871990604815032,3.1650679024071013e-13,0.00012221154165052754,VILA SONIA
5005897068,13337219180,0,10.591,0,4,28.14653947635478,0.03552113529182711,0.001672267045371259,7.144892113002007e-14,0.00020301834269957264,VILA SONIA
5005897068,13337219182,0,7.683,0,4,27.39740207022529,0.03649240297213806,0.02000184523640151,1.421267088896545e-13,0.00020183908994448655,VILA SONIA
5005928726,5005928732,0,100.465,0,3,31.308098234219607,0.03193413503614145,0.0,2.0042863276387487e-13,0.00016806631115019627,VILA SONIA
5005928726,5005928732,1,59.108000000000004,0,3,31.308098234219607,0.03193413503614145,0.0015503434812712815,2.0042709501696963e-13,0.00016806631115019627,VILA SONIA
5005928726,5319451942,0,86.025,0,4,31.390095392733915,0.031850716738114175,0.0021361629257516533,1.1786073536068388e-13,0.0002126490932303377,VILA SONIA
5005928732,5319451900,0,63.522999999999996,0,4,30.560990460726607,0.032714811322007785,0.0009652138447914753,9.335460016081557e-13,0.00020954438988677197,VILA SONIA
5005959057,5005959059,0,19.32,0,2,27.023137812056017,0.03699781438002749,0.0005871990604815032,2.7832980056998535e-11,0.00013096804434864032,VILA SONIA
5005960362,5005960365,0,75.023,0,4,28.71564846762736,0.034817149884790996,0.0023555218699315276,3.5365266351570814e-10,0.00020427417181586847,VILA SONIA
5005960364,5005960365,0,78.824,0,4,27.809417495433326,0.03595174321434567,0.003483702854856636,6.524478044851568e-10,0.00019632579419553037,VILA SONIA
5005964212,8057981939,0,444.24800000000016,0,4,25.962045869697583,0.038509948012351955,0.0,3.5178641556111454e-10,0.0002043591627638743,VILA SONIA
5005964212,8062249570,0,27.631,0,4,26.513902983559976,0.03770840669351011,0.00026626588821833803,2.8671936565208936e-10,0.0002090149611491403,VILA SONIA
5008404143,8932612477,0,14.899,0,4,28.181652120966106,0.035476878092343594,0.0029325462624046877,3.3116173397319644e-07,0.00023020097278755189,VILA SONIA
5008419955,7742138506,0,16.277,0,4,32.94662066166024,0.03034596619190774,0.025871766417214847,2.409189056314515e-10,0.00020840227881866924,VILA SONIA
5008419955,8020891442,0,22.589,0,4,32.68763953724376,0.03058639445644885,0.019276857027807022,2.446703865786043e-10,0.00020875750849132363,VILA SONIA
5312847088,8672577188,0,41.666,0,5,31.457682159529124,0.03178228553731806,0.0023653516339395882,3.960260985737146e-17,0.00022669325771935625,VILA SONIA
5312847088,8672577185,0,17.906,0,4,31.690683986198497,0.031548610221596,0.006699760205493803,1.809503868558268e-17,0.00018803186833143233,VILA SONIA
5319451185,5319451211,0,25.667,0,4,30.2532981530343,0.033047538542044036,0.0005990982484912605,1.5410155195900735e-13,0.00020215936162097485,VILA SONIA
5319451186,8020869873,0,25.423,0,2,29.562208240308504,0.033820106691932195,0.0005871990604815032,1.1288866035909448e-13,0.00012167532357264148,VILA SONIA
5319451197,5319451211,0,48.943,0,4,30.251471483661458,0.0330495340458507,0.0008310461886814578,1.5979250190462597e-13,0.00020066661824641723,VILA SONIA
5319451219,6564102880,0,28.465,0,4,30.619240917393952,0.032652574223954504,0.009741123679987721,2.6818968774347445e-13,0.000201582647049263,VILA SONIA
5319451219,5319451843,0,23.373,0,4,30.34645829104932,0.032946086398202214,0.00014796381612133033,3.305054155566447e-13,0.0002024457320507337,VILA SONIA
5319451219,5319451846,0,11.976,0,4,30.6054394154658,0.03266729887992148,0.010011011060209029,4.1680000464961873e-13,0.00020190772413318435,VILA SONIA
5319451649,5319451835,0,77.201,0,4,29.286381165009132,0.034138633623019665,0.013083760798728684,5.182096133681746e-12,0.00019949009373447385,VILA SONIA
5319451650,5319451655,1,38.162,0,3,30.99167850619038,0.03226017708387908,0.0005870266084813618,1.0624458287938312e-12,0.00016064610701250592,VILA SONIA
5319451650,5319451655,0,41.788999999999994,0,3,30.99167850619038,0.03226017708387908,0.0,1.062447925204052e-12,0.00016064610701250592,VILA SONIA
5319451824,5319451843,0,80.209,0,4,29.956768824842705,0.033374662086627774,0.001747456117432914,2.620255075323522e-13,0.00020292008428360046,VILA SONIA
5319451835,5319451846,0,10.375,0,4,29.967119951288815,0.03336313394018205,0.010933801712965716,1.2035276275373247e-12,0.00020144007237057527,VILA SONIA
5319451835,5319451843,0,10.247,0,4,29.715851430891007,0.03364524281128338,0.0020697689056972104,1.1172352621495633e-12,0.00020197808028812457,VILA SONIA
5319451846,6564102876,0,33.328,0,4,29.87680129896489,0.033463991902338945,0.0005025251284120706,8.010250497116135e-13,0.00020047768153953977,VILA SONIA
5319451886,5319451896,0,289.31199999999995,0,3,29.051349705703267,0.034414822266934944,0.0,3.835967557378082e-13,0.00017088384077611945,VILA SONIA
5319451886,5319451896,1,183.96200000000002,0,3,29.051349705703267,0.034414822266934944,0.0030610230025100386,3.8359729491152087e-13,0.00017088384077611945,VILA SONIA
5319451896,5319451959,0,51.909,0,4,28.81692713618835,0.03469478310478163,0.003519917774886332,1.8561161013582517e-12,0.00021366178410787973,VILA SONIA
5319451905,8954033723,0,13.694,0,4,28.192815100466817,0.03546283097922336,0.024608555516179013,2.170289579866352e-14,0.00020998945371679216,VILA SONIA
5319451905,5319451910,0,20.96,0,4,28.984371828699004,0.03449434897693374,0.023685764863422325,1.7805650914073322e-14,0.00021104472567828701,VILA SONIA
5319451905,5319451912,0,19.869,0,4,29.09782829307895,0.03435985073065253,0.0007536152406179645,9.420052512271774e-15,0.00022025382491410914,VILA SONIA
5319451909,5319451912,0,466.70400000000006,0,2,29.983559975644408,0.03334484089109112,0.0005871990604815032,3.9753219338327025e-15,0.0001233547217960236,VILA SONIA
5319451910,5319451919,0,93.543,0,4,29.59691495839253,0.03378044766293614,0.023941511179632037,6.468540116632087e-14,0.0002016443798576227,VILA SONIA
5319451910,5319451912,0,19.923000000000002,0,4,29.848792368581286,0.03349539319348587,0.0004204379763447591,1.535297803890493e-14,0.0002186538000436362,VILA SONIA
5319451918,5319451919,0,36.957,0,5,29.756647046884513,0.03359911602812886,0.022171118946180315,2.1542883968040173e-13,0.0002311978988565324,VILA SONIA
5319451918,5319451927,0,13.823,0,5,30.179216561802313,0.03312866106676172,0.009341035039659648,2.335290798584274e-13,0.00023213453131012849,VILA SONIA
5319451927,5319451942,0,18.802,0,4,30.872336107164603,0.032384884424224894,0.0016113914893213408,1.2587812799024677e-13,0.00020007972900843763,VILA SONIA
5319451927,5319451946,0,19.957,0,4,30.395981327379744,0.032892408570989774,0.00766635366628641,2.2539284088329645e-13,0.0001982452060893303,VILA SONIA
5319451933,5319451951,0,22.993000000000002,0,4,29.206819565658616,0.03423162985920974,0.002103569497724927,3.4362838304995876e-12,0.0001992467060193958,VILA SONIA
5319451933,5319451947,0,18.499,0,4,29.556728232189975,0.033826377157925094,0.007925893926499233,3.386703032904451e-12,0.00019996447409898274,VILA SONIA
5319451942,5319451946,0,24.474,0,4,30.863608686827686,0.03239404202150396,0.0011105908809106845,2.0942572115881712e-13,0.0002028027208837913,VILA SONIA
5319451946,5319451947,0,10.392,0,4,30.042013395575403,0.03327996108555099,0.008797811239214205,8.389544683550735e-13,0.00020066736707105746,VILA SONIA
5319451947,5319451951,0,16.638,0,4,29.759894459102902,0.03359544967843576,0.0008989922767371736,1.4185383486475609e-12,0.00019964876809784398,VILA SONIA
5319469273,5319469299,0,15.846,0,4,29.207834381976863,0.03423044049281828,0.048790464784008176,5.569490902910923e-17,0.00019956597321274728,VILA SONIA
5319469273,8022074188,0,27.046,0,4,29.719910696163993,0.033640647408317965,0.04754570624698748,2.475560250271219e-17,0.00020207570168470081,VILA SONIA
5319469273,8022074189,0,29.982,0,4,29.226709965496244,0.034208333333333334,0.0009300336367626276,5.2659687859902026e-17,0.00020165142296648916,VILA SONIA
5319469296,5319469931,0,11.288,0,4,29.347473107367566,0.03406756803485598,0.0330152456190725,1.2883377056761944e-16,0.00019683187352570846,VILA SONIA
5319469296,5319469299,0,29.895000000000003,0,4,29.410797645626143,0.033994216980546145,0.031075677973482055,9.16893450261426e-17,0.00019741099151026207,VILA SONIA
5319476781,8777263029,0,185.94,0,4,29.669981733306273,0.03369725824987687,0.00020090658016474339,1.7595313087428231e-15,0.00021430699770596018,VILA SONIA
5319509706,13265945695,0,151.804,0,3,31.347270144103916,0.03189422977312752,0.0005871990604815032,-3.503348646987613e-18,0.00013995264936389479,VILA SONIA
5320922401,5320924520,0,106.868,0,4,34.71727217373655,0.028798260178191426,0.002902022258379658,-3.529103389458003e-18,0.0002594400564367698,VILA SONIA
5320922401,5673184374,0,13.032,0,2,34.718895879845746,0.028796913363732024,0.0005871990604815032,8.209221897717767e-19,0.0001376577317860952,VILA SONIA
5320922401,5669711269,0,4.239,0,4,33.72092551248224,0.029649157653346817,0.0034993959868695047,-5.51444135246183e-19,0.0002484007184081895,VILA SONIA
5320924445,5320924765,0,72.727,0,3,32.591434950274,0.03067668049172365,0.0005871990604815032,-3.039634794876103e-19,0.00016134539075754405,VILA SONIA
5320924520,5669805051,0,63.067,0,2,35.235031459305866,0.028375085684003157,0.0005871990604815032,3.3529005459366692e-18,0.00014062886896326336,VILA SONIA
5320924765,8656986369,0,66.607,0,3,32.591434950274,0.03067668049172365,0.0005871990604815032,6.793431460463597e-18,0.00016134539075754405,VILA SONIA
5321020415,5321020420,0,29.4,0,4,31.92125025370408,0.031320735522266586,0.00021125370017322802,1.083869240572829e-17,0.00020268797794892015,VILA SONIA
5321053541,8653477565,0,16.937,0,4,31.190582504566674,0.032054452224159924,0.03908331414804832,5.108602061192333e-16,0.00018468309869771235,VILA SONIA
5321053541,8653477559,0,29.043,0,4,31.38867464988837,0.0318521583943305,0.007854498798440688,8.218942736157301e-16,0.00018692886278609904,VILA SONIA
5391562960,7285173455,0,23.176000000000002,0,4,24.61721128475746,0.04061374073493886,0.00033317726427320535,9.696336258608182e-15,0.00018759163994337978,VILA SONIA
5618568139,8062256008,0,47.489,0,4,30.631824639740206,0.03263916036654453,0.006179472521067167,1.1908186116717739e-15,0.00019511055508000797,VILA SONIA
5618568139,5618568141,0,23.31,0,4,31.12116906839862,0.032125947278490094,2.207385601810056e-05,8.17709856723536e-16,0.00019377550443680866,VILA SONIA
5669520895,5669520896,0,120.065,0,2,32.773898924294706,0.0305058924800436,0.0005871990604815032,6.751134485906732e-18,0.00011078153028887925,VILA SONIA
5669711259,5669711269,0,44.013999999999996,0,2,33.72254921859143,0.0296477300768578,0.0005871990604815032,2.329997913823031e-18,0.00012958953093468312,VILA SONIA
5673184412,5673185737,0,12.712,0,4,32.826872336107165,0.030456664482063585,0.0028778789783598605,4.701360380776946e-18,0.00024870336678598946,VILA SONIA
5673184412,5673185723,0,39.513,0,2,32.82849604221636,0.030455158087371557,0.0005871990604815032,2.6146884632163638e-18,0.00012977010711368037,VILA SONIA
5673185737,5673185740,0,33.442,0,2,33.82484270347067,0.02955806906483454,0.0005871990604815032,5.184477998005851e-18,0.00013777980398489793,VILA SONIA
5673185794,5673185800,0,38.524,0,2,31.769636695758066,0.03147020679874017,0.0005871990604815032,6.351017597474506e-18,0.00010646359948546546,VILA SONIA
6096240273,6096240274,0,64.521,0,4,31.041404505784453,0.03220849870211389,0.0020816680937069676,-9.891405416859942e-18,0.00018767039207624655,VILA SONIA
6348688953,6348688954,0,54.574,0,4,34.9307895270956,0.0286222284200251,0.0004588947723762937,1.472188047860173e-13,0.00020470702372202518,VILA SONIA
6564102876,6564102880,0,33.783,0,4,29.8875583519383,0.03345194762861955,8.553619207013968e-05,6.524225893576948e-13,0.00020015260445561844,VILA SONIA
7177776646,7177776653,0,14.274,0,4,29.524660036533387,0.0338631176616163,0.009865634024089819,-1.192133119359645e-17,0.00018455840619620534,VILA SONIA
7279855413,8656075336,0,83.796,0,4,28.44225695149178,0.03515181788989189,0.044658859764620265,-9.68235561005131e-18,0.00020025598342236542,VILA SONIA
7279855415,7279855416,0,3.2,0,5,28.445910290237467,0.03514730330424607,0.0004733807403881722,-3.7391324102292065e-17,0.00022652829003714874,VILA SONIA
7279855426,7279855428,0,12.088,0,4,26.76293890805764,0.03735752041922934,0.0017212434134114196,-1.7901854152434967e-17,0.00018771863891040163,VILA SONIA
7279855426,7284810859,0,171.67399999999998,0,4,26.42865841282728,0.03783003363693612,0.000720676908590955,-2.5855877038552062e-17,0.00017820019228963156,VILA SONIA
7279855428,7279855438,0,96.921,0,4,27.201948447331034,0.036754611114427266,0.0017093442254016622,-4.955801800683969e-18,0.00019158681790424928,VILA SONIA
7279855431,7279855438,0,83.42099999999999,0,4,27.613152019484474,0.03620727673649394,0.011901947241759596,-5.445283486304517e-18,0.00018745846684663656,VILA SONIA
7279855431,7279855444,0,82.775,0,4,27.25654556525269,0.03668098858466189,0.00542309804844694,1.6783507793931227e-17,0.00018075611523055772,VILA SONIA
7279855441,7279855444,0,84.148,0,4,26.872742033691903,0.03720487605927403,0.005484663412497424,3.591062254106439e-17,0.00017782758336243174,VILA SONIA
7284584018,8258471441,0,11.713,0,5,25.651918002841487,0.03897552754634575,0.013198441378822721,1.7529144044456044e-17,0.00021466282106092998,VILA SONIA
7285087850,8656075343,0,15.993,0,4,29.98071848995332,0.033348001218562774,0.004978516792082384,6.6955506799534285e-18,0.00019938718710563552,VILA SONIA
7285173455,7985591055,0,109.776,0,5,24.11832758270753,0.04145382938795432,0.0547981751129345,6.3139290680737324e-15,0.00021023440542524514,VILA SONIA
7742138506,8020891454,0,158.366,0,4,32.527095595697176,0.030737359682018708,0.00021125370017322802,6.652636073985857e-11,0.00020832868076247198,VILA SONIA
7742138506,7742138510,0,122.954,0,4,32.776537446722145,0.030503436745309306,0.025640680737025356,5.2738328731607927e-11,0.00021093350668099966,VILA SONIA
7742138510,8020891432,0,210.432,0,2,33.444489547391925,0.02989422324175724,0.0005871990604815032,1.0308312030808634e-11,0.00011652916288471848,VILA SONIA
7845158702,8677263395,0,24.697000000000003,0,4,33.11020905216156,0.03019603516127846,0.00025384934420815645,3.644700745625221e-17,0.00017624977375304057,VILA SONIA
7931940549,8500782027,0,68.448,0,4,24.75786482646641,0.04038300732895017,0.0006006503164925332,9.31416721937432e-10,0.00020951540361885157,VILA SONIA
7985591055,8258471436,0,8.536,0,5,24.266490765171504,0.041200725989243986,0.042364040998738514,1.788917406727632e-15,0.00020750273581408838,VILA SONIA
8009634059,8974040799,0,33.692,0,4,27.823421960625126,0.03593364749135579,0.00037594536030827517,-6.149227001765247e-18,0.0001983593816949732,VILA SONIA
8020645284,8490471802,0,51.22,0,4,33.28455449563629,0.030037867469952986,0.012025250421860704,8.041266648685762e-13,0.00019644192724050437,VILA SONIA
8020869869,8932585587,0,7.028,0,5,29.695352141262433,0.03366846878865962,0.0005090783044174442,5.803878505332913e-16,0.00020998808550585365,VILA SONIA
8020891442,8061968996,0,69.8,0,4,32.49198295108585,0.030770576183099297,0.01943551286793712,7.616982688432072e-11,0.0002101313407512376,VILA SONIA
8020891442,8020891454,0,155.937,0,4,32.82179825451593,0.030461372926109835,1.7245200014141063e-07,7.027783437101844e-11,0.0002086839104351263,VILA SONIA
8020891454,8061968996,0,160.61499999999998,0,4,32.30424193221027,0.030949404070041403,0.00037577290830813375,5.1584461100898904e-11,0.00021044955993590407,VILA SONIA
8021921812,8021921825,0,82.2,0,4,32.60767201136594,0.030661404972052435,0.04305729803930698,2.510794002735176e-17,0.000173505678122009,VILA SONIA
8021921812,8021921820,0,82.37299999999999,0,4,32.71138623909072,0.03056419038400685,0.04333253143153267,1.48751763623155e-17,0.0001899294265644184,VILA SONIA
8021921820,8021921821,0,121.95399999999998,0,5,32.739598132737974,0.030537853051305578,0.04356637634372443,2.1229074266502828e-17,0.00022738560043217827,VILA SONIA
8021921821,8954033729,0,183.684,0,3,33.237264055206005,0.030080605764533464,0.0005871990604815032,1.0957680559136963e-17,0.00013825696363332327,VILA SONIA
8021921821,8021921824,0,119.968,0,6,32.72254921859143,0.03055376370763658,0.04389144836399098,3.0886419701018166e-17,0.00024420124618701325,VILA SONIA
8022074188,8022074189,0,28.025999999999996,0,4,28.993302212299575,0.03448372418620931,0.0005071813324158886,5.231474740357063e-17,0.0002024903069113418,VILA SONIA
8022074188,8653405104,0,75.54599999999999,0,4,29.473716257357417,0.033921648291866655,0.04776885913517046,4.751376048512093e-18,0.00020459086605868206,VILA SONIA
8035624081,13458792901,0,20.972,0,2,33.73127663892836,0.029640059207913644,0.0005871990604815032,8.602361305481969e-18,0.00011437175820071572,VILA SONIA
8057981978,8500728295,0,15.307,0,2,30.345443474731074,0.0329471881855637,0.0005871990604815032,4.544804233376369e-13,0.00011725513436082485,VILA SONIA
8058812186,8651719965,0,7.023,0,5,25.176578039374874,0.03971139505824499,0.053969543252255024,6.398545663702383e-08,0.00021545161070953732,VILA SONIA
8082834150,8082834150,0,78.852,0,1,35.03348893850213,0.028538323387984475,0.0,-2.7130671562598197e-18,9.767284791403567e-05,VILA SONIA
8258471433,8258471436,0,16.103,0,4,24.6898721331439,0.04049421687341241,0.0004445812563645566,7.848777888654241e-16,0.00017469590231238474,VILA SONIA
8500782027,8500782028,0,39.332,0,2,25.674446925106555,0.038941327135606885,0.0005871990604815032,1.9795737508919928e-10,0.00012042144196474035,VILA SONIA
8653405104,8653405105,0,22.462,0,4,29.477775522630402,0.033916977078843544,0.00040922859633556744,4.878012136133587e-18,0.00020796996802337566,VILA SONIA
8653405105,12759858490,0,392.605,0,4,28.745281104120153,0.03478125794334454,0.0,3.0897491743977805e-17,0.00021650109245663774,VILA SONIA
8653555143,8653555144,0,23.063,0,4,29.912116906839863,0.03342448278903764,0.00045699780037473817,2.5325239468989226e-10,0.00020315665915248186,VILA SONIA
8655652051,8655652053,0,6.676,0,4,31.07245788512279,0.032176309979489726,0.0006109974365010179,6.506284610030996e-18,0.00020365865430913078,VILA SONIA
8655652051,8655682608,0,43.56,0,4,31.544956362898315,0.03169435472455637,0.0403334186970734,5.529759521497365e-18,0.00020346320620909022,VILA SONIA
8655652051,8655652054,0,6.787,0,4,31.35437385833164,0.03188700374798521,0.04003507673682876,1.7332359225937802e-17,0.00020518667638587837,VILA SONIA
8655652053,8655652054,0,2.6879999999999997,0,4,31.16277653744672,0.03208305381694553,0.00016693353613688548,1.6610576530333689e-18,0.0002050228942359887,VILA SONIA
8655652054,8655652059,0,5.711,0,4,30.747513700020296,0.032516353890938855,0.040184592620951365,3.474035050882348e-18,0.00020997723561573848,VILA SONIA
8655652064,8655652071,0,9.648,0,4,29.717069210472904,0.03364386405857284,0.05412957870838625,1.4489997475917438e-17,0.00020431020991964455,VILA SONIA
8655652064,8655652065,0,10.883,0,4,29.163994317028617,0.03428189656972253,0.012354633742130798,1.1307728786198927e-17,0.0002070114323761246,VILA SONIA
8655652071,8655652072,0,14.34,0,4,30.214735132940937,0.033089717064782226,0.01780860069860305,2.033109036150455e-17,0.00020064521215860877,VILA SONIA
8655682606,8655682616,0,8.342,0,4,32.130099451999186,0.031117147278986765,0.019356874755872635,2.034697159784008e-17,0.0002024611742696626,VILA SONIA
8655682606,8655682611,0,8.959999999999999,0,4,32.69332250862594,0.030581077725353862,0.00043285452035494065,1.4283960401131077e-17,0.00020256670850207298,VILA SONIA
8655682607,8655682612,0,8.447,0,4,32.65516541505988,0.03061681127713,0.04730151421478724,9.199669402423678e-18,0.00020450780846732744,VILA SONIA
8655682608,8655682615,0,8.399,0,4,32.04850822001218,0.031196367390106585,0.02050143868081118,1.977882084742624e-17,0.00020312156499789508,VILA SONIA
8655682608,8655682613,0,8.935,0,4,32.15425208037345,0.03109377367065596,0.019856985556282725,1.3229789097774619e-17,0.0002030160307654847,VILA SONIA
8655682609,8655682614,0,8.944,0,4,31.76638928353968,0.03147342393283625,0.029096446367859085,-1.0342041863209735e-18,0.00020226649913740615,VILA SONIA
8655682609,8655682610,0,9.6,0,4,31.541708950679926,0.03169761785259256,0.0017728065614537013,1.282845680753662e-17,0.00020224704772986383,VILA SONIA
8655682610,8655682614,0,4.998,0,4,32.20458696975847,0.03104517495210245,0.018663445263304025,8.12070432376271e-18,0.0002026586628843617,VILA SONIA
8655682610,8655682616,0,1.664,0,4,31.893241323320478,0.03134824167292444,0.020131529140507854,1.0770283233640735e-17,0.00020257602483316975,VILA SONIA
8655682611,8655682616,0,3.689,0,4,32.51187335092348,0.030751751089358622,0.00046958679638506117,1.6045374001051625e-17,0.0002026183724219305,VILA SONIA
8655682612,8655682615,0,2.644,0,4,32.387659833570126,0.030869690551092285,0.04831104822361506,8.691429206205609e-18,0.00020339471242295724,VILA SONIA
8655682613,8655682615,0,3.1820000000000004,0,4,32.64724984777755,0.03062423454955767,0.028115022035054317,6.7046475276206654e-18,0.00020303361980421975,VILA SONIA
8655682613,8655682614,0,2.043,0,4,32.31966714024762,0.030934632847480832,0.047865949611250076,1.493947382544188e-17,0.0002028030999318567,VILA SONIA
8656052858,8656052861,0,9.909,0,4,33.437994722955146,0.029900029742213913,0.0005078711404164543,3.2329270708652366e-18,0.0002028577294168691,VILA SONIA
8656052858,8656052862,0,8.887,0,4,33.09904607266085,0.030206219071738236,0.0010038430928231512,2.2730676817355643e-18,0.00020287531845560416,VILA SONIA
8656075332,8656075341,0,1.42,0,4,29.47635477978486,0.033918611857054325,0.001639156261344108,-3.790209749040478e-18,0.000198654925384452,VILA SONIA
8656075332,8656075344,0,3.51,0,4,30.084635680941748,0.03323281183590034,0.0018450639495129523,1.1420518443159482e-17,0.00020031352831928847,VILA SONIA
8656075336,8656075341,0,15.558,0,4,29.140044651918004,0.03431007222806517,0.0007468896126124494,-4.031693260415658e-18,0.00019905064832512805,VILA SONIA
8656075343,8656075344,0,1.34,0,4,30.263852242744065,0.033036013681174974,0.008423073042906919,4.714721258484412e-18,0.00020084056895386184,VILA SONIA
8660002147,8660002148,0,16.602,0,4,31.720722549218593,0.03151873464373464,0.05690295177466042,8.702379111783595e-18,0.00020299598973343302,VILA SONIA
8672194716,8672228903,0,32.43,0,3,30.142683174345443,0.03316881350454169,0.0005871990604815032,1.0627147455322946e-17,0.00014957568479260748,VILA SONIA
8672194716,8672217517,0,25.057,0,5,29.85325756038157,0.033490383242570726,0.0011405975289352898,8.858440890709955e-18,0.00023468480578733584,VILA SONIA
8672239979,8672239985,0,5.979,0,4,30.58899939111021,0.03268485588407028,0.005680741336658208,-7.019369132718838e-18,0.00020084149183720342,VILA SONIA
8672239979,8672239981,0,4.964,0,4,30.83681753602598,0.0324221860951867,0.0033722988627652847,-5.768222586694369e-18,0.00019989067528342183,VILA SONIA
8672239981,8672240003,0,7.3469999999999995,0,4,31.000811853054596,0.03225067270739356,0.004312334715536114,-5.3717998864783114e-18,0.000200260580460465,VILA SONIA
8672239983,8672239995,0,8.344999999999999,0,4,31.934645829104934,0.031307597462851625,0.0035216422948877463,7.259410598508248e-18,0.00020258478892167442,VILA SONIA
8672239983,8672239985,0,5.105,0,4,31.28516338542724,0.03195754563973479,0.0025150399700623327,-1.2056610209922487e-17,0.00020202476366622612,VILA SONIA
8672239983,8672240006,0,12.625,0,4,30.950679926933226,0.03230291027843719,0.0007211942645913793,-1.2458383017406065e-17,0.00020163077893643684,VILA SONIA
8672239985,8672240006,0,12.534,0,4,30.952912522833365,0.032300580308842336,0.002930994194403415,-2.8686943167939388e-18,0.00020130851609871311,VILA SONIA
8672239988,8672239992,0,5.639,0,4,30.94601177186929,0.032307783119412875,0.0019540536136023238,4.809945068295719e-18,0.00020200387754493602,VILA SONIA
8672239988,8672239995,0,4.867,0,4,31.56910899127258,0.03167010627422995,0.0008750214487175175,-1.5929647301659175e-18,0.00020273274377691642,VILA SONIA
8672239988,8672240007,0,13.129999999999999,0,4,31.502942967322916,0.0317366233933576,0.0008443249926923464,4.365266871878176e-18,0.00020276792185438657,VILA SONIA
8672239992,8672240005,0,14.896,0,4,30.351735335904202,0.03294035829159506,0.0019568128456045864,-1.064769873227342e-17,0.00019997500344803008,VILA SONIA
8672239992,8672240003,0,7.425,0,4,31.144712806981936,0.032101661779081136,0.0002526421802071666,-8.180386475260736e-18,0.00020104255603771445,VILA SONIA
8672239995,8672240007,0,13.032,0,4,32.16054394154658,0.03108769051150169,0.0029334085224053947,-1.8568600855157095e-18,0.00020285772941686914,VILA SONIA
8672240003,8672240005,0,15.076,0,4,30.382382788715244,0.03290713054631448,0.004346480211564113,2.3519197913213833e-18,0.0001996527406103063,VILA SONIA
8672240007,8672257864,0,50.615,0,4,31.939516947432516,0.03130282271901173,0.0033791969427709413,5.966724757085855e-18,0.00020274916021306916,VILA SONIA
8672257851,8672257865,0,2.564,0,4,29.521412624314998,0.03386684266974672,0.0003388681802778719,-6.127396066121024e-18,0.0001912161865502891,VILA SONIA
8672257851,8672257852,0,1.572,0,4,29.92368581286787,0.033411560427038536,0.027573522754610287,-7.720220268917619e-18,0.00019595089892775967,VILA SONIA
8672257851,8672257858,0,2.8440000000000003,0,4,30.063933428049523,0.033255696202531645,0.027704241370717475,2.0098154992449746e-18,0.00019542377000310952,VILA SONIA
8672257852,8672257854,0,3.0469999999999997,0,4,29.696569920844325,0.033667088131770495,0.030414669456940026,-3.941325817954606e-19,0.00019832379159404975,VILA SONIA
8672257852,8672257865,0,2.29,0,4,29.517759285569312,0.03387103428359256,0.0026078191461384116,-7.825136182002367e-18,0.00019171218310630027,VILA SONIA
8672257853,8672257862,0,3.045,0,4,30.442865841282728,0.032841751560083204,0.003804118671119377,-4.0799803754295995e-18,0.00020187020085054956,VILA SONIA
8672257853,8672257854,0,1.529,0,4,30.24213517353359,0.033059737052274114,0.002192209825797612,-1.0094986452653114e-17,0.00020079282387676706,VILA SONIA
8672257853,8672257866,0,3.385,0,4,29.866653135782425,0.03347536237793317,0.0018204033134927306,-7.721124367285284e-18,0.00020023637372341922,VILA SONIA
8672257854,8672257866,0,3.152,0,4,29.78364116094987,0.033568663795453306,0.028455787187333745,-9.184539250668127e-18,0.00019964423755098088,VILA SONIA
8672257858,8672257859,0,1.68,0,4,30.738177389892428,0.03252623029838821,0.00019176662415724862,-6.048518440177879e-18,0.0001959847738069089,VILA SONIA
8672257859,8672257861,0,3.375,0,4,30.775928556931195,0.03248633213086861,0.0018102286454843874,-2.2883536520438407e-18,0.0001989701792596093,VILA SONIA
8672257861,8672257862,0,1.708,0,4,30.978688857316826,0.03227370407254049,0.0009757334168001014,-4.334839888932639e-18,0.00020185944509588255,VILA SONIA
8672257861,8672257864,0,3.068,0,4,31.37812056017861,0.03186287192755498,0.0010678227848756145,-2.2586988208937693e-19,0.00020198443073583523,VILA SONIA
8672257862,8672257864,0,3.366,0,4,31.221432920641362,0.03202277868788517,0.0026250643461525527,-2.6144871910101474e-18,0.0002024804272918464,VILA SONIA
8672257866,8672269412,0,147.204,0,4,29.208037345240513,0.03423020262945771,0.030401908008929564,-1.0456783984714376e-17,0.0001954375337515553,VILA SONIA
8672577188,8672595621,0,28.961,0,5,31.331439009539274,0.03191034527434087,0.00975578209999974,4.345072499821514e-17,0.000226578335687476,VILA SONIA
8672577188,8672595622,0,26.791000000000004,0,5,31.85589608280901,0.031384991781031386,0.0018028132094783068,4.017561966767839e-17,0.00022549387251534297,VILA SONIA
8672577189,8672600244,0,64.133,0,4,31.508422975441444,0.0317311036961647,0.020083242580468258,1.284682277304713e-17,0.00019811743685636173,VILA SONIA
8672595621,8672595622,0,17.192,0,4,31.63080982342196,0.031608328788219064,0.00034973265628678073,2.325505319286406e-17,0.00018828799385930202,VILA SONIA
8672600244,8672600248,0,27.133,0,4,30.97178810635275,0.032280894900326346,0.01976455128420693,2.179371907226403e-18,0.00019977214974412007,VILA SONIA
8672600248,9988429876,0,243.26199999999994,0,4,30.293890805764157,0.033003256106875344,0.029464458936160856,-2.5976595192935765e-19,0.00019834299868910017,VILA SONIA
8674277472,8932612477,0,8.215,0,2,29.18063730464786,0.034262344111898616,0.0005871990604815032,6.380272882498543e-08,0.00013712285550055475,VILA SONIA
8777192006,13337219193,0,14.356,0,4,26.93789324132332,0.037114893424651345,0.0012419993050184392,1.3559284325348964e-13,0.0001990471186728141,VILA SONIA
8777192006,13337219192,0,16.216,0,4,27.66003653338746,0.03614590441807736,0.0010491979688603422,6.508019051822696e-14,0.00020032907761878844,VILA SONIA
8777263029,8777263030,0,31.021,0,2,30.092145321696773,0.0332245184265904,0.0005871990604815032,1.545604799958819e-15,0.00012077064458582284,VILA SONIA
8932585584,8932585590,0,38.067,0,5,27.767607063121574,0.036005876720439145,0.0016432951093475019,5.425592782773843e-15,0.0002052170376193972,VILA SONIA
8932585584,8932585585,0,22.438,0,5,27.105946823624922,0.03688478558752836,0.0026921481742075612,1.4951495700893982e-14,0.00020492302950168498,VILA SONIA
8932585586,8932585587,0,7.995,0,5,29.173330627156485,0.03427092537064221,0.0013665096491205378,1.370297675555019e-15,0.00020233504637484474,VILA SONIA
8932585586,8932585588,0,220.154,0,6,28.728232189973614,0.03480189905612389,0.0004266462483498499,1.6751430189503242e-15,0.000230719089589611,VILA SONIA
8932585587,8932585591,0,114.4,0,4,29.32940937690278,0.034088549956403195,0.00027471603622526713,9.192207061306103e-16,0.00017913337447143495,VILA SONIA
8932585588,8932585589,0,75.517,0,5,28.785670793586362,0.03473245573832909,0.0008933013607325071,1.1249878605785028e-15,0.00019905664902387064,VILA SONIA
8932585589,8932585590,0,65.293,0,4,28.299776740409985,0.03532879590914633,0.0012406196890173081,1.6520651299534354e-15,0.00016733906081238634,VILA SONIA
8932612474,8932612475,0,14.299,0,2,30.179622488329613,0.033128215474629276,0.0005871990604815032,1.2837773909549183e-08,0.00015581900029961086,VILA SONIA
8932612474,8932612476,0,61.5,0,2,30.179622488329613,0.033128215474629276,0.0005871990604815032,1.2837773911966851e-08,0.00015581900029961086,VILA SONIA
8932612474,8932612477,0,29.807,0,4,29.18023137812056,0.03426282073575339,0.001760562469443661,6.73461688942768e-08,0.0002740953114875768,VILA SONIA
8932756753,8932756758,0,12.261,0,4,28.7038765983357,0.03483142889467134,0.001760562469443661,1.9351193767228964e-12,0.00024850870334154406,VILA SONIA
8932756753,8932756759,0,130.113,0,2,29.703267708544754,0.03365949654248777,0.0005871990604815032,3.688753997463739e-13,0.00014702258557860342,VILA SONIA
8932756753,8932756757,0,177.623,0,2,29.703267708544754,0.03365949654248777,0.0005871990604815032,3.688812874730722e-13,0.00014702258557860342,VILA SONIA
8953203255,8953203263,0,81.26399999999998,0,4,30.268723361071647,0.03303069722531415,0.000991943904813394,1.103425671006951e-14,0.00024749154152927657,VILA SONIA
8953203264,8953203267,0,83.809,0,2,28.918611731276638,0.034572788141659996,0.0005871990604815032,3.0052584921815254e-16,0.00012414483164395487,VILA SONIA
8953346316,8953346417,0,19.701,0,4,27.984168865435358,0.035727237122673665,0.0007167105125877026,2.461023181988713e-13,0.00020415122606878792,VILA SONIA
10819498701,10819498703,0,11.094999999999999,0,4,28.361477572559366,0.035251937568432125,0.0003131728322568017,6.033440547339699e-17,0.00020043237583647838,VILA SONIA
12651146023,12651146030,0,76.10000000000001,0,2,28.822001217779583,0.03468867512640311,0.0005871990604815032,5.615442221531117e-16,0.00012623144323133372,VILA SONIA
12999289848,12999289854,0,23.177999999999997,0,4,34.06758676679521,0.02934745697076574,0.0031217261065598152,1.1047109463635641e-17,0.000195892266494295,VILA SONIA
13265945695,13265945696,0,4.709,0,5,30.68236249238888,0.03258539941258963,0.07596803774629379,2.086086812043546e-18,0.00022294970435340078,VILA SONIA
13337219180,13337219192,0,5.13,0,4,27.919017657803938,0.035810609420094945,0.0017905691174682666,6.541748488325908e-14,0.00020122520613406918,VILA SONIA
13337219180,13337219182,0,5.195,0,4,27.417089506799268,0.03646619880962956,0.0005982359884905534,1.3714731503879104e-13,0.00020058470164561378,VILA SONIA
13337219192,13337219193,0,10.128,0,4,27.19991881469454,0.036757353709313954,0.0002610923282140957,1.34877999799774e-13,0.00019940449892146407,VILA SONIA
13922894512,13922894513,0,39.946,0,2,25.839050131926122,0.038693258135717036,0.0005871990604815032,1.4421069517436879e-11,0.00011314121363137535,VILA SONIA
13922894514,13922894515,0,7.004,0,2,26.29267302618226,0.038025690113011795,0.0005871990604815032,1.705739586107489e-11,0.00011480737222035666,VILA SONIA
