u,v,key,length,flood_count,Degree,Mean Shortest Path Length,Closeness,bet,Eigenvector,Pagerank,district
81328374,12073259605,0,290.75100000000003,0,4,23.675961132234896,0.042228011634339147,0.03800847338242858,1.7162436625107701e-06,0.00019872140341302218,VILA PRUDENTE
81328374,1418186235,0,267.19100000000003,0,4,23.473384030418252,0.042592442608640875,0.015259779854935332,6.998609245861544e-06,0.0002032097729167056,VILA PRUDENTE
81329550,1970921017,0,414.42199999999997,0,4,23.74081115335868,0.042112662271218716,0.000618403498925763,0.00010884600612401057,0.0002009601248606921,VILA PRUDENTE
81329550,81329602,0,332.92600000000004,0,4,23.361216730038024,0.042796947337962965,0.033815997915484584,0.0004574305779842869,0.00020011314355677403,VILA PRUDENTE
81329550,2072112860,0,302.19100000000003,0,4,23.677651035065484,0.042224997769649386,0.03342422582853627,0.00011051825971308967,0.00019666652617273732,VILA PRUDENTE
81329588,1785438866,0,448.228,0,5,23.030207013096746,0.043412061453795,0.019341201816917605,0.0018396892231678516,0.00024649069038950184,VILA PRUDENTE
81329588,1819619960,0,77.225,0,5,23.5135192226447,0.04251974162945927,0.018727168479066723,0.0018633216532352574,0.00024511934218408155,VILA PRUDENTE
81329588,81329602,0,64.724,1,5,23.156104773975496,0.04317603378914624,0.04042450407926259,0.0018638542151715428,0.00023873268990833743,VILA PRUDENTE
81329602,830531533,0,53.836999999999996,0,4,23.689691592733418,0.04220353642986437,0.041995911174471025,0.0005344932029156562,0.00020565502125822026,VILA PRUDENTE
81329691,833537918,0,35.033,0,4,26.79890156316012,0.03730707991108729,0.017474474660366505,3.347369463391036e-08,0.00019489926763537432,VILA PRUDENTE
81329691,833537716,0,48.386,0,5,26.973806506125896,0.03706517142543894,0.018001567499657072,2.1411264384416437e-08,0.0002310577637873171,VILA PRUDENTE
81329691,661583533,0,77.467,0,4,26.796155471060413,0.037310903171387355,0.03517989948012564,1.1643326997225623e-08,0.00018845336280044072,VILA PRUDENTE
81329716,5825605761,0,96.18299999999999,0,4,25.059357836924377,0.039896822921496065,0.006360486669363485,1.6380361392350676e-07,0.0002039744622372798,VILA PRUDENTE
81329716,2378340309,0,208.92200000000003,0,4,24.422264469792985,0.040937594602776455,0.021897694632064316,4.416292679016732e-07,0.00020351321206620295,VILA PRUDENTE
81329716,601487207,0,92.59,0,4,24.70595690747782,0.040467518254416114,0.028186613487119132,2.252890089412995e-07,0.00020101167506388935,VILA PRUDENTE
138112417,1265860352,0,39.967,0,4,24.869455006337137,0.04020147453538545,0.03401157547700051,1.561817122912309e-13,0.00021143851797786746,VILA PRUDENTE
138112417,138112418,0,70.14999999999999,0,4,24.75749894381073,0.0403832699100698,0.035113884341065056,1.526328777591453e-13,0.00021005531385349935,VILA PRUDENTE
138112417,4525216540,0,34.013,0,4,24.34790874524715,0.041062613327780814,0.06289905997321144,6.294926660841312e-13,0.000208401897499446,VILA PRUDENTE
138112418,2394594070,0,212.95899999999997,0,4,24.974651457541192,0.04003214074262031,0.029918842509883248,4.035582745000463e-14,0.00020615036187886587,VILA PRUDENTE
138112418,470096027,0,67.286,0,4,25.05830164765526,0.03989850454369194,0.004868050955461169,4.739194344607829e-14,0.00020974111798097226,VILA PRUDENTE
252018671,470008674,0,117.559,0,5,24.159484579636672,0.041382868034729084,0.04506407273099695,1.1231635470672899e-07,0.0002156741749970465,VILA PRUDENTE
252018671,470008264,0,55.821,0,5,24.530207013096746,0.04075745311127568,0.019061511508125108,5.649659420831791e-08,0.00021858524451521153,VILA PRUDENTE
252018671,252018917,0,29.447999999999997,0,6,24.252217997465145,0.0412246320006968,0.03656580609112022,1.1195372217553082e-07,0.0002459928011877783,VILA PRUDENTE
252018671,8976944504,0,97.07100000000001,0,5,24.601605407689057,0.0406391674680588,0.017834781587575663,5.80659184396797e-08,0.00021623437073188347,VILA PRUDENTE
252018672,2378340309,0,172.553,0,4,23.817912970004226,0.04197633786827962,0.031369941641383146,1.7247336903211496e-06,0.00019871083657918838,VILA PRUDENTE
252018672,1418186235,0,777.3539999999998,1,4,23.372623574144487,0.042776060589628184,0.0,7.045760514488605e-06,0.00019904787028022136,VILA PRUDENTE
252018672,445249645,0,112.209,1,5,23.476763836079424,0.04258631083598017,0.03166649563055872,1.969184479823943e-06,0.0002240721371765926,VILA PRUDENTE
252018917,601487138,0,161.04200000000003,0,6,24.019011406844108,0.041624892266019384,0.030785676812501172,1.0179314903287453e-07,0.0002377390823203409,VILA PRUDENTE
252018917,2378322820,0,101.542,0,5,23.893113645965357,0.04184422243833436,0.027479367184223988,2.0424463580540613e-07,0.00020713762778740288,VILA PRUDENTE
252018917,13286080359,0,12.652000000000001,1,5,24.329742289818334,0.04109327383071273,0.025747755125376325,1.0775448079415995e-07,0.0002072697585310987,VILA PRUDENTE
252018918,6470533440,0,95.403,0,4,24.615547106041404,0.040616150347549985,0.018522490699783095,1.4690009892115623e-08,0.0001719169813838881,VILA PRUDENTE
252018918,601487138,0,36.854,0,5,24.456907477820025,0.040879606837163907,0.01860002249861749,4.384944240465152e-08,0.0002038932685261433,VILA PRUDENTE
252018918,1417701336,0,34.46,0,5,24.83375580904098,0.040259265245017564,0.0002375311078348042,1.9728001678444724e-08,0.00021046897386190318,VILA PRUDENTE
252018921,2292717564,0,103.991,0,5,24.519011406844108,0.04077606333945017,0.01977801226976706,1.700270317630519e-09,0.0002147808902590915,VILA PRUDENTE
252018921,1535974108,0,114.26199999999999,0,4,24.40494296577947,0.04096665022114893,0.0027452837735816465,4.97293038645599e-09,0.00017607459790509246,VILA PRUDENTE
252018921,6470533446,0,52.327999999999996,0,4,24.934516265314745,0.04009657743137919,0.016797048280099973,2.6091204909179365e-09,0.00018589832840071508,VILA PRUDENTE
252018929,252018930,0,27.331,0,5,24.307984790874524,0.04113005544258477,0.02251506985779599,4.499417123976385e-14,0.0002283644109049103,VILA PRUDENTE
252018929,1925380359,0,54.69199999999999,0,5,24.83692437684833,0.04025412917382504,0.01320837483272566,1.5085029769228165e-14,0.0002295119722372917,VILA PRUDENTE
252018929,1041132950,0,19.741,0,6,24.568441064638783,0.040694025295124114,0.025001845750383393,1.7614761536998682e-14,0.0002596766430734895,VILA PRUDENTE
252018929,1265860655,0,126.694,0,6,24.545416138572033,0.040732198488786384,0.009804790560287555,1.630210273161097e-14,0.00026180927515526294,VILA PRUDENTE
252018930,252018989,0,258.92699999999996,0,4,24.405365441487113,0.04096594105682261,0.00888859914435331,4.25132462147733e-14,0.00019713012382906666,VILA PRUDENTE
252018930,4560347947,0,640.938,4,4,24.250950570342205,0.04122678652311766,0.013466060095164628,1.6602666177060092e-13,0.0002000356259476971,VILA PRUDENTE
252018989,7208896369,0,186.419,0,4,24.912758766370935,0.040131595682440624,0.0001318246234823459,1.3322193747753488e-14,0.00019419482206234194,VILA PRUDENTE
252018989,2394594070,0,185.147,0,4,24.692015209125476,0.040490367176539026,0.008711119191053366,1.890883740714878e-14,0.0002009743777335993,VILA PRUDENTE
296146152,1271670475,0,42.065,0,6,30.112589776087876,0.033201686390325,0.035415579696211084,5.18679663668274e-11,0.0002552923112682396,VILA PRUDENTE
332268293,333737570,0,83.193,0,5,29.237220109843683,0.03419575316634034,0.08310668478346932,6.017894221429392e-14,0.0002455013707774479,VILA PRUDENTE
332268293,1265860440,0,81.016,0,4,29.25559780312632,0.03417427218114603,0.036169509602117914,1.9043206199290242e-13,0.00019299549641449822,VILA PRUDENTE
332268295,13268968215,0,128.965,0,4,31.78179129700042,0.03145791100329002,0.004021782116725049,2.2245918512585047e-15,0.0002067120534880215,VILA PRUDENTE
332268299,7292120542,0,4.713,0,4,30.79573299535277,0.03246517179172354,0.004279878688441654,2.9314369793055745e-14,0.0002020443072922091,VILA PRUDENTE
332268299,332268300,0,29.982,0,4,30.767215885086607,0.032495262680910665,0.005205941527039164,1.2865683809709731e-14,0.00019514586011471066,VILA PRUDENTE
332268300,470090822,0,91.184,0,5,30.507393324883818,0.03277201534392267,0.0073959577758121765,2.4633154508055704e-14,0.00022549070712891704,VILA PRUDENTE
332268300,332268523,0,107.076,0,5,30.597591888466415,0.03267540680294652,0.004425070863447171,1.1394606954373307e-14,0.00022651763811981448,VILA PRUDENTE
332268523,470091233,0,159.14,0,6,30.447613012251797,0.032836359347574215,0.004262809353419759,1.4989977073264493e-14,0.0002618044821681338,VILA PRUDENTE
332268523,332268525,0,17.033,0,5,31.017743979721168,0.0322328007736417,0.0043785929150743,6.32976179946314e-15,0.00022999295958518203,VILA PRUDENTE
332268525,3965010670,0,79.136,0,4,31.890578791719477,0.03135059945684573,0.04475044940679948,1.637299901144443e-15,0.00019724925807779726,VILA PRUDENTE
333731847,445251475,0,115.296,0,6,27.077313054499367,0.036923484990326404,0.031279453600303216,2.855226317830119e-12,0.0002428610899374239,VILA PRUDENTE
333731847,6785991385,0,67.276,0,5,27.692437684833124,0.03610331360224568,0.026962145767596687,1.3248609976509818e-12,0.00022313893492812713,VILA PRUDENTE
333731847,1421274908,0,80.244,0,5,27.814744402196872,0.03594456047085628,0.03129138156935466,1.2862414929593785e-12,0.00022184961684383603,VILA PRUDENTE
333731847,445251476,0,137.656,0,6,27.637304604985214,0.03617533534604655,0.026430322871613305,1.3778568729250214e-12,0.00024704356869914356,VILA PRUDENTE
333737570,4567907055,0,8.951,0,5,29.55344317701732,0.03382985718982746,0.015395923225832855,2.6479370106285787e-14,0.00026323510327601205,VILA PRUDENTE
333737570,470091186,0,101.167,0,6,28.770173215040135,0.03475087739908075,0.07084576087177824,5.488927740672581e-14,0.00027940945023585613,VILA PRUDENTE
333741037,437088948,0,185.68099999999998,0,4,26.784959864807774,0.037326498422712934,0.0002696132314904141,4.4727979173051124e-10,0.00018685492862944957,VILA PRUDENTE
333741037,445249639,0,171.724,0,5,26.332910857625688,0.0379672709770576,0.00012812283998362166,6.201844456259246e-10,0.0002174742528907872,VILA PRUDENTE
333741037,1417693208,0,95.328,0,5,26.045627376425855,0.0383860502838605,0.0006984031534259698,1.3172591618167108e-09,0.00022334811003673038,VILA PRUDENTE
335650760,335932942,0,22.938,0,5,28.528305872412336,0.03504550065529829,0.004195148977248633,1.5563757155238385e-13,0.00023272901223577247,VILA PRUDENTE
335650760,6605263646,0,19.151,0,2,29.479087452471482,0.03391518695272081,0.0006412311638345624,4.830004137606925e-14,0.00011343027473417178,VILA PRUDENTE
335650760,470086846,0,145.418,0,4,29.04351499788762,0.034423821022314026,0.0035711928030747837,1.2082605264821996e-13,0.00019962285282512776,VILA PRUDENTE
335929888,1421274920,0,79.056,0,5,25.023869877482046,0.03995340317229852,0.0072812024873517255,3.9336310237766035e-11,0.00021316131196834158,VILA PRUDENTE
335929888,470091286,0,131.372,0,6,25.012674271229404,0.03997128620893506,0.011614551381886063,4.5696252052682845e-11,0.0002459196479750902,VILA PRUDENTE
335929888,2378322760,0,173.942,0,6,24.31009716941276,0.04112648152653714,0.008198627831118879,1.0999455982972488e-10,0.0002445366531245107,VILA PRUDENTE
335929888,2450029048,0,65.202,0,5,25.069286016054075,0.03988102259896527,0.013148940642107252,4.188224820812737e-11,0.00022890887772676342,VILA PRUDENTE
335931478,1265860655,0,184.456,0,5,25.173426277989016,0.03971603829790805,0.0495528965324777,5.123351355901756e-15,0.0002367894722141316,VILA PRUDENTE
335931478,850377401,0,28.992,0,4,26.065694972539077,0.03835649742696219,0.062268934159873036,1.2452554030782687e-15,0.00021313590121191503,VILA PRUDENTE
335931478,910203289,0,57.353,0,4,26.10477397549641,0.038299077520634404,0.07497222119966165,1.208299987571326e-15,0.00021668752146936622,VILA PRUDENTE
335932122,445249644,0,89.06,0,7,25.762146176594847,0.038808442250610864,0.03495614723309164,4.4572859031345926e-08,0.00028522804341306665,VILA PRUDENTE
335932122,470008298,0,132.613,0,5,25.05407689057879,0.039905232450297624,0.0030704237575529237,7.09930261172127e-08,0.0002167921614374945,VILA PRUDENTE
335932122,2395110397,0,60.983,0,5,25.427122940430927,0.03931977536304124,0.04331127824435103,3.210550176877968e-08,0.00022125381499552458,VILA PRUDENTE
335932255,470008298,0,105.97,0,4,25.155471060414026,0.039744386409821475,0.017931644922458946,6.482657764406354e-08,0.00017969958823527875,VILA PRUDENTE
335932255,445249644,0,24.058,0,6,25.870088719898607,0.038646514628191624,0.008162432614686908,3.840641058766469e-08,0.0002494303178374101,VILA PRUDENTE
335932255,1990867033,0,36.275999999999996,0,4,26.03675538656527,0.03839913027957617,0.009787309915988024,2.5494124014963336e-08,0.00017967910586296653,VILA PRUDENTE
335932942,470090801,0,109.825,0,6,28.01795521757499,0.03568385895338405,0.024829507163053897,3.6254140500907554e-13,0.0002526172098352722,VILA PRUDENTE
335932942,445250947,0,19.621,0,6,28.069919729615545,0.03561779911651603,0.029411903825196848,2.119439484479915e-13,0.0002534913297974237,VILA PRUDENTE
335932942,1421296179,0,49.815,0,5,28.454161385720322,0.03513682053718579,0.0046294915744322755,1.470613592106781e-13,0.00022378311928121213,VILA PRUDENTE
335932944,661560966,0,167.892,0,6,23.98880439374736,0.04167730686931483,0.01526821169512687,9.143350756874447e-11,0.00024461173981743354,VILA PRUDENTE
335932944,1265860564,0,137.829,0,5,24.438318546683565,0.04091070178319835,0.0025431252636235403,4.7970761001388083e-11,0.0002186481860173732,VILA PRUDENTE
335932944,1838288443,0,60.144,0,5,24.228136882129277,0.041265606472762784,0.040085379579851685,7.671011493993004e-11,0.000212149888284714,VILA PRUDENTE
335932944,445252698,0,64.628,0,6,23.917828474862695,0.04180098386427265,0.05278331959903104,7.021184250892058e-11,0.0002477454848048066,VILA PRUDENTE
335958093,470086844,0,137.736,0,6,27.583227714406423,0.03624625705511606,0.004251087039007132,1.654778605172656e-12,0.00025101616951877625,VILA PRUDENTE
335958093,335958095,0,130.468,0,5,27.361850443599494,0.03653951563718338,0.02687864998423657,1.9317310844565312e-12,0.00021617058038240098,VILA PRUDENTE
335958093,6785991385,0,62.44,0,5,27.619349387410224,0.03619885277246654,0.026928829716108167,1.5587261076832541e-12,0.0002231389908072575,VILA PRUDENTE
335958093,470091223,0,115.78199999999998,0,6,27.036332910857627,0.03697945151964997,0.0045348904405759895,3.504833721211509e-12,0.00024659629245662486,VILA PRUDENTE
335958095,336664056,0,116.33800000000001,0,5,27.433248838191805,0.03644441706642848,0.000535113370204468,2.724508543298548e-12,0.00021755403384097533,VILA PRUDENTE
335958095,336661487,0,71.88499999999999,0,4,27.601816645542883,0.036221846372840885,0.026832994654418973,1.6118868416066782e-12,0.00018625987755022824,VILA PRUDENTE
335962602,1417701335,0,28.276,0,5,24.733417828474863,0.04042258813883575,0.028735711372763224,1.0621298377036259e-08,0.00021462979120344804,VILA PRUDENTE
335962602,661560781,0,120.94,0,5,24.75242923531897,0.040391541074263085,0.006383519988911102,5.329272485530113e-09,0.00021261515027333404,VILA PRUDENTE
335962602,661560801,0,102.393,0,6,24.617448246725814,0.040613013669243775,0.03801546564014839,7.61028577782256e-09,0.000248343335801323,VILA PRUDENTE
335962602,1842193821,0,13.193,0,5,24.489226869455006,0.040825656419280265,0.06845728789654584,5.327503894581846e-09,0.00021737689450651392,VILA PRUDENTE
335962605,470008339,0,200.41000000000003,0,5,25.36649767638361,0.03941374859474539,0.011485811577985987,1.2073114230591793e-08,0.00022941579938084267,VILA PRUDENTE
335962605,470008700,0,90.48100000000001,0,5,24.976552598225602,0.04002909361547374,0.03834718657256185,2.8153744436583108e-08,0.00022737634020826155,VILA PRUDENTE
335962605,437088936,0,95.994,0,5,25.454161385720322,0.03927800829875518,0.031538372790575094,1.2054825625000748e-08,0.00022987785038098058,VILA PRUDENTE
335962605,470008264,0,327.83500000000004,0,5,25.170468948035488,0.03972070461659827,0.01864835133873972,2.2275778552895217e-08,0.00022602902256270207,VILA PRUDENTE
335963132,601462368,0,21.279,0,4,24.038867765103507,0.04159050966608084,0.04448844539694533,4.08476276614342e-07,0.00019657512250341732,VILA PRUDENTE
335963132,2514506195,0,89.82900000000001,0,4,24.187156738487538,0.04133552252362404,0.0012785548895315826,1.8278662901063223e-07,0.0002036489746780036,VILA PRUDENTE
335963132,1780483213,0,161.851,0,4,23.72391212505281,0.042142659982726226,0.04301369598198136,5.230981083267984e-07,0.00019890341834045947,VILA PRUDENTE
335963618,1842193821,0,76.17999999999999,0,5,24.104140261934937,0.04147788517995951,0.06256507683977097,4.123149919299328e-09,0.0002249190104807511,VILA PRUDENTE
335963618,8653822647,0,22.643,0,5,23.866920152091254,0.041890145681765883,0.04084979787233824,3.5940396401289163e-09,0.00022535562810794743,VILA PRUDENTE
335963618,2453057172,0,31.538,0,5,23.9404309252218,0.041761519049887945,0.04743403678873572,8.117369582756975e-09,0.0002319770578332945,VILA PRUDENTE
335963618,601487158,0,78.387,0,5,24.226024503591045,0.0412692046108505,0.02549253771860317,3.753006205984796e-09,0.00022869614996671905,VILA PRUDENTE
335967999,445252697,0,137.224,0,5,23.75559780312632,0.04208644928373896,0.018943465745443568,4.4570341818753856e-11,0.00022460387112589094,VILA PRUDENTE
335967999,4567888697,0,100.52499999999999,0,4,24.33248838191804,0.04108863616633388,0.0012952129152758415,1.2111305084094468e-11,0.00020483841828304882,VILA PRUDENTE
335967999,335968660,0,108.295,0,4,23.971905365441486,0.04170668734524114,0.01882336343637385,1.0835203887639516e-11,0.00020687419166433383,VILA PRUDENTE
335968660,4525354041,0,25.234,0,4,24.53865652724968,0.04074341890053888,0.0035156660505939203,2.6695727931203953e-12,0.00022716267272460434,VILA PRUDENTE
335968660,4174509660,0,81.918,0,4,24.12716518800169,0.041438302194049974,0.020026237418820404,2.654625438215073e-12,0.0002105721015196152,VILA PRUDENTE
335993020,470094060,0,47.982,0,4,27.773341782847485,0.03599814419032697,0.009833787864360895,4.408216193770401e-14,0.00020548331648625494,VILA PRUDENTE
335993020,470094082,0,99.844,0,4,27.569708491761723,0.03626403095429644,0.0022813269084082104,7.444092952141893e-14,0.00020614652287858455,VILA PRUDENTE
335993020,4560347894,0,30.182,0,4,27.213138994507815,0.03673919287105964,0.0118798458659613,2.3312658034056427e-14,0.00021987872300551512,VILA PRUDENTE
335993022,4560347894,0,74.603,0,4,26.412336290663287,0.037853098307687384,0.012565498431780552,9.128627689925518e-15,0.0002151702404111349,VILA PRUDENTE
335993022,470096009,0,241.672,0,4,25.57625686523025,0.039090503642280186,0.0062031608706677056,1.5737819361758493e-14,0.0002050654319210212,VILA PRUDENTE
335993022,470091190,0,40.32,0,5,26.118293198141107,0.03827925334023487,0.016694426615329785,7.566939528755129e-15,0.0002269424348906713,VILA PRUDENTE
336658868,2451166017,0,24.735,0,5,27.74630333755809,0.036033223957183426,0.029885115149117094,7.103590686432877e-12,0.00022835553154257912,VILA PRUDENTE
336658868,336661489,0,107.831,0,5,27.411068863540347,0.03647390647637249,0.029759048855521653,5.4430350078862876e-12,0.00022348592092773332,VILA PRUDENTE
336658868,445249642,0,122.873,0,5,27.065694972539077,0.03693933457687175,0.000450589313650265,1.4211091073695563e-11,0.00022327276412951118,VILA PRUDENTE
336661280,445249642,0,64.009,0,5,26.749894381073087,0.03737542839995578,0.013086010322628941,3.367552570141356e-11,0.00022856837678046052,VILA PRUDENTE
336661280,2451166023,0,141.979,0,4,27.083016476552597,0.03691570926051587,0.015341219091907264,3.052339879627352e-11,0.00019461273938775037,VILA PRUDENTE
336661280,437088946,0,20.555,0,4,26.73806506125898,0.037391963848378076,0.028658385228567652,1.12875613794104e-10,0.0001942512776934102,VILA PRUDENTE
336661487,336661489,0,105.944,0,5,27.822137727080694,0.03593500873130362,0.011789974788797827,2.7784267247020224e-12,0.0002280082752323242,VILA PRUDENTE
336661487,470086826,0,60.175999999999995,0,4,27.773130544993663,0.03599841798627907,0.017844858664877745,1.7896596125338953e-12,0.00019839577456711672,VILA PRUDENTE
336661489,336661495,0,66.704,0,5,27.87241233629066,0.035870191287476885,0.010429363698377858,3.8097217620703466e-12,0.000227260974860741,VILA PRUDENTE
336661489,336664046,0,56.81,0,5,27.420997042670045,0.036460700556963585,0.03145323177010444,3.2457666111170585e-12,0.0002242254176011474,VILA PRUDENTE
336661495,2534716149,0,32.451,0,4,27.590198563582593,0.03623709919456099,0.012720150720171698,6.4077479718465566e-12,0.0001889082854808127,VILA PRUDENTE
336661495,2515869084,0,62.56999999999999,0,4,27.923954372623573,0.03580398208666183,0.00267042548505189,3.926722601271928e-12,0.0001913458636511653,VILA PRUDENTE
336664046,2515869084,0,33.718,0,4,27.745880861850445,0.036033772621032516,0.03285867557178673,3.362764663766259e-12,0.00018847336569493357,VILA PRUDENTE
336664046,336664056,0,84.518,0,5,27.23954372623574,0.0367035796265277,0.0025147449234666545,3.1804300529610005e-12,0.0002192752466424031,VILA PRUDENTE
336664050,445249638,0,132.975,0,5,26.678495986480776,0.037475454487869764,0.03099770674512254,3.413801838585406e-11,0.00022518738087607277,VILA PRUDENTE
336664050,336664054,0,75.03999999999999,0,4,27.005280946345586,0.037021972262853656,0.0013597884718646973,9.4528087689203e-12,0.00018787219541944374,VILA PRUDENTE
336664050,2515869084,0,22.819,0,4,27.53527672158851,0.03630937768503744,0.032101249537019996,8.891049752217753e-12,0.00019094219820334213,VILA PRUDENTE
336664054,336664056,0,51.727999999999994,0,5,27.24757076468103,0.036692766881153575,0.0007936212511987095,4.569811812873763e-12,0.0002205380203742792,VILA PRUDENTE
336664054,470091210,0,79.846,0,4,26.970426700464724,0.03706981625652031,0.0020637443005387533,6.496088339023232e-12,0.00018628358145999707,VILA PRUDENTE
336664056,470091223,0,132.00099999999998,0,6,26.96831432192649,0.037072719867155435,0.0025309916399332776,4.297606272474911e-12,0.0002479889544536921,VILA PRUDENTE
336668909,336668914,0,226.159,0,4,28.176594845796366,0.03548295198968423,0.014573510325199624,1.5348843303342356e-12,0.00020443474508312478,VILA PRUDENTE
336668909,11195554060,0,237.879,0,4,28.31643430502746,0.03530772099962701,0.015533300524563289,1.7157992128558143e-12,0.0002128091019085791,VILA PRUDENTE
336668909,470090755,0,128.63299999999998,0,4,28.110054921841993,0.03556694445905631,0.00508933534682935,6.232122700450719e-12,0.00021595785807930988,VILA PRUDENTE
336668914,336668917,0,20.485,0,4,28.62695395014787,0.034924734356552536,0.005970565474164534,4.1917819107057717e-13,0.00019095224682624842,VILA PRUDENTE
336668914,1420160861,0,30.988,0,4,28.23806506125898,0.03540571069502315,0.00888757087115922,4.165313849212467e-13,0.0001921190137598464,VILA PRUDENTE
336668917,336668936,0,214.986,0,6,28.5758343895226,0.034987211519981076,0.005876375649585884,2.256121733569176e-13,0.0002533314701651901,VILA PRUDENTE
336668917,1420160861,0,35.289,0,4,28.644275454161384,0.03490361499092934,0.0004594324631194395,2.2178492427551151e-13,0.00018570459766996912,VILA PRUDENTE
336668936,1420160838,0,57.528000000000006,0,6,28.99556400506971,0.034480748916329726,0.017641054917809096,1.4562377506927996e-13,0.00025421214837014334,VILA PRUDENTE
336668936,445250947,0,222.085,0,7,28.512251795521756,0.03506523333604985,0.011759537902252763,2.1175666129513047e-13,0.0002847539439748133,VILA PRUDENTE
336668942,1420168081,0,54.795,0,4,32.868610054921845,0.030417737789203085,0.01749174965002722,4.087259895801022e-16,0.00021550294606341891,VILA PRUDENTE
336669402,470086836,0,66.012,0,4,28.55576679340938,0.03501179882085765,0.0032047162367010856,8.745046410163527e-14,0.00021326779467187808,VILA PRUDENTE
336669402,470086820,0,117.61600000000001,0,4,28.543937473595268,0.03502630858377674,0.009664122787336034,1.734331738288124e-13,0.0002191552877453348,VILA PRUDENTE
336669402,470086834,0,176.372,0,4,29.007182087029996,0.034466938537722105,0.006715240921324556,7.89487502173122e-14,0.00021170369872011236,VILA PRUDENTE
336669409,355919382,0,25.457,0,4,32.93937473595268,0.030352390419084874,0.047160310464468946,3.9407108061985866e-16,0.00020580845100045509,VILA PRUDENTE
336669409,3965010670,0,67.894,0,4,32.73299535276722,0.03054376024471147,0.043467781424491536,6.547170021379574e-16,0.0002025300618168318,VILA PRUDENTE
336669409,470091232,0,90.333,0,4,32.543092522179975,0.030721996118370235,0.008797699793995748,1.208624199876546e-15,0.00020524176247238885,VILA PRUDENTE
336671764,1417693206,0,39.099000000000004,0,5,23.94212082805239,0.041758571403363275,0.01341834821895885,3.961591126355553e-07,0.0002167643640359262,VILA PRUDENTE
336671764,2378322820,0,59.989000000000004,0,5,23.850654837346852,0.041918713300091226,0.027025281741713817,4.5030307690684066e-07,0.00021340426671645767,VILA PRUDENTE
336671764,445249645,0,45.338,0,6,23.66180819602873,0.042253269651385976,0.007404183961364897,8.926473655656448e-07,0.0002528969702868805,VILA PRUDENTE
336671764,12073259605,0,13.120000000000001,0,5,23.754752851711025,0.04208794628962696,0.04501759478262408,6.868578168813119e-07,0.0002251293662524911,VILA PRUDENTE
337776303,661560827,0,221.474,0,6,24.00380228136882,0.041651266346340005,0.0003722348962606023,9.104182521751686e-10,0.00023866572882493047,VILA PRUDENTE
337776303,661560849,0,205.87800000000001,0,6,23.953105196451205,0.041739421838898,0.0003058084479223843,7.458474629878339e-10,0.00022939080614302345,VILA PRUDENTE
337776303,661560831,0,79.623,0,6,24.211237853823405,0.041294409157534726,0.06472712405766474,8.265796698722744e-10,0.00023401236558270112,VILA PRUDENTE
337776303,661560949,0,70.44,0,6,23.898605830164765,0.04183460613774572,0.06467344819693324,7.853422376062989e-10,0.00023157532538821236,VILA PRUDENTE
337776307,1819653067,0,36.751,0,4,25.625052809463455,0.03901606640892267,0.034494452568945205,4.803419225538734e-10,0.00020487175195281937,VILA PRUDENTE
337776307,601114979,0,21.383,0,4,25.07182087029996,0.03987699047940012,0.04017669023948688,9.697053126268824e-10,0.00020424397730153828,VILA PRUDENTE
337776307,7292054401,0,1.645,0,4,25.01119560625264,0.039973649316318,0.07480810879788488,4.820543468722296e-10,0.00019697789442478758,VILA PRUDENTE
340183013,1265860708,0,124.93,0,6,26.74017743979721,0.03738901001674724,0.0009762425704691045,1.0275488469692725e-16,0.00026180563935432734,VILA PRUDENTE
340183016,1265860780,0,53.087999999999994,0,5,28.517110266159698,0.03505925925925926,0.014338447073030636,-1.5070919547445513e-17,0.00022902208713615103,VILA PRUDENTE
340183016,1265860359,0,20.85,0,5,28.34431770173215,0.03527298743497637,0.012617323400762692,-1.2101155107255336e-17,0.00022710911341427067,VILA PRUDENTE
413371933,7979743770,0,609.6270000000001,0,6,28.39015631601183,0.03521603583359995,0.02298437374357869,3.3095839710386053e-09,0.00024022979059782262,VILA PRUDENTE
437088936,6353325095,0,111.666,0,4,25.842416561047738,0.038687897464401905,0.0052242447898939665,3.405672307923958e-09,0.00019553359625217119,VILA PRUDENTE
437088936,8645515741,0,8.97,0,4,25.976130122517954,0.03848874937993511,0.035540206407334796,3.0771483909166745e-09,0.00018919182065787934,VILA PRUDENTE
437088940,7208896354,0,85.43700000000001,0,4,25.29467680608365,0.03952565869138586,0.0007921816687269834,4.557446496819448e-12,0.00020189846692202952,VILA PRUDENTE
437088940,661561004,0,98.277,0,5,24.6787072243346,0.04051220159378237,0.0013116652863812825,1.663474506380417e-11,0.000231719033375596,VILA PRUDENTE
437088940,1265860739,0,98.816,0,4,25.53485424588086,0.039153885607451894,0.0007662691842359138,4.948843545542795e-12,0.0002012672196638698,VILA PRUDENTE
437088946,1417693211,0,146.493,0,4,26.326151246303336,0.03797701961036043,0.00941219585478397,3.5753358164240906e-10,0.00019345381925086323,VILA PRUDENTE
437088946,1770073786,0,102.152,0,4,26.40578791719476,0.037862485500579975,0.01950202374447329,2.2421414218199806e-10,0.00019279360433786192,VILA PRUDENTE
437088948,445249639,0,43.736,0,5,26.677862272919306,0.037476344690521246,0.052262396398905016,4.49871654190137e-10,0.0002217826330144634,VILA PRUDENTE
437088948,8645515749,0,4.612,0,4,27.09738065061259,0.036896140443876235,0.052936737959589274,1.7230703449857337e-10,0.00020069083152108244,VILA PRUDENTE
445249638,665136594,0,74.158,0,5,26.26108998732573,0.03807110682110682,0.00021511475220364087,3.8300986655846156e-11,0.0002254495415313997,VILA PRUDENTE
445249638,2450029052,0,80.35300000000001,0,6,25.915716096324463,0.038578473325997474,0.032173639969883934,1.0233848539154493e-10,0.0002596749964440864,VILA PRUDENTE
445249638,1421008031,0,119.336,0,5,26.669835234474018,0.037487624252504854,0.0008896619675267212,3.6376239150019326e-11,0.00022246188547906236,VILA PRUDENTE
445249639,445249640,0,13.853,0,6,26.232784114913393,0.03811218655887137,0.04310109920347902,7.867091762393773e-10,0.00025399347368182086,VILA PRUDENTE
445249639,470008365,0,285.533,0,6,26.58998732572877,0.03760019701772365,0.009261451004530366,5.479740589778356e-10,0.0002484722586562904,VILA PRUDENTE
445249640,8645515741,0,46.36,0,5,26.166032953105198,0.03820941309437313,0.03561095160308819,1.1520415401114017e-09,0.00022206529537999626,VILA PRUDENTE
445249640,6353325094,0,129.985,0,5,26.33565694972539,0.03796331202425545,0.02247743505889229,9.365022310329185e-10,0.00022495465352642747,VILA PRUDENTE
445249640,470008706,0,55.525,0,5,26.654626108998734,0.037509014685020964,0.021655844776814332,7.95481316978234e-10,0.000218916301409298,VILA PRUDENTE
445249642,2534716149,0,40.976,0,5,27.19539501478665,0.036763163822499084,0.012797065555089634,1.5322469535230384e-11,0.00022592574923356143,VILA PRUDENTE
445249642,1421008031,0,119.841,0,5,26.735530207013095,0.037395509062465436,0.0004799979270012407,1.978032254819267e-11,0.00022388162520433643,VILA PRUDENTE
445249644,1990867033,0,35.57899999999999,0,6,26.659273341782846,0.03750247613010578,0.0025098092121350222,3.05629531749119e-08,0.0002505917324176089,VILA PRUDENTE
445249645,2378322827,0,38.846000000000004,0,5,23.959864807773553,0.04172764621868002,0.0076063424713230035,7.664383989495853e-07,0.00021507812441257587,VILA PRUDENTE
445249645,2419247896,0,17.85,2,6,23.608153781157583,0.04234929895043888,0.03126485212094714,8.393589009403927e-07,0.00025028253091906484,VILA PRUDENTE
445250947,1420160829,0,78.684,0,5,28.57689057879172,0.03498591840807788,0.01988166220773134,1.2791802876118678e-13,0.00021990943668277678,VILA PRUDENTE
445250947,1420160861,0,67.399,0,5,28.158005914659906,0.035506376594148535,0.009558827612261213,2.079355013479371e-13,0.00021906701631761727,VILA PRUDENTE
445251475,470091205,0,133.309,0,6,26.46092099704267,0.03778359650663388,0.03146865586801579,5.216614297750263e-12,0.00023584623045390683,VILA PRUDENTE
445251475,470091273,0,130.33100000000002,0,6,27.12758766370934,0.0368550559872919,0.004468669646876589,3.8357507949243836e-12,0.0002307621840515121,VILA PRUDENTE
445251475,470090923,0,65.014,0,5,27.1787072243346,0.036785736491948016,0.004399569688233737,3.2985470759268388e-12,0.00020363062212730234,VILA PRUDENTE
445251476,470090863,0,62.708,0,5,28.26299112801014,0.03537448522762095,0.003507851174318836,6.520986666195903e-13,0.00021078867999856486,VILA PRUDENTE
445251476,470086844,0,128.811,0,6,28.194550063371356,0.03546035527784645,0.003058907097779115,1.026327519166615e-12,0.0002474935494776343,VILA PRUDENTE
445251476,470090801,0,188.19,0,6,27.91022391212505,0.03582159588880395,0.025685647424453284,7.405951493724007e-13,0.0002457968308095863,VILA PRUDENTE
445251478,6470533442,0,18.322,0,6,25.139839459231094,0.03976909891439519,0.019519298734134,1.1377815713920072e-08,0.00024037785422514616,VILA PRUDENTE
445251478,6470296707,0,27.718,0,5,24.90578791719476,0.040142828063509294,0.00044914973117853886,1.2228850617274284e-08,0.0002045027528120662,VILA PRUDENTE
445251478,601754661,0,34.315,0,7,24.752006759611323,0.04039223049088551,0.019507370765082556,2.1475310948972414e-08,0.00026710989926401424,VILA PRUDENTE
445251478,6470533440,0,91.225,0,5,24.75855513307985,0.04038154717721638,0.00028750518506758123,1.1938790161342815e-08,0.00020441123053113123,VILA PRUDENTE
445252697,445252698,0,20.003999999999998,0,6,23.787283481199832,0.04203038833485778,0.049802766918641585,6.89632681725493e-11,0.00024835140584755804,VILA PRUDENTE
445252697,2378322760,0,138.24,0,6,23.85424588086185,0.04191240281246126,0.01874583163753946,1.1514494664063661e-10,0.00024365483294251037,VILA PRUDENTE
445252697,470094353,0,113.928,0,5,23.987114490916774,0.041680243054026685,0.045607206632115316,4.800544712610322e-11,0.00021150074286790027,VILA PRUDENTE
445252698,4174509663,0,139.238,0,5,24.1326573722011,0.04142887153811141,0.032489319840469585,4.29975000046855e-11,0.00022008662590179747,VILA PRUDENTE
445252698,661560958,0,125.131,0,5,24.059991550485847,0.041553994732221246,0.03534853628395641,7.372204007271151e-11,0.0002132128609156333,VILA PRUDENTE
470008261,470008364,0,70.38,0,5,26.27989015631601,0.038043871424093115,0.01912855492037978,1.0177777339079133e-09,0.00021775459477462236,VILA PRUDENTE
470008264,470008265,0,114.744,0,4,25.301858893113646,0.039514439091994424,6.642644833821798e-05,1.8698039503866584e-08,0.00018926362404601363,VILA PRUDENTE
470008265,470008267,0,36.552,0,4,25.823616392057456,0.038716063117080715,0.004287076600800284,7.96245984272128e-09,0.0001970095374039566,VILA PRUDENTE
470008265,8976944504,0,39.372,0,4,25.116814533164344,0.039805555789172685,0.004567383873509236,2.0267363735980263e-08,0.0001870561467541324,VILA PRUDENTE
470008267,6353325095,0,141.813,0,4,26.288762146176595,0.03803103229383452,0.004366664946022856,2.891045580591465e-09,0.00019963001654360732,VILA PRUDENTE
470008267,13285554007,0,80.401,0,4,26.059991550485847,0.03836489203034823,0.0004296125404908277,3.70986263563251e-09,0.00019812250968713664,VILA PRUDENTE
470008268,1417701336,0,32.707,0,5,25.39395859738065,0.03937112673127314,0.0007115650503103226,1.5624360259566008e-08,0.00021500706168512096,VILA PRUDENTE
470008268,1535974123,0,38.988,0,5,25.255175327418673,0.039587480553371586,0.023806580989573105,2.3096915751265302e-08,0.00021331786618583777,VILA PRUDENTE
470008268,13285554007,0,1.268,0,4,25.715040135192226,0.03887953341274079,0.024167710535337533,7.855222201309276e-09,0.00018827552194322387,VILA PRUDENTE
470008298,2378322827,0,318.85299999999995,1,4,24.41128010139417,0.04095601533362755,0.021192916184834987,2.360857701834502e-07,0.0001791757502954728,VILA PRUDENTE
470008364,470008706,0,215.33100000000002,0,5,26.852133502323618,0.03723312198115137,0.02152258057086026,6.80121356823539e-10,0.00021583511195534343,VILA PRUDENTE
470008365,1417702340,0,56.302,0,5,26.858893113645966,0.03722375147463625,0.016803012264625695,3.1816115030895043e-10,0.00021655508167007877,VILA PRUDENTE
470008674,470008700,0,429.697,0,4,24.329108576256864,0.041094344209630644,0.0009032351736887101,8.69404879870614e-08,0.0001833918354963381,VILA PRUDENTE
470008674,2419247896,0,12.433,0,5,23.991339247993242,0.04167290336781862,0.04560000871975669,3.292896265434843e-07,0.0002145508807002255,VILA PRUDENTE
470008700,2395110397,0,54.992000000000004,0,4,25.088297422898183,0.039850801562710494,0.038698033386385375,2.776960928013124e-08,0.00018824512439768673,VILA PRUDENTE
470008706,8645515741,0,79.24900000000001,0,4,26.436839881706803,0.037818013295832266,0.0003804610818133228,9.968808213401787e-10,0.00018331222882267653,VILA PRUDENTE
470084538,470090750,0,83.563,0,2,31.87156738487537,0.03136930010604454,0.0006412311638345624,8.106390002399287e-14,0.00013427129079761406,VILA PRUDENTE
470084538,470090727,0,46.762,0,4,30.88593155893536,0.032370361251316565,0.015755201879847924,2.745710848403579e-13,0.00022917185024484658,VILA PRUDENTE
470084538,1421311501,0,45.958,0,4,31.303760033798056,0.03193829626430576,0.01610522607511618,1.892824059461319e-13,0.0002551974550075061,VILA PRUDENTE
470084539,470090748,0,67.866,0,5,29.900929446556823,0.033436711856504014,0.0003189703448067371,8.929519284217319e-13,0.00024070358521134216,VILA PRUDENTE
470084539,4566094025,0,25.522000000000002,0,5,29.448246725813267,0.03395070584184552,0.015769186395287547,8.667533048628839e-13,0.00023933103158810118,VILA PRUDENTE
470084539,470090727,0,18.981,0,5,29.899873257287705,0.033437892981786836,0.015720240591248862,8.702434198915565e-13,0.0002462988232361971,VILA PRUDENTE
470084541,4566094025,0,103.337,0,4,29.45838614279679,0.03393902019274897,0.016201678100721827,2.5460824605003144e-13,0.00019787629760876553,VILA PRUDENTE
470084541,470090741,0,38.677,0,4,29.396070975918885,0.034010965715969274,0.034842420217825285,9.233416848664376e-14,0.0001926927005683316,VILA PRUDENTE
470086820,470086822,0,61.675,0,4,28.989015631601184,0.0344885378259032,0.0006988144627036059,2.088177072944423e-13,0.0002354914771025249,VILA PRUDENTE
470086820,11195554060,0,16.522,0,4,28.458174904942965,0.035131865113827834,0.009958208920845792,6.173182038297054e-13,0.00021859870996991586,VILA PRUDENTE
470086822,470086825,0,46.437,0,4,29.012251795521756,0.034460915657036344,0.0016682704300917158,3.130508933105181e-13,0.0002454714527751373,VILA PRUDENTE
470086822,470086830,0,178.773,0,2,29.5559780312632,0.033826955788390345,0.0006412311638345624,9.11911948412936e-14,0.00013375790406717445,VILA PRUDENTE
470086825,470086826,0,35.931,0,4,28.213138994507815,0.03543699133729158,0.0026558240056958108,1.2230913041583265e-12,0.00022416360705814522,VILA PRUDENTE
470086825,470086828,0,170.586,0,2,29.12822137727081,0.034323714764346265,0.0006412311638345624,2.6844610321049026e-13,0.00013132844601005937,VILA PRUDENTE
470086826,2451166017,0,90.731,0,5,27.746725813265737,0.0360326753100424,0.016785325965687346,4.628170307381688e-12,0.00024045472853134636,VILA PRUDENTE
470086834,470086836,0,149.815,0,4,28.934938741022393,0.03455299391143103,0.00044400836520808856,7.840758261734639e-14,0.0002097429612741183,VILA PRUDENTE
470086834,470090789,0,59.046,0,4,28.846430080270384,0.034659011855681425,0.0066734930296444995,1.1247540816170408e-13,0.000200805195843954,VILA PRUDENTE
470086836,1421296188,0,24.084,0,4,28.41444866920152,0.03518592860222728,0.0038173614057399447,1.6986090243024115e-13,0.00021180975027289725,VILA PRUDENTE
470086844,470086845,0,188.767,0,6,28.288128432615125,0.035343050867708115,0.00280492361883887,7.871511293566928e-13,0.0002529698768731759,VILA PRUDENTE
470086844,1421296188,0,41.428,0,5,28.104985213350233,0.035573360190606466,0.004396896177929103,6.611043614257715e-13,0.00023276179205999672,VILA PRUDENTE
470086845,470090801,0,131.479,0,6,28.41254752851711,0.035188282963458606,0.005370876547371209,5.014192161199215e-13,0.00025127315820512775,VILA PRUDENTE
470086845,470086846,0,13.373,0,5,28.912125052809465,0.034580258639585006,0.002517418433771289,3.312325141886761e-13,0.00022418028211416334,VILA PRUDENTE
470086845,470090789,0,19.543,0,5,28.596958174904945,0.034961367430453985,0.0054432669802351496,3.299822322346382e-13,0.00022467170061486792,VILA PRUDENTE
470086846,470090789,0,23.637,0,4,29.141106886354034,0.034308537628484854,0.0015485794302996327,1.5630110026487758e-13,0.00019271578992478193,VILA PRUDENTE
470090727,470090748,0,124.475,0,4,30.444444444444443,0.03283977685881602,0.0,4.307342109048164e-13,0.00020440274790432022,VILA PRUDENTE
470090735,1420168095,0,52.549,0,4,31.825095057034222,0.03141510686313554,0.009602015086412995,1.295140085279313e-15,0.00021777299321199147,VILA PRUDENTE
470090735,1420168076,0,92.44399999999999,0,4,31.991550485847064,0.03125165073160425,0.002337470624805528,1.0804275015877436e-15,0.0002353277981282981,VILA PRUDENTE
470090735,470091317,0,32.986,0,4,31.044993662864385,0.032204508495104346,0.010107925497905306,4.2580101083129365e-15,0.00021431199875004175,VILA PRUDENTE
470090748,4566094025,0,84.48599999999999,0,4,29.96197718631179,0.03336858432036097,0.00032226081902782526,4.2724422330616566e-13,0.00019798628159055457,VILA PRUDENTE
470090753,470090757,0,92.696,0,2,30.79890156316012,0.03246183179928945,0.0006412311638345624,5.427088096740236e-13,0.00013872603172621344,VILA PRUDENTE
470090755,6603868566,0,23.989,0,4,28.52239121250528,0.03505276800592483,0.01998613476425089,6.544749633049452e-12,0.00023141989510452638,VILA PRUDENTE
470090755,1417702332,0,66.324,0,4,27.977186311787072,0.03573585817402072,0.017297611670983017,2.586878913872726e-11,0.0002167690481330154,VILA PRUDENTE
470090757,1421311501,0,46.431,0,4,30.770173215040135,0.0324921395521261,0.01658111090934106,5.911719488577123e-13,0.0002596521959361055,VILA PRUDENTE
470090757,2811421191,0,17.325,0,4,29.80101394169835,0.0335488169665008,0.017677250134241065,2.5146169331574083e-12,0.00024443030888275804,VILA PRUDENTE
470090760,470090761,0,90.839,0,5,29.341994085340094,0.034073647456895,0.0037980298696910515,6.576424912722945e-13,0.00020893980196758823,VILA PRUDENTE
470090760,470091259,0,68.266,0,5,29.061047739754965,0.034403052880247136,0.007051280601153188,6.449866092325593e-13,0.0002123409693698155,VILA PRUDENTE
470090760,4562773714,0,68.424,0,4,29.63329108576257,0.033738701491260584,0.0030249740823741432,3.0351056104399593e-13,0.00018177942822504892,VILA PRUDENTE
470090761,470090766,0,107.824,0,5,28.887410223912124,0.03460984402535959,0.0004378387260435482,7.892579110850622e-13,0.00020533700234338426,VILA PRUDENTE
470090761,9535051622,0,68.081,0,6,29.185678073510772,0.034256143017406725,0.004090676420729083,6.701686865024198e-13,0.000244588035092659,VILA PRUDENTE
470090761,470091235,0,68.788,0,6,28.61343472750317,0.03494123553035672,0.0009735690601644703,1.3557068457116785e-12,0.00023533487368857415,VILA PRUDENTE
470090766,470091437,0,67.804,0,5,28.431981411068865,0.03516423100069095,0.004945171445017924,1.2830356051517003e-12,0.00020497384714841118,VILA PRUDENTE
470090766,1990867030,0,68.922,0,5,29.004224757076468,0.034470452857122046,0.004395867904735013,5.502298254859589e-13,0.0002099390351580086,VILA PRUDENTE
470090801,1421296196,0,51.541,0,5,28.46599070553443,0.03512221908903367,0.006076477613155809,3.181957705986389e-13,0.00022106982326275615,VILA PRUDENTE
470090812,11195554379,0,67.348,0,5,29.63392479932404,0.03373797999814666,0.00574537364465881,8.805599091564323e-14,0.00022057578994632676,VILA PRUDENTE
470090812,1421296196,0,12.18,0,4,29.31199831009717,0.03410851595886512,0.005640284124222805,1.2473404210981197e-13,0.00018865117315517544,VILA PRUDENTE
470090812,470090863,0,187.922,0,4,29.097803126320237,0.034359596076922516,0.0003452941385754427,2.159575575171507e-13,0.00018128137790866745,VILA PRUDENTE
470090822,11195554379,0,107.455,0,6,30.03295310519645,0.033289725410758496,0.005684088562291042,5.085199145531523e-14,0.00025834075570422367,VILA PRUDENTE
470090822,4562778151,0,53.688,0,5,30.600549218419943,0.03267224895245853,0.0025184467069653787,2.4489048144501265e-14,0.00023088059654838237,VILA PRUDENTE
470090822,1421296195,0,61.125,0,5,30.307984790874524,0.03298763573509528,0.0027327388406137476,4.1298378176681006e-14,0.00022505271291752718,VILA PRUDENTE
470090863,1990867030,0,68.907,0,5,29.043937473595268,0.03442332029033994,0.0030305267576222292,3.711103601204317e-13,0.00021364107237714446,VILA PRUDENTE
470090879,470094066,0,68.441,0,5,28.642163075623152,0.0349061891557024,0.0008209733181615052,4.198504114170345e-13,0.0002185360977817736,VILA PRUDENTE
470090879,470094080,0,110.833,0,5,28.650612589776088,0.03489589477409461,0.0033320164581294356,3.2780282879269616e-13,0.00022182831474839475,VILA PRUDENTE
470090879,2451166006,0,84.898,0,3,28.954372623574145,0.03452980229080032,0.0006412311638345624,2.831106863465764e-13,0.00014194563551280488,VILA PRUDENTE
470090879,470094061,0,78.28800000000001,0,6,28.082594000844953,0.03560172404714802,0.0031950504686766392,8.726915103193431e-13,0.0002490467828920782,VILA PRUDENTE
470090890,470094062,0,75.391,0,6,27.573510773130543,0.036259030283529836,0.00407957107023291,1.2839298289345343e-12,0.00023258070560236113,VILA PRUDENTE
470090890,470091292,0,131.858,0,6,27.347697507393324,0.0365584255082494,0.0005153705248779389,9.844656173844028e-13,0.00023603264318914087,VILA PRUDENTE
470090890,470094066,0,67.735,0,5,28.083861427967893,0.03560011733822744,0.0008074001119995163,6.41520601897638e-13,0.0002070137169014843,VILA PRUDENTE
470090890,470094081,0,111.391,0,6,28.054921841994084,0.035636840044574285,0.0028003992167848738,7.055801041417197e-13,0.00024080215705356295,VILA PRUDENTE
470090914,470090923,0,132.872,0,4,27.160963244613434,0.03680976823767304,0.0002914126232051234,3.2547598659266143e-12,0.0001719332111463174,VILA PRUDENTE
470090914,470091208,0,66.638,0,5,26.527038445289396,0.03768942259454208,0.0016275508116057494,6.440336849377313e-12,0.00021104592914988185,VILA PRUDENTE
470090914,470091205,0,63.927,0,5,26.61427967891846,0.03756587719855229,0.002185903155996653,5.172838394473146e-12,0.0002051723174952944,VILA PRUDENTE
470090923,470091223,0,64.362,0,5,27.113223489649346,0.036874581236268446,0.004423631280975445,3.714279044963856e-12,0.00020729443966813066,VILA PRUDENTE
470091124,1990851098,0,40.108,0,4,30.696451204055766,0.03257017417095041,0.0263856958149898,1.1979270078359755e-14,0.00020720450585672966,VILA PRUDENTE
470091124,1420160841,0,130.473,0,4,30.254119138149555,0.03304636825090942,0.011316146500961128,1.8245492713145798e-14,0.0002019651110686365,VILA PRUDENTE
470091124,1420160838,0,48.418,0,4,29.8574144486692,0.03348544341858573,0.017653394196138178,4.1525015999140996e-14,0.00019418431672632957,VILA PRUDENTE
470091126,470091128,0,108.395,0,4,30.89205745669624,0.03236394220578079,0.0001970171439876558,9.751335228456597e-15,0.0001931155096929217,VILA PRUDENTE
470091126,470091313,0,53.908,0,5,30.07815800591466,0.03323969379872182,0.0017797352443310785,2.8223093191521774e-14,0.0002255702090328637,VILA PRUDENTE
470091126,470091317,0,55.419,0,4,30.57456696239966,0.03270001381788034,0.0014634384098289755,9.542837902689681e-15,0.00020005008091430286,VILA PRUDENTE
470091128,470091232,0,56.419,0,4,31.653992395437264,0.031584918251584916,0.0011816915546482988,4.520330146541029e-15,0.0001992955025478292,VILA PRUDENTE
470091128,470091233,0,53.038,0,5,30.77651035065484,0.03248544915440369,0.0018916113678480772,1.3539619966716719e-14,0.00022709290018248067,VILA PRUDENTE
470091186,470091188,0,167.664,0,5,28.333544571187158,0.03528639911728087,0.07093193016544298,4.653634962374312e-14,0.00023002992993375414,VILA PRUDENTE
470091186,470094080,0,26.939,0,5,28.596958174904945,0.034961367430453985,0.00429797629665764,1.1469741632752966e-13,0.0002257398946887635,VILA PRUDENTE
470091188,1925380386,0,54.032000000000004,0,4,27.847697507393324,0.035902026078843366,0.07468533297851053,1.6828436198673127e-14,0.00019080206748267007,VILA PRUDENTE
470091188,470094078,0,24.66,0,4,28.48584706379383,0.03509773677809747,0.00447483928604113,3.840475669184228e-14,0.00019178004854793237,VILA PRUDENTE
470091190,470096038,0,8.528,0,6,26.183988170680188,0.03818321164938889,0.017219257253593353,6.95316416953102e-15,0.00024519302958528956,VILA PRUDENTE
470091190,8743049027,0,19.182,0,6,26.517532741867342,0.03770293306992528,0.012373416999124528,5.968271676614554e-15,0.00024710446924245717,VILA PRUDENTE
470091190,8743049030,0,32.196999999999996,0,5,26.522602450359106,0.037695726277895476,0.01080180424927728,5.410999314463021e-15,0.00021469893591642358,VILA PRUDENTE
470091200,470091202,0,91.571,0,6,27.001689902830588,0.0370268959366639,0.0037431200811266423,3.239810668476087e-12,0.00022566140649153262,VILA PRUDENTE
470091200,470094065,0,67.157,0,5,26.786438529784537,0.037324437925351124,0.0012259073019941715,2.337519507358099e-12,0.00019594179324030443,VILA PRUDENTE
470091200,470091261,0,137.805,0,6,27.37156738487537,0.0365265440626037,0.0010426690188073224,2.3247187885246836e-12,0.0002279609938056886,VILA PRUDENTE
470091200,470094062,0,63.298,0,6,27.48141106886354,0.03638054682275533,0.0036141746225877482,2.1125253004127286e-12,0.0002279129007245708,VILA PRUDENTE
470091202,470091203,0,108.951,0,6,26.796789184621883,0.037310020810998296,0.0014297110490628215,4.4372180978976345e-12,0.00022826559132526594,VILA PRUDENTE
470091202,470091238,0,137.301,0,6,27.18166455428813,0.036781734251387185,0.00783317953793927,3.4858825629606483e-12,0.0002238447245116917,VILA PRUDENTE
470091202,470094064,0,67.025,0,6,26.596535699197297,0.03759093941608158,0.010475224682834275,3.8430222310825785e-12,0.00023319964252999675,VILA PRUDENTE
470091203,470091205,0,130.723,0,6,26.567807351077313,0.037631587316731864,0.0017805578628863506,5.741766702681937e-12,0.00023405276110950835,VILA PRUDENTE
470091203,470091273,0,133.231,0,6,26.98331220954795,0.037052114076358826,0.0006838016740698909,4.360917351842764e-12,0.0002289687147071136,VILA PRUDENTE
470091203,470094063,0,71.572,0,5,26.398605830164765,0.03787278648646486,0.0007306909317203978,4.721970477625349e-12,0.00020599594085303962,VILA PRUDENTE
470091205,1421274916,0,58.106,0,5,25.855302070130968,0.03866861657366482,0.0324757466343076,8.948999689371088e-12,0.00020490922628676203,VILA PRUDENTE
470091208,470091210,0,129.584,0,5,26.352767215885088,0.03793866328935345,0.0015944404147560495,8.354254414989005e-12,0.0002180972824754165,VILA PRUDENTE
470091208,470091223,0,132.393,0,6,26.411702577101817,0.03785400654227284,0.006582593679286938,6.899857313931446e-12,0.0002458227467924784,VILA PRUDENTE
470091208,1421274920,0,55.371,0,5,25.77608787494719,0.03878745164885596,0.007217860858595778,1.317418840622873e-11,0.00021271923893861712,VILA PRUDENTE
470091210,665136594,0,52.27,0,4,26.57245458386143,0.03762500596212856,0.0015728466776801582,1.4797955928700944e-11,0.00018784018268554642,VILA PRUDENTE
470091232,1420168095,0,21.528,0,4,32.11343472750317,0.031133037329386614,0.009736307565561157,1.3519005543471971e-15,0.00020969106823115998,VILA PRUDENTE
470091233,470091313,0,108.96,0,6,29.97148288973384,0.033358001198153436,0.00400615236417488,3.200791070659301e-14,0.0002582036551861599,VILA PRUDENTE
470091233,4562778151,0,53.639,0,5,30.559780312632025,0.03271583604064422,0.0015407645540245483,1.612371270382356e-14,0.00022975361115418305,VILA PRUDENTE
470091235,470091437,0,107.86999999999999,0,6,28.07498943810731,0.035611367347092325,0.026448831789106928,1.8494640932590374e-12,0.00023503337694666978,VILA PRUDENTE
470091235,470091259,0,91.292,0,6,28.544571187156738,0.03502553097017687,0.0265570061291252,1.3430272916202258e-12,0.00023890223118237417,VILA PRUDENTE
470091235,470091238,0,113.62700000000001,0,6,27.901563160118293,0.03583271504928607,0.001133568369164884,2.4488469164398942e-12,0.00022672371042113394,VILA PRUDENTE
470091238,470091261,0,90.509,0,6,27.56147021546261,0.03627487047426347,0.010837588156431613,2.5707961707129246e-12,0.0002261443118258477,VILA PRUDENTE
470091238,470091273,0,108.696,0,6,27.356569497253908,0.036546569270921814,0.004256845368894036,3.4095654305732035e-12,0.0002245478478935394,VILA PRUDENTE
470091240,470094064,0,66.702,0,6,25.932826362484157,0.03855301956567779,0.001335315569845354,5.3647650900786244e-12,0.00023877028927210314,VILA PRUDENTE
470091240,470091263,0,93.455,0,6,25.641951837769327,0.03899035332690771,0.008994716937983404,5.183594246858971e-12,0.00023502578136251278,VILA PRUDENTE
470091240,470091288,0,107.404,0,6,25.457329953527672,0.03927311952868937,0.009235949829316933,1.081888558836555e-11,0.00023912512277034716,VILA PRUDENTE
470091240,470094340,0,99.81700000000001,0,6,25.6787072243346,0.03893454422809572,0.001421484863510101,5.390683203929152e-12,0.000249693227356206,VILA PRUDENTE
470091259,1265860440,0,60.5,0,5,28.98141106886354,0.03449758742838817,0.029973957953086477,5.888157094022513e-13,0.00021742976748533898,VILA PRUDENTE
470091259,4562765804,0,22.963,0,5,28.804182509505704,0.034709846801457916,0.003895921477768425,7.98281384471877e-13,0.0002104222811475463,VILA PRUDENTE
470091261,470094061,0,61.395999999999994,0,6,28.028728348119984,0.035670143494513445,0.003040192525646676,1.6542019245393667e-12,0.00023410672111255485,VILA PRUDENTE
470091261,4562765804,0,90.596,0,5,28.101394169835235,0.03557790606771303,0.008710913536414547,1.3892209578706665e-12,0.00020214597875328907,VILA PRUDENTE
470091263,470094334,0,99.67,0,6,25.804182509505704,0.038745221313555504,0.0015919725590902332,2.9655233166779895e-12,0.0002398053505484513,VILA PRUDENTE
470091263,470091290,0,63.015,0,5,26.157160963244614,0.03822237296895694,0.009068546953319071,2.3647098558031165e-12,0.00019915079777634126,VILA PRUDENTE
470091263,470094065,0,65.816,0,5,26.122729193071397,0.038272753002062024,0.0012302260494093497,2.7595352120598117e-12,0.0001995927239989618,VILA PRUDENTE
470091273,470091437,0,116.337,0,6,27.70468948035488,0.03608734769812587,0.0006208713545915791,2.8101890871719446e-12,0.0002328575144190752,VILA PRUDENTE
470091286,470094353,0,98.588,0,5,24.65504858470638,0.0405510765355518,0.044263047912800786,2.7196832836988655e-11,0.00020846207193014839,VILA PRUDENTE
470091286,470091288,0,130.484,0,6,25.228770595690747,0.03962891328192376,0.01985060835726982,2.2373037128515605e-11,0.00024195851820519253,VILA PRUDENTE
470091286,1421274916,0,77.017,0,5,25.158639628221376,0.03973938086162165,0.03287636187072508,2.0720405189196496e-11,0.0002074453372263239,VILA PRUDENTE
470091288,470094063,0,64.265,0,5,25.734896493451625,0.03884953500398099,0.011023294295284277,9.5818397965893e-12,0.0002110710293645629,VILA PRUDENTE
470091288,470094346,0,99.47,0,6,25.227503168567807,0.03963090423438586,0.0007323361688309418,1.4018881320859263e-11,0.00025315154851520517,VILA PRUDENTE
470091290,470091292,0,75.39,0,5,26.9666244190959,0.03707504308318972,0.008636055247884791,1.1622880668731114e-12,0.0002004042005208632,VILA PRUDENTE
470091290,470094062,0,132.762,0,5,26.805449936628644,0.0372979660669677,0.0001252436750401695,1.4617434189908127e-12,0.00019708942669703102,VILA PRUDENTE
470091292,470094152,0,99.874,0,6,26.925221799746513,0.03713205297181949,0.0004983011898560438,1.0839324294777255e-12,0.00024439655983668447,VILA PRUDENTE
470091292,470091294,0,111.433,0,6,27.457963667089142,0.03641161355838321,0.008507109789345896,7.568155277718355e-13,0.0002424141704476253,VILA PRUDENTE
470091294,470094081,0,130.517,0,6,28.124207858048162,0.03554904611686946,0.0004577872260088954,4.779255255991391e-13,0.00024718368431204734,VILA PRUDENTE
470091294,470091296,0,49.788,0,5,28.26066751161808,0.035377393748224774,0.008518626449119706,3.138446996141299e-13,0.0002171181828899347,VILA PRUDENTE
470091294,470094059,0,49.033,0,5,28.170257710181666,0.03549093417717722,0.00037675929831459856,3.0870769532629483e-13,0.0002211084464877794,VILA PRUDENTE
470091296,470094079,0,131.355,0,4,28.835445711871568,0.034672214611704895,2.056546388180123e-07,1.4448243413357274e-13,0.0001850409324971532,VILA PRUDENTE
470091296,470091297,0,48.508,0,5,28.788550908322772,0.03472869354661188,0.008549680299581225,1.0811205887730504e-13,0.00023273331296907977,VILA PRUDENTE
470091297,470094060,0,48.272,0,5,28.529995775242924,0.03504342482285782,0.00928592390654971,6.045798924840612e-14,0.00024107616875180767,VILA PRUDENTE
470091297,470094078,0,130.81599999999997,0,5,28.77608787494719,0.034743734676199844,0.00036318609215260975,5.999527079441759e-14,0.0002368446939639601,VILA PRUDENTE
470091297,10942341525,0,95.324,0,3,29.10667511618082,0.034349122947072014,0.0006412311638345624,3.993197027319109e-14,0.00015261999033055058,VILA PRUDENTE
470091313,1421296179,0,79.462,0,5,29.246514575411915,0.03418488584573826,0.004330675384229704,5.555764335463485e-14,0.0002237288792477338,VILA PRUDENTE
470091313,11195554379,0,109.148,0,6,29.649345162653148,0.03372043317184383,0.0018274471205368575,5.4629053105831695e-14,0.0002557316991614498,VILA PRUDENTE
470091317,1420160841,0,24.749,0,4,30.230882974228983,0.03307176846268334,0.01046329671378283,1.2353386138508739e-14,0.00020450574612826587,VILA PRUDENTE
470091437,1421274908,0,50.366,0,5,28.330164765525982,0.035290608805875555,0.030933131188533684,1.3434861611275486e-12,0.0002164631512109381,VILA PRUDENTE
470094059,470094060,0,98.415,0,4,28.29636670891424,0.03533276100182897,0.00030148970050720606,9.391866790025955e-14,0.00019612842302282115,VILA PRUDENTE
470094059,470094082,0,50.646,0,4,27.69961977186312,0.036093952566155725,0.0003138289788362868,1.2428425954663767e-13,0.00019679162941515076,VILA PRUDENTE
470094061,470094062,0,137.715,0,6,27.395859738065063,0.03649415538352404,0.0006877091122074331,1.442019605983421e-12,0.00023405862803143704,VILA PRUDENTE
470094061,4562765805,0,90.856,0,5,28.140895648500212,0.03552796523018489,0.0009889931580758212,8.674628873414024e-13,0.00020981247853656696,VILA PRUDENTE
470094063,4567885013,0,26.805,0,4,26.579847908745247,0.037614540368277584,0.010371986054147632,2.900957769506654e-12,0.00019233605850185363,VILA PRUDENTE
470094064,470094065,0,92.986,0,5,26.393747359526827,0.037879757979319396,0.00025439478821788123,2.940718738583741e-12,0.00020310870222273373,VILA PRUDENTE
470094064,4567885012,0,37.916,0,5,26.777566539923953,0.037336804322959806,0.010066794570141703,2.5243111757562475e-12,0.0002225599000616232,VILA PRUDENTE
470094066,470094067,0,110.864,0,4,28.751584283903675,0.03477334508853133,0.00046272293734052767,2.77571841502621e-13,0.00017913344108193966,VILA PRUDENTE
470094067,470094080,0,70.042,0,4,29.12948880439375,0.03432222133590526,0.0007027219008411481,1.8552960320888034e-13,0.00018224471343820662,VILA PRUDENTE
470094067,470094081,0,67.796,0,5,28.816645542881286,0.03469483499244968,0.0011592751990171354,3.4163280715051174e-13,0.00021419269459664126,VILA PRUDENTE
470094068,470094152,0,52.174,0,5,26.987748204478244,0.037046023794614906,0.0022146948054311746,7.458225903197547e-13,0.00022197207769231563,VILA PRUDENTE
470094068,470094070,0,142.256,0,5,26.372623574144487,0.037910098679994876,0.00028709387578994516,3.9624551677772333e-13,0.00023660199373635118,VILA PRUDENTE
470094068,470094082,0,60.237,0,4,27.026615969581748,0.0369927468267367,0.0024491410936837085,2.3428221251214725e-13,0.0001958362354311791,VILA PRUDENTE
470094070,8743621335,0,27.801,1,3,26.46894803548796,0.03777213815999489,0.0006412311638345624,2.5044546522807217e-13,0.00015355317338992258,VILA PRUDENTE
470094070,470094072,0,142.539,0,5,25.485635825940008,0.039229500451723597,0.002104258264385902,6.472114842694796e-13,0.00023625114765387663,VILA PRUDENTE
470094070,470094166,0,54.583,0,5,26.437684833122095,0.037816804627824475,0.0011751106062061222,3.897591510843908e-13,0.00024317832594372062,VILA PRUDENTE
470094072,4174509660,0,28.473,0,4,24.60540768905788,0.04063288748476159,0.004138799606212498,9.91330486870104e-13,0.00019761811482459945,VILA PRUDENTE
470094072,470094334,0,131.229,0,5,25.334178284748628,0.039464029616782845,0.001652023713625093,1.6759524499149684e-12,0.00021856472973278456,VILA PRUDENTE
470094078,470094079,0,48.087,0,4,28.94106463878327,0.03454568014772968,0.0037229659265224768,9.636524261396117e-14,0.00018892072728161587,VILA PRUDENTE
470094079,470094081,0,49.835,0,5,28.832065906210392,0.03467627902206006,0.0035528895402199808,3.085633968440317e-13,0.0002164820794903743,VILA PRUDENTE
470094152,470094334,0,138.518,0,6,26.144909167722854,0.03824028439848105,0.0022424581816716063,1.814374897373118e-12,0.0002490433439449115,VILA PRUDENTE
470094152,470094166,0,58.283,0,5,27.049429657794676,0.03696154687158342,0.0007650352564030058,7.393414659639614e-13,0.00022854840989968502,VILA PRUDENTE
470094166,1421008035,0,63.156,0,2,27.27545416138572,0.036655256269264726,0.0006412311638345624,1.9728547274049136e-13,0.00011162582476031187,VILA PRUDENTE
470094334,470094340,0,92.314,0,6,25.62779890156316,0.03901188572558975,0.0024884211296979488,3.1726151612242543e-12,0.00025447279654214447,VILA PRUDENTE
470094340,1421008036,0,60.101,0,5,25.583016476552597,0.0390801750474775,0.003307132246832456,3.836285697544004e-12,0.00023600109599884237,VILA PRUDENTE
470094340,1925380262,0,67.954,0,5,26.041402619349387,0.038392277741726155,0.0020423562181016803,2.4730745882962012e-12,0.00024538325850167667,VILA PRUDENTE
470094346,470094353,0,131.139,0,5,24.77967891846219,0.04034712336007229,0.004163683817509477,1.884266746760071e-11,0.00021913507052536842,VILA PRUDENTE
470094346,1421008036,0,47.478,0,5,25.38762146176595,0.03938095436202521,0.003969340183826456,8.575293957898982e-12,0.00023649829806426492,VILA PRUDENTE
470094346,4567888697,0,49.364,0,5,25.052386987748203,0.03990792424830098,0.0009303815860126877,1.0033434184376452e-11,0.0002383340497691714,VILA PRUDENTE
470096002,7208896371,0,124.767,0,4,25.24334600760456,0.03960603169821426,0.029974780571641747,1.510347903057297e-14,0.00019939268637211524,VILA PRUDENTE
470096002,470096004,0,105.82900000000001,0,4,25.433882551753275,0.03930932527158566,0.0019691431666824678,2.5707200613838918e-14,0.0001954298398224547,VILA PRUDENTE
470096002,1265860352,0,64.962,0,4,25.081960287283483,0.039860870151088953,0.03156099480084508,4.588921988852051e-14,0.00020719338828093534,VILA PRUDENTE
470096004,1265860600,0,89.04999999999998,0,5,25.528728348119984,0.039163281010814795,0.0017583471618940053,6.456141330919559e-14,0.00022719561103177227,VILA PRUDENTE
470096004,1265860687,0,336.862,0,5,25.361427967891846,0.039421627339435786,0.0003638030560690638,2.1535478929378492e-14,0.00022682946810284162,VILA PRUDENTE
470096009,470096016,0,136.805,0,4,25.123151668779045,0.039795515121959425,0.0,4.5631167788568454e-14,0.00020887259848525837,VILA PRUDENTE
470096009,470096027,0,78.72,0,4,25.381706801858893,0.03939013124495452,0.006532619602054161,2.78163253331712e-14,0.00020937895660967965,VILA PRUDENTE
470096016,4560347947,0,174.23,0,4,24.58745247148289,0.04066256003161593,0.007742897151498163,1.672766424669204e-13,0.00020696427782991488,VILA PRUDENTE
470096016,470096027,0,52.596999999999994,0,4,24.893536121673005,0.040162585068648914,0.007964181542866345,5.0355196969085083e-14,0.00020943184197176214,VILA PRUDENTE
470096038,1420412751,0,12.018,0,6,25.94592310942121,0.03853355912332693,0.03470278071806785,6.736265136148195e-15,0.0002401160578720552,VILA PRUDENTE
470096038,7208896369,0,467.999,0,5,25.46218842416561,0.039265625777763026,0.00019845672645938187,7.21869824481532e-15,0.00021589284250203894,VILA PRUDENTE
470096038,8743049021,0,19.928,0,6,26.152936206168146,0.03822854742827604,0.01758696774779996,6.532385082496294e-15,0.00023829181635236788,VILA PRUDENTE
512564122,1265860770,0,23.177,0,4,27.771229404309253,0.036000882337281034,0.05616058007770044,3.949789001935224e-17,0.0001925561531655835,VILA PRUDENTE
512564122,1265860763,0,35.8,0,4,27.332065906210392,0.03657933379704768,0.045484430812740964,9.307496682212239e-17,0.00019902924626099598,VILA PRUDENTE
567515281,843764400,0,72.499,0,6,24.203844528939587,0.04130702297937704,0.020014515104407778,2.80349066116645e-08,0.0002726889653330077,VILA PRUDENTE
567515281,843764359,0,403.145,0,5,24.063793831854667,0.04154742885233238,0.0032532507314621366,2.440883987454427e-08,0.0002359383449756563,VILA PRUDENTE
567515281,4559199353,0,43.214,0,5,24.060414026193495,0.041553265087531384,0.022913628547825294,7.391938775690383e-08,0.00023219048422605624,VILA PRUDENTE
567515281,1838288499,0,204.322,0,5,24.21461765948458,0.0412886454044246,0.00033151527777463587,2.5391629618782225e-08,0.00024376378361515112,VILA PRUDENTE
567529411,567529420,0,8.561,0,4,24.836501901140686,0.04025481390760019,0.051189701802830265,7.593085168727583e-09,0.00020176532295016993,VILA PRUDENTE
567529411,601114979,0,18.426000000000002,0,4,24.89100126742712,0.04016667515318159,0.043500069202785964,3.637206477852789e-09,0.00020208332250448694,VILA PRUDENTE
567529411,843764400,0,99.061,0,5,24.598859315589355,0.040643704218941874,0.019668192692638243,1.1301967899252575e-08,0.00023632966563561915,VILA PRUDENTE
567529420,1838288459,0,125.72500000000001,0,4,24.797845373891,0.040317565783309056,0.04038275618758253,2.1757804024996742e-08,0.00020261450337380802,VILA PRUDENTE
567529420,567529463,0,5.936999999999999,0,4,24.88403041825095,0.04017792718228198,0.017469744603673693,6.755533686854775e-09,0.00020587043306240056,VILA PRUDENTE
567529463,833537674,0,29.337000000000003,0,4,25.07203210815378,0.03987665450623889,0.002620245753180295,5.715792115602004e-09,0.00020566227168206282,VILA PRUDENTE
567529463,601114971,0,18.488,0,4,24.962399662019433,0.04005178891784856,0.014985230912113285,3.5928231201123248e-09,0.0002066480254315271,VILA PRUDENTE
567529466,674412971,0,125.06400000000001,0,4,25.528728348119984,0.039163281010814795,0.04611208877041354,1.4760626069033026e-10,0.00019431900429966138,VILA PRUDENTE
567529466,7291571396,0,17.058,0,5,25.543937473595268,0.039139962786851355,0.002241429908477516,2.1962723927776163e-10,0.0002251141416478816,VILA PRUDENTE
567529466,8770172477,0,5.157,0,4,25.40747782002535,0.039350177503969935,0.04433749489205291,5.266831171208578e-10,0.0001852178388851207,VILA PRUDENTE
567529486,1065620339,0,11.166,0,4,26.364385297845374,0.037921944731549806,0.08063039727746163,2.832679368951795e-13,0.00021384967904297927,VILA PRUDENTE
567529486,7953937698,0,58.635999999999996,0,4,26.29657794676806,0.03801972880920249,0.023245760789516387,4.138447993780127e-13,0.0002103854230133635,VILA PRUDENTE
567529486,2489402952,0,64.187,0,4,26.31073088297423,0.037999277427642406,0.05749157690013061,4.3863180972286217e-13,0.00021077959260295604,VILA PRUDENTE
567529506,3775628989,0,14.235,0,4,25.882974228981833,0.038627274953072714,0.02556492815146711,1.526063564670177e-14,0.00020527699667506665,VILA PRUDENTE
567529506,1041132927,0,34.141999999999996,0,4,25.47084917617237,0.039252274442481694,0.00019249274193365953,2.3480336739520395e-14,0.00020043080386534785,VILA PRUDENTE
567529506,1041133178,0,121.12300000000002,0,4,25.69792986903253,0.038905420290331595,0.025118246275954388,1.0203159535829206e-14,0.00019908957029754877,VILA PRUDENTE
567529517,2393432914,0,75.334,0,6,26.26299112801014,0.03806835090767238,0.006940227096191461,1.4043816296190236e-12,0.00025756147991638144,VILA PRUDENTE
567529517,1041182127,0,66.465,0,5,26.333333333333332,0.03796666185365227,0.020319706588413707,1.5671445827164825e-12,0.00022198893124720384,VILA PRUDENTE
567529517,674413034,0,135.66600000000003,0,5,26.359315589353614,0.03792923828985856,0.02755237458100438,8.834639223299535e-13,0.00022958995716938934,VILA PRUDENTE
567529517,8769927204,0,35.401999999999994,0,5,25.790029573299535,0.03876648374150217,0.0002825694737359489,8.335863193387653e-13,0.0002268470606850296,VILA PRUDENTE
567529524,7291571394,0,6.142,0,4,25.787917194761302,0.03876965923984273,0.020140992707280852,1.263036230392346e-10,0.000189659550978387,VILA PRUDENTE
567529524,2515860954,0,43.65,0,4,25.824461343472752,0.03871479636491538,0.022703860816230922,5.1891896264831176e-11,0.00019495321063878806,VILA PRUDENTE
567529524,7291571396,0,24.579,0,5,25.62822137727081,0.03901124262305892,0.0033209111076332627,1.458327686887704e-10,0.0002261647144402718,VILA PRUDENTE
567547219,843768250,0,108.00399999999999,0,4,24.138360794254332,0.041419082706898515,0.01626995544080941,6.079563953340333e-07,0.00018542238154610482,VILA PRUDENTE
567547219,1838288434,0,69.93299999999999,0,4,24.37051119560625,0.04102452977377134,0.06195819000061902,9.645838776899775e-07,0.00018329940415613022,VILA PRUDENTE
567547219,830531627,0,90.82400000000001,0,5,24.198141106886354,0.041316758908462384,0.04837449545205049,1.9053202678282768e-06,0.00022287972833796963,VILA PRUDENTE
567547257,833537637,0,37.458,0,5,24.247359526827207,0.04123289222647164,0.046870954387652,1.1920930950730354e-07,0.0002200949542435156,VILA PRUDENTE
567547257,833537889,0,87.024,0,5,24.418884664131813,0.04094326075485082,0.03192376958372005,1.3647904810482078e-07,0.00021526395911266528,VILA PRUDENTE
567547257,661583601,0,183.601,0,5,24.490283058724124,0.04082389573647757,0.033468030266604505,1.5291995888428173e-07,0.00022032000193042596,VILA PRUDENTE
567547257,833537867,0,152.039,0,6,24.28052386987748,0.04117657293986637,0.04099601832053785,3.0616920320808435e-07,0.00024976368797650797,VILA PRUDENTE
567547315,833537641,0,211.34600000000003,0,4,24.49809885931559,0.04081087140221084,0.011611055253026158,1.493399114096538e-08,0.00019254113209808747,VILA PRUDENTE
567547315,1838288474,0,59.586,0,5,24.908534009294467,0.04013840243561149,0.024232697401204026,1.3111962644626872e-08,0.00022466351313227455,VILA PRUDENTE
567547315,1265860635,0,111.089,0,4,24.7084917617237,0.04046336667521587,0.01287829913742275,2.6847859211602844e-08,0.00018538469184470885,VILA PRUDENTE
601104670,7301900228,0,79.08800000000001,0,4,23.568018588931135,0.04242141775192478,0.038590116114665625,1.157541083632482e-05,0.00019809456842285103,VILA PRUDENTE
601104670,1785438894,0,50.123,0,4,24.091465990705533,0.04149970626660471,0.0379801444559314,1.0481121917853285e-05,0.00021406169852432693,VILA PRUDENTE
601104670,661583549,0,375.87200000000007,0,4,23.75918884664132,0.04208008819659305,0.0028326869950793016,6.932022168244014e-06,0.0001993887078389615,VILA PRUDENTE
601114966,601114967,0,224.978,0,5,23.90494296577947,0.04182351589700087,0.0005221571279589333,0.00045732622916424035,0.0002368939384463208,VILA PRUDENTE
601114966,8753709698,0,739.495,0,4,23.88783269961977,0.041853473051244636,2.056546388180123e-07,0.0007820317715359074,0.0001991662749765363,VILA PRUDENTE
601114966,4100272553,0,868.4370000000001,1,4,23.763836079425435,0.042071859055272096,0.00011886838123681111,0.00030142851913422477,0.00019714584024214512,VILA PRUDENTE
601114967,1785383139,0,504.91600000000005,0,5,23.82002534854246,0.041972615373700825,0.02053975705194898,0.0008505138800396965,0.00023771897339707954,VILA PRUDENTE
601114967,601114969,0,43.661,0,5,23.42796789184622,0.04267500991813034,0.013859683073862303,0.00032341651873717397,0.00023881906585344906,VILA PRUDENTE
601114967,4100272553,0,786.971,0,5,23.383185466835656,0.04275673917756739,0.0073815619510949155,0.00035972384348090025,0.00023727610276207245,VILA PRUDENTE
601114969,601807173,0,6.986,0,4,23.90937896070976,0.04181575622642176,0.03340839042134728,8.288728386811728e-05,0.00020415536248305009,VILA PRUDENTE
601114969,2533391000,0,25.394,0,4,23.382551753274186,0.04275789797006134,0.020210915284478978,0.00010034589118398037,0.00020335594594771944,VILA PRUDENTE
601114971,601114972,0,4.064,0,4,24.858259400084496,0.040219580383925764,0.07262097171405532,2.940773984012523e-09,0.0002024569969207888,VILA PRUDENTE
601114971,833537674,0,30.247000000000003,0,4,24.848331220954794,0.04023565016322089,0.05758144797729409,5.148342689254537e-09,0.0002050664019070481,VILA PRUDENTE
601114972,601114974,0,12.956,0,4,24.55133079847909,0.040722385696832036,0.06860967798390999,1.9050932459677272e-09,0.00019409927663764192,VILA PRUDENTE
601114972,661560844,0,120.446,0,4,24.5333755809041,0.04075218914939599,0.00519915492395817,6.18273924117827e-09,0.00019400273783381174,VILA PRUDENTE
601114974,661560843,0,63.982,0,5,24.44655682298268,0.04089691523373369,0.01085239529042651,1.0697805071969153e-09,0.00021995956244180874,VILA PRUDENTE
601114974,7292054401,0,14.314,0,4,24.707435572454585,0.04046509639635788,0.058174350301006414,7.08873873501659e-10,0.00018996875968180522,VILA PRUDENTE
601114979,1819653067,0,37.954,0,4,25.5,0.039207402437104966,0.003377671787947034,9.49674054070348e-10,0.00020576074467817444,VILA PRUDENTE
601114983,2514506159,0,254.183,0,5,22.900718208703,0.043657528686861236,0.001702409100135506,0.00011637431138333134,0.00024159066309890074,VILA PRUDENTE
601114983,2533391000,0,206.0,0,4,23.047106041402618,0.043380230053618074,0.020309835165750443,0.0001215431105170783,0.00020442446479631546,VILA PRUDENTE
601114983,1785438866,0,144.27100000000002,0,4,22.90198563582594,0.0436551126196757,0.01971837242450984,0.0004324308196058675,0.0002089983239207845,VILA PRUDENTE
601129155,601807187,0,57.400999999999996,0,4,24.964934516265316,0.040047722195897924,0.013381124729332788,7.185302269306757e-07,0.00022696428243157736,VILA PRUDENTE
601129155,601807182,0,278.10799999999995,0,4,24.505492184199408,0.04079855873251213,0.021568441555316675,8.89656931494658e-07,0.0002081519684936166,VILA PRUDENTE
601129155,601807168,0,35.758,1,4,24.911068863540347,0.04013431810665739,0.03378967412171588,1.8599011206818133e-06,0.000214435487983555,VILA PRUDENTE
601462368,1780483238,0,253.18099999999998,0,5,23.881073088297423,0.04186531980575482,0.01914089419870886,4.78063071718824e-07,0.00022917894441927894,VILA PRUDENTE
601462368,2435968750,0,68.194,0,4,24.09104351499789,0.04150043403158347,0.025594748074095723,1.153615907377584e-06,0.00018989290372354925,VILA PRUDENTE
601487127,601755006,0,70.946,0,4,24.50316856780735,0.040802427628062556,0.019303978327291544,1.6889764079357553e-06,0.00020249147985405684,VILA PRUDENTE
601487127,601755001,0,80.939,0,4,24.246725813265737,0.04123396989127404,0.0016602498991778133,1.696970809508988e-06,0.00019858290548711464,VILA PRUDENTE
601487127,2466637800,0,13.694,0,4,23.870088719898607,0.041884585092167324,0.020761864061872432,6.990199784096868e-06,0.0002053286782655945,VILA PRUDENTE
601487129,2778109088,0,58.144,0,5,24.77862272919307,0.04034884315697942,0.0014622044819960676,2.679757592088184e-07,0.00022645560026918703,VILA PRUDENTE
601487129,601487173,0,69.958,0,5,24.490494296577946,0.04082354361814073,0.0007027219008411481,2.0466758203114957e-07,0.00021791746068646693,VILA PRUDENTE
601487129,601755001,0,27.72,0,5,24.529573299535276,0.04075850606684292,0.01204416392237689,5.088442966439557e-07,0.00022705122273439387,VILA PRUDENTE
601487129,2419247902,0,64.605,0,6,24.894803548795945,0.040160540338729935,0.01264323588525376,2.1918301442225745e-07,0.00025622548317712776,VILA PRUDENTE
601487132,601487206,0,71.439,0,6,24.628643852978453,0.04059455194181419,0.02578148248614248,6.379387082458405e-08,0.00022861889776393382,VILA PRUDENTE
601487132,601487210,0,153.183,0,6,24.361850443599494,0.04103911418637116,0.0005857044113536991,6.482109703484588e-08,0.00023432875509616733,VILA PRUDENTE
601487132,601487133,0,67.13,0,6,24.74123362906633,0.04040981856990395,0.02600975913523047,4.464018337077871e-08,0.00023708375432664256,VILA PRUDENTE
601487132,601755002,0,143.056,0,6,24.494507815800592,0.04081685452365963,0.0008106905862206045,4.673320444322005e-08,0.00023340595491617042,VILA PRUDENTE
601487133,2419247899,0,110.682,0,5,25.267849598648077,0.03956762360179906,0.005422907170992167,3.106955221555597e-08,0.00020943207154212087,VILA PRUDENTE
601487133,601487154,0,71.918,0,5,25.0532319391635,0.03990657830390718,0.026843277386359873,2.747484125809234e-08,0.00021053864564217183,VILA PRUDENTE
601487133,2451555669,0,108.515,0,5,25.34431770173215,0.03944824137356226,0.0052688718465174755,2.1567246243362204e-08,0.00021043979704360842,VILA PRUDENTE
601487134,2451555669,0,10.236,0,4,25.24144486692015,0.039609014754002324,0.026445746969524658,1.0954300026295216e-08,0.0001777382204982644,VILA PRUDENTE
601487134,1819619973,0,37.263,0,4,25.23996620194339,0.03961133521918886,0.0021295537849605173,8.049392185886883e-09,0.00018103790358320307,VILA PRUDENTE
601487134,601755002,0,67.225,0,5,24.809252217997464,0.040299028497960784,0.02431208009178778,2.37881410658284e-08,0.00020865147482945144,VILA PRUDENTE
601487136,601754660,0,82.504,0,5,24.80016899028306,0.040313788286600115,0.001304878683300288,4.1540452956198704e-08,0.000193484476464347,VILA PRUDENTE
601487136,601755002,0,72.564,0,6,24.72771440642163,0.04043191156747337,0.022227975982006043,4.478383201030183e-08,0.00023153357669569269,VILA PRUDENTE
601487136,601487206,0,151.281,0,6,24.70152091254753,0.04047478556829746,0.0010307410497558778,6.18444983719126e-08,0.0002267465195434561,VILA PRUDENTE
601487136,601754658,0,68.866,0,6,24.669835234474018,0.04052677095909647,0.022018825214328124,5.67652657576546e-08,0.00022711340504661407,VILA PRUDENTE
601487138,601754658,0,45.51,0,6,24.190959019856358,0.041329025497729655,0.02318406439787098,6.394312821981927e-08,0.00023112305117597022,VILA PRUDENTE
601487138,1535974123,0,31.26,1,6,24.45711871567385,0.04087925375712558,0.034041189744990305,5.078039530093487e-08,0.00023970139789690253,VILA PRUDENTE
601487139,601487149,0,103.759,0,4,25.46958174904943,0.039254227729259454,0.0021344894962921496,1.818794953633101e-08,0.0002017281751977579,VILA PRUDENTE
601487139,601487140,0,188.04999999999998,0,4,25.336079425433038,0.03946106835860965,1.6452371105440985e-06,1.1673412964712472e-08,0.00020029043962044868,VILA PRUDENTE
601487139,4560144260,0,80.754,0,5,25.8510773130545,0.03867493605929122,0.0023997839803673857,1.0628355017416293e-08,0.0002298285024467732,VILA PRUDENTE
601487140,601487144,0,83.705,0,4,25.03295310519645,0.03993890604695121,0.0025416856811518143,8.45010622323456e-09,0.00020115841274295868,VILA PRUDENTE
601487140,601487145,0,85.1,0,4,24.899239543726235,0.040153385423294566,0.0025157731966607448,2.9536358750846786e-08,0.00020526251299172012,VILA PRUDENTE
601487141,1417701338,0,23.709000000000003,0,5,26.124207858048162,0.038270586713241475,0.00011969099979208316,4.4315858852029986e-09,0.00021899733708852657,VILA PRUDENTE
601487141,7305802196,0,16.13,0,6,26.727503168567807,0.03740674001011634,0.004280906961635744,4.994714741957359e-09,0.00025553158116585397,VILA PRUDENTE
601487141,4560144260,0,14.995000000000001,0,6,26.22644697929869,0.03812139566352009,0.004206048673105988,8.331684323575041e-09,0.0002568274988228814,VILA PRUDENTE
601487141,8795904827,0,7.442,0,5,26.852555978031262,0.03723253618628068,6.909995864285214e-05,4.995365864312201e-09,0.0002176268217917368,VILA PRUDENTE
601487144,601487146,0,101.251,0,4,24.855090832277146,0.04022470764209954,0.002321223908338905,3.642215780004243e-09,0.00019817081730810605,VILA PRUDENTE
601487144,1417701338,0,161.71900000000002,0,4,25.452893958597382,0.03927996414759241,0.0004544967517878072,3.504949842843281e-09,0.0001915130493577011,VILA PRUDENTE
601487145,601487149,0,152.98300000000003,0,4,24.752851711026615,0.04039085168117426,0.002351866449522789,3.605089532157469e-08,0.00020670024856902933,VILA PRUDENTE
601487145,601487150,0,130.41400000000002,0,4,24.154837346852556,0.041390829827982756,0.004877099759569162,1.1285160855586765e-07,0.0002060338241792613,VILA PRUDENTE
601487146,601487158,0,18.576,0,4,24.793620616814533,0.040324435773133514,0.03094834963180622,2.8391601264721255e-09,0.00019407310424416257,VILA PRUDENTE
601487146,601487162,0,77.222,0,4,24.949302915082384,0.040072813478960294,0.0312233098839059,6.048882793205135e-09,0.00019444800090318877,VILA PRUDENTE
601487149,601682246,0,78.94399999999999,0,4,24.941909590198563,0.04008469193309337,0.0002729037057115023,4.5730470390986356e-08,0.00020837172654225713,VILA PRUDENTE
601487150,1785438920,0,60.282000000000004,0,4,23.78221377270807,0.042039348048141405,0.0505793188348184,1.1167626672461121e-07,0.00020530667129952046,VILA PRUDENTE
601487150,1780483213,0,50.757000000000005,0,4,23.53422053231939,0.04248234016389764,0.0554054162439607,4.6854589492979133e-07,0.0002008888694463112,VILA PRUDENTE
601487151,2466637800,0,53.855999999999995,0,4,23.824883819180396,0.04196405614122195,0.028029287688423353,6.997113246477538e-06,0.00020747626094810772,VILA PRUDENTE
601487151,601487205,0,263.899,0,4,24.20173215040135,0.0413106283439963,0.025580969213294915,1.7542330945210945e-06,0.00020742179357972613,VILA PRUDENTE
601487151,2778109036,0,102.465,0,4,24.067384875369665,0.041541229648483786,0.002653150495391177,1.6781908592939864e-06,0.00020524648017671257,VILA PRUDENTE
601487153,601487154,0,151.494,0,5,25.107520067596113,0.03982029126948738,0.0004359878342941861,4.1750341921833004e-08,0.000214473530214764,VILA PRUDENTE
601487153,2778109033,0,100.843,0,5,25.100760456273765,0.039831014836695364,0.0019479607388842126,7.85839214853625e-08,0.00022212241729443325,VILA PRUDENTE
601487153,1417701332,0,71.36699999999999,0,6,25.391846218842417,0.03937440206314213,0.023695733139250195,4.78624309632889e-08,0.0002555412982767293,VILA PRUDENTE
601487153,2419247900,0,25.783,0,6,25.545627376425855,0.03913737358702753,0.024945702033986075,6.679971736039998e-08,0.0002519879895671849,VILA PRUDENTE
601487154,1417701335,0,68.581,0,4,25.25665399239544,0.03958516288211433,0.02748245200380626,1.8201371354155097e-08,0.00017731259209015295,VILA PRUDENTE
601487158,1842193821,0,66.78599999999999,0,4,24.827418673426276,0.04026954132031004,0.005864653335173257,2.8033937364345036e-09,0.00018700444621695783,VILA PRUDENTE
601487162,601487165,0,63.842,0,4,25.617025771018167,0.039028292007157524,0.007628758826954167,6.274973148232749e-09,0.00019123152003996664,VILA PRUDENTE
601487162,1417701332,0,66.483,0,5,25.237853823405153,0.03961465064113295,0.023798149149381567,2.1859244878604247e-08,0.00022580757806497814,VILA PRUDENTE
601487165,8795904831,0,6.637,0,4,26.13329108576257,0.038257284888655374,0.0025157731966607448,4.1042770680425046e-09,0.0001940443168304468,VILA PRUDENTE
601487165,7305802196,0,10.707,0,5,26.280101394169836,0.03804356562977253,0.004986713682059163,3.897023500461613e-09,0.00022542302247131646,VILA PRUDENTE
601487167,601487170,0,39.543,0,4,25.38973384030418,0.03937767794001414,0.005947737809255734,3.0618768293829406e-08,0.00019671718970513456,VILA PRUDENTE
601487167,601487187,0,49.131,0,4,25.669835234474018,0.03894800075707079,0.00450794968289083,1.726821384614393e-08,0.0001977524838959731,VILA PRUDENTE
601487167,8795904831,0,62.187,0,4,25.88762146176595,0.03862034075331288,0.0018909944039316232,9.714419994445184e-09,0.00019816916200089476,VILA PRUDENTE
601487170,2778109070,0,59.532,0,4,24.896070975918885,0.040158495817000116,0.005949794355643914,1.0764473491399234e-07,0.00019678216964864358,VILA PRUDENTE
601487170,1417701332,0,120.187,0,5,25.0333755809041,0.03993823201809161,0.0006724906689349003,4.0592897093061414e-08,0.0002272716785498847,VILA PRUDENTE
601487173,601487177,0,71.476,0,4,24.68103084072666,0.040508387538514205,0.00048431667441641897,8.97078800542949e-08,0.00017733644029547873,VILA PRUDENTE
601487173,601487210,0,101.668,0,5,24.40895648500211,0.04095991415120465,0.0002488421129697949,8.552846064214032e-08,0.00020803263316684407,VILA PRUDENTE
601487177,601755004,0,29.358,0,5,24.732784114913393,0.040423623863005506,0.0011816915546482988,1.4351538887605717e-07,0.00022396277663154553,VILA PRUDENTE
601487177,601487208,0,97.08,0,5,24.639839459231094,0.040576106991298384,0.001486266074737775,7.965469866314429e-08,0.00020870778998568847,VILA PRUDENTE
601487187,4560144260,0,36.956,0,5,25.877270806928603,0.03863578851130176,0.0053217250886937045,1.5194813062797873e-08,0.0002293416653856395,VILA PRUDENTE
601487187,601487188,0,45.257,0,4,25.367553865652724,0.039412107585977185,0.0062915923653594505,4.329181379351984e-08,0.00020149931809488274,VILA PRUDENTE
601487188,601487190,0,76.02799999999999,0,4,24.88276299112801,0.04017997368309351,0.004851598584355728,1.4901267167523943e-07,0.00020867459838253672,VILA PRUDENTE
601487188,601682246,0,138.52299999999997,0,4,24.934516265314745,0.04009657743137919,0.0012943902967205694,6.626787660704904e-08,0.00020860159403623079,VILA PRUDENTE
601487190,601487205,0,63.982,0,4,24.698774820447824,0.04047928568984982,0.00497766487795117,5.192493544510638e-07,0.00020881566990654096,VILA PRUDENTE
601487190,601682249,0,168.287,0,4,24.543303760033798,0.04073570420353221,0.00036174650968088363,2.239372087892165e-07,0.0002110280502604136,VILA PRUDENTE
601487197,6734027659,0,14.137,0,2,24.425221799746513,0.04093263800603655,0.0006412311638345624,4.177447497587715e-07,0.00011769024950073156,VILA PRUDENTE
601487197,2533390909,0,296.44699999999995,0,5,23.659484579636672,0.042257419377879364,0.001284518874057305,1.9185457179558475e-06,0.00024061207403912105,VILA PRUDENTE
601487197,601682249,0,43.491,0,4,24.167934093789608,0.041368399891618814,0.0012618968637873236,4.7205815705565863e-07,0.00021366997431645463,VILA PRUDENTE
601487205,601807182,0,158.73100000000002,0,4,24.193071398394594,0.041325416921330654,0.029712982216426417,8.442954688061116e-07,0.00020401571112934382,VILA PRUDENTE
601487206,601754657,0,68.46000000000001,0,6,24.58681875792142,0.040663608089764075,0.025563282914356566,7.258248228532221e-08,0.0002307490124240497,VILA PRUDENTE
601487206,601487208,0,153.312,0,6,24.587663709336713,0.040662210690905344,0.0007981456532527057,7.444805303673947e-08,0.0002324539597814704,VILA PRUDENTE
601487207,601755004,0,70.267,0,5,24.590198563582593,0.04065801907052659,0.010085303487635323,2.2072038993368557e-07,0.00023448754478281388,VILA PRUDENTE
601487207,601755006,0,73.383,0,4,24.511406844106464,0.04078871394469005,0.019149737348178035,4.630951941476759e-07,0.0001997239634525186,VILA PRUDENTE
601487208,601487210,0,70.766,0,6,24.628010139416983,0.04059559649709664,0.014158499264064876,7.547527925292919e-08,0.00023816381711370388,VILA PRUDENTE
601487208,601754656,0,67.759,0,5,24.587029995775243,0.04066325873104515,0.014443125284189005,7.268876553395638e-08,0.00020563209206087,VILA PRUDENTE
601487210,2419247898,0,25.306,0,5,24.846430080270384,0.0402387288200437,0.01452209666549512,5.4776968490421334e-08,0.00020630994281764723,VILA PRUDENTE
601682246,601682249,0,66.481,0,4,24.57076468103084,0.04069017692876425,0.0009647259106952957,1.4119241371993817e-07,0.00021095504591410767,VILA PRUDENTE
601682261,2514506159,0,117.577,0,5,23.45226024503591,0.04263080622933987,0.0005560901433639052,3.75074287102772e-05,0.0002523998333390765,VILA PRUDENTE
601682261,1785438894,0,79.586,0,4,24.098859315589355,0.04148697451001017,0.0007259608750275835,1.4663491284782343e-05,0.00022351764947734675,VILA PRUDENTE
601682261,7305783261,0,32.917,0,2,24.283692437684834,0.041171200167016066,0.0006412311638345624,9.116578511622721e-06,0.00012196903219157393,VILA PRUDENTE
601754656,601754657,0,152.679,0,5,24.193705111956064,0.04132433447128775,0.0008150093336357827,7.082319478932021e-08,0.00020399399970932167,VILA PRUDENTE
601754656,1417693206,0,67.593,0,4,24.103929024081115,0.04147824867669225,0.013643334393825755,1.1557059582658288e-07,0.00017559167685548844,VILA PRUDENTE
601754657,13286080359,0,67.917,0,5,24.11047739754964,0.04146698323973401,0.025468476125861464,7.695073376260983e-08,0.00020425236147974022,VILA PRUDENTE
601754657,601754658,0,152.257,0,6,24.304816223067174,0.04113541748146603,0.0009476565756734007,6.750324968452362e-08,0.00023111589792720766,VILA PRUDENTE
601754658,601754660,0,108.82000000000001,0,5,24.37241233629066,0.0410213297047123,0.0009340833695114119,4.523216309715821e-08,0.00019398669212902306,VILA PRUDENTE
601754660,601754661,0,81.763,0,6,24.40832277144064,0.04096097759392119,0.002293666186737291,2.9095403686970352e-08,0.0002293633905982218,VILA PRUDENTE
601754661,6470296707,0,30.007,0,6,24.825517532741866,0.04027262516592356,0.00021408647900955083,1.8936996765778683e-08,0.00023611061380762077,VILA PRUDENTE
601754661,1535974108,0,140.16899999999998,0,6,24.348753696662442,0.04106118837134653,0.00357160411235242,1.7862697144947665e-08,0.00023535686431920176,VILA PRUDENTE
601754661,8645515778,0,16.562,0,6,24.51309674693705,0.0407859020207678,0.01913780937912659,2.1454973679712634e-08,0.00023542475795030373,VILA PRUDENTE
601755001,601755005,0,70.211,0,4,24.819391634980988,0.040282565215541084,0.010140007621560915,5.231368520755889e-07,0.00019433684600443055,VILA PRUDENTE
601755002,8645515778,0,125.46199999999999,0,5,24.607097591888465,0.04063009700403468,0.002947442283539752,2.5610299302867468e-08,0.0002039931410756239,VILA PRUDENTE
601755004,5825605150,0,189.17,0,5,25.041191381495565,0.03992576658652832,0.0003450884839366247,1.5843665412362413e-07,0.00023446413687290291,VILA PRUDENTE
601755004,601755005,0,72.659,0,5,24.77862272919307,0.04034884315697942,0.009806847106675735,2.7276764627841646e-07,0.00023290690304655364,VILA PRUDENTE
601755005,601755006,0,75.639,0,4,24.684410646387832,0.040502841103580475,0.00038169500964623085,5.151424505003807e-07,0.00019824542037137277,VILA PRUDENTE
601807159,2533390949,0,171.703,0,5,24.03358681875792,0.041599648428916725,0.00021778826250827503,3.1925744164308735e-06,0.0002360245300943765,VILA PRUDENTE
601807159,2533390999,0,140.503,0,4,23.816856780735108,0.04197819936318726,0.00037141227770533025,9.661104056379284e-06,0.00018746137562208534,VILA PRUDENTE
601807159,601807197,0,111.19800000000001,0,4,23.980354879594422,0.041691991931150515,0.00047855834452951464,3.6594927822858526e-06,0.00018567294298432112,VILA PRUDENTE
601807168,4559413291,0,128.63799999999998,0,4,25.24397972116603,0.03960503744613196,7.670918027911859e-05,3.2723417609726766e-06,0.0002129987954674238,VILA PRUDENTE
601807168,601807172,0,35.329,0,4,24.950570342205324,0.04007077787937282,0.03342093535431518,5.763020351057883e-06,0.0002122293022706648,VILA PRUDENTE
601807172,4559413291,0,134.403,0,4,25.25940008449514,0.039580859355399824,0.00014745437603251482,6.213720898276035e-06,0.00021177922272532174,VILA PRUDENTE
601807172,601807173,0,31.209,0,4,24.548795944233206,0.04072659060009982,0.033491886204707395,2.1633741630585138e-05,0.00020949076481638945,VILA PRUDENTE
601807173,2533390994,0,117.157,0,4,24.365019011406844,0.0410337772229158,0.0001402564636738844,2.8938145001867053e-05,0.00020883231019491505,VILA PRUDENTE
601807182,2533390925,0,411.65999999999997,0,5,23.883819180397126,0.04186050625298498,0.008138371021945201,1.668461784342182e-06,0.00023258689899270123,VILA PRUDENTE
601807187,2533390974,0,67.825,0,4,25.285804816223067,0.03953952699598172,0.013743488202930127,1.0528029542411503e-06,0.00023060719199481728,VILA PRUDENTE
601807187,2533390947,0,183.247,0,2,25.690325306294888,0.038916936637668764,0.0006412311638345624,3.0953063541675336e-07,0.0001290606806054541,VILA PRUDENTE
601807197,2533390925,0,105.052,0,5,23.732784114913393,0.04212690585753576,0.01008468652371887,2.7490982566562228e-06,0.000222600474779047,VILA PRUDENTE
601807197,2533390961,0,69.469,0,5,23.528305872412336,0.04249301958108508,0.010311934899612773,5.339192335346763e-06,0.00021807526345133494,VILA PRUDENTE
661560781,661560799,0,97.164,0,5,24.96197718631179,0.04005246678514005,0.004908770573947136,4.331237332658771e-09,0.00020738921117442893,VILA PRUDENTE
661560781,1535974113,0,91.775,0,4,24.915082382762993,0.04012785295214841,0.00163886181674074,2.607195856572182e-09,0.00017445168585793663,VILA PRUDENTE
661560787,661560799,0,74.722,0,5,25.01182931981411,0.03997263652179788,0.004889233383259425,4.3716901930370325e-09,0.00020776042316374008,VILA PRUDENTE
661560787,1535974111,0,73.288,0,5,24.79974651457541,0.04031447505153234,0.007105162116523507,4.14423655611469e-09,0.0002078604866388356,VILA PRUDENTE
661560787,2847091518,0,116.541,0,4,25.165821715251372,0.039728039618919714,0.0025614285264783433,4.064182009970566e-09,0.00017953066932303472,VILA PRUDENTE
661560799,661560801,0,120.781,0,6,24.85234474017744,0.04022915232339717,0.0008711530500331001,6.6122506330905584e-09,0.00024288716945921097,VILA PRUDENTE
661560799,8648142970,0,73.936,0,6,25.397760878749473,0.03936523250688247,0.0010099699312352585,5.8657137470227925e-09,0.00023059581852601067,VILA PRUDENTE
661560801,1819619973,0,99.26899999999999,0,5,25.0198563582594,0.03995981223194083,0.015867900621920193,6.377855905271436e-09,0.00021525074568386424,VILA PRUDENTE
661560801,2451555669,0,94.364,0,5,24.919518377693283,0.04012070967796624,0.022786328326396946,9.282763736614942e-09,0.00021172467760716905,VILA PRUDENTE
661560811,661583590,0,117.541,0,5,24.222433460076047,0.04127532288587151,0.04947351384189395,9.44504292507524e-07,0.00020499804152837201,VILA PRUDENTE
661560811,661583588,0,118.648,0,6,24.247148288973385,0.04123325144181346,0.01984546699129937,1.1284886041157598e-06,0.00023603320773686785,VILA PRUDENTE
661560811,661560813,0,130.882,0,6,24.026615969581748,0.04161171774718222,0.04638396420293095,9.86129246138722e-07,0.00023535430071203398,VILA PRUDENTE
661560811,661583575,0,121.47200000000001,0,6,24.154837346852556,0.041390829827982756,0.016633347187600834,1.9511118255961526e-06,0.00023435276590245103,VILA PRUDENTE
661560813,661583591,0,119.09,0,6,23.96197718631179,0.041723967699848374,0.01851920022556201,5.709854316101521e-07,0.00024361047510182597,VILA PRUDENTE
661560813,661583593,0,52.458,0,5,24.09378960709759,0.04149570401543048,0.026150838217459626,4.4197354534644365e-07,0.00020578656145029932,VILA PRUDENTE
661560813,1838288465,0,116.8,0,6,23.982889733840302,0.04168758532611089,0.039963632033671426,6.062014733098963e-07,0.00023784817662082978,VILA PRUDENTE
661560822,4559433575,0,20.765,0,4,24.558090409801437,0.040711176865247986,0.0010146999879280727,3.4146821523150776e-10,0.00017968414148070405,VILA PRUDENTE
661560822,661560922,0,39.343,0,5,24.583438952260245,0.04066919864579216,0.00883883072175935,4.975461442111799e-10,0.00021664156285158148,VILA PRUDENTE
661560822,661560824,0,40.835,0,5,24.12463033375581,0.041442656252736285,0.00981980334892127,7.778932529073325e-10,0.0002117028601626497,VILA PRUDENTE
661560824,8653822647,0,364.26,0,5,23.803760033798056,0.0420012956241625,0.0010336202146993298,1.6261793833088556e-09,0.00021496771634788706,VILA PRUDENTE
661560824,661560827,0,70.286,0,6,23.996620194338824,0.041663732394366194,0.00924458732414729,1.0557437006207846e-09,0.00024600844668172213,VILA PRUDENTE
661560824,661560949,0,218.506,0,6,23.705111956062527,0.042176082694706823,0.00035845603545979547,9.306676786796175e-10,0.00023891804324500409,VILA PRUDENTE
661560825,1785438916,0,46.08,0,4,24.692437684833124,0.040489674405871985,0.039202092906128326,1.1846159000915196e-09,0.00020350822581850694,VILA PRUDENTE
661560825,8653822702,0,68.764,0,4,24.443810730882973,0.04090150971767329,0.043343360368006636,2.955904534793167e-09,0.00020489754643897426,VILA PRUDENTE
661560825,8657311223,0,54.82600000000001,0,4,24.461765948457963,0.04087148753907532,0.004296331059547095,1.0225701769208674e-09,0.00019883667831555488,VILA PRUDENTE
661560827,8657311223,0,139.142,0,5,24.315378115758342,0.04111754945312704,0.00447175446645886,8.412276676496844e-10,0.0002217916342117881,VILA PRUDENTE
661560827,1785438856,0,82.59400000000001,0,5,24.13455851288551,0.04142560808031299,0.005284501599067644,9.55257639857907e-10,0.000218797737528732,VILA PRUDENTE
661560828,1785438918,0,20.997,0,4,25.356991972961556,0.03942852382539153,0.04100095403186948,7.842127571033346e-10,0.00020297483036346952,VILA PRUDENTE
661560828,1785438995,0,52.679,0,4,25.986269539501478,0.038473731699981306,0.03708343881702516,2.99449727936878e-10,0.00020367429068527548,VILA PRUDENTE
661560828,1785438897,0,51.31,0,4,25.517743979721168,0.03918013923725797,0.004099313915559439,3.23508634029833e-10,0.00019892165206618015,VILA PRUDENTE
661560830,1785438897,0,87.582,0,5,25.080481622306717,0.03986322022049844,0.004363168817162949,5.091307760841641e-10,0.00022399181013065908,VILA PRUDENTE
661560830,661560843,0,72.237,0,6,24.565061258977607,0.04069962421855518,0.005215812949702428,9.60610228341695e-10,0.0002503069410989958,VILA PRUDENTE
661560830,661560831,0,79.293,0,6,24.526404731727926,0.04076377166086747,0.06446368046533886,7.712199985784328e-10,0.0002450579953403024,VILA PRUDENTE
661560830,7292054401,0,67.453,0,5,24.76108998732573,0.04037741321799367,0.06330954663229219,5.997035931580879e-10,0.00022185736463447585,VILA PRUDENTE
661560831,661560847,0,139.918,0,6,24.287283481199832,0.041165112719176174,0.0013470378842579806,7.97031370050412e-10,0.00023789047647644862,VILA PRUDENTE
661560831,1785438848,0,246.24200000000002,0,5,24.51732150401352,0.04077887390686254,0.0008989164262735318,7.2036076133346e-10,0.00021340209319802657,VILA PRUDENTE
661560834,661583607,0,133.856,0,6,24.279467680608366,0.0411783641757802,0.0021303764035157896,6.727219169509992e-08,0.00024388978377631477,VILA PRUDENTE
661560834,1265860376,0,70.80199999999999,0,6,24.2184199408534,0.041282163105102486,0.02848501836804407,6.575575567634262e-08,0.0002352039131134577,VILA PRUDENTE
661560834,833537655,0,57.852000000000004,0,6,23.991761723700886,0.04167216954136841,0.026820861030728713,1.2104343978500789e-07,0.000238185921118771,VILA PRUDENTE
661560834,661583599,0,116.452,0,5,24.24250105618927,0.041241155763131296,0.0011325400959707938,8.070135385008103e-08,0.0002035657361336597,VILA PRUDENTE
661560843,4559433956,0,137.677,0,5,24.418462188424165,0.04094396913414708,0.004929336037828937,1.560972499953919e-09,0.00021729699271605765,VILA PRUDENTE
661560843,661560847,0,77.774,0,6,24.22158850866075,0.04127676274364453,0.01127666081030807,9.864216023140254e-10,0.00024313942223514205,VILA PRUDENTE
661560844,8677634809,0,142.142,0,5,24.364385297845374,0.04103484450455606,0.0004695095404215221,2.3458272744890867e-08,0.00022142353592538705,VILA PRUDENTE
661560844,1785438893,0,45.675,0,4,24.53717786227292,0.04074587418968827,0.005307946227892897,7.077466593789291e-09,0.00018772958800212334,VILA PRUDENTE
661560847,8729869272,0,177.907,0,5,24.531263202365864,0.040755698306223144,0.0011576299619065914,5.402445429221038e-10,0.0002105161984241054,VILA PRUDENTE
661560847,661560849,0,78.189,0,6,24.018166455428812,0.04162635661641836,0.01141712292862077,7.162991770907745e-10,0.00023326891703677092,VILA PRUDENTE
661560849,1265860570,0,222.193,0,6,23.962399662019433,0.04172323207390821,0.000367710494206606,4.767964038247559e-10,0.00023730934050524453,VILA PRUDENTE
661560849,661560964,0,76.932,0,6,23.857625686523026,0.04190646526535744,0.011370439325609083,5.527828424549992e-10,0.0002324770472231662,VILA PRUDENTE
661560858,1785438980,0,58.539,0,4,25.09991550485847,0.03983235568871346,0.001152694250574959,2.286325612056672e-10,0.00019655698188190306,VILA PRUDENTE
661560858,1265860617,0,75.096,0,4,24.810308407266582,0.04029731294486258,0.0015146464148946606,6.089882666598874e-10,0.0001915237717518286,VILA PRUDENTE
661560858,661560889,0,157.177,0,5,24.705745669623997,0.04046786425780415,0.00048657887544341713,3.085462353613054e-10,0.0002275916985977596,VILA PRUDENTE
661560868,661560870,0,96.165,0,5,24.6425855513308,0.04057158531776646,0.0005437508650348245,1.5781258359995267e-10,0.0002231061018925442,VILA PRUDENTE
661560868,1785438958,0,105.925,0,4,25.276932826362483,0.039553405035893066,0.01269917394701226,4.6550440353692994e-11,0.00019804750524598656,VILA PRUDENTE
661560868,661561008,0,73.28399999999999,0,4,24.644064216307562,0.040569150987871255,0.012955419626979504,8.060520462502789e-11,0.00019001914145618494,VILA PRUDENTE
661560870,8729869271,0,84.839,0,5,24.720532319391634,0.04044365830107582,0.000618609153564581,2.198506674943152e-10,0.0002197014597663863,VILA PRUDENTE
661560870,661560889,0,136.915,0,6,24.521968736797636,0.040771145778597084,0.0021143353416879845,2.810420451613224e-10,0.00025754424186626385,VILA PRUDENTE
661560870,1265860570,0,80.035,0,6,24.25623151668779,0.04121781083175853,0.0019329479502504976,2.750566674637947e-10,0.0002494216832148255,VILA PRUDENTE
661560889,1785438962,0,52.742,0,5,25.1326573722011,0.03978046361512212,0.011501235675897338,1.9925992185974862e-10,0.0002302005977221952,VILA PRUDENTE
661560889,8953312640,0,83.651,0,5,24.912758766370935,0.040131595682440624,0.009659187076004402,4.4777698750500175e-10,0.00022344755015481744,VILA PRUDENTE
661560894,661583607,0,122.221,0,3,24.914237431347697,0.040129213864206745,0.0006412311638345624,2.7481209521652487e-08,0.00013790599322880672,VILA PRUDENTE
661560895,674412938,0,75.41000000000001,0,6,24.829108576256864,0.04026680052066938,0.020550862402445153,6.075392655518757e-09,0.0002482775753403392,VILA PRUDENTE
661560895,8770172477,0,89.838,0,5,25.239121250528093,0.03961266132137058,0.04401934716580144,2.03352683277027e-09,0.00021616562130444766,VILA PRUDENTE
661560895,1041285610,0,23.627,0,5,25.397338403041825,0.039365887333549586,0.01899385113195398,2.0634289210872734e-09,0.00021822352322870548,VILA PRUDENTE
661560895,1041285621,0,28.721,0,6,25.26489226869455,0.0395722551085248,0.04324423483209636,2.358383534284949e-09,0.00025308009086272987,VILA PRUDENTE
661560907,2549366567,0,30.406,0,5,24.58808618504436,0.04066151202749141,0.02469377510143401,3.2968669496012347e-10,0.00021005931879638823,VILA PRUDENTE
661560907,661560943,0,189.69799999999998,0,5,24.38276299112801,0.04100391586096961,0.022539131450537694,2.1094786618496278e-10,0.00021217857813398054,VILA PRUDENTE
661560907,661560921,0,54.826,0,4,24.7049007182087,0.04046924833052594,0.0023496042484957907,2.9913598166641903e-10,0.00017584483667940778,VILA PRUDENTE
661560921,2549366568,0,53.649,0,5,24.65314744402197,0.040554203653562736,0.006102595752285697,6.926454566874487e-10,0.00021004663425358745,VILA PRUDENTE
661560921,661560922,0,44.174,0,5,24.759611322348967,0.04037982459133877,0.008329218526768316,4.785684872192685e-10,0.0002156812142112385,VILA PRUDENTE
661560922,2515543422,0,110.447,0,5,24.755386565272495,0.0403867158167793,0.0021834353003308367,8.290790955986564e-10,0.00021509027937434847,VILA PRUDENTE
661560922,4559433575,0,44.618,0,5,24.611956062526406,0.04062207650648426,0.0006040076742085021,4.2026971850939384e-10,0.00021829352878671205,VILA PRUDENTE
661560925,8641571372,0,9.94,0,5,24.818124207858048,0.040284622390181206,0.012062261530592876,5.456560892312008e-10,0.00021768504379035563,VILA PRUDENTE
661560925,2549366556,0,40.409,0,5,24.855090832277146,0.04022470764209954,0.027547644524311566,6.040007387265014e-10,0.00021608106424352372,VILA PRUDENTE
661560925,2549366551,0,111.792,0,5,24.671102661596958,0.040524688979647755,0.00868788021686693,1.273374422481796e-09,0.00021214792765253518,VILA PRUDENTE
661560925,8641571371,0,14.785,0,5,25.192648922686946,0.039685733930338245,0.023146635253606104,6.143657791031447e-10,0.00021633481024557419,VILA PRUDENTE
661560943,661560946,0,67.275,0,5,24.57879171947613,0.040676888170786206,0.003508879447512926,1.3559245040124435e-10,0.00021663177902178258,VILA PRUDENTE
661560943,661560948,0,39.745,0,5,24.12716518800169,0.041438302194049974,0.0655805908087595,2.2850216270699177e-10,0.00021173126212701987,VILA PRUDENTE
661560943,661560951,0,96.906,0,6,24.02365863962822,0.04161684018007879,0.04212917538042509,2.1426219061016192e-10,0.0002442246984038194,VILA PRUDENTE
661560946,8729851823,0,31.588,0,4,24.604140261934937,0.04063498059686116,0.001886058692599991,5.841040865585863e-11,0.00018313082197539095,VILA PRUDENTE
661560946,8729851825,0,34.311,0,4,24.789818335445712,0.04033062076605173,0.0014912017860694072,6.382461919916316e-11,0.0001839718228923849,VILA PRUDENTE
661560948,4559433575,0,197.704,0,4,24.28474862695395,0.04116940955429526,0.0014907904767917713,2.5839151472729205e-10,0.00017789680509147532,VILA PRUDENTE
661560948,661560949,0,42.211,0,5,23.827207435572454,0.04195996382914591,0.06464589047533162,4.884423633255585e-10,0.00020474116766552638,VILA PRUDENTE
661560949,661560964,0,238.755,0,6,23.693705111956064,0.04219638749710251,0.0002774281077654986,5.922776260617589e-10,0.00023466156646835507,VILA PRUDENTE
661560951,661560966,0,199.59,0,6,23.92437684833122,0.041789542460576735,0.0006778376895441685,1.6641296170435002e-10,0.00024118929292287242,VILA PRUDENTE
661560951,2549366567,0,164.39100000000002,0,6,24.168356569497252,0.041367676750019663,0.0007366549162461201,3.330010215828532e-10,0.00024200556543464276,VILA PRUDENTE
661560951,1838288443,0,94.366,0,5,24.061258977608787,0.041551805875019755,0.041992620700249936,1.516895686360246e-10,0.00020887227485832832,VILA PRUDENTE
661560952,661560958,0,73.368,1,4,24.291297000422475,0.04115831123092308,0.004579106187921862,7.86314400294861e-11,0.0001811697800816161,VILA PRUDENTE
661560952,8653577182,0,128.745,0,4,24.7049007182087,0.04046924833052594,0.0025242050368522832,1.374979743999927e-10,0.0001835502205648177,VILA PRUDENTE
661560952,1838288443,0,61.47,0,4,24.51246303337558,0.040786956446803746,0.007121820142267766,7.767897101530617e-11,0.00018084511824895697,VILA PRUDENTE
661560958,2378322838,0,28.5,0,5,24.26066751161808,0.04121027427078799,0.03974090805983152,1.6108065897432442e-10,0.00020974252317836628,VILA PRUDENTE
661560963,8729851825,0,131.177,0,5,24.298056611744826,0.0411468611717249,0.0014562404974703452,1.1577952144788359e-10,0.00021828463986253623,VILA PRUDENTE
661560963,4559438805,0,59.911,0,5,24.380650612589776,0.04100746850577899,0.00038683637561668114,1.1264255529229874e-10,0.0002183843895939162,VILA PRUDENTE
661560963,661560974,0,57.464999999999996,0,5,24.19053654414871,0.041329747288635844,0.0112279206609082,1.1516289433827767e-10,0.00021565201532259027,VILA PRUDENTE
661560963,661560964,0,80.059,0,6,23.974862695395014,0.04170154277205565,0.012649405524418301,3.154716948682382e-10,0.00024345632311325013,VILA PRUDENTE
661560964,1265860663,0,154.957,0,5,23.74123362906633,0.042111912875586126,0.0019117655224522424,3.166865512382417e-10,0.0002071984354154363,VILA PRUDENTE
661560966,8729851823,0,132.44,0,5,24.20236586396282,0.04130954666852864,0.0019847729192326367,7.938182137329993e-11,0.00021308293954206778,VILA PRUDENTE
661560966,661560992,0,111.618,0,6,24.029362061681454,0.041606962331326096,0.017526505283987463,8.255384072403954e-11,0.0002470784620647933,VILA PRUDENTE
661560974,661560992,0,79.774,0,5,24.122940430925222,0.04144555946689084,0.01157362610876128,5.801861007207766e-11,0.00021600805028702564,VILA PRUDENTE
661560974,4559438805,0,27.631999999999998,0,4,24.741656104773977,0.04040912855276751,0.0003378905715779942,5.71238243128968e-11,0.00018185216743321349,VILA PRUDENTE
661560992,4559437962,0,70.575,0,5,24.482889733840302,0.040836223706234576,0.010782472713228386,3.573302294551791e-11,0.0002232685387580023,VILA PRUDENTE
661560992,661561004,0,117.927,0,6,24.113857203210816,0.041461171214576674,0.01793020533998722,4.144628172288262e-11,0.0002580326416324848,VILA PRUDENTE
661560999,4559438805,0,159.456,0,4,24.569708491761723,0.0406919260959652,0.00035454859732225323,4.107532098033956e-11,0.0001869557739270261,VILA PRUDENTE
661560999,661561007,0,86.71,0,4,24.378749471905365,0.04101066641249816,0.00080184743675143,3.826979060868187e-11,0.00019155172333394798,VILA PRUDENTE
661560999,661561004,0,98.974,0,5,24.325940008449514,0.04109969694075148,0.0006031850556532301,2.7023333847040223e-11,0.00022727913356918717,VILA PRUDENTE
661561004,4560204537,0,52.597,0,5,24.313688212927758,0.041120407294463125,0.018715189096355573,1.721876974849429e-11,0.00023107819514392135,VILA PRUDENTE
661561005,661561007,0,54.461,0,4,24.20468948035488,0.041305581009730766,0.001001949400321356,3.985384662703428e-11,0.00019606640258020832,VILA PRUDENTE
661561005,661561010,0,173.862,0,4,24.154837346852556,0.041390829827982756,0.01243223422582648,1.968513948879117e-11,0.00019950921110167,VILA PRUDENTE
661561005,661561008,0,72.47200000000001,0,4,24.510984368398816,0.04078941698625415,0.013029455296953988,5.906249398759156e-11,0.00019364035927208877,VILA PRUDENTE
661561007,1265860663,0,78.642,0,4,23.94719053654415,0.04174973095989979,0.0003967077982799457,1.1105187411531535e-10,0.0001854699288508316,VILA PRUDENTE
661561008,1265860570,0,113.401,0,5,24.25940008449514,0.04121242729267528,0.00022663141197744956,1.978492850411695e-10,0.00021791530391807514,VILA PRUDENTE
661561010,4560204537,0,12.105,0,4,24.32931981411069,0.04109398741046234,0.01985780626962845,8.296511780918657e-12,0.00019857526404509727,VILA PRUDENTE
661561010,4525216539,0,91.943,0,4,24.198774820447824,0.041315676911930305,0.008047882980865275,5.438098398310804e-12,0.00019841603722476017,VILA PRUDENTE
661561011,674413033,0,51.214,0,4,24.481622306717362,0.04083833782011458,0.04367323040867073,2.2009682039821644e-12,0.00020617814824858694,VILA PRUDENTE
661561011,2378322746,0,169.23399999999998,0,4,24.86480777355302,0.04020898819131764,0.03340345471001565,3.577938369680574e-12,0.00020548426650183037,VILA PRUDENTE
661561011,7208896354,0,12.132,0,4,24.984790874524716,0.04001589475642131,0.010543296368283037,2.206488380411212e-12,0.00020648417822966998,VILA PRUDENTE
661561012,1265860564,0,35.978,0,4,25.171102661596958,0.03971970459885868,0.00123639568857389,1.5407630019585824e-11,0.00019356415351486197,VILA PRUDENTE
661561012,4559437963,0,59.858,0,4,25.72771440642163,0.038860380146968264,0.000434136942544824,7.395648146849547e-12,0.00020018271387838428,VILA PRUDENTE
661561012,4559437962,0,57.324,0,4,25.188846641318126,0.03969172453121331,0.001004211601348354,1.2049557239661408e-11,0.0001956776896289996,VILA PRUDENTE
661561024,12729623153,0,69.04299999999999,0,5,25.57520067596113,0.03909211797840972,0.009092814200699597,2.6817352363517635e-13,0.00022827191840804395,VILA PRUDENTE
661561024,1265860673,0,225.613,0,5,24.96197718631179,0.04005246678514005,0.00397921160648972,5.34508772510359e-13,0.0002256087081807657,VILA PRUDENTE
661561024,1265860783,0,83.375,0,4,25.46155471060414,0.03926660306135148,0.01290297769408091,1.6340164183387721e-13,0.00019377733288271294,VILA PRUDENTE
661583533,661583535,0,95.81700000000001,0,5,26.715040135192226,0.03742419090844397,0.0018079099298491462,6.411006575289807e-09,0.00021731909873650053,VILA PRUDENTE
661583533,907695068,0,84.883,0,4,26.92944655682298,0.037126227605032786,0.036488479946924654,5.334632926304088e-09,0.00018502238245724062,VILA PRUDENTE
661583535,833537735,0,117.029,0,5,26.65441487114491,0.03750931194623639,0.016316639043821097,8.144978753873187e-09,0.00021625357175134366,VILA PRUDENTE
661583535,907695067,0,62.962,0,6,26.977397549640894,0.03706023756763317,0.007556779703367863,5.4700082358679556e-09,0.0002488794826604983,VILA PRUDENTE
661583535,661583536,0,117.70900000000002,0,6,26.46197718631179,0.03778208843227882,0.010442731249901029,6.094952071518711e-09,0.0002451524317068624,VILA PRUDENTE
661583536,833537744,0,72.758,0,5,25.94465568229827,0.038535441533275795,0.004710930811404208,7.060250665292392e-09,0.00021149823287529887,VILA PRUDENTE
661583536,1065757902,0,75.518,0,6,26.53548795944233,0.03767742140918173,0.003957000905497375,3.990039230763027e-09,0.0002441811231984248,VILA PRUDENTE
661583536,907695059,0,81.318,0,5,26.642374313476974,0.03752626362735382,0.010654144218605945,3.802948561723846e-09,0.00020499791511205753,VILA PRUDENTE
661583538,4556519804,0,9.754,0,6,26.86839881706802,0.037210582176972366,0.0008812301273351828,2.4369114654271857e-09,0.00023633242851036306,VILA PRUDENTE
661583538,907695059,0,18.161,0,5,27.09801436417406,0.0368952775915561,0.008482636887326554,2.211447980753841e-09,0.00019933803009936557,VILA PRUDENTE
661583538,907695045,0,153.86499999999998,0,6,27.404309252218,0.03648290321586039,0.008607469253089087,1.9752572510944853e-09,0.00022675041972818595,VILA PRUDENTE
661583538,1271670496,0,81.736,0,6,27.279467680608366,0.036649863327680596,0.0005050877929370383,2.033983848172383e-09,0.00023273424295065817,VILA PRUDENTE
661583540,4556519803,0,8.852,0,4,27.186523024926068,0.03677516103215981,0.002393614341202845,1.623997536423961e-09,0.0001942604067458726,VILA PRUDENTE
661583540,3901798719,0,14.871,0,4,27.1787072243346,0.036785736491948016,0.01295562528161832,1.6627006237214237e-09,0.00018562956211167267,VILA PRUDENTE
661583540,833537615,0,70.112,0,5,26.40832277144064,0.03785885119623731,0.01321742363683365,5.7492623076298e-09,0.0002271173845577351,VILA PRUDENTE
661583543,907695032,0,72.903,0,4,27.116180819602874,0.03687055964103203,0.01521021708698019,9.591559331321348e-10,0.00020375174444645685,VILA PRUDENTE
661583543,833537769,0,73.441,0,4,26.46282213772708,0.03778088205946917,0.01542533183918383,3.5885118996618757e-09,0.00019774587132004754,VILA PRUDENTE
661583543,4556519803,0,216.63000000000002,0,4,27.289607097591887,0.0366362461200257,5.2236278259775125e-05,1.1979306915189532e-09,0.00020043710732830093,VILA PRUDENTE
661583546,2514506179,0,52.403,0,4,24.27672158850866,0.04118302211858065,0.011742468567230867,1.2588137222806709e-06,0.00020307492961153825,VILA PRUDENTE
661583546,2533390970,0,201.43600000000004,0,5,23.94106463878327,0.04176041363367656,0.011016713346842101,4.538706054858719e-06,0.0002263401836753168,VILA PRUDENTE
661583546,661583548,0,96.126,0,5,24.23574144486692,0.04125265836906879,0.0013949554151025776,1.3433365698444636e-06,0.00022921636828095006,VILA PRUDENTE
661583548,661583594,0,117.37799999999999,0,5,24.22391212505281,0.04127280337646936,4.627229373405277e-05,5.741648581164929e-07,0.0002268359142242412,VILA PRUDENTE
661583548,2514506218,0,143.297,0,5,24.417617237008873,0.04094538596627823,0.0027337157001481333,7.409475921115962e-07,0.00022602138735431325,VILA PRUDENTE
661583548,661583582,0,107.969,0,5,24.51542036332911,0.04078203625835804,0.0016630776504615611,5.748027707319772e-07,0.00022834020965261797,VILA PRUDENTE
661583549,661583574,0,70.166,0,4,23.835868187579216,0.04194471769512314,0.016551496641351266,1.2616889621347276e-05,0.00019874304078472746,VILA PRUDENTE
661583549,1780483216,0,64.983,0,5,24.024081115335868,0.04161610832673877,0.018690304885058594,4.996062561383321e-06,0.0002221664554110367,VILA PRUDENTE
661583565,1838288434,0,150.801,0,5,24.41001267427123,0.04095814186938048,0.012795214663340273,2.1967217788180747e-06,0.0002145763871897807,VILA PRUDENTE
661583565,1780483216,0,161.22700000000003,0,6,24.356991972961556,0.04104730022722148,0.012469046406174904,3.500233486757132e-06,0.0002479288756579943,VILA PRUDENTE
661583565,661583575,0,110.49099999999999,0,6,24.3375580904098,0.04108007707396671,0.002247959443259988,2.984823680210686e-06,0.00024090135942633642,VILA PRUDENTE
661583565,830531504,0,93.06899999999999,0,5,24.22095479509928,0.0412778427029007,0.0021780368660618637,4.311442163394309e-06,0.00021947252129989067,VILA PRUDENTE
661583574,830531504,0,153.738,0,4,23.9638783269962,0.04172065758737714,0.0010749567971017504,1.206753507252011e-05,0.00019717160976508814,VILA PRUDENTE
661583574,830531677,0,421.7609999999999,0,4,24.13223489649345,0.04142959682078395,0.015902244946602802,4.820632944688591e-05,0.0002121408451147678,VILA PRUDENTE
661583575,661583580,0,119.28,0,6,24.322771440642164,0.04110505106649066,0.0016836431143433623,2.0014801780510347e-06,0.00023987022406372574,VILA PRUDENTE
661583575,1780483216,0,114.93499999999999,0,6,24.167934093789608,0.041368399891618814,0.01608137013701329,3.120089529372974e-06,0.0002418901036879189,VILA PRUDENTE
661583577,661583586,0,116.855,0,4,24.90747782002535,0.040140104484700456,4.997407723277699e-05,3.859544152433582e-07,0.0001841498897184401,VILA PRUDENTE
661583577,661583582,0,72.551,0,4,24.854457118715676,0.0402257332506098,0.0017681671708975654,3.7302839955588e-07,0.00018703717904217172,VILA PRUDENTE
661583577,661583580,0,55.43,0,5,24.768272074355725,0.04036570492865854,0.0019065727428220875,9.160376338919399e-07,0.000215414351282309,VILA PRUDENTE
661583578,661583580,0,115.01,0,5,24.329531051964512,0.04109363061748975,0.0005616428186119917,1.3028359811540042e-06,0.00021564772853089673,VILA PRUDENTE
661583578,1780483216,0,119.09799999999998,0,5,24.275665399239543,0.0411848139156464,0.011665348077674113,2.4214453324728683e-06,0.00021759700470315072,VILA PRUDENTE
661583578,2514506179,0,157.732,0,4,24.46514575411914,0.04086584123365971,0.011612906144775519,9.378445053748885e-07,0.00019988322375688597,VILA PRUDENTE
661583580,661583588,0,119.986,0,6,24.27735530207013,0.041181947115175456,0.0007117707049491406,1.1788569565666519e-06,0.0002415506658981426,VILA PRUDENTE
661583582,661583583,0,116.825,0,4,24.71905365441487,0.04044607759357375,4.9562767955140964e-05,2.5791336754246367e-07,0.00019086404883156158,VILA PRUDENTE
661583583,661583586,0,72.664,0,4,24.72348964934516,0.04043882058423971,0.019948499965347193,2.708393832241094e-07,0.00018797675950782996,VILA PRUDENTE
661583583,661583594,0,107.804,0,4,24.392902408111535,0.04098687173092244,0.019912099094276405,2.572754549270119e-07,0.00018942639335966838,VILA PRUDENTE
661583586,661583588,0,84.92,0,5,24.63519222644698,0.04058376135067697,0.020007522846687963,6.487737379103334e-07,0.0002118653696607729,VILA PRUDENTE
661583588,1838288465,0,136.316,0,6,24.119771863117872,0.04145100408992582,0.0011415889000787863,7.485608312717033e-07,0.00023852708364566365,VILA PRUDENTE
661583590,1838288434,0,88.24000000000001,0,4,24.302915082382764,0.041138635375923514,0.04954837213042371,8.099702883477273e-07,0.00017796748636865958,VILA PRUDENTE
661583590,661583591,0,131.16,0,5,24.225390790029575,0.04127028417463791,0.00024102723669471043,5.293604779770979e-07,0.00021286501218129004,VILA PRUDENTE
661583591,843768250,0,200.587,0,5,24.22644697929869,0.04126848493303571,0.018351797349564148,3.912386273152755e-07,0.00021847585205090535,VILA PRUDENTE
661583591,1785438877,0,53.155,0,5,24.287283481199832,0.041165112719176174,0.00012215885545789932,3.126421498162854e-07,0.00021692266787808493,VILA PRUDENTE
661583593,833537655,0,57.336999999999996,0,5,24.018166455428812,0.04162635661641836,0.025861276486003865,1.8231019691202866e-07,0.00020732834053616738,VILA PRUDENTE
661583593,1785438877,0,119.686,0,4,24.167722855935782,0.04136876147189931,0.0006202543906751252,1.8363026355712593e-07,0.00017804419195513886,VILA PRUDENTE
661583594,1780483238,0,103.055,0,5,24.11364596535699,0.041461534418417226,0.020021713016766408,3.693778535503346e-07,0.00022639524372383363,VILA PRUDENTE
661583598,661583599,0,58.827,0,5,23.926489226869457,0.04178585302115337,0.0003742914426487824,1.5169814500059976e-07,0.00020606740891635463,VILA PRUDENTE
661583598,1838288465,0,92.785,0,6,23.895859738065063,0.04183941373549146,0.0014842095283495948,3.831904887575832e-07,0.00024017521841983658,VILA PRUDENTE
661583598,4559433934,0,237.45299999999997,0,5,24.259611322348967,0.0412120684400714,0.012029973752298449,1.5612671573743216e-07,0.0002137350057918263,VILA PRUDENTE
661583598,833537655,0,115.639,0,6,24.001689902830588,0.04165493205660776,0.013064622240191868,1.9204023093364999e-07,0.00024078724472253898,VILA PRUDENTE
661583599,8677634809,0,309.124,0,5,24.165821715251372,0.0413720159788813,0.0012950072606370236,5.605546823592846e-08,0.0002112130605200971,VILA PRUDENTE
661583601,661583602,0,40.338,0,4,24.4638783269962,0.04086795841536283,0.0021034356458306297,9.527434432878369e-08,0.00018684369179405015,VILA PRUDENTE
661583601,843768250,0,63.469,0,4,24.276299112801013,0.04118373881869757,0.03451234452252237,2.1797435667227283e-07,0.00018578721401565709,VILA PRUDENTE
661583602,833537649,0,99.219,0,5,24.393536121673005,0.04098580694325375,0.0016086305848344922,6.040223473093577e-08,0.00022727382223789697,VILA PRUDENTE
661583602,1785438877,0,201.683,0,4,24.45226024503591,0.04088737614139966,0.00046190031878525563,1.1392446549128196e-07,0.0001850031270856366,VILA PRUDENTE
661583604,1785438861,0,29.615,0,4,25.144064216307562,0.039762416829087974,0.003043071690590128,1.2488212834259298e-09,0.00020780886194687892,VILA PRUDENTE
661583604,674412958,0,149.57500000000002,0,4,25.72264469792987,0.03886803918831249,0.0012549046060675111,3.188311695822776e-10,0.00020662595814746875,VILA PRUDENTE
661583604,674412925,0,114.69200000000001,0,4,25.713350232361638,0.03888208860811488,0.0015882707755915091,3.242509531229125e-10,0.0002035397135013444,VILA PRUDENTE
661583605,661583607,0,56.763,0,5,24.291297000422475,0.04115831123092308,0.0026171609335980247,5.0837360288608315e-08,0.0002137284514092276,VILA PRUDENTE
661583605,833537655,0,133.10999999999999,0,5,24.022813688212928,0.04161830396398298,0.012161798375780793,1.0460860837691169e-07,0.00020821144728410388,VILA PRUDENTE
661583605,833537649,0,183.764,0,5,24.20342205323194,0.041307744001954985,0.013851456888309584,5.2406444260776975e-08,0.00022075214106246691,VILA PRUDENTE
661583607,1265860451,0,71.197,0,6,24.5297845373891,0.04075815507560883,0.000951975323088579,3.9155586556354735e-08,0.00025065357773013173,VILA PRUDENTE
661583609,1265860544,0,68.753,0,5,25.151035065483736,0.039751396296140766,0.001020869627092613,1.0984861473699309e-08,0.000221467807210998,VILA PRUDENTE
661583609,674412938,0,136.852,0,5,24.76299112801014,0.04037431330398881,0.015267800385849234,7.32585666124087e-09,0.0002170018618022966,VILA PRUDENTE
661583609,1785438861,0,178.867,0,4,24.899239543726235,0.040153385423294566,0.015494431797826683,3.876900318818391e-09,0.00019714168159951477,VILA PRUDENTE
665136594,2515869125,0,81.81800000000001,0,4,25.83058724123363,0.0387056148901719,0.0016904811310840611,3.153209569451284e-11,0.00019107280528882727,VILA PRUDENTE
674412905,4559433909,0,25.054,0,5,25.398394592310943,0.03936425030772814,0.04477739016448464,1.1944294192035122e-09,0.00022216025290626754,VILA PRUDENTE
674412905,1265860617,0,59.367,0,5,25.017743979721168,0.03996318624719253,0.047145914639751686,1.1087513049502778e-09,0.00022727516815508367,VILA PRUDENTE
674412905,4559433910,0,32.963,0,5,24.998521335023238,0.03999391598996138,0.022833217584047452,1.8439561131882508e-09,0.00022129039220729848,VILA PRUDENTE
674412905,1805689513,0,83.705,0,5,25.528305872412336,0.039163929135878066,0.020750141747459806,8.58521504602367e-10,0.00022806508763675374,VILA PRUDENTE
674412910,674412936,0,43.751,0,5,25.726658217152515,0.03886197553165285,0.0009764482251079224,3.7994725832106656e-10,0.00025443890770532015,VILA PRUDENTE
674412910,1265860788,0,62.285,0,5,25.32868610054922,0.03947258685970677,0.02483053543624799,3.7768590072142557e-10,0.00023870686098979832,VILA PRUDENTE
674412910,674412933,0,44.286,0,5,25.684621884241658,0.03892557837339935,0.016093709415342373,3.8126453000795557e-10,0.00025022046509143195,VILA PRUDENTE
674412910,1065724329,0,177.833,0,5,24.970426700464724,0.040038913797479064,0.038407443381735525,1.1515651817393034e-09,0.00024381484388327285,VILA PRUDENTE
674412925,674412958,0,199.149,0,4,26.115547106041404,0.03828327846575697,5.552675248086332e-06,1.5311941224789536e-10,0.00020295412021177693,VILA PRUDENTE
674412925,674412969,0,66.376,0,5,25.84368398817068,0.03868600013077879,0.0017772673886652624,1.3480044618886824e-10,0.00023667201890371356,VILA PRUDENTE
674412933,3901798716,0,92.77799999999999,0,4,25.92564427545416,0.03856369976860151,0.01607314395146057,1.0461166664328497e-10,0.00022289284102816495,VILA PRUDENTE
674412933,674412936,0,39.423,0,4,26.38572032108154,0.037891281722840446,0.0003056027932835663,1.6803068290211204e-10,0.0002170277262275381,VILA PRUDENTE
674412936,3901798714,0,140.42399999999998,0,2,26.683776932826362,0.03746803777677504,0.0006412311638345624,9.575610356245862e-11,0.00012078835363747871,VILA PRUDENTE
674412938,1265860626,0,70.82000000000001,0,6,24.79383185466836,0.040324092218038066,0.02776234796723757,1.533753178838254e-08,0.00024340035200089223,VILA PRUDENTE
674412938,4559433910,0,105.636,0,5,24.77228559357837,0.04035916501807763,0.022796816712976665,5.648572906290985e-09,0.00021354633987190756,VILA PRUDENTE
674412958,4559450441,0,82.198,0,4,25.93240388677651,0.03855364764914796,0.0015911499405349611,9.836517382016306e-11,0.00020581531649542327,VILA PRUDENTE
674412969,1265860788,0,62.966,0,5,25.747782002534855,0.038830092706538685,0.024488326117254815,1.3662619823223673e-10,0.00023205660744202923,VILA PRUDENTE
674412969,1265860706,0,104.975,0,5,25.806506125897762,0.03874173269595966,0.0022811212537693923,8.639379237558564e-11,0.00023258066047171624,VILA PRUDENTE
674412969,674412977,0,173.31699999999998,0,5,25.95775242923532,0.038515998828163145,0.025502203486627618,7.102448335395886e-11,0.00023572077580166323,VILA PRUDENTE
674412971,4559450441,0,14.229,0,4,25.849387410223912,0.0386774644319324,0.005742905788992994,5.636893909085906e-11,0.0002025714807166993,VILA PRUDENTE
674412971,674412979,0,43.522,0,4,25.68673426277989,0.03892237728308155,0.04021247414664122,4.201865234097074e-11,0.0001968364775704329,VILA PRUDENTE
674412977,1785438978,0,14.620999999999999,0,4,26.2247570764681,0.038123852176434575,0.021943144307243097,2.3059845001712173e-11,0.00019983498657023636,VILA PRUDENTE
674412977,1785438887,0,19.477,0,4,26.608787494719053,0.0375736309797882,0.0039958696322339796,2.5567479299072405e-11,0.00020114359536301053,VILA PRUDENTE
674412979,1041285743,0,44.028999999999996,0,5,25.618926911702577,0.039025395778364114,0.06289926562785024,1.875132591709037e-11,0.00022716581925725338,VILA PRUDENTE
674412979,1785438978,0,14.937000000000001,0,4,25.899450781580057,0.038602701291922226,0.022761238460461148,1.7731283199012214e-11,0.0001978511152394438,VILA PRUDENTE
674412982,674412983,0,114.318,0,4,26.744190959019857,0.03738339902217097,0.0009083765396591604,6.743502474427925e-13,0.00020973578119172392,VILA PRUDENTE
674412982,674412992,0,69.003,0,4,26.605196451204055,0.037578702490690674,0.0013760351883313204,8.711493541607519e-13,0.00020919470957958165,VILA PRUDENTE
674412982,674413018,0,223.943,0,4,26.647232784114912,0.037519421631734155,0.0005466300299782767,4.2492111258214817e-13,0.00020847695009952656,VILA PRUDENTE
674412983,674413018,0,147.608,0,4,26.559146599070555,0.03764385871423913,0.00024637425730397874,5.889830506600371e-13,0.00020862533739185747,VILA PRUDENTE
674412983,4583062720,0,83.971,0,4,26.546261089987325,0.03766213097795815,0.0012143906422203627,1.9740669239052226e-12,0.0002102093181952737,VILA PRUDENTE
674412992,674413038,0,323.644,0,4,26.087029995775243,0.03832512793936646,0.0001519787780865111,9.048047123825452e-13,0.00020745893391240603,VILA PRUDENTE
674412992,674412997,0,63.12,0,4,26.07710181664554,0.038339719236283806,0.0014572687706644353,2.9812661220522236e-12,0.0002076237963475815,VILA PRUDENTE
674412997,2515860954,0,67.443,0,4,25.945078158005916,0.03853481404285807,0.001555160378741809,1.2298947377990726e-11,0.0002026633297813315,VILA PRUDENTE
674412997,674413036,0,331.97400000000005,0,4,25.952049007182087,0.03852446340053884,0.00015917669044514154,2.9857819421444824e-12,0.00020584223317540306,VILA PRUDENTE
674413018,674413040,0,67.813,0,4,26.27608787494719,0.03804937656261305,0.0007058067204234182,2.971779171637692e-13,0.00020322771564200033,VILA PRUDENTE
674413033,4560204537,0,207.49099999999999,0,4,24.421419518377693,0.04093901099376357,0.0011512546681032329,5.135941479838324e-12,0.00020098703362339597,VILA PRUDENTE
674413033,4525216540,0,87.675,0,4,24.353400929446558,0.04105335287841858,0.04458181260296871,1.6749075017155475e-12,0.00020580012562938915,VILA PRUDENTE
674413034,674413036,0,67.288,0,4,26.019011406844108,0.03842531703119165,0.0011798406628989366,8.968515015443491e-13,0.0002010507645356991,VILA PRUDENTE
674413034,1041133022,0,52.617,0,4,26.028728348119984,0.03841097224476546,0.027191039380601134,3.5378265533516515e-13,0.00020058260690052797,VILA PRUDENTE
674413036,674413038,0,67.301,0,4,25.975918884664132,0.03848906237293649,0.0010580931167186733,9.093176190504972e-13,0.0002056773707402276,VILA PRUDENTE
674413038,674413040,0,69.209,0,4,26.060625264047317,0.038363959115189146,0.0009604071632801174,4.162056084898615e-13,0.00020260238377469117,VILA PRUDENTE
674413040,12729623153,0,33.375,0,5,25.870722433460077,0.03864556796655562,0.001972227986264738,2.704798404950883e-13,0.0002342130308799838,VILA PRUDENTE
705362691,5827683239,0,28.887,0,4,26.283903675538657,0.038038062172501365,0.04423055447986755,4.991643015801679e-07,0.00022206117713570344,VILA PRUDENTE
705362691,705362800,0,92.62,0,4,26.669835234474018,0.037487624252504854,0.009935175601298175,1.2127549049430088e-07,0.00021448836900826897,VILA PRUDENTE
705362691,833537918,0,125.053,0,4,26.70553443177017,0.03743751186483579,0.034360365744435864,1.2084784807248816e-07,0.0002063121160459285,VILA PRUDENTE
705362750,1040251643,0,78.899,0,4,25.05830164765526,0.03989850454369194,0.009842219704552433,2.126377001523999e-09,0.0001973152413714415,VILA PRUDENTE
705362750,1838288474,0,104.403,0,5,24.826573722010984,0.040270911860051564,0.006005732417402414,7.586214349454981e-09,0.0002266244545763744,VILA PRUDENTE
705362750,1265860773,0,106.919,0,4,25.170891423743136,0.039720037932510346,0.005100440697325523,2.5078428115599665e-09,0.00019189560704320165,VILA PRUDENTE
705362756,705362758,0,31.36,0,4,24.99809885931559,0.039994591899679736,0.010043966905232904,1.5543881943749656e-08,0.0001868304606183127,VILA PRUDENTE
705362756,1838288474,0,126.73599999999999,0,5,24.697507393324884,0.0404813630065516,0.008880578613439407,1.7142021405010384e-08,0.00022100471584234207,VILA PRUDENTE
705362756,833537775,0,89.59400000000001,0,5,24.750950570342205,0.04039395413540893,0.005216429913618882,5.3330612787921395e-08,0.00021455746644483245,VILA PRUDENTE
705362758,1265860397,0,235.70999999999998,0,4,25.3808618504436,0.0393914425773805,0.003406257782742738,5.963340557030215e-09,0.00019154400576073876,VILA PRUDENTE
705362758,705362764,0,47.197,0,4,25.44803548795944,0.039287463372927926,0.0072772950492141835,1.2516105237276e-08,0.00019004775997816345,VILA PRUDENTE
705362764,833537769,0,73.369,0,4,25.75982256020279,0.03881194289322411,0.01837832679797167,1.0954964525039682e-08,0.00019055418304220995,VILA PRUDENTE
705362764,705362771,0,42.299,0,5,25.41254752851711,0.039342327290258765,0.018020076417150692,3.9163009251094716e-08,0.00021907729447363634,VILA PRUDENTE
705362771,833537775,0,87.472,0,6,24.903041825095055,0.04014725466744705,0.018065526092329472,7.324495237776346e-08,0.0002473620028956035,VILA PRUDENTE
705362771,907694772,0,198.398,0,5,25.459864807773553,0.03926920938876766,0.01114092874868818,4.191585927289707e-08,0.0002152377268029542,VILA PRUDENTE
705362771,705362774,0,105.68400000000001,0,6,25.190114068441066,0.03968972746331237,0.008523562160451338,8.548402121828531e-08,0.0002474341941318547,VILA PRUDENTE
705362774,833537611,0,251.10899999999998,0,5,25.291297000422475,0.039530940707765035,0.002655207041779357,7.010316030907375e-08,0.00021600702505248108,VILA PRUDENTE
705362774,833537896,0,93.65199999999999,0,6,24.735952682720743,0.040418445772843724,0.009570138617396202,1.4956816201790123e-07,0.0002434023008424281,VILA PRUDENTE
705362774,833537870,0,110.33999999999997,0,5,24.83375580904098,0.040259265245017564,0.0019179351616167828,1.1519935292310664e-07,0.00021428697288733154,VILA PRUDENTE
705362795,833537870,0,96.462,0,4,25.005280946345586,0.0399831045406547,0.035843958308869,7.970835614350474e-08,0.00019062462044742263,VILA PRUDENTE
705362795,7803203634,0,7.658999999999999,0,4,25.504858470637938,0.0391999337419248,0.013424517858123389,3.7776724384730834e-08,0.00020337341937620395,VILA PRUDENTE
705362795,7803203635,0,7.071,0,4,25.646176594845798,0.03898393035112718,0.022096151358523698,2.8785334512830923e-08,0.00020154294672472146,VILA PRUDENTE
705362798,705362799,0,99.882,0,4,25.469159273341784,0.03925487886805285,0.012720150720171698,2.1413359257609282e-07,0.00021016582678788222,VILA PRUDENTE
705362798,833537991,0,107.549,0,4,26.045204900718208,0.0383866729387338,0.0007467319935482027,1.7154230995813397e-07,0.00021096067333750584,VILA PRUDENTE
705362798,7803203634,0,95.125,0,4,25.598225602027885,0.03905695565347989,0.013093825198904025,7.900786383038565e-08,0.00020836503885157155,VILA PRUDENTE
705362799,1065757912,0,81.829,0,4,25.602239121250527,0.03905083291391985,0.011511107098560604,1.928476911589005e-07,0.00020828353398211728,VILA PRUDENTE
705362799,833537982,0,166.368,0,4,25.350021123785382,0.03943936603698118,0.0024466732380178926,7.820121408092884e-07,0.00020953724106147111,VILA PRUDENTE
705362800,3901798728,0,74.953,0,4,26.86544148711449,0.03721467829314127,0.010479132120971818,3.9316770851346363e-08,0.00022312570732971286,VILA PRUDENTE
705362800,1065757989,0,63.097,0,4,26.671525137304606,0.03748524904366283,0.0009898157766310932,3.468736034200536e-08,0.00020626528164549563,VILA PRUDENTE
830531492,830531499,0,101.861,0,2,26.22391212505281,0.03812508055161748,0.0006412311638345624,2.477013750459017e-06,0.00014009333438459463,VILA PRUDENTE
830531492,830531561,0,215.237,0,4,25.440219687367975,0.039299533354368366,0.009888491998286486,1.1103575596713017e-05,0.0002569929242654762,VILA PRUDENTE
830531492,830531558,0,90.549,0,4,25.641529362061682,0.038990995740894825,0.010459800584922924,3.0714886598750666e-06,0.00025483228879765043,VILA PRUDENTE
830531504,830531539,0,158.728,0,4,24.12716518800169,0.041438302194049974,0.002662764849755919,3.923528307647761e-06,0.00019220934713154024,VILA PRUDENTE
830531533,1819619960,0,52.725,0,4,23.92881284326151,0.04178179539014292,0.018576783524431054,0.0005339606409793761,0.00021152866286714035,VILA PRUDENTE
830531533,830531677,0,69.454,0,4,24.064216307562315,0.041546699438202245,0.025802253604663098,0.00020346810533988072,0.00021582562200973284,VILA PRUDENTE
830531539,830531627,0,78.01,0,5,24.22517955217575,0.04127064404178511,0.012053212726484883,2.7495443132026817e-06,0.00022741001163379386,VILA PRUDENTE
830531539,830531544,0,90.045,0,4,24.5135192226447,0.04078519910036451,0.012756911486860418,3.3244284446894613e-06,0.00020134027471134264,VILA PRUDENTE
830531544,843768291,0,118.565,0,5,24.54837346852556,0.040727291501738205,0.002233357963903909,9.406362708984822e-06,0.00024574007605895274,VILA PRUDENTE
830531544,830531558,0,145.619,0,4,25.042670046472328,0.039923409136918823,0.0113272518514573,2.9450803035362034e-06,0.0002287889748757228,VILA PRUDENTE
830531552,3739928379,0,10.659,0,4,24.56083650190114,0.04070662503977776,0.03149456835250686,7.0320153097454366e-06,0.00020494449299974423,VILA PRUDENTE
830531552,830531643,0,77.89099999999999,0,4,24.92627798901563,0.040109829577715445,0.03332402060577219,6.3469356226452985e-06,0.0002230568892513465,VILA PRUDENTE
830531552,1970921017,0,22.345,0,4,24.365652724968314,0.04103270999679229,0.002535670282966387,2.6353164417836022e-05,0.0002063950064355658,VILA PRUDENTE
830531558,7793307201,0,121.69400000000002,0,2,26.03929024081115,0.038395392228441634,0.0006412311638345624,1.0513620102984523e-06,0.00013435385171515235,VILA PRUDENTE
830531561,830531677,0,97.175,0,4,24.606886354034643,0.04063044579316502,0.010608694543427164,4.771506147770263e-05,0.00023678791811342588,VILA PRUDENTE
830531561,1782818567,0,143.674,0,2,25.602872834811997,0.03904986634104485,0.0006412311638345624,1.0278230149818834e-05,0.00013651448718297816,VILA PRUDENTE
830531571,1265860648,0,84.454,0,5,24.287917194761302,0.04116403865053619,0.001920608671921417,4.0381808404845635e-06,0.00022671483529776158,VILA PRUDENTE
830531571,843768291,0,68.28099999999999,0,6,24.125686523024925,0.04144084195042509,0.0016746457238950743,1.050119313284877e-05,0.0002719209351044002,VILA PRUDENTE
830531571,3739928379,0,106.00699999999999,0,5,24.57076468103084,0.04069017692876425,0.03106392753882194,5.0118182318718135e-06,0.000231479458565356,VILA PRUDENTE
830531571,830531627,0,123.69800000000001,0,6,24.061681453316435,0.04155107630719528,0.03354042069946844,4.579663255658911e-06,0.00026119789112939663,VILA PRUDENTE
830531586,843768291,0,284.874,0,3,24.58998732572877,0.04065836833921776,0.0006412311638345624,8.47376682687414e-06,0.00015260730134801858,VILA PRUDENTE
830531627,833538015,0,139.145,0,5,24.161385720321082,0.0413796118202483,0.02277871910476068,2.0017189719304455e-06,0.00022022070948220273,VILA PRUDENTE
830531643,833538022,0,22.659,0,4,25.40832277144064,0.03934886891746964,0.0325511704730941,1.555208293925957e-06,0.00022648896027844748,VILA PRUDENTE
830531643,2487367328,0,312.0450000000001,0,2,25.86417405999155,0.03865535237379636,0.0006412311638345624,1.3808557608812954e-06,0.00012722659160073046,VILA PRUDENTE
831418758,4559412176,0,125.55399999999999,0,4,24.079002957329955,0.041521186068953414,0.020908495819349674,0.010034280147938297,0.00019775960008820782,VILA PRUDENTE
833537611,907694772,0,17.016,0,4,25.814321926489228,0.038730002864039936,0.004544967517878072,2.653499836273054e-08,0.0001826215807571188,VILA PRUDENTE
833537611,833537779,0,191.282,0,4,25.63519222644698,0.03900063449162389,0.0018667271565510977,2.438879271961519e-08,0.0001886676603046391,VILA PRUDENTE
833537615,833537769,0,195.529,0,5,26.138994507815802,0.0382489373050379,0.0029011699898056995,7.42371966337299e-09,0.0002286325409987186,VILA PRUDENTE
833537615,833537762,0,191.17799999999997,0,5,25.96599070553443,0.038503778788347175,0.002388472975232395,6.748057052626054e-09,0.00022097170133112141,VILA PRUDENTE
833537615,907694772,0,92.089,0,5,26.096958174904945,0.03831054774451001,0.01169455103638627,1.544249810930864e-08,0.00022217996354833306,VILA PRUDENTE
833537637,833537641,0,71.519,0,4,24.380650612589776,0.04100746850577899,0.04254439209619866,3.4479056342178386e-08,0.0001910852030383103,VILA PRUDENTE
833537637,833537649,0,210.419,0,5,24.36839881706802,0.041028085991678225,0.02343146692836905,5.214499903550556e-08,0.00022632633540677457,VILA PRUDENTE
833537641,1265860689,0,19.127,0,4,24.46070975918885,0.04087325232950767,0.03525496342329421,1.1023014860349673e-08,0.00020008736755527143,VILA PRUDENTE
833537649,1265860624,0,89.156,0,5,24.284959864807774,0.04116905145044144,0.015437465462874094,3.19101448418666e-08,0.0002360960141327682,VILA PRUDENTE
833537674,1785438874,0,74.868,0,4,24.770806928601605,0.040361574212254295,0.05993269746290042,1.721273568700928e-08,0.00019700043468346676,VILA PRUDENTE
833537716,1065757989,0,125.479,0,5,26.79467680608365,0.037312962174605425,0.0005569127619191773,2.219728767942151e-08,0.00023440224749639055,VILA PRUDENTE
833537716,833537735,0,32.454,0,5,26.6624419095902,0.03749801933132626,0.03448725465658657,1.7559153916614386e-08,0.00022668942202689165,VILA PRUDENTE
833537716,833537918,0,41.028999999999996,0,5,26.75855513307985,0.03736333135977896,0.016950055331380574,3.76555493642826e-08,0.0002345791965659607,VILA PRUDENTE
833537735,1065758002,0,68.091,0,4,26.325306294888044,0.037978238541532934,0.02061913974253273,1.1075681072242838e-08,0.00018701677872527543,VILA PRUDENTE
833537744,833537762,0,95.99199999999999,0,4,25.900929446556823,0.03860049749215023,0.0011218460547522571,6.516538426218726e-09,0.0001790031331310071,VILA PRUDENTE
833537744,833537750,0,46.343,0,5,25.646810308407268,0.038982967087273085,0.005676479340654776,1.9998812433130217e-08,0.00022492972236301488,VILA PRUDENTE
833537750,1065758002,0,49.431000000000004,0,5,25.830798479087452,0.038705298365267454,0.02113265937566131,2.196421616393823e-08,0.00023091792304307323,VILA PRUDENTE
833537750,833537779,0,95.24600000000001,0,5,25.598859315589355,0.03905598877748896,0.023414603247985975,2.436822030145601e-08,0.0002321428694038319,VILA PRUDENTE
833537750,1065757912,0,172.641,0,5,25.639628221377272,0.03899388686582412,0.0008822584005292729,5.453682914514202e-08,0.00023952272422703358,VILA PRUDENTE
833537762,4556519804,0,75.727,0,5,26.303126320236586,0.03801026349392462,0.001218092425719087,3.484699801265647e-09,0.00021095563602778952,VILA PRUDENTE
833537775,1265860635,0,85.712,0,5,24.75665399239544,0.04038464820218775,0.01846305650916469,6.193208438556449e-08,0.00021477448058157387,VILA PRUDENTE
833537775,833537896,0,111.975,0,6,24.61850443599493,0.04061127127951675,0.005114630867403966,1.3732909316853763e-07,0.0002433301096061769,VILA PRUDENTE
833537779,7803203635,0,277.47200000000004,0,4,25.815589353612168,0.038728101398401125,0.02179260511162831,1.8561963692987187e-08,0.00019791332206015478,VILA PRUDENTE
833537867,833537896,0,115.771,0,6,24.265103506548375,0.041202740465391616,0.014391094660568047,3.087498268966497e-07,0.0002433560514433843,VILA PRUDENTE
833537867,833538015,0,113.56,0,5,24.25940008449514,0.04121242729267528,0.024754443219885323,7.603577451059222e-07,0.00021392572540193948,VILA PRUDENTE
833537867,833537870,0,185.238,0,5,24.44465568229827,0.040900095920360174,0.034300314589901,2.7438101780141756e-07,0.00021424845906164018,VILA PRUDENTE
833537889,1265860635,0,75.97,0,4,24.77228559357837,0.04035916501807763,0.0311673718221474,6.366266301214721e-08,0.00017942331712620524,VILA PRUDENTE
833537889,833537896,0,123.606,0,5,24.59357836924377,0.0406524315874461,0.0005244193289859314,1.390596717944145e-07,0.00020914159409158385,VILA PRUDENTE
833537982,833537990,0,107.753,0,4,25.734262779890155,0.038850491684862015,0.03229800961270913,8.593993365804591e-07,0.00021136959936343507,VILA PRUDENTE
833537982,2513636376,0,137.02,0,4,25.143430502746092,0.039763418998731405,0.033213789719365734,3.208795322169255e-06,0.00020527071832418165,VILA PRUDENTE
833537990,833537991,0,86.181,0,4,26.007815800591466,0.03844185800960031,0.0004943937517185016,3.427198960676604e-07,0.00021277357931971094,VILA PRUDENTE
833537990,833538022,0,119.793,0,4,25.664765525982254,0.03895569437928509,0.03223343405612027,5.845078418879679e-07,0.00021597536286479098,VILA PRUDENTE
833537991,833537995,0,121.637,0,4,25.79763413603718,0.03875505625337766,0.0007450867564376586,3.4581396763886337e-07,0.00021176711210835956,VILA PRUDENTE
833537995,3739928380,0,100.247,0,4,25.225602027883397,0.039633891038201946,0.0011265761114450715,8.771056020680637e-07,0.0002066732799229559,VILA PRUDENTE
833537995,833538022,0,104.825,0,4,25.521546261089988,0.03917430205514033,6.169639164540369e-07,5.876019134573265e-07,0.0002149688956534396,VILA PRUDENTE
833538015,1265860648,0,71.126,0,4,24.391846218842417,0.04098864649998701,0.002023435991330423,1.4602365567637244e-06,0.00018504099242608183,VILA PRUDENTE
843764359,1785438899,0,22.032000000000004,0,4,24.220532319391634,0.041278562707134134,0.0029965937422172574,6.164375470389622e-09,0.00019884210171965016,VILA PRUDENTE
843764359,1785438961,0,44.303000000000004,0,4,24.641740599915504,0.040572976494590844,0.0006642644833821798,6.1727659678038e-09,0.00020049521662196426,VILA PRUDENTE
843764400,1785438965,0,232.24999999999997,0,5,24.23447401774398,0.04125481582204557,0.0007662691842359138,1.0419544771422553e-08,0.00023530787814753567,VILA PRUDENTE
843764400,1838288464,0,152.25900000000001,0,5,24.252851711026615,0.041223554823931086,0.0003125950510033787,1.4992379238508558e-08,0.0002366269329310508,VILA PRUDENTE
843764421,1785438965,0,47.091,0,4,24.398817068018587,0.04097693586369303,0.000734187060580304,2.6608127719720414e-09,0.0001980409892892376,VILA PRUDENTE
843764421,1785438918,0,47.173,0,4,24.950570342205324,0.04007077787937282,0.04047571208432828,1.2275472125568185e-09,0.00020084411011085613,VILA PRUDENTE
843764421,1785438848,0,73.955,0,4,24.47887621461766,0.04084291915121286,0.04102480996997237,9.425247293243224e-10,0.0001927177972111,VILA PRUDENTE
843764512,1785438927,0,84.827,0,4,24.486692015209126,0.04082988267770876,0.0017721260226948121,2.2957702818366256e-08,0.0002080226682923455,VILA PRUDENTE
843764512,2514506195,0,147.914,0,4,24.469159273341784,0.04085913827188204,0.0018445164555587524,5.320276313220629e-08,0.00020699345897630687,VILA PRUDENTE
843764512,1838288491,0,272.399,0,4,24.695606252640474,0.04048447938139921,0.0,3.747067311571618e-08,0.00020576400546608886,VILA PRUDENTE
843768291,1970921017,0,56.421,0,5,24.016265314744402,0.04162965178155208,0.0028916584627603666,2.8584782661804604e-05,0.00024181648650796976,VILA PRUDENTE
850377401,1265860510,0,65.669,0,4,26.950570342205324,0.03709712816654126,0.04429266218079058,3.0083652240695475e-16,0.00022731351571680532,VILA PRUDENTE
907695026,1271670503,0,103.894,0,4,27.938952260245035,0.035784762178387004,0.0019454928832183965,1.9547565004976535e-10,0.00018098559687415114,VILA PRUDENTE
907695026,1271670361,0,38.101000000000006,0,4,27.86776510350655,0.03587617300607916,0.0037636855450084434,1.6565453720786174e-10,0.00019061712163061868,VILA PRUDENTE
907695026,907695036,0,63.483,0,5,28.30882974228982,0.035317205665079766,0.001584980301370421,3.277060855160351e-10,0.0002131908869679122,VILA PRUDENTE
907695027,1271670361,0,98.054,0,4,27.85678073510773,0.03589031954744681,0.00306980679363647,1.956430434157002e-10,0.00019296190077795167,VILA PRUDENTE
907695027,907695047,0,73.043,0,5,28.113223489649346,0.03556293580187545,0.0015890933941467812,4.861578857608062e-10,0.00021340473282386416,VILA PRUDENTE
907695027,907695028,0,116.37200000000001,0,4,28.34305027460921,0.0352745647507751,0.001154545142324321,2.386259123510963e-10,0.00019383027900994506,VILA PRUDENTE
907695028,907695029,0,12.367,0,4,28.023236163920576,0.03567713437156081,0.017005582083861437,3.4916735929119273e-10,0.0001939156900430484,VILA PRUDENTE
907695028,907695032,0,134.346,0,4,27.52915082382763,0.03631745739432027,0.01617350341520376,3.346025159864888e-10,0.00020190518612845144,VILA PRUDENTE
907695029,907695048,0,73.159,0,5,28.101182931981413,0.035578173508430365,0.01470944804145833,7.412677392020634e-10,0.00021324096067310203,VILA PRUDENTE
907695029,4556519803,0,114.229,0,4,27.665188001689902,0.03613887467835409,0.001991765176952449,6.836637577559939e-10,0.00019372322406133164,VILA PRUDENTE
907695032,1271670602,0,99.684,0,4,27.055555555555557,0.036953178067004475,0.004852215548272182,3.678613998987101e-10,0.00020421663397407897,VILA PRUDENTE
907695033,907695070,0,43.793,0,5,28.993240388677652,0.03448351232022382,0.0004919258960526854,3.4618612311444223e-10,0.00020785552500297058,VILA PRUDENTE
907695033,1271670353,0,129.586,0,4,29.274397972116603,0.03415232528772955,0.00038971554056013334,1.5136544322834184e-10,0.00018605167894870104,VILA PRUDENTE
907695033,907695039,0,130.078,0,4,29.330798479087452,0.034086653415147064,0.0005377868805091022,2.375365108021149e-10,0.00017618139456004867,VILA PRUDENTE
907695034,907695035,0,73.375,0,6,28.19539501478665,0.03545929261221034,0.0009546488333932132,6.642007832796584e-10,0.00022432446134398816,VILA PRUDENTE
907695034,907695070,0,73.404,0,6,28.46408956485002,0.03512456493183623,0.0006465781844438307,5.897646882226815e-10,0.00022809694884172866,VILA PRUDENTE
907695034,907695057,0,129.145,0,6,28.038234051542037,0.035658050371799026,0.018154985860215307,8.268340605048219e-10,0.00022019920113981303,VILA PRUDENTE
907695034,1271670569,0,130.272,0,6,27.949514152936207,0.03577123940958182,0.018204342973531632,5.353588531467599e-10,0.00022765510753207057,VILA PRUDENTE
907695035,907695036,0,72.597,0,6,28.06210392902408,0.03562771931409301,0.0012631307916202315,5.639452380923349e-10,0.00023336190030857847,VILA PRUDENTE
907695035,907695056,0,128.73,0,6,28.050697084917616,0.03564220736188927,0.008942891969001266,8.223077592036743e-10,0.0002232200691304699,VILA PRUDENTE
907695035,1271670661,0,132.091,0,5,27.920363329108575,0.03580858710043503,0.009000475267870308,4.6277300198092166e-10,0.0001959707800394191,VILA PRUDENTE
907695036,907695047,0,129.312,0,6,27.92627798901563,0.03580100300295757,0.0015568056158523531,6.054815051378074e-10,0.0002382119616058599,VILA PRUDENTE
907695036,1271670503,0,66.991,0,5,27.7716518800169,0.036000334674567015,0.001603489218864042,3.4478778972306074e-10,0.00020980583886756076,VILA PRUDENTE
907695038,1271670353,0,112.111,0,4,29.456907477820025,0.033940723848862306,0.00025007604080270297,7.856642449262218e-11,0.00020519002379628775,VILA PRUDENTE
907695038,1947610004,0,39.302,0,2,29.86966624419096,0.03347170852103562,0.0006412311638345624,2.571718705210864e-11,0.0001192856887090059,VILA PRUDENTE
907695038,1271670286,0,43.932,0,4,29.025137304604986,0.03444561697172592,0.0010319749775887857,6.860376748357893e-11,0.0002045592850082857,VILA PRUDENTE
907695039,907695058,0,43.058,0,5,29.00063371356147,0.03447472120854548,0.00047341697855906434,4.950411528870804e-10,0.00020016755538911174,VILA PRUDENTE
907695039,907695053,0,128.593,0,5,29.286227291930715,0.03413853044914564,0.0007039558286740562,3.6674372742062745e-10,0.00020769820347075536,VILA PRUDENTE
907695040,907695053,0,128.004,0,5,29.15694972539079,0.034289895601648926,0.0007160894523643189,3.7424534102721186e-10,0.0002104620526509236,VILA PRUDENTE
907695040,907695043,0,34.017,0,5,28.690114068441066,0.034847848975474716,0.010988333006685216,5.505880318978612e-10,0.00020790072552577527,VILA PRUDENTE
907695040,907695041,0,104.094,0,4,29.274609209970425,0.034152078853563854,0.010626380842365514,2.324201692605064e-10,0.00018306557810799507,VILA PRUDENTE
907695041,1271670601,0,57.196,0,5,29.19898605830165,0.03424053013861157,0.01372251142977069,2.802018863529634e-10,0.00022409487642565434,VILA PRUDENTE
907695041,1271670646,0,57.759,0,4,29.786016054076892,0.0335657095037835,0.005570978510941136,1.2502218205779274e-10,0.00019887620607765896,VILA PRUDENTE
907695043,907695044,0,73.294,0,6,28.063793831854667,0.035625573938308217,0.010604375796011986,1.1519291912531483e-09,0.0002304098788054495,VILA PRUDENTE
907695043,907695071,0,49.873,0,5,28.861639205745668,0.0346407477073285,0.006009022891623502,5.599660438725204e-10,0.00021155313251364287,VILA PRUDENTE
907695043,907695052,0,128.151,0,6,28.578369243768485,0.03498410821198906,0.005406249145247908,8.322577054006789e-10,0.00023171884849828453,VILA PRUDENTE
907695044,907695051,0,129.125,0,6,27.844106463878326,0.035906656349097975,0.01273434089025014,1.3797740122765383e-09,0.00022041816017339468,VILA PRUDENTE
907695044,907695045,0,73.31,0,6,27.843472750316856,0.03590747357959503,0.010899695857354652,1.6053833229180562e-09,0.00022310748938730464,VILA PRUDENTE
907695044,1271670496,0,119.041,0,6,27.399873257287705,0.03648880973857267,0.012733106962417232,1.6641099105338493e-09,0.00022909131260977686,VILA PRUDENTE
907695045,907695046,0,72.59,0,6,27.74757076468103,0.03603157806588153,0.011122214176555742,1.4925769046746953e-09,0.00023061219624352514,VILA PRUDENTE
907695045,907695050,0,129.62800000000001,0,6,27.878749471905365,0.035862037612329326,0.008683561469451751,1.523387719636319e-09,0.00022126570136238224,VILA PRUDENTE
907695046,907695049,0,56.182,0,5,27.619349387410224,0.03619885277246654,0.0010471934208613188,1.1565015795293972e-09,0.00020693100983863911,VILA PRUDENTE
907695046,907695048,0,129.219,0,6,27.780101394169836,0.03598938491837185,0.0011804576268153906,1.14992757514804e-09,0.00023676481201649423,VILA PRUDENTE
907695046,3901798719,0,37.692,0,5,27.718631178707223,0.03606919676878525,0.011491981217150529,1.1310266823968016e-09,0.00021041504103686744,VILA PRUDENTE
907695047,907695048,0,129.344,0,6,27.948880439374737,0.0357720504874915,0.0012228224824119012,8.785132307521547e-10,0.00023553109403055022,VILA PRUDENTE
907695047,907695056,0,71.657,0,6,28.152513730460498,0.03551330342002191,0.0016261112291340233,8.638440365216624e-10,0.0002280701304277513,VILA PRUDENTE
907695048,907695050,0,72.306,0,6,28.123574144486692,0.03554984714992827,0.014454436289323995,1.1807384113070431e-09,0.0002274183171353513,VILA PRUDENTE
907695049,3901798719,0,65.937,0,4,27.468525559780314,0.03639761296871635,0.0014290940851463675,1.0107547635821128e-09,0.00017780388088859008,VILA PRUDENTE
907695049,4556519804,0,121.572,0,5,27.01478664976764,0.037008945327161265,0.00206826870259275,1.8339592004354778e-09,0.00020878578058623144,VILA PRUDENTE
907695050,907695051,0,72.612,0,6,28.22095479509928,0.035427177053548704,0.014767853958882646,1.2977784359273596e-09,0.0002185763721484723,VILA PRUDENTE
907695050,907695056,0,128.78,0,6,28.053020701309674,0.035639255137308645,0.009298057530239972,1.1660692349224302e-09,0.00021995735353255236,VILA PRUDENTE
907695051,907695052,0,74.038,0,6,28.41085762568652,0.035190375993516584,0.014393562516233863,1.0601025299939752e-09,0.00022172712986622968,VILA PRUDENTE
907695051,907695057,0,129.125,0,6,28.024926066751163,0.03567498304062712,0.012668942715106012,1.1166502335346847e-09,0.00021771382754221465,VILA PRUDENTE
907695052,907695053,0,34.343,0,6,28.920152091254753,0.03457066058959301,0.015280345318817133,6.559150245344308e-10,0.00023436800104864266,VILA PRUDENTE
907695052,907695058,0,129.064,0,6,28.659273341782846,0.03488534933258644,0.00658752939061857,7.842124540551579e-10,0.00022650388170977339,VILA PRUDENTE
907695053,907695054,0,120.50699999999999,0,6,29.42289818335446,0.03397995520073517,0.015030063623375611,3.360053418452259e-10,0.000252403000910983,VILA PRUDENTE
907695054,1038701334,0,107.328,0,6,28.885509083227713,0.03461212192125431,0.004320803961566438,2.3188917045173712e-10,0.00025234629361772136,VILA PRUDENTE
907695054,1271670467,0,37.9,0,5,29.693916349809886,0.03366981809903892,0.01707776686208656,1.3997921003973268e-10,0.00023870266025536317,VILA PRUDENTE
907695054,1271670646,0,72.754,0,5,29.68546683565695,0.03367940169784603,0.0051041424808242475,1.5406605988985017e-10,0.00023570675710700613,VILA PRUDENTE
907695055,1271670482,0,110.422,0,5,29.342416561047738,0.03407315686034541,0.0013774747708030464,7.109138871522493e-11,0.0002069347979790435,VILA PRUDENTE
907695055,1271670395,0,23.816,0,4,29.74123362906633,0.033616250577080155,0.004140239188684224,5.639800988553487e-11,0.00017887934814545418,VILA PRUDENTE
907695055,1038701334,0,119.142,0,5,28.858048162230673,0.034645058339555244,0.0030449225823394903,1.5713268344294398e-10,0.00020883994613196596,VILA PRUDENTE
907695056,907695057,0,74.001,0,6,28.26130122517955,0.03537660046790095,0.000918864926238879,9.84941019987723e-10,0.00021909480892629474,VILA PRUDENTE
907695057,907695058,0,73.265,0,6,28.478664976763834,0.035106588141049416,0.006091079092511889,8.407601531659071e-10,0.0002224905793857583,VILA PRUDENTE
907695058,907695070,0,129.372,0,6,28.679763413603716,0.03486042571996759,0.001284518874057305,6.036907686619056e-10,0.00023038832708767397,VILA PRUDENTE
907695059,4556519804,0,16.668,0,5,26.881706801858893,0.03719216080717912,0.0024783440523958662,2.4062252515928248e-09,0.00020487514691174658,VILA PRUDENTE
907695061,1271670661,0,77.509,0,5,27.49556400506971,0.036361820472634525,0.028620750429663954,2.638996347555212e-10,0.00020516588253941066,VILA PRUDENTE
907695061,1265860679,0,60.402,0,5,27.535065483734684,0.0363096562358555,0.027648209642693575,1.781571883506354e-10,0.00021647121981617864,VILA PRUDENTE
907695061,1271670380,0,94.073,0,6,27.358893113645966,0.03654346533659674,0.00418815671952882,2.345691295852232e-10,0.00024545498198351386,VILA PRUDENTE
907695061,1265860432,0,112.403,0,6,26.96408956485002,0.037078528453246426,0.004873192321431619,3.00772857472243e-10,0.00024943226694566236,VILA PRUDENTE
907695065,1271670380,0,88.592,0,5,27.657160963244614,0.036149363395428055,0.0003726462055382383,1.3878258411963265e-10,0.00021714766138974923,VILA PRUDENTE
907695065,907695069,0,75.78200000000001,0,4,28.09188846641318,0.03558994488183056,0.011959228556545052,4.858567985538463e-11,0.00018868671067732239,VILA PRUDENTE
907695065,1065445192,0,105.896,0,4,27.61596958174905,0.036203283002126455,0.012545344277176388,5.030537394379898e-11,0.00018931650862403948,VILA PRUDENTE
907695067,907695068,0,117.851,0,5,27.183143219264892,0.03677973345766795,0.012154189154144528,4.3936345839828846e-09,0.0002178505231530912,VILA PRUDENTE
907695067,1271670377,0,58.166000000000004,0,5,27.611322348964933,0.03620937633882122,0.015180808473629214,2.899737897812489e-09,0.00021468625929633073,VILA PRUDENTE
907695067,1065818169,0,104.287,0,6,27.53929024081115,0.03630408603140269,0.0042792617245252,3.358591875121675e-09,0.00025372839335788906,VILA PRUDENTE
907695068,1065818214,0,21.089,0,4,27.341149133924798,0.03656718147613051,0.048308685967628724,8.080229163904806e-09,0.00018565825339043527,VILA PRUDENTE
907695069,1271670420,0,72.199,0,5,28.07498943810731,0.035611367347092325,0.005680386778792318,6.594538376778265e-11,0.000229986413975983,VILA PRUDENTE
907695069,4556519696,0,14.864,0,4,28.20553443177017,0.03544654559071335,0.014862043783461296,2.3005052938298395e-11,0.00019061863795904487,VILA PRUDENTE
907695070,1271670596,0,129.968,0,6,28.602450359104353,0.03495465421996396,0.0015329496777494638,3.987419324523304e-10,0.00024110536677278782,VILA PRUDENTE
907695071,907695072,0,32.132,0,4,28.932192648922687,0.03455627350052933,0.004201935580329628,2.617497604232743e-10,0.0001875918930852657,VILA PRUDENTE
907695071,4559126673,0,36.227000000000004,0,4,28.380228136882128,0.035228355365011316,0.00156852793026498,4.079608128602594e-10,0.0001835439035995125,VILA PRUDENTE
907695072,4559126673,0,14.302,0,4,28.385509083227713,0.0352218013499334,0.000417478916800565,3.512505020486173e-10,0.00018733182032887942,VILA PRUDENTE
907695072,1271670374,0,20.869,0,4,28.83248838191804,0.03467577091865517,0.004177668332949102,1.7872294842122754e-10,0.00018977887892665204,VILA PRUDENTE
910202628,1265860606,0,76.721,0,5,28.0694972539079,0.035618335202173376,0.0824397467897825,3.671697343107364e-16,0.00024552094573679996,VILA PRUDENTE
910202628,1265860671,0,54.512,0,5,27.64828897338403,0.03616096327366354,0.08000726372184305,8.547016786064747e-16,0.0002366830871369605,VILA PRUDENTE
910202628,1265860522,0,234.119,0,5,27.77545416138572,0.03599540645985596,0.0011306892042214317,5.209795235362045e-16,0.00024827141443233344,VILA PRUDENTE
910202766,1265860799,0,18.384,0,4,27.6326573722011,0.036181419277900514,0.08057816099920186,2.6969437642758447e-16,0.00022200136097866343,VILA PRUDENTE
910202766,1265860748,0,114.47500000000001,0,4,28.007815800591466,0.035696777259048636,0.07298354084229149,1.2003318346595606e-16,0.00023558103170569935,VILA PRUDENTE
910202902,1265860513,0,26.816,0,4,28.207013096746937,0.035444687415750534,0.0754522191266629,9.782572468362723e-17,0.00021299294909090172,VILA PRUDENTE
910202902,1265860606,0,15.57,0,4,28.486692015209126,0.03509669573470962,0.08252797262983542,9.764191493082529e-17,0.00020989882381544918,VILA PRUDENTE
910202991,1265860513,0,16.622,0,4,28.421419518377693,0.03517729863913725,0.07554723156979683,1.3153224652161766e-16,0.00021411898099105332,VILA PRUDENTE
910202991,1265860799,0,76.832,0,4,27.626742712294043,0.03618916542416944,0.07651421968151911,2.653636612837844e-16,0.0002159166090190289,VILA PRUDENTE
910203289,1265860748,0,16.713,0,4,27.075411913814957,0.03692607762824264,0.07324225437792455,2.7888847875035796e-16,0.0002343710258607033,VILA PRUDENTE
1038690626,1265860397,0,92.551,0,5,25.373679763413605,0.039402592429174405,0.007225675734870862,4.078872805123796e-09,0.00022535657808471198,VILA PRUDENTE
1038690626,1265860773,0,94.698,0,5,25.208280523869877,0.03966112489106389,0.0038554075139212766,3.4466176755902036e-09,0.00022553978782874636,VILA PRUDENTE
1038690626,1038690629,0,162.211,0,6,25.396704689480355,0.03936686961439931,0.021193738803390257,3.419777279455012e-09,0.00025980125272752347,VILA PRUDENTE
1038690626,1838288474,0,150.767,0,6,24.898394592310943,0.040154748067770155,0.02486014970423778,8.524989222920803e-09,0.00025897732441586936,VILA PRUDENTE
1038690629,1265860409,0,97.781,0,5,25.980566117448248,0.038482177702614806,0.0012082210030558223,1.2166965112376244e-09,0.00022350390863624584,VILA PRUDENTE
1038690629,1038690632,0,109.167,0,5,25.975918884664132,0.03848906237293649,0.02121553819510497,1.1335710506785323e-09,0.00022613005209773417,VILA PRUDENTE
1038690629,1265860507,0,94.43,0,5,25.893747359526827,0.03861120402019889,0.0012658043019248657,1.1694158125229123e-09,0.00022788721050084293,VILA PRUDENTE
1038690632,1265860630,0,51.159,0,4,26.638783269961976,0.03753132235861325,0.0029143318866900526,3.325549914715487e-10,0.00018842039331562667,VILA PRUDENTE
1038690632,1065518485,0,103.55199999999999,0,4,26.562737642585553,0.03763876960269746,0.023044836207391187,3.48577309509968e-10,0.00019214594699740198,VILA PRUDENTE
1038690638,1065518445,0,7.191,0,4,27.600126742712295,0.03622406416703021,0.01893914699802839,8.816060796548693e-12,0.00018911755150879237,VILA PRUDENTE
1038690638,1065518399,0,128.684,0,4,27.879805661174483,0.035860679026844366,0.0019489890120783027,2.466225042697128e-12,0.00020566806285369834,VILA PRUDENTE
1038690638,1065445026,0,88.97299999999998,0,4,27.495141529362062,0.03636237918901062,0.016693192687496878,2.2508081546413002e-12,0.00020480046947980417,VILA PRUDENTE
1038690652,1038701231,0,371.345,0,4,27.511618081960286,0.03634060196560197,0.01682542862025686,1.9731182825243167e-13,0.00020923053545067225,VILA PRUDENTE
1038690652,1038793934,0,52.434,0,4,27.69602872834812,0.03609863247732872,0.036702566425934204,1.0257074370025307e-13,0.00021189890550753882,VILA PRUDENTE
1038690652,2453057240,0,11.622,0,4,27.09991550485847,0.03689268927672245,0.03943941835932431,3.390889125500971e-13,0.00020933094201540064,VILA PRUDENTE
1038690657,1038793934,0,106.408,0,4,28.399028305872413,0.0352050341785616,0.015621320709977397,2.5629662921070716e-14,0.0002146617595629595,VILA PRUDENTE
1038690657,1046116392,0,146.026,0,4,28.93113645965357,0.034557535046728975,0.013080046338103219,9.208079184802001e-15,0.00021199921975386876,VILA PRUDENTE
1038690657,7949907253,0,13.486,0,4,28.92247570764681,0.03456788320101666,0.02834517321364782,9.912795088024161e-15,0.0002233006350694933,VILA PRUDENTE
1038690663,1046116331,0,164.234,0,5,29.5758343895226,0.03380424535039854,0.00024246681916643653,2.1626628660806465e-14,0.0002238051661145382,VILA PRUDENTE
1038690663,1046763994,0,110.09899999999999,0,6,29.719264892268694,0.03364109999928922,0.013881276810938195,2.9140835026981237e-14,0.00024770526842252864,VILA PRUDENTE
1038690663,1046764034,0,152.21400000000003,0,5,29.244190959019857,0.03418760202828621,0.014298344418461124,2.951268415564295e-14,0.00022925721942079416,VILA PRUDENTE
1038690663,1038701238,0,239.449,0,6,29.420997042670045,0.0339821509344553,0.00038724768489431716,4.737585672314181e-14,0.00025260809177688436,VILA PRUDENTE
1038690673,1038701186,0,169.757,0,6,30.86480777355302,0.03239251543315493,0.0043148399770407166,2.090389446282867e-14,0.0002323478265062891,VILA PRUDENTE
1038690673,1038690680,0,102.939,0,6,30.865230249260666,0.03239207205234197,0.013390790497357235,1.501874677064549e-14,0.00023595299974014632,VILA PRUDENTE
1038690673,1046763994,0,128.122,0,6,30.4440219687368,0.03284023258073022,0.0150105264326879,2.1578115514270916e-14,0.00023816697324174503,VILA PRUDENTE
1038690673,1065445177,0,16.909,0,5,31.28474862695395,0.031957704825053,0.0040343270496929476,1.1652537174742036e-14,0.00021131921843995833,VILA PRUDENTE
1038690680,1046259600,0,161.98399999999998,0,6,30.987325728770596,0.03226444162678774,0.025121742404814292,1.3689832682651917e-14,0.00023531189826367084,VILA PRUDENTE
1038690681,1038701246,0,173.304,0,6,31.15568229826785,0.032090093632831836,0.0031644079274927555,7.567737496909595e-15,0.00023804195266057787,VILA PRUDENTE
1038701178,1065445177,0,189.154,0,4,31.309252217997464,0.03193269373490399,0.00027434328818322845,4.290148068882233e-15,0.00019059626351575014,VILA PRUDENTE
1038701186,1046259600,0,91.82000000000001,0,6,30.60730882974229,0.032665033299975846,0.005873496484642432,1.9590928402874696e-14,0.00023170672502981362,VILA PRUDENTE
1038701186,1038701241,0,90.10199999999999,0,6,30.190747782002536,0.03311573364678883,0.005835039067183463,2.916284374233436e-14,0.0002330730719578261,VILA PRUDENTE
1038701186,1038701188,0,181.312,0,6,30.730671736375157,0.032533905237182,0.003410987839435552,2.2346849991888446e-14,0.0002329737922529108,VILA PRUDENTE
1038701188,1046259428,0,22.631999999999998,0,5,31.266370933671315,0.03197648886937135,0.030951023142110852,1.7017289406693584e-14,0.00020391395716760517,VILA PRUDENTE
1038701188,1046259446,0,19.407,0,5,31.34495141529362,0.03189632514977727,0.03131749970848455,1.7246536533680556e-14,0.00020569114473274985,VILA PRUDENTE
1038701188,1046259671,0,22.604,0,6,30.901563160118293,0.03235398665645849,0.003393301540497203,2.364916253420331e-14,0.00023981953514437603,VILA PRUDENTE
1038701195,1038701354,0,86.7,0,6,28.62758766370934,0.0349239612464305,0.04180259581398209,1.854196562092667e-12,0.00025974177574820403,VILA PRUDENTE
1038701195,1038701197,0,30.855,0,5,29.09632446134347,0.03436134221951184,0.019579966852585316,1.1614259303444882e-12,0.00022457326021337712,VILA PRUDENTE
1038701195,1038701365,0,124.099,0,5,29.18039712716519,0.034262342551035184,0.023441544005671132,1.3876577010807386e-12,0.0002252128949282097,VILA PRUDENTE
1038701195,1038701346,0,165.967,0,6,28.786861005492185,0.0347307322585616,0.005749898046712806,2.7697004179082196e-12,0.0002574813078752832,VILA PRUDENTE
1038701197,1038701199,0,48.488,0,4,29.434093789607097,0.03396703052224399,0.016275713770696313,2.956195618298629e-13,0.00019087725111993346,VILA PRUDENTE
1038701197,1065445105,0,204.824,0,4,29.23996620194339,0.03419254164800393,0.002792584340509789,3.393884571314216e-13,0.00019382928413926872,VILA PRUDENTE
1038701199,1038701201,0,170.595,0,4,29.834600760456272,0.03351104880449174,0.014552739206679006,1.0248495539868202e-13,0.00019365499092164625,VILA PRUDENTE
1038701199,1046259494,0,380.888,0,5,30.085762568652303,0.03323129203937483,0.0012145962968591808,8.847083930167318e-14,0.00022609770682959496,VILA PRUDENTE
1038701201,1038701212,0,35.019,0,4,29.76108998732573,0.0335938220868911,0.014262766165945608,5.621043169204461e-14,0.0001911371449882948,VILA PRUDENTE
1038701201,1065445105,0,90.02199999999999,0,4,29.46641318124208,0.03392977475733723,0.0001822100099927589,1.4625626598909994e-13,0.00019660702394098153,VILA PRUDENTE
1038701212,1038701214,0,74.081,0,4,30.134980988593156,0.033177016521915896,0.03496334514545027,2.536524123916551e-14,0.000182537123333388,VILA PRUDENTE
1038701212,1038701238,0,187.701,0,5,29.58871989860583,0.03378952403389661,0.021172350720953186,4.757359758230706e-14,0.00021891884292529602,VILA PRUDENTE
1038701214,1046259446,0,32.603,0,4,30.956273764258555,0.03229680580291647,0.034970337403170085,1.5478758028855904e-14,0.00017614743810149026,VILA PRUDENTE
1038701214,1038701241,0,179.39000000000001,0,5,30.327207435572454,0.032966726800353834,0.0002887391129004893,2.5874072499491898e-14,0.00020875271398404776,VILA PRUDENTE
1038701229,1038701231,0,94.024,0,4,27.83502323616392,0.035918373541978126,0.012486938359752071,5.322522451291189e-13,0.00020694751776995012,VILA PRUDENTE
1038701229,1065444955,0,61.416,0,4,27.863751584283904,0.035881340641512584,0.012777117055124286,1.9306474705479005e-12,0.00020046893792588443,VILA PRUDENTE
1038701229,1065518585,0,172.272,0,4,28.004858470637938,0.03570054686026777,0.00023012754083735578,7.628094194358219e-13,0.00020809537848342997,VILA PRUDENTE
1038701231,1038701236,0,90.945,0,4,27.991972961554712,0.0357169808473067,0.014531556778880749,1.5518580279609026e-13,0.00020560312336445868,VILA PRUDENTE
1038701236,1065445205,0,53.205,0,4,28.512674271229404,0.03506471377029019,0.026420245794311223,1.0491701234023179e-13,0.00019695453064244743,VILA PRUDENTE
1038701236,1046764034,0,297.31800000000004,0,4,28.651668779045206,0.03489460840331178,0.012980715147554119,5.360449683518478e-14,0.0002021879533638212,VILA PRUDENTE
1038701238,1065445205,0,40.641,0,5,28.81326573722011,0.03469890470814211,0.02818764176031322,9.513951724376489e-14,0.00022135765187522339,VILA PRUDENTE
1038701238,1038701241,0,93.37299999999999,0,6,29.46599070553443,0.033930261233619134,0.006243469179876036,4.808545904096568e-14,0.00024379504204763774,VILA PRUDENTE
1038701241,1046763994,0,226.37300000000002,0,6,30.159273341782846,0.03315029347080001,0.0003492015767129849,2.983161339574443e-14,0.00023889221869328211,VILA PRUDENTE
1038701246,1065445266,0,16.695,0,5,31.20532319391635,0.03203904525946685,0.0008923354778313554,6.829014292719015e-15,0.0002062123697088865,VILA PRUDENTE
1038701334,1038701399,0,112.269,0,6,28.559780312632025,0.03500687859647047,0.006057351731745734,1.7309748422890078e-10,0.0002441877221313969,VILA PRUDENTE
1038701334,1038701398,0,180.62800000000001,0,6,28.364385297845374,0.03524803205314388,0.0070399695960181976,3.6673814428060963e-10,0.00024512140649336225,VILA PRUDENTE
1038701346,1038701407,0,116.532,0,6,28.87029995775243,0.03463035588855069,8.123358233311486e-05,5.998902476865399e-12,0.0002548815734230538,VILA PRUDENTE
1038701346,1271670479,0,73.066,0,5,28.81389945078158,0.03469814156372567,0.00020750553056737443,2.5083780829677288e-12,0.00022492045659400925,VILA PRUDENTE
1038701346,1065445115,0,100.517,0,5,29.342839036755386,0.03407266627792296,0.005796787304363313,2.93960275146506e-12,0.0002290152741847208,VILA PRUDENTE
1038701352,1038701354,0,33.325,0,5,28.270384452893957,0.03536523402474744,0.04350459360483996,2.5418234377832735e-12,0.00022682819465329366,VILA PRUDENTE
1038701352,1065444955,0,32.321,0,4,28.122095479509927,0.03555171636746038,0.01061342460011998,3.129408864835068e-12,0.00019263136620540069,VILA PRUDENTE
1038701352,4556519696,0,131.288,0,4,28.122306717363752,0.0355514493243497,0.03862111855146744,6.812026227005122e-12,0.0001906899070981856,VILA PRUDENTE
1038701354,1271670479,0,209.413,0,5,28.638572032108154,0.03491056610732067,0.0010622062094950335,1.59287345824363e-12,0.0002270659622348498,VILA PRUDENTE
1038701354,1065445144,0,250.20800000000003,0,5,28.54161385720321,0.035029160129074276,0.0006249844473679394,1.1575408879640542e-12,0.00022745481384069325,VILA PRUDENTE
1038701365,1271670631,0,50.372,0,4,29.339247993240388,0.03407683667885839,0.021017287123284403,1.5694335804632143e-12,0.00019066623193455032,VILA PRUDENTE
1038701365,1038701372,0,263.17400000000004,0,4,29.65378115758344,0.03371538883467136,0.0022926379135432013,5.863809148896052e-13,0.00019835221423947637,VILA PRUDENTE
1038701372,1271670652,0,33.948,0,4,30.412758766370935,0.03287399113728868,0.001738809971206294,1.7744308105301084e-13,0.00020676308162617497,VILA PRUDENTE
1038701372,1271670439,0,32.178,0,4,30.52175749894381,0.032756592151706,0.0005069386846864003,2.21049201669832e-13,0.00020615214100505317,VILA PRUDENTE
1038701384,1046259501,0,25.675,0,4,31.674693705111956,0.03156427561554672,0.00015136181417005706,1.8508736816630597e-14,0.00019144323528763927,VILA PRUDENTE
1038701384,1046259494,0,31.476,0,5,30.946979298690326,0.0323065056688259,0.027216129246536932,3.444081713823098e-14,0.00022706014221599016,VILA PRUDENTE
1038701384,1046259663,0,47.015,0,4,31.765314744402197,0.03147422810669185,0.027091502535413217,1.642222180845724e-14,0.0001991257299765717,VILA PRUDENTE
1038701398,1271670578,0,185.936,0,5,28.226024503591045,0.03542081393782461,0.007752768574161428,6.971465537291839e-10,0.00021836616367245656,VILA PRUDENTE
1038701398,1271670636,0,112.111,0,6,28.654203633291086,0.0348915215003428,0.009549161844236766,3.953506608363679e-10,0.00025319243130442675,VILA PRUDENTE
1038701398,1271670601,0,105.174,0,6,28.504647232784116,0.03507458815334109,0.010588951698100636,4.440947146908224e-10,0.00025245201256867436,VILA PRUDENTE
1038701399,1038701401,0,112.009,0,6,28.73764258555133,0.03479021493046367,0.0064692779732982136,7.68022600984768e-11,0.0002466784939673354,VILA PRUDENTE
1038701399,1271670482,0,114.031,0,6,29.03929024081115,0.0344288291433892,0.008152355537384826,8.705620637224235e-11,0.000242214615404551,VILA PRUDENTE
1038701399,1271670368,0,110.14399999999999,0,5,29.145965356991972,0.034302818585706316,0.008774872129086949,7.0956749092824e-11,0.0002270938148554058,VILA PRUDENTE
1038701401,1271670576,0,113.802,0,6,29.195606252640474,0.034244493965791684,0.0002589191902718775,4.3527108837210845e-11,0.00024474650087997774,VILA PRUDENTE
1038701401,1271670359,0,112.445,0,5,29.31009716941276,0.03411072833936319,0.0001906418501842974,2.995698501905763e-11,0.00023046040683290115,VILA PRUDENTE
1038701401,1038701403,0,111.909,0,6,28.848753696662442,0.03465622025334993,0.006337659004454686,3.4917560207101095e-11,0.0002472868557135014,VILA PRUDENTE
1038701403,1038701407,0,112.88,0,6,28.872623574144487,0.03462756890030216,0.006179099277925998,1.5093653650981938e-11,0.0002494414000968832,VILA PRUDENTE
1038701403,1271670531,0,112.998,0,6,29.22517955217575,0.03420984156354805,0.00028750518506758123,2.054334771491994e-11,0.0002460881471054553,VILA PRUDENTE
1038701403,1271670476,0,114.623,0,5,29.344106463878326,0.034071194615412304,9.275024210692356e-05,1.3897582662022828e-11,0.00022364765842679905,VILA PRUDENTE
1038701407,1271670631,0,69.148,0,5,29.37283481199831,0.034037870996972336,0.006034729721475753,5.268609362411601e-12,0.00022146258807740203,VILA PRUDENTE
1038701407,1271670431,0,52.288,0,5,29.371989860583017,0.0340388501729631,0.0004888410764704152,5.749860069520099e-12,0.00021992135846318054,VILA PRUDENTE
1038790363,1046116359,0,42.237,0,4,28.529995775242924,0.03504342482285782,0.03735881037840248,6.389718681878875e-15,0.00020871129895532384,VILA PRUDENTE
1038793934,1046116359,0,98.14399999999999,0,4,28.28284748626954,0.03534965008850483,0.020801966716441946,2.500994945429211e-14,0.00021154897489187352,VILA PRUDENTE
1038796782,1038796785,0,112.613,0,4,26.099281791297,0.03830713696035742,0.05933691597424464,1.2534261617797168e-12,0.000198396677226437,VILA PRUDENTE
1038796782,1065620347,0,102.63,0,5,26.07815800591466,0.038338166442561605,0.036260408952475474,4.826122382060512e-12,0.0002306485476509843,VILA PRUDENTE
1038796782,1065518415,0,160.34,0,4,26.247993240388677,0.03809010285052069,0.022944476743647996,1.6274732695602567e-12,0.0001982065470202622,VILA PRUDENTE
1038796785,1041041050,0,17.657,0,4,26.377270806928603,0.037903419556338594,0.10760364839555449,3.2773032338841154e-13,0.00019232423369327923,VILA PRUDENTE
1038796785,1065620339,0,157.27500000000003,0,4,26.302492606675116,0.03801117928619615,0.06688834865700323,3.9165325726889715e-13,0.0002084709730418755,VILA PRUDENTE
1040251632,1040251635,0,48.843,0,3,26.51478664976764,0.037706837899634325,0.0006412311638345624,4.0296219358463665e-12,0.00015886873032821508,VILA PRUDENTE
1040251635,1065620417,0,110.89,0,5,25.892479932403887,0.038613094024066895,0.0032690861386511236,1.411664822101606e-11,0.00024392848770618433,VILA PRUDENTE
1040251635,1040251640,0,67.537,0,5,26.291297000422475,0.03802736556245631,0.0026362868150081,4.472566708144189e-12,0.00025600126740326235,VILA PRUDENTE
1040251635,8773516836,0,77.994,0,5,26.2220109843684,0.038127844685221735,0.0013562923430047913,4.470962232642793e-12,0.0002496201079667935,VILA PRUDENTE
1040251640,1065620330,0,25.835,0,4,26.523869877482046,0.037693925010353284,0.020883611608052695,1.205423117901935e-12,0.00022630707255817757,VILA PRUDENTE
1040251640,1065620340,0,23.177,0,4,26.86586396282214,0.03721409307847747,0.018741718544763097,1.7722999995994942e-12,0.00022192684156904633,VILA PRUDENTE
1040251642,1040251643,0,43.498,0,4,25.28348119983101,0.039543160779333626,0.005695605222064851,6.75502828442756e-10,0.00020433964699020972,VILA PRUDENTE
1040251642,4556469565,0,41.542,0,4,25.647444021968738,0.03898200387102088,0.003324407236493169,1.698836023130827e-10,0.00020552322824443403,VILA PRUDENTE
1040251642,4556469563,0,44.283,0,4,26.04900718208703,0.03838106977196795,0.0020783457798948324,1.7046510448592006e-10,0.00020666123089691004,VILA PRUDENTE
1040251643,1065724329,0,167.644,0,4,24.848331220954794,0.04023565016322089,0.010310495317141047,1.3989354894890459e-09,0.0002015622571443854,VILA PRUDENTE
1041041046,1041041050,0,41.21,0,4,26.724968314321927,0.03741028802681084,0.06079644694593607,1.0206154485744982e-13,0.0001811784049542323,VILA PRUDENTE
1041041050,1041041311,0,32.691,0,6,26.621461765948457,0.03755574246584038,0.04663938726434292,1.283846078581855e-13,0.0002516971318245976,VILA PRUDENTE
1041041198,1265860655,0,153.717,0,5,24.93177017321504,0.04010099384039245,0.04068013279531338,5.148809484953003e-15,0.00022380785550554384,VILA PRUDENTE
1041041198,1041041230,0,24.506,0,5,25.29953527672159,0.03951806826531294,0.03239163388703103,1.4257683867944805e-15,0.0002199003150471993,VILA PRUDENTE
1041041198,1265860403,0,125.607,0,4,25.554288128432614,0.03912410931274489,0.013804567630659076,1.2688739994465034e-15,0.0001871103064445821,VILA PRUDENTE
1041041228,1041041230,0,8.745,0,5,25.895648500211237,0.03860836936128559,0.0414498981084092,8.029417706628659e-16,0.00022105644967697238,VILA PRUDENTE
1041041228,2390902651,0,113.896,0,4,25.708069286016055,0.038890075758820725,0.0041817814257254626,5.014185723010073e-16,0.00018464838107859184,VILA PRUDENTE
1041041228,4525250637,0,159.518,0,4,25.4070553443177,0.039350831829859406,0.04576782290503219,1.6572891960037676e-15,0.00018731220132773855,VILA PRUDENTE
1041041230,2390902652,0,112.229,0,6,25.623151668779045,0.03901896125309151,0.03741330885768925,5.680987778509638e-16,0.00025220643732503983,VILA PRUDENTE
1041132908,1041132927,0,49.641000000000005,0,4,25.291085762568652,0.039531270880662835,0.024907450271165924,8.513057899028544e-14,0.0001994993785801225,VILA PRUDENTE
1041132908,1041133022,0,38.722,0,4,25.606886354034643,0.039043745823812315,0.00020421505634628622,1.454161296528095e-13,0.00020260673208022175,VILA PRUDENTE
1041132908,8769927204,0,215.91400000000002,0,4,25.35487959442332,0.039431808714488044,0.024985804688555588,2.9443245504937036e-13,0.0001963115513420653,VILA PRUDENTE
1041132927,1041132940,0,130.557,0,5,25.19792986903253,0.03967741665059898,0.024846576498075795,2.3870925719506474e-14,0.0002369199698788733,VILA PRUDENTE
1041132940,1041133178,0,9.578,0,5,25.318124207858048,0.03948905353090375,0.02424092358675675,1.0602051848276882e-14,0.00023547877600274948,VILA PRUDENTE
1041132940,4560347998,0,8.545,0,5,25.097591888466415,0.039836043497289836,0.042572772436355544,9.010594951908186e-15,0.00023432276378017411,VILA PRUDENTE
1041132940,8710625496,0,11.987,0,5,25.47570764681031,0.03924478864363775,0.006592876411227838,8.483869020310524e-15,0.00023826015762434715,VILA PRUDENTE
1041132950,1041133072,0,16.761,0,5,24.96958174904943,0.040040268683484766,0.04436464130437689,7.016872966035891e-15,0.0002261146176607166,VILA PRUDENTE
1041132950,1265860750,0,83.199,0,5,24.641951837769327,0.04057262869144057,0.028379106229052792,8.584214349172714e-15,0.000222424937206872,VILA PRUDENTE
1041132950,2393008625,0,15.771,0,5,24.825728770595692,0.04027228249308658,0.029821567865722327,8.918119744336413e-15,0.00022311036372937818,VILA PRUDENTE
1041133022,1041147898,0,7.631,0,4,25.840304182509506,0.03869106010071284,0.027505485323353875,9.881954157224352e-14,0.00020625384522570436,VILA PRUDENTE
1041133052,2534716159,0,171.334,0,4,25.593367131389947,0.03906436996013503,0.0009990702353779037,1.1786372490219853e-15,0.00020662032349422937,VILA PRUDENTE
1041133052,1041133072,0,214.743,0,4,25.344528939585974,0.03944791258615948,0.024617065921154892,2.2374900557144267e-15,0.000197878689820178,VILA PRUDENTE
1041133052,8710625494,0,56.004000000000005,0,4,25.72412336290663,0.038865804989406956,0.024009562118086483,1.66032256417683e-15,0.00020276681948939207,VILA PRUDENTE
1041133072,4525250637,0,99.091,0,4,25.34558512885509,0.03944626873135199,0.06661215447707064,2.8274321646145396e-15,0.00019027437565162256,VILA PRUDENTE
1041133147,8792736906,0,283.911,0,5,26.748415716096325,0.03737749453118213,0.030402542220383213,9.87503773939819e-17,0.00022761163872993525,VILA PRUDENTE
1041133148,8792736907,0,284.816,0,4,26.786649767638362,0.037324143587155384,0.0036997269523360416,-1.1678205261913796e-17,0.00019328859621140537,VILA PRUDENTE
1041133155,1041133158,0,8.496,0,5,26.382340515420363,0.03789613592326293,0.004858796496714359,2.5943157552826872e-17,0.00021673457489292927,VILA PRUDENTE
1041133155,2390902652,0,144.16500000000002,0,6,25.86227291930714,0.038658193936225826,0.029739306010195123,1.4735444905448843e-16,0.000249395060177364,VILA PRUDENTE
1041133158,1041133163,0,36.96,0,5,26.1886354034643,0.038176435951829776,0.008855900056781246,2.5694659821469965e-17,0.00022779120494695654,VILA PRUDENTE
1041133158,2390902651,0,144.712,1,4,25.952049007182087,0.03852446340053884,0.004085123745480997,1.5366597364158347e-16,0.00018309596221502528,VILA PRUDENTE
1041133161,1041133163,0,8.15,0,5,26.643641740599914,0.03752447851836583,0.0014253923016476432,2.564795783325051e-17,0.00022943897493947946,VILA PRUDENTE
1041133163,8792811076,0,113.877,0,5,26.42437684833122,0.037835850127505136,0.0037527858491510887,-1.1913737900329367e-17,0.00023443382592078119,VILA PRUDENTE
1041133163,2534716181,0,130.036,0,5,26.507393324883818,0.03771735492405527,0.006486552962958927,8.231124322734923e-17,0.00024518646738435344,VILA PRUDENTE
1041133178,1265860792,0,144.838,0,4,25.44359949302915,0.03929431299294313,0.0009217440911823312,9.071247483505914e-15,0.0001934565386339098,VILA PRUDENTE
1041147898,2515860927,0,45.279,0,4,25.94275454161386,0.038538265493066694,0.006256836731399207,3.5873012514443046e-14,0.00020763525861383316,VILA PRUDENTE
1041147898,3775628989,0,36.603,0,4,26.089564850021123,0.03832140428150403,0.021372452684523112,3.0303707351262566e-14,0.00020799268453532393,VILA PRUDENTE
1041182125,2393432891,0,57.333999999999996,0,4,25.54773975496409,0.03913413756893743,0.02455619214806476,1.2332952468435368e-12,0.0001916729016393964,VILA PRUDENTE
1041182125,7953937694,0,109.49000000000001,0,4,25.426489226869457,0.03932075534398392,0.03222073488217326,3.776622827258465e-12,0.00019470773685218175,VILA PRUDENTE
1041182125,2393432912,0,30.709000000000003,0,4,25.976763836079424,0.03848781043147332,0.007840994414214356,1.468386327245514e-12,0.00018851232958904613,VILA PRUDENTE
1041182127,2515860952,0,33.05,0,4,26.413392479932405,0.037851584680224884,0.020104386181571246,3.5497620416514147e-12,0.00018545134206235335,VILA PRUDENTE
1041182127,2515860951,0,20.551000000000002,0,5,26.56147021546261,0.03764056560258307,0.00032184950975018924,2.296850652514052e-12,0.0002196596176860331,VILA PRUDENTE
1041285610,1041285689,0,20.664,0,4,25.739754964089563,0.03884220201555986,0.017049386521929673,7.460841891923771e-10,0.0001859062188763551,VILA PRUDENTE
1041285610,12729039328,0,43.825,0,4,25.604351499788763,0.03904761119040351,0.03561629862369746,5.948789942666571e-10,0.00018614025527634537,VILA PRUDENTE
1041285621,4559433909,0,102.00200000000001,0,5,25.635614702154626,0.03899999175998484,0.04484299399426758,1.2820370975252706e-09,0.0002189934050019326,VILA PRUDENTE
1041285621,1041285689,0,29.467000000000002,0,5,25.84980988593156,0.03867683230778031,0.0032030709995905416,1.0410388097992104e-09,0.00022190785419851515,VILA PRUDENTE
1041285621,5502227040,0,27.804000000000002,0,5,25.627376425855513,0.0390125288493241,0.0017951593422424294,1.0007618520478003e-09,0.0002227134137686443,VILA PRUDENTE
1041285689,5502227040,0,42.135,0,4,26.080270384452895,0.03833506123242403,0.013743488202930127,5.702263531068105e-10,0.00018733095374234455,VILA PRUDENTE
1041285723,1041285745,0,29.939999999999998,0,5,25.577946768060837,0.03908792098178154,0.022100264451300058,2.197691319590849e-11,0.00022445726476990273,VILA PRUDENTE
1041285723,1041285729,0,23.62,0,4,25.700675961132234,0.03890126328421018,0.0005562957980027233,3.565888074949147e-11,0.00018592989683557424,VILA PRUDENTE
1041285723,7953937694,0,79.04599999999999,0,4,25.439585973806505,0.039300512326560434,0.022337384249857224,1.194811264224369e-11,0.00019196200399026277,VILA PRUDENTE
1041285729,7291571396,0,171.94000000000003,0,5,25.585762568652303,0.03907598061474699,0.01630697327579665,1.3052306899224432e-10,0.00022207277394348045,VILA PRUDENTE
1041285729,1041285745,0,23.555,0,5,25.681875792141952,0.03892974057806511,0.015909442858961433,3.961506813170809e-11,0.00022171175604520483,VILA PRUDENTE
1041285743,2549366709,0,288.904,0,6,25.412336290663287,0.03934265431996143,0.04110213611416794,1.4315184588759972e-11,0.0002620798000787045,VILA PRUDENTE
1041285743,7953937699,0,32.723,0,5,25.320447824250106,0.039485429684567065,0.00020195285531928809,1.168939563203679e-11,0.00022438640951099107,VILA PRUDENTE
1041285743,1041285745,0,23.561,0,6,25.494296577946766,0.039216173668075234,0.022448232100180134,2.1552813367002322e-11,0.00025903912453368824,VILA PRUDENTE
1041285745,1041285825,0,34.47,0,5,25.38762146176595,0.03938095436202521,0.01540270982891385,1.6991284386013112e-11,0.00022527908419177784,VILA PRUDENTE
1041285798,2489402943,0,13.729,0,4,25.84305027460921,0.0386869487743275,9.830291735500989e-05,2.3893096171222673e-12,0.00019940892501247397,VILA PRUDENTE
1041285798,7953937698,0,7.569999999999999,0,4,25.92289818335446,0.03856778493957741,0.02339013034596663,1.0881031890282095e-12,0.00020508157361727832,VILA PRUDENTE
1041285798,2549366707,0,241.424,0,4,25.510139416983524,0.039191818821678465,0.02341686544901297,2.86537115796385e-12,0.0001970246053213829,VILA PRUDENTE
1041285825,7953937694,0,136.709,0,4,25.431347697507395,0.0393132434048774,0.010035946374319,6.962480348544421e-12,0.00019271547502909306,VILA PRUDENTE
1041285825,7953937699,0,2.285,0,4,25.379383185466835,0.039393737619229936,0.025281947368453524,7.127870395611699e-12,0.00018950114953807914,VILA PRUDENTE
1046116359,1046116392,0,32.183,0,4,28.662653147444022,0.034881235767085024,0.017116635588823165,8.580329631959637e-15,0.00020888643508278277,VILA PRUDENTE
1046259428,1046259614,0,65.51,0,5,31.21884241656105,0.03202517085053116,0.05126599967383175,1.4090524200959624e-14,0.00021009969419442904,VILA PRUDENTE
1046259428,1046259671,0,31.668,0,5,31.217997465145753,0.032026037649033064,0.02081183813910521,1.9849173864243664e-14,0.0002066524771620925,VILA PRUDENTE
1046259446,1046259671,0,28.725,0,5,30.9702154626109,0.032282266920395875,0.0033998824889393793,2.0080464308523765e-14,0.00020842966472723717,VILA PRUDENTE
1046259494,1046259671,0,80.742,0,6,30.840515420363328,0.032418030260481234,0.0272237384681732,3.869610012568188e-14,0.00025128233848494507,VILA PRUDENTE
1046259494,1046259501,0,38.692,0,5,30.8177017321504,0.03244202863781864,0.0008767057252811864,3.498416240675335e-14,0.0002254502487237045,VILA PRUDENTE
1046259501,1046259504,0,275.328,0,4,31.52239121250528,0.03171678047538314,0.00038724768489431716,2.0056872092589053e-14,0.0001903878299127748,VILA PRUDENTE
1046259504,1046259546,0,299.903,0,4,31.2581326573722,0.031984916472941556,0.00018282697390921293,4.330884249153654e-14,0.00019739620096983292,VILA PRUDENTE
1046259504,1046259614,0,405.21999999999997,0,5,31.1822982678496,0.03206270280523246,7.115650503103226e-05,1.801507280577083e-14,0.00022117718857858577,VILA PRUDENTE
1046259546,1271670327,0,214.83199999999997,0,4,31.34621884241656,0.031895035480110245,0.0037702664934506198,1.654294511305042e-13,0.000204703048661384,VILA PRUDENTE
1046259546,1046259647,0,21.609,0,4,31.70912547528517,0.03153000113249529,0.004510417538556646,4.439069395669891e-14,0.00020590571865597895,VILA PRUDENTE
1046259600,1065445266,0,77.535,0,5,31.10836501901141,0.032138904167260826,0.0011127972506442647,1.0566415470155538e-14,0.00020379246076512167,VILA PRUDENTE
1046259600,1046259614,0,182.83599999999998,0,6,30.77355302070131,0.032488570997103276,0.02034006639765669,1.5145681187290667e-14,0.0002421638840111539,VILA PRUDENTE
1046259614,1065445379,0,52.092,0,5,30.95099281791297,0.032302316375697845,0.032985770138576266,1.0503087169878368e-14,0.000217415893972326,VILA PRUDENTE
1046259647,1046259663,0,21.658,0,4,32.20152091254753,0.031047873945500584,0.003971396730214636,1.905738548736982e-14,0.00020657984228785324,VILA PRUDENTE
1046259647,1046259649,0,24.567999999999998,0,4,31.797845373891,0.03144202855225834,0.0011473472299656908,2.6222920086832118e-14,0.0002083276363633634,VILA PRUDENTE
1046259649,1046259663,0,18.65,0,4,31.842205323193916,0.031398226096417035,0.023440515732477043,2.2046535530833648e-14,0.0002070586437978234,VILA PRUDENTE
1046259649,1271670652,0,18.106,0,4,31.139205745669624,0.03210707332460502,0.024902925869111928,6.45070303658382e-14,0.0002087435700948443,VILA PRUDENTE
1046763842,1046763994,0,169.406,0,5,30.316223067173638,0.032978671516266364,0.001702203445496688,1.6678651117923233e-14,0.00021475256549992734,VILA PRUDENTE
1046764034,7949907253,0,6.974,0,4,29.364596535699196,0.034047420366587054,0.02763401947261513,1.7083098801306842e-14,0.0002158621825243069,VILA PRUDENTE
1065444955,1065518402,0,193.021,0,5,27.958597380650613,0.035759617999939555,0.002619011825347387,6.623897577462765e-12,0.00023168336124679875,VILA PRUDENTE
1065445026,2453057240,0,314.68699999999995,0,4,27.254752851711025,0.03668309771825397,0.016265019729477775,7.547506801377314e-13,0.000208019553697814,VILA PRUDENTE
1065445026,1065518585,0,285.974,0,4,27.600760456273765,0.03622323246238386,3.413867004379004e-05,8.435270296698499e-13,0.00020906700784656547,VILA PRUDENTE
1065445077,1065620472,0,10.397,0,7,27.48077735530207,0.036381385767214475,0.025768320589258126,3.160665591365192e-11,0.00027614862330621365,VILA PRUDENTE
1065445077,1065518445,0,11.576,0,5,27.824250105618926,0.03593228059520194,0.009133122509907927,1.810774693310676e-11,0.0002109589585475682,VILA PRUDENTE
1065445077,1065518402,0,164.029,0,6,27.875580904098015,0.035866113986496216,0.027416231210106858,1.615503382115607e-11,0.0002558887054084881,VILA PRUDENTE
1065445077,1065620366,0,8.36,0,5,27.732784114913393,0.03605078949172424,0.011280362593806794,1.941993510357186e-11,0.00021114423425595334,VILA PRUDENTE
1065445105,1065445144,0,54.95100000000001,0,4,29.027038445289396,0.034443360938477885,0.0032857441643953825,3.389433759174541e-13,0.00019423861814359808,VILA PRUDENTE
1065445112,1065445115,0,73.614,0,4,29.358259400084496,0.034054769682404916,0.000652747823608371,1.4848511003472025e-12,0.0002088680611320688,VILA PRUDENTE
1065445112,1271670479,0,101.963,0,4,29.23891001267427,0.03419377677597405,0.0006293031947831177,1.0536336479239785e-12,0.000204928312281156,VILA PRUDENTE
1065445112,1271670547,0,45.457,0,2,29.82382762991128,0.03352315385378154,0.0006412311638345624,4.435825920234966e-13,0.00011962230723661096,VILA PRUDENTE
1065445115,1271670476,0,10.153,0,4,29.380439374735953,0.03402906094746454,0.006453236911470408,4.0606651326007295e-12,0.00019799725800065892,VILA PRUDENTE
1065445144,1065445205,0,72.214,0,4,28.539923954372625,0.03503123427184179,0.0032875950561447446,2.964571409130047e-13,0.00019106630430512877,VILA PRUDENTE
1065445177,1065445180,0,91.24000000000001,0,4,31.596535699197297,0.03164235382208613,0.0033610137622027752,4.691219701406789e-15,0.0001857224644346282,VILA PRUDENTE
1065445192,1065620358,0,40.882999999999996,0,4,27.621039290240812,0.036196638064210224,0.040403115996825514,2.938770177087525e-11,0.00018766381715343232,VILA PRUDENTE
1065445192,1265860679,0,63.974999999999994,0,4,27.406632868610053,0.03647981008609328,0.02788450682269547,7.11236045783029e-11,0.00018871948838123309,VILA PRUDENTE
1065445266,7950538218,0,164.367,0,4,31.342205323193916,0.03189911979187728,0.0006190204628422171,4.97717946977035e-15,0.00017608497642059725,VILA PRUDENTE
1065445273,1065445281,0,14.650000000000002,0,6,31.491128010139416,0.03174826769699287,0.00010447255651955025,1.2718329922030445e-14,0.000249503183711667,VILA PRUDENTE
1065445273,1065445373,0,20.431,0,5,31.90747782002535,0.03133399536577292,0.0021813787539426564,6.869795995780419e-15,0.00021613961807678182,VILA PRUDENTE
1065445273,1065445344,0,28.241999999999997,0,6,31.74630333755809,0.031493076580143324,0.0015950573786725035,1.0456405599183407e-14,0.0002468360069621593,VILA PRUDENTE
1065445273,7950538218,0,20.021,0,5,31.524081115335868,0.03171508024257044,0.0001120817781558167,6.853583103514389e-15,0.00021472388669446324,VILA PRUDENTE
1065445281,7950538224,0,22.618,0,5,31.527672158850866,0.031711467853027094,0.00014128473686797445,1.8944573384491117e-14,0.00021807753843996414,VILA PRUDENTE
1065445281,7950538233,0,32.9,0,5,31.57372201098437,0.031665217100421486,0.004187539755612367,1.2594025126457266e-14,0.00021793059462007336,VILA PRUDENTE
1065445319,1271670627,0,106.904,0,4,30.796155471060413,0.03246472641968873,0.026553510000265294,5.759823223824146e-13,0.00020017932864908346,VILA PRUDENTE
1065445319,1065445585,0,56.388,0,4,31.160118293198142,0.03208552524540376,0.0009548544880320311,1.4405952044783735e-13,0.0001995064249441642,VILA PRUDENTE
1065445319,5827758550,0,85.667,0,5,30.927122940430927,0.03232724764187994,0.02581952859432381,1.5238113824349913e-13,0.0002392279343010713,VILA PRUDENTE
1065445373,1065445379,0,12.395,0,4,31.524081115335868,0.03171508024257044,0.003554534777330525,5.1083809873410585e-15,0.00018324326802955884,VILA PRUDENTE
1065445373,7950538218,0,25.295,0,4,31.897127165188003,0.03134416328368686,0.0008549063335664772,4.159086733265477e-15,0.00018143783654797345,VILA PRUDENTE
1065445379,7950538233,0,9.019,0,4,31.1326573722011,0.03211382665454397,0.028990311815619924,7.670776652870364e-15,0.00018394339091048332,VILA PRUDENTE
1065445881,5827758550,0,22.2,0,5,31.28474862695395,0.031957704825053,0.002739936752972378,5.625579996329614e-14,0.00023402779528263729,VILA PRUDENTE
1065518399,4556519481,0,9.636,0,4,28.45648500211238,0.03513395143750046,0.0011755219154837584,1.9873032804026862e-12,0.0002132356625964572,VILA PRUDENTE
1065518399,1065518585,0,146.303,0,4,27.996620194338824,0.03571105209150721,0.0005484809217276388,1.0589374202602503e-12,0.00020993460122045962,VILA PRUDENTE
1065518402,4556519696,0,83.352,0,5,28.327207435572454,0.03529429310743395,0.024911563363942284,1.0306532332352797e-11,0.00022959027117933436,VILA PRUDENTE
1065518402,4556519481,0,84.593,0,5,28.256442754541613,0.03538268319303859,0.0003541372880446172,6.3844170196531274e-12,0.00024279050454163246,VILA PRUDENTE
1065518409,4556519481,0,152.605,0,2,28.937262357414447,0.03455021936067859,0.0006412311638345624,1.4628950265301403e-12,0.0001182414242212977,VILA PRUDENTE
1065518415,1065620453,0,132.659,0,4,26.59991550485847,0.037586163082494205,0.0009797386993290107,2.3480701050951936e-12,0.00019616849480861504,VILA PRUDENTE
1065518415,2453057240,0,268.567,0,4,26.695606252640474,0.037451434992126734,0.02345532286647194,8.858434494585167e-13,0.00020466419929322997,VILA PRUDENTE
1065518431,1065620453,0,111.10499999999999,0,4,26.711237853823405,0.03742951815327676,0.0003274021849982756,5.377258190814465e-12,0.0001886573754230108,VILA PRUDENTE
1065518431,1065620349,0,99.237,0,5,26.395648500211237,0.037877029698216186,0.05015752117060266,1.2464092627156655e-11,0.00022250888591063771,VILA PRUDENTE
1065518431,1065518438,0,97.387,0,4,27.040135192226447,0.03697425160927442,0.050214693160194064,1.0413375319543965e-11,0.00018343516670988404,VILA PRUDENTE
1065518438,1065620472,0,24.609,0,6,27.355724545838616,0.03654769810504857,0.04864122951859745,2.7317244640073645e-11,0.00024573937308626915,VILA PRUDENTE
1065518438,2435968776,0,6.886,0,4,27.206379383185467,0.036748320975193136,0.003294381659225739,1.4433340883863647e-11,0.00018532995724439763,VILA PRUDENTE
1065518445,1065620472,0,11.552,0,6,27.648500211237852,0.03616068699957215,0.010320983703720766,2.762622081051409e-11,0.00024341841547410908,VILA PRUDENTE
1065518485,1065620477,0,54.245,0,4,26.889311364596537,0.03718164249689695,0.023516607948839707,1.442352186715511e-10,0.00019013013192432305,VILA PRUDENTE
1065518485,1265860507,0,210.90300000000002,0,4,26.37346852555978,0.03790888411879666,0.0005104348135463065,3.8442207868213555e-10,0.00019378997425430514,VILA PRUDENTE
1065620322,1065620340,0,108.472,0,2,27.66307562315167,0.03614163427690005,0.0006412311638345624,9.276917470220844e-13,0.00012376561858684,VILA PRUDENTE
1065620327,1065620330,0,109.304,0,2,26.967891846218844,0.037073300643867595,0.0006412311638345624,2.7649342593237263e-13,0.00012814584957597123,VILA PRUDENTE
1065620330,1065620339,0,29.257,0,4,26.350232361639204,0.03794231293389556,0.021538827287326884,3.7689607397070807e-13,0.00022604050451289408,VILA PRUDENTE
1065620340,1065620342,0,67.546,0,4,26.903464300802703,0.03716208258415057,0.018011644576959154,3.536508635815725e-12,0.00021074390622337623,VILA PRUDENTE
1065620342,1065620425,0,43.552,0,5,26.40452049007182,0.03786430291442332,0.01797092495847319,1.0981143724557525e-11,0.00023033204211221427,VILA PRUDENTE
1065620342,1065620347,0,99.61500000000001,0,5,26.510773130544994,0.03771254641360297,0.0012396861627949783,6.557084240973368e-12,0.00022999762143442916,VILA PRUDENTE
1065620347,1065620349,0,83.797,0,6,26.120405576679342,0.03827615766574474,0.036017325169392586,1.2633536947215803e-11,0.00026130886773695653,VILA PRUDENTE
1065620347,1065620453,0,94.831,0,5,26.42184199408534,0.03783948001694902,0.0011734653690955782,5.546705283869164e-12,0.00022845472698726268,VILA PRUDENTE
1065620349,1065620351,0,91.66,0,5,26.212505280946345,0.03814167136755581,0.0002615927005765117,2.5845794780923146e-11,0.00022558292927448746,VILA PRUDENTE
1065620349,1065620425,0,114.102,0,6,26.26130122517955,0.03807080058879835,0.014750578969221932,1.7057605412455263e-11,0.00026163873898031636,VILA PRUDENTE
1065620351,2435968776,0,138.966,0,4,26.60836501901141,0.0375742275570798,0.0006138790968717667,2.4719041789026518e-11,0.00019085923767659895,VILA PRUDENTE
1065620351,1265860798,0,134.771,0,4,26.12758766370934,0.03826563611668068,0.0006879147668462512,8.103206043714311e-11,0.00019668851359710458,VILA PRUDENTE
1065620358,1065620366,0,24.262,0,4,28.069286016054075,0.03561860325105358,0.008980526767904961,1.82343934235981e-11,0.00018044057652513685,VILA PRUDENTE
1065620358,1065620469,0,18.36,0,5,27.50190114068441,0.0363534417868719,0.03172366762015012,2.8511912043806544e-11,0.00021696791400307937,VILA PRUDENTE
1065620366,1065620469,0,13.238,0,5,27.493029150823826,0.036365173028459034,0.002241841217755152,2.7029210349841525e-11,0.00021324318374405546,VILA PRUDENTE
1065620389,8773449039,0,14.009000000000002,0,4,26.93303760033798,0.03712127748017663,0.0008423614005985784,3.2253594150858995e-11,0.00020439594096733244,VILA PRUDENTE
1065620389,4556469563,0,245.348,0,4,26.378749471905365,0.03790129487415617,0.0017606093629210034,5.2859648807295503e-11,0.00020596769784959665,VILA PRUDENTE
1065620389,8773449048,0,9.809999999999999,0,4,26.65694972539079,0.03750574512258903,0.0010905865496519192,2.2513436285968417e-11,0.0002010745342382567,VILA PRUDENTE
1065620417,4556469565,0,208.765,0,4,25.768694550063373,0.038798580199854084,0.0030860535101030926,4.895045510731453e-11,0.00019934850031639198,VILA PRUDENTE
1065620417,1065620425,0,164.618,0,5,25.966201943388256,0.03850346555595327,0.00014642610283842477,1.886101768947722e-11,0.0002303884292503635,VILA PRUDENTE
1065620425,8773449048,0,108.62,0,5,26.57203210815378,0.03762560417196642,0.0031471329378320425,1.6829138443800912e-11,0.0002319858328706692,VILA PRUDENTE
1065620469,1065620472,0,22.143,0,7,27.176594845796366,0.036788595768495344,0.021032299911918118,3.9215923477455564e-11,0.00027848662187471003,VILA PRUDENTE
1065620469,1065620477,0,20.711,0,5,27.167722855935782,0.03680060958541971,0.013118709410201006,4.9296051140089036e-11,0.0002179606034003785,VILA PRUDENTE
1065620472,1065620476,0,16.71,0,6,27.268694550063373,0.03666434270663878,0.008665463861235767,3.3031005861143924e-11,0.0002459036614218543,VILA PRUDENTE
1065620476,1065620477,0,22.5,0,4,27.01309674693705,0.03701126055677197,0.01068375848659574,4.311112599847596e-11,0.00018342406867070097,VILA PRUDENTE
1065620476,2435968776,0,20.349999999999998,0,4,27.24059991550486,0.03670215653279776,0.002307856356815734,2.014710325510397e-11,0.00018548102395280074,VILA PRUDENTE
1065724329,1265860689,0,75.976,0,4,24.583861427967893,0.04066849974222375,0.03472190659947793,4.0521627800504164e-09,0.0002022254451295647,VILA PRUDENTE
1065757897,1065757902,0,87.057,0,5,27.231727925644275,0.03671411395105302,0.003995663977595161,1.595442987236406e-09,0.00022063544220642583,VILA PRUDENTE
1065757897,1065818143,0,17.487,0,4,28.194127587663708,0.035460886634549826,0.0005978380350439618,4.367638728883542e-10,0.00019799181026691046,VILA PRUDENTE
1065757897,4559126681,0,18.311999999999998,0,4,28.195606252640474,0.03545902695575301,0.0032649730458747636,4.233728702496438e-10,0.00019821655683191158,VILA PRUDENTE
1065757902,1271670377,0,59.289,0,5,27.059780312632025,0.03694740868533423,0.015417105653631111,2.08958561670265e-09,0.00021287429160336238,VILA PRUDENTE
1065757902,1271670496,0,100.446,0,6,27.06083650190114,0.03694596662139166,0.014034695171496431,2.1903882861517713e-09,0.00024047174077997365,VILA PRUDENTE
1065757912,3901798728,0,14.96,0,4,26.225602027883397,0.03812262388040467,0.011020826439618462,5.2915838323087036e-08,0.00021903305785804584,VILA PRUDENTE
1065757989,1065758002,0,117.495,0,4,26.554921841994084,0.0376498476664731,0.00024699122122043277,1.5713814833420696e-08,0.0001943125137221181,VILA PRUDENTE
1065818090,4556519777,0,9.508,0,4,29.493662864385296,0.0338984264770131,0.0051857873724349985,1.0609188267948808e-10,0.00020130283636717283,VILA PRUDENTE
1065818090,4559126681,0,4.837,0,4,28.920363329108575,0.034570408081280264,0.003308366174665364,1.664107818986931e-10,0.0002036607027971374,VILA PRUDENTE
1065818090,4559126678,0,19.37,0,4,29.51119560625264,0.033878287260389675,0.0020978829705825437,1.9865067663021302e-10,0.00020296524445739388,VILA PRUDENTE
1065818143,4559126678,0,4.853,0,4,28.770173215040135,0.03475087739908075,0.0005437508650348245,2.5643377349409244e-10,0.00020221400413958344,VILA PRUDENTE
1065818143,4559126681,0,9.706,0,4,29.012885509083226,0.034460162944949656,0.00026508882943641784,2.2419388052786952e-10,0.00020290946247932695,VILA PRUDENTE
1065818169,1271670541,0,57.898,0,5,28.208280523869877,0.035443094849406165,0.002038860089241774,1.7411970476561563e-09,0.00022372222281447408,VILA PRUDENTE
1065818169,1271670330,0,149.35399999999998,0,5,28.06210392902408,0.03562771931409301,0.0033910393394702048,1.6014554993032643e-09,0.00022116175412827664,VILA PRUDENTE
1065818169,1271670300,0,45.699,0,5,27.747993240388677,0.036031029468860144,0.002786414701345249,3.113987337198495e-09,0.00022391441069694067,VILA PRUDENTE
1065818214,1271670300,0,101.43,0,4,27.57393324883819,0.03625847473857586,0.000250281695441521,7.617237711281441e-09,0.00018780987624028765,VILA PRUDENTE
1065818214,3265433415,0,107.493,0,5,27.085128855090833,0.036912830191622274,0.047725655066579664,2.8894757907860074e-08,0.0002219791291175486,VILA PRUDENTE
1265860352,8753594396,0,31.068,0,3,25.337135614702156,0.039459423407199906,0.0026648728098038034,6.567802102748427e-14,0.0001615944736242452,VILA PRUDENTE
1265860359,1265860780,0,61.29999999999999,0,4,28.400718208703,0.03520293940453258,0.0023619435268248715,-9.705664305944285e-18,0.0001871294849004885,VILA PRUDENTE
1265860376,1265860705,0,330.418,0,6,24.413392479932405,0.0409524715980376,0.0010091473126799865,3.634956374774793e-08,0.00023755020542209652,VILA PRUDENTE
1265860376,1265860451,0,135.31,0,6,24.486269539501478,0.040830587139184596,0.0006922335142614294,3.763915054783795e-08,0.0002419677070672746,VILA PRUDENTE
1265860376,1265860626,0,70.23700000000001,0,6,24.50126742712294,0.040805593633879075,0.02839884907437932,3.3290984942981165e-08,0.00023715133820191315,VILA PRUDENTE
1265860397,1271670609,0,7.232,0,4,25.701309674693704,0.0389003041012575,0.010478515157055363,1.987206458044304e-09,0.000194233970476438,VILA PRUDENTE
1265860403,1265860763,0,119.141,0,4,26.41381495564005,0.03785097926313348,0.005457457150313593,3.3268421600330652e-16,0.00019680800167175416,VILA PRUDENTE
1265860403,1265860708,0,59.904,0,5,26.26320236586396,0.03806804471969758,0.008263614696985371,3.2852661165623206e-16,0.00022679500218883994,VILA PRUDENTE
1265860409,1265860432,0,109.442,0,5,26.539923954372625,0.03767112384590895,0.004526664255023269,4.923203419297173e-10,0.000219782006066726,VILA PRUDENTE
1265860409,1271670609,0,131.30599999999998,0,4,26.310308407266582,0.037999887598050626,0.005576942495466858,7.476348847641995e-10,0.00019112486873302617,VILA PRUDENTE
1265860432,1265860630,0,48.752,0,5,27.24757076468103,0.036692766881153575,0.002437830088548718,2.7178032946317316e-10,0.00022086802110300716,VILA PRUDENTE
1265860432,1271670503,0,76.137,0,5,27.104140261934937,0.03688693876596706,0.003321116762272081,2.80488778139612e-10,0.00021599705726601146,VILA PRUDENTE
1265860434,1265860606,0,309.08,0,4,27.917194761301225,0.035812651331719125,6.786603080994406e-06,1.3429385538374132e-16,0.00021569716155581917,VILA PRUDENTE
1265860434,1265860639,0,29.866,0,4,27.516265314744402,0.03633446438715819,0.0023631774546577795,2.8146977347202485e-16,0.00021907864832904355,VILA PRUDENTE
1265860434,1265860691,0,53.989,0,3,28.064005069708493,0.035625305784501904,0.002041739254185226,8.738490199983781e-17,0.00017813079629210897,VILA PRUDENTE
1265860440,4562765805,0,23.064,0,4,28.843895226024504,0.034662057753008124,0.00624614269018067,3.930131334780885e-13,0.0001831183221035731,VILA PRUDENTE
1265860450,1265860798,0,92.992,0,4,25.973595268272074,0.03849250563195862,0.0018803003627130865,3.3084392732904445e-10,0.00020036139243014407,VILA PRUDENTE
1265860450,1265860507,0,12.783,0,4,26.189057879171948,0.03817582009856508,0.002073204413924382,5.37681795495649e-10,0.00019613500355752082,VILA PRUDENTE
1265860450,1265860773,0,171.989,0,4,25.55513307984791,0.0391228157185604,0.0012281695030211695,1.1922789307896429e-09,0.0001953203357329867,VILA PRUDENTE
1265860451,1265860544,0,71.394,0,6,24.858470637938318,0.04021923861318831,0.0007298683131651257,2.3344702212748725e-08,0.00025282567919016947,VILA PRUDENTE
1265860451,1265860579,0,123.986,0,3,25.12589776087875,0.039791165739074874,0.0006412311638345624,1.7498810850512495e-08,0.00013709709687221352,VILA PRUDENTE
1265860452,1925380195,0,80.388,0,4,26.75496408956485,0.0373683462552701,8.3701437998931e-05,1.6924399005307024e-15,0.00020720449968229893,VILA PRUDENTE
1265860452,1265860639,0,77.936,0,4,26.72581326573722,0.03740910527979766,0.002691402258211327,1.0775188144870184e-15,0.00021044107053674028,VILA PRUDENTE
1265860452,1925380359,0,31.997,0,4,25.806294888043936,0.0387420498170537,0.0030284702112340495,3.787348387488961e-15,0.00020220680683516454,VILA PRUDENTE
1265860481,1265860758,0,21.804,0,4,24.935572454583863,0.040094879071540517,0.047462211474253786,6.927653004666015e-09,0.00018352849860100914,VILA PRUDENTE
1265860481,1265860626,0,236.31600000000003,0,5,24.74250105618927,0.040407748589186464,0.0013264724203761794,1.6433868225176808e-08,0.00020889188297165792,VILA PRUDENTE
1265860481,1265860705,0,105.811,0,5,24.725602027883397,0.04043536578072806,0.047280412773538665,1.9492447029200988e-08,0.00020929070694969225,VILA PRUDENTE
1265860510,1265860601,0,153.76399999999998,0,4,27.580904098014365,0.03624931070400098,0.043766597614694105,5.400804007501432e-17,0.00022505055833286572,VILA PRUDENTE
1265860513,1265860639,0,301.422,0,4,27.60667511618082,0.036215471726987525,7.814876275084468e-06,2.832917062106953e-16,0.0002134335694323448,VILA PRUDENTE
1265860522,1265860549,0,194.272,0,4,26.96704689480355,0.037074462251883884,0.0006885317307627052,9.93247942229448e-16,0.00020652793045934374,VILA PRUDENTE
1265860522,4525344098,0,56.21,0,4,27.915716096324463,0.03581454828872595,0.001838141161755394,2.9485207709911945e-16,0.00023159255559621224,VILA PRUDENTE
1265860544,1265860777,0,123.137,0,3,25.466835656949726,0.0392584605175846,0.0006412311638345624,9.318439851787177e-09,0.0001400780946888444,VILA PRUDENTE
1265860544,1265860626,0,136.603,0,6,24.826573722010984,0.040270911860051564,0.0003884816127272253,1.8996536606582034e-08,0.000248009310324808,VILA PRUDENTE
1265860547,8710625467,0,149.881,0,4,26.607731305449935,0.03757512245853875,0.00029634833453675576,2.4593594623264113e-14,0.00019710287947096334,VILA PRUDENTE
1265860547,1265860670,0,67.495,0,4,26.230038022813687,0.03811617662454801,0.006727374545014818,2.2744015000837208e-14,0.0001958571919087793,VILA PRUDENTE
1265860547,1265860744,0,79.619,0,4,26.71968736797634,0.03741768189041118,0.0066975546223862065,2.3071084259058406e-14,0.00019950248631269167,VILA PRUDENTE
1265860549,1265860651,0,39.754999999999995,0,4,26.031896915927334,0.03840629691240313,0.0007740840605109983,3.5635373168465995e-15,0.00019597734011300057,VILA PRUDENTE
1265860549,1265860671,0,104.63600000000001,0,4,26.870088719898607,0.03720824194397931,8.802018541410927e-05,1.3300517007767184e-15,0.00019586667130513377,VILA PRUDENTE
1265860564,4174509663,0,56.764,5,4,24.651035065483736,0.04055767879483796,0.003539316334057992,2.07564229146648e-11,0.00018936892725431338,VILA PRUDENTE
1265860570,1265860663,0,79.508,0,5,24.05027460920997,0.0415707836351819,0.0016425636002394643,2.407000997955354e-10,0.00021182202694230087,VILA PRUDENTE
1265860600,8710625467,0,61.607,0,5,25.811575834389522,0.03873412334686395,0.0010918204774848274,6.555310177535781e-14,0.00023051251370410914,VILA PRUDENTE
1265860600,1265860767,0,60.738,0,6,25.25433037600338,0.03958880505880188,0.0037309864574363795,1.9292203586295655e-13,0.0002650503220536411,VILA PRUDENTE
1265860600,1265860670,0,202.98600000000002,0,5,25.61174482467258,0.039036339343153585,0.0033351012777117057,6.370432044781833e-14,0.00022916881848689078,VILA PRUDENTE
1265860601,1265860763,0,23.737000000000002,0,4,27.323616392057456,0.03659064553536916,0.04673337143428275,9.396327009209444e-17,0.00020812908839348384,VILA PRUDENTE
1265860617,1265860758,0,30.729,0,4,25.088931136459653,0.03984979498362395,0.04726457736634968,1.839092137149348e-09,0.00019063401273074343,VILA PRUDENTE
1265860620,12729623153,0,164.976,0,5,25.59062103929024,0.03906856190051673,0.0014726928685757862,2.8859343896950655e-13,0.00022726857859834277,VILA PRUDENTE
1265860620,1265860673,0,116.28600000000002,0,5,25.03464300802704,0.03993621006800884,0.02054489841791943,5.549276334594421e-13,0.00022460536837106448,VILA PRUDENTE
1265860620,1265860661,0,226.969,0,4,25.60857625686523,0.039041169337875624,0.01907467340500946,2.8023474215576863e-13,0.00018953280494535694,VILA PRUDENTE
1265860624,1265860689,0,211.591,0,4,24.427122940430927,0.040929452256178764,0.003957206560136193,9.615563583489412e-09,0.00020366433139317686,VILA PRUDENTE
1265860624,1265860714,0,90.309,0,4,24.494085340092944,0.04081755853563883,0.015770625977759273,8.04111076468871e-09,0.0002163862425726561,VILA PRUDENTE
1265860630,1265860679,0,140.843,0,4,27.103929024081115,0.03688722624892838,0.00024699122122043277,1.4916466609960841e-10,0.00018653519013297102,VILA PRUDENTE
1265860631,1265860744,0,68.34,0,4,26.117659484579637,0.03828018214022857,0.007381150641817279,5.527815016504477e-14,0.00019741847079454705,VILA PRUDENTE
1265860631,1265860783,0,64.573,0,4,25.85297845373891,0.03867209203516685,0.009786075988155115,7.962608103502567e-14,0.00019735623059357907,VILA PRUDENTE
1265860631,1265860767,0,294.84499999999997,0,5,25.34431770173215,0.03944824137356226,0.0023868277381218508,1.8416389311467664e-13,0.0002308449967908225,VILA PRUDENTE
1265860648,3739928380,0,99.526,0,4,24.90452049007182,0.04014487099017795,0.0020976773159437257,1.5561542782494406e-06,0.0001955867976889136,VILA PRUDENTE
1265860651,1420412751,0,100.63000000000001,0,5,25.892479932403887,0.038613094024066895,0.03765145692944051,5.965636367511177e-15,0.00021625135702315294,VILA PRUDENTE
1265860651,2394594070,0,65.499,0,4,25.18926911702577,0.03969105881958305,0.03839057970135245,1.2025515879819969e-14,0.00019675086937263281,VILA PRUDENTE
1265860655,4525250637,0,23.618000000000002,0,5,25.067807351077313,0.03988337504529329,0.02179568993121058,5.407803932388296e-15,0.00022653381591986014,VILA PRUDENTE
1265860661,1785438831,0,58.35,0,4,26.029362061681454,0.03841003708723209,0.02830054615702431,4.824400996069599e-13,0.00019924523344930632,VILA PRUDENTE
1265860661,12729623153,0,138.048,0,5,26.05407689057879,0.03837360142694989,0.009079446649176426,2.777959503954544e-13,0.0002309619975764964,VILA PRUDENTE
1265860670,1265860792,0,71.718,0,4,25.61723700887199,0.03902797018272973,0.00983625572002671,1.8828291381809614e-14,0.00019201349820511976,VILA PRUDENTE
1265860671,8743049025,0,2.22,0,4,27.393536121673005,0.03649725094655346,0.08004057977333157,2.127956961146239e-15,0.0001812603709176176,VILA PRUDENTE
1265860673,1265860767,0,69.78,0,6,24.940642163075623,0.0400867289466329,0.004356999177998409,5.52254565723455e-13,0.0002638644109999114,VILA PRUDENTE
1265860673,4525216539,0,64.144,0,5,24.490916772285594,0.040822839399689496,0.026646054587733402,1.5200115239471263e-12,0.0002300744710264904,VILA PRUDENTE
1265860676,8953312638,0,34.116,0,5,25.245247148288975,0.03960304909171541,0.0007584543079608293,1.1983250262295033e-09,0.0002260879553631853,VILA PRUDENTE
1265860676,8953312640,0,32.824,0,5,25.16497676383608,0.039729373546767845,0.009487465452591362,9.854180570509352e-10,0.00022398475841645734,VILA PRUDENTE
1265860676,1785438849,0,65.38000000000001,0,5,24.999577524292352,0.039992226315611584,0.009173430819116257,2.3073798528591406e-09,0.00022269313973723005,VILA PRUDENTE
1265860676,8729869273,0,75.063,0,5,24.857836924376848,0.04022026394282655,0.001351767940950795,8.975121400900328e-10,0.0002250181839542082,VILA PRUDENTE
1265860687,1265860792,0,65.175,0,5,25.309674693705112,0.03950223676303666,0.01041784703860405,1.2246818433784707e-14,0.00022824924374087143,VILA PRUDENTE
1265860687,1265860750,0,8.618,0,5,24.91867342627799,0.04012207010553978,0.010208079307009676,1.0175808135291223e-14,0.00022470833503630152,VILA PRUDENTE
1265860687,2393008625,0,82.592,0,5,25.07815800591466,0.039866913746630726,0.00044154050954227245,1.0516802206490674e-14,0.0002253937615588077,VILA PRUDENTE
1265860691,4525344098,0,28.191,0,3,28.37051119560625,0.03524042112787217,0.0019463155017736685,9.439746438402488e-17,0.00019168854587537913,VILA PRUDENTE
1265860705,8677634809,0,108.325,0,6,24.676383607942544,0.04051601636734065,0.04718498902112711,3.264693496438351e-08,0.00024663953196236673,VILA PRUDENTE
1265860705,1785438837,0,206.72,0,6,24.60984368398817,0.0406255632902157,0.0009322324777620498,1.919028666792632e-08,0.0002472760391410799,VILA PRUDENTE
1265860706,2549366715,0,81.072,0,4,25.46197718631179,0.039265951533554014,0.0026299115212047412,3.999145937090463e-11,0.00019448424562942986,VILA PRUDENTE
1265860706,1265860788,0,69.877,0,4,25.504224757076468,0.03920090775818515,0.0006720793596572643,1.1195829382272446e-10,0.00019174731989044677,VILA PRUDENTE
1265860708,1265860770,0,109.78099999999999,0,5,26.85361216730038,0.03723107177974434,0.05404233729787491,9.148490420194387e-17,0.0002265214953149342,VILA PRUDENTE
1265860714,6754061398,0,151.151,0,2,25.121250528094635,0.03979852679021896,0.0006412311638345624,1.8641188826880826e-09,0.00012436281176393373,VILA PRUDENTE
1265860714,1785438861,0,52.678,0,4,24.735952682720743,0.040418445772843724,0.016222654873881266,2.6265752638236207e-09,0.00021875844934124625,VILA PRUDENTE
1265860739,4559437963,0,11.423,0,4,25.954372623574145,0.03852101442198131,0.010213220672980127,4.44643174218317e-12,0.00020331553334102017,VILA PRUDENTE
1265860739,1265860779,0,48.928,1,4,25.711660329531053,0.03888464413937019,0.010562422249693112,2.6818948719757432e-12,0.00020579435137279618,VILA PRUDENTE
1265860744,8710625467,0,174.71999999999997,0,4,26.60963244613435,0.0375724378820354,0.0007448811017988406,2.9443784378733186e-14,0.00019741031061779084,VILA PRUDENTE
1265860748,1925380121,0,174.44,0,2,28.047528517110266,0.03564623391099362,0.0006412311638345624,6.00412328739529e-17,0.0001317578513733463,VILA PRUDENTE
1265860750,4560347998,0,197.604,0,4,24.85678073510773,0.04022197294173635,0.018328969684655347,5.4117286957428336e-15,0.00018904007936206216,VILA PRUDENTE
1265860758,8953312638,0,216.191,0,4,25.090832277144063,0.03984677555143964,0.0008524384779006611,1.8790744470376606e-09,0.00018956557666290904,VILA PRUDENTE
1265860767,8753594396,0,209.821,0,4,25.376425855513308,0.039398328505310824,0.002488009820420313,1.738587255287499e-13,0.00019156895576709118,VILA PRUDENTE
1265860770,1265860780,0,41.003,0,4,27.74334600760456,0.036037064955039326,0.017050826104401402,1.7021397145264925e-17,0.00018953315707956241,VILA PRUDENTE
1265860776,2489402964,0,38.055,0,4,26.093367131389947,0.03831582015122322,0.01765606770644281,8.238826368609229e-12,0.0002116599601519554,VILA PRUDENTE
1265860776,3901798716,0,156.6,0,4,25.878538234051543,0.03863389628517089,0.01550923893182158,2.6456540867237604e-11,0.00022320405880046863,VILA PRUDENTE
1265860776,2549366715,0,190.54,0,4,25.917194761301225,0.038576272291591954,0.002293666186737291,1.5647355658013444e-11,0.00020471566765981438,VILA PRUDENTE
1265860779,2378322746,0,80.658,0,4,25.35424588086185,0.03943279428795188,0.0009951627972403616,3.6619489889619985e-12,0.00020542568690311628,VILA PRUDENTE
1265860779,7208896354,0,95.07799999999999,0,4,25.363329108576256,0.03941867244107604,0.010024224059906373,2.2904985439714398e-12,0.00020642559863095588,VILA PRUDENTE
1265860783,2515860927,0,57.696999999999996,0,4,25.741656104773977,0.038839333338804044,0.010526638342538778,5.281176449534584e-14,0.000203375423739456,VILA PRUDENTE
1265860798,8773449039,0,32.291,0,4,26.415082382762993,0.0378491631280538,0.002706003737567406,8.230875468583725e-11,0.00020271177728980758,VILA PRUDENTE
1265860799,1925380195,0,192.286,0,4,26.74630333755809,0.037380446543513114,0.009646230833758868,1.0368683042233674e-15,0.0002119946266058791,VILA PRUDENTE
1271670286,1271670596,0,111.503,0,5,28.76552598225602,0.034756491599107035,0.001269300430784772,1.93958602181058e-10,0.00022060985492592216,VILA PRUDENTE
1271670286,1271670420,0,62.266,0,5,28.326573722010984,0.03529508270071142,0.0026698085211354357,9.435261174639277e-11,0.0002302947605159952,VILA PRUDENTE
1271670299,1271670580,0,21.623,0,4,30.497253907900294,0.03278291105046615,0.0007960891068645256,4.250340513738539e-11,0.0001855673093398487,VILA PRUDENTE
1271670299,1271670490,0,243.23399999999998,0,5,30.807351077313054,0.03245292851167702,0.000652336514330735,2.5936084398397132e-11,0.00021349796058343532,VILA PRUDENTE
1271670299,1271670573,0,184.43399999999997,0,5,31.131178707224336,0.03211535199321459,4.7506221566960846e-05,3.547435238619377e-11,0.0002115629026611723,VILA PRUDENTE
1271670300,3243946509,0,105.88300000000001,0,4,27.88212927756654,0.03585769050108338,0.002553819304842077,3.501754108563687e-09,0.00019165751840800576,VILA PRUDENTE
1271670303,1271670531,0,91.545,0,5,29.974017743979722,0.03335518016589498,0.0008438009830703045,1.2161494478894567e-11,0.00021581393578481083,VILA PRUDENTE
1271670303,7953947427,0,59.186,0,4,30.716307562315166,0.03254911939261817,0.02605747101143625,3.306212577609882e-12,0.00019290355948164552,VILA PRUDENTE
1271670303,1271670628,0,117.712,0,5,30.769961977186313,0.03249236261284454,0.02527413249217844,4.254413729724058e-12,0.00022563962719757708,VILA PRUDENTE
1271670310,1271670628,0,112.946,0,5,30.421419518377693,0.0328646321563726,0.008115337702397583,4.432136545191258e-12,0.00022359911378388552,VILA PRUDENTE
1271670310,1271670431,0,61.626,0,4,30.119349387410224,0.03319423501770873,0.013693102816419713,4.323362782990385e-12,0.00018377985228188148,VILA PRUDENTE
1271670310,1271670531,0,113.655,0,5,30.025137304604986,0.03329839101161539,0.005467534227615675,1.2339236196133659e-11,0.00021377342237111923,VILA PRUDENTE
1271670317,1271670392,0,62.165,0,5,30.3907900295733,0.03289775491763398,0.02161800432327182,1.8649513702907634e-10,0.00022659135635573488,VILA PRUDENTE
1271670317,1271670461,0,77.649,0,4,31.37241233629066,0.03186840563706512,0.00023609152536307814,7.503289247347194e-11,0.00019595752232484082,VILA PRUDENTE
1271670317,4559113667,0,233.964,0,4,31.346007604562736,0.03189525041781228,0.021896049394953772,1.7876367924164923e-10,0.00018591446154246863,VILA PRUDENTE
1271670321,3901798702,0,64.579,0,6,31.22285593578369,0.03202105419832351,0.003744970972876004,1.240463459521569e-11,0.0002482761260910601,VILA PRUDENTE
1271670321,3901798704,0,89.935,0,5,31.65441487114491,0.03158449670341403,0.0048923182028416945,1.193244667025898e-11,0.0002112348325650376,VILA PRUDENTE
1271670321,1271670454,0,77.683,0,5,31.660329531051964,0.031578596210301575,0.0044119089665628185,1.6522514044504222e-11,0.00020995483291736433,VILA PRUDENTE
1271670321,1271670385,0,223.40200000000002,0,6,31.090832277144063,0.03215702793781933,0.004262398044142123,2.459625000586078e-11,0.0002453517405100362,VILA PRUDENTE
1271670322,1271670369,0,78.57,0,5,31.283269961977187,0.031959215368513455,0.004183632317474825,5.287949953013424e-11,0.00020675335239915153,VILA PRUDENTE
1271670322,1271670454,0,28.539,0,4,31.50443599493029,0.0317348567137359,0.004797511414346591,2.145207868652658e-11,0.00017495021901000024,VILA PRUDENTE
1271670322,1271670465,0,23.234,0,4,31.8871989860583,0.03135392238695232,0.0006957296431213357,2.9193510163564305e-11,0.00017383028498953065,VILA PRUDENTE
1271670327,1271670539,0,73.588,0,4,31.796155471060413,0.03144369963394299,0.005531081511010441,3.593777058936841e-13,0.00020450717546483636,VILA PRUDENTE
1271670327,1271670639,0,40.086,0,4,31.400506970849175,0.03183989236461487,0.008719345376606086,4.995447737482979e-13,0.00020284297359714012,VILA PRUDENTE
1271670330,4556519776,0,64.655,0,4,28.801647655259824,0.03471290164066683,0.002468883939010238,4.2265980851080984e-10,0.00018892297178206842,VILA PRUDENTE
1271670330,1271670601,0,59.23,0,5,28.531474440219686,0.03504160867118784,0.005462187207006407,5.281212070541692e-10,0.0002210819750715703,VILA PRUDENTE
1271670339,1271670642,0,78.23,0,2,31.084706379383185,0.03216336515918589,0.0006412311638345624,5.128256000466185e-12,0.00013137122659040223,VILA PRUDENTE
1271670343,1271670480,0,72.287,0,4,30.381284326151246,0.03290804797496958,0.0008621042459251076,6.055182616581105e-11,0.0001914319737178366,VILA PRUDENTE
1271670343,1271670411,0,62.74,0,4,30.268905787917195,0.03303022478418346,0.006895600039567953,9.816838504753034e-11,0.00018583033634131182,VILA PRUDENTE
1271670343,1271670636,0,145.874,0,5,29.499788762146178,0.033891387162375046,0.008183409387846346,1.9464696951364713e-10,0.0002242843322254185,VILA PRUDENTE
1271670345,1271670646,0,73.418,0,2,30.492817912970004,0.03278768020061931,0.0006412311638345624,4.876912436454731e-11,0.00011415404099042055,VILA PRUDENTE
1271670346,7959514461,0,41.267,0,4,31.559357836924377,0.03167962945609831,0.00033418878807927,4.1337857345797886e-12,0.00019942159789080972,VILA PRUDENTE
1271670346,1271670647,0,131.33499999999998,0,4,31.56020278833967,0.031678781307310284,0.0003590729993762495,3.267690115345666e-12,0.00019594675741176922,VILA PRUDENTE
1271670346,1271670436,0,37.857,0,4,31.12970004224757,0.03211687747679279,0.0005102291589074886,2.7878172212833787e-12,0.00020146417881975002,VILA PRUDENTE
1271670350,1271670588,0,206.129,0,5,30.781368821292777,0.032480321715081764,0.0006058585659578643,1.418181091712749e-11,0.00022383431258399264,VILA PRUDENTE
1271670350,3456794367,0,45.208,0,4,30.454372623574145,0.032829071033703035,0.00050179731871595,2.726267001865986e-11,0.00019712898113874024,VILA PRUDENTE
1271670350,1271670481,0,27.704,0,4,31.101394169835235,0.03214610755667848,0.0002455516387487067,1.3509176479967959e-11,0.0001957445235708882,VILA PRUDENTE
1271670352,1271670658,0,51.745,0,4,31.692860160540768,0.031546182865217216,0.003053765731808665,2.445396255896266e-12,0.0001880763473752441,VILA PRUDENTE
1271670352,3901798705,0,35.15,0,4,31.1687790452049,0.032076609760560613,0.00277489804157144,3.747988371631786e-12,0.00018612396158006634,VILA PRUDENTE
1271670352,1271670572,0,97.166,0,5,31.247993240388677,0.031995295008382454,0.0030181874792931484,2.8682396792665408e-12,0.00022596522651583024,VILA PRUDENTE
1271670353,1271670596,0,44.402,0,5,28.875580904098015,0.03462402247306086,0.00050076904552186,2.039212611367388e-10,0.00022118699717097134,VILA PRUDENTE
1271670359,1947610002,0,40.897,0,4,29.89100126742712,0.033447817729534146,0.00664346745237707,7.92898622692651e-12,0.00021828668819231684,VILA PRUDENTE
1271670359,1271670386,0,14.495,0,4,30.305661174482466,0.03299016498567615,0.006768299818139603,8.25742428549082e-12,0.0002268520614016543,VILA PRUDENTE
1271670361,1271670602,0,50.352999999999994,0,4,27.18546683565695,0.03677658979300056,0.0047193626515957465,2.2915687885765806e-10,0.00020022608460564637,VILA PRUDENTE
1271670364,1271670530,0,42.669,0,5,30.432826362484157,0.03285231382184925,0.001436908961421452,4.019085008612992e-11,0.00021779366026241718,VILA PRUDENTE
1271670364,1271670375,0,29.7,0,5,31.060625264047317,0.03218830122210812,0.019929991047853573,1.5790558382240287e-11,0.000218712595157444,VILA PRUDENTE
1271670364,1271670534,0,36.66,0,4,31.094000844951417,0.03215375104450438,0.01847046007616214,1.6161216290665176e-11,0.00018436853901794353,VILA PRUDENTE
1271670366,1271670608,0,192.23700000000002,0,4,28.657794676806084,0.03488714932260109,0.00029038435001103337,1.8383900230104421e-09,0.00019849013023200406,VILA PRUDENTE
1271670366,1271670560,0,290.581,0,4,28.760245035910437,0.03476287357419336,0.0005034425558264941,1.9239903496092235e-09,0.00019573684271131258,VILA PRUDENTE
1271670366,4559143096,0,57.879000000000005,0,4,27.954583861427967,0.035764752110143044,0.0012606629359544154,6.923631507060391e-09,0.0001953675811256937,VILA PRUDENTE
1271670368,1271670642,0,10.852,0,4,30.087663709336713,0.03322919226313757,0.0075218184147688005,2.2600577081916118e-11,0.00022404723594137514,VILA PRUDENTE
1271670368,1271670467,0,68.994,0,4,29.956696239966202,0.03337446673483059,0.016344402420061528,4.6503578554233853e-11,0.00020969029768831004,VILA PRUDENTE
1271670369,1271670630,0,23.208,0,6,31.27777777777778,0.031964827208936376,0.0004240598652427414,7.861165085542902e-11,0.00023643526771340882,VILA PRUDENTE
1271670369,1271670566,0,71.863,0,6,30.510773130544994,0.032768385051025355,0.004557718105484789,1.1775862405438598e-10,0.00023788944858679878,VILA PRUDENTE
1271670369,1271670385,0,253.862,0,6,30.916349809885933,0.0323385124147638,0.0003160911798632849,5.55945060596803e-11,0.00024150541462287248,VILA PRUDENTE
1271670372,1271670627,0,242.304,0,4,31.13772708069286,0.032108598021790155,0.001050689549721225,1.0683314889341749e-12,0.00019807926308223884,VILA PRUDENTE
1271670372,1271670615,0,49.358,0,4,31.963667089142373,0.031278913003251474,0.00013778860800806825,1.3062193210468662e-12,0.0001946759547811871,VILA PRUDENTE
1271670372,1271670572,0,198.349,0,5,31.63772708069286,0.03160115641671062,0.001418400043927831,2.300187222212625e-12,0.00022946158741381256,VILA PRUDENTE
1271670374,1271670506,0,18.515,0,5,29.456696239966202,0.03394096724226952,0.0036320665761649155,1.3593029896415153e-10,0.00023531037038499635,VILA PRUDENTE
1271670374,1271670601,0,143.807,0,5,29.074778200253487,0.03438680616099971,0.0004111036229972066,2.7383697046244623e-10,0.00022352601664184859,VILA PRUDENTE
1271670375,1271670664,0,77.263,0,5,31.05513307984791,0.032193993810155426,0.000333777478801634,1.504810452811036e-11,0.00021823708157102912,VILA PRUDENTE
1271670375,1271670647,0,122.165,0,5,31.33565694972539,0.031905785915075195,0.00015999930900041358,8.397129842098235e-12,0.0002240295380599899,VILA PRUDENTE
1271670375,1271670406,0,63.840999999999994,0,6,31.65082382762991,0.03158808022157707,0.02024813877410504,1.0566333539610827e-11,0.0002544833308690116,VILA PRUDENTE
1271670377,1271670541,0,99.047,0,4,27.77101816645543,0.03600115617488667,0.0006118225504835866,1.2823430655989e-09,0.00018369808988265404,VILA PRUDENTE
1271670380,1271670569,0,137.054,0,6,27.77608787494719,0.03599458522191464,0.000450794968289083,3.0460053658209673e-10,0.00023917948437863703,VILA PRUDENTE
1271670380,1271670420,0,82.22500000000001,0,6,27.75855513307985,0.03601731997047387,0.00424409478128732,1.5614228890391758e-10,0.00025714711591323723,VILA PRUDENTE
1271670385,2486712577,0,41.876000000000005,0,5,31.457541191381495,0.03178216492076283,0.00577848404150851,2.0134312643459353e-11,0.00022082193312496158,VILA PRUDENTE
1271670385,1271670454,0,179.765,0,5,31.50506970849176,0.03173421837808844,0.000618814808203399,2.4167097951144216e-11,0.00021064118259503508,VILA PRUDENTE
1271670386,1271670462,0,101.197,0,2,31.2581326573722,0.031984916472941556,0.0006412311638345624,2.621865100465487e-12,0.00013195141132689415,VILA PRUDENTE
1271670386,1271670642,0,86.909,0,4,30.67934093789607,0.03258833897931642,0.00695791339512981,6.746523750804929e-12,0.0002437077406151998,VILA PRUDENTE
1271670392,1271670486,0,70.244,0,5,29.60857625686523,0.03376686381245229,0.00038992119519895135,4.658288499064729e-10,0.0002286386069883777,VILA PRUDENTE
1271670392,1271670610,0,51.736,0,5,30.111956062526406,0.03320238512802525,0.019849168774798094,1.760481335031157e-10,0.00021725762973756334,VILA PRUDENTE
1271670392,1271670555,0,155.164,0,5,30.226235741444867,0.0330768531913258,0.0016158284971931228,1.715714270170829e-10,0.00022185790654454803,VILA PRUDENTE
1271670395,1271670562,0,19.19,0,5,30.67131389945078,0.032596867725450764,0.0023812750628737643,3.6165468494215604e-11,0.00022183732838875048,VILA PRUDENTE
1271670395,8769938758,0,84.69,0,4,30.140050697084916,0.033171435980460184,0.0016425636002394643,5.835618781244904e-11,0.0001854705457935752,VILA PRUDENTE
1271670401,1271670472,0,16.733,0,6,30.38466413181242,0.03290438748340181,0.002819319443556131,5.179713555724103e-10,0.00025323259152240597,VILA PRUDENTE
1271670401,4559113667,0,33.824,0,5,30.64765525982256,0.03262203107122672,0.019540892471209895,4.6291807241156207e-10,0.00021780702782230247,VILA PRUDENTE
1271670401,4559113677,0,69.282,0,5,29.90452049007182,0.03343269665461121,0.00041727326216174697,1.013586696759159e-09,0.00022165580968855326,VILA PRUDENTE
1271670401,8796552169,0,14.786,0,5,30.384241656104773,0.03290484500031285,0.02178252803432623,6.402382407772653e-10,0.00021356898616776109,VILA PRUDENTE
1271670406,1271670526,0,146.271,0,5,31.570975918884663,0.03166797138976428,0.00016411240177677383,7.43073278502789e-12,0.00021935151283395887,VILA PRUDENTE
1271670406,1271670419,0,183.011,0,5,31.792564427545415,0.03144725127237452,4.730056692814283e-06,5.5502942970066424e-12,0.0002220323706258974,VILA PRUDENTE
1271670406,1271670519,0,72.872,0,6,31.832910857625688,0.03140739364419995,0.020718059623804196,8.250527369709476e-12,0.0002534876281743044,VILA PRUDENTE
1271670409,1271670617,0,65.026,0,4,32.4566962399662,0.03080377481288643,0.0005906401226853313,2.8087899793297345e-11,0.00020142650608687897,VILA PRUDENTE
1271670409,1271670644,0,57.244,0,4,32.08766370933672,0.031158041644997136,0.0006698171586302661,3.4899723758465703e-11,0.00019506683842753698,VILA PRUDENTE
1271670409,1271670461,0,83.392,0,4,31.808196028728347,0.03143179705140125,0.0003420036643543545,3.006973996915157e-11,0.00020135817369442048,VILA PRUDENTE
1271670411,1271670657,0,58.573,0,5,30.073510773130543,0.03324483029894358,0.006893749147818591,2.2390995528149418e-10,0.00021327394969491745,VILA PRUDENTE
1271670411,1271670579,0,238.356,0,4,30.331009716941274,0.03296259410670883,0.000250281695441521,8.267376495345905e-11,0.00018243636594563386,VILA PRUDENTE
1271670413,1271670527,0,158.75800000000004,0,5,30.775665399239543,0.03248634104823875,0.0016501728218757308,3.045107328569659e-11,0.0002193988292648984,VILA PRUDENTE
1271670413,1271670482,0,47.82,0,6,29.897549640895647,0.03344049175115696,0.009234510246845207,5.246271829969997e-11,0.0002456064340242337,VILA PRUDENTE
1271670413,1271670562,0,137.91199999999998,0,6,30.833544571187158,0.03242535933025499,0.026185182542142235,3.4849859061590186e-11,0.0002558204758589935,VILA PRUDENTE
1271670413,2486712572,0,68.773,0,5,30.790663286861005,0.032470517209442724,0.03402699957491186,2.299600861621597e-11,0.00022369834660313076,VILA PRUDENTE
1271670416,1271670573,0,79.579,0,6,31.09442332065906,0.032153314175854784,0.019496471069225203,6.226200119383637e-11,0.00024224551982783563,VILA PRUDENTE
1271670416,1271670555,0,163.608,0,5,30.72285593578369,0.032542181763177074,0.00020812249448382846,8.233274097319342e-11,0.00021218630141607613,VILA PRUDENTE
1271670416,1271670630,0,225.77100000000002,0,6,31.060414026193495,0.032188520130576714,3.475563396024408e-05,7.938091560966218e-11,0.00023869715236959373,VILA PRUDENTE
1271670416,1271670610,0,76.43700000000001,0,5,30.621461765948457,0.032649935845255995,0.019393849404455016,8.680944528431179e-11,0.00020758602460909146,VILA PRUDENTE
1271670419,1271670615,0,13.834,0,4,31.944444444444443,0.031297735162836834,0.0013616393636140594,2.133710727906989e-12,0.00019218957318330092,VILA PRUDENTE
1271670419,1271670647,0,89.582,0,4,31.861427967891846,0.03137928291078816,0.0008616929366474716,3.381089348996594e-12,0.00019019391629096995,VILA PRUDENTE
1271670420,1271670621,0,103.632,0,3,28.446979298690326,0.03514569162681558,0.0006412311638345624,5.529620095915352e-11,0.0001465208821258468,VILA PRUDENTE
1271670426,1271670489,0,71.377,0,3,31.90325306294888,0.03133814473945574,0.0006412311638345624,6.914890320518282e-13,0.00015780542658674714,VILA PRUDENTE
1271670431,1271670571,0,54.713,0,4,30.24503591043515,0.03305629277832099,0.014233768861872269,2.220005283975496e-12,0.0001917473112579495,VILA PRUDENTE
1271670432,1271670499,0,47.678,0,4,28.12463033375581,0.03554851211488486,0.0025133053409949284,6.87318384931154e-09,0.00019232344518208498,VILA PRUDENTE
1271670432,4559113677,0,12.650000000000002,0,4,28.99809885931559,0.03447773479898308,0.0006391746174463823,2.049746174020145e-09,0.00019206122039218596,VILA PRUDENTE
1271670432,1271670486,0,368.815,0,4,28.88339670468948,0.03461465326838972,0.0016598385899001774,1.7136737683112024e-09,0.0001948335476588784,VILA PRUDENTE
1271670436,7959514469,0,4.735,0,4,30.57815800591466,0.03269617358746037,0.025857574702505142,6.620782361372107e-12,0.0001979004278959239,VILA PRUDENTE
1271670436,1271670627,0,41.288,0,4,30.68673426277989,0.03258048750266743,0.026522456149803777,1.93142439836939e-12,0.0002019579627429388,VILA PRUDENTE
1271670439,1271670488,0,43.116,0,4,30.92543303760034,0.032329014146078236,0.023744678943288883,3.5770051895455295e-13,0.00020515290375338905,VILA PRUDENTE
1271670439,1271670652,0,51.721000000000004,0,4,31.264469792986905,0.031978433306757835,0.023486993680849912,1.4340772987202016e-13,0.00020806976169523327,VILA PRUDENTE
1271670450,1271670530,0,44.271,0,5,29.744613434727505,0.033612430847021896,0.0012744417967552222,1.0769845282194865e-10,0.00021938917470433158,VILA PRUDENTE
1271670461,1271670617,0,105.042,0,4,32.0830164765526,0.031162554894950654,0.00047567917958606245,3.4057758486017253e-11,0.00020156595612413742,VILA PRUDENTE
1271670465,1271670573,0,226.252,0,5,31.707646810308407,0.03153147151308426,0.00036812180348424204,3.780675672674104e-11,0.00020798799808228902,VILA PRUDENTE
1271670465,1271670630,0,78.647,0,5,31.67131389945078,0.031567643998612706,0.00027619417993259053,5.492566349721165e-11,0.00020459423783889016,VILA PRUDENTE
1271670467,1271670553,0,78.977,0,2,30.350232361639204,0.032941716894722924,0.0006412311638345624,3.2586843004499075e-11,0.00011701428833733714,VILA PRUDENTE
1271670472,1271670478,0,62.737,0,5,31.078369243768485,0.03216992353440951,0.0032166442057525307,2.2247569193300086e-10,0.00022271624053863526,VILA PRUDENTE
1271670472,8796552175,0,13.232000000000001,0,5,30.7779890156316,0.03248388845802763,0.004774066785521338,3.263914274852598e-10,0.00021228119473829587,VILA PRUDENTE
1271670472,4559113667,0,26.349999999999998,0,5,31.074778200253487,0.03217364113440466,0.002941683953652848,2.985544547589508e-10,0.00021775589235739257,VILA PRUDENTE
1271670475,1271670530,0,41.59,0,6,30.1191381495564,0.03319446782247658,0.0013832331006899507,5.089915213313578e-11,0.0002544953024190989,VILA PRUDENTE
1271670475,1271670534,0,27.116,0,5,30.757710181664553,0.03250530537680194,0.015062968365586493,2.68695212038048e-11,0.00022208018838458431,VILA PRUDENTE
1271670475,7959514469,0,41.405,0,5,30.39036755386565,0.032898212250118165,0.02234499347149349,2.520238244408178e-11,0.0002253023013801154,VILA PRUDENTE
1271670476,1947610002,0,70.825,0,4,29.8709336713139,0.03347028831262508,0.006430820555839245,4.915860454629946e-12,0.0002125226449206612,VILA PRUDENTE
1271670478,1271670644,0,111.376,0,4,31.467891846218844,0.03177171089287033,0.0015288365849731036,6.852160784321975e-11,0.00018983834182162687,VILA PRUDENTE
1271670478,1271670617,0,74.137,0,4,31.790663286861005,0.031449131876382916,0.0013233876007939093,6.170978401187708e-11,0.00019619800948096885,VILA PRUDENTE
1271670480,1963548721,0,71.417,0,4,31.01415293620617,0.0322365329210399,0.0005042651743817661,2.4035499695959447e-11,0.0001917424309267277,VILA PRUDENTE
1271670480,1271670659,0,145.193,0,4,31.064427545416137,0.032184361378766346,0.00013326420595407198,2.9665699695911784e-11,0.00019200403798914768,VILA PRUDENTE
1271670481,3456794367,0,41.909,0,4,30.618926911702577,0.032652638840979645,0.001134185333081338,2.6540025166588913e-11,0.00019973709478698546,VILA PRUDENTE
1271670481,1271670606,0,84.746,0,4,31.002957329953528,0.03224817398888041,0.0010301240858394236,9.323724565630608e-12,0.00019333666550521957,VILA PRUDENTE
1271670482,1271670576,0,111.422,0,6,29.50253485424588,0.03388823255647442,0.002772635840544442,5.3781044839279676e-11,0.00024028262231719333,VILA PRUDENTE
1271670486,1271670550,0,344.34900000000005,0,4,29.491339247993242,0.03390109732687734,0.0014109964769303824,4.179835717727309e-10,0.00019713000977337745,VILA PRUDENTE
1271670488,1271670571,0,211.03300000000002,0,4,30.57393324883819,0.032700691599245525,0.0005229797465142053,8.923591169858221e-13,0.00019986675117192388,VILA PRUDENTE
1271670488,7950798137,0,85.893,0,4,31.307139839459232,0.0319348483212782,0.023654396556847777,7.902192913454074e-13,0.00019894571516199347,VILA PRUDENTE
1271670489,1271670639,0,73.536,0,5,31.415716096324463,0.03182447788491279,0.0054716473203920354,9.688428588117345e-13,0.00024625216391955585,VILA PRUDENTE
1271670489,1271670613,0,99.62299999999999,0,3,31.90325306294888,0.03133814473945574,0.0006412311638345624,6.914890532291473e-13,0.00015780542658674714,VILA PRUDENTE
1271670489,1271670572,0,119.749,0,6,31.360160540768906,0.03188085599391078,0.0037527858491510887,2.29681837601162e-12,0.00027733427859127577,VILA PRUDENTE
1271670490,1271670588,0,74.952,0,6,31.328897338403042,0.03191266999750524,0.021048340973745923,1.954626661988788e-11,0.00024997353467074454,VILA PRUDENTE
1271670490,3901798706,0,147.583,0,5,31.014997887621462,0.032235654690958626,0.00391916045195486,1.640011654876329e-11,0.0002147147162778834,VILA PRUDENTE
1271670490,1271670573,0,77.297,0,6,31.36544148711449,0.031875488268096226,0.019733179558504736,3.44990065746368e-11,0.0002450555480755039,VILA PRUDENTE
1271670494,1271670578,0,189.673,0,4,28.53527672158851,0.03503693943117717,0.0275172076377665,6.739166145424217e-10,0.00018918318806004605,VILA PRUDENTE
1271670494,1271670608,0,69.5,0,4,28.972116603295312,0.03450865450515479,0.0007728501326780903,6.778962766428214e-10,0.00019446641694027795,VILA PRUDENTE
1271670494,1271670636,0,43.698,0,5,29.13223489649345,0.03431898602007077,0.028441830893892284,3.721207166796595e-10,0.00022537053745545036,VILA PRUDENTE
1271670495,1271670630,0,72.346,0,6,30.91191381495564,0.03234315313283722,0.0004886354218315973,8.932720169668515e-11,0.0002392603226835257,VILA PRUDENTE
1271670495,1271670566,0,23.18,0,6,30.68419940853401,0.03258317901128329,0.0019843616099550006,1.284741752811619e-10,0.00024071450355691562,VILA PRUDENTE
1271670495,1271670610,0,228.87900000000002,0,5,30.463667089142373,0.03281905488333391,0.00031136112317047064,9.675573203727365e-11,0.00020812210956237717,VILA PRUDENTE
1271670495,1271670644,0,62.263,0,5,31.093367131389947,0.032154406369738306,0.0019835389913997288,7.3039430681132e-11,0.00021666655699195572,VILA PRUDENTE
1271670496,4559126673,0,79.276,0,5,27.581749049429657,0.03624820022669485,0.0015668826931544359,1.161647511416934e-09,0.00021001549376138256,VILA PRUDENTE
1271670499,3265433415,0,383.448,0,5,27.335234474017746,0.03657509369807967,0.029223729830678367,2.8616396381496344e-08,0.0002233542784401452,VILA PRUDENTE
1271670499,4559113674,0,32.484,0,4,28.16307562315167,0.03549998499894993,0.026484204386983626,6.952957874286507e-09,0.0001883079728386403,VILA PRUDENTE
1271670501,1271670539,0,119.82499999999999,0,4,31.750528094634557,0.031488886079823294,0.002678446015965792,6.454337688611375e-13,0.00020286265381022492,VILA PRUDENTE
1271670501,3901798701,0,106.17599999999999,0,4,31.66941275876637,0.03156953903003542,0.002903843500110334,1.416969859151834e-12,0.0001978736352901906,VILA PRUDENTE
1271670501,7953947427,0,163.78300000000002,0,4,31.376425855513308,0.03186432918619055,0.0008074001119995163,1.1711152117700424e-12,0.0002015988209301843,VILA PRUDENTE
1271670506,4556519777,0,47.812,0,5,29.90494296577947,0.03343222434131525,0.0028322756858016654,1.048096179691738e-10,0.00024068118539107488,VILA PRUDENTE
1271670506,4556519776,0,29.119,0,5,29.77291930713984,0.03358047465323353,0.0007763462615379965,1.5189942982292796e-10,0.00023830332038230138,VILA PRUDENTE
1271670506,3901798721,0,40.439,0,3,30.324672581326574,0.03296948250520699,0.0006412311638345624,6.86115359373144e-11,0.0001531538934867045,VILA PRUDENTE
1271670516,1271670576,0,67.545,0,5,30.062948880439375,0.033256510069000406,0.0024826627998110447,2.4479546346558777e-11,0.00021758144703940119,VILA PRUDENTE
1271670516,2486712557,0,4.716,0,4,30.926489226869457,0.032327910058330946,0.028100444193454383,7.380702502362004e-12,0.0001952845375737919,VILA PRUDENTE
1271670516,2486712555,0,4.708,0,4,30.824883819180396,0.03243446976186397,0.027166360823942973,6.246030426468413e-12,0.0001978812917915925,VILA PRUDENTE
1271670519,1271670606,0,202.963,0,5,31.266370933671315,0.03197648886937135,0.0001637010924991378,7.063500216386853e-12,0.0002216321483622544,VILA PRUDENTE
1271670519,1271670588,0,74.927,0,6,31.2752429235319,0.031967417953896134,0.020739859015518905,1.1198945235911616e-11,0.00025324138843594516,VILA PRUDENTE
1271670519,1271670658,0,197.436,0,5,31.468736797634136,0.03177085780644815,0.0005445734835900966,5.405060868746736e-12,0.00022163303535182094,VILA PRUDENTE
1271670526,1271670606,0,102.289,0,4,31.604140261934937,0.031634740064432475,0.0008750604881706424,6.243700773082911e-12,0.000186353805250819,VILA PRUDENTE
1271670526,1271670664,0,86.441,0,4,31.325940008449514,0.0319156827177893,0.0008878110757773592,1.1912496123363572e-11,0.0001822495800793197,VILA PRUDENTE
1271670527,1963548721,0,98.35000000000001,0,4,31.169201520912548,0.03207617498559859,0.0017254424196831233,2.146515428129269e-11,0.00018722153611173327,VILA PRUDENTE
1271670527,1271670579,0,62.988,0,4,30.610688635403463,0.03266142666878291,0.002441943181325078,4.2486861934945183e-11,0.00018351710850716423,VILA PRUDENTE
1271670530,1271670664,0,65.162,0,5,30.42627798901563,0.03285938432913537,0.0011915629773115632,3.944839790800576e-11,0.00021731814667600227,VILA PRUDENTE
1271670531,1271670576,0,112.693,0,6,29.59991550485847,0.0337767437877339,0.004762755780386347,2.9152904728712373e-11,0.00024354779227193162,VILA PRUDENTE
1271670534,7959514461,0,7.394,0,4,31.373891001267427,0.031866903665400875,0.003673608813206154,9.633878914910128e-12,0.00019285690213601467,VILA PRUDENTE
1271670539,7950798136,0,25.426000000000002,0,4,31.72898183354457,0.031510269298625215,0.00878618313422194,7.462126399201262e-13,0.00019937721325186786,VILA PRUDENTE
1271670541,4559126678,0,51.86,0,4,28.517532741867342,0.03505873987052044,0.002322869145449449,6.078703419087515e-10,0.00019521332383296174,VILA PRUDENTE
1271670545,7953947427,0,15.477,0,4,31.561047739754965,0.03167793320393548,0.026614383773355427,1.3332988772551524e-12,0.00020377844979876017,VILA PRUDENTE
1271670545,2486712555,0,35.841,0,4,31.558724123362907,0.031680265597493956,0.026298909557408597,1.8925641494252627e-12,0.00020545275896580073,VILA PRUDENTE
1271670545,2486712563,0,34.60000000000001,0,4,32.05555555555556,0.03118925081218575,0.000384162865312047,1.2602201053432636e-12,0.00020688535416687296,VILA PRUDENTE
1271670550,1271670580,0,61.465,0,4,30.047528517110266,0.033273577278638965,0.0007555751430173772,1.1068446285926575e-10,0.00019616677627424156,VILA PRUDENTE
1271670550,3456794367,0,110.48,0,4,30.00506970849176,0.033320661203570724,0.0016754683424503463,1.01783530975783e-10,0.00020059645788289972,VILA PRUDENTE
1271670555,1271670580,0,120.322,0,4,30.748626953950147,0.03251490753208211,0.0011901233948398372,7.113707775119283e-11,0.00018683354652319158,VILA PRUDENTE
1271670560,1271670608,0,154.25199999999998,0,4,29.250528094634557,0.03418019527413484,0.000367710494206606,9.949308059989231e-10,0.00019555096639361786,VILA PRUDENTE
1271670560,1271670654,0,56.925,0,5,29.34368398817068,0.03407168515545701,0.00040143785497276006,1.2533566157662772e-09,0.00022413642651813195,VILA PRUDENTE
1271670562,1963548721,0,146.528,0,5,31.202577101816644,0.03204186496787689,0.001689658512528789,2.5863947305082904e-11,0.00022476847010621947,VILA PRUDENTE
1271670562,1271670659,0,71.345,0,5,30.701309674693704,0.032565019953213155,0.02644533566024702,3.149415069092767e-11,0.00022504477758493113,VILA PRUDENTE
1271670566,1271670579,0,66.967,0,5,30.322982678495986,0.03297131989773527,0.0019765467336799163,1.0854719028213393e-10,0.00021105728290626787,VILA PRUDENTE
1271670566,1271670657,0,237.91,0,6,30.08681875792142,0.03323012546425989,0.0035570026329963408,2.4978338926080033e-10,0.0002404169827392482,VILA PRUDENTE
1271670569,1271670661,0,71.448,0,5,28.03400929446557,0.03566342408053469,0.019267371801581938,3.339310602203201e-10,0.00019915963502075795,VILA PRUDENTE
1271670569,1271670596,0,73.605,0,6,28.332910857625688,0.035287188357389955,0.0011329514052484297,3.443360709827542e-10,0.00024066352546312964,VILA PRUDENTE
1271670571,1271670631,0,52.135,0,4,29.817490494296578,0.03353027855705744,0.014672018897193452,1.7387603708096601e-12,0.0001931800061186619,VILA PRUDENTE
1271670572,3901798702,0,87.471,0,6,31.667089142374312,0.031571855488553284,0.0013118709410201005,5.623676708322336e-12,0.000257665402570991,VILA PRUDENTE
1271670578,3243946509,0,39.451,0,4,27.875158428390368,0.03586665757307083,0.03554390819083352,2.1094203883168353e-09,0.00019103324960028403,VILA PRUDENTE
1271670588,3901798705,0,166.066,0,5,31.00126742712294,0.03224993186154265,0.0007913590501717113,9.640520774151535e-12,0.00021918428649157177,VILA PRUDENTE
1271670602,1271670609,0,90.779,0,4,26.400506970849175,0.03787005920947351,0.006167993927429825,5.822239680233834e-10,0.00020039430249932245,VILA PRUDENTE
1271670615,1271670658,0,73.632,0,4,31.895437262357415,0.03134582397859503,0.0019847729192326367,1.9729247447652165e-12,0.00019167637707947778,VILA PRUDENTE
1271670628,7950798137,0,38.478,0,5,31.286438529784537,0.03195597866450611,0.023826323834899635,2.226643381025706e-12,0.0002310800114524381,VILA PRUDENTE
1271670628,7950798136,0,18.723,0,5,31.158639628221376,0.032087047896681466,0.009102479968724042,2.220095341750677e-12,0.0002311495747259111,VILA PRUDENTE
1271670636,8769938758,0,61.696,0,5,29.54351499788762,0.03384122580599032,0.028428463342369113,1.877033883628956e-10,0.00022352892812739652,VILA PRUDENTE
1271670639,3901798701,0,147.146,0,4,31.407266582171527,0.03183303964165131,0.0026698085211354357,1.3651710900622904e-12,0.00019691763567773884,VILA PRUDENTE
1271670654,4559113674,0,55.147000000000006,0,5,28.80333755809041,0.03471086502145136,0.026275876237860978,2.1701920445520158e-09,0.00022125131160332726,VILA PRUDENTE
1271670654,8796552169,0,16.84,0,5,29.525771018166456,0.033861563226614204,0.0219922957659206,1.0121618084971869e-09,0.0002138365447954126,VILA PRUDENTE
1271670654,7950862400,0,18.701999999999998,0,6,29.41022391212505,0.033994598787600194,0.0048265087184199305,1.071236723372399e-09,0.0002480182828700292,VILA PRUDENTE
1271670657,7950862400,0,15.655,0,6,29.79636670891424,0.03355404945553539,0.005104553790101884,5.296445347911595e-10,0.00024208483372074315,VILA PRUDENTE
1271670657,8796552175,0,13.654,0,5,30.430925221799747,0.032854366236290435,0.005095710640632709,3.2108641912496425e-10,0.00020692592345599383,VILA PRUDENTE
1271670659,8769938758,0,11.792,0,4,30.471060414026194,0.03281109185441941,0.026552687381710023,5.3684868438355203e-11,0.00018844731816941552,VILA PRUDENTE
1417380877,1965963085,0,632.423,0,3,30.527249683143218,0.03275069888455258,0.0006412311638345624,1.978686557947552e-10,0.00014305106685513582,VILA PRUDENTE
1417380880,1417380898,1,128.758,0,4,31.523236163920576,0.031715930336190204,0.0,1.3315655472731856e-10,0.00017954502137164182,VILA PRUDENTE
1417380880,1417380898,2,92.357,0,4,31.523236163920576,0.031715930336190204,0.0006395859267240183,1.3315655506532477e-10,0.00017954502137164182,VILA PRUDENTE
1417380898,1965963085,0,29.791,1,6,30.525771018166456,0.03275228532478946,0.0012789661988092185,2.673288614056657e-10,0.0002595120768143248,VILA PRUDENTE
1417380898,1965963031,0,32.775,0,6,31.056189269117027,0.032192898925316286,1.4395824717260862e-06,2.0064369294557219e-10,0.00025652347480338913,VILA PRUDENTE
1417693206,13286080359,0,153.16600000000003,0,4,23.987959442332066,0.0416787749099587,0.0002402046181394384,1.2169813479800217e-07,0.00017583505654256872,VILA PRUDENTE
1417693208,1417693211,0,45.873999999999995,0,5,25.8113645965357,0.03873444034339681,0.009655690947144496,1.2760501114393814e-09,0.0002278786515399872,VILA PRUDENTE
1417693208,3815655144,0,57.88899999999999,0,5,26.127376425855513,0.038265945491442105,0.0008242637923825933,1.705891382633407e-09,0.000228368323458063,VILA PRUDENTE
1417693208,7303881276,0,42.89,0,5,25.36987748204478,0.0394084978476449,0.011043037140610806,3.4887975649174006e-09,0.0002213318315816118,VILA PRUDENTE
1417693211,8645515762,0,116.732,1,4,25.999577524292352,0.0384540387709007,0.0006214883185080332,4.3289681214983097e-10,0.0001901313421384633,VILA PRUDENTE
1417701332,1417701335,0,152.78900000000002,0,5,25.026193493874104,0.039949693603659873,0.0008008191635573399,2.4313460399092797e-08,0.00021886724437406038,VILA PRUDENTE
1417701336,1535974123,0,24.131999999999998,0,6,24.880650612589776,0.04018338498110965,0.023689563500085657,2.6658954580011048e-08,0.00024657031674688647,VILA PRUDENTE
1417701336,7303881276,0,35.903999999999996,0,5,24.970426700464724,0.040038913797479064,0.02413933019518065,1.2073534248462611e-08,0.0002141072199395243,VILA PRUDENTE
1417701338,7305802196,0,24.807,0,5,26.212927756653993,0.038141056635399545,0.0008263203387707734,3.5336672062872445e-09,0.00022177900989984667,VILA PRUDENTE
1417702332,1417702338,0,42.279,0,4,27.836501901140686,0.03591646557088437,0.001085856492959105,3.282118307966822e-11,0.0002230470915075384,VILA PRUDENTE
1417702332,1417702340,0,99.248,0,4,27.530840726658216,0.03631522814986458,0.016667485857644625,1.0243983488137241e-10,0.0001995026770526192,VILA PRUDENTE
1417702335,1417702338,0,28.31,0,2,28.45901985635826,0.03513082204490629,0.0006412311638345624,1.373512360926655e-11,0.00012629193647981926,VILA PRUDENTE
1417702338,8645515749,0,385.672,0,4,27.5929446556823,0.036233492822966507,0.0015428211004127283,4.5780118992251605e-11,0.0002216658722332486,VILA PRUDENTE
1418186235,1780483210,0,144.067,0,4,23.298056611744826,0.04291296818474427,0.015571140978105802,2.9627841419442824e-05,0.00020422001799792278,VILA PRUDENTE
1420160829,1420160841,0,60.8,0,4,29.4404309252218,0.03395971902332623,0.019504491600139104,3.851147408798246e-14,0.00019507933241253488,VILA PRUDENTE
1420160829,1420160838,0,166.434,0,4,29.46155471060414,0.033935370076933556,0.000251309968635611,6.180045676526571e-14,0.00018729853807022802,VILA PRUDENTE
1420168040,1990851100,0,16.041,0,2,33.373679763413605,0.029957402636859063,0.0006412311638345624,2.234923001996526e-16,0.00013464243151513377,VILA PRUDENTE
1420168074,1420168076,0,35.625,0,2,32.962610899873255,0.03033099426447499,0.0006412311638345624,2.5211164524780815e-16,0.0001344867217729636,VILA PRUDENTE
1420168076,1990851100,0,10.022,0,4,32.888255175327416,0.030399568381365892,0.0014609705541631594,4.247642096272453e-16,0.00024951425598600084,VILA PRUDENTE
1420168081,1420168095,0,132.275,0,4,32.55407689057879,0.030711629929077094,0.0009881705395205491,6.879765647533134e-16,0.00021524116130279295,VILA PRUDENTE
1420168081,1990851096,0,64.026,0,4,32.240177439797215,0.03101064701064701,0.016566509429984982,9.224130749157808e-16,0.00021970572092881765,VILA PRUDENTE
1420412751,8743049022,0,21.07,0,7,26.434727503168567,0.03782103530389477,0.0065605886329334106,6.7903748194522425e-15,0.00027045386665324383,VILA PRUDENTE
1420412751,8743049025,0,40.790000000000006,0,5,26.561892691170257,0.03763996691691055,0.0070126175290554016,4.747497684502712e-15,0.00020624295290906232,VILA PRUDENTE
1421008031,2534716149,0,96.845,0,4,27.190325306294888,0.03677001841220022,0.00032493432933245945,1.3610290019792844e-11,0.00018594203362032205,VILA PRUDENTE
1421008034,4525354043,0,48.686,0,2,26.993451626531474,0.037038196373653035,0.0006412311638345624,4.959476469906347e-13,0.00014670762784981623,VILA PRUDENTE
1421008036,4525354043,0,84.11,0,4,25.994085340092944,0.038462163567806525,0.0019224595636707792,2.3421758702330305e-12,0.00023995980872410703,VILA PRUDENTE
1421274908,6785991388,0,13.723,0,2,28.705745669623997,0.03482887271603394,0.0006412311638345624,4.59525149148751e-13,0.00010623427638016065,VILA PRUDENTE
1421274916,1421274920,0,130.81,0,4,25.748838191803973,0.038828499938471636,0.00016904811310840612,1.4360467228518649e-11,0.00017404073072454585,VILA PRUDENTE
1421296179,1421296190,0,54.854,0,4,29.358470637938318,0.034054524654094386,0.0002605644273824216,5.592310631382204e-14,0.00020312074220680892,VILA PRUDENTE
1421296184,1990867030,0,62.36,0,5,29.62589776087875,0.033747121191594946,0.005130466274592953,2.743729552973147e-13,0.00021773408074530527,VILA PRUDENTE
1421296184,1421296192,0,107.042,0,4,30.18736797634136,0.03311944131498107,1.069404121853664e-05,1.2877796769100134e-13,0.0001848771632976674,VILA PRUDENTE
1421296184,1421296191,0,63.513,0,4,30.185678073510772,0.03312129546043009,0.004664041553753702,8.897927451163026e-14,0.00018532038921889506,VILA PRUDENTE
1421296188,1421296194,0,63.973,0,2,28.78221377270807,0.03473633995082749,0.0006412311638345624,1.4518469946311445e-13,0.00011596367031100352,VILA PRUDENTE
1421296190,1421296198,0,45.526,0,2,29.889945078158007,0.03344899963957342,0.0006412311638345624,2.5780031690738857e-14,0.00011847482889762491,VILA PRUDENTE
1421296190,1421296196,0,55.431,0,4,29.3808618504436,0.03402857163398975,0.001238246580323252,9.167719463158496e-14,0.00020451207888721667,VILA PRUDENTE
1421296191,1421296195,0,106.826,0,4,30.36354034643008,0.03292727892528924,0.002190016248773013,4.8262202416760324e-14,0.00018665773215397494,VILA PRUDENTE
1421296191,11195554379,0,61.919,0,5,30.099281791297,0.033216366060776194,0.002004721419197984,5.781024021707895e-14,0.00022083382960053473,VILA PRUDENTE
1421296192,1421296195,0,65.34,0,4,30.368187579214194,0.03292224007568011,0.0010124377869010746,8.805874544855126e-14,0.0001862145062327473,VILA PRUDENTE
1421296192,9535051622,0,62.52,0,5,29.806294888043936,0.033542872936790855,0.0014998392808997637,2.8555798425487377e-13,0.00021779031978977936,VILA PRUDENTE
1421311501,1421311507,0,86.692,0,2,31.711449091677228,0.03152769081147334,0.0006412311638345624,1.363533149340832e-13,0.00014054106151198859,VILA PRUDENTE
1535974108,1535974111,0,83.61699999999999,0,5,24.474862695395014,0.040849616792101084,0.0012117171319157285,6.286214992030685e-09,0.0002053652528446418,VILA PRUDENTE
1535974111,2549366551,0,109.479,0,5,24.59357836924377,0.0406524315874461,0.0078052105070600215,3.3953102286161388e-09,0.00020542052743963154,VILA PRUDENTE
1535974111,2488129731,0,74.02199999999999,0,6,25.093367131389947,0.039842750353559164,0.0012841075647796688,5.598586978137134e-09,0.0002303841679251046,VILA PRUDENTE
1535974113,2515543422,0,109.274,0,4,24.80016899028306,0.040313788286600115,0.0017439513371767443,1.55956381874166e-09,0.00017480257689673099,VILA PRUDENTE
1535974113,2488129773,0,77.647,0,5,25.316856780735108,0.039491030454735086,0.0008104849315817865,3.699976168458792e-09,0.00020047656989877742,VILA PRUDENTE
1535974116,8648142970,0,18.737,0,6,25.74271229404309,0.03883773981258103,0.0007718218594840001,6.241519206442282e-09,0.0002203709603688959,VILA PRUDENTE
1535974116,2488129749,0,18.977,0,6,25.581115335868187,0.03908307941305192,0.0008584024624263834,5.83991470142237e-09,0.0002201021238451912,VILA PRUDENTE
1535974116,2488129731,0,18.991,0,6,25.598436839881707,0.03905663335616382,0.0004458592569574507,6.2018460603639275e-09,0.0002200593423618849,VILA PRUDENTE
1535974116,2488129773,0,18.73,0,6,25.649133924799322,0.03897943552704183,0.0003391244994109023,5.799823092448001e-09,0.0002218665065174801,VILA PRUDENTE
1535974123,8976944504,0,81.795,0,5,24.790452049007182,0.040329589802143864,0.014588934423110975,3.125646006452829e-08,0.0002132110003862345,VILA PRUDENTE
1770073786,2450025105,0,15.004,0,5,26.09421208280524,0.03831457945438355,0.019726804264701376,5.131107478940394e-10,0.00022438597660081857,VILA PRUDENTE
1770073786,8645515762,0,23.457,0,4,26.479721166032952,0.037756770771010334,0.00011701748948744901,2.9957737426107176e-10,0.000189471127225462,VILA PRUDENTE
1780483210,4100272553,0,78.279,0,4,23.29890156316012,0.04291141191510195,0.007851688455432892,0.00012588582169450663,0.00020120510583681637,VILA PRUDENTE
1780483210,2466637800,0,44.56300000000001,0,4,23.427756653992397,0.04267539470006402,0.009292299200353068,2.9619354172149418e-05,0.00020607880639308062,VILA PRUDENTE
1780483213,2533390909,0,77.255,0,5,23.331432192648922,0.04285158124417163,0.016531136832108283,1.9336946859174048e-06,0.00023102349614185805,VILA PRUDENTE
1780483238,2514506218,0,73.554,0,5,24.102027883396705,0.041481520434009066,0.014983380020363923,5.361605875481271e-07,0.00022558071685390568,VILA PRUDENTE
1780483238,4559199353,0,74.19,0,5,23.989860583016476,0.0416754719639335,0.0220790820235018,2.6815344514738355e-07,0.0002285223764822177,VILA PRUDENTE
1780586543,1780590768,0,31.959,0,4,25.198352344740176,0.039676751418823195,0.021909211291838124,5.29068192728e-06,0.000198771647337284,VILA PRUDENTE
1780586543,5827683239,0,61.70400000000001,0,4,25.764681030840727,0.03880462408789046,0.04414541345939688,2.151267321673328e-06,0.00021550508131085974,VILA PRUDENTE
1780590768,1780590778,0,20.354,0,5,24.839670468948036,0.040249678972030176,0.018953748477384468,1.5944139458723092e-05,0.00023122476674685541,VILA PRUDENTE
1780590768,2513636376,0,65.117,0,4,25.19983100971694,0.0396744232832618,0.0032063614738116297,6.123335221738478e-06,0.00019894903487035356,VILA PRUDENTE
1780590778,2072112860,0,48.376999999999995,0,5,24.165399239543728,0.04137273927219644,0.03314782599396486,3.52820814333414e-05,0.00022950772264065052,VILA PRUDENTE
1780590778,7803739539,0,50.366,0,5,24.84685255597803,0.040238044633368754,0.029484242844401085,2.0418846145395104e-05,0.0002297021929447707,VILA PRUDENTE
1785383139,4559412176,0,16.411,0,4,23.97950992817913,0.041693461006527543,0.02040196844394091,0.002551500895596004,0.00019976992440189477,VILA PRUDENTE
1785383139,8753709698,0,19.885,0,4,24.404309252218,0.040967714013676104,0.0002587135356330595,0.0011752194224113632,0.00019992591158221157,VILA PRUDENTE
1785438831,1785438922,0,18.404000000000003,0,4,26.371989860583017,0.03791100965196844,0.007953487501647809,1.2592462026960643e-12,0.00020726420995479473,VILA PRUDENTE
1785438831,7291864443,0,19.124,0,4,26.242923531896917,0.038097461242494,0.02065677454143643,9.435815498334788e-13,0.0002074138176554322,VILA PRUDENTE
1785438832,1785438910,0,2.599,0,4,26.506759611322348,0.03771825665628013,0.008216519784696046,1.738888065164619e-11,0.00020670884183881236,VILA PRUDENTE
1785438832,1785438958,0,36.961,0,4,26.25749894381073,0.038076313524211,0.00036339174679142776,1.4962366440150056e-11,0.00020640250976327178,VILA PRUDENTE
1785438832,1785438975,0,6.475,0,4,26.58132657372201,0.037612447948122955,0.0076318436465364365,8.673508532122146e-12,0.00020835020673816207,VILA PRUDENTE
1785438837,1785438849,0,36.727,0,5,24.97950992817913,0.040024354561829296,0.005165427563192015,6.85658132032585e-09,0.00021829026349099256,VILA PRUDENTE
1785438837,1785438967,0,7.988,0,5,24.770595690747783,0.040361918406331014,0.000735009679135576,6.903836978926251e-09,0.00021940441744392838,VILA PRUDENTE
1785438837,1785438893,0,29.784,0,5,24.767004647232785,0.040367770603938695,0.0051656332178308334,7.56978683419537e-09,0.00022049658817016205,VILA PRUDENTE
1785438848,1785438856,0,22.383,0,4,24.487325728770596,0.04082882603107235,0.04175097649963877,7.85011471297107e-10,0.00018733662083735258,VILA PRUDENTE
1785438849,1785438967,0,39.384,0,4,25.22348964934516,0.03963721023717004,0.004081216307343454,3.266473617347124e-09,0.0001831958332978507,VILA PRUDENTE
1785438856,1785438899,0,22.346,0,4,24.29721166032953,0.04114829208071429,0.04234655233365573,1.874196944866592e-09,0.00019399168360204424,VILA PRUDENTE
1785438866,8694136273,0,18.826,0,2,23.469159273341784,0.042600109808015985,0.0006412311638345624,0.00039704035811060257,0.0001175677912922948,VILA PRUDENTE
1785438872,1785438980,0,6.785,0,4,25.59167722855936,0.03906694950929006,0.03669536851357557,1.0028980232339537e-10,0.00020446781482422757,VILA PRUDENTE
1785438872,1785438989,0,79.06700000000001,0,4,26.105830164765525,0.038297528017154185,0.032958829380891105,2.64016976854469e-11,0.00020921693058259058,VILA PRUDENTE
1785438872,1785438889,0,80.33900000000001,0,4,26.35044359949303,0.037942008770031184,0.00381263134904713,2.8330226479773355e-11,0.00020870143546287035,VILA PRUDENTE
1785438874,8677634809,0,93.38199999999999,0,5,24.74081115335868,0.040410508610605946,0.04791958739098505,3.228070047884957e-08,0.00022183308299415926,VILA PRUDENTE
1785438874,4559433934,0,161.07900000000004,0,4,24.546472327841148,0.0407304458576801,0.012150487370645804,5.5357498174570616e-08,0.00018717190330613855,VILA PRUDENTE
1785438887,1785438978,0,14.735,0,4,26.479721166032952,0.037756770771010334,0.0008982994623570777,1.764006212073171e-11,0.00020289057743124928,VILA PRUDENTE
1785438887,4559450441,0,17.412,0,4,26.395014786649767,0.037877939081582025,0.004792575703014959,3.458920502782318e-11,0.00020489472717848432,VILA PRUDENTE
1785438889,1785438989,0,9.145,0,4,26.536966624419097,0.03767532198748667,0.0013303798585137217,1.4584589519678187e-11,0.00020971975738549745,VILA PRUDENTE
1785438889,1785438979,0,4.416,0,4,26.457541191381495,0.037788423153692616,0.004901572661588505,2.0847678124454433e-11,0.00020745072509235392,VILA PRUDENTE
1785438893,4559433956,0,12.585,0,4,24.51795521757499,0.04077781989868008,0.0004594324631194395,3.2910125905322295e-09,0.00018532358253523477,VILA PRUDENTE
1785438894,1785438997,0,66.673,0,4,24.317279256442756,0.04111433485640821,0.0375063161680947,2.6808789847562512e-05,0.0002361090069580708,VILA PRUDENTE
1785438897,1785438995,0,22.481,0,4,25.70299957752429,0.03889774651128388,0.0004876071486375072,2.585309887310778e-10,0.00019934375962791772,VILA PRUDENTE
1785438899,1785438961,0,35.751,0,4,24.765314744402197,0.04037052516654015,0.03917432952988789,2.8207146208031628e-09,0.00020140809223558623,VILA PRUDENTE
1785438910,1785438979,0,10.693000000000001,0,4,26.711660329531053,0.037428926162289544,0.0006474008029991028,2.4667730636764452e-11,0.00020558419246748946,VILA PRUDENTE
1785438910,1785438962,0,15.578,0,4,26.097591888466415,0.03830961747041588,0.007790403373065124,5.120672377205091e-11,0.0002013754111828213,VILA PRUDENTE
1785438916,8657311223,0,25.358,0,4,24.61723700887199,0.04061336216513069,0.0004448309837633606,8.700555451503603e-10,0.00019851096865228945,VILA PRUDENTE
1785438916,1785438961,0,104.398,0,4,24.650401351922266,0.04055872145336133,0.03953669300348523,1.930603191408224e-09,0.00020312186164657094,VILA PRUDENTE
1785438918,1785438965,0,29.646,0,4,24.8177017321504,0.04028530816175407,0.0004586098445641675,2.6372637021899636e-09,0.00019989435678178255,VILA PRUDENTE
1785438920,2453057172,0,230.521,0,4,23.898183354457117,0.041835345696254,0.04772071935524803,2.7511579742350964e-08,0.00020111456493772059,VILA PRUDENTE
1785438920,1785438927,0,73.212,0,4,24.173003802281368,0.04135972386070695,0.0030535600771698468,3.017427128104457e-08,0.00020689544698910878,VILA PRUDENTE
1785438922,1785438975,0,7.596,0,4,26.415293620616815,0.03784886045581767,0.020478471969581212,4.272763471044763e-12,0.00020891415924652443,VILA PRUDENTE
1785438922,7291864443,0,7.624,0,4,26.383819180397126,0.03789401205754958,0.012766834323183386,1.5073854484159896e-12,0.00020922399937893865,VILA PRUDENTE
1785438927,8653822702,0,148.652,0,4,24.30460498521335,0.04113577500043456,0.004718745687679293,1.0531019197536032e-08,0.00020710678409282922,VILA PRUDENTE
1785438958,1785438975,0,35.947,0,4,26.11153358681876,0.038289162864446814,0.012628223096620046,1.301133911779228e-11,0.00020680622983985743,VILA PRUDENTE
1785438962,1785438979,0,20.722,0,4,26.101394169835235,0.038304036774465054,0.004034532704331765,5.172123302960701e-11,0.00020148840663426241,VILA PRUDENTE
1785438967,4559433956,0,29.4,0,4,24.69898605830165,0.04047893949112679,0.004602345162108297,2.6250627464580574e-09,0.00018431153545713378,VILA PRUDENTE
1785438980,1805689513,0,73.638,0,4,25.306928601605406,0.03950652320893467,0.035757377705926616,2.9055816531320395e-10,0.00019644804399618818,VILA PRUDENTE
1785438989,4583062720,0,2.599,0,4,26.270173215040135,0.03805794327894953,0.034066690920203736,7.88289400042503e-12,0.00021038486020585512,VILA PRUDENTE
1785438995,1819653067,0,91.127,0,4,25.64828897338403,0.038980719656725886,0.037504002553407995,3.473913712449754e-10,0.00020524245878823428,VILA PRUDENTE
1785438997,2395136576,0,12.127,0,2,25.016476552598224,0.03996521092984767,0.0006412311638345624,2.3068502741841494e-05,0.00013456038967229802,VILA PRUDENTE
1785438997,8919039098,0,274.13599999999997,0,4,24.703844528939587,0.04047097855457126,0.03684616477748888,0.00010520400523942267,0.00024747023817525286,VILA PRUDENTE
1805689513,5502227040,0,90.49199999999999,0,4,25.667300380228138,0.038951847188274116,0.015154895989138144,4.753167353634423e-10,0.00019012834115709633,VILA PRUDENTE
1808440516,12073259605,0,112.65200000000002,0,4,24.208914237431348,0.04129837267134942,0.006843363761308178,4.752885432248638e-07,0.00019814145626767396,VILA PRUDENTE
1808440516,5825605150,0,31.917999999999996,0,4,24.836079425433038,0.040255498664670764,0.0002922352417603955,1.5800330763674187e-07,0.00019977175246468077,VILA PRUDENTE
1808440516,5825605761,0,42.349999999999994,0,4,25.104140261934937,0.03982565233122691,0.00627513999425401,1.5880164842883202e-07,0.00020275404224140124,VILA PRUDENTE
1819619960,8919039098,0,98.932,0,4,24.326151246303336,0.041099340048627996,0.03706621524102415,0.0004543829163933427,0.0002285012175929066,VILA PRUDENTE
1819619973,2847091518,0,66.307,0,4,25.144909167722854,0.03976108068147451,0.017801671190725964,4.943497147352915e-09,0.00018333353536634093,VILA PRUDENTE
1838288435,2489402943,0,1.902,0,4,26.354457118715676,0.03793623058303009,0.04215056346286217,2.42282793509357e-12,0.00020179148136605446,VILA PRUDENTE
1838288435,12729039392,0,5.71,0,4,26.597169412758767,0.03759004376106933,0.041647943525590946,1.6039724655282433e-12,0.0002073484183189412,VILA PRUDENTE
1838288435,2489402964,0,26.148000000000003,0,4,26.550063371356146,0.037656737317802814,0.0005532109784204531,2.574815854253975e-12,0.00020852820355104747,VILA PRUDENTE
1838288441,1838288499,0,111.751,0,2,24.959864807773553,0.04005585646580907,0.0006412311638345624,6.594983300898391e-09,0.00011666165221779805,VILA PRUDENTE
1838288459,1838288464,0,79.023,0,4,24.478664976763834,0.040843271603872904,0.0014494538943893508,2.369050570537338e-08,0.00019994668198678673,VILA PRUDENTE
1838288459,4559433933,0,107.188,0,4,24.538867765103507,0.04074306816910138,0.03982831128132917,8.647301019969489e-08,0.0001933388525474884,VILA PRUDENTE
1838288464,1838288499,0,110.41600000000001,0,4,24.57456696239966,0.0406838811717783,0.0009505357406168529,1.2349102246543226e-08,0.00020643486763885816,VILA PRUDENTE
1838288465,4559433933,0,240.667,0,5,24.26615969581749,0.04120094710818622,0.03979499522984065,3.382347949324828e-07,0.00021330565772395812,VILA PRUDENTE
1838288491,2514506195,0,81.172,0,4,24.637938318546684,0.04057923797112384,0.0009168083798506988,6.124539046956254e-08,0.00020496453864718702,VILA PRUDENTE
1838288491,4559199353,0,218.45100000000002,0,4,24.399028305872413,0.04097658110038527,0.0010916148228460093,7.702541151205955e-08,0.00019729116191054185,VILA PRUDENTE
1925380195,1925380359,0,107.299,0,4,25.803548795944234,0.038746172863762134,0.009795741756179562,3.756772879362418e-15,0.00020225009637409957,VILA PRUDENTE
1925380262,1925380473,0,37.869,0,2,26.212294043092523,0.03814197874106488,0.0006412311638345624,6.286572260848917e-13,0.00012238009401254092,VILA PRUDENTE
1925380262,4525354041,0,61.772,0,4,25.37346852555978,0.03940292046154615,0.002543742227539994,1.1243269467789805e-12,0.00023206993180623775,VILA PRUDENTE
1925380386,8743049030,0,78.32900000000001,0,4,27.180185889311364,0.03678373526280203,0.07467916333934599,5.705340045484183e-15,0.0001844477147898773,VILA PRUDENTE
1947610002,4556489225,0,112.728,0,2,30.393113645965357,0.03289523981623703,0.0006412311638345624,2.2445649772002523e-12,0.0001233860381175567,VILA PRUDENTE
1965962859,2393894560,0,16.465,0,4,27.494719053654414,0.036362937922556855,9.665768024446578e-06,8.885538751341346e-09,0.00018655543595766993,VILA PRUDENTE
1965962859,1990867033,0,63.336999999999996,0,4,26.768060836501903,0.03735006313131313,0.01177311110841475,1.20978171961784e-08,0.00018537212991791372,VILA PRUDENTE
1965962859,8002863819,0,90.789,0,4,27.585973806506125,0.036242648860573386,0.01126822897011653,4.288867352205848e-09,0.00018996374213157,VILA PRUDENTE
1965963085,6321320942,0,34.305,0,6,30.059991550485847,0.03325978187542163,0.0004952163702737736,3.7839207167673087e-10,0.00026018609951396324,VILA PRUDENTE
1965963085,1965963156,0,180.49,0,5,29.699408534009294,0.03366359168403309,0.0030488300204770326,4.866106678318052e-10,0.0002239616896899472,VILA PRUDENTE
1965963156,1965963187,0,20.383,0,4,29.249260667511617,0.03418167636820591,0.0029198845619381386,8.138323308795369e-10,0.00018708632948062276,VILA PRUDENTE
1965963156,7979743770,0,38.074,0,4,28.96894803548796,0.03451242899539883,0.0009046747561604362,1.1272770396231044e-09,0.0001805977634542706,VILA PRUDENTE
1965963187,8002863819,0,31.001999999999995,0,4,28.472961554710604,0.035113620345572034,0.003410782184796734,1.5158518986032293e-09,0.00018941547231348486,VILA PRUDENTE
1965963187,13585209224,0,8.683,0,5,29.084917617237007,0.03437481843007379,6.375293803358382e-06,1.5275319398018664e-09,0.00022640061563646978,VILA PRUDENTE
1990851096,1990851100,0,38.891,0,4,32.383185466835656,0.030873700277882873,0.0007712048955675462,8.707287591905574e-16,0.00023642401069571889,VILA PRUDENTE
1990851096,1990851098,0,7.791,0,4,31.524926066751163,0.0317142301945202,0.017358691098711965,3.3631698313316767e-15,0.00021767069500433346,VILA PRUDENTE
1990867030,9535051622,0,106.353,0,6,29.27777777777778,0.0341483827678011,0.004111447539249702,4.311476427899822e-13,0.0002494005338954638,VILA PRUDENTE
2072112860,7803739539,0,51.017,0,4,24.37051119560625,0.04102452977377134,0.0006494573493872829,3.089782875912586e-05,0.00019312394685773096,VILA PRUDENTE
2292717564,8641571371,0,63.987,0,5,24.829531051964512,0.04026611537905277,0.023105093016564864,7.193637336524013e-10,0.00021306833495568676,VILA PRUDENTE
2292717564,4549582648,0,85.621,0,6,24.433882551753275,0.040918129160542924,0.03375121670425691,7.218543742106107e-10,0.00024383770893649903,VILA PRUDENTE
2292717564,2450029050,0,23.093,0,6,24.474017743979722,0.04085102710167444,0.03677475120415932,7.067702531637667e-10,0.00024851423142172437,VILA PRUDENTE
2378322746,4174509663,0,29.737000000000002,0,4,24.68610054921842,0.04050006845564075,0.03419830988904727,1.240575397979265e-11,0.0001970159033541061,VILA PRUDENTE
2378322760,4224851124,0,38.59,0,5,24.204478242501057,0.04130594149270404,0.00949281247320063,1.8758826038002114e-10,0.00020486503320761405,VILA PRUDENTE
2378322760,2378322838,0,22.161,0,6,24.082382762991127,0.04151535884076277,0.01380415632138144,1.998115914660491e-10,0.00024017781828299516,VILA PRUDENTE
2378322820,2419247896,0,60.299,0,5,23.773764258555133,0.04205428939535297,5.388151537031922e-05,3.970146122798236e-07,0.00021091519116899561,VILA PRUDENTE
2378322827,2419247896,0,39.616,0,5,24.08745247148289,0.04150662106463211,0.01415500313520497,4.487764684771121e-07,0.00021362572731702727,VILA PRUDENTE
2378322838,4224851123,0,42.947,0,5,24.550485847063793,0.04072378723477483,0.012449714870126012,2.25601863241214e-10,0.00020833622415495783,VILA PRUDENTE
2378322838,4549582648,0,29.253,0,6,24.301436417406,0.041141138530810216,0.034168901275696294,3.4404011570318554e-10,0.00024111251470469632,VILA PRUDENTE
2390902651,2390902652,0,7.732,0,5,26.217574989438106,0.0381342958892631,0.0002620040098541477,2.7472261596229575e-16,0.00021688519845074577,VILA PRUDENTE
2393008625,7208896371,0,257.326,1,4,25.170891423743136,0.039720037932510346,0.02990526930372126,7.345663316004301e-15,0.00019136629020547233,VILA PRUDENTE
2393432891,8769927204,0,32.46,0,4,25.46535699197296,0.03926074008942125,0.025277834275677164,6.208753767694948e-13,0.0001905157473324146,VILA PRUDENTE
2393432891,2393432914,0,16.019,0,5,25.99683143219265,0.03845810074023515,0.0008232355191885032,1.1916802019421071e-12,0.0002225084635298279,VILA PRUDENTE
2393432912,2393432914,0,14.365,0,5,26.464300802703846,0.03777877109241551,0.007194416229770525,1.4267670978392168e-12,0.00021917165648850778,VILA PRUDENTE
2393432912,2515860951,0,16.425,0,5,26.690114068441066,0.037459141597613,0.0008390709263774903,1.96634955405104e-12,0.00021990954512254247,VILA PRUDENTE
2393432914,2515860951,0,13.641,0,6,26.56083650190114,0.03764146366680187,0.0006759867977948065,2.134100510924377e-12,0.000255128181178766,VILA PRUDENTE
2393894553,2419247900,0,42.645,0,6,25.752851711026615,0.038822448611316174,0.014464102057348441,7.221479386213202e-08,0.00024894722272523844,VILA PRUDENTE
2393894553,2419247902,0,42.419,0,6,25.39459231094212,0.03937014423796769,0.002761324835409451,9.955355653528883e-08,0.00024971418917640707,VILA PRUDENTE
2393894553,2419247898,0,42.989,0,5,25.37156738487537,0.03940587299869285,0.013455160399307274,5.428663198677893e-08,0.0002099442470844585,VILA PRUDENTE
2393894553,2419247899,0,41.928000000000004,0,5,25.411068863540347,0.039344616612356186,0.003787952792388969,5.07601293795922e-08,0.00021043237494074144,VILA PRUDENTE
2395110352,2395110355,0,53.531000000000006,0,4,26.68166455428813,0.037471004108905796,0.002393408686564027,3.6142302317131513e-09,0.00019773118601629247,VILA PRUDENTE
2395110352,6080524187,0,68.952,0,5,27.05027460920997,0.036960392328356344,0.0002887391129004893,3.884760324621151e-09,0.00023319887125545886,VILA PRUDENTE
2395110355,2395110397,0,100.866,0,4,25.84664131812421,0.038681573742624105,0.012371360452736348,1.17158131472084e-08,0.00019389166188741745,VILA PRUDENTE
2395110355,2395110356,0,49.4,0,4,26.525771018166456,0.037691223431788684,0.01001949400321356,3.556069419417575e-09,0.00019893597238993747,VILA PRUDENTE
2419247898,2419247899,0,59.885,0,4,25.664131812420784,0.03895665629578415,0.0012738248328387682,3.335754083423107e-08,0.00017378877998308628,VILA PRUDENTE
2419247900,3946491323,0,51.496,0,3,26.11723700887199,0.038280801365265,0.0006412311638345624,4.1780285859915097e-08,0.00013812455451860955,VILA PRUDENTE
2419247900,2419247902,0,59.751,0,6,25.62716518800169,0.03901285041914292,0.010463091059144012,1.0007912985701712e-07,0.0002526665631174992,VILA PRUDENTE
2419247902,3946491324,0,48.689,0,3,25.764681030840727,0.03880462408789046,0.0006412311638345624,7.318571761883929e-08,0.00013889152096977815,VILA PRUDENTE
2435968750,2533390970,0,106.81700000000001,0,5,23.881073088297423,0.04186531980575482,0.03743515966306367,4.5034786929708e-06,0.00022439380003925807,VILA PRUDENTE
2435968750,2514506218,0,186.905,0,4,24.13096746937051,0.041431772821177215,0.0140343352758785,1.2117134232148326e-06,0.00018648095419080072,VILA PRUDENTE
2450025105,6754082542,0,45.424,0,5,25.648500211237852,0.03898039861637292,0.010976816346911406,5.309688848496874e-10,0.00022036501686290174,VILA PRUDENTE
2450025105,8645515762,0,33.366,0,5,26.02175749894381,0.03842126198381323,0.0009581449622531194,5.441525187201044e-10,0.00022389621135132963,VILA PRUDENTE
2450025105,2450025106,0,15.883,0,6,25.671736375158428,0.038945116432156666,0.031135289698491792,1.3374363377451868e-09,0.00025358617951061794,VILA PRUDENTE
2450025106,6470533451,0,46.629000000000005,0,5,25.282002534854247,0.039545473534695244,0.015509033277182763,2.070665034072585e-09,0.00021339370511868223,VILA PRUDENTE
2450025106,2450025107,0,47.182,0,5,25.319391634980988,0.03948707680499241,0.008152355537384826,1.223190474453529e-09,0.000218680940422333,VILA PRUDENTE
2450025106,6470533450,0,17.912,1,6,25.29214195183777,0.039529620071325364,0.01983703515110783,2.771582082657807e-09,0.00024879027068882767,VILA PRUDENTE
2450025107,6754082542,0,27.436000000000003,0,4,25.737220109843683,0.03884602757715036,0.00030889326750465447,4.1672301357965383e-10,0.00018440747922553345,VILA PRUDENTE
2450025107,2450025111,0,242.417,0,4,25.404098014364173,0.039355412720454334,0.008369938145254283,4.034751462932353e-10,0.00019103491209367896,VILA PRUDENTE
2450025111,6470533452,0,111.059,0,4,25.512885509083226,0.039187600390799646,0.004232783776152329,4.3984644561149267e-10,0.0001972936996972124,VILA PRUDENTE
2450025111,8739974158,0,41.086,0,4,25.3375580904098,0.03945876546503485,0.01295891575583941,2.2918405476528977e-10,0.00019105865147688326,VILA PRUDENTE
2450029048,8725693506,0,14.586,0,2,25.825728770595692,0.03871289639208565,0.0006412311638345624,1.2871763164971733e-11,0.00011306535127639068,VILA PRUDENTE
2450029048,2515869125,0,64.023,0,4,25.435572454583863,0.03930671361658306,0.012604778467794793,3.177828578560908e-11,0.00019944903254483882,VILA PRUDENTE
2450029050,8739974158,0,25.95,0,5,24.86417405999155,0.04021001299837733,0.013114801972063463,2.987676926456029e-10,0.00021908996453228865,VILA PRUDENTE
2450029050,4224851124,0,98.276,1,5,24.368187579214194,0.04102844164737905,0.009367980107438096,3.1673265218954653e-10,0.00021021761371566323,VILA PRUDENTE
2450029050,8739974161,0,24.099,0,5,24.853823405154202,0.04022675891142124,0.032647056948443,2.8760470056996246e-10,0.00021621418917908565,VILA PRUDENTE
2450029052,2515869125,0,51.969,0,5,25.493874102239122,0.03921682354500862,0.013748629568900578,9.556959624938392e-11,0.0002266869948581705,VILA PRUDENTE
2450029052,8739974161,0,123.09700000000001,0,5,25.527249683143218,0.0391655495423928,0.03251790583526529,1.5413930372751206e-10,0.0002204522752596893,VILA PRUDENTE
2450029052,6754082542,0,194.83,0,5,25.598859315589355,0.03905598877748896,0.010757999811209042,2.271222643578262e-10,0.00022111681303803917,VILA PRUDENTE
2451166007,2451166012,0,35.037,0,4,28.511618081960286,0.03506601271355965,0.021570909410982494,3.432771313387723e-12,0.00020661892319035445,VILA PRUDENTE
2451166007,11195554060,0,125.60000000000001,1,4,28.78221377270807,0.03473633995082749,0.024374804756627275,1.4346418320520991e-12,0.0002107531671374872,VILA PRUDENTE
2451166007,2451166013,0,30.967999999999996,0,4,28.53717786227292,0.0350346052777675,0.0033188545612450825,2.444115098702396e-12,0.00020365425512987553,VILA PRUDENTE
2451166012,2451166015,0,14.555,0,4,27.763836079425435,0.03601046913279669,0.06365545773478408,1.1782445935748472e-11,0.00020628814299098543,VILA PRUDENTE
2451166012,2451166013,0,30.463,0,4,28.191803971271653,0.035463809381087966,0.04223632144724928,3.983359992620603e-12,0.00020288222061228995,VILA PRUDENTE
2451166013,2451166017,0,33.985,0,5,28.118293198141107,0.03555652382955706,0.045852963925502845,5.13610240055534e-12,0.0002374248954177545,VILA PRUDENTE
2451166015,8645515749,0,38.953,1,4,27.326996197718632,0.0365861200006184,0.054598427441238814,4.3119969950039264e-11,0.0002085460830590786,VILA PRUDENTE
2451166015,2451166023,0,50.649,0,4,27.40874524714829,0.03647699860504189,0.014290529542186039,1.689056329322686e-11,0.00020157041529755154,VILA PRUDENTE
2451166017,2451166023,0,50.237,0,5,27.734051542036333,0.03604914199538437,0.0009063199932709803,1.123286856892805e-11,0.00023557773343634616,VILA PRUDENTE
2453057168,8653822647,0,13.838,0,4,24.059146599070555,0.0415554540984758,0.04051375819250961,2.9476990189549473e-09,0.0001916488222835992,VILA PRUDENTE
2453057168,8653822702,0,99.58899999999998,0,4,24.43303760033798,0.04091954420486573,0.0402167928940564,4.177379847927939e-09,0.0002025227109706549,VILA PRUDENTE
2453057168,2453057172,0,22.497,0,4,24.066539923954373,0.04154268811824701,0.0005622597825284456,7.47102896175779e-09,0.0001978874556159197,VILA PRUDENTE
2453057233,2453057235,1,67.656,0,3,29.131178707224336,0.034320230300129796,0.0,8.712139095703195e-16,0.00017903127063351122,VILA PRUDENTE
2453057233,2453057235,2,18.134,0,3,29.131178707224336,0.034320230300129796,0.026650167680509762,8.7099295019171e-16,0.00017903127063351122,VILA PRUDENTE
2453057233,2489402967,0,163.817,0,4,28.611956062526406,0.034943041292294516,0.026713097999988073,3.8787642610610084e-15,0.0002201760177447147,VILA PRUDENTE
2486712555,2486712563,0,13.452,0,4,31.670257710181666,0.03156869676575934,0.00039814738075167184,1.9910168761165237e-12,0.00020582440384054148,VILA PRUDENTE
2486712557,2486712572,0,39.034,0,4,31.301647655259824,0.03194045160680784,0.02711165669001738,7.215485625334291e-12,0.00019625072559494104,VILA PRUDENTE
2486712557,2486712569,0,13.687999999999999,0,4,31.80207013096747,0.03143785162503072,0.0011146481423936268,4.296105848699068e-12,0.00020051789995349908,VILA PRUDENTE
2486712563,2486712565,0,3.598,0,4,32.0333755809041,0.031210846313123985,0.0009073482664650703,1.9949990939975814e-12,0.00020567445660270027,VILA PRUDENTE
2486712565,2486712571,0,13.959000000000001,0,4,32.41191381495564,0.030846335327624187,0.000835369142878766,2.835853410849217e-12,0.00020351875834101867,VILA PRUDENTE
2486712565,2486712577,0,19.409,0,4,31.97887621461766,0.031264036779665494,0.00020071892748638003,5.329557390903001e-12,0.0001988417144493759,VILA PRUDENTE
2486712569,2486712571,0,3.479,0,4,32.05111956062527,0.03119356752125486,0.007460738987039851,3.369947152315662e-12,0.00020239155111069027,VILA PRUDENTE
2486712569,2486712572,0,36.416,0,4,31.618081960287284,0.03162079102084447,0.006812926874763112,6.618891759464679e-12,0.00019757032534457208,VILA PRUDENTE
2486712571,2486712577,0,18.366,0,4,31.894381073088297,0.031346862002278326,0.006161001669710012,5.534084560860448e-12,0.00019826855862660768,VILA PRUDENTE
2488129731,8648142970,0,29.529,0,6,25.30207013096747,0.03951410920020037,0.00037367447873232836,6.206354315118338e-09,0.00022163578753512164,VILA PRUDENTE
2488129731,2488129749,0,29.806,0,6,25.361216730038024,0.03942195568882226,0.0004493553858173569,5.80474978002912e-09,0.00022136695101141688,VILA PRUDENTE
2488129749,2515543421,0,90.822,0,6,25.04773975496409,0.03991532856564566,0.0018821512544624486,3.969079096415128e-09,0.00022916735945036523,VILA PRUDENTE
2488129749,2488129773,0,29.513,0,6,25.31073088297423,0.03950058837766335,0.00038683637561668114,5.402726816650922e-09,0.00022317411516701216,VILA PRUDENTE
2488129773,8648142970,0,29.316000000000003,0,6,25.59991550485847,0.039054377423879856,0.0001552692523075993,5.804331334438058e-09,0.00022344295169071684,VILA PRUDENTE
2489402943,2549366709,0,233.693,0,5,25.60963244613435,0.03903955920683625,0.042021412349684456,7.296912231541881e-12,0.00023195376239152631,VILA PRUDENTE
2489402952,7953937698,0,9.793000000000001,0,4,26.198141106886354,0.03816258405766719,0.00019496059759947567,5.583438605500575e-13,0.0002088698647063033,VILA PRUDENTE
2489402952,8773516836,0,2.1340000000000003,0,4,26.167089142374312,0.03820787083753784,0.05791933854887208,1.2546962867077873e-12,0.00020702274719484106,VILA PRUDENTE
2489402964,12729039392,0,26.573,0,4,26.618926911702577,0.03755931880584697,0.01755570824269962,2.4691079373440395e-12,0.00020942405704498182,VILA PRUDENTE
2513636376,7803739539,0,1.303,0,4,24.904309252218,0.040145211498172136,0.03033524173983002,1.0598041908411546e-05,0.00019746694990855653,VILA PRUDENTE
2514506159,7301900228,0,66.92,0,5,23.264681030840727,0.042974531257093565,0.002803689691005962,3.7393051630017596e-05,0.00023521111530721414,VILA PRUDENTE
2514506159,2533390999,0,143.574,0,5,23.164131812420784,0.04316107205062968,0.0010428746734461405,3.709417423261763e-05,0.00023236536453672598,VILA PRUDENTE
2514506178,2514506179,0,80.929,0,2,24.877059569074778,0.04018918551728823,0.0006412311638345624,3.8385382503291135e-07,0.0001175025155925824,VILA PRUDENTE
2514527005,2533390959,0,121.40500000000002,0,2,25.4467680608365,0.03928942016353298,0.0006412311638345624,4.615325393230848e-07,0.0001226933863876462,VILA PRUDENTE
2515543421,2549366568,0,111.284,0,6,24.732784114913393,0.040423623863005506,0.001334492951290082,1.7499207056870405e-09,0.00023984790182467864,VILA PRUDENTE
2515543421,2549366551,0,93.667,0,5,24.562526404731727,0.04070382442229465,0.0007391227719119362,2.1277337447214073e-09,0.00020421633430930556,VILA PRUDENTE
2515543421,2515543422,0,96.625,0,5,24.61406844106464,0.040618590321224134,0.0003699726952336041,1.7885751730937792e-09,0.00020666730371710423,VILA PRUDENTE
2515860927,3775628989,0,37.062000000000005,0,4,26.043726235741445,0.03838885238987436,0.004477101487068128,2.343139089386656e-14,0.00020742283634281948,VILA PRUDENTE
2515860951,2515860952,0,23.025,0,5,26.57076468103084,0.03762739891561859,0.001120406472280531,3.9265872187438914e-12,0.00022271112312563884,VILA PRUDENTE
2515860952,2515860954,0,101.66699999999999,0,4,26.183988170680188,0.03818321164938889,0.021075076076792265,1.2523432099082981e-11,0.00019361158061455492,VILA PRUDENTE
2533390909,2533390925,0,67.121,0,6,23.43177017321504,0.042668085029659415,0.015491141323605595,2.7827798330057444e-06,0.00026341693306952815,VILA PRUDENTE
2533390909,2533390961,0,217.12900000000002,0,6,23.21905365441487,0.0430589797942121,0.0018634366823300095,5.372873911695078e-06,0.000258674778349391,VILA PRUDENTE
2533390925,2533390949,0,80.812,0,6,23.88339670468948,0.041861246727517155,0.016596740661891228,2.2821798908017697e-06,0.0002726326805495622,VILA PRUDENTE
2533390949,2533390959,0,37.897999999999996,0,5,24.475496408956484,0.04084855912382301,0.015669032586183174,1.4560635127290545e-06,0.00025483979579799475,VILA PRUDENTE
2533390949,7305783256,0,153.59300000000002,0,3,24.480566117448248,0.04084009974890199,0.0006412311638345624,1.2111219202527146e-06,0.0001534428266631273,VILA PRUDENTE
2533390959,2533390974,0,73.054,0,4,25.140473172792564,0.03976809645842961,0.015152839442749965,1.185122229687337e-06,0.00022423989777700938,VILA PRUDENTE
2533390961,2533390999,0,150.222,0,5,23.455851288550907,0.0426242795389049,0.0007438528286047505,1.1340803609438637e-05,0.00021997561325701567,VILA PRUDENTE
2533390961,2533390970,0,83.22899999999998,0,6,23.572243346007603,0.04241381473416315,0.011938251783385614,7.432020618786664e-06,0.00025666532825107817,VILA PRUDENTE
2533390970,7301900228,0,223.202,0,5,23.46577946768061,0.0426062455552855,0.03743536531770249,1.1435742734943593e-05,0.00022610440060435527,VILA PRUDENTE
2533390974,4559413290,0,53.653000000000006,0,4,24.892268694550065,0.04016463000678887,0.0013229762915162732,3.8116318784372095e-06,0.00021938606462496967,VILA PRUDENTE
2533390994,4559413290,0,71.49099999999999,0,4,24.469792986903254,0.040858080110497234,0.0005550618701698152,1.4684881752786685e-05,0.00021287851472736517,VILA PRUDENTE
2533390994,2533391000,0,147.59199999999998,0,4,23.729826784959865,0.04213215592369388,0.00023506325216898807,4.639675231772786e-05,0.00020803289365958443,VILA PRUDENTE
2534716159,2534716162,0,50.304,0,4,25.840304182509506,0.03869106010071284,0.006907733663258216,6.959875594631965e-16,0.00021552268161739772,VILA PRUDENTE
2534716159,8710625496,0,233.591,0,4,25.78348119983101,0.03877632948000557,0.006167376963513371,2.2650586784848877e-15,0.00020495774221770014,VILA PRUDENTE
2534716162,2534716181,1,93.90299999999999,0,3,26.29087452471483,0.038027976635251204,0.0,1.325839954580072e-16,0.00016696364874615451,VILA PRUDENTE
2534716162,2534716181,0,68.429,0,3,26.29087452471483,0.038027976635251204,0.006671642137895137,1.344771216674598e-16,0.00016696364874615451,VILA PRUDENTE
2549366556,2549366568,0,54.33500000000001,0,5,24.67131389945078,0.04052434200387006,0.006287890581860726,7.12940950816138e-10,0.00021093786659988733,VILA PRUDENTE
2549366556,8653577182,0,58.113,0,4,24.64955640050697,0.04056011174812111,0.021220679561075418,3.1014308580139317e-10,0.00017988550254079456,VILA PRUDENTE
2549366567,8653577182,0,24.944999999999997,0,5,24.59611322348965,0.04064824198285783,0.023709512000051003,3.2039830579118755e-10,0.00021348858812675396,VILA PRUDENTE
2549366567,2549366568,0,52.827,0,6,24.472961554710604,0.04085279012558802,0.0014597366263302514,7.23196174031057e-10,0.00024331678661117345,VILA PRUDENTE
2549366707,2549366709,0,9.554,0,5,25.298690325306296,0.03951938812998898,0.0014800964355732346,7.772975343814828e-12,0.00022941864066065138,VILA PRUDENTE
2549366707,7953937699,0,269.013,0,4,25.317279256442756,0.039490371458131696,0.02492451960618782,5.14718648297279e-12,0.0001906610252322669,VILA PRUDENTE
2549366709,2549366715,0,63.705,0,5,25.42289818335446,0.03932630949215634,0.0005250362929023854,1.4857433026052627e-11,0.0002316582176213983,VILA PRUDENTE
2778109033,2778109088,0,14.492,0,4,25.02175749894381,0.039956776105290706,0.0003053971386447483,1.6065607876414804e-07,0.00019166677276257182,VILA PRUDENTE
2778109033,2778109070,0,21.072,0,4,25.024714828897338,0.03995205415854204,0.0015245178375579253,1.3263912272846199e-07,0.00019510651601288697,VILA PRUDENTE
2778109036,2778109070,0,14.07,0,4,24.59252217997465,0.04065417751093016,0.004218387951435068,4.121615509102665e-07,0.00020115134704337906,VILA PRUDENTE
2778109036,2778109088,0,18.93,0,4,24.510773130544994,0.040789768516124585,0.0014813303634061427,4.401785069434822e-07,0.0001977116037930639,VILA PRUDENTE
2811421191,6603868566,0,3.806,0,4,29.416983523447403,0.03398678730432285,0.01895662764232792,3.5827249652635453e-12,0.00023672517645787123,VILA PRUDENTE
2847091518,8645515778,0,89.293,0,4,24.898605830164765,0.040154407397980825,0.015895458343521806,9.79843696392697e-09,0.00017724003053505086,VILA PRUDENTE
3243946509,4559143096,0,21.523,0,4,27.590198563582593,0.03623709919456099,0.03741207492985635,7.1986415338190315e-09,0.00019319392937420556,VILA PRUDENTE
3265433415,4559143096,0,77.279,0,5,27.202577101816644,0.036753457527353484,0.03821865242330059,2.8660446217642604e-08,0.00022490104592634916,VILA PRUDENTE
3739928379,3739928380,0,84.556,0,4,24.747359526827207,0.040399815627293986,0.0007473489574646567,2.5297916696348563e-06,0.0002000809482963615,VILA PRUDENTE
3815655144,13285554007,0,61.176,0,4,26.08681875792142,0.038325438276853314,0.023388485108856084,2.521490006083215e-09,0.00019406724237297873,VILA PRUDENTE
3815655144,6353325094,0,79.278,0,4,26.062315166877905,0.03836147156323199,0.02386724910802442,1.1586097274777963e-09,0.00019191017262328638,VILA PRUDENTE
3901798701,3901798702,0,20.866,0,5,31.29340937896071,0.03194886022289275,0.005321519434054887,4.927076625264979e-12,0.00022356491976067403,VILA PRUDENTE
3901798702,3901798704,0,110.325,0,5,31.245458386142797,0.031997890694718624,0.002158756743672675,7.38542167006262e-12,0.0002147270683532463,VILA PRUDENTE
3901798704,3901798706,0,40.438,0,4,31.155471060414026,0.032090311207539496,0.006465781844438307,7.376359877281212e-12,0.00017907245438447792,VILA PRUDENTE
3901798705,3901798706,0,82.79299999999999,0,4,31.526827207435574,0.03171231775300171,0.0020094514758907983,6.494356948529058e-12,0.00018285266169402407,VILA PRUDENTE
3901798716,3901798717,0,93.215,0,2,26.430080270384455,0.03782768542199488,0.0006412311638345624,2.2903439119259454e-11,0.00012665346843810556,VILA PRUDENTE
3901798727,3901798728,0,74.666,0,2,27.069286016054075,0.03693443416103507,0.0006412311638345624,1.6117136176705838e-08,0.00012563015976103855,VILA PRUDENTE
4174509660,4560347947,0,20.366,0,4,24.202577101816644,0.0413091861226271,0.021306848854740164,6.953318614231261e-13,0.0002054082511460005,VILA PRUDENTE
4224851123,4549582648,0,27.633000000000003,0,5,24.863117870722434,0.04021172112623405,0.0002459629480263427,3.2865342131365223e-10,0.0002082111098794933,VILA PRUDENTE
4224851123,8641571372,0,79.78500000000001,0,4,24.897972116603295,0.04015542942469054,0.012189356097382408,2.5745309918414383e-10,0.00017775343648721072,VILA PRUDENTE
4224851124,4549582648,0,19.606,0,5,24.399028305872413,0.04097658110038527,0.00027989596343131476,3.318167729121535e-10,0.00020574611295198208,VILA PRUDENTE
4525216539,4525216540,0,248.18200000000002,0,4,24.16497676383608,0.041373462590802206,0.018528660338947636,1.6185739134286997e-12,0.0002012648843313242,VILA PRUDENTE
4525344098,4525344099,0,40.216,0,2,28.651668779045206,0.03489460840331178,0.0006412311638345624,9.303264290794095e-17,0.00013547688847426984,VILA PRUDENTE
4525354041,4525354042,0,42.393,0,2,25.490283058724124,0.039222348368704994,0.0006412311638345624,6.629263863219644e-13,0.0001293047350957934,VILA PRUDENTE
4525354043,4525354044,0,15.065,0,2,26.993451626531474,0.037038196373653035,0.0006412311638345624,4.959463829247902e-13,0.00014670762784981623,VILA PRUDENTE
4556469174,7949907253,0,36.484,0,2,29.649767638360796,0.03371995269374902,0.0006412311638345624,4.7228164883011615e-15,0.00012509974769522064,VILA PRUDENTE
4556469563,4556469565,0,17.404,0,4,26.212927756653993,0.038141056635399545,0.00013429247914816203,7.726478350002431e-11,0.0002058456930573785,VILA PRUDENTE
4556519776,4556519777,0,39.263,0,4,29.79404309252218,0.03355666631216987,0.0021495022849258648,1.3725488562949167e-10,0.00019622661052293348,VILA PRUDENTE
4559113674,4559113677,0,29.168,0,4,29.03654414871145,0.03443208520358798,5.963984525722357e-06,2.129520199560798e-09,0.00018804574804874127,VILA PRUDENTE
4559412176,8753709698,0,21.928999999999995,0,4,24.03738910012674,0.041593068114910405,0.0003823119735626849,0.002541314111438889,0.00020139600213849767,VILA PRUDENTE
4559413290,4559413291,0,23.08,0,4,25.15314744402197,0.039748057946672265,0.000417890226078201,4.8897997914202765e-06,0.00021430646254559857,VILA PRUDENTE
4559433909,4559433910,0,18.34,0,4,25.38973384030418,0.03937767794001414,0.00030046142731311596,1.7420265866231062e-09,0.00018026485850012323,VILA PRUDENTE
4559433933,4559433934,0,70.748,0,4,24.480566117448248,0.04084009974890199,0.00026652841190814397,1.1117102191497879e-07,0.0001851846273342738,VILA PRUDENTE
4559437962,4559437963,0,34.124,0,4,25.477820025348542,0.03924153483898783,0.009848183689078156,1.0419075591212551e-11,0.0001974134288856852,VILA PRUDENTE
4560144260,8795904827,0,16.372999999999998,0,5,26.528728348119984,0.037687021745881344,0.00043804438068236623,7.434416769539057e-09,0.00022166036652782246,VILA PRUDENTE
4560347891,4560347894,0,47.35,0,2,27.350654837346852,0.03655447257449142,0.0006412311638345624,5.6751529381187815e-15,0.00012432211370274994,VILA PRUDENTE
4560347998,8710625494,0,17.084,0,4,25.42796789184622,0.039318468797766994,0.0241010784323605,3.275984970210352e-15,0.00019739630173790657,VILA PRUDENTE
4562765804,4562765805,0,60.35,0,4,28.935783692437685,0.034551984932326876,0.006870304518993337,6.024936632110507e-13,0.00017650626746219147,VILA PRUDENTE
4562773714,7292120542,0,154.848,0,4,30.24059991550486,0.03306114180736105,0.0032651787005135813,1.1834345235429118e-13,0.00019437203660227018,VILA PRUDENTE
4562773714,9535051622,0,91.363,0,5,29.732361639205745,0.03362628150021669,0.0007847781017295349,3.1605613954568395e-13,0.00021868775946729872,VILA PRUDENTE
4562778148,4562778151,0,69.266,0,2,31.098225602027885,0.03214938289215387,0.0006412311638345624,7.0874808018827534e-15,0.00010955234647811409,VILA PRUDENTE
4567885012,4567885013,1,43.519,0,3,27.186945500633712,0.03677458955890694,0.010201704013206319,1.1487511489792854e-12,0.00015544618392398976,VILA PRUDENTE
4567885012,4567885013,0,44.161,0,3,27.186945500633712,0.03677458955890694,0.0,1.1487514848790556e-12,0.00015544618392398976,VILA PRUDENTE
4567888696,4567888697,0,32.699,0,2,25.214406421630756,0.03965148912997948,0.0006412311638345624,3.8696591161362845e-12,0.00011543706154962244,VILA PRUDENTE
4583062720,7291864443,0,2.128,0,4,26.211871567384875,0.038142593502945514,0.03358689864784132,2.1507247818271112e-12,0.00020995403749303436,VILA PRUDENTE
5825605150,5825605761,0,19.906,0,4,25.37241233629066,0.03940456070533581,0.00034364890146489855,1.1166960366029421e-07,0.00020080708733561222,VILA PRUDENTE
5827683239,5827683243,0,121.459,0,2,26.585340092944655,0.03760676969528426,0.0006412311638345624,4.6314820566412583e-07,0.0001246832529982053,VILA PRUDENTE
5827758550,5827758551,0,142.407,0,3,31.47887621461766,0.03176062434153576,0.0006412311638345624,4.5262302544632406e-14,0.00015151439529245808,VILA PRUDENTE
5827758550,7950538224,0,293.358,0,5,31.122306717363752,0.032124507069020515,0.023754550365952146,5.041670888798003e-14,0.0002315687027477001,VILA PRUDENTE
6080523681,6080524187,0,20.733999999999998,0,5,27.475073933248837,0.03638893800887235,6.601513906058195e-05,4.753320981255345e-09,0.00022950490979137776,VILA PRUDENTE
6080524186,6080524187,0,26.380999999999997,0,5,26.63033375580904,0.03754323063743377,0.0006288918855054817,8.557843973448567e-09,0.00022626807316536923,VILA PRUDENTE
6321320927,13585209224,0,27.467,0,5,28.196239966201944,0.03545823001026363,0.01572455933866404,2.526411394863977e-09,0.00022548305353377543,VILA PRUDENTE
6321320967,8731557499,0,648.203,0,4,29.049429657794676,0.034416812100058175,0.016656586161787272,7.851032722929908e-10,0.00018855022800830446,VILA PRUDENTE
6353325094,6353325095,0,67.715,0,4,25.975918884664132,0.03848906237293649,0.0011212290908358031,1.4664256519813314e-09,0.00019534462699393877,VILA PRUDENTE
6470296707,6470533446,0,179.428,0,4,24.983100971694128,0.04001860150503086,0.0005826195917714289,6.252426924437731e-09,0.00018092167868689765,VILA PRUDENTE
6470533440,6470533442,0,85.39,0,5,25.13413603717786,0.03977812329285204,0.018626963256302646,8.549441073091931e-09,0.0002084772124272507,VILA PRUDENTE
6470533442,6470533450,0,24.363,0,6,25.14448669201521,0.03976174874405632,0.019746958419305544,5.807222008401409e-09,0.00024632865955023537,VILA PRUDENTE
6470533442,6470533459,0,27.741999999999997,0,5,25.282425010561894,0.03954481271984426,0.019489273156866573,5.1115572169033e-09,0.00021736180247191908,VILA PRUDENTE
6470533446,6470533455,0,46.578,0,4,25.41444866920152,0.039339384267570984,0.016021113327839613,2.0054362369681103e-09,0.00019385053053829824,VILA PRUDENTE
6470533450,6470533451,0,52.576,0,5,25.547528517110266,0.03913446114666534,0.00026693972118578,2.9250603209535436e-09,0.00021266235381139293,VILA PRUDENTE
6470533450,6470533456,0,36.038,0,5,25.363962822137726,0.039417687573392854,0.0005630824010837177,2.497199050826904e-09,0.00021937803606290857,VILA PRUDENTE
6470533451,7303881276,0,114.81299999999999,0,4,25.111322348964933,0.039814261800011776,0.015356026225902162,3.5924063302000962e-09,0.00017773922236956018,VILA PRUDENTE
6470533452,6470533456,0,142.71800000000002,0,4,25.52365863962822,0.03917105992766637,0.0006792772720158947,9.85178740810186e-10,0.00019406931412265944,VILA PRUDENTE
6470533452,6470533455,0,21.291,0,4,25.493029150823826,0.03921812336349475,0.003388982793082025,8.992459015612687e-10,0.00019832923933827315,VILA PRUDENTE
6470533455,6470533459,0,137.081,0,4,25.47570764681031,0.03924478864363775,0.01925379859541995,1.7156014314088746e-09,0.00019302299568384098,VILA PRUDENTE
6470533456,6470533459,0,24.722,0,4,25.490283058724124,0.039222348368704994,0.00016308412858268375,1.8015342625513985e-09,0.0001887630704682273,VILA PRUDENTE
6785985984,6785991385,0,7.773,0,2,28.430080270384455,0.03516658245906024,0.0006412311638345624,5.038639363591439e-13,0.00010745346638920509,VILA PRUDENTE
7208896369,7208896371,0,33.042,0,4,25.151246303337558,0.03975106243595989,0.0007658578749582778,7.52324237662687e-15,0.0001929533084231565,VILA PRUDENTE
7291571394,7291571398,0,24.592,0,5,25.74081115335868,0.038840608253936995,0.00014622044819960676,2.866739488023093e-10,0.0002239882473535483,VILA PRUDENTE
7291571394,12729039328,0,43.665000000000006,0,4,25.859315589353614,0.03866261497492199,0.019914978259219857,2.383918681637681e-10,0.00018766306889041493,VILA PRUDENTE
7291571396,7291571398,0,11.999,0,6,25.55090832277144,0.039129284545048694,0.015393661024805858,3.062030941354084e-10,0.0002593703069444506,VILA PRUDENTE
7291571398,8770172477,0,18.577,0,5,25.5893536121673,0.03907049694568268,0.00019763410790410983,6.132589787874392e-10,0.0002203089027795144,VILA PRUDENTE
7291571398,12729039328,0,23.369,0,5,26.004858470637938,0.03844622970261642,0.015661834673824544,3.563749898864999e-10,0.0002233253074289086,VILA PRUDENTE
7292120542,13268968207,0,11.039000000000001,0,4,31.102661596958175,0.032144797609345285,0.0038194179521281245,2.833588392531336e-14,0.0002053345818324199,VILA PRUDENTE
7305802196,8795904828,0,6.084,0,5,26.734896493451625,0.037396395471030235,0.00038169500964623085,3.393640381652995e-09,0.0002238457245693588,VILA PRUDENTE
7793307214,8919039098,0,16.374,0,2,25.025982256020278,0.03995003080870747,0.0006412311638345624,9.778470660724765e-05,0.0001325247458050514,VILA PRUDENTE
7803203634,7803203635,0,10.23,0,4,25.854457118715676,0.03866988030556804,0.0001620558553885937,2.8681135554187165e-08,0.0002047143259440196,VILA PRUDENTE
7950538224,7950538233,0,51.88600000000001,0,4,31.190747782002536,0.03205401708012488,0.024208430153823502,1.5645646404884674e-14,0.0001841432312797056,VILA PRUDENTE
7950798136,7950798137,0,47.73,0,4,31.603506548373467,0.03163537440428846,0.00026529448407523585,1.0455114210829146e-12,0.00019511400716479328,VILA PRUDENTE
7950862400,8796552169,0,17.7,0,5,30.102450359104353,0.03321286972386934,0.0003742914426487824,6.572164371511161e-10,0.0002082655584560219,VILA PRUDENTE
7950862400,8796552175,0,21.040000000000003,0,5,30.10477397549641,0.03321030621123242,0.0002624153191317837,5.077332409961517e-10,0.0002070289024914666,VILA PRUDENTE
7959514461,7959514469,0,49.599000000000004,0,4,30.990494296577946,0.032261142806508124,0.0033665664374508616,7.966747100042625e-12,0.00019585784696698357,VILA PRUDENTE
7979743770,13585209224,0,56.503,0,5,28.545204900718208,0.03502475339110358,0.02258190761541184,1.8409766525454667e-09,0.00021952704075867596,VILA PRUDENTE
8002863819,13585209224,0,29.343,0,5,28.36649767638361,0.03524540722482444,0.007361819105768387,2.0444469544517754e-09,0.00022693775178036902,VILA PRUDENTE
8641571371,8641571372,0,12.850999999999999,0,4,25.100126742712295,0.039832020467245675,0.000333983133440452,3.734007017291412e-10,0.00017975039838835999,VILA PRUDENTE
8710625494,8710625496,0,19.239,0,4,25.860794254330376,0.03866040432918113,5.244193289859314e-05,2.741890949761127e-15,0.00020110423821286278,VILA PRUDENTE
8729851823,8729851825,0,20.996000000000002,0,4,24.40388677651035,0.040968423239387854,0.0003327492056075439,5.5463217554947845e-11,0.00018336770713212177,VILA PRUDENTE
8729869271,8729869272,0,26.633,0,4,25.023447401774398,0.03995407771334025,0.0005404603908137364,2.455357745499804e-10,0.0001835037242925508,VILA PRUDENTE
8729869271,8729869273,0,20.601,0,4,25.055555555555557,0.03990287742490284,0.0005877609577418792,2.986796901165444e-10,0.0001856718050392045,VILA PRUDENTE
8729869272,8729869273,0,31.852,0,4,24.900718208703,0.04015100101798439,0.0007471433028258388,3.4633861187168176e-10,0.00018433984899660183,VILA PRUDENTE
8739974158,8739974161,0,23.635,0,4,25.688424165610478,0.03891981678987575,0.0002455516387487067,1.6944896082651855e-10,0.00018380204299860508,VILA PRUDENTE
8743049022,8743049025,0,39.687,0,6,27.214195183776933,0.036737767014406356,0.07309089256375448,5.192125764445691e-15,0.00023765475627156527,VILA PRUDENTE
8773449039,8773449048,0,12.607,0,4,26.707646810308407,0.037434550832845595,0.002108782666439898,2.6894015232111776e-11,0.00020051877521625036,VILA PRUDENTE
8773516836,12729039392,0,4.936,0,4,26.602027883396705,0.03758317849032033,0.05907861374788921,1.712260890072618e-12,0.00020651286595333088,VILA PRUDENTE
8792736906,8792736907,0,6.27,0,4,27.095690747782,0.03689844158071583,0.00020771118520619244,-1.7076443691475418e-17,0.0001946414680545157,VILA PRUDENTE
8792736907,8792811076,0,119.223,0,4,26.63709336713139,0.03753370340999207,0.003723994199716567,-2.7824182013722627e-17,0.00019596530959775248,VILA PRUDENTE
8792811075,8792811076,0,6.992,0,4,26.918884664131813,0.03714079445046063,0.00019948499965347194,-1.0591757525278548e-17,0.00019522753549654326,VILA PRUDENTE
8795904827,8795904828,0,12.746,0,4,27.16434305027461,0.03680518834178357,0.000767914421346458,3.394291500202074e-09,0.00018494407649716026,VILA PRUDENTE
8795904828,8795904831,0,6.754,0,4,26.599281791297,0.037587058552584554,0.0014095568944586564,3.600893949881162e-09,0.00019257973274291302,VILA PRUDENTE
8953312638,8953312640,0,25.635,0,4,25.025982256020278,0.03995003080870747,0.0002560400253284253,7.882013367501981e-10,0.00018654312596507182,VILA PRUDENTE
13268968207,13268968215,0,13.352,0,4,31.8808618504436,0.03136015477988922,0.0032125311129761703,7.20125810474526e-15,0.0002088803611153056,VILA PRUDENTE
13268968207,13268968209,0,7.763,0,4,32.013519222644696,0.03123020481418919,0.0005135196331285767,7.241036554260777e-15,0.0002095153366011939,VILA PRUDENTE
13268968209,13268968215,0,13.429,0,4,32.58956485002113,0.030678186921097493,0.00090220690049462,3.3541080909762764e-15,0.0002097164311746227,VILA PRUDENTE
