u,v,key,length,flood_count,Degree,Mean Shortest Path Length,Closeness,bet,Eigenvector,Pagerank,district
135571295,135572752,0,814.3199999999999,0,4,21.03598971722365,0.047529430934050265,0.0028504330887435918,7.8199978507437e-12,0.00016542184911956845,VILA MATILDE
135572752,7292425423,0,738.212,1,4,20.70248500428449,0.04829510178064388,0.03285051702854197,9.379727234957785e-12,0.00015938088626667798,VILA MATILDE
135577725,7292425423,0,68.405,0,5,20.91808054841474,0.04779734058677503,0.036414573790258274,1.5844488171068993e-11,0.0001741225891718359,VILA MATILDE
135577725,173951729,0,32.182,0,6,21.30745501285347,0.04692388742771196,0.05349266731706472,1.698678217232913e-11,0.00019545027316878897,VILA MATILDE
135577725,1664218113,0,17.787,0,6,21.48294772922022,0.04654056943192424,0.02035350569152449,2.8766309690575583e-11,0.00019494513390477,VILA MATILDE
135577725,2368045749,0,26.096,0,6,21.137103684661525,0.04730206348562857,0.059112572205149955,2.3135685960769222e-11,0.0001940111403892058,VILA MATILDE
135580248,135580250,0,159.445,0,4,22.252956298200512,0.04493014802150239,0.011027117158025877,9.015558981402783e-12,0.00016167089101173807,VILA MATILDE
135580248,135598076,0,75.73799999999999,0,4,22.522022279348757,0.04439337675777683,0.009353059727498923,4.26644566238077e-12,0.00016468017193767764,VILA MATILDE
135580248,2061326898,0,106.80799999999999,0,4,22.819023136246788,0.04381557503248241,0.004543309280519495,1.2675802910365023e-11,0.00015862138004193614,VILA MATILDE
135580250,2413913540,0,117.744,0,4,22.063410454155957,0.045316141059499764,0.004104520753844375,1.8756610567868657e-11,0.00015897817119752555,VILA MATILDE
135580250,2061326895,0,54.424,0,5,21.80565552699229,0.04585180294885095,0.0069869051206797065,1.5521889392503146e-11,0.0001953226125584735,VILA MATILDE
135581192,1664218227,0,143.278,0,4,22.88928877463582,0.04368106978938147,0.002757963923757752,3.734559822171841e-11,0.00014869492173146502,VILA MATILDE
135581192,135581501,0,129.201,0,4,21.972579263067693,0.045503470868107014,0.036683858078921286,1.4567363950351228e-11,0.00015279490468253281,VILA MATILDE
135581192,2477149658,0,5.925,0,4,22.895629820051415,0.04366897212491392,0.0397549716053324,2.2122165196387944e-11,0.00015943042036954225,VILA MATILDE
135581501,2368045749,0,121.35300000000001,0,5,21.392973436161096,0.046736309161406094,0.043061251953969586,1.7033763417264335e-11,0.00017217141783866193,VILA MATILDE
135581501,155371196,0,644.6419999999999,0,4,21.62056555269923,0.04624433241383684,0.006766630843326908,6.261046808463818e-12,0.00015069138477831338,VILA MATILDE
155333830,12417782006,0,32.753,0,4,21.347557840616968,0.04683573773913602,0.0003532240870396139,5.675568004550146e-09,0.00016363039149195838,VILA MATILDE
155333830,1678609448,0,91.656,0,4,21.05878320479863,0.04747798629534986,0.01193854090426991,1.9851733911916772e-08,0.00015993396381528807,VILA MATILDE
155333830,5328050322,0,443.33,1,4,20.944987146529563,0.047735938599505784,0.011816422036309109,6.723340437287294e-09,0.00015968709075708402,VILA MATILDE
155338411,8087436221,0,136.609,0,4,20.043530419880035,0.04988285992783487,0.0017177873577457344,1.0197897968839585e-06,0.00015045839500635338,VILA MATILDE
155338411,1664200686,0,17.436999999999998,0,5,20.74961439588689,0.048185407271585975,0.0018288045104373726,1.6355543206837804e-06,0.00018101137293490243,VILA MATILDE
155338411,1678548905,0,1158.4879999999998,0,4,20.604798628963152,0.04852406657295661,3.181589132016453e-05,3.5567242555191357e-06,0.00015003837274938557,VILA MATILDE
155371178,8812225714,0,189.699,0,5,23.480034275921167,0.04258207669737092,0.007550249477203982,5.023969362364515e-15,0.0001749043376963644,VILA MATILDE
155371178,1984335298,0,641.434,0,5,23.97892030848329,0.04169614843085544,0.0017812837536144883,1.801568234021047e-15,0.00017160231184291724,VILA MATILDE
155371178,2476953725,0,186.779,0,4,24.05484147386461,0.04156454830436022,0.005680558161750908,1.755855242610159e-15,0.00015224577190936658,VILA MATILDE
155371196,155403558,0,29.436,0,5,22.01885175664096,0.045407845579078454,0.0014786943191439875,2.3004316375258517e-12,0.00018059052661317462,VILA MATILDE
155371196,2477131996,0,265.8,0,4,21.799657240788346,0.04586441930487968,0.008321547914867715,1.6696844773446337e-12,0.00015298062644843147,VILA MATILDE
155394488,5337969837,0,5.873,0,4,25.349785775492716,0.039441304524189404,0.025477488835329885,4.202763393318613e-15,0.00015981884130924004,VILA MATILDE
155394488,1836988017,0,85.135,0,4,25.981833761782347,0.0384818342523944,6.90472535033358e-05,6.6567657513575226e-15,0.0001644282528891082,VILA MATILDE
155394488,1836988046,0,69.12,0,4,25.644215938303343,0.03898846518839301,0.025217140073590834,1.445700566776624e-14,0.0001612361392632022,VILA MATILDE
155397089,1836988031,0,47.473,0,4,26.033590402742075,0.038405329611733575,0.025908560316025217,5.129121113590078e-16,0.0001621928371258371,VILA MATILDE
155397089,1734769982,0,34.765,0,5,25.240616966580976,0.03961189307369007,0.02090019747514502,8.876945957748102e-16,0.00018210649977602392,VILA MATILDE
155397089,1836988082,0,41.522999999999996,0,4,25.95115681233933,0.0385273237576358,0.005067256086515396,6.00179739334516e-16,0.000160394268908485,VILA MATILDE
155398643,1734769982,0,21.278,0,6,25.201713796058268,0.03967304082909447,0.011440452971644866,1.010532538566082e-15,0.00020416967297339368,VILA MATILDE
155398657,2363551374,0,13.167,0,6,22.58166238217652,0.0442761300506967,0.048456414801240036,4.9459420467627974e-14,0.00018724462674392248,VILA MATILDE
155398657,2477148562,0,80.649,0,5,23.27540702656384,0.04295643978440786,0.05414956393274743,2.6951443332233087e-14,0.00016741010799752048,VILA MATILDE
155398657,1664200682,0,8.773,0,7,23.146529562982003,0.043195616762920185,0.055320253346557914,4.181880800147481e-14,0.0002134230613021678,VILA MATILDE
155398657,2363551372,0,6.292,0,6,23.14670094258783,0.04319529693990123,0.04496208222688494,3.8342219971231324e-14,0.0001860143084940062,VILA MATILDE
155400524,2494507487,0,18.584,0,4,25.85706940874036,0.0386675150454678,0.00244251274598761,1.5947468731531568e-15,0.00017042118301541817,VILA MATILDE
155400524,1836987920,0,161.486,1,4,25.385432733504715,0.03938591990494451,0.027444252466002354,1.2264307841678785e-15,0.00016858091572627317,VILA MATILDE
155400524,1836988031,0,108.544,0,4,25.963324764353043,0.03850926757142103,0.026019983629031584,7.18136828917363e-16,0.00016818189012857994,VILA MATILDE
155402553,2494628707,0,28.007,0,4,24.471979434447302,0.04085605837780299,0.05548163437827552,8.182012975314035e-15,0.00014734749655426722,VILA MATILDE
155402553,1836987536,0,132.894,0,5,24.89974293059126,0.04015417440980109,0.05358838576456836,3.0532840144122724e-15,0.00018586775915324882,VILA MATILDE
155402553,5337928548,0,49.949,0,4,25.183204798628964,0.039702199477351915,0.0017558310405583568,2.6537114643904574e-15,0.00015244505890319143,VILA MATILDE
155403114,155403115,0,12.941,0,6,22.422450728363327,0.04459051477051248,0.043384014017404784,2.1746266352058811e-13,0.00020754120653523385,VILA MATILDE
155403114,1664202946,0,44.449,0,5,23.28586118251928,0.04293715454873301,0.043818334780617925,8.4931374616658e-14,0.00018274218107187668,VILA MATILDE
155403114,2494629800,0,62.974,0,5,23.348071979434447,0.04282274875950556,0.0016607895269125886,8.17880426882504e-14,0.0001861673667210352,VILA MATILDE
155403114,2525560914,0,218.824,0,5,23.314481576692373,0.04288444575124963,0.0006587920304847686,8.486337920637685e-14,0.00017968726612923198,VILA MATILDE
155403115,155403116,0,29.079000000000004,0,6,22.263410454155956,0.04490905032061398,0.050922078685167,2.9025377322022893e-13,0.00020334140221871895,VILA MATILDE
155403115,2477131996,0,250.62400000000002,0,5,21.920651242502142,0.045611264434315554,0.018613921063555153,4.941354941909055e-13,0.0001797425540333874,VILA MATILDE
155403115,2477148521,0,264.424,0,5,22.061182519280205,0.04532071748739581,0.015351776802451476,1.9951751338096678e-13,0.00017411488955807028,VILA MATILDE
173911277,7302187077,0,128.693,0,4,24.91928020565553,0.040122692635690904,0.05292688599865209,2.3064008410996575e-15,0.00016695298838810497,VILA MATILDE
173911277,6928860086,0,111.45499999999998,0,4,24.73727506426735,0.040417896384974575,0.05279718547148308,7.415645535907855e-15,0.00016229428379486852,VILA MATILDE
173911277,1836987547,0,72.383,0,5,25.08637532133676,0.039855443745345984,0.0005173128541887178,3.109964504044617e-15,0.0001868240414270688,VILA MATILDE
173912077,1836987482,0,79.74600000000001,0,5,23.655526992287918,0.04226617402014055,0.04035026723994841,4.956694373840031e-13,0.0001812929342134818,VILA MATILDE
173912077,7288185317,0,126.07,0,4,23.631362467866325,0.04230939378775682,0.051771224516486455,7.363291777531977e-13,0.00015160175210707656,VILA MATILDE
173912077,1664200651,0,188.865,0,5,23.624507283633246,0.04232167081371646,0.011545106946072472,2.710159823797763e-13,0.0001833164483855115,VILA MATILDE
173912326,1678551667,0,20.841,0,4,25.117737789203083,0.03980567950764864,0.0015102394369210016,9.665554918267584e-12,0.00015918585447006003,VILA MATILDE
173912326,1678551579,0,13.693,0,5,24.21988003427592,0.04128132009651649,0.07537414811258655,3.6438642929227116e-11,0.00018475308861116784,VILA MATILDE
173912326,2527914909,0,19.721,0,4,25.203598971722364,0.03967007336991629,0.07406658267271359,9.70638707913528e-12,0.00015949974715920247,VILA MATILDE
173912327,8777414899,0,67.09,0,5,24.15784061696658,0.04138733408531438,0.07112801279567456,3.385061260087605e-11,0.00017655706471478126,VILA MATILDE
173912327,173912328,0,156.96099999999998,0,6,23.80274207369323,0.04200476639618688,0.07059878590558723,6.717137345099993e-11,0.0002009128487908522,VILA MATILDE
173912327,477362717,0,87.88900000000001,0,5,23.57669237360754,0.042407501635531,0.051406221780319804,6.422652365704813e-11,0.0001762997770171013,VILA MATILDE
173912327,1664208411,0,105.33500000000001,0,6,23.883804627249358,0.04186220059987658,0.051878450839573986,3.730004546748901e-11,0.0001984336757706955,VILA MATILDE
173912328,173912329,0,198.82,0,5,23.576349614395887,0.042408118167015584,0.03703004205383899,5.162762131032349e-11,0.00017527741214132074,VILA MATILDE
173912328,477362455,0,96.385,0,6,23.17000856898029,0.04315184508531994,0.016520570801459904,1.4319665155579795e-10,0.0001989299284297591,VILA MATILDE
173912328,2494507291,0,48.299,0,5,23.86255355612682,0.04189948146339361,0.05005560334708593,5.142414199553268e-11,0.00017516233325970821,VILA MATILDE
173912329,2494627931,0,38.853,0,4,24.08157669237361,0.041518403598166755,0.05337271463744912,1.5055649828069735e-11,0.00015588101632692388,VILA MATILDE
173912329,1650371272,0,160.357,0,5,23.848329048843187,0.04192447271028709,0.016342807970381706,1.646790539526504e-11,0.00017883502479668453,VILA MATILDE
173913749,1664186575,0,125.09200000000001,0,4,24.826392459297345,0.04027281136529939,0.0557096257016081,2.576885421617592e-12,0.0001670063901684154,VILA MATILDE
173913749,656463996,0,83.483,0,4,24.142587832047987,0.04141348174229088,0.05555582632909871,1.9949353102550723e-12,0.00016243432653956566,VILA MATILDE
173913749,1664200644,0,174.02,0,4,24.670265638389033,0.04052767955762725,0.009902323859779379,8.836474607242536e-13,0.00016817590497282585,VILA MATILDE
173913752,7288185317,0,15.085,0,4,24.145844044558697,0.04140789688482586,0.050251778779098345,9.611129462798055e-13,0.00015545683803725162,VILA MATILDE
173913752,1664200600,0,144.614,0,5,24.702827763496146,0.040474257844749235,0.002315926114564828,5.634171472334576e-13,0.00019472118254005547,VILA MATILDE
173913752,656463996,0,115.305,0,4,24.23667523564696,0.04125271352910812,0.0500742867215633,1.7051715229865682e-12,0.00015795395413167667,VILA MATILDE
173913755,1836987482,0,43.845,0,5,23.840102827763495,0.04193893909005298,0.07059025653897799,3.9968128888362407e-13,0.00018113301638677268,VILA MATILDE
173913755,1836987483,0,70.36999999999999,0,4,24.32185089974293,0.0411082456066179,0.04743207848750231,1.7546321733395568e-13,0.00015222947340301393,VILA MATILDE
173913755,1836987490,0,85.89,0,5,23.973264781491004,0.041705984958966,0.023383597026148333,1.906132576424447e-13,0.00018048597996357072,VILA MATILDE
173913756,1836987483,0,80.42,0,4,25.101285347043703,0.039831769830540875,0.047278279114992924,2.299495374351166e-13,0.00015340336941028565,VILA MATILDE
173913756,1836987480,0,113.41900000000001,0,4,24.846958011996573,0.04023947800416604,0.04715467099254479,4.945943987171028e-13,0.00015088474093163484,VILA MATILDE
173913756,1836987488,0,108.964,0,5,24.83324764353042,0.04026169411050227,4.8468464223910226e-05,4.597107418126173e-13,0.00018059121979118565,VILA MATILDE
173913764,7950380935,0,11.721,0,6,24.777035132819194,0.0403530371989431,0.014188398274306055,6.355889470228664e-12,0.0002062328451204517,VILA MATILDE
173913764,1664072321,0,18.980999999999998,0,5,24.381662382176522,0.04100740157591008,0.014339489911383943,8.90934116131848e-12,0.0001755885741715764,VILA MATILDE
173913764,2494507404,0,26.283,0,5,24.60325621251071,0.040638060741153524,0.0006350993454591142,4.970541753540502e-12,0.00017750642300170746,VILA MATILDE
173913764,8777406422,0,17.629,0,5,24.97994858611825,0.040025247327762456,0.0003755629043495167,5.951260494201854e-12,0.0001778916979991555,VILA MATILDE
173913766,1664070122,0,155.61,0,5,24.372579263067696,0.041022684123925915,0.016014088888997198,3.3084128510342135e-11,0.00017484020659487538,VILA MATILDE
173913766,2494507401,0,19.863,0,4,25.13076263924593,0.03978504889592056,0.02599764481172168,1.1505211902207556e-11,0.00014880541539692753,VILA MATILDE
173913766,2494624990,0,5.001,0,4,25.047300771208228,0.03991761944837873,0.019512753840042696,2.0809930358101033e-11,0.00014624107619453367,VILA MATILDE
173913770,5348106069,0,12.876,0,6,25.33350471293916,0.03946665223479749,0.0001948215642966671,1.0601750304563789e-10,0.0001815609436250384,VILA MATILDE
173913770,1650371255,0,156.267,0,6,24.634447300771207,0.04058660655897372,0.00040209871157824965,1.0206268664092294e-10,0.00018869013634902537,VILA MATILDE
173913770,5348106066,0,24.215,0,6,25.331448157669236,0.039469856368692026,0.00025926566756644717,9.64598418338815e-11,0.00018400846886705623,VILA MATILDE
173913770,5348106067,0,97.199,0,6,25.46580976863753,0.03926160720895332,0.00013904221440769776,1.1115622789730252e-10,0.00018379371545034498,VILA MATILDE
173913772,1836987571,0,66.065,0,4,25.795201371036846,0.03876025645284523,0.005207516781867271,2.2407007032035462e-11,0.00015097785692228313,VILA MATILDE
173913772,1664070097,0,32.888999999999996,0,4,25.54567266495287,0.03913886447648247,0.015132991779586004,5.043973373231079e-11,0.0001530726231500156,VILA MATILDE
173913772,1836987560,0,26.185,0,4,25.53847472150814,0.039149895649489654,0.019163320582607186,4.022101406242452e-11,0.00015945659317606923,VILA MATILDE
173913775,1664070078,0,194.689,0,5,25.343273350471293,0.03945143970029349,0.00012685740496593264,5.610681625915926e-10,0.00017023987500277388,VILA MATILDE
173913775,1664070076,0,59.837,0,4,25.33024850042845,0.03947172568706783,0.012798923837630104,2.3219429295491684e-10,0.00014898177499143557,VILA MATILDE
173913775,1664070081,0,59.22700000000001,0,4,25.84164524421594,0.03869059461753744,0.012542230518723585,2.4416275714712143e-10,0.0001472395362780618,VILA MATILDE
173913782,173917846,0,15.915,0,6,26.599143101970867,0.03758875301212582,0.01461946975500139,2.0142431725461032e-12,0.0002001544889496753,VILA MATILDE
173913782,1836987753,0,285.194,0,6,26.069408740359897,0.03835256220622555,0.005781015146259684,2.0621631574087477e-12,0.00019988225212161907,VILA MATILDE
173913782,1897135036,0,63.027,0,5,26.26700942587832,0.038064044679907094,0.03687502420038542,3.634966537157403e-12,0.0001774886304249597,VILA MATILDE
173913782,173920577,0,54.43899999999999,0,5,26.53967437874893,0.037672979936587477,0.027400928699098298,2.53919240131579e-12,0.0001742657100726713,VILA MATILDE
173917847,173920577,0,20.015,0,5,27.00222793487575,0.037027634268015586,0.01848652211150292,1.8546872733602187e-12,0.00017694413792127402,VILA MATILDE
173917847,173917849,0,64.136,0,5,27.794001713796057,0.03597281998791451,0.042741197625965885,9.39735379530999e-13,0.0001812368124783816,VILA MATILDE
173917855,8777268341,0,17.615,0,5,27.434447300771208,0.03644427786106946,0.0003945170523700402,4.208104395166844e-11,0.00018156928464984208,VILA MATILDE
173920572,1836987615,0,111.10499999999999,0,5,26.654498714652956,0.03751068932482045,0.004735287722613084,2.972572554002176e-10,0.00017694220850438013,VILA MATILDE
173920572,8777268341,0,142.557,0,4,26.863924592973436,0.03721826336036134,0.008911834238935448,1.1358961715074004e-10,0.00014877591646101528,VILA MATILDE
173920572,1836987661,0,9.325,0,4,27.09648671808055,0.036898828648771725,0.013307978098752737,2.5149325314116164e-10,0.0001475581742894011,VILA MATILDE
173920577,1836987704,0,28.072000000000003,0,4,26.537617823479007,0.037675899436217686,0.009801054554641154,4.859937162760777e-12,0.00015130674028045307,VILA MATILDE
173920584,1836987766,0,16.932,0,6,26.072493573264783,0.03834802442599568,0.009862655535707854,5.638382479478068e-13,0.00020065742458231508,VILA MATILDE
173920584,173920585,0,216.918,0,5,25.67917737789203,0.038935383547564706,0.017531774598354834,4.4820698705969585e-13,0.00017460521246363033,VILA MATILDE
173920584,1836987708,0,80.876,0,5,25.76161096829477,0.038810795707794755,0.00377038620159686,5.355510818857305e-13,0.0001772202392705763,VILA MATILDE
173920584,1836987753,0,25.691,0,6,25.712253641816623,0.03888529703861202,0.02420065619260447,1.0682500655943955e-12,0.0001999335029900493,VILA MATILDE
173920585,1836987787,0,85.07300000000001,0,4,25.915681233933164,0.03858006321998704,0.003200678666808552,2.2537350627558278e-13,0.0001498318666420608,VILA MATILDE
173920585,1836987927,0,110.261,0,5,25.792287917737788,0.03876463474597669,0.020568229111242706,1.5326423763507943e-13,0.00018175800653804166,VILA MATILDE
242658016,1678142780,0,59.374,0,5,27.006341045415596,0.03702199489789443,0.00027591824047019285,1.4353430270558035e-06,0.0001865205855568488,VILA MATILDE
242658016,242658018,0,138.114,0,4,26.33916023993145,0.03795977591109318,0.00768983323869798,2.170871029700904e-06,0.0001576474195046595,VILA MATILDE
242658016,1678142757,0,146.622,0,4,26.346015424164523,0.03794989884797273,0.007747643390160577,7.789933944837829e-07,0.00015716006764537118,VILA MATILDE
242658018,6943966519,0,46.378,0,4,25.46152527849186,0.03926821388185881,0.010004405485547057,6.49021794685495e-06,0.0001593791599590455,VILA MATILDE
242658018,13541915456,0,99.166,0,4,26.266838046272493,0.03806429303111564,0.00233799415833158,3.628971032512311e-06,0.00015468638192924416,VILA MATILDE
242658019,242658744,0,77.12,0,6,25.971379605826908,0.038497324191813544,0.0062131697211276204,2.390835759834706e-05,0.00021263575809435208,VILA MATILDE
242658019,3134359432,0,193.123,0,5,25.83170522707798,0.038705482723846926,0.004379626673685117,4.8945864317649956e-05,0.00018526101248408352,VILA MATILDE
242658019,242658587,0,19.279,0,5,25.952527849185948,0.038525288411376646,0.007978477835696239,3.499931225934295e-05,0.00019224266435613664,VILA MATILDE
242658019,6943966519,0,53.271,0,5,25.286546700942587,0.039539943204538214,0.007207856331890381,2.176458008538824e-05,0.0001889175748533421,VILA MATILDE
242658020,1678551157,0,10.79,0,6,27.226221079691516,0.036723003808264876,0.029300269717526334,0.0012136812844797853,0.0002065079401203748,VILA MATILDE
242658020,242658021,0,172.175,0,5,27.32133676092545,0.03659515744574081,0.007580034566950519,0.0009142326073957846,0.0001782357418596894,VILA MATILDE
242658020,1678551150,0,11.144,0,5,26.726135389888604,0.03741014575464741,0.011038489646838191,0.0005279818245731513,0.0001796105901659322,VILA MATILDE
242658020,6944019787,0,35.501999999999995,0,5,27.046786632390745,0.03696663245003738,0.025955945686076527,0.0005520664872180809,0.00017701742051115727,VILA MATILDE
242658021,1678677810,0,47.569,0,4,27.746358183376177,0.03603458925262508,0.0006732784150433116,0.0007545122176899268,0.00015221574419473218,VILA MATILDE
242658589,7301863703,0,914.419,0,4,21.762467866323906,0.04594279594279594,0.0002706381563787613,2.9836137451060344e-05,0.00015431094118168782,VILA MATILDE
242658744,1650371210,0,104.313,0,6,26.594687232219364,0.037595050908622245,0.00809274427090568,1.2241556400436126e-05,0.0002093274189917941,VILA MATILDE
242658744,13541915456,0,110.849,0,5,26.77720651242502,0.03733879484143492,0.006968627906517059,9.063001599341247e-06,0.00017993784952198463,VILA MATILDE
242658744,5337490105,0,122.636,0,5,26.769837189374464,0.0373490736354208,0.004907228922513548,8.817953445583975e-06,0.00018172051709257597,VILA MATILDE
285698516,1580128350,0,75.69500000000001,0,3,23.0,0.04347080958235535,0.0005202913631633715,2.2440598888616132e-10,0.00011353938734896288,VILA MATILDE
285698725,3174980842,0,81.885,0,5,22.111053984575836,0.04521849664387915,0.0005669997993568046,1.0158327302595769e-10,0.00017796267495112894,VILA MATILDE
285698725,1706350616,0,229.854,0,4,21.49854327335047,0.04650680781862823,0.010751740464641986,1.9196782436694096e-10,0.00014717064689892442,VILA MATILDE
285698725,2413913540,0,88.854,0,4,21.739845758354758,0.04599060322265317,0.01096876545947698,5.901984371036705e-11,0.0001540271711890055,VILA MATILDE
317439660,1678609886,0,33.002,0,5,23.770351328191946,0.0420620043258832,0.0019793546004289596,7.354048278972379e-11,0.00019067172260002631,VILA MATILDE
317439660,317442427,0,64.4,0,6,23.327677806341047,0.04286018645723899,0.029465847739162766,1.5241192052898998e-10,0.0002066776641083574,VILA MATILDE
317439660,8789686704,0,172.39500000000004,0,5,23.2719794344473,0.04296276658418758,0.031138551301973967,8.943382270889247e-11,0.00018429735925511642,VILA MATILDE
317439660,317439663,0,179.60300000000004,0,6,23.466666666666665,0.04260633325543351,0.0004906416601884097,8.66303572661139e-11,0.0002034837166954891,VILA MATILDE
317439663,1678610085,0,71.003,0,5,23.68380462724936,0.0422157096855892,0.010278969858301498,7.138772807465157e-11,0.0001688130253029227,VILA MATILDE
317439663,317439679,0,192.225,0,6,24.049528706083976,0.041573730305211325,0.010142364605782153,5.3346090380051583e-11,0.00020113667414508988,VILA MATILDE
317439663,317439665,0,96.684,0,6,24.0293059125964,0.041608718288864636,0.0006262992053067282,5.2059158781449465e-11,0.00020008857796672863,VILA MATILDE
317439665,317439682,0,102.11,0,5,24.49014567266495,0.04082575227431771,0.02847996126855239,2.478986888570281e-11,0.00017680456674714056,VILA MATILDE
317439665,317439679,0,187.33499999999998,0,6,24.42707797772065,0.040931159318609155,0.028112250796954234,3.681768330832176e-11,0.00020378318837718237,VILA MATILDE
317439665,317439666,0,92.554,0,5,24.279520137103685,0.04117991684960225,0.0003099003201355601,2.279585133294865e-11,0.00017829513740952817,VILA MATILDE
317439666,552894045,0,128.607,0,4,24.501799485861184,0.04080633428459515,0.0009306486678077064,8.219434036095674e-12,0.0001521454817060982,VILA MATILDE
317439666,2026734144,0,165.542,0,4,24.409597257926308,0.040960471810714036,0.0010495182532507042,7.625702520050404e-12,0.00015609284169086879,VILA MATILDE
317439673,1678551579,0,99.504,0,5,24.167266495287063,0.041371191921484085,0.0003670335377402811,3.8169077735590664e-11,0.00018285542820245716,VILA MATILDE
317439673,2026734143,0,68.754,0,4,24.277806341045416,0.041182823783539574,0.0023325786874685735,1.8807141944946774e-11,0.00015484233577736493,VILA MATILDE
317439673,2026734998,0,37.927,0,4,24.36469580119966,0.041035957458781164,0.00229737812685903,1.2126400919042133e-11,0.00015421056022316994,VILA MATILDE
317439679,13481866426,0,88.97,0,5,23.803427592116538,0.04200355669472183,0.038532022897693904,3.0866471239176583e-11,0.00018117076470945697,VILA MATILDE
317439679,2960107458,0,58.878,0,5,24.117737789203083,0.041456152692802374,0.002164022156857489,2.5317610456401733e-11,0.0001809713562593788,VILA MATILDE
317439682,552894045,0,86.93299999999999,0,4,24.479348757497856,0.04084375897001477,0.011325103442262823,1.0213451129029905e-11,0.0001507596068981502,VILA MATILDE
317439682,1678551697,0,33.615,0,4,24.326649528706085,0.04110013667169205,0.033408175140660086,1.8954474954634454e-11,0.00014959675779657077,VILA MATILDE
317439684,552893770,0,108.986,0,6,23.366409597257928,0.042789142090169645,0.008973570606773725,6.841814076385095e-11,0.00020403006838854684,VILA MATILDE
317439684,1678551697,0,104.17099999999999,0,5,23.623479005998288,0.04232351298216087,0.008634020583663204,5.1211393087136705e-11,0.0001766533917350154,VILA MATILDE
317439684,552893678,0,112.053,0,5,23.122193658954583,0.043241079766969566,0.008498633812088036,1.0573014957067176e-10,0.00017293208411545195,VILA MATILDE
317439684,1678610085,0,28.862000000000002,0,5,23.568637532133675,0.04242199486631327,0.01110577687231105,7.637535054535431e-11,0.00017144910188091847,VILA MATILDE
317439691,656453407,0,129.61700000000002,0,4,22.25998286203942,0.04491596541609245,0.06935322760709568,4.5201406663471004e-10,0.00016247938227312964,VILA MATILDE
317439691,8699004669,0,28.347,0,4,22.93573264781491,0.0435926174998132,0.038291034444290106,1.2132933125583948e-10,0.00016267079395371783,VILA MATILDE
317439691,8789686704,0,31.567999999999998,0,4,22.813710368466154,0.04382577863249147,0.031013589311810086,1.2846183877398765e-10,0.00016063578229357232,VILA MATILDE
317439725,7291731616,0,6.415,0,6,24.790231362467868,0.04033155664323095,0.004464243405919597,7.826385248121429e-12,0.00020618089074908298,VILA MATILDE
317439725,7291731615,0,9.225,0,5,25.32185089974293,0.03948481587514298,0.0016069055918256716,4.914440038791357e-12,0.00017929404776643825,VILA MATILDE
317439725,2026734998,0,111.54499999999999,0,5,24.708311910882603,0.04046527435788948,0.004363786421410823,6.1927768081731636e-12,0.00018258339928971148,VILA MATILDE
317439725,1679631523,0,31.734,0,5,25.358011996572408,0.03942850963747939,0.001475986583712484,4.590757251576278e-12,0.00018245603170230718,VILA MATILDE
317442427,317442433,0,156.498,0,5,23.50522707797772,0.042536437409316605,0.0004657304942185787,1.438285685741204e-10,0.0001830409925208746,VILA MATILDE
317442427,317442430,0,129.28,0,6,22.881576692373606,0.04369579220156688,0.029269943080693497,3.353061718176638e-10,0.00020063917189615076,VILA MATILDE
317442427,1678610085,0,193.685,0,5,23.203598971722364,0.043089376851092744,0.0006398378824642451,1.3716929304511024e-10,0.00017189130140107838,VILA MATILDE
317442430,10920138185,0,158.299,0,6,22.305055698371895,0.04482520169035728,0.028925925294120993,5.373063597060709e-10,0.00019609835990960583,VILA MATILDE
317442430,552893605,0,131.01999999999998,0,5,22.916023993144815,0.04363010881352129,0.0008630906687916974,3.642005358851017e-10,0.00016900551140137097,VILA MATILDE
317442430,2343342276,0,131.266,0,6,22.404798628963153,0.044625646360493224,0.0005581996592044186,5.70082368551759e-10,0.00020670949080202035,VILA MATILDE
317442433,3900853835,0,61.346999999999994,0,4,23.17823479005998,0.0431365300011091,0.0011498398509879038,1.2729902795821543e-10,0.00016654995121198894,VILA MATILDE
317442433,1678609886,0,144.69499999999996,0,4,23.75612682090831,0.042087189882914794,0.0010478936119918021,6.495712652779145e-11,0.0001653476883025739,VILA MATILDE
317442461,7288139847,0,159.671,0,4,23.786461011139675,0.04203351729901869,0.07417489208997372,1.1472580059616166e-10,0.00015238402680562682,VILA MATILDE
317442461,317442462,0,133.849,0,5,23.803770351328193,0.04200295187011772,0.0028160448487634993,8.788447437401176e-11,0.00018506711916506152,VILA MATILDE
317442461,1664186571,0,34.78,0,4,23.194687232219366,0.04310593242254749,0.07711156655221069,2.1940556863522657e-10,0.0001544245028029004,VILA MATILDE
317442462,2026734143,0,62.586,0,5,24.23393316195373,0.04125738128071851,0.003233713039072893,4.275531342985666e-11,0.0001862638505559656,VILA MATILDE
317442462,317442825,0,112.203,0,6,23.902313624678662,0.04182978418297842,0.0010102560894939053,7.811010354632796e-11,0.0002122034625820381,VILA MATILDE
317442462,1664135810,0,89.706,0,5,23.980634104541558,0.04169316858075997,0.0007727876921510602,4.430758340857093e-11,0.0001910327385585967,VILA MATILDE
317442825,7288139847,0,8.398,0,5,23.925449871465297,0.0417893341929014,0.07602603541772099,1.0495142836878671e-10,0.0001802606595392907,VILA MATILDE
317442825,5257836904,0,209.256,0,5,23.967095115681232,0.04171672101138379,0.00045706574083776797,8.953492603951797e-11,0.0001808294860205546,VILA MATILDE
317442825,1678551579,0,115.40100000000001,0,6,23.75955441302485,0.04208111831617822,0.0750037299055569,7.433873337737096e-11,0.00020977589835706966,VILA MATILDE
317442828,2449984058,0,168.127,0,6,22.177377892030847,0.04508326571616244,0.002267593037112493,1.890405462527934e-09,0.00020670700385811753,VILA MATILDE
317442828,1664186569,0,99.137,0,5,22.5057412167952,0.04442549173399533,0.0005733629776208375,7.817979956580094e-10,0.00017659337739473315,VILA MATILDE
317442828,1664186571,0,212.852,0,5,22.63256212510711,0.04417655477393023,0.0007909295195421328,6.954008449253593e-10,0.00018215894580186665,VILA MATILDE
317442828,1678551146,0,117.042,0,5,22.777549271636676,0.04389535539888795,0.0020414971285819617,7.107083031006727e-10,0.00017897600506491335,VILA MATILDE
317442836,12417782006,0,125.065,0,4,21.84215938303342,0.045775172814223726,0.04931517309334133,2.1222395994672433e-09,0.00016130281465291354,VILA MATILDE
317442836,317442837,0,165.81799999999998,0,4,22.16555269922879,0.04510731737489949,0.11110014478261353,8.29272208754925e-10,0.00016123489570609475,VILA MATILDE
317442836,2449984058,0,286.385,0,5,21.82433590402742,0.04581255644116377,0.06171308131356578,2.0046940776422255e-09,0.00018233462040258866,VILA MATILDE
317442837,1678609594,0,25.602,0,4,22.840616966580978,0.043774151191146124,0.18706552692666883,2.359566112442994e-10,0.00016823536964915404,VILA MATILDE
317442837,1664186571,0,71.918,0,4,22.761096829477292,0.04392708435295269,0.07762969172702887,3.485135601182817e-10,0.00015997261758302295,VILA MATILDE
317442843,2527914930,0,25.347,0,5,25.750471293916025,0.038827585288910775,0.07446367207374355,5.931420134571258e-12,0.00018866361917799587,VILA MATILDE
317442843,8777414899,0,21.103,0,5,25.02707797772065,0.03994987434347031,0.07069342125891827,1.1653003961761417e-11,0.00018516216384349227,VILA MATILDE
317442843,571516366,0,27.506999999999998,0,5,25.879862896315338,0.038633458932911285,0.0033547488128610934,5.799627309021878e-12,0.0001874838178580481,VILA MATILDE
317442843,1678551785,0,20.961,0,5,25.43496143958869,0.0393092249331258,0.007312781079861137,8.656351076240105e-12,0.00019004964981022535,VILA MATILDE
317442844,2026737280,0,112.775,0,6,22.316709511568124,0.04480179391481976,0.002273956215376526,5.041065834755809e-10,0.00019269355411348548,VILA MATILDE
317442844,2449984059,0,194.85500000000002,0,6,22.16075407026564,0.04511708478980419,0.0022793716862395323,7.984162795293035e-10,0.00019381430325239303,VILA MATILDE
317442844,1874821606,0,186.272,0,6,21.96246786632391,0.04552442041029723,0.05316083433993398,7.925104613846274e-10,0.00019270831756264712,VILA MATILDE
317442844,1664186584,0,137.82399999999998,0,6,22.430848329048843,0.04457382109348736,0.05311304280956795,4.762572965703699e-10,0.0001941237507578395,VILA MATILDE
477361968,1650370774,0,127.674,0,4,24.511053984575835,0.0407909272699305,0.0009213069805690199,2.0615832489321482e-12,0.0001583022675375432,VILA MATILDE
477361968,11684373466,0,11.816,0,4,24.677120822622108,0.040516421165211716,0.0023254031885750893,3.906597906202449e-12,0.00015813373906144374,VILA MATILDE
477361968,2449984086,0,118.168,0,4,24.41216795201371,0.040956158517322476,0.001323811852461995,3.6071983649121892e-12,0.0001600277202046439,VILA MATILDE
477362455,2026737280,0,91.141,0,6,22.73847472150814,0.04397078663541329,0.019271359226324173,2.7175697884936854e-10,0.00019634109548427516,VILA MATILDE
477362455,1664186584,0,109.085,0,6,22.85329905741217,0.0437498593915215,0.0045793221617584905,2.43907690274675e-10,0.00019777129212862924,VILA MATILDE
477362455,2494627930,0,250.642,0,5,23.33230505569837,0.04285168644964155,0.0010588599404893907,1.2766565062389877e-10,0.0001770613218536171,VILA MATILDE
477362717,1664186584,0,8.72,0,5,23.127335047129392,0.04323146693541216,0.05917295470527248,1.7937134773143294e-10,0.0001749224697294849,VILA MATILDE
477362717,6942936693,0,64.412,0,4,23.8719794344473,0.04188293740532546,0.007723273771277047,4.720143770283227e-11,0.00016324394149199806,VILA MATILDE
552893605,10920138185,0,147.05900000000003,0,5,22.428449014567267,0.04457858943990219,0.0060299914191864175,4.310452362987407e-10,0.00016772243192150565,VILA MATILDE
552893605,552893678,0,32.736999999999995,0,4,22.75184233076264,0.043944952055258855,0.007017502531055695,1.9541844756947613e-10,0.00014116002548518876,VILA MATILDE
552893618,1664209223,0,267.124,0,5,20.875749785775493,0.04789426155488055,0.01796230453196387,2.2230695565135185e-09,0.0001796327570937205,VILA MATILDE
552893618,2527914888,0,13.593,0,5,20.111739502999143,0.049713681914240915,0.006684451072980781,5.319662912502572e-09,0.00018119339187196984,VILA MATILDE
552893618,552893650,0,206.791,0,6,20.953384747215082,0.047716807210685164,0.006323374553189807,2.1215665858632934e-09,0.0002048228173651267,VILA MATILDE
552893618,1580128446,0,59.297,0,5,20.967609254498715,0.047684435943962204,0.017611382020041033,1.984769788889309e-09,0.00017825662756799037,VILA MATILDE
552893650,552894071,0,129.781,0,5,21.46203941730934,0.04658590923972499,0.0036427164760014764,8.063656169089806e-10,0.000169670615660401,VILA MATILDE
552893650,8944059820,0,146.72400000000002,0,5,21.708826049700086,0.04605631912592464,0.0008278901081821537,8.12433424061272e-10,0.00018176622983123974,VILA MATILDE
552893650,10920138185,0,129.888,0,6,21.680548414738645,0.04611638973645519,0.008396687573091933,9.071071460779977e-10,0.000198230335189603,VILA MATILDE
552893678,552893707,0,215.801,0,5,22.832562125107113,0.04378959377908548,0.001237028931882312,2.0926882079101791e-10,0.00017196411542109606,VILA MATILDE
552893707,10920138185,0,142.002,0,6,22.154755784061695,0.04512930000850912,0.02650087744166658,4.4489560798210667e-10,0.00019794220904881287,VILA MATILDE
552893707,6942963552,0,191.69499999999996,0,5,22.56229648671808,0.044314133580451345,0.00023110521907881217,1.8076538493086784e-10,0.00017993632379334685,VILA MATILDE
552893707,552894097,0,90.453,0,6,22.559725792630676,0.04431918320216354,0.027637178615496968,2.6212417621375454e-10,0.00020128844306258368,VILA MATILDE
552893770,6942963552,0,63.942,0,5,22.923393316195373,0.043616082776357305,0.0009638184268436226,6.708204625597553e-11,0.00018180924367115043,VILA MATILDE
552893770,552893809,0,148.54999999999995,0,5,23.408054841473863,0.04271301597528297,0.0007442210833486998,3.867952870608638e-11,0.00017733017069686881,VILA MATILDE
552893770,1580128412,0,158.507,0,6,23.175835475578406,0.04314099577759537,0.00878010291019281,4.9630395337817004e-11,0.00020394577248850722,VILA MATILDE
552893809,552893891,0,110.66800000000002,0,4,23.820736932305056,0.041973034807257864,0.026789386651893263,1.3149433623939654e-11,0.00014712571419002517,VILA MATILDE
552893809,1678551697,0,112.83300000000001,0,4,24.180462724935733,0.04134861403471469,0.025938616179314904,2.147277938447498e-11,0.00014914337477953989,VILA MATILDE
552893891,1580128355,0,70.548,0,5,23.987660668380464,0.04168095564700503,0.028242492871209543,8.07405035530905e-12,0.00017283534598975397,VILA MATILDE
552893891,552893941,0,109.47699999999999,0,5,23.982519280205654,0.04168989123754806,0.00316263498399593,6.480447096368052e-12,0.00017724330702518321,VILA MATILDE
552893941,552893961,0,99.512,0,5,24.591945158526137,0.0406567521986982,0.0018584542134123343,3.896856646206089e-12,0.00018251964499383733,VILA MATILDE
552893941,552894045,0,60.708999999999996,0,5,24.463924592973438,0.040869510392512624,0.012425662508397365,6.0627692804294605e-12,0.00018060002985757106,VILA MATILDE
552893941,1664208458,0,102.968,0,6,24.162982005141387,0.04137852770744232,0.012162741397998389,5.6347761854702076e-12,0.0002055954033405808,VILA MATILDE
552893961,1580128398,0,59.357,0,4,25.217480719794345,0.039648235741858315,0.0019353538996670298,1.866241320759065e-12,0.00015641540994100332,VILA MATILDE
552893961,5332039666,0,118.60300000000001,0,4,25.025706940874034,0.03995206300291046,7.676429948312039e-05,2.095400683799485e-12,0.00015611025628822756,VILA MATILDE
552894063,2061326898,0,38.698,0,5,23.557497857754928,0.04244205502771756,0.001829210670752098,3.9514894321718886e-11,0.0001808906509777104,VILA MATILDE
552894063,1664218095,0,101.57400000000001,0,6,23.216966580976862,0.043064567324372006,0.0021831116916495876,9.798925694263608e-11,0.0001976355755354968,VILA MATILDE
552894063,552894400,0,116.643,0,5,23.23547557840617,0.043030262798811024,0.0006398378824642451,5.447371833541363e-11,0.0001771579335752778,VILA MATILDE
552894063,552894341,0,67.596,0,5,23.174978577549272,0.043142590921864135,0.0009497382025998051,4.014096710600861e-11,0.00017929292625668578,VILA MATILDE
552894071,560454499,0,182.396,0,5,22.117052270779777,0.04520623309802949,0.006059641122161379,4.195175341742038e-10,0.00016236445852913162,VILA MATILDE
552894071,552894097,0,113.106,0,5,21.904370179948586,0.045645166338059026,0.005329229489513347,3.206380983895358e-10,0.00016961421072684722,VILA MATILDE
552894089,1664218105,0,56.971,0,3,23.949100257069407,0.04174806609275599,0.0005202913631633715,6.486616035914356e-11,0.00010812362063535086,VILA MATILDE
552894097,7301922148,0,6.284,0,5,22.28877463581834,0.04485794471569721,0.0334751915925898,1.5115863518594673e-10,0.00017596590264303588,VILA MATILDE
552894097,2527914915,0,124.2,0,5,22.52425021422451,0.044388985688090146,0.00504220953377399,1.8249820348351358e-10,0.0001723615548230531,VILA MATILDE
552894132,6941297142,0,86.29,0,4,23.777720651242504,0.04204896823623534,0.029065373668843417,1.8554363472330565e-11,0.00017736225090125537,VILA MATILDE
552894132,7301922148,0,110.623,0,4,22.936589545844043,0.04359098890424777,0.025594327619199254,4.1179763036549046e-11,0.00016050823924081213,VILA MATILDE
552894132,552894161,0,148.308,0,4,23.85261353898886,0.04191694208938066,0.003907397614430931,1.1896469976397243e-11,0.00017387131375673108,VILA MATILDE
552894161,3900853840,0,22.119,0,4,24.485689802913452,0.04083318168456122,0.012066887563723169,4.510464859394764e-12,0.00017353205923959717,VILA MATILDE
552894161,5332048823,0,40.576,0,4,24.817994858611826,0.04028643837224558,0.007885331736852524,3.3438306432351977e-12,0.00018423111899869195,VILA MATILDE
552894175,1580128360,0,96.745,0,6,23.46272493573265,0.04261349110697199,0.04615280888288855,1.3230687433442195e-11,0.0002089602331515199,VILA MATILDE
552894175,2843229577,0,93.937,0,5,24.370008568980293,0.04102701144171197,0.03670497841528701,5.704547670991768e-12,0.00019884815977347874,VILA MATILDE
552894175,1580128348,0,133.159,0,5,24.04764353041988,0.04157698940976924,0.007059472430243997,5.626825975608311e-12,0.00019077450171224954,VILA MATILDE
552894175,6943062356,0,135.489,0,5,23.785946872322192,0.04203442586334849,0.01198308315211814,1.0299934840724406e-11,0.00018537678523780453,VILA MATILDE
552894249,1664218095,0,114.36,0,6,23.053641816623824,0.04336966056587223,0.0011453720875259233,1.3346061892723602e-10,0.00019114403927364664,VILA MATILDE
552894249,552894256,0,111.371,0,6,23.441302485004286,0.042652434566457086,0.0003269590533540313,1.5980831522308601e-10,0.00018969347310393065,VILA MATILDE
552894249,3174980842,0,115.572,0,6,22.788174807197944,0.0438748881318202,0.0006053142557125771,1.2137357823642774e-10,0.00019903455974700017,VILA MATILDE
552894249,552894400,0,100.392,0,5,23.072664952870607,0.043333902799545417,0.00041658509613679267,8.994508216311619e-11,0.0001709746127599855,VILA MATILDE
552894256,552894259,0,115.291,0,6,22.664438731790916,0.04411442225532526,0.000662312086545723,2.0199048996852325e-10,0.0001884811536324652,VILA MATILDE
552894256,2494507275,0,114.237,0,6,23.166923736075407,0.043157591045946485,0.0006601458982005203,1.9127847917276752e-10,0.0001844633548198971,VILA MATILDE
552894256,3174980841,0,115.78200000000001,0,6,22.902656383890317,0.04365557442923741,0.00038314456355772607,1.698821789472953e-10,0.00019221115909612513,VILA MATILDE
552894259,1580128320,0,115.995,0,6,22.007883461868037,0.045430475953152256,0.0003793537339536214,2.256441437142007e-10,0.00019227136152377228,VILA MATILDE
552894259,5991648937,0,60.179,0,5,22.6222793487575,0.04419663487397823,0.0008947711733402868,1.561356775622439e-10,0.00017114835042627695,VILA MATILDE
552894259,552894265,0,114.184,0,6,22.3751499571551,0.044684778529247314,0.0007470642055517783,2.448341237137227e-10,0.00018866367919305785,VILA MATILDE
552894265,1664218197,0,115.32500000000002,0,6,22.629648671808056,0.04418224228287541,0.0006902017614902077,2.870032940242222e-10,0.00018374916469983437,VILA MATILDE
552894265,552894266,0,115.23400000000001,0,6,22.9706940874036,0.04352626945401913,0.0009164330567923137,2.793986182549602e-10,0.0001895116085074557,VILA MATILDE
552894265,1580128323,0,115.58,0,6,22.378234790059985,0.04467861874602725,0.00036852279222760793,2.408214046091901e-10,0.0001921070954160087,VILA MATILDE
552894266,3900853857,0,57.621,0,5,23.91122536418166,0.04181419417726237,0.0005660520919557783,2.0969583224085985e-10,0.00017216615439361786,VILA MATILDE
552894266,1580128322,0,112.721,0,6,23.295629820051413,0.0429191495622747,0.0007933664814304859,2.5450185383174753e-10,0.00019660702228259294,VILA MATILDE
552894266,552894273,0,114.57499999999999,0,6,23.28140531276778,0.04294537236744279,0.0017466247400912452,3.5051088649458563e-10,0.00018826400602861147,VILA MATILDE
552894273,1580129526,0,115.537,0,6,23.25141388174807,0.04300076655463176,0.001517821096129211,4.2535584000313217e-10,0.00018119032067330406,VILA MATILDE
552894273,552894274,0,114.589,0,6,22.959725792630678,0.04354706277524819,0.0014444414659354698,4.6487004942594046e-10,0.0001824791433325955,VILA MATILDE
552894273,1580128349,0,113.075,0,6,23.00599828620394,0.04345947556615018,0.0005485871984225817,3.5756041499281246e-10,0.0001909902689585052,VILA MATILDE
552894274,560454497,0,117.038,0,6,22.90796915167095,0.04364544992069905,0.0003618888404204247,5.033637829914699e-10,0.00017904848588303195,VILA MATILDE
552894274,1580128358,0,114.28200000000001,0,6,22.584061696658097,0.04427142618646512,0.00020903717531205973,4.645954507152948e-10,0.0001881068815622647,VILA MATILDE
552894274,552894282,0,114.338,0,6,22.532476435304197,0.04437278002996722,0.0017788467917261353,5.397131031916315e-10,0.0001818934049881939,VILA MATILDE
552894282,552894286,0,115.107,0,6,22.71859468723222,0.04400926351998672,0.00039275702433956306,4.893531332084664e-10,0.00018907072498121536,VILA MATILDE
552894282,560454498,0,116.606,0,6,22.47317909168809,0.044489861283754414,0.0020211891128456864,5.336053956408114e-10,0.00018084123327638307,VILA MATILDE
552894282,1580128363,0,113.157,0,6,22.058269065981147,0.04532670344184601,0.0035893740880008603,6.10523017130783e-10,0.00018726263931317233,VILA MATILDE
552894286,1580128350,0,113.985,0,6,22.743787489288774,0.043960515409539595,0.001063869251037672,4.0162729601128986e-10,0.00020134305389300555,VILA MATILDE
552894286,552894288,0,134.719,0,4,22.947557840616966,0.043570153623253345,0.0001708581057278623,2.701092085430467e-10,0.00014216374727292692,VILA MATILDE
552894286,560454499,0,116.608,0,6,22.633590402742072,0.04417454776742108,0.0015358275367487084,4.2461915553377436e-10,0.000190844752089601,VILA MATILDE
552894288,1580128329,0,110.81899999999999,0,3,22.470779777206513,0.044494611682695605,0.0003494332574355092,2.1899132952139812e-10,0.00011912644371593645,VILA MATILDE
552894294,1580128363,0,79.014,0,6,21.168637532133676,0.04723159999676163,0.006109463454101041,8.477340958492386e-10,0.00019843042844609705,VILA MATILDE
552894294,1580128446,0,241.551,1,5,21.14361610968295,0.047287494022192865,0.01588912689883332,9.883634265825178e-10,0.00017690691897094654,VILA MATILDE
552894294,1706350616,0,575.433,0,5,21.137789203084832,0.04730052943513406,0.012221363870090436,6.661969525029015e-10,0.0001747469839230177,VILA MATILDE
552894294,2413894428,0,105.55900000000001,0,5,20.30145672664953,0.04924910728606522,0.0026200048035226555,1.4930066050249164e-09,0.00018220309658796276,VILA MATILDE
552894303,1580128323,0,66.168,0,3,22.71688089117395,0.044012583645786967,0.0005202913631633715,1.1940382354719847e-10,0.0001087617247012262,VILA MATILDE
552894341,2061326898,0,91.951,0,4,23.162639245929736,0.04316557408585761,0.003117686575832974,1.9219043451828397e-11,0.00015281028928449715,VILA MATILDE
552894341,2477132061,0,161.676,0,4,22.241816623821766,0.04495265100438431,0.004239501365104818,1.685883925963504e-11,0.00015014477556275443,VILA MATILDE
552894397,1580128362,0,64.683,0,2,23.479005998286205,0.042583941605839414,0.0005202913631633715,2.028012828610734e-11,9.042938499342201e-05,VILA MATILDE
552894400,1580128362,0,116.68299999999999,0,4,23.086203941730933,0.043308489473527924,0.0005366731625239668,4.189527949223984e-11,0.00015589689867830255,VILA MATILDE
560454492,1580129532,0,114.084,0,6,23.467694944301627,0.042604466385265896,0.0046528371787238065,3.6583212025662575e-10,0.0001800733315198066,VILA MATILDE
560454492,560454497,0,114.80199999999999,0,6,23.199657240788348,0.04309669793898205,0.0017873761583353709,4.2951258495197284e-10,0.00017924363893406559,VILA MATILDE
560454492,2527914958,0,62.471,0,5,23.808054841473865,0.04199539303196084,9.477074010261776e-05,2.517686487087197e-10,0.00015940881442294704,VILA MATILDE
560454492,560454493,0,114.201,0,6,23.1484147386461,0.04319209897017124,0.005095145761459881,3.581505149667777e-10,0.0001822684348083225,VILA MATILDE
560454493,2527914951,0,62.211,0,5,23.4630676949443,0.04261286858962653,0.0026327311600507215,2.4181550968232325e-10,0.0001599492151428257,VILA MATILDE
560454493,560454494,0,115.648,0,6,22.920651242502142,0.043621300713313695,0.004556035637047561,3.1996332819750747e-10,0.00018540336247496275,VILA MATILDE
560454493,560454498,0,116.43799999999999,0,6,22.839417309340188,0.04377645046072576,0.0013009314880657915,4.258940156467353e-10,0.00018102111004547806,VILA MATILDE
560454494,560454503,0,113.494,0,6,22.840616966580978,0.043774151191146124,0.0010760540604794371,2.2107846062433084e-10,0.000190485038534174,VILA MATILDE
560454494,2527914915,0,59.904,0,5,23.082604970008568,0.04331524200553877,0.004753564936775732,2.0795129317614985e-10,0.00016575827218323082,VILA MATILDE
560454494,560454499,0,115.354,0,6,22.514310197086548,0.044408583325086966,0.0008886787686194043,3.629407461290777e-10,0.00018699751281425346,VILA MATILDE
560454497,560454498,0,114.572,0,6,22.844730077120822,0.043766269814477225,0.005564125538196264,4.972560783679332e-10,0.00017799631417122108,VILA MATILDE
560454497,1580129526,0,113.604,0,6,23.19502999143102,0.043105295434562554,0.0049692360638949745,4.638495714003069e-10,0.00017775966322374046,VILA MATILDE
560454498,560454499,0,116.001,0,6,22.575321336760926,0.04428856650496861,0.005026504668271271,4.688714136294089e-10,0.00018261526038476877,VILA MATILDE
560454500,2527914958,0,52.869,0,5,24.07814910025707,0.04152431385946931,0.0002079540811394584,1.4146242748197556e-10,0.00016727729392096853,VILA MATILDE
560454500,1580129531,0,115.877,0,5,24.137789203084832,0.04142171480503252,1.2184809441765141e-05,9.35143729972042e-11,0.00018196579711929995,VILA MATILDE
560454500,560454505,0,114.493,0,6,23.569323050556985,0.04242076101420085,0.02685762158476715,1.4043108612799e-10,0.00019564087189977353,VILA MATILDE
560454500,1580129529,0,113.727,0,6,23.701799485861184,0.04218365871294288,0.026713705446582744,1.8255292730532854e-10,0.00019405784854457556,VILA MATILDE
560454503,2527914953,0,58.263,0,5,23.449185946872323,0.042638095098884714,0.02777351309447316,1.0809495240574748e-10,0.00017493577923714256,VILA MATILDE
560454503,560454505,0,115.643,0,6,23.399314481576692,0.042728970593620685,0.02721125183212149,1.4411417946517827e-10,0.00019336471167690124,VILA MATILDE
560454503,1580129534,0,114.12700000000001,0,6,23.256898029134533,0.0429906266580204,0.0013538677157516822,1.1296432367803523e-10,0.00019585937784207647,VILA MATILDE
560454505,2527914951,0,52.989,0,5,23.799485861182518,0.04201051342982646,0.002915689512642823,1.3440229925142027e-10,0.00016489715671423464,VILA MATILDE
560454505,1580129540,0,112.903,0,6,23.919794344473008,0.041799214742211904,0.003023592769588232,1.0179506404751313e-10,0.00020171372557036834,VILA MATILDE
571516366,2527914930,0,25.314,0,4,26.182519280205657,0.038186876125020454,0.00020930794885521008,3.3886727774729614e-12,0.0001562223667027526,VILA MATILDE
571516366,1679631524,0,66.364,0,4,26.048500428449014,0.038383346601488226,0.0031978355446054736,3.320364326620554e-12,0.0001534566762365056,VILA MATILDE
656449771,656453413,0,11.294,0,5,22.67215081405313,0.04409941644241527,0.04569384772724873,2.86740008072609e-10,0.0001847192660757527,VILA MATILDE
656449771,656454596,0,34.169,0,4,23.078320479862896,0.0433232834801206,0.17452492104920417,1.184665617621844e-10,0.00015802528426362848,VILA MATILDE
656453407,656455534,0,29.747999999999998,0,4,22.126649528706086,0.04518662525462981,0.07233782898647026,5.014545039215156e-10,0.0001595078335454714,VILA MATILDE
656453407,1678609571,0,150.316,0,4,21.456041131105398,0.046598932873254735,0.0032259959930931088,1.8168141035745143e-09,0.00015875999215254964,VILA MATILDE
656453413,1678609652,0,11.616,0,5,22.769665809768636,0.04391055313447889,0.001329498096868152,2.985111647344924e-10,0.00018738189435394266,VILA MATILDE
656453413,656455534,0,12.924,0,5,22.79177377892031,0.04386795999699226,0.061633609278651164,3.540711332303583e-10,0.0001872749442447291,VILA MATILDE
656453413,1678609579,0,11.015999999999998,0,5,22.098543273350472,0.04524409632013649,0.017008369339445235,6.988539784343256e-10,0.00018274183549454848,VILA MATILDE
656454008,2527914888,0,670.5600000000001,0,4,19.624507283633246,0.050947960422324884,0.004372586561563209,1.911757079153775e-08,0.00015361494348080812,VILA MATILDE
656454008,656454332,0,10.406,0,5,19.897172236503856,0.05024978466838932,0.0033734321873384668,2.106410671689762e-08,0.00018630970791292268,VILA MATILDE
656454008,1678609386,0,753.6500000000001,0,4,19.595201371036847,0.05102415644842485,0.0014609586520676404,7.745425158271516e-08,0.00015233957730286614,VILA MATILDE
656454332,5328050322,0,102.97200000000001,0,5,20.63530419880034,0.04845233250558522,0.011638523818459336,8.274451853514925e-09,0.00018801396299776698,VILA MATILDE
656454332,1678609571,0,22.116,0,5,20.652442159383032,0.048412125436696624,0.016137290851130602,7.205828498390843e-09,0.0001874010586516098,VILA MATILDE
656454332,5328039117,0,52.691,0,5,20.593144815766923,0.04855152670167525,0.007953025122640107,7.62091873980864e-09,0.0001863892303904725,VILA MATILDE
656454596,1678609594,0,52.878,0,4,23.217823479005997,0.043062977944432965,0.18693135863603785,9.69011194843394e-11,0.00016770618025259459,VILA MATILDE
656454596,1678609652,0,22.54,0,4,23.182005141388174,0.043129514220024104,0.012366227715675866,1.3023771907894344e-10,0.0001605554312427005,VILA MATILDE
656455534,1678609652,0,17.909,0,4,22.82759211653813,0.04379912762107824,0.010998144388908792,2.2605008009073164e-10,0.0001573836427152064,VILA MATILDE
656458988,1580129538,0,65.339,0,5,24.936246786632392,0.040095393222132875,0.03382232327490853,5.372868610158695e-12,0.00020007984073088116,VILA MATILDE
656458988,5332053590,0,61.74900000000001,0,4,24.953384747215082,0.040067855744730534,0.03300309792010719,2.1860104922281957e-12,0.00018196704657624048,VILA MATILDE
656458988,1734776369,0,102.883,0,4,25.46923736075407,0.03925632347102878,0.0011643262355464467,1.964825421757103e-12,0.00017652127401711674,VILA MATILDE
656463797,1580128355,0,106.165,0,5,23.875064267352187,0.04187752582351717,0.051834856299126784,6.240032206659169e-12,0.00017177468707812418,VILA MATILDE
656463797,1664208458,0,57.913999999999994,0,5,23.992973436161098,0.041671726226615906,0.059283024150563086,4.533597173563233e-12,0.00017317120079478386,VILA MATILDE
656463797,6943083802,0,176.473,0,4,24.03324764353042,0.04160189397720952,0.007252804740053337,2.8425291467447247e-12,0.00014478831150825558,VILA MATILDE
656463814,6943083802,0,11.82,0,5,24.199657240788348,0.04131581742856131,0.010313628871824741,3.444638578736553e-12,0.0001757037501440669,VILA MATILDE
656463814,1580128381,0,70.942,0,5,23.624678663239074,0.042321363801233226,0.004042784386006098,4.874298659238027e-12,0.00017644597574872364,VILA MATILDE
656463814,1580128334,0,213.893,0,5,24.066666666666666,0.04154412550114293,0.03266002784093571,3.080113502320627e-12,0.00017660838264006734,VILA MATILDE
656463814,1580128355,0,163.001,0,6,23.77172236503856,0.04205957839490152,0.026894040626320868,6.842144463445276e-12,0.00020199461695113676,VILA MATILDE
656463958,1664202946,0,39.997,0,4,23.605998286203942,0.042354854400650496,0.04525370533285786,5.099153640100651e-14,0.00015738918933907916,VILA MATILDE
656463958,1580128397,0,15.2,0,4,24.060154241645243,0.04155537035849877,0.04066991540763738,8.8309618879279e-14,0.0001565951294936287,VILA MATILDE
656463958,2494629774,0,91.458,0,4,23.851928020565552,0.041918146806920735,0.0051357617929324315,6.900511111720046e-14,0.0001650468849189573,VILA MATILDE
656463996,2449984102,0,85.80600000000001,0,5,23.658783204798628,0.042260356829821294,0.005732411295264198,6.16822900509465e-12,0.0001867800649971176,VILA MATILDE
720871058,5337768228,0,9.478,0,5,29.99828620394173,0.03332952468007313,0.009412629906991996,0.00012660482235028988,0.00017321789428022136,VILA MATILDE
1580128315,2843250713,0,103.449,0,4,24.436846615252787,0.040914797074108104,0.0031109172372542158,4.0743587604470414e-13,0.00017127568243702137,VILA MATILDE
1580128315,1580128348,0,50.348,0,4,24.3146529562982,0.04112041501029068,0.005546254484348341,1.3647079684940082e-12,0.00016734884334663536,VILA MATILDE
1580128315,2494507308,0,54.108999999999995,0,4,24.86101113967438,0.04021673192521921,0.006510614458278265,3.509495811452373e-13,0.00017788055754966588,VILA MATILDE
1580128320,1706350616,0,77.132,0,5,21.58166238217652,0.04632769258868092,0.0017500094093806245,2.638405498791826e-10,0.0001692296519395145,VILA MATILDE
1580128320,1580128323,0,113.62199999999999,0,6,22.035818337617822,0.04537288359685485,0.00037894757363889585,2.2163141647831965e-10,0.00019571477774672313,VILA MATILDE
1580128320,3174980841,0,114.766,0,6,22.30796915167095,0.04481934745365569,0.0012431213366031948,1.935358357828774e-10,0.00019600136698743226,VILA MATILDE
1580128322,2063568332,0,52.691,0,3,23.658440445586976,0.04226096909023738,0.0005202913631633715,1.2883823291233183e-10,0.00011019581303555572,VILA MATILDE
1580128322,1580128349,0,115.978,0,6,23.01388174807198,0.04344458841576933,0.0011882896941152515,2.615513714881785e-10,0.00019933328521248665,VILA MATILDE
1580128322,1580128323,0,115.50000000000001,0,6,22.69974293059126,0.04404581247687859,0.0009933327430470093,2.159246409448918e-10,0.00019920250919114595,VILA MATILDE
1580128329,1580128446,0,94.718,0,4,21.55012853470437,0.046395482921786156,0.0013419536798530674,6.235525627472503e-10,0.00015107838027970184,VILA MATILDE
1580128329,1580128350,0,129.463,0,5,22.468380462724937,0.04449936309619154,0.0008069051585880027,3.5050942026927946e-10,0.00018138013003457618,VILA MATILDE
1580128334,6943083791,0,9.685,0,4,24.30248500428449,0.04114100349070907,0.04161708126157726,1.0205372965363242e-12,0.00015280834355557244,VILA MATILDE
1580128334,1664208419,0,88.835,0,5,24.23101970865467,0.041262341924350014,0.010078732823141824,1.3177040817167387e-12,0.00017670134230689152,VILA MATILDE
1580128348,2843250712,0,108.285,0,4,24.312767780634104,0.041123603425792125,0.001470300339306327,1.3681734726762408e-12,0.00016548155610880938,VILA MATILDE
1580128349,6941297181,0,62.882,0,3,23.351328191945157,0.04281677736596822,0.0005202913631633715,1.7185950386011547e-10,0.00010889250072256688,VILA MATILDE
1580128349,1580128358,0,114.981,0,6,22.627934875749787,0.04418558856052229,0.0018289398972089477,3.572858129212122e-10,0.00019661800718817434,VILA MATILDE
1580128350,1580128363,0,113.18100000000001,0,6,22.070951156812338,0.0453006584668903,0.0007045527592771754,5.227971791746856e-10,0.00019953496822496257,VILA MATILDE
1580128355,1580128360,0,85.079,0,6,23.332819194515853,0.04285074221246153,0.05347506703675995,1.3159586685881337e-11,0.0001997631270145305,VILA MATILDE
1580128358,2063568331,0,69.076,0,3,22.882947729220223,0.04369317415856563,0.0005202913631633715,2.389012246570944e-10,0.00010748053501124345,VILA MATILDE
1580128358,1580128363,0,115.09299999999999,0,6,22.108311910882605,0.04522410505263484,0.0024040629028602625,5.354053599924763e-10,0.00019347611588724315,VILA MATILDE
1580128360,1580128381,0,200.378,0,5,23.192973436161097,0.0431091176448855,1.976646864997456e-05,1.1191741729542167e-11,0.00017433599005076193,VILA MATILDE
1580128360,1580128412,0,218.52599999999998,0,6,22.931448157669237,0.04360076230335189,0.007108211668011058,2.918583499342472e-11,0.0002014280851396517,VILA MATILDE
1580128362,3174980842,0,102.10000000000001,0,5,22.802056555269925,0.043848177376925965,0.0005036387902596258,7.332376887075076e-11,0.00018521500285666035,VILA MATILDE
1580128381,2843250719,0,171.453,0,4,23.470094258783206,0.04260011099103309,0.0038631261401258503,3.134090253858419e-12,0.00015468945249401893,VILA MATILDE
1580128394,6943062316,0,14.943,0,4,24.096658097686376,0.041492418423373444,0.004222713405429497,1.2846444545417012e-12,0.00016799142981099212,VILA MATILDE
1580128394,2843250716,0,89.614,0,4,24.53024850042845,0.04075900904047955,0.000924691649858399,3.624591463830989e-13,0.0001704277528241559,VILA MATILDE
1580128394,2477149663,0,20.909,0,4,24.058097686375323,0.04155892263087784,0.0037175853606825444,4.62204273217405e-13,0.00017000164714397076,VILA MATILDE
1580128397,1664208400,0,41.734,0,4,24.016281062553556,0.04163128411888536,0.04060682517208336,1.966843102199478e-13,0.00015198990899675466,VILA MATILDE
1580128397,1664208456,0,184.31300000000002,0,5,24.3662382176521,0.04103335982613222,0.00014933160904741056,1.8504742290668578e-13,0.00017546569500008686,VILA MATILDE
1580128398,5332039666,0,86.485,0,4,25.358354755784063,0.03942797669734939,0.0002692842886630096,1.9155343502550896e-12,0.0001573551290199142,VILA MATILDE
1580128398,7291731615,0,90.97399999999999,0,4,25.237874892887746,0.03961619687226255,0.0023664253803623654,2.695107295694263e-12,0.0001530029458111668,VILA MATILDE
1580128412,6943062356,0,59.31100000000001,0,5,23.239417309340187,0.04302296426306396,0.009837879756509599,2.6255079838486735e-11,0.00017823511776221502,VILA MATILDE
1580128412,7301922148,0,266.872,0,5,22.632390745501286,0.04417688929274572,0.007992287286396907,5.234818751488153e-11,0.00017664993817655329,VILA MATILDE
1580128419,5332039666,0,74.103,0,4,24.866666666666667,0.040207585270543154,0.0005533257354277126,4.226241813384983e-12,0.00015122952516351626,VILA MATILDE
1580128419,1664208411,0,97.71199999999999,0,5,24.150471293916024,0.04139996309910728,0.052710537937674974,1.4085142507023499e-11,0.00017107535309724374,VILA MATILDE
1580128419,1664208458,0,82.783,0,5,24.302827763496143,0.04114042325132046,0.052582732825308016,5.914867019430491e-12,0.00017431178529558476,VILA MATILDE
1580128426,2843250717,0,64.363,0,4,24.126478149100258,0.04144113426813849,0.002126926181445893,1.1553388288160013e-13,0.00017035712349736012,VILA MATILDE
1580128426,2477149663,0,34.043,0,4,23.874035989717225,0.04187932952873192,0.01424512533159605,2.57270887652799e-13,0.00016990667224933497,VILA MATILDE
1580128426,2477149351,0,82.025,0,4,23.232562125107112,0.04303565896047565,0.012918470356930977,1.6235593618819222e-13,0.00016756143861563794,VILA MATILDE
1580129524,1580129529,0,115.811,0,5,23.885518423307627,0.041859196969262116,5.415470863006729e-06,1.4589525096655384e-10,0.00017268939040703224,VILA MATILDE
1580129524,2997919736,0,40.891,0,4,24.424678663239074,0.04093518011759918,0.0031052309928480586,4.8748184604126415e-11,0.00016678854239821176,VILA MATILDE
1580129524,2494629952,0,115.179,0,5,23.956640959725792,0.041734925279174745,0.0027744811098899223,8.173607092665301e-11,0.00018495969729482654,VILA MATILDE
1580129525,2843250706,0,55.386,0,4,25.475064267352185,0.039247344379637665,0.0019372493144690821,4.251897309458889e-12,0.00016453849242238243,VILA MATILDE
1580129525,1580129536,0,56.076,0,4,24.55904027420737,0.04071122524458835,0.0019440186530478407,6.824865211900547e-12,0.00015650057998418666,VILA MATILDE
1580129525,1580129528,0,109.371,0,5,24.90848329048843,0.04014008435334833,0.0001192757457577232,1.1238043575053968e-11,0.00018420448420653965,VILA MATILDE
1580129526,1664218119,0,114.223,0,6,23.484490145672666,0.04257399731449588,0.003507871251512609,3.7964450744101924e-10,0.00018179918261437426,VILA MATILDE
1580129526,1580129532,0,116.12,0,6,23.507626392459297,0.04253209591228211,0.00033548841996326685,4.0016911342687144e-10,0.00017858935580948154,VILA MATILDE
1580129528,2843250704,0,54.5,0,6,25.168637532133676,0.03972517857264451,0.03547647885001393,1.1531419718746472e-11,0.0002167215968190432,VILA MATILDE
1580129528,1580129530,0,58.502,0,6,24.269065981148245,0.04119765553280136,0.03516102767224379,2.27679203242713e-11,0.00020714415121697642,VILA MATILDE
1580129528,1580129533,0,115.894,0,5,24.62056555269923,0.04060949039753308,8.31274777471533e-05,1.847136672701281e-11,0.00018246490256515984,VILA MATILDE
1580129529,1580129532,0,115.484,0,6,23.649528706083977,0.04227689409036559,4.873923776706056e-06,2.9280248965670773e-10,0.00018450490897397616,VILA MATILDE
1580129529,1664218236,0,114.232,0,6,23.744301628106257,0.042108150243958774,0.02639351573180747,2.230454191896272e-10,0.00018864550982648277,VILA MATILDE
1580129530,1580129536,0,109.379,0,5,23.980634104541558,0.04169316858075997,0.0020413617418103868,1.8354742323640328e-11,0.00018082485815795567,VILA MATILDE
1580129530,3900853851,0,56.20099999999999,0,5,23.918251928020567,0.04180191024841828,0.034964987627002946,1.867936369989622e-11,0.00017906349917779136,VILA MATILDE
1580129530,1580129534,0,115.854,0,6,23.66426735218509,0.042250563075296385,0.0019421232382457884,5.107799534723039e-11,0.00020138789568057488,VILA MATILDE
1580129531,6941297165,0,71.678,0,4,24.819194515852615,0.04028449109239055,0.004759792728268189,3.31996255989988e-11,0.00016910963161651524,VILA MATILDE
1580129531,2997919736,0,72.134,0,4,24.400856898029133,0.04097514380631975,0.004415774941695687,3.3643899009831444e-11,0.00017226425466092276,VILA MATILDE
1580129532,1664218192,0,113.667,0,6,23.6497000856898,0.0422765877271805,0.00466001267761729,3.460248878196088e-10,0.0001789211005446167,VILA MATILDE
1580129533,6941297159,0,40.497,0,4,24.92116538131962,0.040119657531891485,0.006190830903817717,1.262385751739236e-11,0.0001696539118644557,VILA MATILDE
1580129533,1580129534,0,54.651,0,5,23.96846615252785,0.04171433474430843,0.00614033163802018,4.6781439208927815e-11,0.00017694494523070502,VILA MATILDE
1580129534,1580129540,0,115.34700000000001,0,6,23.89802913453299,0.04183728351679874,0.005202101311004264,7.064521010347031e-11,0.00020420839173554357,VILA MATILDE
1580129536,6943062316,0,43.469,0,4,24.088431876606684,0.041506588121460485,0.003881538741060073,4.929853736607973e-12,0.00016105879894919906,VILA MATILDE
1580129538,3900853851,0,58.091,0,5,24.341388174807197,0.041075250647741354,0.03452186672363742,8.377466896127931e-12,0.0001897442797177542,VILA MATILDE
1580129538,6941297176,0,83.715,0,5,24.56332476435304,0.040704124135717626,0.004396143859817288,1.2548219685437312e-11,0.00019563692189196853,VILA MATILDE
1580129538,2494629845,0,116.393,0,5,24.81610968294773,0.04028949876382923,0.004120767166433396,5.4488346416787494e-12,0.00019613065183135547,VILA MATILDE
1580129540,6941297176,0,31.334,0,5,24.380805484147388,0.041008842839268395,0.004204436191266849,4.241733437261786e-11,0.00018763100149992194,VILA MATILDE
1580129540,6941297165,0,43.11,0,5,24.63341902313625,0.04058830077364056,0.006162399681786932,4.63255667254857e-11,0.0001933310659697225,VILA MATILDE
1649588831,1649595267,0,108.008,0,4,30.04610111396744,0.03327648457953787,0.0039002221155374464,0.003302786509184971,0.00015782840435379095,VILA MATILDE
1649588840,1678715509,0,121.09,0,5,29.719965724078836,0.033641647829496704,0.034498986359241215,0.0008131021896491612,0.00017980927641216455,VILA MATILDE
1649588872,1649595215,0,60.19,0,5,30.86975149957155,0.03238861901457321,0.02768266857074622,5.296508558883253e-05,0.00018508865083821294,VILA MATILDE
1649588872,1678715255,0,256.348,0,5,30.816966580976864,0.03244409594198546,8.786601475228418e-05,8.68166447819216e-05,0.0001901161991817324,VILA MATILDE
1649588872,5337768228,0,100.997,0,5,30.401713796058267,0.032887245340879626,0.027362614242742524,0.00011317681144812579,0.0001798596115752551,VILA MATILDE
1649595152,8769966263,0,25.84,0,4,31.237360754070266,0.03200746145827618,0.004807042711547923,2.538691234503537e-07,0.00016974643072222115,VILA MATILDE
1649595154,7941045822,0,72.92199999999998,0,5,30.677292202227935,0.032591814616596465,0.0005806738632858965,1.2516276603293586e-05,0.00018549786644677096,VILA MATILDE
1649595157,1649595202,0,67.708,0,4,25.260497000856898,0.0395807184775603,0.00515850677055706,5.628532460187777e-09,0.0001732213997849697,VILA MATILDE
1649595157,6943383642,0,229.44299999999996,0,2,25.338131962296487,0.03945944483523619,0.0005202913631633715,2.42572552808156e-09,9.57290818702345e-05,VILA MATILDE
1649595157,1678551960,0,150.653,0,5,24.406512425021422,0.04096564896216611,0.005710884798583746,8.152916068386439e-09,0.00019631721518565624,VILA MATILDE
1649595159,1678467222,0,38.223,0,5,24.55578406169666,0.0407166237446173,0.0036919972608548375,1.262682070473742e-07,0.00018292234318732396,VILA MATILDE
1649595159,1650370975,0,66.27,0,6,25.203427592116537,0.0396703431205886,0.023081142978449404,2.1147112687855624e-07,0.00021667331050766566,VILA MATILDE
1649595159,1650371103,0,105.92599999999999,0,5,25.320479862896317,0.03948695387322752,0.00309819088072615,1.9773350726953443e-07,0.00018290194462812465,VILA MATILDE
1649595159,1650371079,0,240.478,0,5,24.755441302485004,0.04038823659725299,0.022004141210568942,1.0324306167568798e-07,0.00018794998695349926,VILA MATILDE
1649595162,1649595183,0,162.595,0,4,29.812682090831192,0.033537023517306,0.037799851237015396,1.6083346615714438e-06,0.00016814894215556468,VILA MATILDE
1649595162,8769966263,0,69.732,0,4,30.553556126820908,0.03272380525016828,0.005195331972425506,6.583194103181105e-07,0.00017029128174395302,VILA MATILDE
1649595162,2301565191,0,105.328,0,4,30.39794344473008,0.03289132444805268,0.032508259269999944,1.52869624509486e-06,0.00017066531294202404,VILA MATILDE
1649595164,1678729129,0,164.101,0,5,28.765895458440447,0.03475743078600409,2.5046552741406123e-05,9.445352258460383e-08,0.000178705644032585,VILA MATILDE
1649595164,1649595181,0,174.469,0,5,29.426735218509,0.03397687894936082,0.00014080224243817496,9.11568347384188e-08,0.00018289854510018154,VILA MATILDE
1649595164,1678729031,0,71.896,0,6,29.321679520137103,0.03409861361139036,0.00043567463092889137,1.5729152370741687e-07,0.0002117121176429155,VILA MATILDE
1649595164,1650370769,0,93.742,0,5,28.674378748928877,0.0348683620715417,0.0005734983643924126,9.171267893017798e-08,0.00017976959993302902,VILA MATILDE
1649595167,7949749864,0,4.641,0,4,29.634447300771207,0.033738730142206956,0.0012214594531511677,0.00018786548347125465,0.0001602676386419396,VILA MATILDE
1649595167,1650371193,0,99.34,0,5,28.99777206512425,0.03447949787827567,0.0011732617624704079,0.0007093832116756554,0.0001776836775730196,VILA MATILDE
1649595167,1649595221,0,78.222,0,5,29.249014567266496,0.03418332669276021,0.00044203780919292425,0.0002628877509099356,0.0001761345573039108,VILA MATILDE
1649595179,1678715233,0,67.474,0,4,29.351670951156812,0.03406377177156136,0.0061563072770660495,0.0031745378839269367,0.00014971394208494054,VILA MATILDE
1649595179,1649595219,0,153.429,0,5,28.716195372750644,0.03481758664112342,0.008134172623007682,0.003650591685738549,0.0001717686275721558,VILA MATILDE
1649595179,1649595262,0,105.48100000000001,0,6,29.339845758354755,0.03407750090538441,0.0018534449028640532,0.009832409846973061,0.00020112179383075364,VILA MATILDE
1649595181,2301610270,0,75.772,0,4,29.4586118251928,0.03394011321127924,0.0010604845817482928,9.592054253869238e-08,0.00015664232456859484,VILA MATILDE
1649595181,1678467316,0,73.507,0,4,30.118423307626394,0.03319657905668,0.0006677275574087298,7.851760044025161e-08,0.00015567732980309012,VILA MATILDE
1649595183,1678467193,0,44.196,0,4,29.171722365038562,0.03427389743680126,0.03582361053233266,1.9224681861406907e-06,0.00016189209689512486,VILA MATILDE
1649595183,1649595252,0,57.498999999999995,0,4,29.831362467866324,0.03351602265807223,0.007924187740294596,5.028063313599717e-06,0.00016541227061965741,VILA MATILDE
1649595189,1649595225,0,114.634,0,6,24.282776349614394,0.04117439480556144,0.02168665923122517,7.293380616858028e-10,0.0001986253313637797,VILA MATILDE
1649595189,1664070076,0,166.70000000000002,0,5,24.782347900599827,0.04034438643200443,0.023286524710928937,3.9131275864313775e-10,0.00017485538520866522,VILA MATILDE
1649595189,1664070078,0,51.363,0,6,24.717052270779778,0.040450965165298426,0.012894506898362173,7.201866271460328e-10,0.00019482762502915832,VILA MATILDE
1649595189,1649595266,0,87.267,0,6,24.632390745501286,0.04058999512975718,0.01140335699623327,4.188358362909145e-10,0.0002014022489539769,VILA MATILDE
1649595190,1678467320,0,20.057,0,4,28.003770351328193,0.03570335736404695,0.002370080823194895,1.8975203790172488e-07,0.0001565620431219046,VILA MATILDE
1649595190,1649595243,0,205.453,0,4,28.06769494430163,0.03562204243626927,0.001036521123179488,3.65926250200229e-07,0.00015796434776320627,VILA MATILDE
1649595190,1649595197,0,91.898,0,5,27.493573264781492,0.03636590306997039,0.0015018454570833411,5.847046796276406e-07,0.00018196939945940786,VILA MATILDE
1649595193,1649595221,0,165.969,0,6,29.402570694087405,0.034004802872397474,0.002066002134237067,0.00015954637023091875,0.00020256570724009958,VILA MATILDE
1649595193,1649595238,0,77.831,0,5,29.494944301628106,0.03389830508474576,0.0030834337226244564,5.990602494583411e-05,0.00017943601297999256,VILA MATILDE
1649595193,1649595216,0,80.602,0,6,29.52630676949443,0.03386229873582299,0.0002516840083582377,8.536679230812796e-05,0.0002004133571059938,VILA MATILDE
1649595193,1679735902,0,87.51,0,5,29.932819194515854,0.03340242073079962,0.0006199360270426953,6.151369356730953e-05,0.0001827123398369924,VILA MATILDE
1649595197,1649595253,0,107.728,0,5,26.901799485861183,0.0371658639757409,0.002218041478715981,5.704116569588435e-07,0.0001827605520439156,VILA MATILDE
1649595197,1678551884,0,71.592,0,6,26.83873179091688,0.037253199152001225,0.0018064656931274696,9.385211272590837e-07,0.00020339655218155396,VILA MATILDE
1649595197,1678551883,0,112.185,0,5,27.431191088260498,0.03644860396973654,0.002378745576575706,1.257313592798654e-06,0.00017446606658830997,VILA MATILDE
1649595201,5337711919,0,64.856,0,4,27.533333333333335,0.036313388149909434,0.002651008374213369,4.149246012640589e-08,0.00018193819662578112,VILA MATILDE
1649595201,1678467288,0,26.983,0,2,27.75561268209083,0.03602257431122417,0.0005202913631633715,9.694243161571717e-09,0.00010357247287568134,VILA MATILDE
1649595201,1650370795,0,160.075,0,4,26.917566409597256,0.03714409412723476,0.0030772059311319987,1.3584139380103826e-08,0.0001841670295597277,VILA MATILDE
1649595202,1650370795,0,66.79,0,4,26.069408740359897,0.03835256220622555,0.004914133647863881,8.670542244062965e-09,0.00017400065760274472,VILA MATILDE
1649595202,1678467458,0,323.55,0,4,25.917737789203084,0.03857700191760894,1.6246412589020186e-05,1.2728601584049838e-08,0.00016459427167751138,VILA MATILDE
1649595204,3134394120,0,28.879,0,4,26.759725792630675,0.03736318630998508,0.03725085787827809,2.6290341628398125e-07,0.00016769290584518802,VILA MATILDE
1649595204,1650371103,0,155.41600000000003,0,4,26.083804627249357,0.03833139508143943,0.003326182204058733,2.693515693423869e-07,0.00015614515821502138,VILA MATILDE
1649595204,1650370822,0,87.782,0,4,26.80325621251071,0.03730250580254097,0.038969863716968,6.565858779631114e-07,0.00015625486011650378,VILA MATILDE
1649595206,1649595265,0,32.663,0,4,30.01610968294773,0.03330973370483716,0.006342599474753481,0.0006305222937837734,0.00015990496304087593,VILA MATILDE
1649595206,1649595267,0,67.132,0,4,30.22827763496144,0.03307593745393521,0.0035743461563560166,0.0014976331554345701,0.0001605388988061653,VILA MATILDE
1649595206,1678715233,0,56.604,0,4,29.836332476435306,0.0335104397024613,0.009601629840110931,0.0014750596238512395,0.000158682241615529,VILA MATILDE
1649595208,1678467193,0,92.64,0,5,28.60171379605827,0.03495694794806191,0.03585055249987612,3.2601616091123997e-06,0.0001828181520718046,VILA MATILDE
1649595208,1678551883,0,162.414,0,5,27.987660668380464,0.03572390819800622,0.002110815155628448,3.2729998607325037e-06,0.00017414846146556037,VILA MATILDE
1649595208,1678551876,0,64.182,0,5,28.5866323907455,0.034975390130872946,0.004410901017918981,8.02974781171064e-06,0.00017841612674301087,VILA MATILDE
1649595208,1678551877,0,87.61,0,6,27.96075407026564,0.03575828526947429,0.03794742281803233,4.271277385979092e-06,0.00020439504126682883,VILA MATILDE
1649595215,1678467305,0,30.996,0,4,30.987832047986288,0.03226520070348535,0.02789238267991616,2.0673058953915117e-05,0.00015281438747298266,VILA MATILDE
1649595215,7941045822,0,112.357,0,4,30.957155098543275,0.0322971738588867,7.825355397044723e-05,1.665888809183272e-05,0.0001564268398485378,VILA MATILDE
1649595216,1649595218,0,77.545,0,5,29.256726649528705,0.03417431595719131,0.0024637684691249115,4.912067568075482e-05,0.00017064763126073738,VILA MATILDE
1649595216,1678466860,0,130.086,0,6,29.547215081405312,0.03383833696812213,0.0022889841470213695,9.712048520356005e-05,0.00019817599458453168,VILA MATILDE
1649595216,1678466899,0,121.152,0,6,29.265638389031704,0.034163909466225516,0.00013064823457003733,5.7793234934045925e-05,0.00019941172538849925,VILA MATILDE
1649595218,1678551876,0,9.704,0,4,29.343101970865465,0.03407371931525491,0.00641381291660202,1.702277654097442e-05,0.00014663255879742608,VILA MATILDE
1649595218,1650370729,0,118.178,0,5,28.635132819194517,0.034916150964174136,0.0036469134659203066,2.176953152180443e-05,0.00017498616610758257,VILA MATILDE
1649595219,13536766230,0,100.534,0,5,28.79897172236504,0.03471751109841587,0.018375098798496557,0.0035912410016162126,0.00017229502691161783,VILA MATILDE
1649595219,1650371193,0,134.854,0,6,28.647129391602398,0.03490152911053148,0.024327242824027255,0.0020403793383653186,0.0002017271223620541,VILA MATILDE
1649595219,1650370818,0,108.594,0,6,28.120994001713797,0.03555452628499689,0.0024545621686578,0.0021018005039689894,0.00020114877363379142,VILA MATILDE
1649595221,1678466696,0,72.313,0,5,29.247300771208227,0.03418532972377503,0.0021090551275979707,0.00026546792018880403,0.00017308616369214017,VILA MATILDE
1649595221,1678466860,0,71.38,0,6,29.46872322193659,0.03392846757778424,0.0007952618962325382,0.0001713000631263633,0.00020032834471863748,VILA MATILDE
1649595223,1678729031,0,85.378,0,5,29.913453299057412,0.033424045375118165,0.0007029281180182734,2.9677015836616485e-07,0.00018604586318017336,VILA MATILDE
1649595225,1650371064,0,123.79599999999999,0,5,23.778063410454156,0.04204836210313885,0.025404109205136142,8.025332104182294e-10,0.00017394231517914684,VILA MATILDE
1649595225,1836987486,0,86.774,0,5,24.4471293916024,0.04089758778540333,0.007279205160510495,5.502270632803055e-10,0.0001776536827706857,VILA MATILDE
1649595225,1664070114,0,52.076,0,6,24.374464438731792,0.041019511337669186,0.003452498061938365,1.2605449569610882e-09,0.00019457019276781585,VILA MATILDE
1649595227,1649595261,0,41.465999999999994,0,2,31.22604970008569,0.03201905556409299,0.0005202913631633715,1.2480329821763567e-05,0.00010102409317585229,VILA MATILDE
1649595238,1649595252,0,59.578,0,4,29.898714652956297,0.0334405218418081,0.005700460017172458,1.6128776126600233e-05,0.00015898380278775507,VILA MATILDE
1649595238,1678551876,0,71.796,0,4,29.206512425021423,0.03423307123577045,0.004722967526399744,1.7792767201742797e-05,0.00015136068790474403,VILA MATILDE
1649595240,1650370646,0,86.324,0,5,25.151499571550985,0.03975224688094086,0.008750317820446272,6.108937154840192e-10,0.00017154543505589642,VILA MATILDE
1649595240,2903440184,0,68.899,0,5,25.256555269922877,0.03958689574681758,0.009264246005345611,8.480379905671648e-10,0.0001733907639623561,VILA MATILDE
1649595240,1650370835,0,111.863,0,6,25.10625535561268,0.039823884774224376,0.009535696482353823,7.709729439611977e-10,0.00019568251047676793,VILA MATILDE
1649595240,1664070114,0,51.694,0,6,24.78440445586975,0.04034103874371616,0.009156478135171777,1.2826671073839018e-09,0.00019303104337741107,VILA MATILDE
1649595243,1678467193,0,84.223,0,4,28.61662382176521,0.0349387344440585,0.002311322964331272,1.025696911750849e-06,0.0001590716424518569,VILA MATILDE
1649595243,2301610270,0,40.509,0,4,28.765381319622964,0.034758052023879035,0.001826773708863745,2.7880944131765306e-07,0.00015950052122594188,VILA MATILDE
1649595248,1649595261,0,120.64,0,4,30.75955441302485,0.03250465227710857,0.0049986149933267865,1.4442930922134425e-05,0.00017899682277117563,VILA MATILDE
1649595248,7941045822,0,11.531,0,4,31.020736932305056,0.032230975768759045,0.00109446666141366,8.490915504843822e-06,0.00016527504572422572,VILA MATILDE
1649595248,2301565191,0,70.955,0,4,30.86529562982005,0.03239329479897168,0.0050594036537640365,4.621952097785491e-06,0.00017155447782890094,VILA MATILDE
1649595252,1678467135,0,77.88600000000001,0,4,30.669922879177378,0.03259964572890997,0.0019195136473927352,8.906718031445388e-06,0.00016661947688852602,VILA MATILDE
1649595253,1678551907,0,72.091,0,4,26.224164524421592,0.03812623351501131,0.0013373505296195118,2.92953201727837e-07,0.000153675482468593,VILA MATILDE
1649595253,5337711919,0,67.322,0,4,26.96846615252785,0.03707398910784756,0.003414454379125743,1.6722808809530857e-07,0.00016481540641204964,VILA MATILDE
1649595261,1678715255,0,107.626,0,4,30.65055698371894,0.032620243114187625,0.00439858082170564,5.646246270221716e-05,0.00017471700038357903,VILA MATILDE
1649595262,13536766230,0,159.37099999999998,0,6,29.427934875749784,0.03397549385016772,0.0009623291723562957,0.009773059162850732,0.00020166605435236303,VILA MATILDE
1649595265,1678715255,0,86.922,0,4,30.44095972579263,0.03284484554365144,0.004253716976120211,0.00020704433656353936,0.00016095002359620467,VILA MATILDE
1649595265,1678715509,0,330.587,0,5,30.10368466152528,0.03321283197176283,0.0018640050710469161,0.00040249444919343097,0.0001851732377114097,VILA MATILDE
1649595266,1836987493,0,84.787,0,6,24.64764353041988,0.04056487668527802,0.011342974496110745,2.0078477319351773e-10,0.0002003216680761975,VILA MATILDE
1649595266,5337860775,0,73.886,0,5,25.318080548414738,0.03949069592705661,0.0016708081480091511,1.7755960043226632e-10,0.00018690100346959978,VILA MATILDE
1649595266,1664070097,0,161.189,0,5,25.16898029134533,0.03972463758247595,0.0022119490739950986,1.6038005400635808e-10,0.0001777575977493374,VILA MATILDE
1649595267,1678715218,0,86.1,0,4,30.541559554413023,0.03273665899781157,0.0007884925576537797,0.0031002423156452725,0.00015547411238520797,VILA MATILDE
1650370624,1650370932,0,99.292,0,5,26.165381319622966,0.038211887997380053,0.00039532937299949125,8.555862478793982e-11,0.00017321433061488127,VILA MATILDE
1650370624,1664126279,0,78.101,0,5,26.162467866323908,0.038216143274509035,0.000512709703955162,8.723343533267037e-11,0.0001738809830692006,VILA MATILDE
1650370624,1664123734,0,117.86500000000001,0,6,26.104027420736934,0.03830169974461157,0.0034190575293592987,1.0874721918708397e-10,0.0001978518284703956,VILA MATILDE
1650370624,1650370816,0,107.832,0,6,25.222107969151672,0.039640961874282295,0.0035663583368330813,1.8750279054420127e-10,0.00019140812434228366,VILA MATILDE
1650370630,1650371193,0,103.571,0,5,28.50299914310197,0.03507801461082885,0.0008077174792174537,0.0008271738046073552,0.00017619532591949504,VILA MATILDE
1650370630,1678466570,0,148.49699999999999,0,4,28.27592116538132,0.035359718770834596,0.014718302098251264,0.00034916100744929353,0.000153394055672642,VILA MATILDE
1650370630,1650370818,0,123.837,0,5,27.966066838046274,0.03575149219889449,0.015074775467808681,0.0008885949702110245,0.00017564792792425048,VILA MATILDE
1650370634,1678551077,0,47.847,0,4,27.994173093401884,0.035715597565903055,0.007452906388441436,1.1548898839098015e-06,0.00015960630850063114,VILA MATILDE
1650370634,1650371289,0,102.582,0,4,28.431362467866325,0.035166398427940226,0.00047249983279733714,9.286797290091771e-07,0.00015864845013932773,VILA MATILDE
1650370634,1650370943,0,77.30100000000002,0,4,28.37892030848329,0.03523138334812882,0.008117790823647088,4.465241782719637e-07,0.00015859829703458424,VILA MATILDE
1650370636,1664126288,0,86.559,0,5,27.74961439588689,0.036030360859442064,0.020160985702344602,1.2994109387839982e-09,0.00018020790958263202,VILA MATILDE
1650370636,5337407133,0,10.415,0,4,28.024678663239076,0.035676720236784816,0.02139733770036904,1.762890027852315e-09,0.00015106447102315994,VILA MATILDE
1650370636,3032933067,0,97.393,0,4,27.51859468723222,0.036332837187287866,0.0014151979232752336,3.3053712604256745e-09,0.00015031616617139018,VILA MATILDE
1650370646,1664070085,0,43.294,0,4,25.653127677806342,0.03897492083427976,0.0030433592382382068,2.530237169005795e-10,0.00015082334762908406,VILA MATILDE
1650370646,1664070098,0,107.527,0,5,25.49974293059126,0.039209360781230045,0.008872978235493375,3.160124497940151e-10,0.00017373662283076002,VILA MATILDE
1650370648,2903440183,0,33.9,0,4,23.914995715509853,0.04180760190334232,0.006612560697274367,6.737581748132541e-11,0.00015785741012305224,VILA MATILDE
1650370648,2903587569,0,80.971,0,4,24.564867180805486,0.04070156834291455,0.004585414566479372,2.96111116370538e-11,0.00016695918473465872,VILA MATILDE
1650370648,1650371255,0,113.693,0,5,24.20822622107969,0.04130119287812821,0.002662787023340409,6.963723419223884e-11,0.00017730222277588347,VILA MATILDE
1650370651,1678142780,0,110.675,0,5,27.702656383890318,0.036091434934578864,0.00013836528054982192,1.1812083595121127e-06,0.00018517978135538528,VILA MATILDE
1650370651,5337490112,0,65.149,0,4,28.274892887746358,0.035361004703486396,0.0020067027282871437,8.085198737722929e-07,0.00015456683010375453,VILA MATILDE
1650370651,1650371239,0,58.862,0,4,27.708311910882603,0.03608406833335395,0.0022394325886248576,4.4337635491457456e-07,0.00015361008867772167,VILA MATILDE
1650370656,1650371856,0,96.38,0,5,24.528877463581832,0.04076128725738161,0.002975259692135897,1.0443485477585949e-11,0.00017260746132147264,VILA MATILDE
1650370656,1664208462,0,186.846,0,5,24.328363324764354,0.041097241398743274,0.0026172970680911523,8.31936176704457e-12,0.00016750070467833923,VILA MATILDE
1650370656,1664208411,0,95.712,0,6,24.06769494430163,0.04154235055363691,0.002276122403721728,1.688673285105838e-11,0.0001958731773802863,VILA MATILDE
1650370656,1650371363,0,94.793,0,6,24.252956298200512,0.04122502049238249,0.0019857177786929926,1.0096792503235573e-11,0.0001959759124029416,VILA MATILDE
1650370658,1678609329,0,105.679,0,5,25.818337617823477,0.0387255227348158,0.002102962722877088,3.684983522343699e-08,0.0001831936784963167,VILA MATILDE
1650370658,1650370921,0,46.968,0,5,25.084147386461012,0.0398589836437424,0.014591309306513756,3.341381108635298e-08,0.00018811615326279048,VILA MATILDE
1650370658,1664130016,0,96.791,0,3,25.838389031705226,0.03869547049420629,0.0005202913631633715,2.938843114946685e-08,0.000119043632696716,VILA MATILDE
1650370658,1650371366,0,190.777,0,6,25.07369323050557,0.039875602337582444,0.012330214834436871,9.670295702571472e-08,0.0002142549945744357,VILA MATILDE
1650370665,1650371360,0,39.468,0,4,25.250214224507285,0.03959683713985136,0.0036825201868445757,1.3767807851057991e-13,0.0001691296573794206,VILA MATILDE
1650370665,1650371123,0,53.541999999999994,0,4,24.822622107969153,0.04027892847279757,0.002481910296515984,1.313184402276084e-13,0.00016856271673481123,VILA MATILDE
1650370665,3401927811,0,177.529,0,4,25.08209083119109,0.0398622518004291,0.0012535461180144826,7.714662617187913e-14,0.00016574416619270424,VILA MATILDE
1650370667,1650371042,0,64.046,0,5,25.40497000856898,0.039355630809913784,0.011114983172778162,4.7222380302263e-10,0.00018069048942780526,VILA MATILDE
1650370667,1664126275,0,91.771,0,5,25.435304198800342,0.03930869521274804,0.004169777177743607,6.642080646518456e-10,0.00018435351762821308,VILA MATILDE
1650370667,1664126282,0,66.189,0,5,25.408740359897173,0.039349790907864564,0.00888854771422452,4.813279842949351e-10,0.00018213637387584506,VILA MATILDE
1650370667,1664126321,0,108.91499999999999,0,5,24.492030848329048,0.04082260987607672,0.0022529712657823747,1.1623715331424242e-09,0.00018132412444226396,VILA MATILDE
1650370677,1650371174,0,40.087,0,4,28.244730077120824,0.0353987670501432,0.0006452533533272518,7.767361239358652e-08,0.00015834123602275694,VILA MATILDE
1650370677,1650371213,0,67.36000000000001,0,4,28.06872322193659,0.03562073744817775,0.04435812183888812,8.91878639052414e-08,0.00014979884047313687,VILA MATILDE
1650370677,2018093786,0,63.199999999999996,0,4,27.458440445586977,0.03641243290475596,0.0436396242421387,1.2638451185109971e-07,0.00015789827428633633,VILA MATILDE
1650370679,1678551479,0,41.197,0,5,29.142587832047987,0.03430816186113251,0.004548860138154078,8.63697689386265e-08,0.00017936529807907207,VILA MATILDE
1650370679,1650371259,0,67.007,0,6,28.929391602399313,0.03456099713867645,0.0016211212028410644,2.0934043347135039e-07,0.00021212832159319311,VILA MATILDE
1650370679,1678466446,0,69.66499999999999,0,5,29.30745501285347,0.034115163529404885,0.00312256049960968,1.0452981898484717e-07,0.00018135436043839902,VILA MATILDE
1650370679,1678551239,0,58.688,0,5,29.52853470437018,0.033859743817433646,0.0003563379827858428,9.156903814601774e-08,0.0001813088830848118,VILA MATILDE
1650370681,1650371348,0,196.647,0,4,23.906083976006855,0.04182318699280246,0.0010826880122866203,5.414477681807211e-12,0.00014633088139531233,VILA MATILDE
1650370681,1650371354,0,132.25300000000001,0,5,23.512082262210797,0.042524035482859913,0.004399393142335091,8.346274244208e-12,0.00017663585494949745,VILA MATILDE
1650370681,1664070086,0,198.88,0,5,23.413196229648673,0.04270363647010599,0.005388258121920121,1.223035444339547e-11,0.00017591275488376142,VILA MATILDE
1650370697,6944019787,0,43.284,0,5,27.398628963153385,0.03649192161179951,0.02622116837159228,0.00027925845054703805,0.00017612660460352802,VILA MATILDE
1650370697,1650370805,0,195.661,0,6,27.179263067694944,0.036786450681312304,0.006298057226905251,0.0004224979024122599,0.00020526780010278809,VILA MATILDE
1650370697,1650370960,0,128.551,0,5,27.283976006855184,0.036645268275524175,0.025709406375038147,0.00019743740926957506,0.00018065318822016956,VILA MATILDE
1650370697,1650371088,0,72.155,0,6,26.934875749785775,0.03712022396844081,0.005667290258136542,0.0002132284878539039,0.00020793941393519263,VILA MATILDE
1650370699,1650371182,0,78.632,0,5,27.578577549271635,0.036253813983258866,0.0025355234580597508,2.440784110625745e-10,0.00016721285738893152,VILA MATILDE
1650370699,1678609877,0,55.706,0,6,27.754927163667524,0.036023464032108675,0.001604604016708894,4.207426153850012e-10,0.00019407754928144131,VILA MATILDE
1650370699,1650371131,0,119.431,0,6,27.37909168808912,0.03651796165426241,0.0004599088630408465,3.176999921875241e-10,0.00019410778666376777,VILA MATILDE
1650370699,1678609782,0,68.995,0,6,27.950299914310197,0.03577165981973144,0.0015111871443220278,4.6248767814747637e-10,0.00018743878016514202,VILA MATILDE
1650370701,1678610165,0,38.163,0,4,22.986461011139674,0.04349641381984105,0.05455342267235616,1.428644979127673e-10,0.00015455621050963775,VILA MATILDE
1650370701,1650370871,0,164.689,0,5,23.090145672664953,0.04330109625847058,0.007322393540642974,2.4325786052381753e-10,0.00018221304642806194,VILA MATILDE
1650370701,7288600625,0,6.725,0,4,23.52682090831191,0.04249739581436345,0.0540581778619342,8.381631194663375e-11,0.00016777861322232995,VILA MATILDE
1650370703,1650371239,0,152.10699999999997,0,5,27.67814910025707,0.03612339166078438,0.0004993064135692205,3.2806736881609187e-07,0.00018690699610272795,VILA MATILDE
1650370703,5337490112,0,158.564,0,5,28.084318766066836,0.03560095684436634,0.003602912765158377,6.932108876737246e-07,0.00018793804052940488,VILA MATILDE
1650370703,5337490091,0,106.651,0,5,28.055184233076265,0.03563792745354363,0.0009708585389655314,2.7514351851970433e-07,0.00018964151725956222,VILA MATILDE
1650370703,3393886073,0,50.973,0,5,28.276092544987147,0.035359504457818915,0.004767509774247974,2.509516216830578e-07,0.00019159864432230988,VILA MATILDE
1650370708,1678466840,0,11.219,0,4,27.699400171379605,0.036095677675621496,0.02238972273601502,1.877364218466794e-06,0.00015861905718759936,VILA MATILDE
1650370708,1650370962,0,82.14500000000001,0,4,27.09648671808055,0.036898828648771725,0.022383765718065714,2.0439098581348527e-06,0.00015701145293829904,VILA MATILDE
1650370708,6047243389,0,72.294,0,4,27.90642673521851,0.035827898350467346,0.00100199749642782,4.7920731842267985e-06,0.00015629718193791028,VILA MATILDE
1650370710,1650370865,0,37.702,0,5,26.52904884318766,0.03768806889022397,0.024137836730593592,5.759060818779712e-09,0.00017462207366501022,VILA MATILDE
1650370710,1650370902,0,153.67,0,5,27.103856041131106,0.03688879615051438,0.01918254550417086,2.651861683388074e-09,0.0001807804403838608,VILA MATILDE
1650370710,1650370754,0,98.58300000000001,0,4,27.48311910882605,0.03637973610037165,0.005040991052829814,1.8768247586928903e-09,0.00015663405845964148,VILA MATILDE
1650370712,2449984102,0,127.391,0,6,23.299914310197085,0.042911257401346034,0.002612152370771296,6.798383574388742e-12,0.00021326010203585432,VILA MATILDE
1650370712,1650370774,0,80.574,0,5,23.735904027420737,0.04212304781983985,0.0013957022281684093,2.729880502555653e-12,0.0001846471330588024,VILA MATILDE
1650370712,11697284885,0,194.51,0,5,23.443187660668382,0.042649004685980804,0.0006552719744238142,2.7250336586256527e-12,0.00018126511188436674,VILA MATILDE
1650370712,7288185317,0,88.75399999999999,0,5,23.4987146529563,0.042548225941727746,0.002487596540922141,2.4555240667016077e-12,0.00018301364888338262,VILA MATILDE
1650370714,1650371354,0,112.506,0,5,23.48860325621251,0.04256654214335746,0.0001827721416264771,9.930448751483719e-12,0.00017969871569109417,VILA MATILDE
1650370714,1664070116,0,324.897,0,4,23.18543273350471,0.04312313821727143,0.0001964462055555691,1.210846582584168e-11,0.00015047027747134705,VILA MATILDE
1650370714,1650370724,0,100.795,0,4,22.964867180805484,0.043537313432835824,0.0003081402921050829,1.6120822668438686e-11,0.00015272180111811182,VILA MATILDE
1650370716,8839258809,0,73.273,0,5,26.19674378748929,0.03816614112444229,0.002107836646653794,1.3225113473732837e-08,0.00018022612548824503,VILA MATILDE
1650370716,1650370766,0,118.965,0,6,26.18234790059983,0.03818712608166311,0.0023930965743626737,2.157720510587624e-08,0.00020164666535815354,VILA MATILDE
1650370716,1650371297,0,179.263,0,5,25.501113967437874,0.039207252736913556,0.00018656297123058183,3.0246682494901e-08,0.00017506361821154222,VILA MATILDE
1650370716,1650370865,0,186.56,0,6,25.894601542416453,0.03861146960521526,0.0005217806176506984,1.4817128034935162e-08,0.00020060951723991223,VILA MATILDE
1650370723,2494627940,0,75.527,0,4,23.188860325621253,0.04311676409941836,0.0037729585502567884,5.5167270649512876e-11,0.00015020209972989654,VILA MATILDE
1650370723,2026737280,0,81.885,0,5,22.750814053127677,0.04394693825281919,0.007553227986178635,2.1241180202802662e-10,0.0001715328823476367,VILA MATILDE
1650370723,2026737281,0,142.946,0,5,23.376863753213367,0.04277000674467024,0.004948251114300824,6.30953940045171e-11,0.00017977850500633478,VILA MATILDE
1650370724,1650371278,0,154.47599999999997,0,5,22.724764353041987,0.043997315213538564,0.005496838312723405,3.604588279099464e-11,0.00018509645997233712,VILA MATILDE
1650370724,2494625167,0,258.601,0,4,22.99674378748929,0.04347696481003979,0.005229990985948748,3.3503540573099824e-11,0.00015384066563589138,VILA MATILDE
1650370729,1678551870,0,6.666,0,5,28.00599828620394,0.03570051708839458,0.003227891407895161,1.3112960936138364e-05,0.00017639565234689534,VILA MATILDE
1650370729,1678466899,0,78.89699999999999,0,6,28.66375321336761,0.03488128763011725,0.005630058895953371,3.0442090775087274e-05,0.00020395473326369326,VILA MATILDE
1650370729,6047243389,0,99.925,0,5,28.72733504712939,0.03480408533384241,0.0007101036169117574,1.3982298066271498e-05,0.00018018974111955438,VILA MATILDE
1650370744,1678466681,0,121.659,0,4,28.280548414738647,0.03535393323112164,0.02030084023738175,7.671544077260462e-06,0.0001671757937663055,VILA MATILDE
1650370744,1678466600,0,26.988,0,4,28.72305055698372,0.03480927690499347,0.023923925631504826,1.0912841420513312e-05,0.00016720960450938865,VILA MATILDE
1650370744,1650370929,0,126.61500000000001,0,4,28.170179948586117,0.03549244705639004,0.012121177659124812,2.5260665880379463e-05,0.00016747999950990567,VILA MATILDE
1650370749,3393886087,0,41.526,0,5,29.871808054841473,0.033470642907138186,0.025214973885245632,9.313813265092253e-10,0.0001940963057200194,VILA MATILDE
1650370749,1664065440,0,76.795,0,5,29.628449014567266,0.03374556055575479,0.017129134339690284,7.138205435411004e-10,0.00019389868727102153,VILA MATILDE
1650370749,1664065452,0,68.021,0,5,30.301628106255354,0.032995871274249196,0.00036067035947624814,1.634257240548033e-09,0.00019131873140700994,VILA MATILDE
1650370749,1664065458,0,202.652,0,5,29.969323050556984,0.03336173522196362,0.00829419978700953,8.2475652537241e-10,0.0001932950884914876,VILA MATILDE
1650370754,5337478073,0,162.87,0,4,28.417994858611824,0.03518294043505268,0.0003306144961865608,1.1067821673031845e-09,0.00016650341348907574,VILA MATILDE
1650370754,8839258808,0,68.043,0,4,28.417480719794344,0.03518357697689005,0.0051337309913588045,1.1452344290282926e-09,0.00016648064048183786,VILA MATILDE
1650370763,7288600625,0,58.837,0,4,24.470779777206513,0.04085806130810228,0.0534998428159582,6.404383638300681e-11,0.00016673952289756152,VILA MATILDE
1650370763,1664079227,0,13.133,0,4,25.370179948586117,0.03940959908129834,0.06704095693536338,5.563704743209852e-11,0.00015924628660538817,VILA MATILDE
1650370763,1650370939,0,89.237,0,6,24.8382176520994,0.04025363793805328,0.02517124395802685,1.983779774606606e-10,0.0002032285531622376,VILA MATILDE
1650370766,1678609319,0,95.804,0,5,25.758183376178234,0.03881596018602918,0.0003698766599433596,3.117559535315832e-08,0.00017367582298400715,VILA MATILDE
1650370766,3032933068,0,95.397,0,5,26.441645244215938,0.03781264785756415,0.0004287699055785578,1.4661810789908693e-08,0.00017350344697818215,VILA MATILDE
1650370766,1650371339,0,163.387,0,6,26.41953727506427,0.037844289624930263,0.002393367347905824,1.846179393996557e-08,0.00020446461812901955,VILA MATILDE
1650370769,1650371319,0,115.88300000000001,0,5,28.036503856041133,0.035661672565452066,0.0012190224912628147,8.167555788795683e-08,0.00017756630903483628,VILA MATILDE
1650370769,2301610270,0,236.223,0,4,28.70745501285347,0.03482818731045682,0.00042795758494910675,9.64763867289275e-08,0.00015367796568364043,VILA MATILDE
1650370771,1650370905,0,142.827,0,6,23.554413024850042,0.042447613504074506,0.001990997862784424,4.7508006270542194e-11,0.00020155331969695108,VILA MATILDE
1650370771,3900853783,0,73.856,0,5,23.196572407883462,0.0431024292215852,0.00026738887386095725,4.983643331789981e-11,0.0001772497106695778,VILA MATILDE
1650370771,1664185387,0,96.543,0,6,23.472836332476437,0.04259513448789463,0.021488994544725425,7.299496431795452e-11,0.00020855075692878723,VILA MATILDE
1650370771,1650371335,0,100.206,0,6,23.303341902313626,0.04290494576208862,0.022346534355882543,5.379348104298607e-11,0.00020124840023617174,VILA MATILDE
1650370772,13279684540,0,7.494,0,5,29.036332476435305,0.034433708912983176,0.00013159594197106352,1.1749549741702787e-07,0.00016042185055021706,VILA MATILDE
1650370772,1650371189,0,102.489,0,7,28.348757497857754,0.03526886920775021,0.0039584384273147685,1.5405076737146583e-07,0.0002149700449527075,VILA MATILDE
1650370772,1678466621,0,36.902,0,6,29.000342759211655,0.034476441492285057,0.0003182942999732205,1.566022490743064e-07,0.00018884782493116734,VILA MATILDE
1650370772,5337656999,0,26.123,0,6,29.118937446443873,0.03433602693206363,0.004028298001447555,1.0450079156760797e-07,0.00019110433848265596,VILA MATILDE
1650370774,2449984100,0,9.28,0,4,24.344473007712082,0.04107004575853573,0.0020325616016580008,1.4689504209162868e-12,0.0001568304212566964,VILA MATILDE
1650370779,1664200706,0,63.556,0,4,24.208911739502998,0.04130002336134335,0.012599363736328306,2.7465262916566624e-12,0.00016265360743505513,VILA MATILDE
1650370779,2975016250,0,161.737,0,4,24.54738646101114,0.04073055280170909,0.0004895585660158083,2.516091440724842e-12,0.00017423396883167248,VILA MATILDE
1650370779,1650370867,0,92.19600000000001,0,5,23.76298200514139,0.04207504850097723,0.013197367106375825,9.855032172112364e-12,0.00018753057270233276,VILA MATILDE
1650370780,1678550342,0,138.55700000000002,0,4,24.463410454155955,0.04087036933251135,0.00013958376149399845,2.690146647777291e-07,0.00015833713843152122,VILA MATILDE
1650370780,5337478021,0,115.85300000000001,0,4,25.38114824335904,0.03939256848459476,0.0018489771394020725,9.318401447350255e-08,0.0001592689876173933,VILA MATILDE
1650370780,1664120497,0,38.484,0,4,25.252270779777206,0.039593612357224785,0.0013940775869095072,1.949139141653242e-07,0.00016194673337107502,VILA MATILDE
1650370795,5337711913,0,74.623,0,4,26.851928020565552,0.03723489127590455,0.001767203529370671,1.7319300580919475e-08,0.00017425482799122744,VILA MATILDE
1650370801,5337711913,0,69.87100000000001,0,4,27.444044558697517,0.03643153319678274,0.0023481481661997176,3.091508261952266e-08,0.00016491077676674738,VILA MATILDE
1650370801,1678467424,0,135.82,0,5,26.54447300771208,0.03766616953004449,0.0011778649127039637,5.305424206054448e-08,0.00018548703829616216,VILA MATILDE
1650370801,1678467320,0,292.598,0,4,27.38354755784062,0.036512019426346985,0.0009500089761429554,6.003891400512465e-08,0.00015809312382211504,VILA MATILDE
1650370805,1650370998,0,103.007,0,5,27.792459297343616,0.035974816395242,0.006054631811613098,0.00044760103702069873,0.00017954223433926033,VILA MATILDE
1650370805,1678466498,0,123.36099999999999,0,5,27.531962296486718,0.036315196484260716,0.0026790334359294288,0.0003653932303186841,0.0001799558631690751,VILA MATILDE
1650370805,1650370818,0,125.803,0,6,27.673864610111398,0.03612898431355549,0.002867627208733638,0.0008974490438450325,0.0002040454266937968,VILA MATILDE
1650370816,1664126344,0,84.89399999999999,0,6,24.71088260497001,0.04046106472105862,0.0028145555942761724,2.3228724230656234e-10,0.00018908131764402687,VILA MATILDE
1650370816,1650370939,0,85.565,0,7,24.842673521850898,0.040246417903240274,0.004487665317402101,2.834119599516328e-10,0.00021597615553802874,VILA MATILDE
1650370816,1650370825,0,77.005,0,6,24.720308483290488,0.04044563687665952,0.002182028597476986,2.680346100440291e-10,0.00018641710442131006,VILA MATILDE
1650370818,1678678405,0,104.922,0,5,28.169323050556983,0.03549352672052954,0.014403257080795847,0.0008728540255924537,0.0001788594940037504,VILA MATILDE
1650370820,5337490101,0,112.452,0,5,26.531962296486718,0.03768393039389203,0.0008323578716441343,2.46069622891593e-07,0.00017721108982362823,VILA MATILDE
1650370820,5337490094,0,144.013,0,5,25.77292202227935,0.03879376267579878,0.00022216969215485107,3.090820540379169e-07,0.0001813005092752573,VILA MATILDE
1650370820,1650371172,0,105.78,0,6,26.55407026563839,0.03765255610127595,0.010551774203025461,3.2496819848749743e-07,0.00020195631729306654,VILA MATILDE
1650370820,1678142773,0,105.603,0,5,26.517737789203085,0.03770414461226257,0.009583488012719858,4.372488622602348e-07,0.00017898383355768367,VILA MATILDE
1650370822,1678551878,0,83.715,0,4,26.84764353041988,0.03724083341844551,0.0007145713803737379,8.768896696625955e-07,0.0001480564169780912,VILA MATILDE
1650370822,1678551877,0,82.22800000000001,0,5,27.40771208226221,0.036479827918261175,0.03925918524782413,2.3211638213258475e-06,0.00017728824678896996,VILA MATILDE
1650370825,1650370972,0,100.215,0,6,24.156983718937447,0.0413888021794035,0.02512196317317349,2.898216842075595e-10,0.00019189249429190237,VILA MATILDE
1650370825,1678610114,0,118.35399999999998,0,5,23.811482433590403,0.041989347919965454,0.00011318334103684064,2.312150431278395e-10,0.00016573030568322515,VILA MATILDE
1650370825,1650370939,0,94.458,0,7,24.347557840616968,0.04106484218824788,0.02310199254127198,2.985655408848596e-10,0.00021732521701827882,VILA MATILDE
1650370835,1664070081,0,183.04899999999998,0,5,25.713453299057413,0.03888348285101108,0.00017031655864156164,4.227939824511797e-10,0.00017163944191763732,VILA MATILDE
1650370835,1664070098,0,87.027,0,6,25.428449014567267,0.039319292333614156,0.0032614673272458026,4.76091683616943e-10,0.0001979696172358735,VILA MATILDE
1650370835,1664070078,0,51.66,0,6,25.11311053984576,0.03981301395571024,0.012536002727231127,7.396993702929174e-10,0.00019342395353255133,VILA MATILDE
1650370839,1678467222,0,35.42,0,4,24.688260497000858,0.04049813961237297,0.0045892053960834775,1.5000518508633763e-07,0.00015079855387959898,VILA MATILDE
1650370839,1678551907,0,70.95400000000001,0,4,25.546700942587833,0.03913728910206957,0.0028863105832110116,2.6567363541678576e-07,0.00015031907464360276,VILA MATILDE
1650370839,1650371024,0,106.548,0,5,25.56503856041131,0.03910921620679484,0.0014376721273567114,4.0536963549648294e-07,0.00017828818928308977,VILA MATILDE
1650370841,1650370927,0,72.019,0,5,29.713796058269065,0.03364863306032991,0.0007654768064860012,2.1034372124431203e-07,0.00017251414200305983,VILA MATILDE
1650370841,13279684557,0,6.728,0,6,29.38183376178235,0.0340288025757832,0.0016969377949231587,3.4893446921351027e-07,0.000193789550029923,VILA MATILDE
1650370841,1678466621,0,100.58000000000001,0,6,29.287746358183377,0.0341381207064028,0.036344714216125486,2.3750061684241684e-07,0.00019320273342448305,VILA MATILDE
1650370841,1678466591,0,99.562,0,5,29.210282776349615,0.034228652562161906,0.0370163679899099,3.572809370480365e-07,0.00016734977364899145,VILA MATILDE
1650370865,1664118177,0,209.01,0,6,26.180119965724078,0.038190375815816864,0.005481133447220686,6.309561340443158e-09,0.00020193380309941646,VILA MATILDE
1650370865,1678466136,0,115.946,0,6,26.53127677806341,0.03768490407596409,0.01954768362710909,7.063989737549085e-09,0.00020249756201378197,VILA MATILDE
1650370867,1650371168,0,227.187,0,6,23.777720651242504,0.04204896823623534,0.0017862930641627697,2.275737898762387e-11,0.00020554379809195334,VILA MATILDE
1650370867,1650371354,0,104.29599999999999,0,6,23.50985432733505,0.04252806531564368,0.004479000564021291,1.2849551458504232e-11,0.00020877289655922717,VILA MATILDE
1650370867,2975016251,0,107.80499999999999,0,5,23.437360754070266,0.04265960791769343,0.014325951234226426,1.5120391634729735e-11,0.0001868595778453268,VILA MATILDE
1650370871,1650370925,0,81.005,0,5,22.18440445586975,0.04506898629544366,0.00012238964150395207,4.0981024538657636e-10,0.00017358346964396602,VILA MATILDE
1650370871,1664079225,0,78.01,0,6,23.05724078834619,0.04336289105761155,0.00023110521907881217,2.465462840839913e-10,0.00020981135815704055,VILA MATILDE
1650370871,1664072311,0,299.83799999999997,0,6,22.667866323907454,0.044107751744577255,0.007154513943889765,4.990009164714631e-10,0.00020376527586682782,VILA MATILDE
1650370876,1650370921,0,120.367,0,4,25.2853470437018,0.03954181916768334,0.0010932481804694835,9.84447434001162e-09,0.00016129046021428115,VILA MATILDE
1650370876,1664129987,0,47.634,0,4,25.99502999143102,0.03846229916733144,0.0011348119193430601,2.575783223380953e-09,0.0001672269037059405,VILA MATILDE
1650370876,1650370896,0,48.623999999999995,0,4,26.181833761782347,0.0381878759712249,0.00018547987705798047,2.889938802266017e-09,0.00016543216923656554,VILA MATILDE
1650370877,1678466446,0,98.204,0,4,29.546358183376178,0.03383931834132817,0.003214081957194494,1.5279149609203133e-07,0.00015117412629567456,VILA MATILDE
1650370877,1650371217,0,74.862,0,5,29.259125964010284,0.034171513586017443,0.003219632814829076,5.373432080410127e-07,0.00017939247324947466,VILA MATILDE
1650370877,1650370927,0,146.031,0,4,29.59451585261354,0.03378425331819972,0.0005867662680067791,1.7239023990742025e-07,0.000149631432399771,VILA MATILDE
1650370880,2975016250,0,22.109,0,2,25.544815766923737,0.03914017738537711,0.0005202913631633715,6.30012062420213e-13,0.00010071689297877627,VILA MATILDE
1650370891,1664185386,0,51.352,0,5,21.57017994858612,0.046352354165673515,0.07548773761393812,7.615223565340629e-10,0.00017703470404956232,VILA MATILDE
1650370891,1678610165,0,42.254,0,5,22.111739502999143,0.04521709475903334,0.05732763300870294,3.327823904726073e-10,0.00018043718740899428,VILA MATILDE
1650370891,1650370925,0,165.452,0,5,21.699400171379605,0.04607632526694889,0.022428578739457094,4.788282926620108e-10,0.00017506855572770714,VILA MATILDE
1650370891,1650371035,0,29.453,0,5,21.966409597257925,0.045516251345826764,0.001834896915158255,3.5563559481036434e-10,0.00017988407161952785,VILA MATILDE
1650370896,1650371385,0,91.382,0,4,26.822964867180804,0.03727509711715395,0.0024446789343328125,2.7608470917983983e-09,0.00015986183066023376,VILA MATILDE
1650370896,5337552204,0,50.272999999999996,0,4,26.84661525278492,0.037242259814873925,0.0024028444219160857,1.237712122696735e-09,0.00016626629508667687,VILA MATILDE
1650370902,5337478068,0,37.647,0,5,27.698371893744646,0.03609701769582972,0.0066420750134777535,1.9474733699288633e-09,0.00018651890559005308,VILA MATILDE
1650370902,1678466190,0,84.872,0,5,27.654670094258783,0.03615406066990983,0.02072026845572162,2.2804909660722522e-09,0.00018528454784233185,VILA MATILDE
1650370902,1664118177,0,190.0,0,6,26.752527849185945,0.037373239120825616,0.007599936422372069,3.202362205270974e-09,0.00020837197228436245,VILA MATILDE
1650370905,1650371168,0,95.358,0,6,23.645244215938302,0.042284554613321736,0.0019296676552608728,3.319970608375779e-11,0.0002012006690098665,VILA MATILDE
1650370905,2026737283,0,92.938,0,5,23.94018851756641,0.04176360681790523,0.0031543763909298445,2.422094689228289e-11,0.0001778388905047815,VILA MATILDE
1650370905,1650371246,0,124.37899999999999,0,5,23.500771208226222,0.04254450254143969,0.00038327995032930124,3.586520816090706e-11,0.00017458040911871484,VILA MATILDE
1650370909,7292346441,0,0.581,0,6,28.22262210796915,0.03542649639601892,0.026925991904412607,5.203185916736515e-10,0.0001979429239634027,VILA MATILDE
1650370909,1678609782,0,20.901,0,7,28.27472150814053,0.035361219034688425,0.0009445935052799487,6.686668689691855e-10,0.00021272879892018297,VILA MATILDE
1650370909,1678609718,0,21.871,0,7,28.60325621251071,0.03495506291192331,0.011966972126300695,6.473569516337506e-10,0.00021551525859884026,VILA MATILDE
1650370909,1678609779,0,28.683999999999997,0,6,28.030162810625537,0.035669740027880356,0.0063844339871702085,5.688768697611325e-10,0.0001876907036001482,VILA MATILDE
1650370909,5337405488,0,37.016,0,6,28.022279348757497,0.035679774937312704,0.020226242126243833,6.235284041288651e-10,0.00019318157034840924,VILA MATILDE
1650370913,1650370921,0,128.151,0,5,24.431876606683804,0.040923120089786755,0.013936849652719394,1.7050585594682805e-08,0.00019244057755451153,VILA MATILDE
1650370913,1664126336,0,133.719,0,5,23.815766923736074,0.04198179397690066,0.014158883958102669,2.9862253462207454e-08,0.00019000775624893323,VILA MATILDE
1650370913,4408374280,0,91.963,0,3,24.510025706940873,0.040792638585892486,0.0005202913631633715,1.0576123938328335e-08,0.00012356932121300164,VILA MATILDE
1650370913,1650371384,0,135.557,0,5,24.235132819194515,0.04125533900941929,0.00013863605409297227,1.3174053037683306e-08,0.00019344127970167445,VILA MATILDE
1650370915,3900853784,0,20.851,0,4,22.956983718937447,0.04355226421010198,0.015667904914079493,7.786483287777647e-11,0.0001531240536760543,VILA MATILDE
1650370915,1650371048,0,119.851,0,5,22.36452442159383,0.044706008567246755,0.07478832955198081,2.51714256013793e-10,0.00018645214289639283,VILA MATILDE
1650370915,1664185384,0,98.044,0,4,22.758697514995717,0.043931715324894385,0.05948366734603749,1.0204468690213703e-10,0.00015722660983000762,VILA MATILDE
1650370925,4497560388,0,313.405,0,5,21.810625535561268,0.0458413546536754,0.022263542264906965,8.606509656099181e-10,0.00017116963378767435,VILA MATILDE
1650370927,1678466583,0,84.325,0,4,30.097000856898028,0.03322020772594752,0.0009394488079600923,7.893461842614696e-08,0.00014956005330852336,VILA MATILDE
1650370929,1678466519,0,11.319,0,4,28.516538131962296,0.03506136038559083,0.02686452631011748,2.5040195980154608e-05,0.00016619454034412474,VILA MATILDE
1650370929,1678466570,0,134.74099999999999,0,4,28.004798628963155,0.03570204641143641,0.015277449464856709,9.989065273791879e-05,0.00016294247401528006,VILA MATILDE
1650370931,1678142788,0,164.443,0,5,27.638389031705227,0.036175358095119986,0.0006200714138142705,3.9161405129111e-06,0.00018523377416279293,VILA MATILDE
1650370931,1650370984,0,110.359,0,5,28.135904027420736,0.035535684917739216,0.00013768834669194608,7.072106670359634e-06,0.00018692211046671868,VILA MATILDE
1650370931,1678142791,0,141.259,0,5,28.059640102827764,0.03563226815205707,0.000857945971471841,2.87725531852074e-06,0.00018818670838082846,VILA MATILDE
1650370931,1650371289,0,90.95700000000001,0,5,28.222279348757496,0.0354269266503519,0.00026657655323150626,2.7642441681477677e-06,0.0001879280551661405,VILA MATILDE
1650370932,5337610413,0,19.612,0,4,25.80222793487575,0.03874970110789341,0.0011793541671912904,6.58297076107695e-11,0.0001473153815849831,VILA MATILDE
1650370932,5337610414,0,16.115000000000002,0,4,26.703513281919452,0.03744183807720695,0.0005854124002910274,3.6777228207435996e-11,0.0001486686763679719,VILA MATILDE
1650370939,1678610145,0,134.708,0,6,23.939160239931446,0.04176540072305544,0.0001133187278084158,2.270957393271976e-10,0.00019635029672058883,VILA MATILDE
1650370939,5337610413,0,117.847,0,6,24.86803770351328,0.04020536852623962,0.0028058908408953617,1.9830480488982616e-10,0.00019828301095906,VILA MATILDE
1650370943,5337490091,0,17.871,0,4,28.461696658097686,0.03512891843395113,0.00831721553817731,1.9084230440934125e-07,0.00015749373218823455,VILA MATILDE
1650370943,1650371259,0,103.405,0,5,28.68808911739503,0.034851698079393055,0.0013885267292749253,2.62457947125305e-07,0.0001858472851635501,VILA MATILDE
1650370960,1678466498,0,109.304,0,4,27.625706940874036,0.03619196506116777,0.002567745509694641,0.00014033273717599818,0.0001541757827150824,VILA MATILDE
1650370960,6944019799,0,78.616,0,4,27.95509854327335,0.03576551943991466,0.028538583740644437,6.639774687492704e-05,0.00015986364699877974,VILA MATILDE
1650370962,1650371068,0,109.80199999999999,0,5,26.463924592973438,0.037780814288582217,0.024231118216208884,1.2448240909216894e-06,0.00018869344855211118,VILA MATILDE
1650370962,1678551870,0,187.50400000000002,0,4,27.176349614395885,0.03679039439000088,0.0016303275033081757,3.6979502903940265e-06,0.00015082813048169417,VILA MATILDE
1650370964,3393886072,0,128.273,0,5,27.84610111396744,0.03590551568789158,0.0010003728551689181,6.440091334181056e-08,0.00018325699136932585,VILA MATILDE
1650370964,5337490101,0,139.1,0,5,27.098886032562124,0.03689556165492468,0.0016269428340187967,1.255235884387818e-07,0.000177079850652147,VILA MATILDE
1650370964,1650371051,0,84.24600000000001,0,6,27.594173093401885,0.03623332422428142,0.002485159579033788,9.702209956560864e-08,0.00020595862216218696,VILA MATILDE
1650370964,7941459984,0,108.589,0,5,27.17943444730077,0.036786218724778046,0.0002633272707137022,1.0446322935479883e-07,0.0001736793234775956,VILA MATILDE
1650370966,1650371159,0,150.167,0,5,25.619708654670095,0.03902576074813868,0.0003222205163489004,1.0851395378187414e-10,0.00018023422092890092,VILA MATILDE
1650370966,1664070085,0,59.99,0,4,25.367609254498714,0.03941359275773544,0.024820862993190317,1.3937718992870164e-10,0.00015446474876263815,VILA MATILDE
1650370966,1836987537,0,63.198,0,4,25.643530419880033,0.03898950745171423,0.024588133132852602,5.907752424844539e-11,0.00015238686052787022,VILA MATILDE
1650370968,5337478057,0,161.734,0,4,27.242330762639245,0.03670128775344586,0.0011633785281454207,6.764309069237457e-08,0.00015296884174356717,VILA MATILDE
1650370968,1650371044,0,97.899,0,6,26.519451585261354,0.03770170801532884,0.0010070068069761014,2.47452740266599e-07,0.00019609887495134019,VILA MATILDE
1650370968,1650371051,0,96.86999999999999,0,5,27.000171379605828,0.03703045459738743,0.0019170766855043822,1.0012147802264973e-07,0.00017499041973123445,VILA MATILDE
1650370972,1664129977,0,152.583,0,5,23.473350471293916,0.04259420152299459,0.02574853315202337,3.560581919266489e-10,0.000169735555893622,VILA MATILDE
1650370972,1664126344,0,103.55099999999999,0,6,24.390916880891172,0.04099184238446891,0.0016089363933992993,2.5407431581990894e-10,0.00019455670751461924,VILA MATILDE
1650370972,3032933054,0,135.112,0,5,24.415595544130248,0.04095040887235461,0.001029345624286004,2.386370297208778e-10,0.00017405793103844125,VILA MATILDE
1650370975,5337662070,0,32.821,0,3,26.00599828620394,0.038446077300734786,0.0005202913631633715,1.4752545970756642e-07,0.00011952362924679631,VILA MATILDE
1650370975,1650371074,0,78.965,0,5,25.94413024850043,0.038537758283570256,0.004827079953741048,1.6309396672378245e-07,0.00018842473631869593,VILA MATILDE
1650370975,1650371068,0,230.86800000000002,0,6,25.83598971722365,0.03869906403189323,0.019117830627357932,4.6358188962792574e-07,0.00022064904610708447,VILA MATILDE
1650370979,1650371319,0,106.502,0,6,27.1662382176521,0.0368040879412043,0.002801423077433381,1.187896927703433e-07,0.0002039800721299712,VILA MATILDE
1650370979,1678679514,0,51.118,0,5,27.15458440445587,0.03681988298926455,0.0003541717944406401,1.0143778900586868e-07,0.00017776679703048734,VILA MATILDE
1650370979,1678467424,0,67.379,0,6,26.45535561268209,0.03779305162372787,0.005037335609997284,1.0655300049522875e-07,0.0002069737394465217,VILA MATILDE
1650370979,1678467506,0,196.80900000000003,0,6,27.018680377035132,0.037005087089449044,0.004298800771054742,2.281716095447001e-07,0.00020540895416265684,VILA MATILDE
1650370984,1650371113,0,110.747,0,4,27.999657240788345,0.03570860213737468,0.0025917089682634454,2.2106111616490222e-05,0.000155711545970018,VILA MATILDE
1650370984,6943966529,0,90.61300000000001,0,4,27.761953727506427,0.036014346476038794,0.0023710285305959212,8.515515628998889e-06,0.00015383064498549685,VILA MATILDE
1650370996,1664126321,0,30.234,0,5,23.954755784061696,0.041738209706959704,0.002915824899414398,3.7184361222753273e-09,0.00018546195726839952,VILA MATILDE
1650370996,3085081402,0,77.657,0,5,24.330077120822622,0.04109434653367708,0.0002650872987441794,3.6536662132133276e-09,0.00019840965364282078,VILA MATILDE
1650370996,1650371291,0,144.22199999999998,0,5,24.324250214224506,0.041104190739227234,0.0008064989982732772,3.847627563751271e-09,0.00019033506702852387,VILA MATILDE
1650370996,1650371356,0,61.384,0,5,23.72562125107112,0.0421413041122805,0.0032431901130831548,1.1194483795395787e-08,0.00018763897018424426,VILA MATILDE
1650370998,8770181831,0,68.268,0,4,28.559725792630676,0.03500834103428825,0.005831785185600372,0.0004298153817760264,0.0001537380653842745,VILA MATILDE
1650370998,1678677810,0,90.334,0,4,28.061353898886033,0.03563009197620589,0.001217533236775488,0.00042783234099627143,0.00015436043302567134,VILA MATILDE
1650371001,6944019799,0,5.186,0,4,28.12459297343616,0.03554997653969666,0.00011182947332108896,2.0980925828658756e-05,0.00016506730803111003,VILA MATILDE
1650371001,8770146448,0,54.811,0,4,28.26032562125107,0.035379232136034784,0.004074600277326263,9.924721719143177e-06,0.00016622327356541485,VILA MATILDE
1650371001,1650371113,0,82.49700000000001,0,4,27.82056555269923,0.03593847215292023,0.0036756154614942423,2.4398758360066048e-05,0.00016083267237100845,VILA MATILDE
1650371024,1678551884,0,71.858,0,6,26.185261353898888,0.03818287726371318,0.0005610427814074972,8.007586721054977e-07,0.0002024081885470939,VILA MATILDE
1650371024,1650371103,0,75.58500000000001,0,5,26.23444730077121,0.03811128966931891,0.0005081065537216064,4.130636028121758e-07,0.00017878216880727317,VILA MATILDE
1650371024,1678551878,0,111.946,0,5,26.19828620394173,0.03816389410402507,0.0012102223511104289,6.735545112310077e-07,0.00017530166464517488,VILA MATILDE
1650371035,2494625160,0,352.21599999999995,0,4,22.44387317909169,0.044547953573610265,0.027237923026121796,1.4730300241060619e-10,0.00015288594711883677,VILA MATILDE
1650371035,1650371048,0,46.647,0,5,22.149957155098544,0.04513907694688383,0.02573837914415523,3.0006197272808186e-10,0.0001838534616181539,VILA MATILDE
1650371042,7288600596,0,118.093,0,4,25.91636675235647,0.038579042731877636,0.011016286216299864,1.6472152148490033e-10,0.00014928742927479714,VILA MATILDE
1650371042,1650371311,0,145.25300000000001,0,5,26.066666666666666,0.03835659669031355,0.00011859881189984737,2.1024992812618548e-10,0.00017717746215053604,VILA MATILDE
1650371044,1664120495,0,142.946,0,6,25.8649528706084,0.03865572944964949,0.001431715109407404,3.483930213074271e-07,0.00019859676355904785,VILA MATILDE
1650371044,1650371223,0,172.365,0,7,26.70745501285347,0.03743631206766001,0.0005901509372961583,2.766638552750133e-07,0.0002233657468418973,VILA MATILDE
1650371044,1664120501,0,147.992,0,6,26.710025706940876,0.03743270902709604,0.00915336423942555,2.661854838517496e-07,0.0001912086145588963,VILA MATILDE
1650371044,1650371172,0,195.178,0,7,26.63941730934019,0.03753192529641472,0.00944783046760154,3.468640855151387e-07,0.00022168257394932606,VILA MATILDE
1650371046,1664070086,0,93.904,0,5,23.151328191945158,0.04318666350823167,0.031473904335165656,1.1093316063532653e-11,0.00017940327900908614,VILA MATILDE
1650371046,1664070091,0,109.164,0,4,23.506769494430163,0.04253364634519765,0.031015484726612138,3.200135515722219e-12,0.00015329398387062092,VILA MATILDE
1650371046,7288185314,0,481.35699999999997,0,4,23.159725792630677,0.04317100424014149,0.0006082927646872308,2.9636539918254454e-12,0.0001519674505672623,VILA MATILDE
1650371048,5337521527,0,33.785,0,5,22.184918594687232,0.045067941814923254,0.012841164510361555,2.441620041789032e-10,0.00019110932422799012,VILA MATILDE
1650371048,1664185386,0,24.243,0,5,21.6853470437018,0.046106184898920446,0.06214631898260632,7.059487391095405e-10,0.00018100409404818836,VILA MATILDE
1650371051,7941459984,0,107.935,0,5,26.963324764353043,0.0370810584055272,0.0020252507159929417,9.957388860518208e-08,0.0001732187454905083,VILA MATILDE
1650371051,1678550691,0,66.303,0,5,27.398114824335902,0.03649260640028023,0.003054054793192645,5.713552035786975e-08,0.00018241318855748644,VILA MATILDE
1650371056,1650371363,0,36.093,0,5,24.8515852613539,0.040231985600893735,0.002580878026537432,5.4389043710074975e-12,0.00017063027227252398,VILA MATILDE
1650371056,1664208406,0,203.55599999999998,0,4,25.545501285347044,0.039139127051214966,0.0016059578844246456,1.946994422491239e-12,0.00014806470254853253,VILA MATILDE
1650371056,1650371382,0,134.836,0,5,25.280548414738647,0.03954932480069418,0.0006701645192970828,2.5814655898787757e-12,0.00017493907037627484,VILA MATILDE
1650371061,1664065468,0,70.853,0,5,27.25141388174807,0.036689054914094535,0.005912069541144446,4.173635904748847e-08,0.00017362011618235023,VILA MATILDE
1650371061,1650371189,0,76.42699999999999,0,7,27.755955441302486,0.036022129467262715,0.006283841615889858,1.1787567014961644e-07,0.00022066728496972432,VILA MATILDE
1650371061,5337689321,0,128.488,0,5,27.123393316195372,0.03686222474962879,0.03670294761371338,4.566645038958079e-08,0.0001716140918494315,VILA MATILDE
1650371061,1664118182,0,63.004999999999995,0,5,27.89700085689803,0.03584000393171109,0.03722567593876511,4.9496455085934746e-08,0.000168810303180614,VILA MATILDE
1650371064,2903440186,0,19.155,0,4,23.737103684661527,0.04212091894935959,0.049743130678290434,1.5104365432252962e-09,0.0001440512801107913,VILA MATILDE
1650371064,1664079231,0,233.52900000000002,0,4,23.210625535561267,0.043076332383301094,0.024601536423238545,5.08942860140891e-10,0.00014936294246257722,VILA MATILDE
1650371068,3134394120,0,38.556,0,5,26.646958011996574,0.037521304305881596,0.03771388063706516,4.433961169571565e-07,0.00019852800494009874,VILA MATILDE
1650371068,2018093786,0,40.072,0,5,26.597943444730078,0.03759044839206438,0.04595040565938367,4.234703031053041e-07,0.00019050270365118127,VILA MATILDE
1650371074,1678467050,0,88.435,0,4,26.850214224507283,0.03723726790535581,0.00028701995573935665,4.806540846512348e-08,0.00016532297016957995,VILA MATILDE
1650371074,1678467012,0,126.221,0,5,26.784747215081406,0.03732828286059799,0.004644172425342995,5.595357494002585e-08,0.00018697941184596216,VILA MATILDE
1650371079,1678467261,0,68.982,0,4,24.985775492716368,0.04001591308165057,0.005185042577785793,2.5102427869905205e-08,0.0001660321834456256,VILA MATILDE
1650371079,1664070064,0,117.92,0,4,24.13024850042845,0.04143465909090909,0.027206107134801632,2.598694790210563e-08,0.0001614987816861301,VILA MATILDE
1650371088,3134359433,0,62.206,0,5,26.71259640102828,0.037429106680011294,0.012590428209404345,9.131906270743695e-05,0.00018185443351613717,VILA MATILDE
1650371088,1650371113,0,128.028,0,5,27.268037703513283,0.036666687616665306,0.0014655618023011962,8.560665799066435e-05,0.00018404270681171965,VILA MATILDE
1650371088,6944019786,0,44.468,0,5,27.219194515852614,0.03673248375560369,0.007350418602359033,0.00013531083014381022,0.00018072401455809583,VILA MATILDE
1650371092,1650371131,0,87.601,0,6,26.933847472150813,0.037121641140501024,0.0010126930513822583,2.7818425047405636e-10,0.00020025308378459694,VILA MATILDE
1650371092,1664129965,0,92.135,0,5,26.678834618680376,0.03747647281767317,0.000641327136951572,2.721082938859967e-10,0.00017953436070820763,VILA MATILDE
1650371092,1678609779,0,99.79100000000001,0,5,27.200342759211654,0.03675794195849137,0.007482149931101672,3.231819440197045e-10,0.00016783315725928273,VILA MATILDE
1650371092,1664126282,0,62.855000000000004,0,5,26.290659811482435,0.038029803267147305,0.007911867544081257,2.6799920402499635e-10,0.00017743053752332383,VILA MATILDE
1650371101,2494627118,0,145.978,0,4,24.79502999143102,0.04032375120093448,0.011655176391363082,1.1335511320208673e-09,0.00015905271652476213,VILA MATILDE
1650371101,2903440185,0,69.813,0,4,24.640788346186802,0.04057616202644336,0.002123270738613363,1.0541648221594877e-09,0.0001568025554359661,VILA MATILDE
1650371101,1664079104,0,75.61,0,5,24.142073693230504,0.04141436369960744,0.013212665811563818,3.82173519261609e-09,0.0001807134833561471,VILA MATILDE
1650371110,1678551122,0,72.42,0,4,28.889974293059126,0.034608151957905474,0.010500462616598472,6.899033718482321e-08,0.00015929323529581578,VILA MATILDE
1650371110,1678551010,0,95.52,0,4,29.226221079691516,0.03420998621983757,0.017822991544013022,3.38452726562434e-08,0.00016591680296910148,VILA MATILDE
1650371110,5337490091,0,87.107,0,4,28.54687232219366,0.03502410383560164,0.00730289784553615,1.0012043834243878e-07,0.0001606884682193983,VILA MATILDE
1650371115,1678466664,0,100.306,0,5,29.3191088260497,0.03410160337158122,0.00043025916006588465,5.253946131118323e-07,0.0001882654060500339,VILA MATILDE
1650371115,1678466585,0,18.212,0,3,29.35338474721508,0.034061782959766924,0.00034320546594305147,2.9412124639137243e-07,0.0001249980853635348,VILA MATILDE
1650371115,1678466585,1,45.855,0,3,29.35338474721508,0.034061782959766924,0.0,2.9412124637972843e-07,0.0001249980853635348,VILA MATILDE
1650371123,1650371248,0,243.053,0,4,24.362982005141387,0.04103884410304028,0.0329386538168374,4.1800695133805573e-13,0.00016791681176093473,VILA MATILDE
1650371123,1664202939,0,336.55,0,4,24.33624678663239,0.04108392839537471,0.03511174688739043,1.1324093446235129e-13,0.00016715521247468834,VILA MATILDE
1650371129,1650371311,0,81.876,0,6,25.786289631533847,0.03877365199417797,0.001336673595761636,1.7966140365528107e-10,0.00020390697452442,VILA MATILDE
1650371129,1664126344,0,84.259,0,6,25.04987146529563,0.03991352298072055,0.0013557631305537346,1.85550382712821e-10,0.00019755536355307342,VILA MATILDE
1650371129,1650371294,0,126.869,0,5,25.96966580976864,0.038499864715936465,0.00019495695106824226,1.1288863950636301e-10,0.0001758782015740993,VILA MATILDE
1650371129,7288600596,0,177.275,0,5,25.82656383890317,0.03871318796533464,0.000516635920330842,1.3413299628211168e-10,0.00017687213785636994,VILA MATILDE
1650371131,1650371158,0,57.646,0,5,27.451585261353898,0.03642152578349357,0.001205619200876873,1.6993959471601986e-10,0.00017386392260995606,VILA MATILDE
1650371131,1650371311,0,138.145,0,6,26.525107112253643,0.03769366947936992,0.00016639034226588174,2.2953916449435074e-10,0.00020158260771146747,VILA MATILDE
1650371158,1650371294,0,37.956,0,4,26.855698371893745,0.0372296637588304,0.0013059407986140727,7.354316811757557e-11,0.00014891246333321778,VILA MATILDE
1650371158,1650371358,0,45.541,0,4,27.311568123393315,0.036608246581703405,0.00023746839734284508,6.652341437247102e-11,0.00015071932081043535,VILA MATILDE
1650371159,1664070098,0,60.155,0,6,25.740359897172237,0.03884283764439562,0.0037160961061952174,2.3095439807324271e-10,0.00020411718758596117,VILA MATILDE
1650371159,1836987576,0,67.799,0,6,25.878834618680376,0.038634994006741585,0.0033256406569724326,9.881908701218081e-11,0.00020789294551897864,VILA MATILDE
1650371159,9502613107,0,205.148,0,5,25.922022279348756,0.03857062576443754,0.00019671697909871944,8.827986507003158e-11,0.0001828154514235147,VILA MATILDE
1650371168,1650371335,0,175.058,0,6,23.525107112253643,0.04250049173520606,0.0010722632308753325,3.9485176286539834e-11,0.00020089574954908717,VILA MATILDE
1650371168,1664200752,0,223.22000000000003,0,5,23.86923736075407,0.041887748874544974,0.0009926558091891335,1.878310425935869e-11,0.00017868150668261896,VILA MATILDE
1650371172,7941459984,0,4.497,0,5,26.458440445586977,0.03778864526994203,0.00224132800342691,2.069739530631793e-07,0.00016925342040464817,VILA MATILDE
1650371172,1664120499,0,105.179,0,5,25.80771208226221,0.03874146678354185,0.0007608736562524454,3.0002657348635894e-07,0.00017543652463172219,VILA MATILDE
1650371174,2018093783,0,25.092,0,4,28.138303341902315,0.03553265483869003,0.002724794164721836,9.801467420356128e-08,0.00015540767310680503,VILA MATILDE
1650371174,2018093786,0,43.687,0,4,27.50916880891174,0.0363452864511949,0.0024081245060075173,1.277056193430502e-07,0.00015890523978508598,VILA MATILDE
1650371178,1664118175,0,71.465,0,5,27.872664952870608,0.03587129619951179,0.002239703362168008,1.198568495651625e-08,0.00018076896377953024,VILA MATILDE
1650371178,1664065468,0,100.333,0,4,27.402399314481578,0.03648690061478614,0.002415841551987302,1.2439783955350299e-08,0.00015068181832905247,VILA MATILDE
1650371178,1664118173,0,151.14600000000002,0,4,27.420908311910882,0.036462272110799304,0.000258317960165421,5.311580640891631e-09,0.00015596271211888962,VILA MATILDE
1650371180,1664208429,0,104.68599999999999,0,4,24.6649528706084,0.040536409116175655,0.003622950007351502,1.8327934559194594e-12,0.00016034258782876787,VILA MATILDE
1650371180,1650371248,0,63.620000000000005,0,4,24.263410454155956,0.041207258241098485,0.033244627920597285,1.7059602102471621e-12,0.00016282780910946226,VILA MATILDE
1650371180,1650371272,0,152.00199999999998,0,5,24.061182519280205,0.04155359445002386,0.037032614402498915,7.017076269001893e-12,0.00018391079202042604,VILA MATILDE
1650371182,1650371358,0,85.502,0,4,27.353041988003426,0.036552739575827824,0.0008205792225170947,8.212506527467643e-11,0.00014743307745706586,VILA MATILDE
1650371182,1664123734,0,78.14699999999999,0,5,26.963496143958867,0.0370808227188366,0.0023037413051230624,1.0364477202966697e-10,0.00017065717368438594,VILA MATILDE
1650371186,8839258814,0,8.566,0,4,27.42827763496144,0.03645247556921846,0.004663261960135095,5.807551245114597e-09,0.00016148404928406683,VILA MATILDE
1650371186,5337478023,0,22.629,0,5,27.00394173093402,0.03702528432168968,0.005330312583685949,1.6877786582261025e-08,0.0001902670733612428,VILA MATILDE
1650371186,8839258811,0,15.115,0,4,27.648843187660667,0.03616168002429787,0.0030462023604412853,8.731485931038955e-09,0.00016108516837054233,VILA MATILDE
1650371189,1678466921,0,44.953,0,6,28.17000856898029,0.035492662983963204,0.04575165787871133,1.101658077728718e-07,0.00019769977327256693,VILA MATILDE
1650371189,1650371213,0,75.269,0,6,28.21953727506427,0.03543036906128349,0.0456547209502635,1.3571938634842133e-07,0.00019405586853038124,VILA MATILDE
1650371189,13279684540,0,100.975,0,6,28.24421593830334,0.03539941142562422,0.002147098810410593,1.328602798192594e-07,0.00018925224424723815,VILA MATILDE
1650371193,1678466696,0,8.928,0,5,28.997600685518425,0.034479701656609595,0.025148634367173798,0.0007119633809545273,0.0001746352839612489,VILA MATILDE
1650371195,2018093783,0,113.843,0,4,28.741902313624678,0.034786445569408915,0.00012848204622483466,1.770409668994044e-07,0.00014943631445952106,VILA MATILDE
1650371195,1678466664,0,75.623,0,5,29.263753213367607,0.03416611031073943,0.0005840585325752757,4.989393299495446e-07,0.00017969394385871187,VILA MATILDE
1650371195,1650371225,0,82.189,0,5,29.389203084832904,0.03402026987625812,0.0007145713803737379,2.3444394353496807e-07,0.0001754670654339977,VILA MATILDE
1650371210,6943966529,0,25.803,0,5,27.340874035989717,0.03656900723356776,0.0024421065856728846,8.815897247717928e-06,0.00018188468559718584,VILA MATILDE
1650371210,1678142788,0,92.734,0,5,27.17223650385604,0.036795963418479974,0.007040518282223474,6.958738998073931e-06,0.00018140738401347355,VILA MATILDE
1650371210,13070061763,0,35.699,0,5,27.219194515852614,0.03673248375560369,0.012476026387423327,1.1984884158144377e-05,0.00018160138315933454,VILA MATILDE
1650371213,1650371225,0,156.543,0,5,28.658611825192803,0.03488754537354311,0.001057370686002064,1.6693190234732233e-07,0.00017277794740756916,VILA MATILDE
1650371217,13279684555,0,6.715,0,6,28.793830334190233,0.034723710211175395,0.013288347016874338,1.0891191095357886e-06,0.00020757771167276024,VILA MATILDE
1650371217,1678466591,0,101.457,0,5,28.898371893744645,0.03459809514772687,0.03640617981042061,6.320949059408765e-07,0.00017314514246473444,VILA MATILDE
1650371217,8770146447,0,65.467,0,5,28.751499571550987,0.0347748338449617,0.025617884917453333,1.0064507856122277e-06,0.00018185966164704855,VILA MATILDE
1650371223,5337478035,0,179.534,0,6,27.662382176520993,0.036143981165974844,0.0017018117186998647,1.5530007322172622e-07,0.00019829809429195675,VILA MATILDE
1650371223,5337478101,0,56.584,0,5,27.659125964010283,0.03614823627091969,0.003236691548047547,1.0383723935649184e-07,0.00017957458554913088,VILA MATILDE
1650371223,8839258807,0,148.916,0,5,27.65501285347044,0.036153612572583,0.0012443398175473713,1.0379757546544081e-07,0.00017936747349353517,VILA MATILDE
1650371225,13279684557,0,73.604,0,6,29.28637532133676,0.03413971887691209,0.002333932555184325,3.146133998643616e-07,0.0001975513169647406,VILA MATILDE
1650371225,2018093783,0,67.625,0,5,28.728706083976007,0.034802424358117784,0.002276663950808029,1.7443760515352667e-07,0.00017762481069653934,VILA MATILDE
1650371229,1664070114,0,109.293,0,6,24.360411311053983,0.04104317483098007,0.007213677963068114,2.5454653948348e-09,0.00019160499307540653,VILA MATILDE
1650371229,2903440191,0,55.159,0,5,24.416966580976865,0.04094810946635503,0.023978892660764344,2.820236875990167e-09,0.0001690542552132214,VILA MATILDE
1650371229,1664079325,0,18.868000000000002,0,6,23.830162810625534,0.04195643262447051,0.014332179025718884,4.983744207657361e-09,0.00019496083363322608,VILA MATILDE
1650371229,2903440186,0,37.836,0,5,24.408054841473863,0.04096306022286039,0.01627105298144687,2.8631483620695915e-09,0.0001678932551063054,VILA MATILDE
1650371239,5337490101,0,11.358,0,4,27.17720651242502,0.036789234387907606,0.002427755587885917,2.011903075259032e-07,0.00015008810012691294,VILA MATILDE
1650371246,1664185388,0,68.021,0,4,23.167266495287063,0.04315695253031121,0.004147032200118978,6.125247217622615e-11,0.00014785967028453943,VILA MATILDE
1650371246,2026737281,0,169.292,0,5,23.541216795201372,0.04247140787548321,0.003777697087261919,3.7582454723116454e-11,0.00017985240515767015,VILA MATILDE
1650371248,1650371360,0,179.10100000000003,0,4,24.828277634961438,0.04026975350824515,4.589611556398203e-05,4.243681620900111e-13,0.0001684837524055441,VILA MATILDE
1650371255,1836987493,0,94.91199999999999,0,6,24.585775492716365,0.04066695478816099,0.011233311211134859,1.24069950242397e-10,0.00019520291765778006,VILA MATILDE
1650371255,1664070122,0,118.71,0,6,24.322879177377892,0.04110650770835095,0.013632770963761564,7.251535404729297e-11,0.0001979737291031927,VILA MATILDE
1650371259,1678551122,0,82.301,0,5,29.286203941730935,0.03413991865874711,0.009956072408094721,1.8788271947506298e-07,0.0001851793179725727,VILA MATILDE
1650371259,1678551505,0,119.872,0,5,29.205312767780633,0.034234477416629015,0.010485570071725204,4.5653153797469107e-07,0.000185119539522182,VILA MATILDE
1650371272,1650371386,0,35.817,0,5,24.407540702656384,0.040963923099608196,0.047625546184083226,1.0075838325317405e-11,0.00017939831438715367,VILA MATILDE
1650371272,1650371363,0,79.116,0,6,24.25278491859469,0.04122531180440236,0.025903415618705364,9.784174511153938e-12,0.00020196976287061778,VILA MATILDE
1650371278,1650371335,0,133.488,0,6,22.978234790059982,0.043511985560643805,0.008137151131982337,4.9507621672665654e-11,0.00020833215649073312,VILA MATILDE
1650371278,2975016251,0,110.547,0,5,23.14618680377035,0.043196256423166345,0.01469203706456568,3.212635158468438e-11,0.00018930364655682922,VILA MATILDE
1650371278,5337521527,0,52.216,0,5,22.557669237360756,0.044323223728195464,0.012670577178176844,7.353161574399438e-11,0.00019048707716222174,VILA MATILDE
1650371284,1678609573,0,52.018,0,4,27.90968294772922,0.035823718322659084,0.00027889674944484656,1.956525841623387e-10,0.00016278333549839182,VILA MATILDE
1650371284,7292346441,0,75.86,0,4,28.029648671808054,0.035670394306432776,0.0007409718008308957,2.4264862861004533e-10,0.0001571101593869609,VILA MATILDE
1650371284,5337552204,0,74.864,0,4,27.558354755784062,0.03628041765389949,0.0005144697319856392,4.575602546756545e-10,0.00016536220124949315,VILA MATILDE
1650371287,3032933054,0,25.64,0,4,23.5191088260497,0.04251133101126543,0.011752248706582478,3.0061393650882315e-10,0.00015138840404679263,VILA MATILDE
1650371287,1664129967,0,88.592,0,5,22.583718937446445,0.04427209810587664,0.0119903940377832,9.45288298684702e-10,0.00017999761248084766,VILA MATILDE
1650371287,1678609947,0,102.726,0,4,23.50985432733505,0.04252806531564368,0.00015921484337239785,3.6875665406733914e-10,0.00015350750548387692,VILA MATILDE
1650371289,1678551505,0,102.292,0,4,28.830334190231362,0.03467974438995393,0.00028647840865305595,9.105165724920743e-07,0.00015611444163023916,VILA MATILDE
1650371291,1664126275,0,23.156,0,4,25.242330762639245,0.039609203674408816,0.004089898982514257,1.2319077927664305e-09,0.00015660929790176325,VILA MATILDE
1650371291,1650371351,0,19.212,0,4,25.22399314481577,0.03963799921186015,0.004136742805479265,2.0613086935564125e-09,0.00016113821196361491,VILA MATILDE
1650371294,6727818562,0,34.491,0,4,25.999143101970866,0.03845621436340266,0.0014151979232752336,6.847439755005954e-11,0.00014798205344727163,VILA MATILDE
1650371297,1650371366,0,119.495,0,5,25.059640102827764,0.039897964068580184,0.011758476498074936,9.098976521597373e-08,0.0001788373494022569,VILA MATILDE
1650371297,5337476708,0,165.55200000000002,0,4,25.776349614395887,0.03878860410225724,0.011543076144498843,3.123343642256438e-08,0.00015044053400482506,VILA MATILDE
1650371304,1650371385,0,125.62700000000001,0,4,27.09477292202228,0.036901162570051486,0.0005925878991845114,2.4117131103370374e-09,0.00015251642411955724,VILA MATILDE
1650371304,1664126288,0,106.598,0,5,27.380291345329905,0.03651636163340928,0.020642556448837474,1.0180807084894624e-09,0.00017975323763723476,VILA MATILDE
1650371304,5337405488,0,29.695,0,4,27.729391602399314,0.036056637474428464,0.020559699744633474,7.768763286371088e-10,0.00014638050077978335,VILA MATILDE
1650371311,5337375461,0,67.537,0,5,26.586803770351327,0.03760619851225392,0.001022034738620945,1.483620934520949e-10,0.00018623162813729497,VILA MATILDE
1650371319,1678729040,0,67.049,0,5,27.349957155098544,0.03655686240107277,0.0011177531861245888,7.26340494307755e-08,0.00017746185836636118,VILA MATILDE
1650371319,1678729129,0,82.626,0,5,27.972236503856042,0.035743606710044236,0.0007691322493185307,8.441640154669781e-08,0.00017650235313439232,VILA MATILDE
1650371335,3900853784,0,65.815,0,5,23.19982862039417,0.04309637957908267,0.015433685799254453,4.6288583242049415e-11,0.00017649592045459247,VILA MATILDE
1650371337,1650371348,0,149.79500000000002,0,5,23.89254498714653,0.041846886588768624,0.0014820789884333666,3.1916155802831286e-12,0.0001818612043522568,VILA MATILDE
1650371337,2449984100,0,180.96800000000002,0,5,24.36503856041131,0.041035380178659354,0.0016219335234705153,1.8147267093729303e-12,0.00018737507450083642,VILA MATILDE
1650371337,1664200706,0,88.967,0,5,24.10351328191945,0.04148061772987116,0.012593135944835849,1.939218740166002e-12,0.00018986353983474897,VILA MATILDE
1650371337,11697284885,0,110.69800000000001,0,5,23.7280205655527,0.04213704289542299,0.012580680361850933,1.9709551481319252e-12,0.00018328840566098862,VILA MATILDE
1650371339,1678609329,0,94.569,0,5,26.639760068551844,0.037531442393674855,0.0018158073803661563,1.856930659543514e-08,0.00017810525135553628,VILA MATILDE
1650371339,1650371385,0,75.512,0,5,27.143787489288776,0.036834528740276797,0.002212355234309824,9.14603467945044e-09,0.00018187225386423266,VILA MATILDE
1650371339,3032933067,0,108.962,0,5,27.148586118251927,0.036828018079438425,0.0015106455972357271,9.758362600710505e-09,0.0001790711623413153,VILA MATILDE
1650371341,1678466747,0,71.456,0,4,29.55578406169666,0.0338285263658398,0.004595839347890661,3.631225624179049e-05,0.00015206780565451926,VILA MATILDE
1650371341,1678466643,0,107.602,0,4,29.4426735218509,0.033958486129058545,0.021329373541038303,6.482849329244877e-05,0.0001536599929660784,VILA MATILDE
1650371341,1678466600,0,26.502,0,4,29.52459297343616,0.03386426432004458,0.02386422006524018,2.112160420862228e-05,0.00016195554862472326,VILA MATILDE
1650371348,1650371354,0,110.382,0,5,23.753727506426735,0.042091441022200096,0.0003226266766636259,6.993450252981711e-12,0.00017749094714505074,VILA MATILDE
1650371351,1650371384,0,83.786,0,4,24.92647814910026,0.04011110652750849,0.02589001232831942,5.106459986886033e-09,0.0001613295627730507,VILA MATILDE
1650371351,1664130012,0,25.218000000000004,0,4,25.57566409597258,0.03909296809038155,0.029507817638351065,1.5250656894128761e-09,0.0001656983483515273,VILA MATILDE
1650371356,1650371384,0,129.448,0,4,24.005312767780634,0.04165030591628531,0.025815414217181504,1.2251270227967852e-08,0.00015602762032765008,VILA MATILDE
1650371356,1664126347,0,58.956,0,5,23.391945158526134,0.04274243179087419,0.028739497709661985,4.0129024108221816e-08,0.00018401954483291603,VILA MATILDE
1650371358,1664126279,0,47.083000000000006,0,4,26.533847472150814,0.03768125302761182,0.0009690985109350542,5.233639550264015e-11,0.00015061047661405088,VILA MATILDE
1650371360,6928876904,0,20.101999999999997,0,4,25.67540702656384,0.03894110108399637,0.0038807264204306223,1.4939238487747784e-13,0.00016995000891323645,VILA MATILDE
1650371363,1664208415,0,145.23999999999998,0,6,24.572065124250216,0.04068964555231625,0.02528564578000787,6.491046056407132e-12,0.00019635230369789816,VILA MATILDE
1650371366,1678609319,0,96.63,0,5,25.27300771208226,0.039561125125450944,0.00012117116055977557,9.113622980932194e-08,0.00017801200927797635,VILA MATILDE
1650371366,1678550342,0,332.318,0,5,24.387489288774635,0.04099760367109156,0.0004019633248066745,2.6762737832996554e-07,0.00018317101136096402,VILA MATILDE
1650371382,1664208415,0,134.475,0,6,24.995715509854328,0.04,0.00032912524169923397,3.633615747754329e-12,0.00020085912207908632,VILA MATILDE
1650371382,1664208406,0,148.656,0,5,25.641131105398458,0.0389931558122126,0.0002033509309059027,1.9332645694929094e-12,0.0001787908461872499,VILA MATILDE
1650371382,1664208443,0,155.09499999999997,0,5,25.022964867180807,0.03995644104130567,0.0005691659877020073,1.7135917289524735e-12,0.00017764567654228529,VILA MATILDE
1650371386,1650371856,0,39.247,0,4,24.647472150814053,0.040565158742299295,0.0005489933587373071,8.920974447835655e-12,0.00014895333731298165,VILA MATILDE
1650371386,2494507291,0,38.232,0,4,24.252099400171378,0.0412264770936535,0.04723834001737825,1.5054537319811726e-11,0.0001493205133385881,VILA MATILDE
1650371856,2494507291,0,28.058,0,4,24.368466152527848,0.04102960827062381,0.002790050588621067,1.510955956863198e-11,0.00014832211895093796,VILA MATILDE
1664065436,1664065487,0,66.856,0,4,28.61645244215938,0.03493894368685507,0.0005977325965043677,3.1941991463740266e-09,0.0001593264002586814,VILA MATILDE
1664065436,1664065482,0,22.628999999999998,0,4,28.924421593830335,0.0345669356654461,0.006546221179202534,2.8867102608049495e-09,0.00015935288534420797,VILA MATILDE
1664065436,1664065460,0,23.518,0,4,28.42656383890317,0.03517233479432564,0.007021428747431374,1.2181585208995321e-09,0.00016377342034075242,VILA MATILDE
1664065440,1678466272,0,104.397,0,4,28.9840616966581,0.034495807760078524,0.017307844878169505,3.9614097813321415e-10,0.00016451035390378977,VILA MATILDE
1664065440,1664065467,0,204.65699999999998,0,4,29.432904884318766,0.03396975678492614,6.268407523930289e-05,2.689437318075612e-10,0.0001644821725214615,VILA MATILDE
1664065441,1664118175,0,75.645,0,6,28.389203084832904,0.03521862228419991,0.0017287536862433232,1.5542508842046525e-08,0.00020645452620037907,VILA MATILDE
1664065441,5337516105,0,77.283,0,6,29.0426735218509,0.034426190813388095,0.0017104764720806754,1.6126885774393687e-08,0.00020570702110012166,VILA MATILDE
1664065441,1664118188,0,148.776,0,5,29.157497857754926,0.034290617983471855,0.0027219510425187574,1.602431690782334e-08,0.0001751106227630104,VILA MATILDE
1664065441,1664065482,0,144.714,0,5,28.821079691516708,0.03469088011607233,0.0028267404037179374,9.364624578074879e-09,0.000181446948637318,VILA MATILDE
1664065452,1664065485,0,161.166,0,4,30.451585261353898,0.032833384922756566,0.00038558152544607914,2.089175995317127e-09,0.00015921255168736576,VILA MATILDE
1664065452,5337516115,0,223.598,0,4,30.271808054841475,0.03302837473674675,2.2609590853053095e-05,4.725688464629292e-09,0.00015564340840959088,VILA MATILDE
1664065457,1664065471,0,148.504,0,6,26.192973436161097,0.03817163495511529,0.0017964470720309073,6.124677675612005e-09,0.00020288874770105935,VILA MATILDE
1664065457,1678466576,0,77.553,0,4,26.85089974293059,0.0372363172171693,0.0017562372008730822,2.4847443192510033e-09,0.00015165725043819246,VILA MATILDE
1664065457,1678466632,0,114.801,0,4,26.25552699228792,0.03808069137929909,0.0006642075013477754,2.114804254023272e-09,0.0001496257408320897,VILA MATILDE
1664065458,1664065488,0,26.343,0,4,29.500599828620395,0.03389180647859832,0.007690510172555856,4.288289304938659e-10,0.0001637073393652539,VILA MATILDE
1664065458,1664065473,0,22.643,0,4,29.786975149957154,0.03356596684828574,0.0014873590725247982,9.774602815063733e-10,0.00016175266596908015,VILA MATILDE
1664065459,5337688314,0,116.199,0,4,26.97275064267352,0.03706810008514099,0.00035173483255228707,3.957471758314045e-09,0.0001546119071090339,VILA MATILDE
1664065459,1664065477,0,112.281,0,4,27.03204798628963,0.03698678771587249,0.003470098342243137,2.134473140817836e-09,0.0001645621251072144,VILA MATILDE
1664065459,1678467057,0,40.083999999999996,0,4,27.39828620394173,0.0364923781345977,0.003237639255448573,6.93459722974814e-09,0.00016189972297805065,VILA MATILDE
1664065460,1664065478,0,101.523,0,4,27.86032562125107,0.03588718358810322,0.01459902635249354,4.3359316742091915e-10,0.00016336386306764657,VILA MATILDE
1664065460,1664065488,0,24.377000000000002,0,4,28.64387317909169,0.034905496688345486,0.007942464954457244,4.0630883243639574e-10,0.0001656981797242176,VILA MATILDE
1664065461,1664065475,0,73.426,0,5,26.518766066838047,0.037702682616310254,0.0028363528644997746,1.0022576557715873e-09,0.00018605445662522174,VILA MATILDE
1664065461,1664065469,0,73.512,0,5,26.668380462724937,0.03749116380695328,0.009076735326714004,1.0339469087956281e-09,0.00018911902151605176,VILA MATILDE
1664065461,1664065478,0,110.12000000000002,0,5,27.048329048843186,0.03696452444765471,0.01586380957254876,5.725061701832704e-10,0.00019143625637138323,VILA MATILDE
1664065461,1664065465,0,103.349,0,5,26.658783204798628,0.03750466076089332,0.02534169590343999,5.16392241632561e-10,0.0001904132000590884,VILA MATILDE
1664065463,1664065478,0,95.45600000000002,0,4,27.96829477292202,0.03574864425993443,0.0009868341780114012,2.664304343429468e-10,0.00016394020801294308,VILA MATILDE
1664065463,1664065467,0,50.818999999999996,0,4,28.763667523564695,0.03476012297719202,0.0006926387233785607,1.9019688050515228e-10,0.00016647767620211188,VILA MATILDE
1664065463,1678466272,0,149.284,0,4,28.621936589545843,0.0349322491602249,0.0005450671423616273,3.173941228750951e-10,0.00016650585758444015,VILA MATILDE
1664065465,1678678192,0,80.34,0,4,26.78783204798629,0.03732398421055999,0.015560949364535111,1.783131818564446e-10,0.00015880203726118962,VILA MATILDE
1664065465,5337609270,0,59.471,0,4,27.214738646101114,0.03673849796596935,0.03328023464152156,1.4679241696328705e-10,0.00016342738601550917,VILA MATILDE
1664065467,1664065488,0,63.273,0,4,29.466838046272493,0.03393063819145162,0.0003779998662378697,2.2781089990036764e-10,0.00016632057390338252,VILA MATILDE
1664065468,1678466700,0,36.076,0,4,26.77857754927164,0.03733688313184387,0.008394927545061456,1.164141289096469e-08,0.00014809467453866357,VILA MATILDE
1664065469,1664118173,0,78.082,0,4,27.116023993144815,0.03687224279809382,0.0018190566628839603,2.067365591356783e-09,0.00015811760418186062,VILA MATILDE
1664065469,1678466576,0,70.999,0,4,26.7955441302485,0.03731324191567745,0.007570557492940257,1.71571519858912e-09,0.00015611938925870993,VILA MATILDE
1664065471,5337688314,0,37.904,0,6,26.324078834618682,0.03798152355778934,0.0005079711669500312,6.990153739287968e-09,0.00020261827809061207,VILA MATILDE
1664065471,5337689323,0,34.807,0,6,26.1796058269066,0.038191125833016926,0.08153898475626184,8.89157722077235e-09,0.00020068527878909308,VILA MATILDE
1664065471,1678466700,0,113.83200000000001,0,6,26.141388174807197,0.03824695971416396,0.0028289065920631402,7.801492537177229e-09,0.00020258905006069542,VILA MATILDE
1664065471,1664065490,0,114.271,0,7,25.533333333333335,0.03915777886661252,0.08380711934046063,6.5137988105556154e-09,0.00022943241822977347,VILA MATILDE
1664065473,1664065485,0,65.197,0,4,30.21388174807198,0.03309169701301206,0.004632258389444381,1.6762378095187194e-09,0.00016151847799339078,VILA MATILDE
1664065473,1664065482,0,20.575,0,4,29.394515852613537,0.034014121049225444,0.006167408992335213,2.623491922118789e-09,0.00015932297133149933,VILA MATILDE
1664065475,1678466249,0,269.832,0,4,26.920651242502142,0.03713983779172662,0.001442952211448143,1.0861254551107113e-09,0.0001561548726420568,VILA MATILDE
1664065475,1664118177,0,105.929,0,5,26.39674378748929,0.03787696802467132,0.0013824343245540428,2.4852275993559454e-09,0.00017861810335912352,VILA MATILDE
1664065477,1678678589,0,14.357,0,4,26.305569837189374,0.0380082479331305,0.012874740429712197,5.689551845332213e-10,0.00016929411054326606,VILA MATILDE
1664065477,5337552974,0,40.895,0,4,27.133847472150816,0.03684802243472329,0.01409944916538117,6.657111680915101e-10,0.00016655122487160379,VILA MATILDE
1664065485,5337516104,0,74.084,0,4,30.43273350471294,0.03285372377868506,0.0045980055362358635,3.833201973034532e-09,0.00015740120170675502,VILA MATILDE
1664065487,1664118175,0,121.054,0,5,28.135389888603257,0.03553633428762868,0.001641023058262614,1.0358334175630187e-08,0.00018272274147794379,VILA MATILDE
1664065487,1664118173,0,77.91,0,4,27.880548414738644,0.0358611532858381,0.0012965991113753862,3.6842298605423898e-09,0.0001577946408886295,VILA MATILDE
1664065490,1678678490,0,46.557,0,5,25.649185946872322,0.03898091044546748,0.013007825626170588,2.249382757442183e-09,0.00018119705768644966,VILA MATILDE
1664065490,1678466632,0,151.318,0,5,25.597600685518422,0.03905946626317269,0.009570897042963367,2.5039253910103784e-09,0.00017769150159265668,VILA MATILDE
1664065490,1678678476,0,74.274,0,6,24.778748928877462,0.040350246223648537,0.08546736732028692,2.4461034085947936e-09,0.0002047287171198083,VILA MATILDE
1664070064,3900853000,0,71.581,0,4,24.211311053984577,0.0412959305741366,0.012822751909427334,7.288647115076179e-09,0.0001742973990834712,VILA MATILDE
1664070064,1678551946,0,86.63,0,5,23.315338474721507,0.04288286963872248,0.039565159351584014,1.200737579844982e-08,0.00018639761778024182,VILA MATILDE
1664070071,1664070092,0,111.706,0,4,27.273350471293917,0.03665954505466885,0.0005347777477219145,2.075730122920493e-11,0.00015322681456645792,VILA MATILDE
1664070071,1664070092,1,187.538,0,4,27.273350471293917,0.03665954505466885,0.0,2.0757315418981768e-11,0.00015322681456645792,VILA MATILDE
1664070071,1664070080,0,64.292,0,4,27.308826049700087,0.036611922408328994,0.0005985449171338188,1.5605061134214966e-11,0.00015578458691457885,VILA MATILDE
1664070073,1664072310,0,71.548,0,5,22.755269922879176,0.04393833269316222,0.05906302064675344,3.2300248310637857e-10,0.00017700292147600254,VILA MATILDE
1664070073,2494625160,0,59.624,0,4,22.540359897172237,0.044357260707252724,0.02729695165852857,1.160706689939869e-10,0.00015171525665504424,VILA MATILDE
1664070073,2494625168,0,93.26,0,5,22.799828620394173,0.0438524620970106,0.03230016980208891,1.2402027237494544e-10,0.0001793971058885916,VILA MATILDE
1664070075,1678678675,0,55.229,0,4,24.66700942587832,0.04053302948614623,0.012422683999422712,5.469337565067668e-10,0.0001738774576477963,VILA MATILDE
1664070075,1678678589,0,187.284,0,4,25.533161953727507,0.03915804169519284,0.012459509201291156,2.576086836714806e-10,0.00017214025138345354,VILA MATILDE
1664070075,1678678671,0,17.826,0,4,25.600171379605825,0.03905554402618877,0.0008314101642431081,1.7302890708572542e-10,0.0001724857737333139,VILA MATILDE
1664070076,1836987560,0,30.449999999999996,0,4,25.226906598114823,0.039633421422699884,0.03616681599827572,1.2263827516943848e-10,0.00015659451245536577,VILA MATILDE
1664070078,1664070114,0,113.325,0,6,24.72733504712939,0.04043414377200521,0.0003891015815070335,1.251393516069136e-09,0.00019077248643319442,VILA MATILDE
1664070080,1836987704,0,66.574,0,4,26.89528706083976,0.03717486331833764,0.009315151431457875,1.182415794771296e-11,0.00015537830066886455,VILA MATILDE
1664070080,1836987646,0,177.438,0,5,26.809597257926306,0.03729368295894754,0.00902948534343427,3.5319353165207784e-11,0.0001848375359902224,VILA MATILDE
1664070081,1664070093,0,94.565,0,4,26.123907455012855,0.03827255253127604,0.01227673705966468,1.7112289889126708e-10,0.0001496670770769746,VILA MATILDE
1664070085,2903440185,0,24.461,0,4,25.071808054841473,0.039878600626136414,0.025206173745093246,3.7123838333657e-10,0.00015711894361653428,VILA MATILDE
1664070086,1664070094,0,96.41,0,6,23.290488431876607,0.04292862398822664,0.004431344420426832,2.8643817302330776e-11,0.00020179108167678994,VILA MATILDE
1664070086,1664070116,0,86.11,0,5,23.25107112253642,0.04300140045699123,0.03224574431991569,1.598733994407577e-11,0.00017810699315263005,VILA MATILDE
1664070091,1836987481,0,81.339,0,4,24.239417309340187,0.04124804683357255,0.047057869450868546,1.6093583793727796e-12,0.00015180252721561305,VILA MATILDE
1664070091,2494507404,0,92.95599999999999,0,4,24.381491002570694,0.04100768982047714,0.016988061323708958,2.514905591649762e-12,0.00015124905117617186,VILA MATILDE
1664070092,1836987576,0,59.919,0,6,26.423136246786633,0.037839135031359654,0.00232567396211824,4.6291341662132516e-11,0.00021356420056152438,VILA MATILDE
1664070092,1836987557,0,102.723,0,5,26.720479862896315,0.037418063804404995,0.002218041478715981,3.527623700196551e-11,0.0001857226328782492,VILA MATILDE
1664070093,1664070098,0,159.241,0,5,26.070951156812338,0.038350293181877944,0.007554717240665963,2.2442060776743223e-10,0.00017718435097172048,VILA MATILDE
1664070093,1836987620,0,25.798000000000002,0,4,26.465638389031707,0.03777836777247502,0.019495830493595802,8.08353991931021e-11,0.0001569592572276545,VILA MATILDE
1664070094,1664070122,0,115.702,0,6,23.603941730934018,0.04235854467831757,0.008271860969699629,4.4367207071221234e-11,0.00019931091392717348,VILA MATILDE
1664070094,1836987478,0,116.88400000000001,0,6,23.197600685518424,0.04310051862468417,0.01824309669621077,5.376059140840922e-11,0.00020090120589229184,VILA MATILDE
1664070094,1664072321,0,195.108,0,5,23.639931448157668,0.04229405751817832,0.01430036313439872,2.529730182671119e-11,0.00017156813340802327,VILA MATILDE
1664070097,7950380942,0,66.811,0,4,25.68808911739503,0.038921876042431115,0.01660478137337966,6.355869210786671e-11,0.00014389874175651138,VILA MATILDE
1664070116,1836987477,0,29.168,0,4,23.420394173093403,0.042690512081253934,0.03250622846842632,2.6754122648443816e-11,0.00014805937862847284,VILA MATILDE
1664070122,1836987479,0,115.108,0,5,23.991088260497,0.041675000714346946,0.0003698766599433596,3.8765255788872e-11,0.00017675974194485106,VILA MATILDE
1664072310,1664079231,0,298.283,0,5,22.674550128534705,0.04409475004912854,0.024681956165554193,3.9126806282878665e-10,0.00017881672966070522,VILA MATILDE
1664072310,2494625155,0,99.549,0,5,22.545329905741216,0.04434748236438823,0.018941963211081787,3.2112251397403833e-10,0.00017408532321833836,VILA MATILDE
1664072310,4497560388,0,36.307,0,6,22.088431876606684,0.04526480765948202,0.048916323664280885,8.826156897737293e-10,0.00020254349390339687,VILA MATILDE
1664072311,4497560388,0,80.805,0,6,22.29751499571551,0.04484036093646719,0.051659395043165364,9.49841640323292e-10,0.0002012524413219869,VILA MATILDE
1664072311,1678678623,0,79.452,0,5,23.156469580119964,0.04317707485309137,0.005032190912677428,5.444878802194422e-10,0.00017608603961420053,VILA MATILDE
1664072311,1664079178,0,76.113,0,5,23.18440445586975,0.043125050820144735,0.046445785856577215,4.4106571165979035e-10,0.00017694256558399059,VILA MATILDE
1664072317,1678678676,0,16.816,0,4,24.757155098543272,0.04038544075094491,0.0012413613085727176,1.6529560099279627e-10,0.0001693834752190541,VILA MATILDE
1664072317,1664072320,0,48.753,0,4,23.827077977720652,0.04196186462012069,0.0014114070936711287,5.665126315914091e-10,0.00016715800471243486,VILA MATILDE
1664072317,1664072319,0,234.677,0,4,24.67660668380463,0.040517265327666196,0.0020439340904703147,2.101833320107582e-10,0.00016593785391561964,VILA MATILDE
1664072319,1678678632,0,55.556,0,4,24.889460154241647,0.04017076361633271,0.002637469697055852,1.4720554607848957e-10,0.0001659768812511941,VILA MATILDE
1664072319,1678678623,0,72.923,0,4,24.083461868037702,0.04151515367153643,0.004798784118481838,3.15115897151636e-10,0.00015638895430797545,VILA MATILDE
1664072320,1678678675,0,79.949,0,4,23.819708654670094,0.041974846749359654,0.0009596214369247924,8.635479359227031e-10,0.00017042263532093815,VILA MATILDE
1664072320,1678678854,0,91.203,0,4,22.92133676092545,0.04361999611203326,0.0009236085556857976,1.9795419889937434e-09,0.0001577643917360189,VILA MATILDE
1664072321,8777406422,0,19.490000000000002,0,4,24.51705227077978,0.04078094745451114,0.00020605866633740605,8.042281328689432e-12,0.00014660086251108354,VILA MATILDE
1664079093,1678678297,0,75.986,0,4,24.866838046272495,0.04020730816413734,9.233377821426473e-05,2.355676344671705e-11,0.00016078213198628583,VILA MATILDE
1664079093,1678610146,0,80.62,0,4,25.71413881748072,0.03888244624838379,0.0005043157241175016,1.9253206697472673e-11,0.00016070025478761153,VILA MATILDE
1664079093,1664123758,0,54.89,0,4,25.772236503856043,0.03879479455516322,0.0006317146761697349,1.152762515020466e-11,0.00016383109726075595,VILA MATILDE
1664079104,1678551960,0,25.415,0,6,24.21268209083119,0.0412935922027732,0.010584943962061378,9.082378114608208e-09,0.00021017857152033913,VILA MATILDE
1664079104,1664079325,0,64.699,0,6,23.723393316195374,0.04214526172828804,0.010814559926652863,6.30305580595266e-09,0.0002001633738547215,VILA MATILDE
1664079104,2903440191,0,21.099000000000004,0,5,24.34944301628106,0.041061662877694804,0.009567647760445564,4.139548468987192e-09,0.0001740346847328571,VILA MATILDE
1664079174,5337533556,0,49.026,0,4,25.88243359040274,0.03862962178196843,0.01631126285260469,1.3539347788893351e-11,0.00016375588249810066,VILA MATILDE
1664079174,1664123818,0,71.008,0,4,25.828449014567266,0.038710362353940375,0.016339558687863902,1.1911360939258628e-11,0.0001606173782747146,VILA MATILDE
1664079174,1664079193,0,103.367,0,4,24.92956298200514,0.04010614310069845,0.002283433289386787,2.474085270843599e-11,0.000160953511797799,VILA MATILDE
1664079175,1836987565,0,99.407,0,4,26.271636675235648,0.03805734042206204,0.0033119665930433405,3.173306198004618e-09,0.00015514278193341503,VILA MATILDE
1664079175,2976314027,0,55.649,0,4,26.191088260497,0.038174382463602156,0.0007884925576537797,9.833622525775714e-10,0.000160279573668811,VILA MATILDE
1664079175,2494627118,0,293.691,0,4,25.545329905741216,0.039139389629470604,0.004182368147500097,1.0259038362011398e-09,0.00016159445321651964,VILA MATILDE
1664079178,1678678513,0,67.24,0,4,24.076092544987148,0.04152786082400843,0.05142707134314238,1.7628780070928232e-10,0.0001528524429450155,VILA MATILDE
1664079178,1664079408,0,118.026,0,4,24.08363324764353,0.0415148582488899,0.09125420409772435,3.362399175586594e-10,0.00015012941534997765,VILA MATILDE
1664079193,1664079225,0,72.99,0,5,23.97549271636675,0.04170210940906524,0.053297168818910175,8.267410243512117e-11,0.0001870875702269759,VILA MATILDE
1664079193,1664079227,0,90.232,0,4,24.933333333333334,0.04010007835805507,0.05113788519905782,3.243718403094526e-11,0.0001609169226395991,VILA MATILDE
1664079225,1678678465,0,75.344,0,5,23.948928877463583,0.041748364843783546,0.053358905186748455,8.502772547328047e-11,0.0001858336618722379,VILA MATILDE
1664079225,1678678297,0,214.651,0,5,23.981491002570696,0.04169167881542463,0.0003038079154146775,8.095026518441205e-11,0.00018703976368392264,VILA MATILDE
1664079227,5337533556,0,110.036,0,4,25.897686375321335,0.03860687035529703,0.01582576588973614,2.1235679067756854e-11,0.00016371929333990076,VILA MATILDE
1664079231,2903440183,0,138.101,0,4,23.39794344473008,0.04273147436038293,0.00013958376149399845,1.8725577946248517e-10,0.00015508303440456246,VILA MATILDE
1664079266,1836987599,0,51.968,0,5,26.84935732647815,0.03723845633385674,0.04231703087062088,1.1749781675696955e-08,0.000178475152066171,VILA MATILDE
1664079266,1678467680,0,29.692,0,6,26.33573264781491,0.03796471637090109,0.042620432625720836,3.5792876743443275e-08,0.00020973593205480726,VILA MATILDE
1664079266,1836987565,0,67.767,0,5,26.847300771208225,0.03724130887178112,0.0031856507351637085,1.1712710509851856e-08,0.00018016728732633786,VILA MATILDE
1664079325,1678551946,0,25.230000000000004,0,6,23.2311910882605,0.043038198799002614,0.04274336381431109,9.375870107499242e-09,0.0002023424199129988,VILA MATILDE
1664079325,2903440186,0,31.56,0,5,23.79880034275921,0.04201172353203808,0.03333493089723792,4.406727127443431e-09,0.00016886420344952737,VILA MATILDE
1664079353,1678678465,0,76.337,0,4,24.875578406169666,0.04019318080041888,0.052458312382230435,4.016396112457617e-11,0.0001579035389105537,VILA MATILDE
1664079353,1678678513,0,73.655,0,4,24.95835475578406,0.04005987695012085,0.05218049872695819,7.174782455117939e-11,0.00015730442424821217,VILA MATILDE
1664079353,1678678398,0,280.063,0,4,25.323221936589547,0.03948267810856721,0.00023895765183017193,3.8671259405999894e-11,0.00015846581456926306,VILA MATILDE
1664079408,8792957536,0,114.957,0,4,24.952527849185948,0.04006923172021594,0.007084654369756979,4.200060843809861e-10,0.00014904940976483724,VILA MATILDE
1664079408,1678678476,0,76.076,0,5,24.888603256212512,0.040172146668961954,0.08402834132521446,8.729442963634403e-10,0.00017838515739652705,VILA MATILDE
1664118175,1664118182,0,137.001,0,5,28.319622964867182,0.03530515295470362,0.0013091900811318768,2.4442924599602743e-08,0.00017374163185983777,VILA MATILDE
1664118177,1678466315,0,96.427,0,5,26.767437874892888,0.03735242144082772,0.012432567233747699,2.5191953484547583e-09,0.0001800715377761074,VILA MATILDE
1664118182,5337656999,0,75.36,0,5,28.672322193658953,0.03487086304489459,0.03744622098966106,5.148635891082614e-08,0.0001679792025106756,VILA MATILDE
1664118188,5337656998,0,22.8,0,4,29.894944301628108,0.03344473936148867,0.0016744635908416807,2.2073148437162465e-08,0.00014383811311432308,VILA MATILDE
1664118188,1678466607,0,24.68,0,5,29.92082262210797,0.033415813228858796,0.0013024207425531183,2.7932934139388465e-08,0.0001755474683481133,VILA MATILDE
1664120494,1664120495,0,105.56,0,4,25.098543273350472,0.0398361215431888,0.0016953131536642566,4.190106882912259e-07,0.00015268626161161878,VILA MATILDE
1664120494,8792732701,0,14.051,0,4,24.22879177377892,0.041266136162687886,0.0023155199542501024,1.246345190653324e-06,0.00015585466807297251,VILA MATILDE
1664120494,5337478122,0,21.246000000000002,0,4,25.1395029991431,0.03977121665564562,0.0014053146889502462,3.6264386155565944e-07,0.00015592814691797448,VILA MATILDE
1664120495,5337418140,0,150.485,0,4,25.11482433590403,0.03981029717834112,0.00045110872288846055,4.231734252719572e-07,0.00015221388491870087,VILA MATILDE
1664120497,1678550398,0,33.031,0,4,24.411482433590404,0.04095730864006852,0.0014471492013669732,5.241650121860609e-07,0.00016144859651689037,VILA MATILDE
1664120497,5337478122,0,35.847,0,4,25.291688089117397,0.039531905378209345,0.0005221867779654239,2.2101471950274795e-07,0.0001586412807459554,VILA MATILDE
1664120499,3393886086,0,68.068,0,4,25.02159383033419,0.039958630420339585,0.0003192420073742467,4.1101809464752774e-07,0.00015506821051252523,VILA MATILDE
1664120499,5337418140,0,124.914,0,4,25.06872322193659,0.039883507889195764,0.0004496194684011337,4.1473817523777884e-07,0.0001541294302136198,VILA MATILDE
1664120501,1678550496,0,46.188,0,5,26.818166238217653,0.03728176682600138,0.00011562030292519367,1.4810329104062797e-07,0.00016838829001354492,VILA MATILDE
1664120501,5337478035,0,16.969,0,5,27.66700942587832,0.03613793616085532,0.009326253146727038,1.4482170179048648e-07,0.0001658444490996668,VILA MATILDE
1664123734,1664123816,0,100.842,0,6,26.9796058269066,0.037058681539262894,0.0008678292057968283,7.270637304338219e-11,0.00019981979979898003,VILA MATILDE
1664123734,1664123786,0,63.076,0,5,26.93847472150814,0.037115264718231906,0.0025218493941306587,8.118740906241194e-11,0.0001708299048780399,VILA MATILDE
1664123758,1678677537,0,80.37,0,4,26.565209940017137,0.03763676713459951,0.014985555585340645,1.2608223763926212e-11,0.00016339072707130553,VILA MATILDE
1664123758,1664123820,0,63.95,0,4,25.756983718937448,0.03881776807814122,0.015428947262249321,1.0074602253098755e-11,0.00016384121087725556,VILA MATILDE
1664123772,1678609877,0,96.57,0,5,27.818337617823477,0.03594135041892558,0.012868106477905015,2.986783473064536e-10,0.000170475337482995,VILA MATILDE
1664123772,5337602340,0,77.759,0,5,28.337103684661525,0.035283373753379255,0.012766431012452064,1.0915258380459018e-10,0.00017430747772690085,VILA MATILDE
1664123772,1664123786,0,57.516,0,4,27.605484147386463,0.036218478004445054,0.0003270944401256064,9.95567749460051e-11,0.00014284289829367763,VILA MATILDE
1664123786,5337602340,0,73.286,0,5,27.709340188517565,0.036082729274387076,0.0023156553410216773,7.660074406448177e-11,0.00017435038034629069,VILA MATILDE
1664123794,1664123818,0,37.451,0,5,26.68483290488432,0.0374680487585578,0.0021730930705530253,1.839464545130538e-11,0.00018475552853928562,VILA MATILDE
1664123794,1664123816,0,112.455,0,6,27.10471293916024,0.03688762993500089,0.0009332210164676346,3.803890067860702e-11,0.00020597376102132167,VILA MATILDE
1664123794,1664123826,0,174.80599999999998,0,5,27.46580976863753,0.0364026631224924,0.0010135053720117095,2.2567399290488852e-11,0.00018003787028823283,VILA MATILDE
1664123794,5337610411,0,108.033,0,5,27.106083976006854,0.0368857641435472,0.0016648511300598437,2.0991066655951015e-11,0.00018235416692518783,VILA MATILDE
1664123800,5337602340,0,31.33,0,5,28.132133676092543,0.035540447514788215,0.014806574273318274,6.222820053762615e-11,0.0001742394183229167,VILA MATILDE
1664123800,1664123816,0,157.386,0,5,27.49545844044559,0.036363409708544216,0.00042213595377137456,4.415135946803064e-11,0.00017246056871828399,VILA MATILDE
1664123800,5337602337,0,28.723,0,5,28.134190231362467,0.03553784957633572,0.015038491813026536,4.056451287447371e-11,0.00017664455754504014,VILA MATILDE
1664123816,5337610414,0,106.388,0,5,27.533847472150814,0.0363127100709573,0.0006176344519259174,3.730231647030543e-11,0.00017614859885306224,VILA MATILDE
1664123818,1664123820,0,93.846,0,4,25.796229648671808,0.03875871140903927,0.01555621082752998,1.0998090543502544e-11,0.0001604758976451966,VILA MATILDE
1664123820,1678678297,0,57.76,0,4,24.8968294772922,0.04015887329372974,0.00031694043225746884,2.2103745443551066e-11,0.00016079224560278538,VILA MATILDE
1664123826,5337602338,0,58.389,0,4,28.117223650385604,0.03555929393407451,0.0010024036567425456,1.9804650802728635e-11,0.0001518996256702735,VILA MATILDE
1664123826,5337602337,0,63.372,0,5,28.166066838046273,0.035497630043383285,0.0001436453646412535,3.098452240539522e-11,0.0001800720232991516,VILA MATILDE
1664126275,1664129965,0,27.160999999999998,0,4,25.810968294772923,0.03873657930906266,0.0011931636178919576,4.2578190141427664e-10,0.000154743797601447,VILA MATILDE
1664126279,6727818562,0,30.521,0,4,26.00171379605827,0.03845241233851832,0.001010797636580206,6.146057006590275e-11,0.000148058995024907,VILA MATILDE
1664126282,5337375461,0,62.283,0,4,26.33521850899743,0.037965457550791976,0.0014141148291026322,1.6780071457037155e-10,0.00015807125806609283,VILA MATILDE
1664126288,1678609877,0,91.304,0,6,27.58937446443873,0.036239626298265666,0.001330175030726028,7.03059060881021e-10,0.00020295053320520983,VILA MATILDE
1664126288,1664126355,0,161.933,0,5,27.591431019708654,0.03623692514099729,0.0017991548074624106,5.93035584512012e-10,0.0001818370616882494,VILA MATILDE
1664126321,1664126326,0,108.815,0,5,24.08071979434447,0.041519881005757556,0.0016954485404358317,1.267668886973775e-09,0.00018370669870435577,VILA MATILDE
1664126326,1678609947,0,80.297,0,5,24.2586118251928,0.04121540950483578,0.0009467596936251514,6.257811309311718e-10,0.00018678829391958562,VILA MATILDE
1664126326,1664126350,0,57.479,0,5,23.8853470437018,0.04185949731292737,0.001910442733697199,8.830699090682183e-10,0.00019148951124387203,VILA MATILDE
1664126326,1664129964,0,233.40099999999995,0,5,23.451928020565553,0.04263310971777671,0.002017533670013157,8.124394875846114e-10,0.0001852686273045914,VILA MATILDE
1664126336,7288709525,0,49.831,0,4,23.164695801199656,0.043161741858159595,0.000806363611501702,7.634228197093716e-08,0.00015220074575470437,VILA MATILDE
1664126336,1664126347,0,55.456,0,5,23.629648671808056,0.042312462376431506,0.013734446429214515,5.25155195975561e-08,0.00018355748523904815,VILA MATILDE
1664126344,6727818562,0,108.035,0,5,25.09185946872322,0.03984673282745149,0.002665494758771912,1.4113613692550637e-10,0.00017075490081424753,VILA MATILDE
1664126347,3085081401,0,131.147,0,5,23.637017994858613,0.042299270602224444,0.04115094460704396,6.449479598184463e-08,0.00018293766638922363,VILA MATILDE
1664126347,7288709525,0,10.074,0,5,22.97446443873179,0.04351912633526288,0.000275241306612317,8.753183542021595e-08,0.00018338051087737206,VILA MATILDE
1664126350,3085081402,0,93.995,0,4,24.14790059982862,0.04140437038246169,0.0008310040039283826,1.1515109424297789e-09,0.00016890276806511012,VILA MATILDE
1664126350,7288663975,0,148.494,0,4,23.74567266495287,0.042105718987268684,0.0015477415726473233,1.1596479611950895e-09,0.0001673259921359448,VILA MATILDE
1664126355,5337602380,0,53.889,0,4,27.784233076263924,0.035985467644537104,0.00017722128399189522,1.6257462322849316e-10,0.00015118977290110578,VILA MATILDE
1664126355,1678466338,0,169.383,0,4,28.086203941730933,0.03559856727055277,0.0018611619488438376,1.8613024810636604e-10,0.0001589802743385429,VILA MATILDE
1664129964,1664129967,0,23.831,0,5,22.56126820908312,0.04431615329104789,0.007404708697760676,1.0802943163160351e-09,0.00018000811519066782,VILA MATILDE
1664129964,3900844328,0,108.456,0,4,23.00274207369323,0.043465627584357146,0.0051544451674098045,7.589564988540802e-10,0.00015799821134910235,VILA MATILDE
1664129965,1664130004,0,22.997,0,4,26.72082262210797,0.037417583827189,0.0009605691443258186,2.5080116732518234e-10,0.00015940190149133155,VILA MATILDE
1664129967,1664129977,0,59.52,0,5,22.563153384747213,0.04431245062891171,0.029099084974965633,9.429144087820268e-10,0.00017494402187025963,VILA MATILDE
1664129967,1664200727,0,59.718,0,6,21.622964867180805,0.046239201077910755,0.03954254976073096,2.6779549435762425e-09,0.00020613736140888688,VILA MATILDE
1664129977,1678610114,0,165.80499999999998,0,4,23.236503856041132,0.04302835859423978,0.003283535371012555,2.974515511841249e-10,0.00014259187565501352,VILA MATILDE
1664129987,1664130012,0,92.962,0,4,26.39948586118252,0.037873033802688895,0.003869624705161458,9.760124342715432e-10,0.00016800611560682387,VILA MATILDE
1664129987,5337552204,0,34.657,0,4,26.653470437017994,0.03751213646856092,0.0028421744956775067,9.235565390118565e-10,0.0001680610295560519,VILA MATILDE
1664130004,1664130012,0,24.576999999999998,0,4,26.478491859468722,0.037760028996388396,0.025827328253080116,5.206840608679872e-10,0.00016582753817956017,VILA MATILDE
1664130004,1678609573,0,74.658,0,4,27.059982862039416,0.03694860508565819,0.026268959901958315,2.0632049495860292e-10,0.00016330358637768686,VILA MATILDE
1664135806,1664135819,0,100.905,0,5,21.673007712082264,0.046132435039774794,0.004255070843835963,2.4159709149078607e-09,0.0001747050777748034,VILA MATILDE
1664135806,1678610014,0,52.024,0,4,21.415938303341903,0.04668619260255118,0.06448688548959783,4.1972806134147945e-09,0.00015452630655872566,VILA MATILDE
1664135806,1664135830,0,67.039,0,4,21.518080548414737,0.046464582105481135,0.0659810139007014,4.237900251150911e-09,0.00015111306429352957,VILA MATILDE
1664135810,2960107465,0,65.972,0,4,24.016966580976863,0.04163009583342253,0.0007924187740294597,1.765262307591412e-11,0.00016335152799564563,VILA MATILDE
1664135810,6943125953,0,121.649,0,4,23.938131962296488,0.041767194782322326,0.0007763077482120146,2.5325283504415363e-11,0.0001755649461340582,VILA MATILDE
1664135811,12417782006,0,11.002,0,4,21.989374464438733,0.045468715902359944,0.04910369895614092,3.5476979117373213e-09,0.00016595223787683306,VILA MATILDE
1664135811,1664135817,0,74.342,0,4,22.33453299057412,0.0447660410368165,0.0039526167961370364,5.7214171754896634e-09,0.00016587050873133466,VILA MATILDE
1664135811,1678609533,0,69.412,0,4,22.07420736932305,0.0452939760719859,0.0451853350132124,6.636565974547635e-09,0.00016623382413373273,VILA MATILDE
1664135817,1678609533,0,7.452,0,4,21.869065981148243,0.045718853345453975,0.00039966174968989664,8.216618425296564e-09,0.00016504737888038007,VILA MATILDE
1664135817,1664135823,0,93.175,0,4,21.581491002570694,0.046328060479003876,0.0042630586633588975,1.4104615699402019e-08,0.0001594945320182593,VILA MATILDE
1664135819,2449984059,0,139.858,0,6,21.970522707797773,0.04550773022980078,0.004365952609756025,1.4669854509541242e-09,0.00019742674671166782,VILA MATILDE
1664135819,1874821606,0,233.80200000000002,0,6,21.768294772922022,0.045930498039647924,0.0005349131344934897,1.46107963064213e-09,0.0001963207610219219,VILA MATILDE
1664135819,2449984058,0,170.12199999999999,0,6,21.733847472150813,0.0460032960880639,0.0006976480339268418,2.3627828653200716e-09,0.0002013202246061881,VILA MATILDE
1664135823,1664135830,0,124.91699999999999,0,4,21.29854327335047,0.046943521327357435,0.004095449840148839,1.3279123068631998e-08,0.0001527908893960968,VILA MATILDE
1664135823,1664200746,0,70.40700000000001,0,5,20.80994001713796,0.048045723321199746,0.0063757692337893974,5.2916406870936534e-08,0.0001807541039721127,VILA MATILDE
1664135830,2449984058,0,114.046,0,5,21.591945158526137,0.04630562985657478,0.06332865165877227,4.184712203830044e-09,0.00017885247604009934,VILA MATILDE
1664135836,1678610062,0,110.191,0,4,21.7324764353042,0.046006198298228045,0.06393870445148997,2.0770941389282756e-09,0.00015431152106183676,VILA MATILDE
1664135836,1664200620,0,57.323,0,5,21.530934018851756,0.04643684382288093,0.075416388785318,2.342113134794659e-09,0.00018028848436622434,VILA MATILDE
1664135836,1664185393,0,56.483000000000004,0,5,21.947557840616966,0.04555534732633683,0.024298405441681742,1.1381777513010019e-09,0.00018210790985404322,VILA MATILDE
1664185384,3900853783,0,42.329,0,4,22.95835475578406,0.043549663337364326,0.00025033014064248604,6.651139130273579e-11,0.0001554493909731169,VILA MATILDE
1664185384,1664185397,0,82.83,0,4,22.662382176520993,0.04411842553030589,0.059641799095237286,1.836633193532397e-10,0.00015885055580730343,VILA MATILDE
1664185386,1664200727,0,418.81899999999996,0,5,21.277977720651243,0.0469888930950329,0.015571374145946398,2.453296604006618e-09,0.00017557247507529137,VILA MATILDE
1664185387,1664185395,0,57.025,0,3,23.841131105398457,0.04193713024663403,0.0005202913631633715,5.037418342122729e-11,0.00011770399494891669,VILA MATILDE
1664185387,1664185388,0,105.279,0,5,23.14567266495287,0.04319721594905779,0.016464385291256208,8.753273493767313e-11,0.00018264584130090735,VILA MATILDE
1664185387,1664185389,0,51.104000000000006,0,5,23.344130248500427,0.04282997951737352,0.01240481294557479,1.2566682521649068e-10,0.0001845734579753781,VILA MATILDE
1664185388,12417758850,0,126.691,0,4,22.620222793487574,0.04420065308472676,0.013263842011219232,1.8701772582180514e-10,0.00014548727213893684,VILA MATILDE
1664185389,1664185399,0,22.756,0,4,23.05586975149957,0.0433654696687009,0.0465178116190552,2.1735563368561573e-10,0.00015386670276680705,VILA MATILDE
1664185389,1664185396,0,52.809999999999995,0,4,22.734704370179948,0.04397807880473703,0.0396769888249051,2.8570252242110245e-10,0.00014957377456729828,VILA MATILDE
1664185391,1664185397,0,67.668,0,4,22.2114824335904,0.045014042776457514,0.022725752703064588,6.015888989548991e-10,0.00015467448333663454,VILA MATILDE
1664185391,1664185393,0,74.749,0,5,21.947215081405314,0.045556058784026486,0.0002676596474041076,8.784684265796996e-10,0.00018218254629822505,VILA MATILDE
1664185391,1664200620,0,60.837,0,5,21.52699228791774,0.04644534670806465,0.022576827254331903,2.0824038089596227e-09,0.00018036312081040617,VILA MATILDE
1664185393,1664185396,0,73.40899999999999,0,5,22.207369323050557,0.0450223799969131,0.014864519811552445,6.185410426521896e-10,0.00017994241043405132,VILA MATILDE
1664185393,1664185399,0,42.825,0,5,22.544987146529564,0.04434815659445078,0.009611513074435918,5.501941556371994e-10,0.00018451085924715453,VILA MATILDE
1664185396,1874821606,0,123.114,0,5,22.047472150814052,0.045348900479606984,0.054253270199774016,6.616186950527515e-10,0.00017152539298325158,VILA MATILDE
1664185397,1664185399,0,107.507,0,4,22.82382176520994,0.04380636296057127,0.036994164559371566,2.733146306117725e-10,0.00015688878324170028,VILA MATILDE
1664186569,1678551146,0,256.155,0,4,23.015766923736077,0.04344102995599306,0.0,4.306354088658718e-10,0.0001470484709832944,VILA MATILDE
1664186569,2449984059,0,176.203,0,5,22.540531276778065,0.04435692345123324,0.0005607720078643468,7.145351532610072e-10,0.00017169641749970835,VILA MATILDE
1664186575,2494627931,0,32.107,0,4,24.57223650385604,0.04068936176148529,0.0528728666767936,6.0972789298372745e-12,0.00016511767922947735,VILA MATILDE
1664186575,2494627937,0,37.022,0,4,24.83616109682948,0.04025697113559989,0.002885904422896286,5.664322777227137e-12,0.0001670115788163017,VILA MATILDE
1664186584,1678551765,0,105.224,0,5,23.04198800342759,0.04339159538862031,0.0026835011993914097,1.8748241761730638e-10,0.0001731001098136904,VILA MATILDE
1664200587,7302221191,0,8.719,0,4,25.252442159383033,0.03959334364904851,0.0015168733887281848,8.18670599748461e-14,0.00016355304504399413,VILA MATILDE
1664200587,1664200600,1,48.813,0,4,25.22553556126821,0.03963557554470042,0.00157332967247503,1.7660352837717472e-13,0.0001613895639782216,VILA MATILDE
1664200587,1664200600,0,63.936,0,4,25.22553556126821,0.03963557554470042,0.0,1.766143957079403e-13,0.0001613895639782216,VILA MATILDE
1664200588,8087436221,0,12.837,0,5,19.971893744644387,0.05006178348321549,0.00037651061175054284,3.2831540791384736e-07,0.00017665573514513325,VILA MATILDE
1664200588,1664200606,0,96.094,0,5,20.61491002570694,0.04850026602819899,0.05452675147835585,2.0219577539016113e-07,0.00017425904275548775,VILA MATILDE
1664200588,1664200592,0,45.257,0,6,20.35355612682091,0.049123043372094,0.0004976817723103184,1.8832717803982876e-07,0.00020380998052046745,VILA MATILDE
1664200588,2426811100,0,52.655,0,6,20.112253641816626,0.04971241106045759,0.05450779733033533,1.8175815547056813e-07,0.0002040788772930314,VILA MATILDE
1664200589,5337364305,0,134.827,0,4,21.559211653813197,0.046375936024420104,0.0022415987769700604,5.396081021671546e-09,0.00016095809596786538,VILA MATILDE
1664200589,1664200664,0,43.973,0,4,20.978577549271638,0.047659504942406665,0.00327527677794647,2.1312756084972733e-08,0.00015876984775053542,VILA MATILDE
1664200589,1664200727,0,333.043,0,5,21.119794344473007,0.047340831264099194,0.0009718062463665576,6.231168397556803e-09,0.0001818165151486147,VILA MATILDE
1664200592,1664200746,0,32.131,0,6,20.43650385604113,0.04892366264979413,0.007662349724068221,1.1354547437731723e-07,0.00020563814077035638,VILA MATILDE
1664200592,1664200606,0,114.112,0,5,20.905741216795203,0.047825552322006804,0.0023413788276209595,1.560344941374778e-07,0.0001756055189807329,VILA MATILDE
1664200592,1664200664,0,42.375,0,5,20.6968294772922,0.04830829869334084,0.005598649164947932,8.810740721502452e-08,0.00018381225962646632,VILA MATILDE
1664200593,5337371129,0,92.652,0,4,22.318080548414738,0.04479904166602675,0.0022022012264416866,6.9088673062109956e-09,0.00018070007208721922,VILA MATILDE
1664200593,7288663975,0,19.421,0,4,23.197429305912596,0.043100837045738305,0.003887901919324106,3.3260988050715535e-09,0.0001732354903565313,VILA MATILDE
1664200593,7288663974,0,25.181,0,4,23.05878320479863,0.043359990486666465,0.0023245908679456386,9.600577087532198e-09,0.00017307967675539502,VILA MATILDE
1664200599,1664200607,0,116.477,0,4,25.2426735218509,0.03960866583837437,0.0013364028222184856,1.1710561032889594e-14,0.0001608934396057302,VILA MATILDE
1664200599,1664200654,0,83.495,0,4,24.633933161953728,0.04058745364862702,0.0028911845069877176,2.95353240705079e-14,0.0001568557668680135,VILA MATILDE
1664200599,5337928573,0,270.468,0,5,24.837874892887747,0.04025419343264633,0.0013328827661575312,9.647671564518499e-15,0.00018286480566729262,VILA MATILDE
1664200600,7302221192,0,5.734,0,5,25.222279348757496,0.039640692523034274,0.0011865296660847743,1.8153213707563235e-13,0.00019772099740338696,VILA MATILDE
1664200606,3085081394,0,16.884,0,4,21.02005141388175,0.04756546978443075,0.056636212766268554,2.943141364800248e-07,0.0001484184824725601,VILA MATILDE
1664200607,1664200624,0,150.879,0,4,25.92853470437018,0.038560938047365045,0.0012749372279233593,9.806431999837206e-15,0.00016622717983756874,VILA MATILDE
1664200607,1664200724,0,219.24799999999996,0,4,25.650728363324763,0.03897856646533754,0.0001444576852707045,1.7508435666164582e-14,0.00016648577019551334,VILA MATILDE
1664200620,1664200727,0,26.47,0,6,21.188688946015425,0.04718690349089262,0.053852525355911514,3.561495666299129e-09,0.00020729308889224697,VILA MATILDE
1664200620,1664200666,0,110.77,0,5,21.17343616109683,0.04722089569151821,0.0009695046712497797,4.447244088578718e-09,0.0001821335095302387,VILA MATILDE
1664200624,1664200710,0,249.50200000000004,0,4,25.997943444730076,0.03845798889899669,0.0004167204829083678,1.9273525482360962e-14,0.00016815841604329564,VILA MATILDE
1664200624,1664200742,0,26.682000000000002,0,4,25.934704370179947,0.038551764698108094,0.0015569478731144346,7.23467833759685e-15,0.00016453768685712562,VILA MATILDE
1664200644,1664200683,0,54.301,0,4,25.345844044558696,0.03944743835069949,0.0008388564366797423,2.2439249613403915e-13,0.00016996182150426326,VILA MATILDE
1664200644,1664200688,0,40.558,0,4,25.01988003427592,0.039961367481557084,0.008841839278031087,2.2411642507623392e-13,0.00016987442295119922,VILA MATILDE
1664200651,9501602404,0,108.89100000000002,0,5,24.243359040274207,0.04124134030821434,0.061273209692718066,9.405588281171311e-14,0.0001882986951571017,VILA MATILDE
1664200651,3900853789,0,74.989,0,5,23.818508997429305,0.04197696087954469,0.05204484118183987,1.1533238522019955e-13,0.0001821896677623655,VILA MATILDE
1664200651,1664200654,0,95.437,0,5,24.22947729220223,0.041264968630418945,0.00274821607620434,9.824352322015031e-14,0.00018717847694402044,VILA MATILDE
1664200654,7302221191,0,66.99199999999999,0,4,24.93573264781491,0.04009621993127148,0.0016123210626886784,4.8139102218651986e-14,0.00016030977180845647,VILA MATILDE
1664200660,1836987492,0,87.424,0,4,25.084147386461012,0.0398589836437424,0.007616182834961089,2.956726102218897e-15,0.00015585311896170796,VILA MATILDE
1664200660,2494628706,0,81.17099999999999,0,4,24.830848329048845,0.04026558445143835,0.008246408256643497,3.219763078657357e-15,0.00015342391887679694,VILA MATILDE
1664200660,5328089456,0,102.40299999999999,0,5,25.09751499571551,0.039837753680587805,0.0007481472997243797,3.057398642653708e-15,0.00018091946163358594,VILA MATILDE
1664200664,5337371129,0,48.505,0,4,21.358526135389887,0.04681168607123657,0.0027886967209053153,2.1351034356833052e-08,0.00017331657174048776,VILA MATILDE
1664200666,1678610062,0,59.836,0,4,21.46272493573265,0.0465844212879786,0.00023719762379969473,4.182225091226539e-09,0.00015606721910203835,VILA MATILDE
1664200666,4821532038,0,51.459,0,4,20.918251928020567,0.04779694899146308,0.0006977834206984171,1.3098209397980457e-08,0.00015378770511547627,VILA MATILDE
1664200674,2975016246,0,63.13,0,4,25.01319622964867,0.0399720456040342,0.0008469796429742525,1.6007655626448094e-12,0.00016749864000066198,VILA MATILDE
1664200674,2449984100,0,118.445,0,4,24.466838046272493,0.040864643747723514,0.0005155528261582406,1.739481054951978e-12,0.00016085473012518746,VILA MATILDE
1664200674,1664200752,0,27.6,0,4,24.37120822622108,0.041024991913140095,0.0015814528787695401,4.9981999152423685e-12,0.00015968124440447778,VILA MATILDE
1664200682,2494628707,0,43.275,0,6,23.728191945158525,0.042136738555765815,0.05380893081546431,2.7812879601664067e-14,0.00019274592850915083,VILA MATILDE
1664200682,2477148584,0,106.411,0,6,23.380119965724077,0.04276405005021147,0.01698724900307951,2.7633871932557238e-14,0.00018987456251960927,VILA MATILDE
1664200682,2363551372,0,10.029,0,7,23.542759211653813,0.04246862533849693,0.022089705650204447,3.93993863874516e-14,0.00021296521538056074,VILA MATILDE
1664200682,2494628491,0,70.49000000000001,0,6,23.691173950299913,0.0422025781622998,0.007166292593016804,2.8013282615970102e-14,0.00019267636708135725,VILA MATILDE
1664200683,1664200710,0,48.737,0,4,25.976520994001714,0.03848970463077197,0.0008421057191975464,6.551177264064231e-14,0.00016975730708581032,VILA MATILDE
1664200683,1664200688,0,42.846000000000004,0,4,25.653984575835477,0.03897361898844954,0.00018209520776860127,1.0165675301201703e-13,0.00017015986359943477,VILA MATILDE
1664200686,3393913661,0,1066.9340000000002,0,5,21.27866323907455,0.04698737928979309,0.015114849952194932,2.6445041320329813e-06,0.00017567322772792842,VILA MATILDE
1664200686,3085081393,0,64.958,0,5,21.355784061696657,0.0468176966720434,0.0015263504627384466,1.0349756809361606e-06,0.0001802047668186241,VILA MATILDE
1664200686,3085081394,0,35.413,0,5,21.100085689802913,0.04738505023595058,0.015064621459940544,1.0361982927950303e-06,0.00018123197259156052,VILA MATILDE
1664200688,1664200756,0,65.95,0,4,25.30077120822622,0.03951771320192373,0.008792558493177725,6.363688561317583e-14,0.00016836340044785753,VILA MATILDE
1664200706,2975016246,0,200.39899999999997,0,4,24.664095972579265,0.04053781746169614,0.0002297513513630605,1.2936555581875361e-12,0.00016655935591323735,VILA MATILDE
1664200710,1664200724,0,94.88900000000001,0,4,26.223136246786634,0.03812772854416647,0.0008793370813807177,2.697903334505272e-14,0.0001684170064012403,VILA MATILDE
1664200714,3085081401,0,23.087,0,4,23.694772922022278,0.04219616806139202,0.0008075820924458785,6.173465324694835e-08,0.00015387024907595042,VILA MATILDE
1664200714,3085081400,0,13.033999999999999,0,5,23.03273350471294,0.043409030030655674,0.0008174653267708658,1.2095801568664474e-07,0.0001866137106063837,VILA MATILDE
1664200714,7288663973,0,64.81700000000001,0,4,23.494944301628106,0.04255505386854179,0.0014467430410522477,4.077682364485713e-08,0.00016132677461054096,VILA MATILDE
1664200724,7302221192,0,83.522,0,4,25.605484147386463,0.03904744056543157,0.0007209345586377708,5.10053277177359e-14,0.00016545528593626708,VILA MATILDE
1664200729,3900844328,0,52.551,0,4,23.461182519280207,0.042616292660121555,0.002722763363148208,8.976504629063232e-10,0.00016590042816316494,VILA MATILDE
1664200729,5337364305,0,43.118,0,4,22.52407883461868,0.04438932343184101,0.000201997063190151,1.5916882540844855e-09,0.00016633378599833018,VILA MATILDE
1664200729,7288663975,0,107.845,0,4,23.406341045415594,0.04271614339268978,0.0025016767651659584,1.2277115073658177e-09,0.00016954292347613292,VILA MATILDE
1664200742,5337928560,0,30.713,0,4,26.06598114824336,0.03835760544396594,0.0019919455701854502,3.6978728824429466e-15,0.00016059826509529085,VILA MATILDE
1664200742,5337950327,0,49.41,0,5,25.768637532133678,0.03880021282255919,0.00242234011702291,8.309576006591242e-15,0.00019667494513223342,VILA MATILDE
1664200746,4821532038,0,252.82999999999998,0,5,20.559725792630676,0.04863044529283297,0.0004768322094877425,5.273211582772313e-08,0.00018037542466405228,VILA MATILDE
1664200746,2426811100,0,61.510999999999996,0,6,20.242844901456728,0.049391704835036444,0.002250128143579296,1.069764518021313e-07,0.00020590703754292034,VILA MATILDE
1664200752,2449984086,0,23.802,0,4,24.395201371036848,0.04098464305284307,0.0023513974487175218,6.27328141284127e-12,0.00015738238820308737,VILA MATILDE
1664200756,5337950327,0,179.59799999999998,0,5,25.458440445586977,0.03927297206327836,0.008258728452856837,1.875318976306733e-14,0.00019929586995672552,VILA MATILDE
1664200756,5337943908,0,165.792,0,4,25.88586118251928,0.0386245067662403,0.0003595872653036468,1.708598395196389e-14,0.00017206844536124722,VILA MATILDE
1664202939,2494628827,0,14.508,0,4,24.1662382176521,0.041372952272888446,0.03599325015711635,3.497433936057426e-14,0.00016238362624067183,VILA MATILDE
1664202939,3401927811,0,242.259,0,4,24.62107969151671,0.04060864238779374,0.0006661029161498277,5.906925001823346e-14,0.0001643366619325813,VILA MATILDE
1664202942,3401927811,0,13.325,0,4,24.8808911739503,0.04018459842953575,0.0016365552948006336,1.101864845579063e-13,0.0001551559895592306,VILA MATILDE
1664202942,1664202965,0,57.775000000000006,0,5,24.643530419880033,0.04057164713654856,0.001147673662642701,1.5362913434887944e-13,0.0001738435786140431,VILA MATILDE
1664202942,1664208444,0,235.767,0,5,24.554241645244215,0.04071918142859137,0.00020876640176890941,3.360807291710678e-13,0.00017518228600600628,VILA MATILDE
1664202946,1664202963,0,83.813,0,4,23.89700085689803,0.04183908375705506,0.004089086661884806,4.7464663765165354e-14,0.00015062765311241535,VILA MATILDE
1664202949,2525560913,0,110.237,0,4,24.134190231362467,0.041427891750637325,0.006323239166418232,3.275551980878055e-14,0.00015404310494957624,VILA MATILDE
1664202949,1664202965,0,172.538,0,5,24.52733504712939,0.04076385055583893,0.0025033014064248607,9.873443598222393e-14,0.00017500495215912366,VILA MATILDE
1664202949,1664202957,0,104.21100000000001,0,4,24.86769494430163,0.040205922689399945,0.0038165530907039924,4.671003926343969e-14,0.0001463967579763944,VILA MATILDE
1664202957,1664202991,0,89.93799999999999,0,5,24.788688946015423,0.040334066177182284,0.0033823677142624277,5.756559544461779e-14,0.0001726629685971139,VILA MATILDE
1664202957,1664202961,0,85.047,0,5,25.235818337617822,0.03961942533497226,0.00048360154806650094,7.628714742387048e-14,0.00016969901169821774,VILA MATILDE
1664202961,1664202965,0,55.722,0,6,24.884490145672665,0.04017878664747488,0.0009361995254422883,1.2831814736040817e-13,0.0001972938061245654,VILA MATILDE
1664202961,1664202999,0,73.65700000000001,0,6,24.93350471293916,0.04009980273151553,0.0010963620762157124,1.1404198556564374e-13,0.00019654289709147908,VILA MATILDE
1664202961,1664202991,0,58.705,0,6,24.7012853470437,0.0404767851691505,0.0001649010877785549,8.684028545321758e-14,0.00019836046815744024,VILA MATILDE
1664202963,1664202999,0,117.368,0,5,24.651242502142246,0.04055895439377086,0.0009309194413508568,8.485061808693525e-14,0.00017326447971052072,VILA MATILDE
1664202963,1664208408,0,117.411,0,4,24.809597257926306,0.04030007460418336,0.00317888139658495,4.897675658162401e-14,0.00014545065449443406,VILA MATILDE
1664202965,1664208456,0,140.83300000000003,0,6,24.662724935732648,0.04054007101808807,0.0025781702911059287,1.993772584841286e-13,0.0001984663809946711,VILA MATILDE
1664202987,2494628827,0,50.404,0,4,24.026906598114824,0.041612873313979615,0.03579910552667756,1.3137924792938181e-14,0.0001589532191312034,VILA MATILDE
1664202987,2525560913,0,40.472,0,4,23.907283633247644,0.04182108832321379,0.02211488758971743,1.469794015777407e-14,0.0001586760156039996,VILA MATILDE
1664202987,2477148562,0,54.870000000000005,0,4,23.987832047986288,0.04168065785995471,0.05408024590570095,1.1725849473611615e-14,0.00015281893199056278,VILA MATILDE
1664202991,1664208408,0,23.397,0,5,24.70197086546701,0.04047566187489593,0.003642581089229901,5.944280851509086e-14,0.00017267124519340323,VILA MATILDE
1664202991,2525560914,0,54.717,0,5,23.868894601542415,0.04188835038592712,0.0003423931453136004,5.785825520593212e-14,0.0001751147227965015,VILA MATILDE
1664202999,1664208408,0,51.359,0,5,24.94413024850043,0.04008272128286694,0.0005412763127575226,8.663987260723113e-14,0.00017093045941838297,VILA MATILDE
1664202999,1664208456,0,52.019,0,6,24.67489288774636,0.040520079456583646,0.0011373842680029883,1.85113574127709e-13,0.00019771547196158483,VILA MATILDE
1664208400,6943083791,0,98.594,0,4,24.05432733504713,0.04156543670782362,0.04061305296357581,4.5064980141315133e-13,0.00015486783464673329,VILA MATILDE
1664208400,1664208444,0,150.836,0,5,24.250214224507285,0.04122968197879859,0.00012360812244812858,3.93468686078043e-13,0.00017765182753899444,VILA MATILDE
1664208406,1664208429,0,52.091,0,4,25.464095972579262,0.03926424961132835,0.00200819198277447,1.1079746696005493e-12,0.00015697829099588733,VILA MATILDE
1664208411,7291731616,0,149.921,0,6,24.199143101970865,0.041316695230945735,0.0028283650449768393,1.5695109485579734e-11,0.00019921577094218253,VILA MATILDE
1664208415,7288185363,0,8.645,0,5,24.377206512425023,0.04101489725184722,0.015565281741225517,3.2110162333948315e-12,0.00017044496252361833,VILA MATILDE
1664208415,1664208462,0,127.344,0,5,24.397429305912596,0.04098090039969373,0.016312887493863594,4.713622122065144e-12,0.00016786266465515943,VILA MATILDE
1664208419,1664208444,0,104.45000000000002,0,6,24.246443873179093,0.04123609324417931,0.004225421140861001,8.70297839663082e-13,0.000203388617408565,VILA MATILDE
1664208419,1664208443,0,131.85399999999998,0,5,24.663239074550127,0.040539225905079565,0.0011120669417184318,1.0420484955113294e-12,0.00017754241171565976,VILA MATILDE
1664208419,7288185363,0,273.002,0,5,24.364181662382176,0.04103682340941863,0.012158679794851133,1.4735870800321586e-12,0.00017418242584406373,VILA MATILDE
1664208429,6928876928,0,48.522,0,4,25.56846615252785,0.03910397340339965,0.005062923709824991,5.818366348155441e-13,0.00016538546980164338,VILA MATILDE
1664208443,6928876911,0,76.76100000000001,0,4,25.35664095972579,0.03943064154208008,0.0010702324293017048,5.453425578569435e-13,0.00015699430156022675,VILA MATILDE
1664208444,1664208456,0,63.983,0,6,24.37617823479006,0.04101662741238092,0.003808971431495783,3.818275309252647e-13,0.00019986455698364671,VILA MATILDE
1664208458,1664208462,0,27.497999999999998,0,5,24.308140531276777,0.04113143163327176,0.019174286911104777,5.124850883971922e-12,0.00017053722818650193,VILA MATILDE
1664209223,2343342276,0,74.902,0,5,21.688946015424165,0.04609853423412746,0.0015325782542309043,1.0413861360735044e-09,0.0001833624475252977,VILA MATILDE
1664209223,1678609571,0,378.546,0,4,21.14790059982862,0.04727791374252419,0.018768803530237146,2.1626992229989717e-09,0.00015319471089969582,VILA MATILDE
1664218095,2494507275,0,106.828,0,6,23.607883461868038,0.04235147221092979,0.0008939588527108358,1.649307884604192e-10,0.00018591392098961298,VILA MATILDE
1664218095,1664218105,0,121.848,0,6,23.322193658954586,0.04287026490796193,0.002652633015472271,1.2419240839632424e-10,0.0001927370319592566,VILA MATILDE
1664218105,2494629951,0,68.776,0,6,23.921679520137104,0.041795920706676315,0.002177696220786581,1.4136909900363967e-10,0.00019104750459942763,VILA MATILDE
1664218105,1664218134,0,97.25699999999999,0,5,23.576349614395887,0.042408118167015584,0.0013695725812544017,1.0296734192189949e-10,0.00016542918664292895,VILA MATILDE
1664218110,1664218192,0,113.968,0,6,23.269580119965724,0.04296719645303363,0.003163582691396956,3.0532408993031537e-10,0.00017871887353114604,VILA MATILDE
1664218110,1664218194,0,113.482,0,6,23.204798628963154,0.04308714918759232,0.0038520244248566866,2.5478310601727447e-10,0.00017976815690521947,VILA MATILDE
1664218110,1664218234,0,115.15,0,6,22.865124250214226,0.04372723320691361,0.0003413100511409991,2.398553975264857e-10,0.0001819211374385275,VILA MATILDE
1664218110,1664218197,0,115.599,0,6,22.805141388174807,0.04384224606967866,0.0011855819586837483,2.9222803573835317e-10,0.00017969837034369695,VILA MATILDE
1664218113,2477132061,0,215.584,1,5,21.86323907455013,0.045731038158843634,0.0006091050853166819,2.467157625700179e-11,0.00017270833111493575,VILA MATILDE
1664218113,2368045750,0,20.702,0,6,22.076263924592972,0.045289756627721924,0.0009104760388430063,4.01368742427624e-11,0.00019422395241601903,VILA MATILDE
1664218113,2368045751,0,29.388,0,5,22.418508997429306,0.044598354890988595,0.020402109542519975,4.265658728105361e-11,0.0001652277031340571,VILA MATILDE
1664218119,1664218192,0,115.87,0,6,23.687746358183375,0.04220868483120867,0.0006151974900375644,3.255002861704683e-10,0.00018213092734950943,VILA MATILDE
1664218119,3900853857,0,58.532,0,5,24.100085689802913,0.04148651723745591,0.0014693526319053008,2.2962253644559193e-10,0.00016862976123618997,VILA MATILDE
1664218119,1664218197,0,113.754,0,6,23.168808911739504,0.04315407944374584,0.0030659688290912597,3.1240424216979845e-10,0.00018311042416206035,VILA MATILDE
1664218134,2494629951,0,65.636,0,5,23.573778920308484,0.04241274272462251,0.0010707739763880055,1.314933151092531e-10,0.00016012503392145668,VILA MATILDE
1664218134,2843192464,0,128.754,0,5,23.532647814910025,0.04248687305644768,0.00265547613767535,1.2307478111732495e-10,0.00016074164076839922,VILA MATILDE
1664218192,1664218236,0,114.577,0,6,23.75012853470437,0.042097819341617236,0.002026469196937118,2.7626781063062025e-10,0.00018306170139712337,VILA MATILDE
1664218194,2494629951,0,114.065,0,6,23.543787489288775,0.04246677051638545,0.0025556960870244507,1.9754371207608818e-10,0.0001833974645106512,VILA MATILDE
1664218194,1664218225,0,116.634,0,6,23.026735218508996,0.04342033774681641,0.0011077345650280265,2.2344100888525853e-10,0.00018376039384015714,VILA MATILDE
1664218194,2843192464,0,114.698,0,6,23.097857754927162,0.0432866385706654,0.002299138154889507,1.891251700612372e-10,0.00018401592105349193,VILA MATILDE
1664218197,1664218225,0,114.13,0,6,23.117052270779777,0.04325069687444398,0.0022040966412437387,2.608859383895039e-10,0.00018369060727863463,VILA MATILDE
1664218225,2494507275,0,115.887,0,6,23.363153384747214,0.042795105777412634,0.0010514136680527565,2.080047746301074e-10,0.00018458732295929,VILA MATILDE
1664218225,5991648937,0,53.808,0,5,22.89751499571551,0.04366537681408908,0.0018126934846199275,1.5910856775753336e-10,0.00016894869889634041,VILA MATILDE
1664218227,2368045750,0,118.013,0,5,22.637017994858613,0.044167859062587536,0.002171062268979398,5.010891863701294e-11,0.00016781643369978729,VILA MATILDE
1664218227,1664218234,0,149.161,0,5,22.83101970865467,0.04379255211343727,0.0005250299001685024,1.2537579744515697e-10,0.00016410063890043487,VILA MATILDE
1664218234,1664218236,0,113.524,0,6,23.338131962296487,0.04284098753102557,0.02741609201751472,2.1079912440662e-10,0.00018626396530450483,VILA MATILDE
1664218234,2843192464,0,113.673,0,6,23.180976863753212,0.043131427388530326,0.027117699572963047,1.7419747859206068e-10,0.00018616890158679997,VILA MATILDE
1664218236,2494629952,0,113.218,0,6,23.944987146529563,0.041755237297718996,0.000993738903361735,1.5888624348644462e-10,0.00020141020985872362,VILA MATILDE
1678142757,1678142773,0,115.401,0,4,26.50865467009426,0.037717063835839615,0.0003557964356995421,4.738519189294652e-07,0.0001540492857401948,VILA MATILDE
1678142757,5337490094,0,105.3,0,4,25.761953727506427,0.038810279335555246,0.007918636882660014,3.4568511071264425e-07,0.00015623162438204298,VILA MATILDE
1678142773,1678142780,0,69.32900000000001,0,5,27.07883461868038,0.036922882187272556,0.009463399946332685,1.1302015514992584e-06,0.0001832194473392784,VILA MATILDE
1678142780,13541915456,0,69.808,0,5,26.949443016281062,0.03710015898251193,0.009374180063864649,2.893443029864733e-06,0.00018335774921595185,VILA MATILDE
1678142788,1678551077,0,27.756,0,4,27.857926306769496,0.035890274436945944,0.007739249410322916,2.5767050320477666e-06,0.00015523814830743652,VILA MATILDE
1678142791,8770146449,0,8.876999999999999,0,4,28.47095115681234,0.03511749975922181,0.011642720808378167,1.5707380892975375e-06,0.00015998276139206504,VILA MATILDE
1678142791,1678551505,0,118.461,0,4,28.636846615252786,0.034914061377890555,0.010535798563979591,1.0235277228649608e-06,0.0001563552724914366,VILA MATILDE
1678466136,3032933068,0,94.567,0,5,26.853984575835476,0.037232039720983066,0.0007828063132476227,6.126224229371106e-09,0.0001758572588834439,VILA MATILDE
1678466136,1678609914,0,118.052,0,5,27.492373607540703,0.03636748993255121,0.000638213241205343,3.543023230386868e-09,0.00017927876569744647,VILA MATILDE
1678466136,5337407133,0,65.579,0,5,27.44215938303342,0.036434035909445744,0.019757939283365326,3.5781542350184735e-09,0.00017898342634552027,VILA MATILDE
1678466190,1678466249,0,9.695999999999998,0,4,27.709340188517565,0.036082729274387076,0.017873896970125286,1.4586500723072307e-09,0.0001592753762576193,VILA MATILDE
1678466190,5337478059,0,19.044,0,4,27.938646101113967,0.03578658095226411,0.0027969553139714004,3.695969726424349e-09,0.00016031012908609743,VILA MATILDE
1678466249,3393913703,0,8.227,0,4,27.69922879177378,0.036095901005413766,0.018789246932745,1.2245472384813694e-09,0.00016328877486774612,VILA MATILDE
1678466272,3393913703,0,69.513,0,4,28.47574978577549,0.035111581886901465,0.017584440052497576,9.504657365086888e-10,0.00016607116012478572,VILA MATILDE
1678466315,1678466360,0,45.575,0,4,27.387146529562983,0.03650722134614903,0.014966466050548547,7.871675043650464e-10,0.00015931697322691388,VILA MATILDE
1678466315,1678609914,0,158.65699999999998,0,4,27.70471293916024,0.0360887558225131,0.0021571174315071556,1.5281667271771697e-09,0.00015284240808287618,VILA MATILDE
1678466338,5337602336,0,6.846,0,4,28.184918594687232,0.03547388710864106,0.006754581420656718,8.055127583414374e-11,0.00016426082347448717,VILA MATILDE
1678466338,1678466360,0,7.99,0,4,27.941559554413026,0.03578284950226633,0.008184265728490495,2.213135747621548e-10,0.00016416903230130863,VILA MATILDE
1678466360,1678466373,0,5.073,0,4,27.57669237360754,0.03625629233733143,0.009960675558328276,2.035155863628737e-10,0.00016655481183868408,VILA MATILDE
1678466373,1678466407,0,12.648,0,4,28.132819194515854,0.03553958149310103,0.00012171270764607623,6.479290989150463e-11,0.00016908074103753093,VILA MATILDE
1678466373,5337609270,0,31.539,0,4,27.680548414738645,0.036120260531464374,0.009948219975343361,8.297365315103152e-11,0.00016793006238268788,VILA MATILDE
1678466378,8795848560,0,19.944,0,4,28.042159383033418,0.03565448033931038,0.0068037268187385045,1.0239139720392373e-11,0.00016846475427464362,VILA MATILDE
1678466378,1678466415,0,12.699,0,4,28.791431019708654,0.03472660388814153,0.014907437418141774,1.2158870113799076e-11,0.0001693102688767216,VILA MATILDE
1678466378,5337602336,0,4.821,0,4,28.304541559554412,0.035323964470170804,0.02160271943284857,2.292152416742462e-11,0.00016677792152930263,VILA MATILDE
1678466407,5337609270,0,27.050000000000004,0,4,28.18543273350471,0.035473240018970946,0.02339821879747845,5.6303161692881576e-11,0.0001684610127452703,VILA MATILDE
1678466407,1678466415,0,2.581,0,4,28.26272493573265,0.03537622867815151,0.02356772303549056,2.5320150232880383e-11,0.00016970990072186405,VILA MATILDE
1678466415,8795848560,0,19.527,0,4,28.03101970865467,0.03566864961696248,0.008789309210659922,1.0598147266936928e-11,0.00016896259544153677,VILA MATILDE
1678466446,1678466511,0,190.40699999999998,0,4,29.559211653813197,0.03382460371757558,0.00018426139611380397,5.3802026869545226e-08,0.00015159657630690665,VILA MATILDE
1678466464,5337516105,0,14.59,0,6,29.338303341902314,0.03407929247790454,0.00477211292448153,2.1728248177427304e-08,0.00020766100892796112,VILA MATILDE
1678466464,1678551479,0,126.727,0,5,29.302313624678664,0.03412114938091813,0.005279407157573685,3.537307360500885e-08,0.00017878996914472308,VILA MATILDE
1678466464,1678466511,0,47.331,0,5,29.708826049700086,0.03365426216174121,0.0014981900142508116,2.6327916148688996e-08,0.000180666757381982,VILA MATILDE
1678466464,5337516115,0,48.660000000000004,0,5,29.745329905741215,0.0336129612131548,0.0002978508974653701,1.6655245330629846e-08,0.00018182636526016267,VILA MATILDE
1678466498,1678466570,0,108.172,0,4,27.86700942587832,0.03587857617278788,0.000417668190309394,0.0001680540660001201,0.00015640431457572822,VILA MATILDE
1678466511,3900853007,0,16.595,0,4,29.71533847472151,0.033646886480687935,0.0014085639714680504,2.2020085871832535e-08,0.000151186625359355,VILA MATILDE
1678466519,8770160005,0,5.851,0,4,28.459640102827763,0.035131456925726536,0.016570663906942715,1.0185597224242645e-05,0.00016684443407440384,VILA MATILDE
1678466519,8770146446,0,6.771,0,4,28.89203084832905,0.034605688525076374,0.015486351253397193,6.925746904280508e-06,0.00016103886481621935,VILA MATILDE
1678466576,1678466700,0,202.608,0,4,26.8,0.037307038074409445,0.0058350344681181755,4.161559181225363e-09,0.00015137735340535008,VILA MATILDE
1678466583,3900853007,0,87.325,0,4,30.154413024850044,0.033156958471392606,0.0022851933174172644,2.7553933615567925e-08,0.00015069279625687517,VILA MATILDE
1678466583,1678466607,0,68.184,0,5,30.373093401885175,0.032918234806208986,0.00224132800342691,3.8169018718937566e-08,0.00017872839912648519,VILA MATILDE
1678466585,13279684555,0,69.989,0,5,29.206341045415595,0.03423327211167769,0.000610052792717708,8.514962889908426e-07,0.00018621179470712594,VILA MATILDE
1678466591,13279684553,0,6.269,0,5,28.910368466152526,0.03458373841083157,0.0009024882193200714,6.009721191020904e-07,0.00016813431756646413,VILA MATILDE
1678466600,1678466832,0,125.64100000000002,0,4,29.17223650385604,0.034273293385031135,0.0003081402921050829,7.94609509347846e-06,0.0001654164075286587,VILA MATILDE
1678466604,1678466632,0,44.811,0,4,26.304884318766067,0.03800923844705484,0.010377937588322946,9.016419017163126e-10,0.00015478729940178985,VILA MATILDE
1678466604,1678678192,0,93.527,0,4,26.572407883461867,0.03762657207352467,0.01555566928044368,2.5173460987955075e-10,0.00015824464979006197,VILA MATILDE
1678466604,2903587585,0,80.297,0,4,26.3706940874036,0.03791438394000247,0.006089561598679492,2.5209863923130476e-10,0.00015738040154084998,VILA MATILDE
1678466607,5337656998,0,23.905,0,5,30.131105398457585,0.03318260671728806,0.002464174629439637,3.281373689097546e-08,0.00017481939426881627,VILA MATILDE
1678466607,5337657002,0,10.73,0,5,30.121508140531276,0.03319317929665053,0.0013353197280458842,4.961716278912166e-08,0.0001722955239015466,VILA MATILDE
1678466621,5337657002,0,23.709,0,5,29.759897172236503,0.033596507898116315,0.03700851555715853,1.1753965809253688e-07,0.00016521478187346648,VILA MATILDE
1678466621,13279684543,0,6.479,0,5,29.64764353041988,0.03372371296114316,0.0007274331236733789,1.5862826688943954e-07,0.00016413859010856594,VILA MATILDE
1678466643,1678466696,0,70.859,0,4,29.27694944301628,0.03415071035116577,0.023331337732320316,0.00020252438439360239,0.00014706101731591154,VILA MATILDE
1678466643,1678466860,0,71.951,0,5,29.461696658097686,0.033936559458783426,0.0023042828522093634,0.00010835652733116425,0.00017523058666352962,VILA MATILDE
1678466664,13279684553,0,85.055,0,6,28.869065981148243,0.034633216781141105,0.0010634630907229465,7.743482196020867e-07,0.00020418340651646088,VILA MATILDE
1678466664,1678466840,0,63.401,0,5,28.40616966580977,0.03519758672699849,0.0013514307538633292,1.1234320848554718e-06,0.00018550064168885582,VILA MATILDE
1678466681,1678466840,0,58.5,0,4,28.30248500428449,0.035326531230131096,0.021342776831424246,2.7065889599738252e-06,0.00016217695632049527,VILA MATILDE
1678466681,1678466832,0,57.203,0,4,28.788003427592116,0.03473073854909572,0.0008503643122636317,4.704797750226685e-06,0.0001653825967855755,VILA MATILDE
1678466747,1678466899,0,76.034,0,5,29.28911739502999,0.034136522685515674,0.005310546115035974,4.051304001097801e-05,0.0001747440964231499,VILA MATILDE
1678466747,1678466860,0,107.22800000000001,0,5,29.559211653813197,0.03382460371757558,0.0011302087691095043,7.9840290280505e-05,0.0001735628577595783,VILA MATILDE
1678466832,6047243388,0,7.883,0,4,29.24421593830334,0.03418893577121425,0.0007660183535723018,8.405477026765331e-06,0.00015954533309198567,VILA MATILDE
1678466899,6047243388,0,64.525,0,5,29.369837189374465,0.03404270217595537,0.0002786259759016962,2.578176991109262e-05,0.00017899400196695598,VILA MATILDE
1678466921,1678467012,0,70.129,0,5,27.58011996572408,0.03625178649102094,0.04629252803115412,4.663748702199436e-08,0.00018277944193592735,VILA MATILDE
1678466921,1678467050,0,126.881,0,4,27.607026563838904,0.03621645446249542,0.000753291997044236,3.8749320543984234e-08,0.00016141116858994135,VILA MATILDE
1678467012,1678467057,0,71.70400000000001,0,5,27.674550128534705,0.03612808937274354,0.006198954110112228,2.641818991927218e-08,0.00018995256636535605,VILA MATILDE
1678467012,5337689321,0,76.435,0,5,27.048329048843186,0.03696452444765471,0.044658545085013414,3.3678009255870255e-08,0.00018071147054425966,VILA MATILDE
1678467050,1678467063,0,34.11,0,2,27.775321336760925,0.03599701361765668,0.0005202913631633715,1.528059285672352e-08,9.526891034235771e-05,VILA MATILDE
1678467057,1678467082,0,84.462,0,4,27.346700942587834,0.0365612152812594,0.005999800169125155,6.8878900236050925e-09,0.00016858550137927925,VILA MATILDE
1678467068,1679735899,0,67.248,0,4,30.61645244215938,0.03265657973545596,0.0008174653267708658,1.5008927166368753e-05,0.00018253911322560186,VILA MATILDE
1678467068,7949749864,0,180.033,0,4,30.425706940874036,0.03286131107280859,0.00022284662601272691,4.620481838780844e-05,0.0001799684792720774,VILA MATILDE
1678467068,1678715254,0,34.35,0,2,31.043701799485863,0.03220713260461521,0.0005202913631633715,1.0774465736538459e-05,0.00010287935462779794,VILA MATILDE
1678467082,1678467091,0,58.82899999999999,0,4,27.5528706083976,0.036287638939858556,0.0008109667617352576,2.366232699117815e-09,0.0001832479890522085,VILA MATILDE
1678467082,1678467173,0,81.31800000000001,0,4,26.728363324764352,0.03740702744293409,0.004887056293548847,3.4136440813088878e-09,0.00017499255751186177,VILA MATILDE
1678467091,1678467109,0,35.906,0,2,27.727506426735218,0.03605908894245627,0.0005202913631633715,8.24403487371069e-10,0.00010373557264874656,VILA MATILDE
1678467091,1678467163,0,109.604,0,4,26.804113110539845,0.037301313282438846,0.00022934519104833497,2.317510080635667e-09,0.00018445425427054323,VILA MATILDE
1678467135,1679735902,0,35.53,0,4,30.651585261353897,0.032619148793415785,0.0004150958416494658,1.881550950555651e-05,0.0001640308710261701,VILA MATILDE
1678467135,1679735899,0,67.415,0,4,30.693916023993143,0.03257416289314848,0.001232155008105606,1.0630027509043886e-05,0.00017193234231379078,VILA MATILDE
1678467163,1678467261,0,89.07900000000001,0,4,25.934190231362468,0.03855252897717511,0.004770623669994203,6.611078767727025e-09,0.00017428714873677894,VILA MATILDE
1678467163,1678467173,0,84.338,0,4,26.804113110539845,0.037301313282438846,0.0046077533837892756,3.364921464571609e-09,0.0001761988227301965,VILA MATILDE
1678467173,1678467261,0,206.94,0,4,25.874207369323052,0.03864190334887664,0.0,6.7751369942350145e-09,0.00017313482521941892,VILA MATILDE
1678467222,1678551958,0,433.395,0,4,23.827077977720652,0.04196186462012069,0.0014570324356919604,5.492374708128609e-08,0.00015010653224260064,VILA MATILDE
1678467316,1678467342,0,88.344,0,4,30.710711225364182,0.03255634859958593,0.00016977501155526097,1.1435801252023475e-07,0.00015994650794149404,VILA MATILDE
1678467316,1678729031,0,162.57299999999998,0,5,30.009768637532133,0.03331677203081544,0.00039492321268476573,1.4465228940726388e-07,0.00018547473374843173,VILA MATILDE
1678467320,1678729040,0,149.977,0,4,27.38234790059983,0.03651361906669337,0.0014288719872043254,6.73820290981044e-08,0.0001532490453203609,VILA MATILDE
1678467424,1678729040,0,113.546,0,5,26.54344473007712,0.037667628695579186,0.0005836523722605502,6.039735715413104e-08,0.00018032510052302676,VILA MATILDE
1678467424,1678467458,0,63.503,0,5,25.762639245929734,0.03880924663229669,0.00466339734690667,4.3516519360464116e-08,0.00018534960449636054,VILA MATILDE
1678467448,1678729232,0,55.516,0,4,28.419708654670096,0.035180818795265,0.000574581458565014,2.8283106832406973e-07,0.00015238817968486518,VILA MATILDE
1678467448,1678679234,0,97.854,0,4,28.247472150814055,0.0353953307770713,0.04032630378137961,9.553529231152638e-07,0.00015563009231822796,VILA MATILDE
1678467448,1678467506,0,113.349,0,5,27.62330762639246,0.03619510863495924,0.0404577643365791,3.645812480884194e-07,0.0001811555221026769,VILA MATILDE
1678467458,1678679609,0,95.452,0,4,25.060668380462726,0.03989632699396153,0.00491751831715326,1.4500323794513619e-08,0.0001568879648419799,VILA MATILDE
1678467506,1678679619,0,51.765,0,5,27.71122536418166,0.03608027459105105,0.03995642712143625,2.0766930418806593e-07,0.00018026153759690138,VILA MATILDE
1678467680,1678679763,0,31.65,0,5,26.507797772065125,0.03771828308754598,0.04711094106532601,4.7162654509237345e-08,0.00018178985821283144,VILA MATILDE
1678467680,1678679688,0,222.54299999999998,0,5,25.72973436161097,0.038858878461097826,0.02044096554596205,3.6091759661570116e-08,0.00018224119164794,VILA MATILDE
1678467683,1836987655,0,53.325,0,5,28.589203084832906,0.034972245201357166,0.03711601265378922,8.506682862438508e-10,0.00018209966146601924,VILA MATILDE
1678467683,1836987669,0,71.991,0,5,28.346872322193658,0.035271214722739475,0.0041955006643428884,8.013232815818495e-10,0.00018047288648391464,VILA MATILDE
1678548905,1678549599,0,41.774,0,5,21.269580119965724,0.04700744512843652,0.0007568120531051904,7.3951233994231755e-06,0.00017457276042488404,VILA MATILDE
1678548905,7301863703,0,23.971,0,4,21.176006855184234,0.04721516323788867,0.0005085127140363318,1.0156605288969023e-05,0.0001501448286933745,VILA MATILDE
1678549552,7301863703,0,13.983,0,5,21.851242502142245,0.045756145001647035,0.00030407868895782785,1.691546553888032e-05,0.0001764490543243032,VILA MATILDE
1678549552,2063568328,0,921.7439999999998,0,6,22.515509854327334,0.044406217174869464,0.003969540142583932,2.8516599009547116e-05,0.0002072191627956849,VILA MATILDE
1678549552,1678549599,0,58.836,0,6,21.935904027420737,0.04557954936091753,0.004026267199873928,1.4153983649334031e-05,0.00019978667700304648,VILA MATILDE
1678549552,3393913664,0,18.924,0,6,22.65107112253642,0.04414045653670679,0.0006674567838655794,1.3439723118490664e-05,0.00020259926780377577,VILA MATILDE
1678549599,1678549962,0,10.421,0,6,22.0719794344473,0.0452985480239149,0.0005732275908492622,7.68234598702877e-06,0.0001997784821257677,VILA MATILDE
1678549599,3393913661,0,40.727,0,5,21.885518423307627,0.04568448418975427,0.004648640188804977,6.4647861924995904e-06,0.00017028059675125418,VILA MATILDE
1678549962,3393913664,0,54.143,0,6,22.553556126820908,0.04433130699088146,0.008273214837415381,6.968085456186684e-06,0.000202591072926497,VILA MATILDE
1678549962,1678550331,0,20.547,0,5,22.69648671808055,0.04405213162782971,0.0027905921357073674,3.8113883245549197e-06,0.000177616260836282,VILA MATILDE
1678549962,3393913661,0,42.067,0,5,21.989717223650384,0.04546800717013483,0.010488277807156707,4.852896654473004e-06,0.00017107997047348324,VILA MATILDE
1678550304,5337418140,0,136.302,0,4,24.23153384747215,0.04126146642997079,4.765614359445922e-05,1.222063670284564e-06,0.00015492088694549992,VILA MATILDE
1678550304,3393886086,0,247.53799999999995,0,4,24.183033419023136,0.04134421861269382,0.008003795161980796,1.2183435896997692e-06,0.0001558596672444054,VILA MATILDE
1678550304,3393913664,0,157.73600000000002,0,5,23.30796915167095,0.04289642799370597,0.008289325863232826,4.886742856362021e-06,0.0001798057884326331,VILA MATILDE
1678550331,1678550398,0,5.067,0,4,23.617137960582692,0.04233487656560672,0.0028387898263881276,1.177938945667541e-06,0.00015687542539343083,VILA MATILDE
1678550331,1678550342,0,123.50599999999999,0,4,23.557669237360756,0.04244174626615936,0.0002394991989164726,9.726470172476769e-07,0.00015424061558688755,VILA MATILDE
1678550398,8792732701,0,45.901,0,4,24.21113967437875,0.04129622288917832,0.0014564908886056597,1.384108727633271e-06,0.00015759301676794303,VILA MATILDE
1678550496,5337478035,0,36.455,0,6,26.925449871465297,0.037133218763923365,0.0013492645655181267,1.4734930844450723e-07,0.00019882010132353647,VILA MATILDE
1678550496,5337478040,0,56.289,0,5,26.87969151670951,0.0371964321008907,0.0002825521922773761,1.0912936182407073e-07,0.00017337927051897428,VILA MATILDE
1678550496,5337478122,0,81.24000000000001,0,5,26.037360754070267,0.03839976831130536,0.0012328319419634818,1.7394400176492328e-07,0.00017889626705956663,VILA MATILDE
1678550691,5337478059,0,175.012,0,4,27.71688089117395,0.03607291254451919,0.0034390947715524233,1.3797170201463505e-08,0.00016049012248624706,VILA MATILDE
1678550691,3393886071,0,149.418,0,4,28.066838046272494,0.03562312999938939,0.0003510578986944112,1.409349644408729e-08,0.00016240750042458165,VILA MATILDE
1678550770,3393886054,0,5.616,0,4,29.176863753213368,0.03426785787708447,0.0014563555018340846,6.738359902577188e-09,0.00016746418822901948,VILA MATILDE
1678550770,3393886072,0,20.174,0,4,28.77840616966581,0.03474232083943736,0.0005030972431733251,1.82600398806937e-08,0.00016243055765286418,VILA MATILDE
1678550770,8777164266,0,5.0169999999999995,0,4,29.360068551842332,0.03405402881225338,0.0007310885665059084,1.1986227762171779e-08,0.00016595493841369116,VILA MATILDE
1678550838,3393886064,0,8.326,0,4,29.977377892030848,0.03335277101270309,0.0015415137811548654,3.031430170188471e-08,0.00016695615973042296,VILA MATILDE
1678550838,3393886073,0,39.86,0,4,29.250214224507285,0.03418192471070749,0.0045480478175246265,6.450913283402181e-08,0.0001646529513694692,VILA MATILDE
1678550838,3393886069,0,2.779,0,4,29.77120822622108,0.03358374348789684,0.006458490551221825,2.0415890144244374e-08,0.00016849208188332912,VILA MATILDE
1678551010,3393886069,0,16.661,0,4,30.1706940874036,0.03313906592595117,0.0013605016675588655,1.2836872704460472e-08,0.0001691609222139099,VILA MATILDE
1678551010,3393886055,0,17.744,0,4,30.11516709511568,0.033200168447889276,0.01670957073457884,1.0339928680758949e-08,0.00016917577417515197,VILA MATILDE
1678551077,5337490105,0,139.505,0,4,27.37617823479006,0.036521848003004884,0.00046166889107132365,2.609449853354251e-06,0.0001563665466497775,VILA MATILDE
1678551122,1678551239,0,76.58500000000001,0,4,29.132647814910026,0.034319867756148925,0.0006030126805957993,7.011132414920743e-08,0.0001535644609121197,VILA MATILDE
1678551146,7288139847,0,58.187,0,4,23.45141388174807,0.042634044387930344,0.0022230507892642623,2.395584964700739e-10,0.00015023719175107395,VILA MATILDE
1678551150,6944019786,0,37.237,0,4,26.819023136246788,0.03728057563151404,0.006897279077896945,0.00017725613019201522,0.00015070594854714377,VILA MATILDE
1678551150,3134359432,0,92.871,0,4,26.419194515852613,0.03784478061184774,0.0043717742409337575,0.0001424245279234035,0.0001521031141752565,VILA MATILDE
1678551239,1678551479,0,66.017,0,4,29.333333333333332,0.03408506660434681,0.0005162297600161164,4.988640348577637e-08,0.0001497996511906905,VILA MATILDE
1678551579,1678551765,0,203.67,0,5,23.71568123393316,0.04215896691019721,0.00015055008999158707,7.514173461098293e-11,0.00017913685967380365,VILA MATILDE
1678551642,1678551765,0,84.452,0,4,23.579091688089118,0.042403186417025236,0.002396075083337327,9.047926964911541e-11,0.00015059806197874472,VILA MATILDE
1678551642,5328040718,0,35.213,0,4,23.471122536418168,0.042598244666092265,0.0021465572633242924,1.6254259481252778e-10,0.0001524293601077476,VILA MATILDE
1678551642,5257836904,0,35.525,0,4,23.963667523564695,0.04172268787367337,0.0003438823998009273,8.887960266493117e-11,0.0001533093366153658,VILA MATILDE
1678551667,1679631523,0,66.327,0,4,25.453299057412167,0.039280904928629144,0.001574141993104481,3.928096082940278e-12,0.00015766176433164536,VILA MATILDE
1678551667,2527914909,0,13.527000000000001,0,4,25.86032562125107,0.038662646210941384,0.0003632427081361764,4.84053561757923e-12,0.00016131732563413182,VILA MATILDE
1678551785,8777414899,0,18.663,0,4,25.154241645244216,0.0397479134730029,0.0005346423609503394,1.1966980644893341e-11,0.00015520664229141088,VILA MATILDE
1678551785,6942936693,0,37.506,0,4,24.866666666666667,0.040207585270543154,0.007643666349590848,1.382887610626958e-11,0.00016812302765196302,VILA MATILDE
1678551870,1678551877,0,99.39299999999999,0,5,28.01285347043702,0.03569178061240097,0.0017888654128226978,4.60773552957297e-06,0.00017472392578124366,VILA MATILDE
1678551877,1678551880,0,122.32000000000001,0,6,27.40822622107969,0.03647914360927173,0.0006746322827590633,2.774906162385966e-06,0.00019991500733243154,VILA MATILDE
1678551878,1678551880,0,71.44099999999999,0,5,26.844215938303343,0.03724558849817411,0.0003872061667049811,1.3306320107197494e-06,0.0001716643942827233,VILA MATILDE
1678551880,1678551884,0,112.448,0,6,26.83101970865467,0.03726390689771907,0.0005737691379355629,1.457836171598137e-06,0.00019858448008461314,VILA MATILDE
1678551880,1678551883,0,72.446,0,5,27.46529562982005,0.03640334456508174,4.792691713760955e-05,1.7766286371356232e-06,0.0001698764001457181,VILA MATILDE
1678551884,1678551907,0,106.563,0,5,26.22982005141388,0.03811801294993172,0.0015431384224137675,6.610626720299677e-07,0.0001754666304664768,VILA MATILDE
1678551946,1678678854,0,156.93500000000003,0,5,22.67814910025707,0.04408775231056398,0.025735265248409002,7.647871235328479e-09,0.00017936156317703344,VILA MATILDE
1678551946,1678551958,0,34.269,0,5,23.216966580976862,0.043064567324372006,0.023435043999346896,1.7919029609552767e-08,0.0001791591179079961,VILA MATILDE
1678551958,1678551960,0,33.908,0,5,23.694430162810626,0.042196778463296614,0.022691364463084496,1.784980480359721e-08,0.00018258604559893727,VILA MATILDE
1678551960,1678679609,0,385.466,0,5,24.285175664095974,0.041170326878563764,0.026271532250618245,1.1333306224488048e-08,0.0001860622663051436,VILA MATILDE
1678609319,1678609329,0,175.959,0,4,25.967095115681232,0.03850367613088874,0.0002675242606325324,3.1283108011533635e-08,0.0001465704075052002,VILA MATILDE
1678609386,2426811100,0,23.97,0,5,19.842844901456726,0.05038736256617984,0.0007481472997243797,1.2665373453401042e-07,0.00017877478557063353,VILA MATILDE
1678609386,8087436221,0,31.970999999999997,0,4,19.695629820051415,0.05076398315408444,0.001953360340286527,2.732109869916936e-07,0.00015038721562298196,VILA MATILDE
1678609448,2426811100,0,93.823,0,5,20.43324764353042,0.048931459053242525,0.05698551063693248,8.016710726059645e-08,0.00018228107030293167,VILA MATILDE
1678609448,1678609533,0,34.741,0,4,21.258097686375322,0.04703283591715642,0.04521552626327366,2.021906506462396e-08,0.00016143268034920805,VILA MATILDE
1678609573,7292346441,0,74.42699999999999,0,4,27.971893744644387,0.035744044701499854,0.025950665601985095,2.050456126578047e-10,0.0001567559493045923,VILA MATILDE
1678609579,5328039117,0,112.53999999999999,0,4,21.265638389031704,0.04701615827859935,0.008538708296474285,2.356842733970778e-09,0.00015137130858706272,VILA MATILDE
1678609594,6943125953,0,64.459,0,4,23.440616966580976,0.042653681932502775,0.0009913019414733819,6.587046581987032e-11,0.00017922863874235954,VILA MATILDE
1678609718,7289246689,0,19.47,0,5,28.694430162810626,0.034843996368675044,0.000602741907052649,3.8422960835733014e-10,0.00016640367402455711,VILA MATILDE
1678609718,1678609782,0,15.721,0,6,28.424507283633247,0.03517487956492641,0.001623964325044143,5.27428292715261e-10,0.0001867597715417309,VILA MATILDE
1678609718,1678609790,0,15.046,0,5,29.161610968294774,0.034285781450181595,0.012841841444219432,3.8482689555201234e-10,0.00016500996057302843,VILA MATILDE
1678609779,1678609782,0,28.634999999999998,0,5,27.854155955441303,0.03589513256095835,0.001075918673707862,4.4894820841993394e-10,0.00015872890318490232,VILA MATILDE
1678609790,7289246689,0,19.587,0,4,28.648329048843188,0.0349000675986911,1.3403290385941655e-05,2.62938117376419e-10,0.00014099119495900524,VILA MATILDE
1678609790,1678609877,0,66.326,0,5,28.17789203084833,0.03548273303409602,0.01270293461658331,3.643917441596179e-10,0.00016880453241491,VILA MATILDE
1678609886,5328066526,0,124.271,0,2,24.570865467009426,0.04069163219898027,0.0005202913631633715,2.4377505300471285e-11,9.341820680177955e-05,VILA MATILDE
1678609914,5337407133,0,132.882,0,4,28.020908311910883,0.03568152071534293,0.001582129812627416,1.8326972174813843e-09,0.00015132864742249696,VILA MATILDE
1678609947,1678610010,0,51.559,0,4,24.40377035132819,0.04097025197337004,0.0010210870312199187,2.2336028399893513e-10,0.00015567547349877977,VILA MATILDE
1678610010,7288600596,0,8.01,0,4,25.32030848329049,0.03948722113926792,0.011892103241619626,1.192374664813124e-10,0.0001535183498860784,VILA MATILDE
1678610010,3032933054,0,71.574,0,4,24.440102827763496,0.04090934589924829,0.01202708385288007,1.5521756854407197e-10,0.00015355637206169553,VILA MATILDE
1678610014,1678610062,0,49.461,0,4,21.481919451585263,0.04654279719498672,0.06414219076916745,4.138228063843159e-09,0.000158129819786466,VILA MATILDE
1678610014,4821532038,0,63.745000000000005,0,4,21.022964867180807,0.04755887795612584,0.00028201064519107544,1.3054212377819124e-08,0.00015585030579990392,VILA MATILDE
1678610114,1678610145,0,96.993,0,4,23.4293059125964,0.04267427401067954,0.003209478806960938,1.5974524009452695e-10,0.00014304000906328873,VILA MATILDE
1678610145,1678610165,0,133.938,0,4,23.011996572407885,0.043448147458573824,0.003158031833762374,1.5180978119671982e-10,0.00014758200287132015,VILA MATILDE
1678610146,1678678228,0,77.132,0,5,25.617309340188516,0.03902941589676004,0.0012649186068267968,4.1560754168459796e-11,0.0001907712743559248,VILA MATILDE
1678610146,1678678465,0,246.601,0,4,24.818337617823477,0.04028588198736319,0.0011414458711502434,3.273956768437448e-11,0.00015739718630136988,VILA MATILDE
1678610150,7288600625,0,59.102000000000004,0,2,24.501628106255357,0.04080661970944344,0.0005202913631633715,2.6025433454822755e-11,9.704744955682455e-05,VILA MATILDE
1678677537,8795848560,0,46.916,0,4,27.34293059125964,0.03656625675353817,0.015464824756716742,1.2493737822431445e-11,0.0001651004869051309,VILA MATILDE
1678677537,1678678228,0,151.24099999999999,0,5,26.389717223650386,0.037887053200332504,0.0007217468792672219,3.753601282631749e-11,0.0001927153407527994,VILA MATILDE
1678678192,1678678228,0,76.264,0,5,26.20839760068552,0.03814917018688778,0.0006292777142813819,9.814419778772792e-11,0.00019057074933289336,VILA MATILDE
1678678228,1678678398,0,75.51,0,5,26.029820051413882,0.038410892523241424,0.0013615847617314668,4.844907021204585e-11,0.0001902733956089826,VILA MATILDE
1678678398,2903587580,0,55.148,0,4,26.18954584404456,0.03817663071929641,0.0015654772397236702,5.934492210860113e-11,0.0001568005951215618,VILA MATILDE
1678678405,6100793669,0,24.308,0,4,29.007026563838902,0.03446849742402042,0.014769613684678252,0.0005581901370249649,0.00015729237976087933,VILA MATILDE
1678678405,8770181831,0,61.402,0,4,28.9439588688946,0.03454360286106769,0.0006957526191247895,0.0005129735719046184,0.00015416689989069095,VILA MATILDE
1678678476,8792957536,0,96.114,0,5,24.88586118251928,0.04017657307742633,0.0015495016006778005,8.68757826424041e-10,0.00017771464952086855,VILA MATILDE
1678678476,1678678623,0,262.74300000000005,0,5,23.99502999143102,0.04166815464499218,8.894910892488553e-05,8.884138373429763e-10,0.00017797621541417065,VILA MATILDE
1678678490,5337552974,0,61.338,0,4,26.591602399314482,0.03759941222722058,0.012483201886316811,6.91226836828606e-10,0.0001616278266320462,VILA MATILDE
1678678490,1678678555,0,52.595,0,4,26.494430162810627,0.037737313625925806,0.00021201568428671344,6.245252953147695e-10,0.00016169662823849494,VILA MATILDE
1678678513,2873499263,0,238.245,0,5,24.952699228791772,0.0400689565175585,0.0008217977034612712,1.525029532808169e-10,0.00018650050490988493,VILA MATILDE
1678678555,5337552974,0,37.774,0,4,26.515167095115682,0.03770780009824452,0.0017171104238878586,3.8749739019490227e-10,0.00016561406014365732,VILA MATILDE
1678678555,1678678632,0,173.384,0,4,25.69254498714653,0.03891512580378345,0.0017332214497053037,2.2005338997763323e-10,0.00016686854880673343,VILA MATILDE
1678678589,1678678618,0,64.976,0,4,26.41713796058269,0.03784772680091343,0.00042376059503027654,1.7465284308941407e-10,0.00017125482439119357,VILA MATILDE
1678678618,1678678671,0,168.13299999999998,0,4,26.518766066838047,0.037702682616310254,0.00010627861568650705,9.00730647476645e-11,0.00017160034674105394,VILA MATILDE
1678678618,1678678653,0,94.256,0,4,26.502313624678663,0.03772608816549298,0.0005645628374684515,7.56307677069772e-11,0.00017104347723852654,VILA MATILDE
1678678632,1678678653,0,80.218,0,4,25.794001713796057,0.038762059159646,0.0007985111787503422,9.097687415937179e-11,0.00016933128571928005,VILA MATILDE
1678678653,1678678676,0,157.205,0,4,25.677292202227935,0.038938242105895464,0.0001853444902864053,7.398376162194921e-11,0.0001706995524105477,VILA MATILDE
1678678671,1678678676,0,74.533,0,4,25.688946015424165,0.038920577737749755,0.0007477411394096542,8.842605786379455e-11,0.00017125642191307506,VILA MATILDE
1678678675,3900853000,0,63.654,0,4,24.474892887746357,0.04085119493596431,0.012783760519213684,1.813148492766546e-09,0.00018047194643457522,VILA MATILDE
1678678854,4497560388,0,420.539,0,5,22.160411311053984,0.04511778262416284,0.025346840600759847,2.1685821850429907e-09,0.0001752877776604793,VILA MATILDE
1678679514,1678679590,0,59.096,0,4,26.506598114824335,0.03771999017237143,0.0005014726019144231,4.185600517311906e-08,0.00015439479560610408,VILA MATILDE
1678679514,1678679619,0,204.88600000000002,0,4,27.13847472150814,0.036841739657600424,8.94906560111862e-05,8.093548364847137e-08,0.00015162765044262114,VILA MATILDE
1678679590,1678679688,0,55.304,0,4,25.803427592116538,0.038747899550354334,0.0006772046314189915,2.217767950148659e-08,0.00015558826511556965,VILA MATILDE
1678679590,1678679763,0,214.695,0,4,26.570865467009426,0.03762875626447198,9.978005065089899e-05,3.324857434417918e-08,0.00015516737490057152,VILA MATILDE
1678679609,1678679688,0,63.971000000000004,0,4,25.077292202227934,0.039869879583942704,0.021334653625129735,1.4803303232087553e-08,0.0001548044698164153,VILA MATILDE
1678679619,1678679703,0,34.144,0,4,27.812682090831192,0.03594865885745623,0.040284333882191305,1.088614742339752e-07,0.00015161640174401022,VILA MATILDE
1678679703,1678679763,0,26.24,0,4,27.2114824335904,0.03674289421145114,0.04676570479780934,7.77011727385732e-08,0.00015249752604738553,VILA MATILDE
1678715218,1678715233,0,40.447,0,4,29.97446443873179,0.03335601283011532,0.004327096606313952,0.00307766878406194,0.00015361745519457164,VILA MATILDE
1678715509,5337768228,0,26.055,0,5,29.85929734361611,0.03348466673171516,0.03650460599335576,0.00031302405053155297,0.00017766340786858103,VILA MATILDE
1678715509,5337768227,0,10.322,0,5,29.813538988860326,0.03353605959922282,0.00010248778608240235,0.0003230277337549987,0.00017797951610340083,VILA MATILDE
1678729031,1678729232,0,151.889,0,5,29.34790059982862,0.034068147975123364,1.8683374477373217e-05,1.7488613967399756e-07,0.00018285051308126495,VILA MATILDE
1678729129,1678729232,0,98.082,0,4,28.622450728363326,0.03493162167987929,0.000653511946393337,1.1204813855503023e-07,0.00014928430280064037,VILA MATILDE
1679631523,1679631524,0,18.73,0,4,25.628620394173094,0.03901219047364303,0.00033846692893792056,3.22016832848482e-12,0.00015305405247714114,VILA MATILDE
1679631524,7291731616,0,28.697,0,5,25.0560411311054,0.03990369488789483,0.0029613148546636546,6.4557930640683704e-12,0.00017782326957976435,VILA MATILDE
1679735892,1679735902,0,110.78,0,4,30.32339331619537,0.032972187840869915,0.0006008464922505966,2.5847465578051398e-05,0.0001650013642966475,VILA MATILDE
1679735892,1679735899,0,113.608,0,4,30.587146529562983,0.03268786839687129,0.00010506013474233055,1.766198358154091e-05,0.00017290283558426818,VILA MATILDE
1679735892,7949749864,0,92.345,0,4,30.19982862039417,0.033107095836927405,0.0006050434821694268,4.8857874802980526e-05,0.00017033220163074377,VILA MATILDE
1706350251,1706350269,0,104.58,0,4,20.043701799485863,0.04988243341456115,0.020492683292703765,2.8643832592274585e-10,0.00017652850882338942,VILA MATILDE
1706350251,2413894428,0,535.688,0,4,19.89477292202228,0.05025584480471375,0.012810837873528718,1.204025134320723e-09,0.0001666289023797632,VILA MATILDE
1706350269,2413843448,0,594.227,0,4,20.25381319622965,0.04936495714201098,0.010658458979026694,6.86003177930453e-11,0.0001785059514406946,VILA MATILDE
1706350269,2413894501,0,621.3,0,4,20.61371036846615,0.04850308860085965,0.009802679195900056,6.967362842814987e-11,0.0001795782019719312,VILA MATILDE
1734769982,1984335298,0,11.489,0,6,24.485004284490145,0.04083432491075803,0.02994538768408201,1.3017832018498167e-15,0.00020064261002577415,VILA MATILDE
1734769982,5337969837,0,59.74100000000001,0,5,24.988517566409598,0.040011522001536265,0.02072595470012778,1.5324288170425715e-15,0.0001815835442338853,VILA MATILDE
1734769986,1984335298,0,28.917,4,6,24.621936589545843,0.040607229116928496,0.03076799770817273,1.081196605714185e-15,0.00019752998951136315,VILA MATILDE
1734776369,2494629848,0,60.262,0,4,25.358011996572408,0.03942850963747939,0.007411342649567859,1.563294563292602e-12,0.00018991687587605174,VILA MATILDE
1734776369,2494629845,0,58.198,0,4,25.15235646958012,0.039750892589463356,0.00730343939262245,2.0407956866577523e-12,0.0001729400012590171,VILA MATILDE
1836987477,1836987478,0,95.667,0,5,23.56332476435304,0.04243155965437989,0.004412525659177883,5.357696084001154e-11,0.00017561522558066093,VILA MATILDE
1836987477,2494625168,0,65.36,0,5,23.15681233933162,0.04317643576080521,0.036754529973683524,7.032739820583179e-11,0.0001784402696308904,VILA MATILDE
1836987478,2494625155,0,65.804,0,5,22.97395029991431,0.04352010025885284,0.018952929539579375,1.0538986957113344e-10,0.00017365446358069784,VILA MATILDE
1836987478,1836987479,0,118.696,0,5,23.57617823479006,0.042408426439480396,0.00499008562671755,4.815862759094129e-11,0.0001782956406110619,VILA MATILDE
1836987479,2903587569,0,37.132,0,4,24.44815766923736,0.04089586765272861,0.005021901518037715,2.2114278223845138e-11,0.0001639148878089697,VILA MATILDE
1836987480,1836987481,0,68.046,0,4,24.539160239931448,0.04074420683586384,0.047102140925173626,9.962621464217815e-13,0.00014941725600520428,VILA MATILDE
1836987480,1836987487,0,113.14099999999999,0,5,24.746015424164526,0.040403620674132404,8.163822325982645e-05,1.124040219222462e-12,0.0001759461691672044,VILA MATILDE
1836987481,1836987495,0,152.34300000000002,0,5,24.41491002570694,0.040951558672198005,7.013034767593715e-05,2.4321222523138326e-12,0.00017235641950572267,VILA MATILDE
1836987482,1836987491,0,105.0,0,5,23.549957155098543,0.04245564498522712,0.04011834970024015,3.920447285395008e-13,0.0001800380418738917,VILA MATILDE
1836987482,7288185314,0,91.674,0,5,23.259640102827763,0.042985558502799885,0.012881645155062531,1.0170388857159813e-12,0.00018224850213474842,VILA MATILDE
1836987483,1836987489,0,96.27799999999999,0,4,24.767780634104543,0.04036811513977304,5.3207001229041114e-05,1.7665273896319178e-13,0.00015187534650372024,VILA MATILDE
1836987484,2903440183,0,58.622,0,4,23.998114824335904,0.04166279842032722,0.006438724082571851,9.628295433241452e-11,0.00015530544492742688,VILA MATILDE
1836987484,1836987486,0,86.265,0,4,24.44987146529563,0.04089300108646129,0.006130042243380467,1.656638805128153e-10,0.00015287878554253348,VILA MATILDE
1836987484,1836987493,0,114.61099999999999,0,5,24.304884318766067,0.041136942158667034,0.00021919118318019737,1.2672379742175837e-10,0.00017435538728111268,VILA MATILDE
1836987486,5337860775,0,41.193,0,4,25.04764353041988,0.039917073204108026,0.0020195644715867845,1.6796428671097904e-10,0.00016054524928322308,VILA MATILDE
1836987487,1836987535,0,163.442,0,5,25.256726649528705,0.03958662712979989,0.0001960400452408436,1.2460816653670258e-12,0.0001731887833203267,VILA MATILDE
1836987487,1836987495,0,80.09700000000001,0,6,24.617309340188516,0.040614861948455185,0.0348289239215699,2.5598970506480285e-12,0.0001977020019780539,VILA MATILDE
1836987487,1836987488,0,102.45,0,6,24.871636675235646,0.04019955073522319,0.03505881065970454,1.0891563321573255e-12,0.000204667959618814,VILA MATILDE
1836987488,1836987489,0,79.881,0,5,25.13470437017995,0.03977880963582684,0.035355036915911006,4.064163859411788e-13,0.000178987466935175,VILA MATILDE
1836987488,5337901348,0,99.459,0,5,24.91688089117395,0.04012655615929569,0.000935116431269687,3.9162236149581314e-13,0.0001802738930096448,VILA MATILDE
1836987489,1836987490,0,69.367,0,5,24.378063410454157,0.04101345556289808,0.03540892085099792,1.9180177266701644e-13,0.00018010503384604772,VILA MATILDE
1836987490,1836987491,0,87.984,0,5,23.960925449871464,0.04172746259262438,0.013877279473226319,1.8297637326981079e-13,0.00017939100545068964,VILA MATILDE
1836987490,1836987505,0,97.325,0,5,24.075749785775493,0.04152845204367819,0.0018009148354928878,1.331270629662047e-13,0.00017974794046907915,VILA MATILDE
1836987491,3900853789,0,73.665,0,4,23.705055698371893,0.04217786421243647,0.05376560704856026,1.3203333589156573e-13,0.00014781282625972935,VILA MATILDE
1836987492,5337950327,0,34.039,0,5,25.47712082262211,0.0392441762691798,0.007659912762179868,7.556499685470386e-15,0.0001947137340713591,VILA MATILDE
1836987492,5337928560,0,63.545,0,4,25.58508997429306,0.03907856573491684,9.125068404166338e-05,2.948818299762816e-15,0.00015876204951065318,VILA MATILDE
1836987493,5348106067,0,164.166,0,6,24.900428449014566,0.0401530689498534,1.976646864997456e-05,1.3316344488290995e-10,0.00019030649675909973,VILA MATILDE
1836987495,1836987523,0,116.636,0,6,24.781491002570693,0.040345781466113416,0.034679863086065646,5.635926118134292e-12,0.00019238715895276808,VILA MATILDE
1836987495,1836987538,0,123.874,0,6,24.90351328191945,0.04014809513323057,0.00016083948463129985,3.0164269582545898e-12,0.00019480010046317344,VILA MATILDE
1836987502,1836987523,0,58.355,0,5,25.0203941730934,0.039960546323821525,0.025586475186447893,6.745896116809104e-12,0.0001668365039413239,VILA MATILDE
1836987502,7950380935,0,33.208,0,5,24.86083976006855,0.04021700916153671,0.02610432958772291,5.832987884444428e-12,0.00017434530266868402,VILA MATILDE
1836987502,1836987525,0,117.482,0,4,25.4426735218509,0.03929730967681095,0.0005607720078643468,9.591512817773326e-12,0.00014342159082549372,VILA MATILDE
1836987505,5337901348,0,188.75900000000001,0,4,24.462382176520993,0.04087208732082557,0.00012090038701662523,1.2827575053136333e-13,0.0001499164929074301,VILA MATILDE
1836987505,1836987559,0,176.58100000000002,0,5,24.133333333333333,0.04142936272351546,0.0017226612815224405,6.274002887721268e-14,0.00017992301253710435,VILA MATILDE
1836987523,1836987543,0,62.69499999999999,0,6,25.160411311053984,0.03973816675862163,0.020403869570550452,5.6969656631520005e-12,0.00019256649458412482,VILA MATILDE
1836987523,1836987554,0,220.363,0,6,25.181833761782347,0.039704361082376,0.015770798860476623,1.1568570509835963e-11,0.00018996299162744092,VILA MATILDE
1836987524,5348106069,0,9.315,0,6,25.64935732647815,0.038980649989309384,0.0002702319960640358,8.946450029035256e-11,0.00018377774124040254,VILA MATILDE
1836987524,7950380942,0,110.328,0,5,25.636846615252786,0.03899967244018691,0.0013504830464623032,6.54031465359615e-11,0.00016300092103239695,VILA MATILDE
1836987524,1836987544,0,60.423,0,6,25.71533847472151,0.03888063232677325,0.004661366545333042,5.377204498890988e-11,0.00019060116706952194,VILA MATILDE
1836987524,5348106066,0,18.422,0,6,25.649014567266494,0.03898117090510617,0.003293960152423843,7.990684810268782e-11,0.00018622526648242032,VILA MATILDE
1836987525,1836987544,0,109.66300000000001,0,5,25.693916023993143,0.038913049278301005,0.00043824697958881956,2.2912790794750825e-11,0.0001701420080369076,VILA MATILDE
1836987525,2494624990,0,91.979,0,4,25.340531276778062,0.03945570870135667,0.00011047560560533727,1.9001174635524934e-11,0.00014464733886086181,VILA MATILDE
1836987532,1836987588,0,234.423,0,5,26.301628106255354,0.03801394409330814,0.00015542401376829313,8.662055028357443e-14,0.00018881811872638137,VILA MATILDE
1836987532,9501619145,0,132.815,0,4,25.88311910882605,0.03862859867044521,0.00037691677206526836,1.9645726248777466e-13,0.00015524273309003544,VILA MATILDE
1836987532,5337901348,0,35.326,0,4,25.329734361610967,0.039472526877719065,0.0006101881794892833,1.4132946741948785e-13,0.00015330939955688814,VILA MATILDE
1836987535,9501619145,0,111.654,0,4,25.854155955441303,0.03867187241066161,0.0025573207282833525,6.036729405383341e-13,0.00014995576828635604,VILA MATILDE
1836987535,1836987538,0,66.22,0,5,25.543101970865468,0.03914280346743244,0.0025709947922124446,1.702597727641613e-12,0.00017042026749310022,VILA MATILDE
1836987536,7302187077,0,3.941,0,5,25.03598971722365,0.03993565390012664,0.05320036727723393,1.8870700642723793e-15,0.0001968405997215953,VILA MATILDE
1836987536,5337928568,0,25.719,0,5,25.004284490145672,0.039986291980808775,0.0032426485659968543,2.5478778050830074e-15,0.0001827246684112486,VILA MATILDE
1836987536,5337928548,0,121.878,0,5,25.49083119108826,0.03922306859666933,0.00024694547135310687,2.0911882393762385e-15,0.00018635183406055203,VILA MATILDE
1836987537,1836987576,0,150.723,0,5,25.91362467866324,0.03858312500826687,0.00016801498352478377,4.938265511193836e-11,0.00018095413457361526,VILA MATILDE
1836987537,1836987557,0,102.605,0,4,26.19725792630677,0.03816539208823703,0.02417682812080724,3.8367553829254634e-11,0.00015238980194495376,VILA MATILDE
1836987538,1836987543,0,67.763,0,6,25.456383890317053,0.03927614482489329,0.002705433856386587,3.0774608640032547e-12,0.0001949794360945302,VILA MATILDE
1836987538,1836987630,0,266.251,0,6,25.579777206512425,0.03908668212089134,2.436961888353028e-06,1.7294741093203654e-12,0.00020198979525690852,VILA MATILDE
1836987540,9501602407,0,13.836,0,4,24.91688089117395,0.04012655615929569,0.016596928940628298,1.2512177517809642e-14,0.0001594947081578254,VILA MATILDE
1836987540,1836987555,0,93.49000000000001,0,4,24.77017994858612,0.04036420496215423,0.009020008269424009,7.761072585407363e-15,0.00015708112428722,VILA MATILDE
1836987540,1836987549,0,74.754,0,5,24.195886889460155,0.04132225551234922,0.007666411327215476,2.582320392633948e-14,0.0001829810467261778,VILA MATILDE
1836987543,1836987553,0,103.703,0,5,25.809083119108827,0.03873940874923637,0.007006536202558106,2.9975126758570913e-12,0.000168076359576684,VILA MATILDE
1836987543,1836987580,0,130.37199999999999,0,5,25.49545844044559,0.0392159498810212,0.012655684633303577,2.3412919041116405e-12,0.0001704712691475661,VILA MATILDE
1836987544,1836987554,0,62.246,0,6,25.564867180805486,0.039109478383868176,0.0035769185050159445,2.3916480807781134e-11,0.00019201462657013064,VILA MATILDE
1836987544,1836987571,0,205.722,0,5,25.88688946015424,0.038622972525653755,0.0011413104843786682,2.3894822943599165e-11,0.0001704482964001243,VILA MATILDE
1836987547,1836987603,0,209.381,0,5,25.2382176520994,0.03961565884629749,0.0,2.3315984635657086e-15,0.00017967140551647794,VILA MATILDE
1836987547,1836987567,0,129.879,0,5,25.555441302485004,0.03912390353818504,7.71704597978459e-06,2.3046838945833914e-15,0.0001830404529574704,VILA MATILDE
1836987547,1836987602,0,144.10199999999998,0,6,25.066666666666666,0.03988678006891648,7.026573444751231e-05,3.342010346293571e-15,0.00020764077706048896,VILA MATILDE
1836987549,1836987559,0,79.166,0,6,24.048329048843186,0.04157580422171862,0.007429078316644206,4.0369277975623744e-14,0.00020967086677403928,VILA MATILDE
1836987549,6928860159,0,214.87900000000002,0,5,23.767437874892888,0.04206716035851547,0.0014577093695498364,2.6277196204704015e-14,0.00017649372631709073,VILA MATILDE
1836987549,3900853789,0,153.356,0,5,23.6968294772922,0.04219250602078527,0.0015421907150127412,5.981092049099337e-14,0.00017850597699505747,VILA MATILDE
1836987553,1836987573,0,110.396,0,5,26.044215938303342,0.03838966098125921,0.006706383729975958,4.412846916823341e-12,0.00016895192158741682,VILA MATILDE
1836987553,1836987594,0,108.58200000000001,0,4,25.908311910882606,0.03859103687779064,0.0008567274905276645,1.501487915115414e-12,0.00014300693938600544,VILA MATILDE
1836987554,1836987583,0,203.598,0,6,25.65209940017138,0.03897648316408338,0.015386300429203144,1.2768588013656528e-11,0.0001952793841874621,VILA MATILDE
1836987554,1836987573,0,59.458,0,6,25.717223650385606,0.038877782220445155,0.003275953711804346,1.0961603520946349e-11,0.0001929652994637996,VILA MATILDE
1836987555,3402014920,0,62.467,0,4,24.834275921165382,0.04026002705164656,0.0077331570056020345,3.136380024397696e-15,0.00015465936997374004,VILA MATILDE
1836987555,1836987567,0,47.607000000000006,0,4,25.320994001713796,0.03948615209681349,0.001248266033923051,2.62694509934756e-15,0.00015576311188613253,VILA MATILDE
1836987557,1836987591,0,91.908,0,4,26.946529562982004,0.03710417024415994,0.025668790343565596,7.424384016734865e-11,0.0001504470766023923,VILA MATILDE
1836987558,2976314027,0,200.012,0,4,26.036503856041133,0.038401032101788406,9.896773002144797e-05,4.957799061597463e-10,0.00016000095189611313,VILA MATILDE
1836987558,1836987582,0,76.036,0,4,25.83718937446444,0.03869726717962324,0.0069614524076235754,4.03169601296222e-10,0.00015377459850686757,VILA MATILDE
1836987558,2494627118,0,153.044,0,4,25.398628963153385,0.03936545637343877,0.0071945884282760145,5.383214889951031e-10,0.0001613158314438217,VILA MATILDE
1836987559,1836987638,0,182.399,0,5,24.098543273350472,0.04148917256338228,0.0018592665340417852,2.7102230233252243e-14,0.00017830760463042396,VILA MATILDE
1836987559,1836987569,0,57.956999999999994,0,5,24.53076263924593,0.040758154774796176,0.007920532297462066,2.7589545640104545e-14,0.00018837980218727312,VILA MATILDE
1836987560,1836987579,0,70.43599999999999,0,4,25.58063410454156,0.03908537279834922,0.02105440300796914,3.3025464226319246e-11,0.00016544243934131725,VILA MATILDE
1836987565,1836987587,0,53.969,0,5,26.813881748071978,0.03728772394045724,9.639538136151978e-05,4.3067556371749385e-09,0.00017716383157329187,VILA MATILDE
1836987567,3402014919,0,62.993,0,4,25.82159383033419,0.03872063928213501,0.0010162131074432127,1.7461529180182921e-15,0.00015243453933863306,VILA MATILDE
1836987569,1836987572,0,9.252,0,4,25.520651242502144,0.03917723771598181,0.007818586058465965,1.0567411060552477e-14,0.00017372068158066076,VILA MATILDE
1836987569,1836987578,0,236.71700000000004,0,4,25.50471293916024,0.039201720198898,0.0,1.599498029007257e-14,0.00016494063222834398,VILA MATILDE
1836987571,1836987583,0,58.721000000000004,0,5,25.734704370179948,0.03885137384957579,0.006156171890294475,1.2746926766287258e-11,0.00017358361297213268,VILA MATILDE
1836987572,3900853782,0,202.65300000000002,0,2,26.504027420736932,0.03772364873166032,0.0005202913631633715,4.0532216123636944e-15,9.966256500162899e-05,VILA MATILDE
1836987572,1836987578,0,35.288,0,4,26.409254498714652,0.037859024776440965,0.007613881259844311,1.2476651191324339e-14,0.0001746312976469781,VILA MATILDE
1836987573,1836987598,0,61.229,0,6,26.370865467009427,0.03791413754110506,0.007715421338525687,4.411759641444181e-12,0.00020359608682490572,VILA MATILDE
1836987573,1836987621,0,200.294,0,5,26.13076263924593,0.038262512051314,0.00034320546594305147,5.198729810023429e-12,0.00016910170794676057,VILA MATILDE
1836987576,1836987653,0,168.719,0,5,26.100599828620393,0.03830672961384663,0.0009311902148940071,3.8005703741708726e-11,0.00018146701275187387,VILA MATILDE
1836987578,1836987588,0,45.09,0,5,26.302827763496143,0.038012210298611515,0.007534679998472837,4.0321236893651014e-14,0.00019464563992641613,VILA MATILDE
1836987579,5337952831,0,134.869,0,4,26.21216795201371,0.03814368282030494,0.00027889674944484656,1.3872014861491795e-11,0.00016863831567287508,VILA MATILDE
1836987579,1836987639,0,113.22099999999998,0,4,25.930419880034275,0.03855813461640142,0.020463981297129827,1.0898591542450355e-11,0.00016931997512731664,VILA MATILDE
1836987580,1836987644,0,176.169,0,4,26.096829477292204,0.03831226399605976,0.005386362707118068,7.523812736638745e-13,0.00014791559495738857,VILA MATILDE
1836987580,1836987609,0,65.056,0,5,25.714995715509854,0.038881150572820516,0.01220809596647607,7.774933762383904e-13,0.00017812683692915594,VILA MATILDE
1836987581,1836987604,0,52.053,0,5,27.17000856898029,0.03679898067958899,0.0003736674895474643,1.1964957009036864e-09,0.00017336752059370227,VILA MATILDE
1836987581,2976314027,0,41.691,0,4,26.883976006855185,0.03719050411811204,0.000841834945654396,8.918565941060286e-10,0.00015335162999943216,VILA MATILDE
1836987581,1836987587,0,55.822,0,5,27.28911739502999,0.03663836414790997,0.0005560334708592159,2.3913309537448813e-09,0.00017582364359919138,VILA MATILDE
1836987582,1836987604,0,186.885,0,5,26.407369323050556,0.03786172746565252,0.0006968357132973909,8.29366125036159e-10,0.0001735487598909994,VILA MATILDE
1836987582,1836987615,0,97.435,0,5,26.156469580119964,0.03822490712409008,0.0061602334934417295,4.270888086842845e-10,0.00017629782293371998,VILA MATILDE
1836987583,1836987621,0,61.141,0,5,25.96229648671808,0.0385107927916034,0.004049689111356432,7.005712004412202e-12,0.00017130706235354934,VILA MATILDE
1836987583,1836987666,0,149.55100000000002,0,5,25.79880034275921,0.03875484933836425,0.0157518447124561,6.3438903747989775e-12,0.00017710707436952776,VILA MATILDE
1836987587,1836987599,0,68.799,0,5,27.320994001713796,0.03659561655521961,0.000494974036878815,4.343826808750557e-09,0.000175471696313125,VILA MATILDE
1836987587,1836987611,0,51.778,0,6,27.25278491859469,0.036687209156080994,0.0002577764130791203,2.8471053186222996e-09,0.0002005079371063418,VILA MATILDE
1836987588,1836987624,0,70.384,0,5,26.862724935732647,0.03721992548359108,0.002179320862045483,4.2298452911193726e-14,0.00018882250558939078,VILA MATILDE
1836987588,1836987613,0,97.086,0,5,26.45089974293059,0.03779941817145153,0.005449182169128946,7.176971470532576e-14,0.00018999448173338557,VILA MATILDE
1836987591,1836987615,0,178.36299999999997,0,5,26.40377035132819,0.03786688821673828,0.0013587416395283883,2.660215185155081e-10,0.00017682672177972468,VILA MATILDE
1836987591,1836987646,0,99.038,0,5,26.652784918594687,0.03751310129308959,0.024658128093756965,8.214149574613628e-11,0.00018130609626266483,VILA MATILDE
1836987594,1836987635,0,91.203,0,5,26.51139674378749,0.03771316276002948,0.002656559231847951,5.053401732765976e-13,0.00017714979655353427,VILA MATILDE
1836987594,1836987609,0,69.6,0,5,26.11345329905741,0.03828787441262174,0.0028221372534843817,6.148277415995247e-13,0.0001781640041064879,VILA MATILDE
1836987598,6928838058,0,27.566,0,5,27.040102827763498,0.03697576990600777,0.019228035459420117,1.5089000470402026e-12,0.00018269264712202955,VILA MATILDE
1836987598,1836987610,0,61.251999999999995,0,5,27.343101970865465,0.03656602756554495,0.02474071402441782,1.4781695287686582e-12,0.00018461638485936255,VILA MATILDE
1836987598,1836987600,0,26.193,0,5,27.041816623821767,0.036973426537971595,0.0010707739763880055,1.5045906557844546e-12,0.0001835261215971516,VILA MATILDE
1836987599,1836987626,0,50.682,0,4,27.309511568123394,0.03661100338247014,0.041701427220268594,3.383921256285644e-09,0.0001478155796312392,VILA MATILDE
1836987600,6928838058,0,16.541,0,4,27.662896315338475,0.03614330939887122,0.00015447630636726694,6.952960197254548e-13,0.00015457126010288004,VILA MATILDE
1836987600,6928838059,0,45.488,0,4,27.28311910882605,0.03664641921644252,0.0007068543343939533,4.5391519986444634e-13,0.00015873272468693077,VILA MATILDE
1836987602,1836987618,0,123.15099999999998,0,6,24.32030848329049,0.04111085272956613,0.0007199868512367447,5.729265719495108e-15,0.0002022338951146931,VILA MATILDE
1836987602,1836987603,0,42.86,0,5,25.28740359897172,0.039538603339839516,0.0014596047843518888,2.7934084029709354e-15,0.00017601133432066355,VILA MATILDE
1836987602,3402014919,0,85.656,0,5,25.310025706940873,0.03950326372525121,0.0009952281578490616,2.784701871337733e-15,0.00017800478914485856,VILA MATILDE
1836987603,5337928548,0,146.689,0,4,25.34635818337618,0.03944663817817926,0.0014911499021289028,1.7363418496444146e-15,0.00015013853709721817,VILA MATILDE
1836987604,1836987633,0,51.024,0,6,26.91808054841474,0.03714338467023627,0.0005602304607780461,1.0329130034661397e-09,0.00019768873145600455,VILA MATILDE
1836987604,1836987611,0,54.56,0,6,27.13401885175664,0.03684778970106173,0.0006141143958649631,1.652270063970795e-09,0.0001979382960545989,VILA MATILDE
1836987607,9501619145,0,129.748,0,4,26.431362467866325,0.03782735837434431,0.002587511978344615,2.845397573873969e-13,0.00015478333547423083,VILA MATILDE
1836987607,1836987613,0,17.951,0,4,26.4382176520994,0.03781755009172409,0.005808227887346292,1.8372974436663073e-13,0.00015575263880690152,VILA MATILDE
1836987607,1836987630,0,66.509,0,5,26.097857754927162,0.038310754460503936,0.0031068556341069605,6.326762856234499e-13,0.0001819317527973777,VILA MATILDE
1836987609,5338006203,0,110.822,0,5,26.293744644387317,0.038025341537178015,0.009348456577265365,3.581964465631232e-13,0.00017943852273453868,VILA MATILDE
1836987609,1836987701,0,254.108,0,5,25.8719794344473,0.038645230950630285,0.00043757004573094374,3.5050576798783407e-13,0.00018400913290008472,VILA MATILDE
1836987610,1836987634,0,66.947,0,4,27.300428449014568,0.03662318422076862,0.02327176755282724,5.738313194764129e-13,0.0001573553370744883,VILA MATILDE
1836987610,6928838043,0,208.21300000000002,0,4,27.53727506426735,0.03630819019168534,0.0013491291787465513,3.9890694794608774e-13,0.00016222609173686156,VILA MATILDE
1836987611,1836987643,0,51.35,0,6,27.572579263067695,0.03626170083164477,0.007127165816031581,1.5940803642743606e-09,0.0001979104383844987,VILA MATILDE
1836987611,1836987626,0,69.24600000000001,0,5,27.71962296486718,0.03606934414877832,0.007223425810621526,1.8871997715622996e-09,0.0001738171640462747,VILA MATILDE
1836987613,1836987651,0,70.99499999999999,0,4,26.948586118251928,0.03710133867531559,0.00048644467026957947,5.4815269723620606e-14,0.00015924068712361446,VILA MATILDE
1836987615,1836987633,0,104.304,0,6,26.630334190231363,0.03754472674852627,0.0022503989171224464,6.306356729392555e-10,0.0002005744307191811,VILA MATILDE
1836987618,3402014920,0,74.183,0,5,24.325278491859468,0.04110245318378447,0.007509362672188281,5.2040713428631974e-15,0.0001766717156892893,VILA MATILDE
1836987618,1836987654,0,67.575,0,6,23.809254498714655,0.04199327704477891,0.008993201688652124,8.238512905166107e-15,0.00019869433410363182,VILA MATILDE
1836987618,6928860159,0,76.593,0,5,23.839074550128533,0.04194074808951769,0.0019464556149361937,1.0284543308120232e-14,0.00017276234612795862,VILA MATILDE
1836987619,1836987635,0,75.265,0,5,27.10625535561268,0.036885530932886545,0.019140981765297285,2.969670891259673e-13,0.0001822368463040216,VILA MATILDE
1836987619,6928838059,0,42.037,0,4,27.86820908311911,0.03587703168912312,0.00015948561691554817,2.41356130222034e-13,0.00015848857548506914,VILA MATILDE
1836987619,6928838058,0,46.154,0,4,27.276263924592975,0.03665562934712265,0.0191730684301606,4.827407209990704e-13,0.0001543271109010184,VILA MATILDE
1836987620,5337952831,0,142.56199999999998,0,4,26.581319622964866,0.03761395726683086,0.0006571673892258665,2.5165794995446068e-11,0.00016534033022422967,VILA MATILDE
1836987620,9502613107,0,48.931000000000004,0,4,26.55904027420737,0.037645510156673466,0.01879899478029841,3.8546622717215507e-11,0.00015977412335013198,VILA MATILDE
1836987621,1836987649,0,60.751,0,5,26.29083119108826,0.038029555365791654,0.003952210635822311,2.744027326522184e-12,0.00017660229893010147,VILA MATILDE
1836987624,1836987660,0,88.901,0,5,27.005312767780634,0.03702340457937757,0.0009931973562754342,1.629696648576091e-14,0.0001886058380546611,VILA MATILDE
1836987624,1836987651,0,96.814,0,4,27.011825192802057,0.037014478409278365,0.0011407689372923675,2.534241018392468e-14,0.0001581528072164166,VILA MATILDE
1836987626,1836987647,0,41.16,0,4,27.96126820908312,0.03575762776272724,0.0347248114942286,1.244506325014981e-09,0.0001535373142099374,VILA MATILDE
1836987630,1836987644,0,23.608,0,5,26.230676949443016,0.03811676771900481,0.002918938795160627,7.377597154664845e-13,0.00018002883718120765,VILA MATILDE
1836987630,1836987657,0,68.19500000000001,0,5,25.902656383890317,0.03859946275687764,0.00016991039832683612,6.58932538352867e-13,0.00018185310714972106,VILA MATILDE
1836987633,1836987661,0,55.291,0,5,27.408911739503,0.03647823123722105,0.0006350993454591142,5.848716737219061e-10,0.00017208200195966105,VILA MATILDE
1836987633,1836987643,0,53.439,0,6,27.35629820051414,0.03654838871347667,0.002182705531334862,9.747232678027639e-10,0.0001976608737859043,VILA MATILDE
1836987634,1836987649,0,69.08,0,5,26.846272493573263,0.03724273530463204,0.022837717563157254,1.0527241835418567e-12,0.0001852693164636468,VILA MATILDE
1836987634,6928838050,0,155.81900000000002,0,4,27.113796058269067,0.036875272582470024,0.0003399561834252474,3.303854660966736e-13,0.00016155642045570745,VILA MATILDE
1836987635,1836987692,0,86.07900000000001,0,5,26.69922879177378,0.037447846459978174,0.016804612248224608,2.2944049927401165e-13,0.00017819263431460055,VILA MATILDE
1836987635,2510127910,0,275.24899999999997,0,6,26.697857754927163,0.03744976954975543,1.0018621096562449e-05,2.2823592693467116e-13,0.00021030795999134175,VILA MATILDE
1836987636,1836987645,0,31.625,0,2,27.5057412167952,0.036349815571727645,0.0005202913631633715,1.6399587158807507e-15,9.433441223446947e-05,VILA MATILDE
1836987638,6928860159,0,61.343,0,4,24.17240788346187,0.041362392410986486,0.0006830262625967238,1.3013761023189304e-14,0.00014475106715921963,VILA MATILDE
1836987638,1836987694,0,99.816,0,5,24.14241645244216,0.04141377572388923,0.0011387381357187399,1.0287965483252213e-14,0.00017571170063055542,VILA MATILDE
1836987639,1836987668,0,61.082,0,4,26.056212510711227,0.0383719859508807,0.020905071398921726,5.2992416453660765e-12,0.0001689901300271165,VILA MATILDE
1836987639,5337952831,0,94.63399999999999,0,4,26.4764353041988,0.037762962004013204,0.0006242684037331008,9.722229199955792e-12,0.0001692445509182086,VILA MATILDE
1836987643,1836987655,0,70.034,0,5,28.058440445586974,0.03563379163332743,0.0028669502748757624,8.723047080571602e-10,0.0001742476838672495,VILA MATILDE
1836987643,1836987669,0,52.005,0,5,28.058097686375323,0.035634226937618724,0.008005419803239697,8.229596868298112e-10,0.0001726209088851449,VILA MATILDE
1836987644,1836987657,0,71.26,0,4,26.39280205655527,0.03788262490097531,0.0025588099827706795,4.18001363942989e-13,0.00015232838816810153,VILA MATILDE
1836987645,1836987670,0,62.446,0,4,26.544815766923737,0.03766568316665483,0.0007094266830538816,2.5181457206273725e-15,0.0001662559632839253,VILA MATILDE
1836987645,1836987660,0,70.892,0,5,27.097686375321338,0.03689719507953072,0.0009737016611686099,6.797631580164635e-15,0.00019748073101990947,VILA MATILDE
1836987646,7308807499,0,17.364,0,5,27.146529562982003,0.03683080808080808,0.024148126125233305,3.6578365371227296e-11,0.00018365086785726028,VILA MATILDE
1836987646,8777268341,0,76.027,0,5,27.084490145672664,0.03691517230033283,0.008815574244345504,5.451323311207563e-11,0.00018166439711060238,VILA MATILDE
1836987647,1836987655,0,11.956,0,4,28.225192802056554,0.03542326982160856,0.03949678903193855,7.134555025170421e-10,0.00015320653433475501,VILA MATILDE
1836987649,3900853054,0,82.977,0,5,26.67249357326478,0.03748538237146125,0.019672781004044546,1.2958182968219009e-12,0.00018162181159302393,VILA MATILDE
1836987649,1836987718,0,129.53,0,5,26.37223650385604,0.03791216646521361,0.007858389769309065,1.0368959988558413e-12,0.00018337519695804362,VILA MATILDE
1836987651,1836987673,0,49.474000000000004,0,4,27.39828620394173,0.0364923781345977,0.0015815882655411152,3.05475099797242e-14,0.00016215647500388654,VILA MATILDE
1836987652,1836987668,0,249.582,0,4,26.252956298200512,0.038084420247281085,0.0005250299001685024,6.912828802162029e-12,0.00016632565779002996,VILA MATILDE
1836987652,9502613107,0,11.365,0,4,26.15835475578406,0.03822215233827325,0.018938984702107132,2.4716642259753834e-11,0.00016101387180702436,VILA MATILDE
1836987652,1836987693,0,61.921,0,4,26.245244215938303,0.038095611234091456,0.01851373485258953,6.685143149348144e-12,0.00016267879244385037,VILA MATILDE
1836987653,1836987704,0,92.072,0,4,26.51173950299914,0.037712675182293015,0.0007329839813079608,1.1393049694246028e-11,0.00015451651940939282,VILA MATILDE
1836987653,1897135036,0,89.20500000000001,0,4,26.16555269922879,0.03821163771647148,0.00035728569018686897,1.0038315490956034e-11,0.0001529547023681984,VILA MATILDE
1836987654,3900853793,0,78.034,0,6,23.97292202227935,0.04170658126134885,0.008547102276311945,6.916897559406337e-15,0.0002018569450163366,VILA MATILDE
1836987654,2477148584,0,261.612,0,5,23.675064267352184,0.04223129488070419,0.01800346211052272,1.0607950667067818e-14,0.00016737460605270772,VILA MATILDE
1836987654,1836987694,0,124.22200000000001,0,6,24.13624678663239,0.0414243618418717,0.01817973568711359,8.142448129226399e-15,0.00020113149940023352,VILA MATILDE
1836987657,1836987695,0,77.168,0,4,26.09597257926307,0.03831352203323045,0.002574514848273399,2.2571259788565405e-13,0.00015760091141705108,VILA MATILDE
1836987660,1836987700,0,62.364,0,6,27.096829477292204,0.036898361899943076,0.0002718566373229378,7.830523445965377e-15,0.00022235442643676212,VILA MATILDE
1836987660,1836987698,0,94.899,0,5,27.13401885175664,0.03684778970106173,0.0007293285384754312,1.0324518687775372e-14,0.00019171696408162213,VILA MATILDE
1836987661,1836987669,0,52.260999999999996,0,4,27.760754070265637,0.03601590280521533,0.012430401045402497,4.3310808864990976e-10,0.00014607033401754343,VILA MATILDE
1836987666,3900853054,0,22.704,0,4,26.039588688946015,0.03839648284531496,0.020271596694721516,1.7820934086652039e-12,0.0001511579683681539,VILA MATILDE
1836987666,2976314030,0,20.995,0,4,25.871293916023994,0.03864625494339523,0.0352291272183461,1.738751980483448e-12,0.0001557405719452426,VILA MATILDE
1836987668,2976314031,0,19.942,0,4,26.00119965724079,0.03845317268335124,0.021535026047060986,2.573337710757803e-12,0.0001659447781609613,VILA MATILDE
1836987670,1836987703,0,61.186,0,4,25.591088260497,0.03906940612359701,0.018435481298619084,2.313562093616116e-15,0.00015847130765740886,VILA MATILDE
1836987670,1836987700,0,71.816,0,5,26.543958868894602,0.037666899098680304,0.01757591068588834,3.551206602778994e-15,0.00019206429401925093,VILA MATILDE
1836987673,1836987698,0,39.269999999999996,0,4,27.100599828620393,0.03689322844206106,0.01900302264506219,2.108566304245929e-14,0.00016217568722096885,VILA MATILDE
1836987673,1836987695,0,41.086,0,4,26.627420736932304,0.03754883472462686,0.020171816644070615,7.22547543599696e-14,0.00016217908603964403,VILA MATILDE
1836987692,1836987697,0,58.178,0,5,26.825535561268207,0.037271525040408364,0.016743823587787355,1.2287739895689217e-13,0.00017997007804598244,VILA MATILDE
1836987692,5338006203,0,25.895000000000003,0,4,26.868894601542415,0.03721137900242378,0.0003417162114557246,1.500790801351622e-13,0.0001474695188073943,VILA MATILDE
1836987693,1897135036,0,15.536,0,4,26.60668380462725,0.037578099838969405,0.03706646109539271,3.9976521691368534e-12,0.00015678394681552048,VILA MATILDE
1836987693,1836987706,0,264.053,0,4,26.178577549271637,0.03819262595579763,0.018890787011426373,2.353669302994245e-12,0.00015804352163167087,VILA MATILDE
1836987694,5337920411,0,74.218,0,5,24.41610968294773,0.040949546564842634,0.002334880262585351,5.2947579140678225e-15,0.0001765231373540212,VILA MATILDE
1836987694,1836987703,0,57.29900000000001,0,5,24.610282776349614,0.040626458033022055,0.019533603402865272,4.9500986538864904e-15,0.00018188682105573157,VILA MATILDE
1836987695,1836987701,0,106.662,0,4,26.141045415595546,0.03824746120511627,0.017775335400418563,1.3310360977328168e-13,0.00015872707957335545,VILA MATILDE
1836987697,1836987749,0,152.148,0,5,26.457926306769494,0.03778937959088495,0.02475628350314896,8.820775518089796e-14,0.0001852887266999663,VILA MATILDE
1836987697,5338006209,0,144.88400000000001,0,5,26.980976863753213,0.037056798404410736,0.0010351672554637364,8.829189050169808e-14,0.000181203855078761,VILA MATILDE
1836987697,5338006203,0,58.582,0,5,26.441645244215938,0.03781264785756415,0.009044784048622264,1.421473127726299e-13,0.00018020175891296687,VILA MATILDE
1836987698,1836987736,0,62.902,0,4,27.27095115681234,0.03666277038321833,0.01833096271096305,6.659013721142531e-15,0.00016246283231908073,VILA MATILDE
1836987700,11702850643,0,61.338,0,5,26.543958868894602,0.037666899098680304,6.633951807183243e-06,3.368689016831229e-15,0.00019361282557290303,VILA MATILDE
1836987700,1836987736,0,93.354,0,5,27.106769494430164,0.036884831318597947,0.017757870506885366,4.165752639341636e-15,0.00019417654861614872,VILA MATILDE
1836987701,1836987749,0,83.53,0,4,25.981491002570696,0.038482341921610534,0.017323820517215375,1.0771243340298172e-13,0.00015675638096648354,VILA MATILDE
1836987703,11702850643,0,73.27600000000001,0,4,25.591088260497,0.03906940612359701,0.000919005405452242,2.1305921224453234e-15,0.0001599226466062694,VILA MATILDE
1836987706,2976314031,0,38.914,0,4,25.963324764353043,0.03850926757142103,0.05073930654354052,1.3050093708963188e-12,0.000159581115457229,VILA MATILDE
1836987706,1836987753,0,72.344,0,5,25.85364181662382,0.038672641459404994,0.031714080467940005,1.3842009012472616e-12,0.00017786987194082286,VILA MATILDE
1836987708,1836987787,0,214.97000000000003,0,4,25.897172236503856,0.03860763682085898,0.00018236598131175162,3.1271958631974147e-13,0.00015229270141856749,VILA MATILDE
1836987708,2976314030,0,40.85,0,4,25.821251071122536,0.0387211532717848,0.0040289749353054315,6.49508825340342e-13,0.0001558850974407866,VILA MATILDE
1836987718,1836987752,0,62.486000000000004,0,5,26.659982862039417,0.03750297311022686,0.004993199522463779,4.873763887220971e-13,0.00018686277554592478,VILA MATILDE
1836987718,1836987727,0,31.675999999999995,0,4,26.507283633247642,0.037719014676407835,0.003426097641481207,3.110554676945763e-13,0.00015944075252941308,VILA MATILDE
1836987727,1836987744,0,63.336999999999996,0,4,26.67814910025707,0.037477435808488634,0.0008331701922735853,9.518013548399692e-14,0.0001684252736644999,VILA MATILDE
1836987727,6928838050,0,44.024,0,4,27.092202227934877,0.0369046640056173,0.0027162647981126002,1.47744059309777e-13,0.00016551111043012074,VILA MATILDE
1836987736,1836987759,0,61.007999999999996,0,4,27.111568123393315,0.03687830286480063,0.0006344224116012383,2.2781849302246484e-15,0.00017306548409339707,VILA MATILDE
1836987744,1836987842,0,259.786,0,4,26.790231362467868,0.03732064150050217,0.0013384336237921132,3.173109418091479e-14,0.00017410829012985685,VILA MATILDE
1836987744,7308854069,0,43.38099999999999,0,4,27.24164524421594,0.03670221131766852,0.0009505505232292561,5.0210511833377914e-14,0.0001707358762601031,VILA MATILDE
1836987748,6928838043,0,60.88,0,4,27.76606683804627,0.03600901151127982,0.0003020478873842003,1.0608570876399065e-13,0.00016838069591222323,VILA MATILDE
1836987748,6928838032,0,104.72300000000001,0,4,27.941388174807198,0.03578306897778432,0.0024993751900491807,4.093127200215308e-14,0.00016958155259667255,VILA MATILDE
1836987748,6928838049,0,61.795,0,4,28.25107112253642,0.03539082168097304,0.0024184139006472303,5.4704293106084115e-14,0.00016977745481903793,VILA MATILDE
1836987749,1836987829,0,202.233,0,4,25.931619537275065,0.038556350827104444,0.009872809543575993,4.012475278682957e-14,0.00016112618473422216,VILA MATILDE
1836987752,1836987787,0,78.141,0,5,26.107112253641816,0.03829717399153182,0.003400780315196651,3.6616929604178965e-13,0.00018611569326361865,VILA MATILDE
1836987752,7308854066,0,167.52800000000002,0,5,26.343958868894603,0.03795286142716811,0.0015595202217743628,3.085122997423982e-13,0.0001953272313616497,VILA MATILDE
1836987752,3900853054,0,188.299,0,5,26.196401028277634,0.038166640498246716,0.0003728551689180133,7.462947712090844e-13,0.00018510939018090498,VILA MATILDE
1836987753,1836987760,0,16.142,0,6,26.271808054841475,0.03805709216156977,0.013020822756241805,1.0749375583666238e-12,0.00020001651495518973,VILA MATILDE
1836987754,1836987760,0,34.137,0,5,27.119794344473007,0.03686711660473699,0.030947791340824555,5.789469749289489e-13,0.00017441654534597134,VILA MATILDE
1836987759,5337901333,0,25.719,0,2,27.514310197086548,0.03633849488620084,0.0005202913631633715,6.61117738215286e-16,9.915376488030948e-05,VILA MATILDE
1836987759,11702850643,0,92.838,0,4,26.549443016281064,0.0376591184900204,0.0007730584656942106,1.4818014309759027e-15,0.00017252665487862593,VILA MATILDE
1836987760,1836987766,0,27.337,0,6,26.58766066838046,0.03760498649598102,0.024306934808290978,5.705245772727492e-13,0.0002007404365474555,VILA MATILDE
1836987766,1836987796,0,83.132,0,5,26.55852613538989,0.0376462389252044,0.029853324679410896,2.843233904952864e-13,0.0001725297265973418,VILA MATILDE
1836987786,2510127910,0,60.656,0,5,26.832390745501286,0.03726200284862072,0.0006539181067080626,8.308107835287262e-14,0.00018614407716046716,VILA MATILDE
1836987786,7303896400,0,6.766,0,4,27.36401028277635,0.036538088169901485,0.0027204617880314304,3.226359525606387e-14,0.00016306988718467713,VILA MATILDE
1836987786,1836987902,0,165.002,0,4,26.839760068551843,0.03725177191750208,0.002245389606574165,2.974804671390506e-14,0.00016050659125075868,VILA MATILDE
1836987829,2494627121,0,61.008,0,4,25.710368466152527,0.038888148246900414,0.012328725579949544,1.1811275955305185e-14,0.00016713740376669725,VILA MATILDE
1836987829,1836987902,0,190.15200000000002,0,4,26.333847472150815,0.037967434171992345,0.0027831458632707334,2.0257580422882063e-14,0.00016349306298365086,VILA MATILDE
1836987842,1836987961,0,248.42699999999996,0,4,26.6426735218509,0.03752733822205069,0.0014375367405851363,1.1050993351400774e-14,0.0001749540433709788,VILA MATILDE
1836987842,1836987948,0,124.92099999999999,0,4,26.660325621251072,0.03750249095221871,0.0008119144691362839,2.384261064006541e-14,0.00018289300450454447,VILA MATILDE
1836987895,1836987902,0,28.247,0,4,26.84215938303342,0.037248442128920214,0.0007526150631863602,3.347241513128387e-14,0.00015809339589781268,VILA MATILDE
1836987895,5338006209,0,216.14700000000005,0,4,27.36658097686375,0.03653465594549235,0.000391944703710112,5.3428852769854984e-14,0.00015187776372789134,VILA MATILDE
1836987895,2510127910,0,168.19199999999998,0,5,26.83479005998286,0.037258671230864536,0.00017667973690559455,8.68068897992588e-14,0.00018355339172310332,VILA MATILDE
1836987899,7308854066,0,99.807,0,4,26.807883461868038,0.037296067099677796,0.0009965820255648133,7.764256852312477e-14,0.0001723440010272846,VILA MATILDE
1836987899,1836987915,0,63.304,0,4,26.6694087403599,0.03748971828089657,0.0005098665817520836,3.2610481737126424e-14,0.00017180634204875617,VILA MATILDE
1836987899,1836987985,0,171.869,0,4,27.264438731790918,0.036671527707935234,0.0005006602812849721,2.4769194821109632e-14,0.00018166750819258116,VILA MATILDE
1836987915,1836987985,0,181.08400000000006,0,4,27.012339331619536,0.03701377389494788,0.0005396516714986205,2.2232487485270768e-14,0.0001781433738713046,VILA MATILDE
1836987915,1836987927,0,62.92399999999999,0,5,26.28311910882605,0.0380407141273588,0.0012722294924918558,6.065179626626272e-14,0.00019305878170624365,VILA MATILDE
1836987920,2494627121,0,27.559,0,4,25.238560411311052,0.03961512083494605,0.012171541538150775,3.1733469383759598e-15,0.00016840229225620248,VILA MATILDE
1836987920,2476953725,0,111.559,0,4,24.817823479005998,0.040286716570449965,0.021970159130903576,1.3934257166201521e-15,0.00016302825271560247,VILA MATILDE
1836987927,1836988046,0,330.58399999999995,0,5,25.791945158526136,0.03876514990431639,0.02556549023685374,5.6778939527108325e-14,0.0001882551113403456,VILA MATILDE
1836987927,2351752176,0,15.04,0,6,26.2471293916024,0.038092875052235686,0.009369441526859517,7.968170931000259e-14,0.00021364520026332756,VILA MATILDE
1836987948,7308854066,0,243.80800000000002,0,4,26.528191945158525,0.03768928626802419,0.0004896939527873835,7.524145641933355e-14,0.0001792866086018504,VILA MATILDE
1836987948,1836988018,0,149.637,0,2,27.098543273350472,0.03689602833291171,0.0005202913631633715,1.7438920601424656e-14,0.00010256473726156366,VILA MATILDE
1836987961,2494507487,0,42.281,0,4,26.27712082262211,0.038049397692513386,0.0026086323147103416,3.499886904863511e-15,0.00017227330332307398,VILA MATILDE
1836987961,1836987973,0,39.299,0,4,26.70814053127678,0.03743535118902478,0.0013131162975075566,3.6782031554175085e-15,0.00017160711663157625,VILA MATILDE
1836987973,1836988017,0,150.726,0,4,26.570008568980292,0.03762996981346268,0.0006218314418447476,4.667150053494099e-15,0.000167881148096433,VILA MATILDE
1836987973,1984335291,0,67.008,0,4,26.775321336760925,0.03734142376179321,0.0004436624504518263,1.716743536034753e-15,0.00016895519291530546,VILA MATILDE
1836987985,2494627110,0,18.324,0,2,27.668723221936588,0.03613569778317342,0.0005202913631633715,8.270615614064646e-15,0.00010195916150954638,VILA MATILDE
1836988017,1836988046,0,58.251000000000005,0,4,26.2337617823479,0.03811228556123182,0.0005001187341986714,1.452930063304557e-14,0.00016269371855584042,VILA MATILDE
1836988031,1984335291,0,65.958,0,4,26.44421593830334,0.03780897201591684,0.00011941113252929838,6.612905934530515e-16,0.0001673820867199649,VILA MATILDE
1836988082,1984335291,0,101.143,0,4,26.514995715509855,0.03770804382251236,8.637676026495733e-05,7.473622324209459e-16,0.00016558351850261282,VILA MATILDE
1836988082,5337969837,0,35.459,0,4,25.66649528706084,0.0389546219385166,0.004943647964067268,1.2460163522147676e-15,0.00015990006210387227,VILA MATILDE
1874821606,12417758850,0,117.37599999999999,0,5,21.981491002570696,0.04548502284386646,0.0015086147956620995,6.010679921691426e-10,0.00016909388518762897,VILA MATILDE
1984335298,2477132062,0,19.622,0,6,24.62947729220223,0.040594796573726805,0.0007180914364346923,1.068781847567221e-15,0.00019727293371946082,VILA MATILDE
2026734143,2026734150,0,85.658,0,4,24.43993144815767,0.04090963276697497,0.0009543413528333609,1.3799496402800868e-11,0.00015815566424369053,VILA MATILDE
2026734144,2026734998,0,80.817,0,4,24.557669237360756,0.04071349812274066,0.002106888939252768,5.725492465491144e-12,0.00015703288706107632,VILA MATILDE
2026734144,2026734150,0,15.440999999999999,0,4,24.682776349614397,0.04050713769927234,0.0027070584976454887,6.5837221333232744e-12,0.00015999655685760476,VILA MATILDE
2026734150,2960107458,0,78.629,0,4,24.41096829477292,0.04095817127451944,0.0023176861425953047,1.0253794139652145e-11,0.00015811735471509274,VILA MATILDE
2026737280,12417758850,0,171.254,0,5,22.316709511568124,0.04480179391481976,0.014032568100223037,3.1266411514218264e-10,0.000169082171243385,VILA MATILDE
2026737281,2449984078,0,43.613,0,5,24.189031705227077,0.041333966261167754,0.003853107519029288,2.6937800536530428e-11,0.00018354193703948735,VILA MATILDE
2026737281,2449984085,0,75.884,0,5,23.992973436161098,0.041671726226615906,0.004882723916858442,2.6368983460686836e-11,0.00018387276756531742,VILA MATILDE
2026737283,2449984078,0,102.06400000000002,0,4,24.55132819194516,0.04072401348625198,0.0038889850134967074,1.2782986528119117e-11,0.0001531737888941038,VILA MATILDE
2026737283,2449984086,0,161.255,0,4,24.39348757497858,0.040987522482014385,0.001550855468393552,8.252309831725069e-12,0.00015620150159892252,VILA MATILDE
2061326895,2413913540,0,104.893,0,5,21.76401028277635,0.04593953997464427,0.006523746975121056,2.3006018384008672e-11,0.00019381656508278019,VILA MATILDE
2301565191,5337763137,0,19.726,0,4,31.035132819194516,0.0322160251808493,0.03438837536686431,1.7964855336180128e-06,0.0001692424081119804,VILA MATILDE
2343295196,5332053590,0,145.61700000000002,0,4,24.79331619537275,0.040326538512051646,0.03230396063169302,3.994069856903373e-12,0.0001891152573239646,VILA MATILDE
2343295196,2477149658,0,185.255,0,4,23.84335904027421,0.041933211621120424,0.03868622843051802,1.5531797924078618e-11,0.0001744489460169422,VILA MATILDE
2343295196,2494629848,0,59.035,0,4,24.818166238217653,0.040286160177883355,0.006720328567448201,3.886211255944035e-12,0.00019225486341418877,VILA MATILDE
2343342276,8944059820,0,124.712,0,5,22.41113967437875,0.044613019905329246,0.0011446951536680473,5.422533384310928e-10,0.00018853197569779635,VILA MATILDE
2343342276,3900853835,0,62.244,0,5,22.622450728363326,0.044196300056059755,0.0004729059931120626,4.1839734335616944e-10,0.0001949854954079145,VILA MATILDE
2363551370,2363551372,0,13.79,0,6,22.980805484147385,0.04350711819408918,0.05633199869053915,3.6534194911030966e-14,0.00018647991667744681,VILA MATILDE
2363551370,2363551374,0,7.759,0,6,22.56058269065981,0.044317499867062696,0.0007608736562524454,4.7659538868981617e-14,0.00018771023492736316,VILA MATILDE
2363551370,2477132028,0,187.72900000000004,0,5,22.990745501285346,0.043488307951487504,0.0006272469127077545,2.460724604630812e-14,0.0001643821068322236,VILA MATILDE
2363551370,2492723688,0,29.309,0,6,22.97892030848329,0.043510687489745084,0.05616466064087224,3.390218587625799e-14,0.00018931834450012993,VILA MATILDE
2363551372,2477144834,0,92.84700000000001,0,5,23.589545844044558,0.04238439463838135,0.012127134677074118,2.3761503454125506e-14,0.0001644590350568127,VILA MATILDE
2363551374,2492723686,0,29.462,0,6,22.588174807197944,0.04426336474408583,0.04834444994114737,5.402724978951944e-14,0.00018948081410855093,VILA MATILDE
2363551374,2477148521,0,406.73199999999997,0,5,22.232219365895457,0.04497205627288495,0.0005856831738341778,7.218869077661165e-14,0.00016643682884370401,VILA MATILDE
2368045744,2368045749,0,33.44799999999999,0,6,21.546700942587833,0.046402863392324516,0.03307647755030092,1.8304700377954066e-11,0.00019320666589992154,VILA MATILDE
2368045749,2368045750,0,20.889,0,6,21.71739502999143,0.04603814679492744,0.00958118643760308,3.4506251597131764e-11,0.0001932899589004549,VILA MATILDE
2368045750,2368045751,0,42.431,0,5,22.670437017994857,0.044102750185210385,0.010641535632579798,4.732288194502327e-11,0.0001643125226456426,VILA MATILDE
2368045751,2843192464,0,36.33,0,5,22.980976863753213,0.04350679374170358,0.03109251979963841,1.0145030425720224e-10,0.00016123698281049768,VILA MATILDE
2413894428,2527914888,0,196.765,1,4,19.766409597257926,0.05058220692405733,0.010750386596926233,4.7760059574095236e-09,0.00015568708622299695,VILA MATILDE
2449984059,5328040718,0,103.27699999999999,0,5,22.652956298200515,0.04413678317445907,0.002296836579772729,5.81704726460864e-10,0.00017470149274187522,VILA MATILDE
2449984078,2449984085,0,109.87400000000001,0,4,24.544815766923737,0.04073481870422221,0.00021878502286547187,1.321377336379619e-11,0.00015389492769127163,VILA MATILDE
2449984085,11684373466,0,119.178,0,4,24.29083119108826,0.041160741373106526,0.0048790684740259126,8.982504091003954e-12,0.00015502865925289021,VILA MATILDE
2449984102,2494627940,0,261.92099999999994,0,5,23.33453299057412,0.042847595055707746,0.0013821635510108924,1.7001892929491803e-11,0.00018452075735378123,VILA MATILDE
2449984102,11684373466,0,73.348,0,5,23.79725792630677,0.04201444651692029,0.005616249445252704,7.543543519579368e-12,0.00018555990282361477,VILA MATILDE
2476953725,2477144823,0,265.243,0,4,24.592459297343616,0.04065590221398357,0.016351201950219368,1.726889755311026e-15,0.00015508924794132716,VILA MATILDE
2477131996,2477149351,0,156.33100000000002,0,4,22.326992287917736,0.04478116028799951,0.011641773100977141,4.304169480359101e-13,0.00015978256373155208,VILA MATILDE
2477132028,2477144834,0,105.583,0,4,23.429991431019708,0.04267302543996957,0.0002935185207749647,1.1831456168307628e-14,0.00014120818725020333,VILA MATILDE
2477132028,8812225714,0,208.768,0,5,23.24147386461011,0.04301915731414161,0.0008545613021824619,9.93768759269313e-15,0.00017188084884193057,VILA MATILDE
2477132061,7292425423,0,154.89000000000001,0,4,21.293916023993145,0.04695372233400402,0.004073517183153662,1.174975295537106e-11,0.00015052928293361598,VILA MATILDE
2477144823,5337920411,0,90.58600000000001,0,4,24.494430162810627,0.04081861115969914,0.0012550353725018094,2.6478596516199267e-15,0.0001491710228293889,VILA MATILDE
2477144823,8812225715,0,110.403,1,5,24.22827763496144,0.04126701185524715,0.015357869207172359,3.983992623465012e-15,0.00017825249908832693,VILA MATILDE
2477144831,2477144834,0,6.43,0,4,23.996572407883463,0.041665476360519926,0.011688346150399,8.977835335943027e-15,0.00014338696796853035,VILA MATILDE
2477144831,2477148584,0,15.526,0,4,23.78337617823479,0.04203896927422609,0.0011668985842063749,9.378473202717902e-15,0.00014108131310342403,VILA MATILDE
2477144831,8812225715,0,296.137,0,5,24.227763496143957,0.04126788758497266,0.010520229085248448,6.080174023102522e-15,0.00017453407145937158,VILA MATILDE
2477148521,2477148543,0,101.50500000000001,0,4,22.575321336760926,0.04428856650496861,0.014809823555836078,5.944999897823041e-14,0.00014918549043693258,VILA MATILDE
2477148543,2525560914,0,150.266,0,4,23.461696658097686,0.04261535876814294,0.0009338979503255105,4.0131450766637563e-14,0.00015128857268255483,VILA MATILDE
2477148543,2525560913,0,125.578,0,4,23.404798628963153,0.04271895845995006,0.01570811478523732,2.588495008154557e-14,0.0001566558662467358,VILA MATILDE
2477148562,2494628947,0,67.35499999999999,0,5,23.843530419880036,0.041932910218721024,2.125572313730141e-05,1.1871645553848723e-14,0.00018147007532065725,VILA MATILDE
2477149351,2525560912,0,176.719,0,4,23.242159383033417,0.04301788848088012,0.001364834044249271,1.191509249232017e-13,0.00016590838624104055,VILA MATILDE
2477149658,2494629952,0,124.973,0,5,23.80222793487575,0.04200567371801334,0.0033685582635617608,5.823947329481769e-11,0.00019012651846963966,VILA MATILDE
2477149662,2477149673,0,49.257999999999996,0,4,24.158697514995715,0.04138586609537052,0.011420686502994892,1.8357048739682585e-12,0.0001655553494415534,VILA MATILDE
2477149662,2477149663,0,38.075,0,4,24.094944301628107,0.041495369645930834,0.010706656669707455,7.215208577747127e-13,0.00016887114440470506,VILA MATILDE
2477149662,6943062316,0,26.317,0,4,24.135389888603257,0.04142583256408436,0.0010328656803469585,1.5439581643305606e-12,0.00016686092707172642,VILA MATILDE
2477149673,3900853851,0,136.44299999999998,0,4,24.136589545844046,0.041423773582226264,0.00036852279222760793,5.5462206057731024e-12,0.00015804152397062024,VILA MATILDE
2477149673,2494629845,0,57.364999999999995,0,4,24.513967437874893,0.040786079321024335,0.011235071239165336,2.617594692068012e-12,0.00016398731919920075,VILA MATILDE
2494507275,2494629951,0,117.263,0,6,23.390402742073693,0.0427452503242162,0.0007589782414503931,1.8210747066535286e-10,0.00018422439362978407,VILA MATILDE
2494507308,2494629157,0,49.285,0,4,25.240102827763497,0.03961269996469214,0.006093217041512021,1.2716683303339798e-13,0.00018376549874747465,VILA MATILDE
2494507308,2494629775,0,111.684,0,4,25.5617823479006,0.039114198172346515,0.00046897977673638274,9.453936388843858e-14,0.00019353689241248225,VILA MATILDE
2494507401,8777406422,0,91.49,0,4,25.16829477292202,0.039725719577548224,0.00021377571231719064,5.533290785184321e-12,0.00014924231492014742,VILA MATILDE
2494507401,7950380935,0,111.58500000000001,0,5,25.22159383033419,0.03964176994998913,0.025846823948186944,5.937921278745718e-12,0.0001783649720590006,VILA MATILDE
2494507404,7950380935,0,20.632,0,5,24.878491859468724,0.040188473885069506,0.016484964080535635,4.50810889519119e-12,0.00017746998996640402,VILA MATILDE
2494507487,2494627121,0,172.32899999999998,0,4,25.743273350471295,0.03883844166910766,0.0003958709200857919,3.542411232251848e-15,0.00017024255954534753,VILA MATILDE
2494624990,5348106066,0,97.24900000000001,0,5,25.60719794344473,0.039044827263114215,0.019163320582607186,5.463828911030371e-11,0.00016588955194567456,VILA MATILDE
2494625155,2494625168,0,98.03399999999999,0,5,23.11756640959726,0.043249734971198966,0.00018764606540318317,1.2214030708285473e-10,0.00017647950763092737,VILA MATILDE
2494625160,2494625167,0,100.161,0,4,22.733504712939162,0.04398039954768187,2.2880364396203432e-05,6.511485538996498e-11,0.00015435766015690515,VILA MATILDE
2494625167,2494625168,0,62.328,0,5,22.91688089117395,0.04362847741549507,0.005322595537706164,7.306445760349178e-11,0.00018220403706726461,VILA MATILDE
2494627930,2494627939,0,21.374,0,4,23.830848329048845,0.04195522570530661,0.00024261309466270148,3.406978913508294e-11,0.00015843966075030665,VILA MATILDE
2494627930,8777414901,0,16.622,0,4,23.962125107112254,0.041725373518620504,0.001092842020154758,3.2384851389557586e-11,0.00015976283676382845,VILA MATILDE
2494627931,8777414901,0,25.680999999999997,0,4,24.4,0.04097658280303988,0.0005606366210927716,1.1343888549558939e-11,0.0001635555535042071,VILA MATILDE
2494627937,2494627939,0,29.108,0,4,24.322536418166237,0.041107086991446,0.0022713838667165974,1.2595866598941836e-11,0.0001641262770775097,VILA MATILDE
2494627937,8777414901,0,8.022,0,4,24.4541559554413,0.04088583642862149,0.0014908791285857526,1.0910936174156847e-11,0.0001654494530910315,VILA MATILDE
2494627939,2494627940,0,131.157,0,4,23.677463581833763,0.04222701544608347,0.0022379433341375306,2.091659459974497e-11,0.00015774896016998056,VILA MATILDE
2494628491,2494628707,0,54.403,0,4,24.55612682090831,0.04071605541403497,0.00181878588934081,1.2947212860072157e-14,0.00014266739121649593,VILA MATILDE
2494628491,2494628949,0,28.982999999999997,0,4,24.41610968294773,0.040949546564842634,0.008900461750123134,9.533203765224402e-15,0.0001469444850935978,VILA MATILDE
2494628706,2494628949,0,18.042,0,4,24.846272493573263,0.0402405882271793,0.006637742636787348,4.9818909032395275e-15,0.00015238537833324293,VILA MATILDE
2494628706,2494628947,0,52.2,0,5,24.283461868037705,0.04117323245867856,0.0017195473857762116,7.316578276045514e-15,0.00018500867175191908,VILA MATILDE
2494628827,2494628947,0,52.174,0,5,24.125449871465296,0.04144290057681926,0.0038158761568461166,1.3282326878129617e-14,0.00018799273532389433,VILA MATILDE
2494628946,2494629775,0,18.576,0,2,26.560925449871466,0.03764283824677545,0.0005202913631633715,2.2978545789551664e-14,0.00010966101844227542,VILA MATILDE
2494628947,2494628949,0,35.139,0,5,24.424164524421595,0.04093604182015928,0.002207616697304693,8.257438005022422e-15,0.00018382526197918995,VILA MATILDE
2494628948,2494629775,0,50.789,0,4,26.23873179091688,0.03810506652384343,0.0005713321760472099,3.6008581949899437e-14,0.00020346230337091184,VILA MATILDE
2494628948,2494629161,0,40.729,0,2,26.252956298200512,0.038084420247281085,0.0005202913631633715,1.8421688899306605e-14,0.00010971506793259961,VILA MATILDE
2494628948,2494629157,0,107.437,0,4,25.25381319622965,0.039591194114932546,0.0016105610346582012,6.86329961429947e-14,0.0001936909097059043,VILA MATILDE
2494629157,2843250718,0,25.270999999999997,0,4,24.26700942587832,0.041201146908854645,0.00705405695938099,2.083407946004362e-13,0.0001780437131419483,VILA MATILDE
2494629773,2494629774,0,61.44,0,4,24.189203084832904,0.04133367341155132,0.0014972423068497854,5.511560056005921e-14,0.00016922755607191658,VILA MATILDE
2494629773,2494629804,0,84.404,0,4,24.276092544987147,0.04118573112791297,0.0004006094570909228,2.2728411991578392e-14,0.00016856182622128736,VILA MATILDE
2494629773,2494629803,0,91.62,0,4,24.429648671808057,0.040926852196117774,0.0009911665547018065,2.3734791729867248e-14,0.00016927189839803026,VILA MATILDE
2494629774,2843250718,0,79.789,0,4,23.825878320479863,0.0419639774427437,0.006352076548763743,1.9761795147840839e-13,0.00017055148330843338,VILA MATILDE
2494629800,2494629804,0,37.31,0,4,24.006341045415596,0.04164852188439216,0.000477238369802468,3.0226872998344833e-14,0.0001637847302629986,VILA MATILDE
2494629800,2525560912,0,164.476,0,4,23.77172236503856,0.04205957839490152,0.0008251823727506504,4.719319387261586e-14,0.0001632347150299067,VILA MATILDE
2494629803,2525560912,0,59.291,0,4,24.12956298200514,0.04143583624534788,0.0008717554221725082,3.69775098729196e-14,0.00016770960412593552,VILA MATILDE
2494629803,2494629804,0,121.416,0,4,24.409083119108825,0.04096133457841561,0.00022162814506855038,2.000920867452799e-14,0.00016825961935902737,VILA MATILDE
2494629848,2494629850,0,51.923,0,3,25.772065124250215,0.03879505253358159,0.0005202913631633715,9.898476197429902e-13,0.0001787585204405419,VILA MATILDE
2494629850,2494629850,0,60.98300000000001,0,1,26.77172236503856,0.037346443637853444,0.0,1.742326754783335e-13,7.36605551985147e-05,VILA MATILDE
2494629952,9921183349,0,58.435,0,3,24.387489288774635,0.04099760367109156,0.0005202913631633715,5.2603818242909676e-11,0.00011777280563410123,VILA MATILDE
2510127910,5338006209,0,59.417,0,5,27.265295629820052,0.036670375189354655,0.0006904725350333579,9.501668580327871e-14,0.00018111162902857735,VILA MATILDE
2527914909,2527914930,0,71.145,0,4,25.71859468723222,0.03887570967827918,0.07441885905235217,4.200916003909209e-12,0.0001594753042458746,VILA MATILDE
2527914915,2527914953,0,114.162,0,4,23.128877463581833,0.04322858391932245,0.00014689464715905752,9.496779463386128e-11,0.0001488183008450764,VILA MATILDE
2527914951,2527914958,0,113.944,0,4,23.806855184233076,0.041997509232397257,0.0004734475401983633,1.3543364407477767e-10,0.00013611232624828753,VILA MATILDE
2527914953,6941297142,0,31.981,0,4,23.749271636675235,0.042099338274028154,0.027761328285031396,4.100282727011694e-11,0.00016903922875332884,VILA MATILDE
2843229576,3900853844,0,29.751,0,4,25.7280205655527,0.03886146693045037,0.038809565779423,1.130643460231745e-12,0.00018315264709311413,VILA MATILDE
2843229576,2843250709,0,90.97200000000001,0,4,26.326478149100257,0.03797806203821241,0.03812721645068415,1.384538522949162e-12,0.00017811194431565107,VILA MATILDE
2843229576,6727818522,0,127.381,0,2,26.670608397600684,0.03748803197470811,0.0005202913631633715,4.427030247825722e-13,0.00010260333777339968,VILA MATILDE
2843229577,3900853844,0,51.406,0,4,25.33744644387318,0.03946051243202294,0.036478070186127025,1.9116012845154096e-12,0.00017784919628097183,VILA MATILDE
2843229577,2843229578,0,93.807,0,2,25.354927163667522,0.039433306747056356,0.0005202913631633715,1.3405548224718086e-12,9.72998869612574e-05,VILA MATILDE
2843250702,6941297159,0,15.619,0,4,25.79845758354756,0.03875536423665086,0.006752956779397816,3.4154134408033808e-12,0.0001821974327473617,VILA MATILDE
2843250702,2843250707,0,59.44,0,4,25.887060839760068,0.038622716830739284,0.00016043332431657436,2.02529714548811e-12,0.0001726930594459356,VILA MATILDE
2843250702,5332048823,0,97.065,0,4,25.49700085689803,0.0392135775499916,0.0072013577668547735,1.702519264612707e-12,0.00018581104273497504,VILA MATILDE
2843250704,2843250709,0,29.495,0,5,26.032390745501285,0.03840709945424262,0.037592980250048535,4.1978913759543225e-12,0.00019595464356883573,VILA MATILDE
2843250704,2843250706,0,108.418,0,5,25.796401028277636,0.03875845391371361,0.002198816557152307,4.545278165940525e-12,0.00019809606689713143,VILA MATILDE
2843250704,2843250707,0,57.06,0,5,26.098886032562124,0.03830924504389738,0.00018994764051996103,4.2938046515733335e-12,0.0001952825334649703,VILA MATILDE
2843250706,8961863757,0,81.471,0,2,26.420222793487575,0.03784330768931384,0.0005202913631633715,1.5484249238590235e-12,9.403495870566785e-05,VILA MATILDE
2843250707,2843250709,0,86.033,0,4,26.41233933161954,0.037854603026291886,0.00020619405310898123,2.0948301280393883e-12,0.00016656737098386408,VILA MATILDE
2843250712,2843250714,0,104.353,0,4,24.43221936589546,0.040922545979994666,0.0012869866505935492,3.7061802174130977e-13,0.00016937551075290805,VILA MATILDE
2843250712,2843250713,0,49.233,0,4,24.43873179091688,0.04091164095371669,0.000158537909514522,4.108955865381449e-13,0.00016940839519919532,VILA MATILDE
2843250713,2843250715,0,103.672,0,4,24.51259640102828,0.04078836056519216,0.0026129646914007467,1.8821572631563436e-13,0.00017068128499581406,VILA MATILDE
2843250714,2843250715,0,48.818,0,4,24.508826049700087,0.04079463530267326,0.00020321554413432752,1.4793916769833045e-13,0.00017064840054952678,VILA MATILDE
2843250714,2843250716,0,103.419,0,4,24.492887746358182,0.040821181673150665,0.0011654093297190481,1.7861014049852072e-13,0.00017064997311012887,VILA MATILDE
2843250715,2843250717,0,104.327,0,4,24.43324764353042,0.04092082374726446,0.002085227055800741,1.0303573017733187e-13,0.00017093270740098251,VILA MATILDE
2843250716,2843250717,0,48.187,0,4,24.420736932305054,0.04094178743113793,0.00013985453503714877,1.3371230125757987e-13,0.00017093427996158465,VILA MATILDE
2843250718,2843250719,0,40.928,0,4,23.70916880891174,0.04217054711839414,0.00449863164589969,7.902527450287922e-13,0.00016698721819440786,VILA MATILDE
2843250719,6943083791,0,121.52099999999999,0,4,24.026392459297345,0.04161376378447009,0.0007696737964048314,9.4968122782809e-13,0.0001597429119941673,VILA MATILDE
2873499263,8792957536,0,17.609,0,5,25.782690659811482,0.03877906435702796,0.008577158139601634,3.08268607637407e-10,0.0001829011362781689,VILA MATILDE
2873499263,2903587580,0,18.79,0,5,25.828449014567266,0.038710362353940375,0.0020237614615056148,1.4063613184590655e-10,0.00018698293741969713,VILA MATILDE
2873499263,2903587585,0,25.191,0,5,25.783890317052272,0.038777260068195867,0.006528891672440913,1.6948554398628236e-10,0.00018711972990060428,VILA MATILDE
2903440184,2903440191,0,44.379,0,4,24.858611825192803,0.04022061358152361,0.03262469189355459,1.490907695327068e-09,0.00014599648200030706,VILA MATILDE
2903440184,2903440185,0,85.275,0,4,25.296829477292203,0.039523870819134596,0.02322167444734443,6.625774780044531e-10,0.00015334737931558347,VILA MATILDE
2903587569,2903587570,0,110.472,0,2,25.2942587832048,0.03952788769038972,0.0005202913631633715,9.10439087393835e-12,9.6325775302214e-05,VILA MATILDE
2903587580,2903587585,0,20.109,0,4,26.56743787489289,0.037633610930132046,1.6246412589020186e-05,1.0940407700194586e-10,0.00015622464131592425,VILA MATILDE
2960107458,2960107465,0,89.996,0,4,24.213710368466153,0.041291838598030955,0.0005030972431733251,1.2554651049090732e-11,0.00015900926836454423,VILA MATILDE
2960107465,13481866426,0,102.005,0,4,23.842330762639246,0.04193502012650949,0.00034144543791257427,1.810351161026117e-11,0.0001591999636640271,VILA MATILDE
2975016246,2975016250,0,127.161,0,4,25.20428449014567,0.03966899440391114,0.0005507533867677843,1.0632182604845365e-12,0.0001781397173098547,VILA MATILDE
2975016251,2975016252,0,143.841,0,2,23.883804627249358,0.04186220059987658,0.0005202913631633715,8.316093331890143e-12,8.943947782486418e-05,VILA MATILDE
2976314030,2976314031,0,21.06,0,4,25.873864610111397,0.038642415250308,0.03156718582078095,1.1030105409075563e-12,0.00016169508928364217,VILA MATILDE
2997919736,5332057483,0,48.127,0,4,24.944815766923735,0.04008161975362926,0.0015600617688606635,1.5681340506725915e-11,0.00020495022025359132,VILA MATILDE
2997919739,5332057483,0,16.103,0,2,25.944301628106256,0.03853750371569178,0.0005202913631633715,3.3497343363859398e-12,0.00012278971066613964,VILA MATILDE
3032933067,3032933068,0,113.896,0,4,27.088431876606684,0.03690980064658581,0.00014865467518953472,5.958379449077074e-09,0.00014735069374043302,VILA MATILDE
3085081393,3085081400,0,10.419,0,5,22.324421593830333,0.04478631691270737,0.0006112712736618845,3.000056007754485e-07,0.00018290210910395577,VILA MATILDE
3085081393,7288709525,0,155.16,0,4,22.27437874892888,0.044886936316562924,0.000954476739604936,2.6381927777703855e-07,0.0001508165586564051,VILA MATILDE
3085081394,3174980839,0,31.224,0,4,21.795201371036846,0.04587379595046196,0.041517842758012666,2.776794664131455e-07,0.00015414818531844017,VILA MATILDE
3085081400,3085081401,0,17.893,0,5,22.98508997429306,0.043499008335942974,0.04063809951631722,1.2450788135659892e-07,0.00018380863913317177,VILA MATILDE
3085081400,3174980839,0,69.168,0,5,22.750471293916025,0.04394760035857144,0.04080327137763893,1.6018249758006222e-07,0.00018677974367622274,VILA MATILDE
3085081402,11433161309,0,63.371,0,2,24.94995715509854,0.04007336021376122,0.0005202913631633715,8.457776311349848e-10,9.515835528361317e-05,VILA MATILDE
3134359432,3134359433,0,68.307,0,4,26.275064267352185,0.038052375827544595,0.00028282296582052643,5.4982874297485446e-05,0.0001527082554452626,VILA MATILDE
3134359433,13070061763,0,88.103,0,4,26.962125107112254,0.03708270829625486,0.01240196982337171,2.968869533588682e-05,0.00015225847938342185,VILA MATILDE
3134394120,6727818534,0,197.551,0,2,27.594687232219364,0.03623264913206844,0.0005202913631633715,1.2431848520396707e-07,9.51489140086697e-05,VILA MATILDE
3174980839,8792787071,0,88.31800000000001,0,4,22.76675235646958,0.0439161723525338,0.0006621766997741478,8.690535679100622e-08,0.0001615417548111105,VILA MATILDE
3174980841,6941597788,0,59.385999999999996,0,3,23.20822622107969,0.043080785703736524,0.0005202913631633715,8.710316826386024e-11,0.00010904831394193532,VILA MATILDE
3174980841,3174980842,0,113.29499999999999,0,6,23.08483290488432,0.043311061618411285,0.0007440856965771246,1.314474319861828e-10,0.0002015522457391946,VILA MATILDE
3393886054,3393886071,0,28.146,0,4,28.995715509854328,0.03448194337726816,7.310885665059084e-05,4.947868681929492e-09,0.0001678132236717602,VILA MATILDE
3393886054,3393886065,0,8.421,0,4,29.702142245072835,0.033661835302806496,0.001610290261115051,3.0889914694868033e-09,0.00016880335345272442,VILA MATILDE
3393886055,3393886069,0,8.325,0,4,30.19434447300771,0.033113109022385685,0.0055833504597599375,8.329954838293337e-09,0.00016962575125675588,VILA MATILDE
3393886055,3393886068,0,2.808,0,4,30.415938303341903,0.03287186508674363,0.02251698630129568,3.732878826056412e-09,0.00016866791745583852,VILA MATILDE
3393886064,8777164266,0,0.564,0,4,29.426221079691516,0.03397747259787306,0.0014923683830730793,2.248324204924922e-08,0.00016611371174119123,VILA MATILDE
3393886064,3393886073,0,43.795,0,4,29.229134532990575,0.03420657629344716,0.0004538164583199639,6.481855310909336e-08,0.00016423584662874778,VILA MATILDE
3393886065,3393886070,0,2.807,0,4,29.535904027420738,0.03385129567952095,0.0025288895062525675,1.6736466958554733e-09,0.0001682286337863289,VILA MATILDE
3393886065,3393886071,0,28.588,0,4,28.943444730077122,0.03454421647866892,0.00043215457486793697,4.18983375239272e-09,0.00016790970900114712,VILA MATILDE
3393886068,3393886070,0,8.425,0,4,30.08757497857755,0.03323061499991456,0.00040968037078645904,1.3245418447902387e-09,0.00016762633024211272,VILA MATILDE
3393886068,3393886087,0,23.788,0,4,30.209768637532132,0.03309620250292159,0.022347888223598296,1.2134470955368621e-09,0.00016525960331481186,VILA MATILDE
3393886070,3393886087,0,24.05,0,4,29.801542416452442,0.0335495594966991,0.00262379563312676,9.052421069449443e-10,0.00016519070186324554,VILA MATILDE
3393886072,8777164266,0,22.729,0,4,28.747557840616967,0.034779602007845384,0.000998612827138441,2.061657424229141e-08,0.00016216398773185383,VILA MATILDE
3393886086,5337490094,0,88.171,0,4,24.98234790059983,0.04002140328732541,0.008008262925442777,4.0203826445255813e-07,0.0001562871945580999,VILA MATILDE
3393913664,8792732701,0,23.442999999999998,0,5,23.32305055698372,0.042868689837607464,0.0010194623899610169,4.915187113711377e-06,0.00018028581398161906,VILA MATILDE
3393913703,5337478059,0,10.429,0,4,27.960582690659812,0.035758504443763404,0.0011559322557087863,3.4618668939049507e-09,0.0001643235276962242,VILA MATILDE
3402014919,3402014920,0,74.002,0,4,25.316880891173952,0.03949256721995072,0.00019197844209358855,2.255823693577227e-15,0.00015133079742624058,VILA MATILDE
3900844328,5337364305,0,76.259,0,4,22.5057412167952,0.04442549173399533,0.002241463390198485,1.521529755496008e-09,0.00016439774291416177,VILA MATILDE
3900853000,3900853001,0,49.623000000000005,0,2,25.180291345329906,0.03970679316939705,0.0005202913631633715,1.6020418921744177e-09,0.0001011761167319475,VILA MATILDE
3900853007,5337516105,0,50.148,0,5,29.78114824335904,0.03357253428323157,0.0011296672220232036,1.7420417903984905e-08,0.00017903737310738922,VILA MATILDE
3900853783,3900853784,0,99.156,0,4,23.150471293916024,0.04318826203149175,0.00020402786476377853,4.2331538842092036e-11,0.00015134683481916352,VILA MATILDE
3900853793,8812225715,0,75.744,0,6,23.99125964010283,0.04167470301237954,0.008461131676361713,5.398687319192156e-15,0.0002054551851336274,VILA MATILDE
3900853793,5337920415,0,120.42000000000002,0,3,24.649185946872322,0.04056233834858303,0.0005202913631633715,2.8795314280201617e-15,0.0001133561290964091,VILA MATILDE
3900853793,5337920411,0,118.29899999999999,0,5,24.614053127677806,0.04062023492059071,0.0012107638981967296,4.066755506641785e-15,0.00017729542047351728,VILA MATILDE
3900853835,3900853836,0,43.524,0,2,23.408740359897173,0.04271176513654001,0.0005202913631633715,9.605010051313627e-11,9.462046971119465e-05,VILA MATILDE
3900853838,6942963552,0,65.846,0,2,23.25535561268209,0.04299347802056082,0.0005202913631633715,4.362458534387569e-11,8.708526862459601e-05,VILA MATILDE
3900853840,3900853844,0,114.96600000000001,0,4,25.12185089974293,0.03979916226651931,0.0031953985827171206,2.684790880750781e-12,0.00017402699729127184,VILA MATILDE
3900853840,6943062356,0,54.516999999999996,0,4,24.147557840616965,0.04140495809114201,0.015510720872280724,7.700642894453603e-12,0.00016169143211008745,VILA MATILDE
3900853857,11642354776,0,84.08,0,2,24.517737789203085,0.04077980721510405,0.0005202913631633715,7.732610453310471e-11,8.364412203139049e-05,VILA MATILDE
4821532027,5337478040,0,91.107,0,4,27.577549271636673,0.03625516577074853,0.009838962850682201,4.47601023570171e-08,0.0001496683577572304,VILA MATILDE
4821532027,5337478023,0,28.524,0,5,26.96075407026564,0.03708459406544789,0.008087870347128975,2.373397425818983e-08,0.00018755811354643798,VILA MATILDE
4821532027,8839258811,0,23.439,0,4,27.772579263067694,0.03600056771550048,0.002081030065881911,1.5587673604951926e-08,0.00015856282714643983,VILA MATILDE
5257836904,5328040718,0,36.652,0,4,23.484490145672666,0.04257399731449588,0.0003258759591814299,1.624012513540308e-10,0.0001513048454411632,VILA MATILDE
5328039117,5328050322,0,104.42699999999999,0,4,21.11790916880891,0.047345057335075436,0.0003380607686231951,4.3960428464880605e-09,0.0001554679267465694,VILA MATILDE
5328089456,5337928573,0,46.299,0,6,25.072150814053128,0.03987805544922623,0.0002891861440845593,4.864008219109119e-15,0.00020782394782051114,VILA MATILDE
5328089456,5337928568,0,45.472,0,5,25.431362467866325,0.039314787859183783,0.0021219168708976116,3.156325759560268e-15,0.00017703761659161268,VILA MATILDE
5328089456,5337928583,0,35.57,0,5,25.605141388174808,0.03904796326787412,0.0017202243196340874,3.1487582626344497e-15,0.00017859792530830292,VILA MATILDE
5332048719,5332048823,0,53.036,0,2,25.80719794344473,0.03874223860278248,0.0005202913631633715,8.882155212308741e-13,0.0001041767477306521,VILA MATILDE
5332053590,11399706871,0,26.473,0,2,25.3866323907455,0.03938405870479508,0.0005202913631633715,1.0877763355343724e-12,0.00010406841267445722,VILA MATILDE
5332057472,5332057483,0,65.16999999999999,0,2,25.944301628106256,0.03853750371569178,0.0005202913631633715,3.3497336723266676e-12,0.00012278971066613964,VILA MATILDE
5337371126,5337371129,0,46.554,0,2,22.339845758354755,0.044755394965977004,0.0005202913631633715,4.974133495306512e-09,0.00010104616108513576,VILA MATILDE
5337375460,5337375461,0,31.169,0,2,27.062896315338474,0.03694462738740564,0.0005202913631633715,5.5649018931868124e-11,9.090404220304486e-05,VILA MATILDE
5337405488,7289246689,0,2.647,0,4,28.384233076263925,0.035224788977309775,0.0007595197885366938,3.604010610808136e-10,0.00014242456490964767,VILA MATILDE
5337476708,5337478023,0,46.5,0,5,26.73573264781491,0.037396716729806476,0.011242382124830395,2.4171917213416416e-08,0.00018701788859998346,VILA MATILDE
5337476708,5337478021,0,29.008000000000003,0,4,26.051413881748072,0.03837905400960463,0.00036283654782145086,3.204039923392471e-08,0.00015544801254867903,VILA MATILDE
5337478021,5337478023,0,43.870000000000005,0,5,26.27763496143959,0.03804865323159199,0.0020004749367946856,3.34440517565653e-08,0.00018877108169194353,VILA MATILDE
5337478035,5337478040,0,28.849,0,5,27.723221936589546,0.03606466170061509,0.009273046145497997,1.0584777255481386e-07,0.00017083542960509617,VILA MATILDE
5337478044,5337478045,0,28.882999999999996,0,4,28.44815766923736,0.0351456369167746,0.0001359283186614689,9.555343885329185e-09,0.0001668831380321686,VILA MATILDE
5337478044,5337478057,0,20.772,0,4,27.737617823479006,0.03604594405896854,0.00015149779739261326,1.7865140249465364e-08,0.00016449704925387647,VILA MATILDE
5337478044,5337478064,0,89.96,0,4,28.131619537275064,0.03554109705875186,0.0003338637787043649,5.433881288789686e-09,0.00016665478429065523,VILA MATILDE
5337478045,5337478076,0,2.818,0,4,28.72236503856041,0.034810107700110386,0.0017749205753504556,1.2122251783034832e-08,0.0001660888065296572,VILA MATILDE
5337478045,5337478057,0,21.003,0,4,27.996401028277635,0.035712755342527804,0.0013204271831726158,1.8866187749065274e-08,0.00016441135741942793,VILA MATILDE
5337478064,5337478065,0,31.81,0,4,28.75886889460154,0.03476592295957284,6.904725350333579e-06,1.6597596788861482e-09,0.00016656691009384755,VILA MATILDE
5337478064,5337478068,0,27.028999999999996,0,4,28.37892030848329,0.03523138334812882,0.000745981111379177,1.7916559911737293e-09,0.00016311827854311378,VILA MATILDE
5337478065,5337478068,0,21.919999999999998,0,4,28.54447300771208,0.03502704779745072,0.005391236630894774,1.1379494806645721e-09,0.00016334444992226795,VILA MATILDE
5337478065,5337478070,0,24.628,0,4,29.3662382176521,0.034046874270507496,0.004992657975377479,1.0662250066533257e-09,0.00016813139933142374,VILA MATILDE
5337478070,5337478071,0,27.282,0,4,29.109340188517567,0.03434734741217406,0.004405350160284399,2.127444350980483e-09,0.00016938402535539721,VILA MATILDE
5337478070,5337478073,0,19.893,0,4,29.251242502142244,0.034180723103333116,0.00045963808949769615,1.1324670300892777e-09,0.00016915444836742405,VILA MATILDE
5337478071,5337478073,0,19.885,0,4,29.079348757497858,0.03438277207416401,0.0001269927917375078,2.1335145318893257e-09,0.00016906875653297556,VILA MATILDE
5337478071,5337478084,0,0.642,0,4,28.69820051413882,0.034839418586596914,0.004413067206264183,7.75459550120495e-09,0.0001675654215704257,VILA MATILDE
5337478076,5337478084,0,37.32,0,4,28.960582690659812,0.03452377429949404,0.0014581155298645618,1.303440566427542e-08,0.0001656063382407485,VILA MATILDE
5337478076,5337478101,0,33.992000000000004,0,4,28.24438731790917,0.035399196631190614,0.0006353701190022645,2.741508182080518e-08,0.0001612622575657605,VILA MATILDE
5337478084,5337478101,0,35.004000000000005,0,4,28.22604970008569,0.03542219442741,0.0028397375337891537,2.6761375315523857e-08,0.00016148842894491474,VILA MATILDE
5337490105,5337490112,0,4.279,0,4,27.521165381319623,0.036329443413498065,0.005488985879972046,2.2757063903728493e-06,0.0001545347668633635,VILA MATILDE
5337516104,5337516115,0,18.268,0,4,30.275064267352185,0.033024822393931674,0.00022853287041888398,6.469714444644226e-09,0.0001538320584289802,VILA MATILDE
5337516104,5337516105,0,46.265,0,5,29.84198800342759,0.03350408894606267,0.004415368781380961,1.1542717286198626e-08,0.00018068573487365166,VILA MATILDE
5337521524,5337521527,0,90.483,0,2,22.920308483290487,0.043621953043218184,0.0005202913631633715,5.591847541512316e-11,9.054214998899785e-05,VILA MATILDE
5337533556,5337610412,0,74.338,0,4,26.299914310197085,0.03801642121725531,0.0017219843476645646,1.903414252952175e-11,0.00016157784397137427,VILA MATILDE
5337602336,5337602338,0,80.944,0,4,28.345844044558696,0.03527249422604868,0.01588100369253881,2.7276305400724738e-11,0.00015971833161830372,VILA MATILDE
5337602337,5337602380,0,46.087,0,5,28.01045415595544,0.035694837892572856,0.00034875632357763336,6.140865061000347e-11,0.00017960747619051115,VILA MATILDE
5337602337,5337602338,0,81.42999999999999,0,5,28.492716366752358,0.035090673964692794,0.01493695173434516,3.168930696064407e-11,0.0001830182736080304,VILA MATILDE
5337602340,5337602380,0,43.675,0,5,28.29254498714653,0.035338942496986436,0.00033359300516121453,8.307233641077622e-11,0.0001772023369683877,VILA MATILDE
5337610411,5337610414,0,11.565000000000001,0,4,27.56726649528706,0.036268689192129555,0.0008083944130753295,2.0254483410789806e-11,0.00015155048584265975,VILA MATILDE
5337610411,5337610412,0,11.96,0,4,26.654670094258783,0.0375104481450524,0.0022586575101885315,2.000257452634191e-11,0.0001561885222006951,VILA MATILDE
5337610412,5337610413,0,19.575999999999997,0,4,25.788174807197944,0.03877081754987573,0.0024468451226780153,5.3362337129331035e-11,0.00015292041364726208,VILA MATILDE
5337656998,5337656999,0,6.858,0,5,29.478491859468722,0.03391722429901109,0.0046234582492919955,4.8634774684020384e-08,0.00016990428814594468,VILA MATILDE
5337656999,5337657002,0,27.583,0,5,29.328877463581833,0.03409024507111386,0.035930836855420194,6.543820058914694e-08,0.000167380417778675,VILA MATILDE
5337688314,5337689323,0,30.680999999999997,0,4,26.9484147386461,0.037101574622879094,0.00018019979296654892,6.424644113495468e-09,0.0001459817626901518,VILA MATILDE
5337689321,5337689323,0,44.339,0,4,26.63924592973436,0.037532166752444675,0.08144042318655512,1.666158892182997e-08,0.00014453270153782572,VILA MATILDE
5337711913,5337711919,0,171.75,0,4,27.474035989717223,0.036391763509678064,0.0009612460781836945,4.522762132599585e-08,0.00017202599505728084,VILA MATILDE
5337763137,5337763160,0,36.615,0,4,31.65261353898886,0.03158755339942499,0.030243103194775803,2.681614050090765e-06,0.0001636724830519814,VILA MATILDE
5337860774,5337860775,0,50.47,0,2,25.700428449014566,0.038903188807831314,0.0005202913631633715,6.081698440424932e-11,9.166169098147221e-05,VILA MATILDE
5337928556,7302187077,0,43.081,0,2,25.54190231362468,0.039144641934553165,0.0005202913631633715,7.284869606598064e-16,9.467604789917e-05,VILA MATILDE
5337928560,5337928583,0,20.534,0,4,26.04610111396744,0.03838688239822607,0.001801185609036038,2.488377269349954e-15,0.0001540473113628714,VILA MATILDE
5337928568,5337928573,0,52.016,0,5,24.980634104541558,0.04002414895514606,0.0008869187405889271,4.312951860641912e-15,0.00017737030326428206,VILA MATILDE
5337928573,5337928583,0,48.039,0,5,25.39348757497858,0.0393734266489394,0.0003128788291102138,4.308249390648068e-15,0.00017893061198097235,VILA MATILDE
5337943908,5337943909,0,16.94,0,2,26.457754927163666,0.03778962437087465,0.0005202913631633715,4.754015225343176e-15,9.669816893855661e-05,VILA MATILDE
5337943908,5337950327,0,58.225,0,5,25.968808911739504,0.0385011351037432,0.0006807246874799459,9.938128662495979e-15,0.00020442698177706482,VILA MATILDE
5348106066,5348106069,0,17.907,0,6,25.97994858611825,0.03848462659885351,0.015474843377813303,9.424238368917094e-11,0.00018337369454710052,VILA MATILDE
5348106067,5348106069,0,94.11800000000001,0,6,25.455698371893746,0.03927720252602098,0.015350016774420999,1.089387496995314e-10,0.00018315894113038933,VILA MATILDE
5348106067,7950380942,0,15.538,0,5,25.45381319622965,0.039280111497882485,0.015360576942603862,8.487745565457327e-11,0.0001624190244899491,VILA MATILDE
5991648935,5991648937,0,39.622,0,2,23.272493573264782,0.042961817445414045,0.0005202913631633715,5.5487359651972935e-11,8.341487276877901e-05,VILA MATILDE
6047243388,6047243389,0,68.32,0,4,28.656383890317052,0.034890257759703364,9.734308876254596e-05,9.321977202273769e-06,0.00015401781737721637,VILA MATILDE
6100793660,13536766230,0,59.858,0,4,29.641131105398458,0.033731122366382205,0.019015072067732376,0.002837344582173755,0.00015211673171911915,VILA MATILDE
6100793660,6100793664,0,12.18,0,4,29.93641816623822,0.03339840507445085,0.031308461700300806,0.0017224690720266654,0.00016228681167167788,VILA MATILDE
6100793660,6100793669,0,17.401,0,4,29.711053984575834,0.033651738538566255,0.014417472691811239,0.0010332401959590432,0.00016046117623257094,VILA MATILDE
6100793665,6100793669,0,14.599,0,4,29.271808054841475,0.034156708684375384,0.00028268757904895126,0.0007522178975651532,0.000160541586945205,VILA MATILDE
6928838031,7303896400,0,47.122,0,4,27.615595544130247,0.036205216678975034,0.00019549849815454293,4.251357119125971e-14,0.00016747527292303573,VILA MATILDE
6928838031,6928838059,0,284.25399999999996,0,4,27.474035989717223,0.036391763509678064,0.00034767322940503203,1.3756561765244258e-13,0.00016498363222993453,VILA MATILDE
6928838031,6928838032,0,24.378,0,4,28.040102827763498,0.035657095358587895,0.0003350822596485414,4.382057790733445e-14,0.00016863724057588828,VILA MATILDE
6928838032,7303896400,0,44.887,0,4,28.066666666666666,0.03562334751998241,0.0023472004587986916,2.805481587356295e-14,0.0001682761596511767,VILA MATILDE
6928838043,6928838049,0,27.515,0,4,27.761096829477292,0.03601545812601089,0.0012018283712727684,1.082860575427144e-13,0.00016843317284194535,VILA MATILDE
6928838049,7308854069,0,13.931,0,4,27.615252784918596,0.036205666056412324,0.0035188375800101973,5.560320735468405e-14,0.00016982771074958869,VILA MATILDE
6928838050,7308854069,0,59.556,0,4,27.206169665809767,0.03675006929221156,0.002541345089237483,1.0277385212055566e-13,0.00016782171302572404,VILA MATILDE
6928860086,9501602407,0,45.345000000000006,0,4,25.094087403598973,0.03984319510462766,0.00439858082170564,1.226088612528934e-14,0.0001633960494806295,VILA MATILDE
6928860086,9501602404,0,56.08,0,4,24.59485861182519,0.04065193608852283,0.048614275776896684,2.4461188759329236e-14,0.00016174467068878323,VILA MATILDE
6928876904,6928876922,0,27.436999999999998,0,4,26.35355612682091,0.03793904001352643,0.0005094604214373581,1.067517901293407e-13,0.00016958165355118027,VILA MATILDE
6928876904,6928876928,0,57.797,0,4,26.0808911739503,0.03833567701830703,0.0037066190321849556,1.8002789453287832e-13,0.00016933694759003006,VILA MATILDE
6928876906,6928876922,0,41.224999999999994,0,4,26.582176520994,0.037612744750398115,0.00040805572952755707,1.1165638000734353e-13,0.00016884284996246417,VILA MATILDE
6928876906,6928876928,0,25.49,0,4,26.206341045415595,0.03815216396144238,0.0012194286515775402,1.8492958329877412e-13,0.00016859814400131402,VILA MATILDE
6928876906,6928876911,0,62.017999999999994,0,4,26.138646101113967,0.03825097201004465,0.0006777461785052922,1.772911760859392e-13,0.0001666005377467301,VILA MATILDE
6928876911,6928876922,0,96.18700000000001,0,4,26.329734361610967,0.037973365270708305,0.0004386531399035451,1.65596642917553e-13,0.00016675319261110475,VILA MATILDE
6941297140,6941297143,0,8.737,0,2,25.668894601542416,0.03895098078489498,0.0005202913631633715,2.4213486810625707e-12,0.00012360835373905445,VILA MATILDE
6941297141,6941297143,0,9.812,0,2,25.668894601542416,0.03895098078489498,0.0005202913631633715,2.4213522203125283e-12,0.00012360835373905445,VILA MATILDE
6941297142,6941297143,0,31.443,0,4,24.6694087403599,0.040529087296625126,0.0015600617688606635,1.1335256803492628e-11,0.0002071536621516186,VILA MATILDE
6941297159,6941297163,0,33.569,0,4,25.8649528706084,0.03865572944964949,0.0015600617688606635,3.052669117898719e-12,0.00020828674112165864,VILA MATILDE
6941297162,6941297163,0,32.248,0,2,26.864438731790916,0.037217551067277393,0.0005202913631633715,6.520768730452849e-13,0.000123637386382583,VILA MATILDE
6941297163,6941297164,0,35.134,0,2,26.864438731790916,0.037217551067277393,0.0005202913631633715,6.520761221668839e-13,0.000123637386382583,VILA MATILDE
6941297165,6941297167,0,32.187,0,4,25.255184233076264,0.03958904481420157,0.0015600617688606635,1.513568389737049e-11,0.00019994728456412044,VILA MATILDE
6941297166,6941297167,0,16.396,0,2,26.254670094258785,0.038081934254158074,0.0005202913631633715,3.2331600580181173e-12,0.00012094139802107631,VILA MATILDE
6941297167,6941297168,0,8.781,0,2,26.254670094258785,0.038081934254158074,0.0005202913631633715,3.233159842876349e-12,0.00012094139802107631,VILA MATILDE
6941297171,6941297176,0,50.232,0,2,25.00325621251071,0.03998793644700947,0.0005202913631633715,9.674688168898968e-12,9.02805038994183e-05,VILA MATILDE
6942936693,6942936694,0,55.796,0,2,24.869408740359898,0.04020315202635188,0.0005202913631633715,1.074217910191762e-11,9.627827585607982e-05,VILA MATILDE
6943083802,7288185363,0,141.173,0,4,24.289974293059124,0.041162193435497985,0.0032063649112147093,1.9311731926537467e-12,0.0001447382967711699,VILA MATILDE
6943125953,6943125954,0,57.908,0,2,24.240274207369325,0.04124658870773886,0.0005202913631633715,1.6051707304349935e-11,0.00010130600253285767,VILA MATILDE
6943966529,13070061763,0,24.351,0,4,27.859640102827765,0.035888066633448366,0.00022176353184012555,1.038569463162481e-05,0.00015242655329421214,VILA MATILDE
6944019786,6944019787,0,25.221999999999998,0,4,27.14567266495287,0.03683197070614603,0.00017464893533196703,0.00020134079283694683,0.00014825486309390148,VILA MATILDE
6944019799,8770160005,0,54.991,0,4,28.301285347043702,0.03532802867904419,0.028733946852027403,1.8479212916309726e-05,0.00016642765989498102,VILA MATILDE
7288185314,11697284885,0,21.061,0,4,23.305055698371895,0.04290179063867338,0.013294845581909945,1.5272020401843428e-12,0.00015084548014822336,VILA MATILDE
7288663973,7288663974,0,22.882,0,4,23.84884318766067,0.04192356889291309,0.0014815374413470659,1.8702715162203925e-08,0.00016852427846854025,VILA MATILDE
7288663973,8792787071,0,13.137,0,4,23.493573264781492,0.0425575372943794,0.0002853953144804546,3.027291096577633e-08,0.00016619387800606073,VILA MATILDE
7288663974,8792787071,0,23.821,0,4,23.229305912596402,0.04304169156651395,0.000519072882219195,2.5606766414572074e-08,0.00016860734804018048,VILA MATILDE
7291731615,7291731616,0,10.374,0,5,24.929220222793486,0.04010669453190524,0.0010472166781339263,6.615790131072541e-12,0.00017603236509170617,VILA MATILDE
7302221191,7302221192,0,119.47000000000001,0,4,25.249528706083975,0.03959791218412961,0.0,6.381154437889168e-14,0.00016331696028692696,VILA MATILDE
8699004669,13481866426,0,27.267,0,4,23.366066838046272,0.04278976976844823,0.03879372552714871,4.1778905342609096e-11,0.00015910865198400615,VILA MATILDE
8699004669,8789686704,0,15.933000000000002,0,4,23.455012853470436,0.04262750255735789,0.0005082419404931816,6.706199228266509e-11,0.00016005375076473955,VILA MATILDE
8769966262,8769966263,0,23.267,0,4,31.405998286203943,0.031835594311720346,0.00034753784263345686,3.4925728827163357e-07,0.00017011199430385033,VILA MATILDE
8770146446,8770146447,0,7.598000000000001,0,4,28.64644387317909,0.034902364315114384,0.00020863101499733424,2.0196407361475613e-06,0.0001557913880531242,VILA MATILDE
8770146446,13279684555,0,64.088,0,5,28.65775492716367,0.03488858854907965,0.015509637778108123,2.1023090600673806e-06,0.00018262385967160932,VILA MATILDE
8770146447,8770146449,0,4.22,0,4,28.592973436161095,0.03496763366099257,0.025691806094733375,1.4398231292079664e-06,0.00015895821597509074,VILA MATILDE
8770146448,8770146449,0,7.957,0,4,28.834618680377034,0.03467459138187221,0.03499436655643476,3.5833408798985057e-06,0.0001649448840930679,VILA MATILDE
8770146448,8770160005,0,4.416,0,4,28.450728363324764,0.035142461297512195,0.036282842461515634,7.42300880679836e-06,0.0001675836254292858,VILA MATILDE
8812225714,8812225715,0,13.41,1,6,23.508997429305914,0.04252961545471114,0.003741142658936624,6.805545381343186e-15,0.00020351319130872407,VILA MATILDE
8839258807,8839286418,0,15.256,0,4,28.42776349614396,0.035170850514842415,0.0012352689038518348,2.72236840130905e-08,0.00016034979502809854,VILA MATILDE
8839258807,8839258812,0,14.633,0,4,28.214053127677808,0.035437255890517466,0.0003311560432728615,2.6687763931552927e-08,0.00016109202718721374,VILA MATILDE
8839258808,8839258816,0,18.26,0,4,29.077977720651244,0.03438439323392468,0.0015060424470021714,2.2044438444250995e-09,0.00016899350659601556,VILA MATILDE
8839258808,8839258813,0,17.895,0,4,28.73967437874893,0.034789142257418186,0.0036876648841644324,1.318451659295182e-09,0.00016895665130660473,VILA MATILDE
8839258809,8839286417,0,19.128,0,4,27.170351328191945,0.03679851645336479,0.0007481472997243797,3.950486175590366e-09,0.00016092835154110586,VILA MATILDE
8839258809,8839258814,0,18.446,0,4,27.169151670951155,0.03680014129639442,0.0014212903279961161,4.545284588497836e-09,0.00015992344918555677,VILA MATILDE
8839258811,8839286418,0,3.27,0,4,28.392973436161096,0.03521394554332933,0.002885362875809985,1.1333806392296677e-08,0.00016312612829180728,VILA MATILDE
8839258812,8839286418,0,11.824,0,4,28.94361610968295,0.034544011937046294,0.0015324428674593292,1.2848724257192736e-08,0.0001646879349185897,VILA MATILDE
8839258812,8839258816,0,1.766,0,4,28.682776349614397,0.03485815348581535,0.0018853961809557928,7.753125048875161e-09,0.0001673117733696047,VILA MATILDE
8839258813,8839258816,0,11.984,0,4,28.85312767780634,0.03465234797277231,0.00044691173296963033,2.307453745457653e-09,0.00016915652437209366,VILA MATILDE
8839258813,8839286417,0,2.466,0,4,28.086889460154243,0.03559769841415122,0.004073787956696812,1.8334819019793094e-09,0.00016711689472248515,VILA MATILDE
8839258814,8839286417,0,9.111,0,4,28.1280205655527,0.035545644531369,0.003265935090707783,2.840300654434764e-09,0.00016410921800673827,VILA MATILDE
8944051316,8944059820,0,20.362000000000002,0,2,22.57172236503856,0.0442956281414666,0.0005202913631633715,2.384435987286354e-10,8.85521580741481e-05,VILA MATILDE
9501602404,9501602407,0,17.69,0,4,24.8719794344473,0.040198996747698584,0.012520162474956832,2.523032049380231e-14,0.00016101981656150882,VILA MATILDE
13279684540,13279684543,0,35.957,0,4,28.89477292202228,0.03460240449344903,0.001937113927697507,1.1952151522491167e-07,0.00013507790678049227,VILA MATILDE
13279684543,13279684557,0,96.405,0,5,29.48037703513282,0.033915055401178944,0.0024090722134085434,2.700621192603511e-07,0.00016469762497582066,VILA MATILDE
13279684553,13279684555,0,102.365,0,6,28.76126820908312,0.03476302272646018,0.0027453729540012615,1.0579963226964028e-06,0.00020232473502120447,VILA MATILDE
13279684553,13279684557,0,103.596,0,6,29.230505569837188,0.03420497185741088,0.002357354466666829,5.92625651269097e-07,0.00019458029644063178,VILA MATILDE
